Admission_ID,Patient_ID,Doctor_ID,Department_ID,Admission_Date,Discharge_Date,Admission_Type,Discharge_Status,Length_of_Stay,Room_Type,Readmission_30_Days,Patient_Satisfaction
700001,101026,2067,2,2025-03-13,2025-03-24,Emergency,Home,6,Semi-Private,0,2.4
700002,100161,2011,12,2024-04-02,2024-04-14,Elective,Home,6,General,0,4.0
700003,102188,2020,9,2021-10-08,2021-10-22,Elective,Home,2,Semi-Private,0,3.6
700004,102352,2030,3,2023-10-18,2023-10-28,Elective,Home,3,Private,0,3.6
700005,101484,2036,6,2022-01-20,2022-01-31,Emergency,Home,11,Semi-Private,1,4.1
700006,101738,2076,7,2025-12-02,2025-12-16,Urgent,Home,6,General,0,2.8
700007,100125,2068,12,2022-07-28,2022-08-06,Emergency,Home,4,Semi-Private,0,2.4
700008,101909,2036,3,2023-12-06,2023-12-07,Elective,Rehab,3,Semi-Private,0,4.9
700009,101371,2058,3,2022-12-29,2023-01-02,Urgent,Transferred,13,Semi-Private,0,4.6
700010,101618,2028,3,2021-07-15,2021-07-21,Elective,Home,4,Private,0,4.3
700011,101978,2039,3,2021-02-19,2021-02-26,Emergency,Rehab,6,Private,0,4.2
700012,102455,2066,3,2021-03-20,2021-03-31,Emergency,Transferred,15,Semi-Private,0,3.9
700013,100164,2043,7,2024-03-19,2024-03-24,Elective,Home,3,ICU,0,5.0
700014,100862,2005,5,2023-04-27,2023-05-03,Emergency,Home,1,General,1,4.1
700015,102288,2013,4,2021-11-14,2021-11-15,Emergency,Home,14,General,0,5.0
700016,101237,2009,6,2021-07-28,2021-08-11,Emergency,Transferred,6,Semi-Private,1,5.0
700017,102197,2057,8,2021-11-17,2021-11-28,Elective,Home,15,General,0,4.3
700018,101207,2027,2,2023-12-14,2023-12-19,Emergency,Home,2,Semi-Private,0,3.8
700019,100505,2061,12,2022-06-16,2022-06-18,Urgent,Rehab,9,General,0,4.0
700020,100525,2077,3,2025-06-29,2025-07-13,Elective,Home,6,Semi-Private,1,3.7
700021,101404,2050,2,2024-01-17,2024-01-28,Elective,Home,1,Semi-Private,0,4.3
700022,101768,2034,7,2022-07-17,2022-07-19,Emergency,Rehab,11,Private,0,4.5
700023,100701,2065,12,2024-02-22,2024-02-23,Urgent,Home,4,Semi-Private,0,3.1
700024,101018,2045,2,2021-07-16,2021-07-26,Emergency,Home,5,Semi-Private,0,5.0
700025,100050,2034,5,2021-07-10,2021-07-19,Emergency,Rehab,12,Semi-Private,0,3.4
700026,100695,2073,11,2022-09-05,2022-09-09,Emergency,Home,8,General,0,2.0
700027,100026,2008,10,2024-01-17,2024-01-21,Emergency,Home,3,Semi-Private,0,3.9
700028,100011,2048,9,2022-03-18,2022-03-27,Elective,Home,11,General,0,3.1
700029,100808,2036,8,2024-10-13,2024-10-18,Elective,Home,13,General,0,4.0
700030,101126,2066,8,2024-03-20,2024-03-24,Emergency,Home,9,Semi-Private,0,4.1
700031,102059,2011,3,2024-07-19,2024-07-26,Elective,Home,9,Private,0,4.3
700032,100973,2052,12,2025-10-02,2025-10-15,Elective,Home,15,Private,0,4.8
700033,102455,2036,1,2022-04-17,2022-04-30,Urgent,Transferred,12,Semi-Private,1,3.2
700034,101069,2031,2,2022-07-25,2022-07-30,Emergency,Home,10,Private,1,3.7
700035,100842,2024,7,2024-03-30,2024-04-07,Emergency,Home,11,Semi-Private,0,4.5
700036,100359,2021,4,2025-11-15,2025-11-18,Emergency,Home,5,General,0,3.5
700037,100285,2030,10,2024-04-05,2024-04-19,Emergency,Home,4,Semi-Private,0,2.6
700038,102448,2072,5,2025-10-22,2025-10-30,Elective,Rehab,7,General,0,4.5
700039,101475,2064,1,2021-11-15,2021-11-26,Elective,Home,13,General,0,3.6
700040,101636,2039,11,2024-07-11,2024-07-17,Emergency,Home,9,General,0,3.5
700041,102436,2001,2,2024-09-23,2024-10-07,Elective,Home,6,General,0,4.1
700042,100425,2042,9,2025-08-28,2025-09-10,Emergency,Home,7,Semi-Private,0,4.0
700043,101030,2077,6,2023-12-28,2024-01-06,Emergency,Home,1,Semi-Private,1,4.7
700044,101920,2005,7,2022-01-26,2022-02-01,Emergency,Home,4,General,0,3.1
700045,102489,2012,5,2022-02-12,2022-02-16,Elective,Home,15,General,0,5.0
700046,100356,2029,9,2023-12-08,2023-12-10,Elective,Transferred,2,General,0,2.9
700047,100554,2003,10,2024-04-24,2024-05-05,Elective,Transferred,1,General,0,3.7
700048,101887,2061,5,2024-09-15,2024-09-18,Urgent,Transferred,13,General,0,3.3
700049,100268,2051,6,2024-10-05,2024-10-12,Elective,Home,11,General,0,4.0
700050,101916,2036,10,2023-07-31,2023-08-10,Emergency,Home,7,Semi-Private,0,4.0
700051,101241,2075,9,2023-11-13,2023-11-18,Emergency,Home,11,Semi-Private,0,4.1
700052,100064,2002,5,2024-09-16,2024-09-23,Urgent,Home,10,General,0,4.2
700053,102490,2029,4,2021-04-12,2021-04-19,Elective,Home,4,General,0,5.0
700054,101299,2041,12,2022-03-24,2022-03-30,Elective,Home,2,Semi-Private,0,4.1
700055,100470,2029,5,2021-10-14,2021-10-16,Elective,Home,5,Semi-Private,0,5.0
700056,102020,2064,11,2021-06-23,2021-06-28,Emergency,Home,7,General,0,2.7
700057,101837,2058,5,2025-01-21,2025-02-01,Urgent,Rehab,2,Semi-Private,0,2.4
700058,102024,2010,5,2023-11-16,2023-11-26,Emergency,Transferred,7,General,0,4.1
700059,101590,2011,1,2025-03-27,2025-04-02,Emergency,Home,3,Private,0,4.2
700060,100878,2007,5,2024-02-08,2024-02-16,Emergency,Home,14,General,0,3.6
700061,101218,2077,5,2023-08-12,2023-08-13,Elective,Home,8,Semi-Private,0,4.0
700062,102061,2061,1,2025-08-29,2025-09-10,Elective,Home,7,General,0,4.8
700063,100222,2066,4,2025-01-08,2025-01-20,Elective,Home,1,Private,0,4.5
700064,101729,2053,8,2024-03-11,2024-03-23,Elective,Transferred,9,General,0,3.8
700065,101420,2065,4,2024-11-01,2024-11-11,Emergency,Home,15,General,0,4.1
700066,100881,2027,7,2024-07-27,2024-08-03,Emergency,Home,6,Semi-Private,0,4.6
700067,100839,2007,6,2021-02-08,2021-02-22,Elective,Rehab,12,ICU,0,3.1
700068,100752,2065,5,2024-01-03,2024-01-08,Elective,Home,15,ICU,0,3.4
700069,100270,2058,9,2022-10-23,2022-11-06,Elective,Home,13,Semi-Private,0,4.7
700070,101635,2025,8,2024-09-28,2024-10-12,Elective,Home,4,Semi-Private,0,2.7
700071,100732,2048,5,2022-01-15,2022-01-22,Elective,Home,15,ICU,1,3.2
700072,100616,2004,10,2024-11-29,2024-12-02,Emergency,Transferred,6,General,0,3.1
700073,101432,2008,7,2022-01-28,2022-02-01,Elective,Home,2,General,0,4.7
700074,102113,2068,11,2025-11-22,2025-11-24,Emergency,Home,2,General,0,3.2
700075,102076,2060,9,2022-02-07,2022-02-19,Elective,Home,8,Private,1,4.6
700076,101313,2004,7,2023-04-24,2023-04-30,Elective,Transferred,10,ICU,0,3.7
700077,101903,2008,3,2022-04-19,2022-04-24,Emergency,Home,5,Private,0,5.0
700078,102285,2016,10,2021-04-28,2021-04-29,Elective,Home,7,Private,0,4.1
700079,100384,2019,11,2025-07-21,2025-07-22,Urgent,Rehab,1,Semi-Private,0,4.8
700080,102374,2001,5,2024-02-19,2024-02-27,Emergency,Transferred,6,Semi-Private,0,4.3
700081,100085,2034,12,2024-07-27,2024-08-04,Urgent,Transferred,11,Semi-Private,0,3.7
700082,100246,2045,9,2023-03-08,2023-03-14,Urgent,Home,11,Semi-Private,0,4.0
700083,102436,2063,9,2022-01-02,2022-01-13,Elective,Home,10,General,0,4.0
700084,102314,2006,8,2025-06-02,2025-06-11,Urgent,Rehab,7,Private,0,3.7
700085,100804,2036,6,2021-03-19,2021-03-20,Emergency,Home,10,General,0,4.7
700086,102276,2066,7,2021-06-03,2021-06-13,Emergency,Home,7,General,0,5.0
700087,100240,2078,7,2025-03-03,2025-03-11,Urgent,Home,10,General,0,4.1
700088,101097,2008,11,2021-06-29,2021-07-01,Emergency,Home,13,Semi-Private,0,4.5
700089,100388,2067,1,2021-03-28,2021-04-05,Emergency,Home,3,Private,0,4.4
700090,102426,2027,8,2024-12-06,2024-12-09,Emergency,Home,12,Private,0,2.0
700091,102260,2034,6,2024-09-07,2024-09-13,Elective,Home,9,General,0,4.4
700092,100676,2028,7,2023-11-16,2023-11-23,Emergency,Home,12,ICU,0,4.3
700093,100171,2031,10,2024-09-14,2024-09-17,Emergency,Home,9,Private,0,3.1
700094,101176,2017,10,2025-07-19,2025-08-02,Urgent,Home,5,General,0,2.7
700095,101701,2055,11,2022-11-28,2022-11-30,Elective,Home,9,General,1,4.3
700096,100809,2075,2,2021-10-04,2021-10-05,Elective,Home,13,ICU,0,5.0
700097,102152,2009,7,2024-05-12,2024-05-26,Emergency,Home,11,ICU,0,3.7
700098,101306,2057,8,2024-03-01,2024-03-06,Emergency,Home,7,Private,0,3.8
700099,102420,2045,12,2025-04-04,2025-04-05,Emergency,Home,7,Private,0,5.0
700100,100129,2006,5,2021-07-27,2021-07-28,Elective,Home,9,Semi-Private,1,4.7
700101,102268,2014,1,2023-03-07,2023-03-12,Elective,Home,2,Semi-Private,0,3.1
700102,101197,2031,6,2022-11-30,2022-12-03,Elective,Rehab,10,Semi-Private,1,3.5
700103,100472,2054,3,2025-05-18,2025-05-28,Emergency,Home,15,Private,0,5.0
700104,101884,2011,5,2021-11-29,2021-12-02,Urgent,Home,5,ICU,1,3.5
700105,101526,2069,9,2025-11-12,2025-11-23,Emergency,Home,8,Private,0,3.6
700106,102142,2002,7,2021-03-10,2021-03-17,Emergency,Home,8,Private,0,4.5
700107,101600,2017,8,2023-10-02,2023-10-05,Urgent,Home,3,General,0,3.8
700108,101045,2036,6,2024-08-18,2024-08-20,Emergency,Home,5,Private,0,4.3
700109,102154,2003,9,2025-09-02,2025-09-05,Elective,Home,12,Semi-Private,0,4.2
700110,101872,2063,3,2025-03-05,2025-03-16,Emergency,Home,4,General,1,3.9
700111,101224,2043,1,2021-04-12,2021-04-16,Emergency,Transferred,4,Private,0,4.9
700112,101868,2033,10,2025-09-30,2025-10-09,Elective,Home,2,General,0,3.0
700113,101376,2078,12,2023-07-01,2023-07-13,Emergency,Home,6,ICU,0,4.1
700114,101306,2029,12,2024-04-07,2024-04-09,Emergency,Home,12,Private,0,3.6
700115,100612,2023,12,2022-11-29,2022-12-13,Elective,Home,1,General,1,5.0
700116,101563,2059,11,2022-02-17,2022-02-23,Emergency,Home,8,General,0,3.9
700117,100948,2049,4,2024-07-22,2024-07-27,Urgent,Home,12,Semi-Private,0,5.0
700118,101599,2055,8,2021-08-28,2021-09-03,Urgent,Home,10,Private,0,3.7
700119,100854,2075,6,2022-08-30,2022-09-04,Elective,Rehab,9,General,0,4.1
700120,101910,2028,7,2021-01-04,2021-01-10,Emergency,Home,11,General,0,4.8
700121,102477,2071,9,2025-09-21,2025-10-03,Elective,Home,5,Semi-Private,0,3.3
700122,101978,2072,2,2024-09-03,2024-09-07,Elective,Home,13,Semi-Private,0,5.0
700123,101062,2025,7,2021-12-24,2022-01-01,Emergency,Home,6,General,0,4.0
700124,101443,2007,12,2025-08-07,2025-08-19,Emergency,Transferred,1,General,0,4.3
700125,100302,2073,4,2021-08-30,2021-09-08,Urgent,Home,6,General,1,4.4
700126,100639,2075,7,2022-10-31,2022-11-10,Emergency,Home,1,Semi-Private,0,3.9
700127,100071,2034,8,2024-05-23,2024-05-30,Elective,Transferred,14,General,0,3.4
700128,101923,2022,12,2024-07-26,2024-08-09,Emergency,Home,5,General,0,4.1
700129,100646,2067,2,2021-09-04,2021-09-18,Elective,Home,13,General,0,2.5
700130,101789,2050,7,2021-11-09,2021-11-23,Emergency,Rehab,9,Semi-Private,0,3.0
700131,100174,2048,8,2023-05-03,2023-05-14,Urgent,Home,5,Semi-Private,0,3.9
700132,101999,2072,12,2022-05-03,2022-05-15,Emergency,Home,15,Private,0,5.0
700133,100090,2070,1,2025-11-15,2025-11-16,Urgent,Rehab,15,Semi-Private,1,5.0
700134,102416,2057,11,2023-11-08,2023-11-13,Emergency,Home,14,Semi-Private,0,4.7
700135,102367,2025,10,2023-12-28,2024-01-04,Elective,Transferred,3,Semi-Private,0,2.8
700136,100824,2066,5,2023-12-13,2023-12-18,Urgent,Home,12,General,0,4.2
700137,100551,2016,9,2023-12-02,2023-12-07,Emergency,Transferred,15,Private,0,3.4
700138,100060,2058,2,2025-10-22,2025-11-03,Emergency,Home,14,Semi-Private,0,3.9
700139,101129,2041,6,2023-08-23,2023-08-28,Urgent,Expired,4,Private,0,4.7
700140,101263,2051,2,2022-09-23,2022-09-28,Emergency,Home,3,General,0,4.5
700141,101486,2021,3,2021-01-02,2021-01-15,Elective,Home,4,General,0,5.0
700142,100127,2079,11,2025-03-18,2025-03-29,Emergency,Transferred,12,ICU,0,2.9
700143,100083,2056,6,2022-08-08,2022-08-13,Elective,Home,12,Semi-Private,0,3.2
700144,101244,2047,5,2025-05-01,2025-05-02,Emergency,Home,10,Semi-Private,0,5.0
700145,100946,2043,4,2024-09-14,2024-09-26,Elective,Home,15,Semi-Private,0,5.0
700146,101641,2031,7,2023-01-20,2023-01-26,Emergency,Home,14,General,0,4.0
700147,101953,2015,3,2024-10-30,2024-11-10,Elective,Home,6,General,0,4.0
700148,101996,2048,10,2021-08-17,2021-08-28,Emergency,Transferred,3,General,0,4.9
700149,100890,2062,7,2023-01-09,2023-01-21,Elective,Home,14,General,0,4.4
700150,100574,2070,12,2023-05-03,2023-05-16,Emergency,Home,5,Semi-Private,0,4.5
700151,100513,2003,9,2025-01-03,2025-01-09,Emergency,Transferred,7,General,0,3.3
700152,101910,2038,2,2022-03-09,2022-03-17,Elective,Home,1,General,0,4.9
700153,100065,2058,5,2022-06-23,2022-07-07,Emergency,Home,3,General,0,3.9
700154,101965,2067,1,2023-03-02,2023-03-07,Urgent,Home,11,General,0,3.0
700155,102231,2045,7,2023-01-25,2023-01-27,Elective,Home,6,General,0,3.4
700156,101090,2044,2,2022-09-02,2022-09-15,Elective,Home,10,General,0,3.6
700157,102102,2008,11,2024-06-28,2024-07-05,Emergency,Home,2,General,0,5.0
700158,101245,2066,5,2022-07-04,2022-07-18,Elective,Home,8,General,0,3.5
700159,102284,2071,1,2023-07-03,2023-07-04,Emergency,Home,7,General,0,4.3
700160,100889,2061,11,2024-02-21,2024-02-26,Urgent,Home,12,Private,0,2.4
700161,100612,2017,1,2021-03-01,2021-03-13,Emergency,Home,2,General,0,4.7
700162,100438,2071,4,2022-07-13,2022-07-18,Emergency,Rehab,5,General,0,3.4
700163,101127,2036,7,2023-01-24,2023-02-05,Emergency,Home,13,General,0,4.3
700164,101460,2068,7,2025-02-27,2025-03-02,Urgent,Home,15,Semi-Private,0,4.3
700165,101445,2080,8,2022-11-12,2022-11-14,Elective,Home,4,General,0,4.5
700166,100524,2021,12,2021-08-21,2021-09-01,Emergency,Home,15,Semi-Private,0,4.2
700167,101467,2046,9,2022-12-26,2022-12-30,Urgent,Home,2,General,0,5.0
700168,102452,2046,4,2025-01-06,2025-01-13,Emergency,Home,4,General,0,4.2
700169,102391,2016,2,2023-09-14,2023-09-24,Elective,Home,9,General,1,5.0
700170,100800,2022,10,2022-07-26,2022-07-29,Elective,Home,10,General,0,4.5
700171,102262,2006,12,2023-06-26,2023-07-09,Urgent,Home,2,Private,0,4.2
700172,101024,2056,12,2024-10-24,2024-11-07,Emergency,Home,10,General,0,4.7
700173,101580,2045,10,2023-12-26,2024-01-01,Emergency,Home,10,Semi-Private,0,4.1
700174,100322,2058,3,2021-09-27,2021-10-04,Elective,Home,13,Semi-Private,0,4.3
700175,100180,2028,9,2024-12-22,2025-01-04,Emergency,Home,6,Private,0,4.3
700176,102428,2017,11,2021-11-04,2021-11-06,Emergency,Home,4,Private,1,4.2
700177,101705,2036,8,2025-06-17,2025-06-20,Elective,Home,8,Private,0,5.0
700178,100450,2012,6,2023-09-29,2023-10-08,Elective,Home,13,General,0,5.0
700179,101285,2050,11,2021-10-21,2021-10-22,Elective,Home,4,General,0,4.2
700180,101661,2059,3,2022-09-08,2022-09-16,Emergency,Home,9,General,0,4.9
700181,102179,2012,10,2023-05-03,2023-05-04,Emergency,Home,15,General,0,4.9
700182,101258,2062,8,2022-07-07,2022-07-10,Elective,Home,10,General,0,4.8
700183,100904,2040,2,2023-03-17,2023-03-23,Elective,Home,3,Private,0,4.4
700184,101178,2002,11,2022-01-18,2022-01-29,Urgent,Rehab,7,Private,0,4.5
700185,100330,2025,4,2024-05-17,2024-05-25,Elective,Home,15,General,0,4.4
700186,100637,2074,4,2025-05-28,2025-06-04,Elective,Transferred,5,General,0,3.5
700187,101890,2031,9,2023-01-11,2023-01-14,Emergency,Home,14,General,0,4.0
700188,101915,2047,8,2022-11-11,2022-11-23,Emergency,Rehab,11,General,0,3.1
700189,102101,2060,7,2023-03-10,2023-03-16,Elective,Home,1,General,0,4.4
700190,101868,2073,4,2021-09-16,2021-09-17,Emergency,Home,3,General,1,4.3
700191,100413,2041,7,2025-02-20,2025-02-28,Urgent,Home,9,General,0,4.5
700192,101541,2050,1,2025-01-30,2025-02-08,Urgent,Transferred,13,General,0,3.4
700193,102416,2023,11,2022-06-17,2022-06-26,Elective,Home,9,General,0,4.7
700194,101476,2012,8,2022-03-25,2022-04-08,Emergency,Home,5,General,0,4.4
700195,101565,2071,8,2023-04-26,2023-04-30,Elective,Rehab,14,General,0,5.0
700196,100515,2022,9,2022-07-30,2022-08-03,Elective,Home,5,General,0,4.6
700197,100481,2056,9,2025-04-17,2025-04-24,Elective,Home,11,General,0,3.6
700198,102462,2016,1,2021-03-27,2021-04-03,Emergency,Home,4,Semi-Private,0,3.0
700199,102276,2058,10,2025-05-15,2025-05-26,Urgent,Home,14,Semi-Private,0,4.2
700200,102185,2072,7,2022-12-28,2023-01-03,Elective,Transferred,15,General,1,3.2
700201,100518,2051,1,2022-01-18,2022-01-25,Emergency,Home,4,General,0,3.4
700202,101485,2006,6,2024-03-27,2024-04-10,Emergency,Home,4,General,0,3.3
700203,100305,2002,5,2025-03-16,2025-03-17,Elective,Home,2,General,0,3.6
700204,100655,2062,11,2024-01-26,2024-02-04,Emergency,Home,7,General,0,5.0
700205,101978,2042,2,2024-02-05,2024-02-19,Emergency,Home,3,General,0,3.3
700206,100181,2043,3,2021-09-03,2021-09-16,Emergency,Home,1,General,0,3.7
700207,100030,2052,8,2022-10-28,2022-11-03,Urgent,Rehab,12,Semi-Private,1,2.9
700208,100765,2058,2,2025-11-14,2025-11-22,Emergency,Home,11,ICU,0,2.7
700209,100040,2020,11,2023-03-23,2023-04-05,Emergency,Home,10,Semi-Private,1,3.8
700210,102235,2056,4,2023-08-03,2023-08-08,Emergency,Rehab,3,Semi-Private,0,4.2
700211,102367,2067,3,2024-09-03,2024-09-15,Elective,Home,9,General,0,3.1
700212,100892,2059,12,2024-08-01,2024-08-08,Elective,Home,12,Semi-Private,0,2.9
700213,102372,2048,7,2023-02-26,2023-03-01,Urgent,Home,9,General,0,2.6
700214,101927,2035,8,2025-04-16,2025-04-26,Elective,Home,10,ICU,0,4.1
700215,100943,2008,4,2025-03-22,2025-03-23,Elective,Home,7,Semi-Private,1,4.7
700216,101067,2076,6,2025-09-06,2025-09-13,Emergency,Home,1,General,0,2.9
700217,102222,2032,3,2023-04-22,2023-04-27,Elective,Expired,6,Semi-Private,0,3.5
700218,101783,2045,7,2023-04-24,2023-04-25,Emergency,Transferred,10,General,0,4.8
700219,100685,2067,8,2025-09-20,2025-09-29,Elective,Rehab,1,General,0,3.8
700220,101065,2027,7,2024-01-23,2024-02-01,Emergency,Home,2,Semi-Private,0,3.9
700221,102457,2003,4,2024-06-19,2024-06-25,Urgent,Home,3,General,0,4.3
700222,101586,2057,10,2021-08-07,2021-08-18,Elective,Home,11,Semi-Private,0,3.7
700223,101347,2065,12,2021-03-10,2021-03-19,Elective,Home,11,General,0,3.4
700224,102228,2020,9,2021-04-04,2021-04-11,Elective,Home,14,General,0,4.2
700225,101183,2071,10,2024-10-29,2024-11-06,Elective,Transferred,6,Semi-Private,0,3.0
700226,100037,2041,8,2023-10-29,2023-11-09,Elective,Home,11,Semi-Private,0,2.8
700227,102454,2001,6,2025-07-29,2025-07-31,Elective,Home,7,General,0,3.5
700228,100539,2074,2,2025-03-22,2025-03-24,Emergency,Home,8,General,0,4.5
700229,102424,2076,10,2023-02-28,2023-03-04,Emergency,Home,9,Private,0,4.9
700230,101922,2004,7,2025-07-26,2025-07-27,Emergency,Home,7,Private,0,3.6
700231,102304,2071,9,2022-10-18,2022-10-26,Emergency,Home,6,Private,0,4.6
700232,102326,2010,9,2025-08-27,2025-09-01,Urgent,Home,5,Semi-Private,0,5.0
700233,100249,2029,9,2025-05-05,2025-05-17,Elective,Home,10,Semi-Private,0,4.0
700234,100693,2015,9,2023-09-24,2023-10-08,Emergency,Home,2,General,0,4.5
700235,101041,2019,6,2024-12-29,2025-01-05,Emergency,Transferred,15,General,0,5.0
700236,101392,2058,1,2021-05-06,2021-05-18,Elective,Transferred,8,General,0,3.5
700237,102173,2053,6,2023-05-12,2023-05-14,Emergency,Home,5,Private,0,3.8
700238,101336,2046,5,2022-11-30,2022-12-05,Elective,Home,10,Semi-Private,0,5.0
700239,102260,2018,7,2022-11-02,2022-11-11,Emergency,Home,2,Private,0,3.3
700240,101439,2003,8,2024-03-24,2024-04-02,Urgent,Home,3,Private,1,4.1
700241,100500,2070,1,2024-03-23,2024-03-25,Emergency,Transferred,10,Semi-Private,0,3.5
700242,100811,2022,10,2024-02-26,2024-03-11,Emergency,Expired,10,General,0,5.0
700243,101736,2055,4,2025-12-13,2025-12-24,Urgent,Home,12,General,1,
700244,100889,2064,4,2023-07-27,2023-07-29,Emergency,Rehab,15,General,0,3.9
700245,101211,2041,1,2023-09-22,2023-09-27,Emergency,Home,15,ICU,0,3.2
700246,101924,2008,11,2021-01-07,2021-01-10,Emergency,Home,7,Semi-Private,0,
700247,101987,2065,4,2021-08-25,2021-09-07,Elective,Home,10,Semi-Private,0,2.6
700248,101492,2003,7,2023-04-30,2023-05-01,Emergency,Home,8,General,0,3.9
700249,100175,2029,6,2023-12-11,2023-12-22,Urgent,Home,5,Private,0,4.4
700250,102365,2070,4,2022-08-19,2022-09-01,Urgent,Home,10,General,0,4.0
700251,100824,2018,2,2024-12-24,2024-12-25,Urgent,Home,8,Semi-Private,0,4.2
700252,100931,2058,12,2021-07-25,2021-07-30,Emergency,Home,13,General,0,3.7
700253,102015,2001,7,2022-03-23,2022-03-26,Urgent,Home,14,General,0,4.7
700254,100269,2022,8,2021-06-09,2021-06-18,Elective,Home,10,General,0,4.5
700255,101818,2023,9,2022-11-25,2022-12-08,Emergency,Home,13,Private,0,4.1
700256,100224,2008,9,2023-08-27,2023-09-08,Emergency,Home,10,Semi-Private,0,4.2
700257,101276,2029,4,2024-09-09,2024-09-12,Elective,Home,6,General,0,3.7
700258,101148,2044,3,2021-05-13,2021-05-16,Elective,Rehab,2,Semi-Private,0,
700259,100238,2062,5,2024-10-30,2024-11-02,Emergency,Home,12,Semi-Private,0,4.6
700260,102123,2019,6,2022-03-28,2022-04-11,Elective,Home,14,Semi-Private,0,3.9
700261,100500,2059,12,2023-12-01,2023-12-02,Urgent,Home,12,Semi-Private,0,3.9
700262,101546,2080,8,2021-10-04,2021-10-07,Emergency,Home,2,General,0,3.7
700263,100268,2019,3,2025-07-23,2025-07-28,Emergency,Home,8,Semi-Private,0,3.8
700264,101511,2022,6,2024-04-24,2024-05-02,Urgent,Expired,4,General,0,4.2
700265,100987,2068,5,2022-01-02,2022-01-09,Emergency,Home,8,General,0,2.7
700266,101624,2005,7,2024-11-05,2024-11-17,Urgent,Rehab,9,Private,0,3.8
700267,100723,2005,9,2023-08-18,2023-08-31,Elective,Rehab,6,General,0,3.9
700268,101096,2025,7,2023-10-01,2023-10-14,Emergency,Home,9,Semi-Private,0,4.0
700269,100190,2024,11,2024-04-19,2024-04-30,Emergency,Home,6,Private,0,4.1
700270,100996,2001,6,2023-06-05,2023-06-09,Emergency,Home,11,General,0,4.0
700271,101586,2028,9,2022-06-15,2022-06-19,Emergency,Transferred,14,ICU,0,4.3
700272,100566,2047,10,2023-06-04,2023-06-16,Elective,Transferred,3,Private,0,3.9
700273,100993,2060,4,2023-06-25,2023-06-29,Elective,Transferred,8,Private,0,4.7
700274,100156,2019,1,2021-08-06,2021-08-14,Elective,Home,1,General,0,4.5
700275,101896,2014,8,2021-09-03,2021-09-11,Elective,Home,6,Semi-Private,0,5.0
700276,101587,2070,6,2023-05-26,2023-05-28,Elective,Home,15,General,0,4.5
700277,101777,2008,6,2024-10-31,2024-11-07,Urgent,Home,15,General,1,3.4
700278,101866,2037,5,2022-08-13,2022-08-25,Elective,Home,3,Private,0,3.9
700279,100673,2072,10,2025-08-31,2025-09-11,Urgent,Home,10,Semi-Private,0,3.6
700280,101665,2010,11,2024-11-10,2024-11-24,Emergency,Home,10,General,0,4.0
700281,101109,2067,3,2021-12-20,2022-01-01,Elective,Home,3,General,0,4.8
700282,102117,2013,6,2023-09-23,2023-09-28,Elective,Home,9,Semi-Private,0,3.8
700283,102421,2039,1,2025-03-26,2025-03-28,Urgent,Home,7,Semi-Private,0,3.6
700284,100055,2064,7,2022-09-07,2022-09-20,Elective,Home,13,General,0,4.4
700285,100085,2030,6,2021-11-11,2021-11-14,Emergency,Rehab,14,Semi-Private,0,3.4
700286,101881,2004,5,2025-05-11,2025-05-22,Emergency,Rehab,2,General,0,3.3
700287,100592,2045,3,2023-02-06,2023-02-13,Emergency,Home,6,General,0,4.3
700288,101960,2006,8,2022-06-25,2022-07-01,Emergency,Rehab,12,General,0,2.7
700289,101009,2016,4,2021-07-31,2021-08-06,Elective,Home,13,General,0,3.6
700290,102365,2022,9,2022-01-02,2022-01-14,Urgent,Transferred,4,General,0,4.6
700291,100252,2021,9,2023-05-10,2023-05-17,Emergency,Home,10,General,0,2.6
700292,102200,2065,5,2024-10-13,2024-10-19,Emergency,Transferred,11,General,0,2.7
700293,101360,2030,11,2021-12-13,2021-12-24,Urgent,Home,7,Semi-Private,0,2.9
700294,100910,2024,7,2021-03-28,2021-03-30,Emergency,Transferred,4,Semi-Private,0,2.0
700295,101787,2064,6,2023-07-08,2023-07-16,Urgent,Home,7,Private,1,5.0
700296,100600,2013,12,2021-06-27,2021-07-04,Emergency,Home,6,General,0,4.1
700297,101007,2026,12,2023-10-19,2023-10-25,Elective,Home,8,General,0,3.5
700298,101124,2020,6,2022-01-05,2022-01-10,Emergency,Home,7,Semi-Private,0,3.0
700299,101144,2061,4,2024-10-16,2024-10-27,Urgent,Home,9,Private,0,5.0
700300,100303,2006,10,2025-05-12,2025-05-18,Urgent,Home,4,Semi-Private,0,4.5
700301,101740,2043,12,2024-04-08,2024-04-22,Urgent,Home,9,General,0,3.9
700302,101225,2049,8,2022-11-02,2022-11-05,Emergency,Transferred,5,General,0,4.9
700303,101027,2009,11,2024-02-15,2024-02-17,Urgent,Expired,13,General,0,4.3
700304,100400,2037,11,2022-02-05,2022-02-14,Urgent,Home,11,Private,0,3.6
700305,100068,2016,11,2021-03-27,2021-03-28,Elective,Home,9,Semi-Private,0,3.5
700306,100154,2004,10,2024-01-13,2024-01-15,Elective,Home,15,Semi-Private,0,3.6
700307,101015,2032,3,2025-02-10,2025-02-21,Urgent,Home,14,Semi-Private,0,3.2
700308,101518,2017,5,2023-12-12,2023-12-22,Emergency,Transferred,11,Semi-Private,0,4.8
700309,100182,2041,1,2024-05-19,2024-05-29,Emergency,Home,4,General,0,3.6
700310,100525,2045,1,2024-12-26,2024-12-27,Urgent,Home,15,Semi-Private,0,5.0
700311,102237,2016,9,2024-11-16,2024-11-24,Elective,Home,3,Semi-Private,1,3.4
700312,100020,2020,4,2023-07-18,2023-07-22,Urgent,Home,15,General,0,3.6
700313,100851,2042,9,2021-01-20,2021-01-26,Elective,Rehab,14,Semi-Private,0,3.7
700314,102058,2010,7,2025-07-31,2025-08-11,Emergency,Home,7,Private,0,3.3
700315,101881,2052,10,2024-02-07,2024-02-12,Elective,Rehab,4,General,0,3.6
700316,100655,2060,8,2024-06-20,2024-06-28,Elective,Home,5,General,0,4.4
700317,101327,2048,11,2024-01-09,2024-01-19,Emergency,Home,3,Private,0,4.9
700318,102289,2023,9,2025-10-09,2025-10-16,Emergency,Rehab,6,General,0,
700319,102200,2033,1,2023-02-21,2023-02-22,Emergency,Home,13,General,0,3.1
700320,102236,2077,7,2023-08-12,2023-08-20,Elective,Home,4,Semi-Private,0,3.6
700321,100722,2025,8,2023-01-20,2023-01-24,Urgent,Home,1,Private,0,3.6
700322,101201,2050,2,2025-12-02,2025-12-09,Elective,Home,2,General,1,5.0
700323,100881,2070,10,2023-11-02,2023-11-05,Elective,Home,8,General,0,4.7
700324,102463,2079,9,2021-07-05,2021-07-07,Emergency,Transferred,15,Semi-Private,0,4.9
700325,100578,2055,12,2025-12-27,2025-12-28,Elective,Home,4,General,0,3.5
700326,100310,2068,1,2023-09-20,2023-09-30,Elective,Home,12,General,0,3.0
700327,101026,2078,12,2024-12-31,2025-01-05,Elective,Home,15,Semi-Private,0,4.4
700328,100317,2004,3,2025-06-14,2025-06-25,Urgent,Home,15,General,0,3.7
700329,101807,2028,11,2022-07-25,2022-08-08,Elective,Home,10,Semi-Private,0,4.2
700330,101533,2029,9,2023-12-13,2023-12-16,Urgent,Home,2,General,0,4.3
700331,101020,2048,1,2025-02-22,2025-03-05,Urgent,Home,13,Private,0,3.7
700332,100368,2072,4,2024-04-10,2024-04-13,Emergency,Home,12,Semi-Private,0,4.8
700333,100555,2013,10,2025-02-04,2025-02-12,Elective,Home,4,ICU,0,2.9
700334,101250,2043,6,2025-03-28,2025-03-29,Urgent,Home,7,Semi-Private,0,4.1
700335,100480,2009,6,2023-07-18,2023-07-31,Urgent,Home,11,General,0,4.5
700336,101822,2040,4,2022-09-26,2022-09-28,Emergency,Home,2,General,0,5.0
700337,100940,2046,10,2023-05-10,2023-05-11,Elective,Home,6,General,0,4.1
700338,100014,2058,10,2021-04-06,2021-04-13,Emergency,Home,1,Semi-Private,0,4.9
700339,102076,2056,10,2024-11-05,2024-11-09,Emergency,Home,12,Private,0,4.9
700340,100142,2012,10,2025-08-18,2025-08-21,Urgent,Expired,3,Semi-Private,1,5.0
700341,100590,2025,1,2023-01-05,2023-01-08,Urgent,Home,9,General,0,4.2
700342,101783,2016,5,2024-11-04,2024-11-14,Elective,Home,5,General,0,5.0
700343,100473,2051,5,2021-12-16,2021-12-27,Emergency,Home,14,General,0,4.6
700344,101548,2080,3,2021-10-22,2021-10-25,Urgent,Home,11,Semi-Private,0,2.8
700345,101208,2072,11,2023-07-03,2023-07-05,Elective,Home,8,Private,1,4.0
700346,100317,2053,3,2023-11-03,2023-11-08,Emergency,Home,1,General,0,3.3
700347,101385,2052,4,2022-01-23,2022-01-24,Emergency,Home,4,Semi-Private,0,5.0
700348,100445,2067,3,2022-02-10,2022-02-15,Emergency,Rehab,3,General,1,4.1
700349,102344,2024,3,2024-03-19,2024-03-29,Elective,Home,10,General,0,3.0
700350,102452,2014,3,2021-11-21,2021-12-05,Emergency,Home,9,General,0,4.7
700351,101962,2022,7,2021-11-01,2021-11-09,Emergency,Home,15,Semi-Private,0,5.0
700352,102311,2031,9,2023-02-13,2023-02-20,Urgent,Home,7,Semi-Private,0,3.7
700353,100847,2058,11,2021-08-18,2021-09-01,Urgent,Home,12,General,0,3.7
700354,102425,2069,1,2022-01-11,2022-01-25,Emergency,Home,3,General,0,4.2
700355,100585,2019,8,2024-05-11,2024-05-22,Emergency,Home,14,Private,0,2.6
700356,100799,2053,10,2022-12-27,2022-12-30,Elective,Home,1,Semi-Private,0,4.5
700357,100471,2002,12,2024-12-22,2025-01-04,Emergency,Home,13,General,1,5.0
700358,100732,2053,1,2025-04-23,2025-05-05,Emergency,Home,15,Private,1,3.5
700359,100972,2067,9,2021-05-06,2021-05-15,Emergency,Transferred,5,Semi-Private,0,5.0
700360,102095,2047,8,2025-06-22,2025-07-03,Urgent,Expired,10,ICU,0,4.7
700361,102072,2053,6,2021-01-20,2021-01-30,Urgent,Home,3,Semi-Private,1,3.9
700362,101314,2057,6,2025-12-09,2025-12-22,Urgent,Rehab,11,General,0,4.5
700363,102451,2025,11,2021-05-21,2021-05-28,Elective,Home,2,Semi-Private,0,5.0
700364,101048,2035,10,2021-04-16,2021-04-17,Elective,Transferred,3,General,0,4.1
700365,101088,2029,7,2022-11-18,2022-11-24,Elective,Home,5,Private,0,4.3
700366,101684,2076,8,2022-08-05,2022-08-09,Elective,Rehab,5,Private,0,3.6
700367,101652,2017,7,2023-04-02,2023-04-08,Elective,Home,10,Semi-Private,0,3.9
700368,101263,2080,1,2024-08-03,2024-08-17,Elective,Home,8,General,0,4.5
700369,100283,2049,10,2023-05-13,2023-05-16,Emergency,Home,4,Semi-Private,0,3.9
700370,102141,2056,4,2025-04-19,2025-04-24,Emergency,Transferred,2,Semi-Private,0,3.6
700371,101399,2073,4,2021-10-09,2021-10-12,Urgent,Expired,8,General,0,4.9
700372,102358,2003,9,2022-02-02,2022-02-09,Emergency,Home,13,General,0,4.4
700373,101773,2022,12,2024-03-29,2024-04-03,Emergency,Home,15,General,0,3.6
700374,100007,2014,9,2023-10-30,2023-11-03,Elective,Home,8,Semi-Private,0,5.0
700375,100788,2003,3,2025-08-07,2025-08-17,Emergency,Home,10,General,0,5.0
700376,100043,2038,11,2022-04-19,2022-04-26,Emergency,Rehab,13,General,0,4.8
700377,100201,2021,9,2025-12-29,2026-01-05,Emergency,Home,8,General,0,3.1
700378,101689,2051,5,2022-04-29,2022-05-09,Elective,Home,12,Private,0,4.3
700379,100548,2024,11,2025-11-02,2025-11-11,Emergency,Home,13,Private,0,4.4
700380,100226,2045,6,2022-12-11,2022-12-14,Elective,Home,14,General,1,2.8
700381,100633,2069,7,2021-07-17,2021-07-28,Emergency,Home,11,Semi-Private,0,4.9
700382,101545,2044,3,2023-07-19,2023-07-30,Emergency,Home,1,Semi-Private,0,4.2
700383,101359,2047,4,2025-01-16,2025-01-26,Urgent,Home,15,General,0,4.8
700384,101205,2057,5,2025-12-25,2026-01-02,Elective,Home,12,Private,0,3.8
700385,102242,2019,1,2021-09-08,2021-09-15,Elective,Home,9,Private,0,4.4
700386,100538,2034,8,2025-01-31,2025-02-09,Emergency,Home,4,Semi-Private,0,4.4
700387,100481,2003,11,2023-07-02,2023-07-04,Emergency,Transferred,4,General,0,4.1
700388,100430,2039,7,2022-03-27,2022-04-02,Urgent,Home,8,Private,0,4.4
700389,101351,2075,11,2025-08-01,2025-08-06,Emergency,Transferred,12,General,0,3.9
700390,100945,2060,12,2025-09-26,2025-09-29,Urgent,Home,8,Semi-Private,0,3.1
700391,101929,2010,2,2022-05-18,2022-05-25,Elective,Home,6,Private,0,2.5
700392,101824,2040,7,2025-02-08,2025-02-13,Elective,Home,4,Semi-Private,0,
700393,100111,2002,12,2023-05-03,2023-05-09,Elective,Home,13,General,0,4.6
700394,100212,2045,9,2025-09-15,2025-09-19,Emergency,Transferred,3,Semi-Private,0,3.2
700395,101707,2027,5,2024-03-29,2024-04-05,Emergency,Rehab,5,Semi-Private,0,4.8
700396,100851,2053,11,2024-10-07,2024-10-20,Elective,Home,13,Semi-Private,0,5.0
700397,100987,2009,6,2022-01-19,2022-02-01,Urgent,Transferred,14,General,1,4.4
700398,100996,2001,5,2021-03-28,2021-04-04,Emergency,Home,8,General,1,3.9
700399,102000,2033,1,2022-07-13,2022-07-18,Emergency,Home,7,ICU,0,4.8
700400,101911,2038,6,2021-08-13,2021-08-20,Emergency,Home,11,ICU,0,4.9
700401,100666,2057,7,2022-03-16,2022-03-23,Elective,Home,8,General,0,3.8
700402,100350,2033,5,2021-04-07,2021-04-17,Emergency,Home,15,General,0,4.1
700403,101538,2048,3,2024-08-04,2024-08-17,Urgent,Home,14,General,0,3.4
700404,100251,2003,6,2024-01-12,2024-01-20,Elective,Transferred,12,General,0,4.2
700405,101567,2032,12,2022-06-22,2022-07-06,Urgent,Transferred,11,General,0,2.4
700406,102367,2077,12,2025-03-09,2025-03-20,Urgent,Transferred,1,General,0,3.8
700407,101207,2021,11,2025-08-23,2025-08-24,Emergency,Home,11,Private,0,3.4
700408,102237,2068,7,2024-04-12,2024-04-16,Emergency,Home,13,General,0,3.9
700409,101320,2017,10,2022-01-29,2022-02-09,Urgent,Rehab,4,ICU,0,3.4
700410,101946,2042,10,2024-04-30,2024-05-01,Elective,Home,13,Private,0,2.6
700411,100079,2068,12,2025-11-17,2025-11-20,Emergency,Transferred,9,General,0,3.5
700412,100546,2012,9,2024-04-29,2024-05-07,Urgent,Home,6,Semi-Private,0,3.6
700413,101494,2045,7,2022-03-29,2022-04-11,Elective,Home,14,Private,0,4.8
700414,100924,2036,3,2022-03-19,2022-03-31,Emergency,Home,12,General,1,3.5
700415,100619,2080,1,2025-07-20,2025-07-27,Elective,Rehab,10,Private,0,3.4
700416,100305,2051,7,2023-04-04,2023-04-07,Urgent,Home,8,General,0,3.1
700417,102247,2007,12,2022-07-06,2022-07-10,Emergency,Transferred,14,Semi-Private,0,4.9
700418,101598,2033,8,2024-08-28,2024-08-30,Emergency,Home,13,Semi-Private,0,3.8
700419,101048,2048,11,2021-02-14,2021-02-16,Emergency,Home,8,General,0,4.2
700420,101699,2066,1,2021-12-22,2021-12-27,Urgent,Home,5,Private,0,2.8
700421,101485,2033,5,2022-05-23,2022-06-05,Elective,Home,11,Private,0,2.7
700422,102231,2078,12,2021-01-16,2021-01-18,Emergency,Home,8,General,0,3.3
700423,101869,2027,12,2023-04-26,2023-05-07,Elective,Rehab,4,General,1,5.0
700424,100083,2047,8,2023-03-07,2023-03-14,Emergency,Home,6,Semi-Private,0,3.2
700425,100093,2066,10,2024-12-21,2024-12-22,Elective,Home,7,Semi-Private,0,3.5
700426,101468,2043,7,2025-12-05,2025-12-14,Urgent,Rehab,6,Private,0,4.0
700427,102025,2080,2,2022-12-05,2022-12-15,Elective,Home,6,Private,0,3.5
700428,100774,2019,4,2023-09-09,2023-09-10,Urgent,Home,15,General,0,4.4
700429,101394,2068,6,2025-10-06,2025-10-17,Elective,Home,8,Private,0,3.4
700430,100792,2010,7,2024-11-12,2024-11-13,Emergency,Home,14,Semi-Private,1,3.2
700431,100476,2022,7,2022-03-24,2022-04-07,Elective,Home,15,Private,0,5.0
700432,100504,2076,3,2024-08-17,2024-08-26,Emergency,Home,5,Private,0,3.3
700433,101871,2066,12,2023-06-16,2023-06-23,Elective,Home,8,Private,0,4.6
700434,100231,2002,8,2024-04-21,2024-05-05,Elective,Transferred,9,Semi-Private,0,3.3
700435,101587,2018,7,2025-01-21,2025-01-31,Urgent,Transferred,12,Semi-Private,0,2.8
700436,101775,2080,4,2022-07-04,2022-07-16,Emergency,Home,4,Semi-Private,1,3.9
700437,102257,2019,10,2021-11-16,2021-11-20,Urgent,Home,15,General,0,3.0
700438,100131,2030,4,2022-02-23,2022-02-26,Urgent,Home,3,Private,0,3.7
700439,100743,2006,4,2023-04-26,2023-05-08,Emergency,Home,5,Semi-Private,0,3.4
700440,100384,2027,5,2025-04-08,2025-04-13,Urgent,Transferred,13,Private,0,4.9
700441,101567,2015,11,2023-09-21,2023-09-23,Emergency,Home,10,Semi-Private,0,2.8
700442,102410,2031,2,2023-09-05,2023-09-11,Emergency,Rehab,10,Semi-Private,0,4.5
700443,100761,2044,9,2023-01-01,2023-01-07,Urgent,Home,12,General,1,4.2
700444,101148,2076,6,2022-07-06,2022-07-18,Emergency,Home,5,General,0,3.8
700445,100943,2010,12,2021-05-29,2021-05-30,Elective,Home,14,Private,0,3.4
700446,101297,2021,8,2022-01-21,2022-02-02,Elective,Home,7,General,0,4.1
700447,102403,2047,11,2021-06-10,2021-06-20,Emergency,Home,3,Semi-Private,0,4.2
700448,102148,2055,1,2022-07-06,2022-07-15,Elective,Rehab,13,General,0,4.3
700449,101640,2036,6,2024-11-28,2024-11-29,Emergency,Home,11,General,0,3.8
700450,100301,2074,6,2023-07-10,2023-07-16,Emergency,Home,10,ICU,0,3.1
700451,100609,2058,8,2025-03-21,2025-03-28,Urgent,Home,14,General,1,4.7
700452,101852,2019,1,2025-01-16,2025-01-24,Urgent,Home,9,General,0,4.0
700453,100882,2064,5,2022-03-05,2022-03-07,Elective,Home,14,General,1,3.5
700454,102251,2010,3,2021-01-16,2021-01-27,Emergency,Home,13,Semi-Private,0,3.2
700455,101222,2049,6,2025-04-04,2025-04-12,Elective,Home,6,General,0,4.7
700456,102160,2054,9,2023-04-14,2023-04-25,Urgent,Home,14,General,0,5.0
700457,102429,2061,10,2021-02-05,2021-02-15,Emergency,Home,10,Semi-Private,1,4.4
700458,100755,2059,3,2024-11-04,2024-11-18,Emergency,Transferred,9,General,0,4.5
700459,101207,2002,9,2021-06-02,2021-06-04,Urgent,Home,1,Semi-Private,0,4.9
700460,100796,2075,12,2025-11-27,2025-11-29,Emergency,Home,2,General,1,3.7
700461,102385,2008,9,2024-01-02,2024-01-11,Emergency,Home,10,General,0,5.0
700462,101995,2019,1,2025-01-06,2025-01-13,Emergency,Home,2,Semi-Private,0,3.2
700463,101324,2080,2,2024-02-18,2024-02-26,Urgent,Home,11,General,0,3.8
700464,100222,2068,11,2024-02-21,2024-02-22,Elective,Home,8,General,0,3.4
700465,101012,2014,4,2023-01-30,2023-02-09,Emergency,Home,4,Semi-Private,0,4.0
700466,100689,2022,11,2025-09-21,2025-09-27,Urgent,Home,7,Private,0,
700467,100118,2017,11,2025-07-25,2025-07-26,Urgent,Home,4,Semi-Private,0,3.8
700468,100174,2063,12,2025-02-21,2025-02-26,Emergency,Home,4,General,0,4.3
700469,101243,2026,7,2021-08-01,2021-08-03,Elective,Home,8,Semi-Private,0,1.8
700470,102367,2036,12,2022-12-13,2022-12-22,Emergency,Home,14,General,0,4.3
700471,102045,2045,2,2022-12-29,2023-01-01,Elective,Home,11,Semi-Private,0,4.7
700472,100441,2030,7,2025-10-14,2025-10-24,Emergency,Expired,10,Private,0,4.1
700473,101225,2021,5,2023-10-12,2023-10-19,Emergency,Home,4,Semi-Private,0,3.2
700474,101600,2020,10,2025-01-28,2025-01-30,Elective,Transferred,3,General,0,3.1
700475,102463,2042,7,2021-04-15,2021-04-25,Elective,Rehab,11,General,0,3.6
700476,101028,2056,12,2021-08-16,2021-08-20,Emergency,Home,10,Semi-Private,1,3.1
700477,100950,2012,9,2021-06-07,2021-06-17,Emergency,Home,9,Semi-Private,0,5.0
700478,100083,2008,9,2021-09-16,2021-09-19,Urgent,Rehab,3,General,0,4.4
700479,100989,2063,3,2022-06-24,2022-06-25,Emergency,Home,5,Semi-Private,0,5.0
700480,102054,2056,3,2025-10-12,2025-10-22,Elective,Home,11,General,0,3.8
700481,101753,2007,7,2021-10-25,2021-10-31,Emergency,Home,1,General,0,3.4
700482,100347,2062,5,2023-11-24,2023-11-29,Elective,Rehab,9,Semi-Private,0,3.5
700483,100534,2061,5,2021-05-18,2021-05-24,Emergency,Home,6,Semi-Private,0,3.7
700484,101821,2010,5,2021-06-09,2021-06-23,Emergency,Rehab,5,General,0,3.6
700485,100451,2050,9,2022-05-23,2022-05-24,Elective,Home,4,General,0,4.9
700486,100918,2020,4,2021-08-09,2021-08-20,Emergency,Transferred,8,General,0,4.7
700487,100954,2028,6,2025-04-29,2025-05-07,Elective,Rehab,11,Private,0,4.2
700488,100214,2014,6,2023-06-24,2023-06-28,Emergency,Home,2,General,0,2.8
700489,100900,2076,7,2022-07-11,2022-07-18,Emergency,Rehab,14,General,0,4.2
700490,101190,2008,2,2022-02-08,2022-02-16,Elective,Home,10,General,0,3.8
700491,102421,2007,6,2023-03-13,2023-03-16,Emergency,Rehab,5,General,0,5.0
700492,100653,2005,9,2023-09-12,2023-09-26,Emergency,Rehab,8,Semi-Private,0,4.7
700493,100983,2001,3,2022-08-08,2022-08-12,Emergency,Home,1,General,0,4.1
700494,100576,2073,2,2023-07-11,2023-07-20,Emergency,Home,12,General,0,2.4
700495,100333,2010,8,2021-04-30,2021-05-12,Emergency,Home,3,Private,0,3.9
700496,100212,2058,1,2022-07-25,2022-08-03,Emergency,Home,7,ICU,0,3.5
700497,100289,2065,11,2021-10-26,2021-11-02,Emergency,Home,11,Private,0,4.3
700498,102214,2060,8,2024-06-25,2024-06-28,Urgent,Home,15,Private,0,3.1
700499,102174,2020,5,2025-02-06,2025-02-20,Emergency,Home,11,Semi-Private,0,4.2
700500,101056,2058,9,2024-05-20,2024-05-31,Urgent,Home,10,General,0,2.3
700501,101931,2043,9,2025-12-11,2025-12-15,Urgent,Rehab,12,Semi-Private,0,3.0
700502,100274,2029,4,2024-04-07,2024-04-14,Emergency,Home,5,General,0,3.3
700503,101325,2002,1,2025-10-03,2025-10-16,Emergency,Home,10,ICU,0,3.6
700504,102324,2026,5,2022-07-23,2022-07-29,Emergency,Home,9,Private,0,4.3
700505,101031,2075,7,2024-01-05,2024-01-11,Elective,Home,12,Semi-Private,0,2.8
700506,101883,2059,9,2022-03-10,2022-03-21,Elective,Rehab,14,Private,0,3.5
700507,101479,2001,10,2021-06-19,2021-06-23,Elective,Home,1,Semi-Private,0,3.5
700508,101154,2031,9,2022-12-06,2022-12-16,Elective,Home,11,General,0,4.5
700509,100097,2038,9,2023-04-28,2023-05-06,Emergency,Home,14,Semi-Private,0,3.9
700510,100277,2022,6,2025-06-21,2025-06-30,Urgent,Home,7,Private,0,3.3
700511,101309,2066,2,2023-04-12,2023-04-22,Emergency,Home,10,General,1,3.2
700512,101197,2047,5,2025-01-12,2025-01-19,Urgent,Home,12,General,0,3.6
700513,100332,2001,3,2021-02-19,2021-02-27,Emergency,Home,6,Semi-Private,0,2.8
700514,102253,2050,12,2023-07-13,2023-07-23,Emergency,Home,10,General,0,5.0
700515,100103,2036,6,2025-12-26,2025-12-28,Urgent,Rehab,4,Semi-Private,0,4.0
700516,100955,2045,11,2021-04-14,2021-04-18,Elective,Home,11,General,0,3.3
700517,102408,2036,5,2025-06-24,2025-06-27,Elective,Home,12,Private,0,3.2
700518,102087,2034,10,2023-04-18,2023-04-24,Emergency,Home,11,General,0,3.1
700519,100307,2009,11,2022-07-20,2022-07-22,Urgent,Rehab,10,General,0,4.3
700520,100884,2076,1,2025-05-28,2025-06-04,Urgent,Rehab,10,General,0,2.8
700521,102094,2004,10,2021-03-24,2021-04-01,Elective,Home,6,Semi-Private,0,3.9
700522,100194,2079,10,2023-03-30,2023-04-03,Emergency,Rehab,10,General,0,4.4
700523,100249,2063,12,2022-12-12,2022-12-20,Elective,Rehab,11,General,0,3.6
700524,101013,2004,2,2023-12-10,2023-12-18,Urgent,Home,9,General,0,3.2
700525,102255,2005,11,2025-03-25,2025-03-28,Elective,Home,9,Semi-Private,0,4.6
700526,102163,2010,5,2023-01-30,2023-01-31,Urgent,Home,12,Private,0,3.2
700527,102287,2044,12,2025-02-07,2025-02-18,Emergency,Home,2,Private,1,3.8
700528,101193,2040,6,2025-09-03,2025-09-06,Urgent,Home,14,Semi-Private,0,4.1
700529,101072,2036,1,2025-10-30,2025-11-09,Emergency,Home,9,Semi-Private,0,3.5
700530,102036,2035,7,2023-02-06,2023-02-18,Emergency,Rehab,13,Semi-Private,0,3.1
700531,100508,2059,3,2021-08-02,2021-08-16,Elective,Transferred,2,Private,0,3.6
700532,100155,2065,1,2023-03-18,2023-03-31,Elective,Home,6,General,0,4.3
700533,100461,2031,7,2024-03-16,2024-03-17,Emergency,Home,13,Semi-Private,0,3.5
700534,101397,2046,7,2022-12-16,2022-12-28,Urgent,Home,7,General,0,4.3
700535,100791,2049,10,2023-02-04,2023-02-18,Urgent,Home,14,General,0,3.8
700536,101226,2006,3,2023-11-04,2023-11-06,Elective,Transferred,9,Private,0,3.5
700537,102365,2070,6,2024-01-30,2024-02-07,Emergency,Home,11,General,1,3.5
700538,102499,2019,4,2023-09-22,2023-09-26,Emergency,Home,13,General,0,4.2
700539,101868,2042,4,2023-12-22,2024-01-05,Elective,Home,6,General,0,4.8
700540,101689,2030,9,2025-01-06,2025-01-19,Elective,Home,13,Semi-Private,1,4.1
700541,100577,2026,7,2024-02-28,2024-03-08,Emergency,Home,8,General,0,3.3
700542,101944,2003,6,2022-02-01,2022-02-08,Elective,Home,10,General,0,4.8
700543,100362,2033,12,2025-02-03,2025-02-06,Elective,Home,15,Semi-Private,0,3.3
700544,100457,2050,9,2022-09-03,2022-09-17,Elective,Transferred,12,General,0,5.0
700545,100129,2031,3,2022-09-13,2022-09-14,Elective,Home,3,Semi-Private,0,3.9
700546,100812,2068,12,2023-06-20,2023-07-03,Elective,Rehab,10,General,0,3.3
700547,100873,2010,4,2023-04-15,2023-04-16,Emergency,Home,6,Semi-Private,0,4.4
700548,100350,2022,9,2023-10-05,2023-10-19,Emergency,Rehab,2,General,0,3.8
700549,101915,2063,4,2024-01-20,2024-01-21,Urgent,Home,15,General,0,4.3
700550,100452,2054,7,2023-06-26,2023-07-06,Emergency,Home,1,Semi-Private,0,4.1
700551,101404,2051,9,2024-03-22,2024-03-25,Urgent,Home,12,Semi-Private,0,3.0
700552,100109,2004,4,2021-09-12,2021-09-17,Emergency,Home,6,Semi-Private,0,3.9
700553,101232,2037,9,2025-11-29,2025-12-07,Elective,Rehab,12,Semi-Private,0,4.4
700554,100577,2071,7,2022-12-03,2022-12-11,Emergency,Home,3,General,0,4.1
700555,100241,2063,4,2024-04-09,2024-04-11,Urgent,Home,11,Semi-Private,0,4.9
700556,101714,2051,3,2023-12-19,2023-12-28,Urgent,Transferred,12,Private,0,4.2
700557,102042,2008,6,2023-01-30,2023-02-08,Emergency,Home,5,Private,0,3.8
700558,101286,2001,3,2025-02-21,2025-02-28,Emergency,Rehab,6,Private,0,4.2
700559,102373,2008,7,2024-12-20,2025-01-01,Elective,Home,13,General,0,3.6
700560,100371,2055,1,2024-05-28,2024-06-07,Urgent,Rehab,10,Semi-Private,0,4.3
700561,101959,2009,7,2022-06-26,2022-07-01,Elective,Home,6,General,0,4.3
700562,102153,2051,3,2023-09-05,2023-09-10,Urgent,Home,12,Private,0,3.1
700563,100098,2016,9,2025-03-25,2025-04-02,Emergency,Home,10,General,0,4.6
700564,101511,2053,6,2022-12-12,2022-12-20,Elective,Transferred,13,Semi-Private,0,5.0
700565,100096,2059,7,2024-05-17,2024-05-22,Elective,Home,7,General,0,4.4
700566,101949,2045,9,2025-08-31,2025-09-06,Emergency,Home,15,General,0,2.5
700567,101496,2037,6,2024-12-21,2024-12-27,Elective,Home,7,General,0,3.7
700568,102094,2066,10,2024-04-10,2024-04-16,Urgent,Home,11,General,0,3.0
700569,102079,2064,11,2024-08-16,2024-08-21,Urgent,Home,6,General,0,3.8
700570,102456,2036,2,2025-11-01,2025-11-10,Emergency,Rehab,12,General,0,4.5
700571,101406,2076,6,2023-11-06,2023-11-20,Emergency,Home,1,General,0,3.5
700572,100716,2050,6,2023-01-15,2023-01-16,Elective,Home,8,General,0,5.0
700573,100973,2053,2,2025-01-14,2025-01-24,Emergency,Transferred,10,Semi-Private,0,1.8
700574,101513,2057,7,2022-06-21,2022-06-24,Urgent,Home,14,General,0,3.8
700575,100906,2019,12,2025-04-26,2025-05-03,Emergency,Home,4,Semi-Private,0,4.3
700576,100809,2026,9,2022-01-03,2022-01-16,Elective,Home,1,Private,0,3.1
700577,100599,2068,10,2024-03-25,2024-04-03,Emergency,Rehab,10,Private,0,3.2
700578,100967,2043,4,2023-05-12,2023-05-14,Elective,Home,13,General,1,4.6
700579,101868,2058,11,2021-04-07,2021-04-20,Emergency,Home,2,General,0,5.0
700580,101840,2077,5,2021-12-08,2021-12-19,Emergency,Home,3,Semi-Private,1,5.0
700581,100135,2059,6,2023-08-24,2023-09-06,Elective,Home,6,Private,0,3.7
700582,100328,2046,1,2023-10-07,2023-10-21,Elective,Rehab,2,Private,0,5.0
700583,100199,2068,8,2025-06-13,2025-06-17,Elective,Home,2,Private,0,3.9
700584,100683,2040,12,2023-12-27,2024-01-04,Emergency,Home,14,General,0,4.7
700585,100124,2013,9,2025-10-19,2025-10-24,Emergency,Rehab,6,Semi-Private,0,3.8
700586,100754,2009,1,2025-01-02,2025-01-14,Elective,Home,12,Semi-Private,0,3.1
700587,101607,2066,4,2025-08-29,2025-09-09,Urgent,Home,4,General,0,5.0
700588,102430,2053,6,2021-08-31,2021-09-08,Emergency,Home,5,Semi-Private,0,5.0
700589,100571,2076,10,2025-12-10,2025-12-22,Emergency,Rehab,11,Private,0,3.7
700590,101469,2004,1,2022-09-30,2022-10-11,Emergency,Home,8,Private,0,4.7
700591,101170,2014,3,2022-03-21,2022-03-23,Emergency,Home,3,Semi-Private,0,3.9
700592,101927,2008,7,2023-01-09,2023-01-21,Emergency,Home,5,Private,0,5.0
700593,101588,2062,8,2024-01-14,2024-01-22,Elective,Expired,1,Semi-Private,0,2.9
700594,102224,2045,8,2023-07-05,2023-07-11,Urgent,Transferred,10,Private,0,3.9
700595,101303,2067,5,2023-11-13,2023-11-18,Emergency,Home,4,General,0,2.9
700596,102428,2062,1,2022-09-05,2022-09-18,Elective,Home,14,Semi-Private,0,2.8
700597,100165,2078,1,2025-05-29,2025-05-31,Elective,Rehab,14,General,0,3.9
700598,101863,2070,8,2022-04-17,2022-04-24,Urgent,Rehab,5,Private,0,3.7
700599,101510,2036,5,2024-06-01,2024-06-02,Elective,Transferred,14,General,0,3.2
700600,100615,2001,11,2024-10-27,2024-11-10,Urgent,Transferred,13,General,0,4.6
700601,101791,2060,9,2023-05-14,2023-05-20,Elective,Home,4,Private,0,5.0
700602,101385,2074,1,2024-09-24,2024-09-27,Urgent,Home,12,General,0,4.4
700603,102221,2013,2,2024-09-11,2024-09-17,Emergency,Transferred,14,General,0,2.6
700604,101201,2012,4,2021-10-15,2021-10-16,Emergency,Home,9,ICU,0,4.3
700605,101073,2075,10,2023-01-15,2023-01-16,Urgent,Rehab,8,General,0,4.2
700606,101135,2017,11,2022-10-21,2022-10-23,Elective,Home,11,Private,0,3.4
700607,101784,2047,7,2024-06-07,2024-06-17,Emergency,Home,12,Private,0,4.3
700608,101711,2053,4,2025-06-11,2025-06-18,Urgent,Home,13,General,0,3.6
700609,100619,2067,8,2022-03-01,2022-03-13,Emergency,Transferred,2,Semi-Private,0,3.4
700610,100859,2010,7,2021-04-04,2021-04-18,Emergency,Home,9,Private,0,3.1
700611,101179,2046,5,2022-12-21,2023-01-02,Elective,Transferred,2,General,0,4.6
700612,101687,2004,7,2025-09-04,2025-09-08,Elective,Home,6,General,0,5.0
700613,101607,2057,8,2022-02-22,2022-02-26,Elective,Home,2,General,0,3.9
700614,100637,2038,3,2021-09-13,2021-09-17,Emergency,Home,6,Semi-Private,0,4.7
700615,100215,2012,3,2022-10-25,2022-10-30,Urgent,Home,6,General,0,5.0
700616,101354,2031,2,2021-04-12,2021-04-14,Urgent,Home,11,General,0,4.1
700617,100144,2002,4,2024-08-02,2024-08-13,Emergency,Rehab,7,General,0,3.9
700618,100619,2001,11,2023-08-11,2023-08-18,Emergency,Home,10,Semi-Private,0,4.4
700619,101008,2025,4,2025-07-18,2025-07-21,Emergency,Home,13,Semi-Private,0,3.4
700620,100354,2005,4,2022-12-25,2023-01-05,Urgent,Home,5,Semi-Private,0,4.4
700621,100281,2048,2,2024-03-30,2024-04-02,Urgent,Transferred,12,Semi-Private,0,4.1
700622,101346,2014,7,2023-08-12,2023-08-23,Elective,Home,3,Semi-Private,0,3.0
700623,100837,2052,10,2025-07-04,2025-07-17,Urgent,Home,12,Private,0,3.0
700624,101960,2074,3,2022-03-25,2022-03-27,Elective,Transferred,15,Private,0,3.3
700625,100390,2021,12,2022-12-31,2023-01-06,Elective,Home,2,Semi-Private,0,4.4
700626,101088,2025,10,2021-07-01,2021-07-05,Emergency,Home,13,General,1,3.7
700627,100265,2067,1,2023-06-27,2023-07-01,Emergency,Expired,4,General,0,4.0
700628,102054,2050,2,2023-07-16,2023-07-24,Emergency,Home,13,General,0,5.0
700629,100913,2033,5,2025-04-03,2025-04-15,Elective,Home,14,Semi-Private,0,4.3
700630,100168,2017,9,2021-09-18,2021-09-20,Emergency,Home,12,General,0,3.5
700631,102403,2070,4,2021-10-06,2021-10-13,Emergency,Rehab,1,Semi-Private,0,3.3
700632,101996,2034,6,2022-09-06,2022-09-08,Emergency,Home,11,Semi-Private,1,4.2
700633,102221,2026,3,2023-12-01,2023-12-07,Elective,Home,12,General,1,
700634,100850,2042,9,2022-06-01,2022-06-14,Urgent,Home,2,General,0,4.9
700635,102167,2031,2,2023-03-05,2023-03-10,Urgent,Home,8,General,0,4.2
700636,100174,2051,8,2021-07-07,2021-07-15,Elective,Home,5,General,0,4.1
700637,102177,2036,11,2023-03-07,2023-03-13,Elective,Home,5,Private,0,3.3
700638,100187,2013,3,2024-09-18,2024-09-30,Emergency,Home,3,Private,0,4.5
700639,101087,2080,8,2022-05-29,2022-06-05,Emergency,Transferred,14,Semi-Private,0,4.8
700640,101298,2013,3,2023-05-14,2023-05-20,Emergency,Home,11,General,0,3.9
700641,102258,2032,11,2021-09-25,2021-10-03,Emergency,Home,1,Semi-Private,0,4.7
700642,101009,2005,12,2022-05-14,2022-05-16,Elective,Home,6,Private,0,3.7
700643,101217,2012,12,2021-08-08,2021-08-20,Emergency,Transferred,15,Semi-Private,0,4.0
700644,100532,2059,4,2023-11-05,2023-11-12,Elective,Transferred,15,General,0,5.0
700645,101206,2041,8,2022-05-02,2022-05-07,Emergency,Transferred,14,Private,0,3.7
700646,100228,2037,10,2024-10-20,2024-11-03,Emergency,Home,12,General,1,4.4
700647,100614,2068,4,2023-04-07,2023-04-19,Urgent,Rehab,1,General,0,3.7
700648,102137,2048,11,2023-05-23,2023-06-05,Emergency,Home,4,General,0,4.2
700649,101766,2043,9,2022-10-16,2022-10-25,Elective,Home,14,Private,0,4.5
700650,100250,2041,9,2022-01-08,2022-01-19,Emergency,Home,4,General,0,3.3
700651,102273,2056,6,2021-05-17,2021-05-26,Emergency,Home,11,Semi-Private,0,3.5
700652,101943,2069,1,2025-07-05,2025-07-13,Elective,Home,3,Semi-Private,0,4.4
700653,100673,2011,9,2021-09-05,2021-09-13,Elective,Rehab,4,Private,0,4.1
700654,102216,2009,9,2022-04-12,2022-04-26,Emergency,Home,14,General,0,4.9
700655,102158,2028,7,2022-01-22,2022-01-26,Urgent,Home,6,Semi-Private,0,4.2
700656,101797,2022,9,2021-04-18,2021-04-30,Elective,Rehab,6,General,0,5.0
700657,100297,2075,8,2023-02-22,2023-03-02,Emergency,Home,14,Semi-Private,0,4.5
700658,101928,2006,9,2023-07-21,2023-07-23,Emergency,Home,11,General,1,5.0
700659,102291,2026,9,2022-11-28,2022-12-09,Elective,Transferred,6,General,0,5.0
700660,102257,2016,7,2024-06-19,2024-06-24,Elective,Home,6,General,0,3.5
700661,101267,2014,6,2021-05-03,2021-05-07,Emergency,Home,4,General,0,5.0
700662,101106,2035,2,2021-12-18,2021-12-23,Emergency,Home,11,Semi-Private,0,4.7
700663,101458,2042,7,2024-05-08,2024-05-13,Emergency,Home,7,General,0,4.7
700664,101567,2053,1,2022-01-19,2022-01-24,Emergency,Home,7,General,0,4.9
700665,101028,2022,6,2023-12-31,2024-01-07,Emergency,Home,2,General,0,3.8
700666,102309,2053,6,2023-04-22,2023-04-23,Urgent,Home,12,Private,0,4.2
700667,101590,2066,12,2022-11-29,2022-12-12,Elective,Home,6,Private,0,3.7
700668,102428,2013,7,2022-01-10,2022-01-12,Elective,Home,5,Semi-Private,0,5.0
700669,100096,2011,2,2025-09-04,2025-09-11,Emergency,Home,10,Semi-Private,0,3.4
700670,101360,2012,12,2025-10-11,2025-10-12,Emergency,Home,1,Semi-Private,0,3.0
700671,102045,2053,4,2025-03-11,2025-03-20,Emergency,Home,14,General,0,3.4
700672,101740,2009,2,2024-03-08,2024-03-20,Elective,Home,3,General,1,4.0
700673,101353,2071,4,2025-05-08,2025-05-11,Emergency,Home,9,Private,0,4.0
700674,100829,2017,3,2025-07-24,2025-08-04,Emergency,Home,13,General,0,4.7
700675,101662,2061,2,2024-10-15,2024-10-21,Emergency,Home,11,Semi-Private,1,4.0
700676,101543,2010,2,2025-12-18,2025-12-22,Urgent,Home,9,Semi-Private,0,3.6
700677,100926,2038,3,2025-08-25,2025-08-28,Elective,Home,10,General,0,4.4
700678,101149,2039,10,2024-12-04,2024-12-12,Emergency,Home,9,Semi-Private,1,4.9
700679,101807,2030,12,2023-11-03,2023-11-16,Elective,Home,11,General,0,4.2
700680,102308,2034,4,2021-05-29,2021-05-31,Elective,Home,10,General,0,4.7
700681,100831,2033,7,2024-12-10,2024-12-23,Emergency,Home,5,General,1,4.1
700682,101606,2032,4,2024-05-20,2024-05-23,Emergency,Home,6,Private,0,3.8
700683,100550,2012,11,2023-04-13,2023-04-21,Urgent,Transferred,9,Semi-Private,0,4.5
700684,101032,2065,7,2022-03-20,2022-03-23,Emergency,Home,4,General,0,4.2
700685,100563,2010,4,2021-03-25,2021-04-02,Urgent,Home,11,Semi-Private,0,4.8
700686,102421,2019,3,2022-01-10,2022-01-17,Emergency,Home,4,General,0,5.0
700687,100222,2023,8,2023-05-07,2023-05-09,Elective,Home,12,ICU,0,3.9
700688,100531,2057,3,2022-01-03,2022-01-04,Emergency,Home,9,Semi-Private,1,4.5
700689,102398,2059,11,2024-10-31,2024-11-01,Elective,Home,12,Semi-Private,0,4.8
700690,100031,2054,8,2023-07-18,2023-07-20,Urgent,Home,7,Private,0,4.3
700691,101382,2074,2,2024-08-28,2024-09-04,Emergency,Home,6,General,0,4.4
700692,100022,2002,3,2025-08-18,2025-08-27,Emergency,Home,10,General,0,4.1
700693,101313,2048,4,2021-08-07,2021-08-14,Emergency,Transferred,6,Private,0,4.2
700694,100754,2006,3,2022-01-31,2022-02-03,Urgent,Home,13,General,0,4.4
700695,100214,2043,6,2025-08-15,2025-08-23,Elective,Home,15,Semi-Private,0,3.5
700696,100712,2017,9,2025-01-19,2025-01-27,Emergency,Transferred,5,General,0,2.7
700697,101189,2079,10,2025-12-29,2026-01-07,Urgent,Home,12,Private,0,3.9
700698,102188,2036,8,2021-07-06,2021-07-17,Elective,Home,11,Semi-Private,0,3.9
700699,100409,2024,4,2024-07-21,2024-08-02,Emergency,Home,4,General,0,5.0
700700,102486,2061,2,2021-08-21,2021-09-03,Elective,Home,3,Semi-Private,0,4.2
700701,100797,2029,10,2022-08-16,2022-08-25,Elective,Home,14,General,0,4.4
700702,102061,2078,1,2023-05-18,2023-05-30,Urgent,Rehab,7,General,1,3.7
700703,101050,2058,11,2022-07-02,2022-07-16,Emergency,Transferred,5,General,0,3.6
700704,100861,2066,4,2021-10-10,2021-10-19,Urgent,Home,2,General,0,3.4
700705,100076,2053,5,2021-08-10,2021-08-14,Urgent,Home,3,General,0,3.1
700706,100366,2070,2,2023-01-25,2023-02-04,Elective,Home,5,Private,0,4.5
700707,101515,2009,3,2023-01-24,2023-01-28,Emergency,Home,9,Semi-Private,1,4.2
700708,100841,2076,4,2022-05-31,2022-06-11,Urgent,Transferred,12,Semi-Private,0,5.0
700709,101584,2042,3,2024-04-06,2024-04-08,Elective,Home,6,General,0,4.4
700710,100499,2039,8,2022-02-01,2022-02-09,Urgent,Home,15,Semi-Private,0,4.2
700711,101370,2069,11,2022-02-23,2022-02-25,Emergency,Home,11,ICU,0,2.5
700712,101781,2040,12,2024-07-06,2024-07-09,Urgent,Rehab,2,General,1,5.0
700713,101252,2059,2,2024-03-09,2024-03-18,Urgent,Home,8,Semi-Private,0,4.0
700714,100699,2044,9,2023-08-03,2023-08-05,Urgent,Rehab,12,ICU,0,2.4
700715,102251,2065,11,2024-05-22,2024-05-23,Emergency,Home,14,Semi-Private,0,4.2
700716,102494,2074,6,2024-06-03,2024-06-08,Elective,Home,6,General,0,3.4
700717,100132,2011,1,2024-06-13,2024-06-20,Emergency,Home,6,Private,1,3.4
700718,101269,2005,8,2021-07-09,2021-07-13,Emergency,Home,13,General,0,4.2
700719,100091,2077,10,2025-11-09,2025-11-13,Emergency,Home,14,ICU,0,3.6
700720,100472,2074,6,2023-04-25,2023-05-06,Urgent,Home,8,General,0,4.8
700721,101989,2049,4,2022-03-25,2022-03-28,Elective,Home,15,Semi-Private,0,3.9
700722,101266,2051,6,2024-05-04,2024-05-10,Emergency,Home,7,General,0,
700723,100502,2036,2,2025-01-26,2025-02-07,Urgent,Home,15,General,0,4.4
700724,100387,2016,1,2023-09-07,2023-09-20,Elective,Transferred,13,Semi-Private,0,4.2
700725,101031,2007,12,2025-07-14,2025-07-22,Urgent,Rehab,15,Semi-Private,0,4.2
700726,101112,2044,6,2025-01-20,2025-01-31,Urgent,Rehab,5,General,0,4.1
700727,100598,2026,8,2024-06-26,2024-07-09,Elective,Home,11,ICU,0,5.0
700728,100908,2036,5,2025-06-07,2025-06-21,Emergency,Home,14,Semi-Private,1,4.6
700729,101355,2053,8,2022-11-25,2022-12-06,Urgent,Home,9,Semi-Private,0,
700730,102390,2044,3,2023-12-20,2023-12-22,Emergency,Home,1,Private,0,3.2
700731,100464,2012,6,2023-03-07,2023-03-13,Elective,Home,13,ICU,0,3.4
700732,101073,2068,1,2021-04-14,2021-04-22,Urgent,Home,4,Semi-Private,1,4.3
700733,101351,2023,3,2025-02-28,2025-03-01,Emergency,Home,15,Semi-Private,0,3.2
700734,100474,2030,4,2022-02-18,2022-02-22,Elective,Transferred,10,General,0,3.5
700735,100888,2063,5,2023-05-17,2023-05-18,Emergency,Home,12,Private,0,3.0
700736,100939,2003,3,2023-01-13,2023-01-27,Emergency,Rehab,11,Semi-Private,0,4.7
700737,102416,2080,8,2024-08-30,2024-09-03,Emergency,Home,9,Private,1,4.5
700738,101311,2034,5,2021-08-17,2021-08-31,Urgent,Home,2,Semi-Private,0,4.7
700739,102341,2049,7,2022-12-29,2023-01-09,Emergency,Transferred,13,ICU,0,3.6
700740,101087,2044,5,2021-12-25,2022-01-03,Urgent,Rehab,13,Semi-Private,0,2.7
700741,100568,2041,8,2022-09-06,2022-09-12,Elective,Transferred,3,General,0,3.4
700742,100874,2048,1,2023-11-01,2023-11-07,Elective,Transferred,3,General,0,3.0
700743,100260,2071,3,2022-02-08,2022-02-13,Urgent,Transferred,6,General,0,3.0
700744,101657,2008,3,2023-07-10,2023-07-24,Elective,Home,15,Semi-Private,0,4.9
700745,100184,2007,10,2022-09-29,2022-10-02,Emergency,Home,3,General,0,3.8
700746,102195,2037,10,2022-06-23,2022-07-07,Emergency,Home,3,General,0,4.2
700747,101818,2055,3,2025-02-01,2025-02-03,Elective,Home,5,General,0,4.8
700748,100592,2071,6,2024-06-28,2024-07-07,Elective,Home,13,Semi-Private,0,3.2
700749,101772,2050,9,2022-09-05,2022-09-14,Emergency,Home,3,General,0,4.5
700750,101433,2021,12,2021-10-20,2021-10-27,Elective,Home,5,General,0,2.9
700751,101018,2034,6,2025-09-29,2025-10-01,Elective,Home,3,Private,0,4.2
700752,102488,2049,5,2025-11-05,2025-11-09,Urgent,Rehab,2,General,1,4.8
700753,101482,2027,12,2024-06-05,2024-06-16,Elective,Home,8,General,1,3.1
700754,100229,2008,1,2025-09-18,2025-09-26,Urgent,Expired,3,General,0,4.6
700755,101597,2034,2,2023-12-14,2023-12-24,Elective,Transferred,6,Private,0,4.2
700756,101369,2018,11,2024-06-01,2024-06-07,Urgent,Home,11,General,0,3.7
700757,101625,2051,1,2025-05-04,2025-05-09,Elective,Home,2,Semi-Private,0,3.1
700758,101288,2012,12,2024-06-27,2024-07-08,Elective,Home,1,General,0,4.2
700759,100740,2051,6,2022-06-20,2022-06-30,Emergency,Home,8,ICU,0,4.4
700760,102426,2063,3,2024-02-22,2024-02-24,Emergency,Home,12,,0,3.8
700761,100954,2040,12,2022-12-01,2022-12-02,Urgent,Home,3,Semi-Private,1,3.3
700762,102071,2022,5,2024-10-19,2024-10-20,Emergency,Transferred,2,General,0,4.6
700763,102341,2008,6,2022-10-07,2022-10-08,Emergency,Home,2,Semi-Private,0,4.9
700764,101291,2028,5,2025-02-07,2025-02-18,Urgent,Home,5,Semi-Private,0,4.7
700765,100476,2050,3,2021-08-14,2021-08-20,Elective,Transferred,6,Private,0,5.0
700766,101973,2047,2,2024-12-20,2024-12-24,Emergency,Home,11,Private,0,3.5
700767,102499,2056,2,2022-10-28,2022-11-08,Elective,Home,14,General,0,2.9
700768,100898,2032,12,2023-01-30,2023-02-08,Elective,Home,2,General,0,4.3
700769,102035,2011,2,2025-11-23,2025-12-02,Elective,Home,6,General,0,3.7
700770,100285,2021,10,2021-09-18,2021-09-21,Urgent,Transferred,1,ICU,0,4.7
700771,101186,2026,4,2023-08-24,2023-08-30,Emergency,Home,9,Semi-Private,1,3.2
700772,100590,2014,4,2023-03-22,2023-03-28,Elective,Home,4,General,0,3.3
700773,100122,2079,12,2021-01-24,2021-02-03,Urgent,Home,13,Private,0,4.1
700774,101136,2014,3,2022-08-03,2022-08-13,Urgent,Home,14,Private,1,4.1
700775,101263,2076,8,2025-09-11,2025-09-12,Emergency,Home,13,General,1,4.5
700776,100002,2003,4,2023-11-28,2023-12-07,Emergency,Transferred,5,Semi-Private,0,3.9
700777,100892,2057,8,2023-02-17,2023-02-21,Elective,Home,3,General,0,2.6
700778,100799,2007,11,2025-02-06,2025-02-12,Urgent,Transferred,6,General,0,5.0
700779,100629,2039,3,2021-01-07,2021-01-17,Elective,Transferred,1,Private,1,4.0
700780,101905,2057,11,2025-05-20,2025-06-01,Elective,Home,7,General,0,5.0
700781,100461,2065,12,2021-06-15,2021-06-23,Urgent,Home,8,General,0,3.9
700782,101974,2025,2,2021-07-07,2021-07-08,Elective,Transferred,3,Semi-Private,0,3.2
700783,100972,2031,8,2025-02-14,2025-02-22,Urgent,Transferred,2,General,0,3.8
700784,101265,2010,6,2024-08-26,2024-09-01,Urgent,Home,12,Semi-Private,0,4.8
700785,100054,2077,2,2022-05-21,2022-05-22,Urgent,Home,14,Semi-Private,0,4.5
700786,101491,2072,7,2023-06-29,2023-07-11,Urgent,Home,4,General,0,4.2
700787,100109,2009,12,2023-06-02,2023-06-14,Elective,Home,8,General,0,4.0
700788,100280,2079,10,2023-06-17,2023-06-26,Emergency,Home,11,Semi-Private,0,4.1
700789,101689,2008,7,2025-07-22,2025-08-04,Elective,Home,8,Private,1,3.9
700790,101699,2019,4,2021-05-12,2021-05-21,Urgent,Home,14,Semi-Private,1,4.9
700791,101081,2030,8,2022-09-23,2022-10-03,Urgent,Home,12,General,1,4.7
700792,102252,2009,3,2021-01-10,2021-01-24,Emergency,Transferred,11,Semi-Private,1,3.3
700793,100545,2047,9,2021-12-28,2022-01-05,Emergency,Home,13,General,0,2.9
700794,102357,2046,12,2024-05-31,2024-06-14,Elective,Home,8,Semi-Private,1,3.1
700795,100528,2001,11,2021-10-03,2021-10-10,Elective,Home,2,Semi-Private,0,3.7
700796,101932,2003,5,2022-01-26,2022-01-27,Emergency,Transferred,13,Private,0,4.2
700797,101009,2034,3,2023-12-10,2023-12-21,Elective,Home,4,Private,0,4.0
700798,101242,2025,9,2022-09-27,2022-09-28,Emergency,Home,10,General,0,4.5
700799,100617,2030,2,2024-05-21,2024-05-29,Elective,Rehab,15,General,0,4.0
700800,101613,2001,2,2025-04-09,2025-04-22,Emergency,Transferred,1,Private,0,5.0
700801,102079,2018,3,2022-05-07,2022-05-17,Urgent,Home,11,Semi-Private,0,4.4
700802,100100,2033,9,2024-02-02,2024-02-10,Elective,Home,7,ICU,0,4.0
700803,101339,2009,11,2024-09-29,2024-09-30,Emergency,Home,15,Semi-Private,0,2.9
700804,100495,2007,10,2021-04-29,2021-05-07,Elective,Home,10,General,0,4.3
700805,100742,2030,3,2021-09-28,2021-10-06,Emergency,Home,6,Semi-Private,0,4.4
700806,101539,2077,5,2021-10-18,2021-10-30,Urgent,Home,11,General,0,3.5
700807,100734,2013,9,2025-07-03,2025-07-13,Elective,Home,7,General,0,3.1
700808,101657,2013,10,2023-09-11,2023-09-21,Elective,Home,10,General,0,4.8
700809,101807,2042,6,2025-04-09,2025-04-22,Emergency,Home,12,ICU,1,3.3
700810,100998,2074,6,2025-11-03,2025-11-17,Emergency,Home,5,General,0,4.1
700811,102379,2078,11,2021-12-30,2022-01-11,Elective,Home,6,General,0,4.0
700812,101754,2063,1,2024-07-25,2024-07-28,Emergency,Rehab,12,General,0,4.3
700813,102300,2069,11,2023-05-21,2023-05-22,Elective,Home,6,Semi-Private,0,3.3
700814,101762,2036,2,2023-01-10,2023-01-13,Emergency,Home,6,General,0,3.9
700815,101025,2035,9,2023-09-24,2023-10-02,Emergency,Home,9,Semi-Private,0,3.3
700816,101483,2046,8,2023-02-25,2023-03-11,Emergency,Home,14,Private,0,4.1
700817,101669,2045,2,2022-11-26,2022-12-04,Urgent,Home,4,General,0,4.4
700818,101114,2056,5,2023-02-01,2023-02-13,Urgent,Home,2,Semi-Private,0,4.7
700819,101780,2005,5,2021-04-06,2021-04-13,Emergency,Home,9,General,0,5.0
700820,102121,2044,6,2021-01-01,2021-01-03,Emergency,Home,10,Semi-Private,0,3.8
700821,102204,2028,4,2023-03-19,2023-04-01,Emergency,Home,7,Semi-Private,0,
700822,100723,2042,9,2025-01-16,2025-01-21,Emergency,Home,5,Semi-Private,0,5.0
700823,102117,2031,5,2023-10-21,2023-10-31,Urgent,Home,6,Semi-Private,0,4.4
700824,100471,2007,4,2024-08-10,2024-08-18,Elective,Home,11,Semi-Private,0,4.9
700825,102348,2007,9,2023-09-18,2023-10-01,Urgent,Home,7,Semi-Private,0,5.0
700826,101735,2004,2,2023-11-17,2023-11-20,Urgent,Home,5,ICU,1,3.4
700827,101230,2032,11,2025-08-20,2025-08-26,Elective,Home,5,General,0,4.6
700828,102455,2028,11,2021-12-11,2021-12-13,Elective,Home,6,Semi-Private,0,3.6
700829,101946,2056,2,2022-03-15,2022-03-23,Urgent,Home,8,General,0,5.0
700830,100529,2004,3,2024-05-10,2024-05-19,Elective,Home,13,General,0,3.1
700831,100137,2008,10,2022-10-17,2022-10-18,Emergency,Home,2,Semi-Private,0,4.7
700832,102267,2014,4,2023-05-25,2023-05-29,Elective,Home,15,General,0,3.6
700833,101472,2030,12,2021-12-16,2021-12-22,Elective,Home,11,General,0,4.4
700834,102180,2003,10,2024-03-19,2024-04-02,Urgent,Home,10,General,0,5.0
700835,102036,2002,9,2024-03-19,2024-03-21,Elective,Home,9,General,0,3.5
700836,101387,2010,5,2023-03-16,2023-03-22,Emergency,Home,14,General,0,2.9
700837,101368,2070,2,2023-05-07,2023-05-18,Emergency,Rehab,10,General,0,3.8
700838,101720,2071,3,2022-08-24,2022-08-31,Urgent,Transferred,5,Private,0,3.7
700839,101042,2016,8,2021-07-30,2021-08-05,Urgent,Home,4,Semi-Private,0,3.0
700840,101749,2070,6,2022-04-06,2022-04-16,Elective,Home,8,Semi-Private,0,2.5
700841,100560,2080,5,2022-04-23,2022-05-03,Emergency,Rehab,4,General,1,4.9
700842,101565,2076,4,2022-04-20,2022-05-01,Emergency,Home,2,Semi-Private,0,5.0
700843,100928,2079,4,2025-07-04,2025-07-12,Elective,Transferred,5,General,0,3.5
700844,102380,2022,8,2023-01-28,2023-02-02,Urgent,Transferred,5,General,0,3.8
700845,101774,2035,12,2024-06-07,2024-06-10,Urgent,Rehab,4,Semi-Private,0,4.6
700846,102367,2079,6,2024-09-29,2024-10-01,Urgent,Home,3,Private,0,4.6
700847,101801,2049,5,2022-06-06,2022-06-08,Elective,Home,11,ICU,0,5.0
700848,101550,2002,5,2023-03-14,2023-03-16,Urgent,Home,5,General,0,4.5
700849,101812,2066,6,2025-12-20,2025-12-30,Emergency,Home,9,Semi-Private,0,3.2
700850,100980,2019,11,2022-01-05,2022-01-17,Emergency,Home,9,General,0,4.6
700851,100167,2069,11,2021-03-27,2021-04-01,Urgent,Home,9,Semi-Private,0,3.5
700852,100147,2004,3,2024-06-27,2024-07-07,Emergency,Home,6,General,0,4.0
700853,100445,2041,7,2024-03-24,2024-03-28,Elective,Home,8,General,1,4.8
700854,102118,2056,1,2023-09-25,2023-10-09,Elective,Home,1,General,0,3.3
700855,101352,2055,5,2025-09-06,2025-09-08,Emergency,Home,15,Private,0,3.9
700856,100919,2031,6,2022-10-21,2022-10-26,Emergency,Home,1,General,0,3.1
700857,101253,2022,2,2023-09-16,2023-09-23,Emergency,Home,7,ICU,0,3.3
700858,101852,2075,2,2023-12-05,2023-12-10,Elective,Home,12,Semi-Private,0,3.6
700859,101674,2048,9,2023-05-08,2023-05-19,Emergency,Transferred,5,Semi-Private,0,5.0
700860,100319,2080,2,2022-02-28,2022-03-08,Emergency,Home,2,Semi-Private,0,4.0
700861,100036,2004,3,2021-07-27,2021-08-08,Elective,Transferred,4,Semi-Private,1,5.0
700862,101654,2021,1,2021-03-05,2021-03-11,Emergency,Transferred,4,Semi-Private,0,4.7
700863,100255,2041,9,2023-04-10,2023-04-23,Emergency,Home,6,Semi-Private,0,4.7
700864,101337,2045,1,2023-02-07,2023-02-16,Emergency,Home,8,Semi-Private,0,3.2
700865,100962,2008,4,2022-09-08,2022-09-18,Emergency,Home,13,General,0,3.9
700866,100335,2009,7,2023-12-26,2023-12-31,Elective,Transferred,3,General,0,3.1
700867,100298,2018,2,2024-08-31,2024-09-08,Urgent,Home,12,Private,0,3.8
700868,101045,2031,8,2022-01-11,2022-01-25,Emergency,Home,12,General,0,3.7
700869,100478,2035,8,2025-07-31,2025-08-06,Urgent,Home,14,General,0,4.0
700870,101792,2030,12,2021-02-05,2021-02-12,Elective,Rehab,7,Semi-Private,0,4.6
700871,100962,2018,3,2022-12-08,2022-12-20,Elective,Rehab,15,Private,0,3.8
700872,100470,2041,4,2022-05-02,2022-05-10,Urgent,Home,2,Semi-Private,0,4.6
700873,100590,2024,11,2023-03-04,2023-03-08,Elective,Home,9,ICU,1,2.9
700874,101989,2048,7,2025-11-05,2025-11-09,Emergency,Home,12,Semi-Private,0,4.3
700875,102434,2014,5,2025-12-06,2025-12-17,Emergency,Home,7,General,0,3.7
700876,101570,2019,5,2022-02-16,2022-02-22,Elective,Transferred,15,General,1,4.2
700877,100446,2060,2,2023-08-08,2023-08-10,Emergency,Home,1,General,0,4.6
700878,102007,2022,6,2021-08-17,2021-08-26,Elective,Home,13,General,0,2.9
700879,101961,2030,4,2022-04-28,2022-05-10,Elective,Transferred,4,General,0,5.0
700880,100099,2015,5,2023-11-22,2023-11-30,Emergency,Home,2,General,0,3.9
700881,100655,2021,11,2024-06-23,2024-06-25,Elective,Transferred,10,Semi-Private,0,5.0
700882,101079,2026,5,2024-04-29,2024-05-11,Elective,Home,5,Semi-Private,0,4.1
700883,101356,2012,2,2022-11-29,2022-12-11,Elective,Home,9,Private,0,5.0
700884,100934,2007,8,2025-10-22,2025-11-05,Emergency,Home,3,Semi-Private,1,4.0
700885,101459,2075,11,2023-06-02,2023-06-03,Emergency,Transferred,5,General,0,4.2
700886,100817,2035,1,2022-06-26,2022-07-06,Elective,Home,11,Private,0,4.1
700887,100661,2068,2,2021-04-29,2021-05-03,Urgent,Home,10,General,0,3.8
700888,102280,2002,7,2025-07-22,2025-08-05,Elective,Transferred,2,Semi-Private,0,3.8
700889,100600,2020,7,2024-10-27,2024-11-07,Urgent,Rehab,15,General,0,4.2
700890,100920,2047,2,2024-09-10,2024-09-14,Emergency,Rehab,4,General,0,4.4
700891,101747,2012,1,2023-03-05,2023-03-19,Urgent,Home,2,General,0,4.2
700892,101759,2053,10,2025-01-03,2025-01-05,Elective,Home,8,Semi-Private,0,4.4
700893,101832,2017,1,2021-06-18,2021-06-23,Urgent,Transferred,7,General,0,2.9
700894,101172,2018,1,2025-09-21,2025-10-03,Emergency,Home,7,Semi-Private,0,4.7
700895,100360,2024,6,2023-08-29,2023-09-01,Elective,Home,7,General,0,3.4
700896,101968,2072,10,2023-04-10,2023-04-13,Elective,Home,9,General,0,2.8
700897,101441,2037,12,2023-04-19,2023-05-01,Elective,Home,2,General,0,5.0
700898,101720,2030,7,2025-10-03,2025-10-13,Emergency,Home,6,General,0,5.0
700899,101577,2052,2,2022-12-19,2022-12-31,Emergency,Home,15,Private,0,4.0
700900,100556,2023,6,2024-11-12,2024-11-15,Elective,Home,12,Private,0,4.8
700901,101234,2037,4,2023-05-24,2023-05-28,Urgent,Home,13,General,0,3.8
700902,102298,2074,9,2023-07-13,2023-07-24,Elective,Rehab,14,General,0,3.6
700903,101536,2024,11,2025-05-15,2025-05-20,Emergency,Home,4,General,1,3.6
700904,102187,2080,8,2021-01-06,2021-01-10,Urgent,Home,13,General,0,3.5
700905,100990,2050,8,2021-12-24,2022-01-02,Elective,Rehab,12,Private,0,3.8
700906,100910,2076,2,2022-05-28,2022-06-01,Emergency,Home,10,Private,1,3.5
700907,101962,2020,11,2023-02-04,2023-02-15,Emergency,Home,11,General,0,1.9
700908,100012,2047,5,2023-08-01,2023-08-08,Elective,Transferred,6,Semi-Private,0,3.9
700909,100980,2018,2,2025-02-18,2025-02-28,Emergency,Home,9,Semi-Private,0,3.3
700910,100273,2026,3,2021-08-20,2021-08-31,Emergency,Home,11,General,0,4.2
700911,100488,2071,8,2022-05-23,2022-05-28,Elective,Rehab,1,Private,0,3.8
700912,101998,2043,5,2022-11-05,2022-11-15,Emergency,Home,2,Semi-Private,0,4.5
700913,101049,2047,4,2025-10-22,2025-10-31,Emergency,Home,6,General,1,4.0
700914,100538,2043,5,2023-08-05,2023-08-14,Elective,Transferred,15,Semi-Private,0,3.1
700915,101689,2032,8,2021-03-19,2021-04-01,Elective,Home,12,Private,0,3.1
700916,101596,2007,10,2025-11-03,2025-11-16,Emergency,Rehab,12,Private,1,3.1
700917,100588,2032,7,2022-06-28,2022-07-11,Emergency,Home,7,Semi-Private,0,3.4
700918,101744,2065,6,2024-08-09,2024-08-17,Elective,Home,13,Private,0,3.5
700919,101691,2058,2,2025-10-14,2025-10-20,Emergency,Home,3,General,0,4.7
700920,101716,2053,10,2021-10-24,2021-11-06,Elective,Home,1,Semi-Private,0,4.1
700921,101618,2034,5,2023-10-18,2023-10-30,Urgent,Home,7,Semi-Private,1,2.6
700922,101034,2069,10,2023-09-06,2023-09-17,Elective,Home,12,Private,0,3.3
700923,100243,2056,9,2025-03-20,2025-03-26,Emergency,Rehab,2,General,0,4.0
700924,101202,2066,9,2022-08-13,2022-08-25,Emergency,Rehab,12,Private,0,3.2
700925,100257,2032,9,2024-07-13,2024-07-15,Emergency,Home,13,Semi-Private,0,4.1
700926,102043,2050,3,2021-01-24,2021-01-31,Emergency,Home,6,General,0,3.4
700927,100310,2024,9,2025-12-08,2025-12-17,Emergency,Home,4,Semi-Private,0,3.9
700928,101239,2046,9,2024-05-03,2024-05-12,Emergency,Transferred,10,General,0,3.6
700929,101089,2003,5,2022-01-15,2022-01-17,Urgent,Home,4,Private,0,4.1
700930,100636,2010,6,2025-09-18,2025-09-27,Urgent,Transferred,9,General,0,5.0
700931,100797,2006,7,2024-08-30,2024-09-06,Elective,Rehab,7,Semi-Private,0,4.7
700932,101177,2052,10,2025-08-25,2025-08-30,Emergency,Home,1,General,0,3.2
700933,102088,2050,10,2022-08-07,2022-08-12,Urgent,Home,4,Private,0,5.0
700934,101725,2058,10,2023-04-12,2023-04-18,Emergency,Home,10,Semi-Private,0,4.9
700935,101800,2052,6,2023-05-04,2023-05-17,Emergency,Transferred,6,Private,0,3.5
700936,102049,2013,5,2022-10-19,2022-10-27,Emergency,Home,2,General,0,3.4
700937,100079,2059,1,2025-08-16,2025-08-18,Elective,Rehab,4,General,0,4.3
700938,101351,2039,4,2021-06-23,2021-06-26,Emergency,Rehab,2,Private,0,4.5
700939,100620,2053,8,2023-06-20,2023-06-30,Emergency,Home,1,General,0,5.0
700940,101499,2058,8,2025-03-25,2025-04-01,Emergency,Home,1,General,0,4.4
700941,101379,2020,12,2024-04-13,2024-04-16,Urgent,Home,9,General,0,3.5
700942,101148,2063,6,2024-07-30,2024-07-31,Emergency,Home,13,General,0,3.6
700943,100978,2010,3,2024-06-14,2024-06-20,Emergency,Home,14,General,0,4.5
700944,101448,2026,12,2023-10-16,2023-10-23,Elective,Home,11,Private,0,3.0
700945,101538,2019,8,2021-07-19,2021-07-28,Emergency,Transferred,9,General,0,5.0
700946,101758,2061,7,2023-06-04,2023-06-05,Elective,Rehab,4,General,0,3.6
700947,100478,2077,11,2024-02-29,2024-03-11,Emergency,Home,14,Private,0,4.7
700948,101895,2034,9,2025-03-25,2025-04-03,Elective,Home,13,General,0,4.9
700949,102381,2044,3,2021-11-28,2021-12-08,Elective,Home,8,General,0,5.0
700950,101633,2018,11,2025-10-12,2025-10-19,Urgent,Transferred,12,Semi-Private,0,3.8
700951,101256,2072,6,2024-05-11,2024-05-19,Emergency,Home,10,Private,0,3.8
700952,102041,2016,1,2021-12-11,2021-12-14,Elective,Home,11,General,0,3.8
700953,101566,2077,12,2025-03-11,2025-03-16,Urgent,Home,7,Private,0,4.1
700954,100030,2026,8,2025-07-16,2025-07-19,Elective,Home,5,ICU,0,3.5
700955,100727,2065,2,2024-06-11,2024-06-18,Urgent,Rehab,15,ICU,0,4.9
700956,100173,2066,5,2025-12-28,2025-12-30,Urgent,Home,10,Private,0,4.8
700957,100468,2077,6,2022-02-20,2022-02-26,Elective,Rehab,2,General,0,3.8
700958,101976,2027,4,2021-10-20,2021-10-30,Emergency,Home,9,Private,0,3.5
700959,102445,2004,9,2025-10-13,2025-10-15,Elective,Home,7,General,0,3.7
700960,100125,2051,3,2022-03-19,2022-03-28,Elective,Transferred,4,General,0,3.6
700961,101547,2003,2,2023-08-25,2023-08-31,Elective,Transferred,15,Semi-Private,0,4.4
700962,101420,2066,3,2022-01-04,2022-01-09,Elective,Home,10,Private,1,4.1
700963,101878,2016,5,2022-10-14,2022-10-20,Elective,Home,14,Private,0,4.6
700964,101027,2074,1,2021-07-23,2021-08-05,Elective,Home,2,General,0,5.0
700965,100536,2028,10,2022-12-10,2022-12-22,Emergency,Transferred,2,General,0,4.2
700966,100601,2044,12,2021-07-26,2021-08-01,Emergency,Transferred,3,ICU,0,4.4
700967,100988,2018,4,2024-01-27,2024-02-02,Urgent,Home,13,General,0,5.0
700968,100606,2002,1,2022-07-28,2022-08-07,Urgent,Home,15,General,0,4.4
700969,100139,2078,9,2022-03-26,2022-04-01,Elective,Home,15,Private,0,3.6
700970,102058,2044,3,2022-04-23,2022-05-02,Emergency,Home,14,Semi-Private,0,3.9
700971,101555,2020,2,2025-07-02,2025-07-09,Emergency,Home,6,General,0,2.8
700972,100130,2056,5,2023-06-16,2023-06-27,Emergency,Expired,14,Private,0,4.4
700973,100401,2023,1,2023-10-27,2023-10-28,Emergency,Transferred,1,General,0,3.6
700974,101245,2060,10,2022-08-18,2022-08-28,Emergency,Home,5,Private,1,3.3
700975,100642,2071,7,2023-06-16,2023-06-25,Emergency,Home,10,General,0,3.4
700976,100437,2045,9,2021-07-30,2021-08-05,Emergency,Home,14,Private,0,4.9
700977,101424,2047,1,2023-11-17,2023-11-27,Elective,Home,3,General,0,3.8
700978,101137,2078,12,2025-06-24,2025-07-02,Urgent,Transferred,7,Semi-Private,0,4.6
700979,101476,2037,8,2022-03-22,2022-04-05,Emergency,Home,7,Private,0,4.3
700980,101579,2008,8,2021-02-25,2021-02-28,Elective,Home,10,Semi-Private,0,4.2
700981,100058,2005,7,2021-05-10,2021-05-13,Urgent,Home,15,Private,0,3.7
700982,101137,2023,10,2023-03-20,2023-04-02,Urgent,Home,12,General,0,4.4
700983,100700,2010,4,2023-03-01,2023-03-15,Emergency,Home,5,Private,1,3.7
700984,101146,2027,12,2025-06-09,2025-06-21,Emergency,Transferred,15,Semi-Private,1,4.1
700985,102456,2001,7,2022-09-17,2022-09-26,Emergency,Transferred,9,General,0,4.8
700986,101484,2071,2,2022-03-24,2022-04-05,Emergency,Home,11,Private,0,5.0
700987,101109,2008,6,2022-03-08,2022-03-17,Elective,Home,13,General,0,3.7
700988,101642,2011,12,2025-10-24,2025-10-29,Emergency,Home,10,Semi-Private,0,4.3
700989,100400,2028,11,2024-10-09,2024-10-14,Elective,Home,8,Semi-Private,0,4.4
700990,102404,2034,5,2025-05-09,2025-05-12,Emergency,Home,9,General,0,4.2
700991,102147,2043,5,2025-12-12,2025-12-19,Elective,Transferred,11,Semi-Private,0,4.6
700992,101545,2028,11,2022-06-10,2022-06-17,Emergency,Home,6,General,0,4.6
700993,100108,2049,8,2023-09-21,2023-09-24,Elective,Home,8,General,0,5.0
700994,101985,2061,1,2021-02-03,2021-02-11,Elective,Transferred,10,Private,1,5.0
700995,101998,2037,8,2022-08-09,2022-08-15,Elective,Transferred,2,General,0,3.9
700996,100152,2003,4,2022-10-31,2022-11-03,Emergency,Home,5,Private,0,5.0
700997,100906,2009,10,2025-03-15,2025-03-21,Emergency,Home,8,Private,0,4.3
700998,100850,2002,6,2024-04-01,2024-04-02,Emergency,Home,2,General,0,3.9
700999,101993,2023,6,2024-04-21,2024-04-27,Elective,Transferred,15,General,0,4.5
701000,100027,2051,1,2021-02-04,2021-02-11,Emergency,Home,2,General,0,3.8
701001,100119,2017,8,2024-10-23,2024-10-27,Elective,Home,3,ICU,0,4.0
701002,100723,2025,4,2022-02-14,2022-02-18,Emergency,Home,2,Private,0,3.2
701003,102148,2076,12,2022-08-23,2022-08-26,Emergency,Home,4,Semi-Private,0,4.1
701004,100003,2027,9,2024-08-18,2024-08-23,Elective,Home,4,Private,0,4.7
701005,100806,2020,7,2025-04-17,2025-04-29,Emergency,Rehab,1,General,0,4.5
701006,101993,2073,11,2021-11-13,2021-11-26,Emergency,Home,6,Private,0,4.3
701007,101130,2036,4,2023-05-28,2023-06-08,Elective,Home,12,Private,0,5.0
701008,101254,2028,12,2021-08-20,2021-08-21,Elective,Home,7,General,0,5.0
701009,100304,2029,1,2023-11-18,2023-11-24,Emergency,Transferred,7,General,0,4.4
701010,100177,2042,9,2023-03-22,2023-03-24,Emergency,Home,14,Semi-Private,0,5.0
701011,100084,2058,10,2021-06-21,2021-06-25,Elective,Home,12,Private,0,4.3
701012,100263,2032,6,2022-05-02,2022-05-16,Urgent,Home,5,General,0,4.1
701013,101220,2012,6,2025-10-01,2025-10-07,Emergency,Transferred,4,Semi-Private,0,4.7
701014,102457,2030,1,2022-03-13,2022-03-24,Elective,Home,2,Private,0,3.9
701015,102254,2060,5,2023-02-18,2023-03-01,Urgent,Home,5,Private,0,2.2
701016,100802,2011,4,2024-12-30,2025-01-05,Elective,Home,15,Semi-Private,0,3.8
701017,100895,2011,11,2023-02-11,2023-02-23,Emergency,Home,4,General,0,2.9
701018,100873,2080,1,2022-07-03,2022-07-13,Elective,Home,8,Semi-Private,1,3.7
701019,100388,2050,7,2022-08-23,2022-08-30,Emergency,Home,15,General,0,3.6
701020,101836,2001,4,2024-09-06,2024-09-07,Emergency,Rehab,10,General,0,3.6
701021,102004,2027,3,2021-01-31,2021-02-12,Emergency,Home,1,Semi-Private,0,3.2
701022,101032,2032,2,2024-10-06,2024-10-12,Emergency,Rehab,7,General,0,3.1
701023,101650,2006,8,2025-09-16,2025-09-25,Emergency,Home,5,Semi-Private,0,3.5
701024,101541,2041,5,2022-04-19,2022-04-27,Elective,Home,10,General,0,3.7
701025,100450,2036,10,2023-05-02,2023-05-10,Urgent,Rehab,5,Private,0,3.8
701026,100342,2039,9,2021-10-31,2021-11-11,Emergency,Home,1,General,0,4.2
701027,101097,2030,5,2022-11-02,2022-11-16,Emergency,Transferred,15,Semi-Private,0,4.5
701028,100860,2057,10,2022-10-02,2022-10-08,Elective,Rehab,9,General,0,3.2
701029,102169,2011,12,2025-10-03,2025-10-07,Elective,Expired,13,Semi-Private,0,3.3
701030,100302,2003,1,2023-07-03,2023-07-04,Elective,Home,15,General,0,5.0
701031,102020,2048,10,2022-08-16,2022-08-21,Elective,Home,7,Private,0,4.6
701032,100881,2006,5,2024-03-11,2024-03-24,Urgent,Home,2,General,0,3.4
701033,102282,2007,5,2022-10-10,2022-10-15,Emergency,Transferred,11,ICU,0,3.1
701034,100066,2044,8,2025-09-04,2025-09-18,Emergency,Home,5,Semi-Private,0,3.6
701035,100230,2061,6,2025-06-25,2025-07-02,Emergency,Home,8,General,0,3.8
701036,100922,2054,11,2022-02-24,2022-02-25,Elective,Transferred,14,Semi-Private,0,4.5
701037,101833,2051,5,2024-06-14,2024-06-27,Urgent,Home,15,Semi-Private,0,2.3
701038,100051,2048,8,2025-01-23,2025-02-03,Urgent,Home,11,Private,0,3.3
701039,100387,2061,1,2023-01-13,2023-01-19,Urgent,Home,7,General,1,5.0
701040,101062,2040,5,2025-06-05,2025-06-12,Emergency,Home,14,Private,0,4.0
701041,100753,2003,3,2025-07-10,2025-07-11,Elective,Home,2,General,1,4.0
701042,101197,2030,5,2022-12-06,2022-12-09,Emergency,Home,7,General,0,3.6
701043,101792,2024,3,2025-08-24,2025-09-03,Urgent,Home,6,Semi-Private,0,4.6
701044,101479,2067,4,2025-08-03,2025-08-12,Emergency,Transferred,12,General,0,2.6
701045,102089,2002,11,2023-09-09,2023-09-22,Emergency,Rehab,13,Semi-Private,0,3.7
701046,101945,2044,9,2025-06-01,2025-06-09,Urgent,Rehab,8,Semi-Private,0,2.4
701047,101153,2040,2,2021-08-31,2021-09-13,Elective,Home,9,Semi-Private,0,4.0
701048,101078,2019,10,2022-04-11,2022-04-25,Urgent,Transferred,14,Private,0,3.7
701049,102134,2063,12,2023-12-08,2023-12-18,Emergency,Home,7,Private,0,2.8
701050,102344,2024,1,2022-11-09,2022-11-15,Urgent,Transferred,14,Semi-Private,0,4.8
701051,101239,2050,12,2023-12-28,2024-01-05,Elective,Transferred,8,General,0,4.5
701052,100425,2020,4,2021-11-19,2021-12-01,Elective,Expired,12,Semi-Private,0,4.8
701053,102237,2057,8,2023-09-01,2023-09-03,Elective,Home,10,Private,0,2.9
701054,100161,2050,5,2024-01-16,2024-01-29,Elective,Transferred,7,General,1,3.2
701055,101565,2058,9,2021-01-20,2021-02-02,Emergency,Home,7,Semi-Private,0,4.9
701056,102429,2031,10,2022-05-25,2022-06-06,Emergency,Home,1,General,0,4.6
701057,100244,2037,3,2022-07-11,2022-07-18,Elective,Home,5,Semi-Private,0,5.0
701058,100183,2004,9,2023-04-26,2023-04-28,Elective,Home,10,Semi-Private,0,3.8
701059,100544,2058,1,2025-05-24,2025-05-27,Emergency,Rehab,5,Private,1,3.9
701060,101572,2010,2,2025-08-24,2025-08-26,Emergency,Transferred,15,Private,0,4.5
701061,100093,2063,9,2023-09-28,2023-10-09,Elective,Home,4,General,1,3.0
701062,102416,2036,9,2023-05-10,2023-05-15,Emergency,Home,15,Private,0,4.1
701063,100159,2055,10,2024-03-23,2024-04-05,Emergency,Home,13,Semi-Private,0,5.0
701064,102446,2057,5,2023-10-27,2023-11-06,Urgent,Transferred,14,General,0,3.7
701065,100438,2043,10,2022-02-19,2022-02-24,Emergency,Home,1,General,0,2.8
701066,102421,2065,12,2021-11-15,2021-11-21,Emergency,Home,7,Semi-Private,0,4.3
701067,100306,2012,4,2025-08-15,2025-08-21,Elective,Transferred,8,Private,0,3.3
701068,101974,2062,9,2024-05-07,2024-05-14,Elective,Home,5,Private,0,3.9
701069,100982,2024,12,2023-02-01,2023-02-15,Emergency,Home,4,General,0,4.8
701070,102377,2002,10,2025-09-14,2025-09-22,Urgent,Home,12,Private,0,4.4
701071,101889,2047,2,2023-03-06,2023-03-10,Elective,Home,9,Semi-Private,0,3.6
701072,100343,2056,3,2021-12-03,2021-12-12,Emergency,Home,3,General,0,4.6
701073,101889,2016,8,2024-09-02,2024-09-05,Emergency,Home,14,General,0,2.7
701074,101902,2034,1,2021-08-13,2021-08-18,Elective,Home,3,General,0,4.1
701075,102206,2077,2,2024-10-25,2024-10-28,Emergency,Home,13,Private,1,3.7
701076,101134,2018,5,2021-03-25,2021-03-27,Urgent,Home,4,Semi-Private,0,2.2
701077,102398,2029,7,2022-03-23,2022-04-04,Emergency,Home,7,General,0,3.1
701078,100365,2054,10,2022-08-22,2022-09-02,Elective,Home,2,General,0,4.0
701079,101921,2051,9,2025-02-17,2025-02-22,Elective,Home,8,Private,0,4.6
701080,102063,2014,3,2021-09-16,2021-09-25,Urgent,Home,2,General,0,4.0
701081,102201,2058,11,2023-06-17,2023-06-23,Emergency,Home,4,General,0,3.8
701082,100532,2035,4,2021-06-22,2021-06-26,Elective,Transferred,2,Private,0,4.6
701083,101076,2009,10,2022-06-03,2022-06-10,Emergency,Home,14,Semi-Private,0,4.2
701084,100855,2037,1,2022-03-21,2022-03-31,Urgent,Home,9,Private,0,4.7
701085,100469,2012,12,2022-03-11,2022-03-16,Elective,Home,13,Semi-Private,0,4.4
701086,101345,2011,1,2023-04-16,2023-04-28,Emergency,Home,4,Private,0,3.5
701087,100879,2027,1,2023-03-14,2023-03-21,Elective,Home,5,Semi-Private,0,4.5
701088,100367,2043,4,2025-08-27,2025-09-09,Emergency,Home,9,Semi-Private,0,4.7
701089,102003,2050,9,2025-12-15,2025-12-17,Emergency,Home,2,Semi-Private,0,5.0
701090,100641,2020,8,2023-01-10,2023-01-12,Elective,Home,4,Private,0,3.6
701091,100862,2013,4,2021-03-11,2021-03-20,Emergency,Home,6,ICU,0,3.7
701092,101435,2047,8,2024-05-01,2024-05-05,Urgent,Home,1,General,0,4.7
701093,100589,2008,7,2022-09-14,2022-09-15,Emergency,Home,1,General,0,4.6
701094,101330,2069,6,2022-05-14,2022-05-23,Elective,Home,7,Semi-Private,0,3.6
701095,100092,2071,10,2021-11-22,2021-11-23,Urgent,Rehab,6,Semi-Private,0,3.5
701096,100458,2064,12,2021-04-10,2021-04-24,Emergency,Home,13,Semi-Private,0,3.7
701097,101076,2044,2,2021-08-23,2021-09-03,Emergency,Expired,4,Semi-Private,0,4.1
701098,101885,2012,3,2024-03-08,2024-03-10,Emergency,Rehab,5,General,0,3.3
701099,101145,2004,4,2023-07-30,2023-08-08,Urgent,Home,5,Semi-Private,0,4.3
701100,101995,2040,7,2024-04-26,2024-05-07,Urgent,Home,9,General,0,2.7
701101,101915,2019,8,2022-12-01,2022-12-04,Emergency,Rehab,5,Semi-Private,1,3.4
701102,102040,2054,11,2021-01-24,2021-02-04,Emergency,Home,2,Private,0,4.1
701103,101516,2001,8,2022-04-17,2022-04-18,Urgent,Home,7,General,0,3.3
701104,101404,2013,4,2025-12-22,2025-12-25,Elective,Home,15,Semi-Private,0,3.7
701105,100387,2050,9,2025-02-04,2025-02-13,Elective,Home,15,General,0,3.9
701106,101982,2053,8,2024-06-03,2024-06-15,Elective,Home,10,General,0,5.0
701107,101631,2042,11,2023-12-11,2023-12-13,Elective,Rehab,9,General,1,3.0
701108,101685,2025,5,2023-05-12,2023-05-17,Urgent,Home,7,General,0,4.2
701109,101313,2044,3,2025-09-01,2025-09-02,Urgent,Rehab,8,Semi-Private,0,3.2
701110,101793,2061,2,2024-10-04,2024-10-14,Urgent,Home,13,Private,0,3.2
701111,100371,2021,12,2023-03-11,2023-03-12,Urgent,Home,15,ICU,0,3.3
701112,102232,2051,9,2021-01-09,2021-01-23,Emergency,Home,10,General,0,3.9
701113,100772,2076,1,2022-04-17,2022-04-29,Emergency,Home,3,Semi-Private,0,5.0
701114,101686,2080,7,2022-01-01,2022-01-08,Urgent,Rehab,11,ICU,0,4.9
701115,100205,2052,11,2021-12-21,2021-12-31,Emergency,Home,13,General,0,3.7
701116,100954,2063,7,2023-12-23,2024-01-02,Elective,Home,9,General,0,3.8
701117,102220,2054,1,2023-08-11,2023-08-14,Urgent,Rehab,7,General,1,4.4
701118,100825,2010,7,2024-10-14,2024-10-15,Emergency,Home,10,Semi-Private,0,4.0
701119,100222,2059,1,2023-05-07,2023-05-08,Emergency,Home,4,Semi-Private,0,3.5
701120,101192,2008,2,2025-02-04,2025-02-17,Emergency,Home,12,General,0,4.5
701121,101080,2051,9,2021-11-06,2021-11-17,Emergency,Home,10,General,0,5.0
701122,101599,2005,8,2022-11-24,2022-12-05,Elective,Home,13,Semi-Private,0,4.8
701123,101909,2076,9,2024-04-18,2024-04-23,Emergency,Home,7,Private,0,5.0
701124,100167,2042,12,2025-04-04,2025-04-07,Urgent,Home,3,General,0,3.9
701125,101543,2078,9,2025-08-10,2025-08-21,Emergency,Home,11,Semi-Private,1,3.2
701126,100142,2012,4,2024-01-28,2024-02-01,Elective,Home,10,ICU,0,2.5
701127,102173,2024,5,2022-05-16,2022-05-22,Emergency,Home,14,General,0,2.4
701128,100090,2045,10,2022-08-08,2022-08-10,Elective,Home,7,General,0,3.8
701129,100311,2053,7,2022-10-05,2022-10-12,Emergency,Home,3,Semi-Private,0,4.4
701130,101395,2053,6,2025-09-22,2025-09-27,Emergency,Home,2,Private,0,4.6
701131,102264,2017,9,2023-02-26,2023-03-06,Elective,Rehab,1,ICU,0,4.2
701132,101210,2065,2,2024-07-17,2024-07-21,Urgent,Transferred,11,Semi-Private,0,3.5
701133,100883,2058,8,2023-04-19,2023-05-03,Emergency,Home,6,General,0,4.5
701134,100761,2037,2,2023-08-08,2023-08-20,Emergency,Home,13,Semi-Private,0,3.1
701135,102144,2075,2,2021-08-26,2021-09-03,Elective,Home,14,Semi-Private,0,3.2
701136,101360,2042,3,2022-05-12,2022-05-16,Urgent,Home,3,General,0,4.5
701137,101539,2070,4,2024-04-09,2024-04-20,Emergency,Home,10,General,0,3.1
701138,100149,2079,6,2024-11-16,2024-11-30,Emergency,Home,12,Private,0,3.4
701139,100715,2040,6,2022-10-21,2022-11-04,Emergency,Home,11,General,0,3.3
701140,101426,2023,2,2023-06-10,2023-06-15,Emergency,Home,14,Private,0,4.1
701141,101718,2023,6,2022-07-13,2022-07-16,Emergency,Home,2,General,0,4.4
701142,101355,2049,8,2021-09-25,2021-10-06,Emergency,Transferred,11,Private,0,4.5
701143,101251,2076,5,2022-06-13,2022-06-17,Elective,Home,3,General,0,3.6
701144,101828,2007,1,2021-09-19,2021-09-28,Elective,Home,8,Semi-Private,0,3.9
701145,102406,2037,8,2023-04-25,2023-04-30,Emergency,Home,3,General,1,4.6
701146,102364,2016,6,2021-11-02,2021-11-15,Elective,Home,4,Semi-Private,0,3.6
701147,101533,2038,2,2022-02-26,2022-03-02,Emergency,Home,2,General,0,3.3
701148,101502,2040,7,2024-11-09,2024-11-13,Emergency,Home,15,Private,0,3.5
701149,101452,2029,8,2023-11-05,2023-11-12,Emergency,Home,8,General,0,3.5
701150,100450,2017,2,2022-05-09,2022-05-11,Emergency,Home,6,Semi-Private,0,4.0
701151,101836,2020,1,2022-07-09,2022-07-13,Urgent,Home,9,Semi-Private,1,4.0
701152,100090,2025,6,2024-05-29,2024-06-01,Emergency,Home,14,Semi-Private,0,3.9
701153,100176,2060,6,2022-04-20,2022-04-27,Elective,Home,15,Private,1,3.4
701154,101444,2038,8,2023-08-27,2023-08-31,Elective,Expired,8,General,0,3.3
701155,101756,2063,7,2022-03-29,2022-04-06,Elective,Home,13,Private,0,4.5
701156,102014,2039,8,2022-03-18,2022-03-23,Elective,Home,4,ICU,0,4.3
701157,102442,2064,10,2021-02-04,2021-02-13,Emergency,Rehab,13,Private,0,3.7
701158,101290,2021,10,2025-01-20,2025-01-29,Emergency,Home,13,ICU,0,4.0
701159,100504,2032,5,2021-01-02,2021-01-05,Emergency,Home,8,General,1,4.9
701160,100956,2028,2,2021-01-08,2021-01-17,Emergency,Home,15,Semi-Private,0,3.9
701161,101301,2012,5,2021-02-19,2021-02-23,Elective,Rehab,1,Semi-Private,0,4.0
701162,102148,2079,2,2021-05-30,2021-06-08,Elective,Home,11,Semi-Private,0,5.0
701163,101466,2080,9,2024-12-04,2024-12-16,Emergency,Home,9,Semi-Private,0,4.8
701164,100425,2023,5,2023-08-22,2023-09-05,Urgent,Home,5,Private,0,3.5
701165,101898,2015,1,2023-12-28,2023-12-30,Emergency,Home,4,Semi-Private,0,4.8
701166,101054,2012,9,2024-06-01,2024-06-06,Emergency,Home,5,Semi-Private,0,3.9
701167,100906,2004,10,2022-10-11,2022-10-17,Urgent,Home,13,General,0,3.2
701168,101887,2035,5,2025-12-23,2025-12-26,Emergency,Expired,1,ICU,1,5.0
701169,100651,2061,11,2023-06-11,2023-06-13,Urgent,Transferred,2,General,0,3.5
701170,100998,2027,1,2025-05-08,2025-05-09,Emergency,Transferred,13,General,1,3.6
701171,101927,2033,9,2021-07-16,2021-07-27,Emergency,Home,2,Private,1,3.7
701172,101211,2013,9,2023-02-20,2023-02-27,Emergency,Home,15,Semi-Private,0,5.0
701173,102188,2037,10,2021-06-30,2021-07-04,Elective,Home,11,General,0,3.3
701174,102368,2044,10,2021-06-28,2021-07-06,Elective,Home,13,Semi-Private,0,3.5
701175,100369,2002,9,2021-06-22,2021-06-30,Emergency,Home,15,Private,0,3.7
701176,102345,2038,6,2022-09-27,2022-10-05,Emergency,Transferred,9,General,0,4.4
701177,102048,2037,10,2022-07-30,2022-08-01,Emergency,Transferred,6,General,0,3.9
701178,100259,2059,10,2022-07-31,2022-08-13,Emergency,Home,3,General,0,3.5
701179,101637,2069,2,2024-07-09,2024-07-14,Urgent,Transferred,4,Private,0,4.5
701180,101568,2018,12,2024-02-18,2024-02-26,Emergency,Home,13,Private,0,5.0
701181,101145,2048,7,2023-08-02,2023-08-12,Elective,Home,1,General,0,2.8
701182,100018,2066,2,2025-10-06,2025-10-08,Emergency,Home,15,ICU,0,3.5
701183,101333,2049,4,2022-09-16,2022-09-18,Emergency,Rehab,7,Semi-Private,0,4.4
701184,101904,2058,4,2022-01-03,2022-01-04,Elective,Home,7,Private,0,3.1
701185,101657,2035,10,2025-08-09,2025-08-15,Urgent,Home,13,Private,0,3.9
701186,100110,2078,7,2021-03-12,2021-03-26,Urgent,Home,8,General,0,5.0
701187,100331,2076,6,2021-06-11,2021-06-25,Elective,Rehab,1,Private,0,4.5
701188,101597,2058,12,2025-12-06,2025-12-11,Emergency,Transferred,9,ICU,0,4.4
701189,100946,2007,11,2024-10-22,2024-11-04,Emergency,Home,2,Semi-Private,0,4.6
701190,101288,2009,12,2024-07-17,2024-07-18,Elective,Home,13,General,0,4.2
701191,100268,2069,12,2023-03-17,2023-03-28,Emergency,Home,1,General,0,3.7
701192,100435,2004,10,2021-10-17,2021-10-25,Urgent,Home,1,ICU,0,4.7
701193,102036,2032,7,2021-08-14,2021-08-22,Elective,Home,8,General,1,3.6
701194,102498,2005,6,2025-05-19,2025-05-24,Urgent,Home,3,Private,0,3.9
701195,102345,2056,1,2023-05-11,2023-05-22,Elective,Home,13,General,0,2.8
701196,101942,2056,11,2024-04-13,2024-04-16,Elective,Transferred,6,Semi-Private,0,3.6
701197,101614,2044,4,2024-04-27,2024-05-05,Emergency,Transferred,6,General,0,4.1
701198,100719,2072,3,2021-10-06,2021-10-09,Elective,Home,11,Private,0,4.0
701199,102232,2013,7,2023-11-09,2023-11-22,Emergency,Home,2,General,0,4.7
701200,102460,2004,7,2023-10-29,2023-11-02,Elective,Home,2,General,0,3.7
701201,102368,2052,12,2023-09-02,2023-09-13,Elective,Home,1,Private,1,3.7
701202,100741,2075,12,2023-01-23,2023-02-06,Elective,Home,9,General,1,3.6
701203,101600,2015,11,2024-05-29,2024-06-05,Elective,Transferred,1,General,0,4.2
701204,101350,2001,4,2023-10-08,2023-10-15,Elective,Home,13,General,0,5.0
701205,101591,2065,7,2025-10-13,2025-10-17,Emergency,Home,13,General,0,2.3
701206,100805,2011,4,2022-07-15,2022-07-24,Urgent,Home,6,ICU,0,3.6
701207,100417,2061,9,2021-07-02,2021-07-08,Emergency,Rehab,12,Private,0,3.7
701208,100882,2063,3,2024-09-23,2024-10-01,Urgent,Home,9,Semi-Private,0,2.4
701209,100791,2038,10,2022-08-18,2022-08-25,Elective,Home,6,General,0,3.9
701210,101976,2069,2,2023-06-13,2023-06-17,Urgent,Home,11,General,1,3.7
701211,101727,2045,5,2021-08-23,2021-09-04,Elective,Home,6,,0,3.7
701212,101928,2074,9,2024-04-15,2024-04-17,Elective,Rehab,4,General,0,3.2
701213,101809,2070,11,2021-07-12,2021-07-23,Emergency,Home,5,Private,0,3.9
701214,101631,2068,3,2021-09-19,2021-10-02,Elective,Home,13,General,0,3.1
701215,102138,2004,1,2025-04-10,2025-04-12,Emergency,Home,1,Semi-Private,0,3.4
701216,101099,2071,9,2023-02-11,2023-02-25,Elective,Home,3,Semi-Private,0,3.9
701217,101291,2048,5,2022-10-31,2022-11-08,Emergency,Rehab,11,ICU,0,4.8
701218,101845,2009,2,2022-11-07,2022-11-15,Elective,Transferred,6,Private,0,4.3
701219,100426,2047,6,2022-06-21,2022-07-03,Emergency,Home,2,Private,0,4.5
701220,100883,2060,3,2025-09-15,2025-09-16,Emergency,Home,1,General,0,5.0
701221,101838,2052,9,2021-09-15,2021-09-28,Urgent,Home,13,Semi-Private,1,4.3
701222,100786,2033,3,2025-05-24,2025-05-25,Urgent,Rehab,1,ICU,0,3.2
701223,100535,2058,2,2022-11-18,2022-11-22,Elective,Home,14,General,0,3.6
701224,101635,2048,3,2024-06-06,2024-06-07,Urgent,Home,1,Semi-Private,0,3.4
701225,100285,2005,6,2022-03-31,2022-04-10,Emergency,Home,10,Semi-Private,1,3.9
701226,101130,2027,3,2025-12-19,2025-12-20,Emergency,Home,10,Semi-Private,0,3.7
701227,100504,2041,9,2025-11-02,2025-11-12,Emergency,Transferred,12,Semi-Private,0,3.3
701228,100046,2001,9,2024-02-18,2024-02-29,Emergency,Home,1,General,0,4.7
701229,101471,2051,9,2025-12-23,2025-12-28,Emergency,Home,13,Semi-Private,0,4.7
701230,101168,2016,2,2022-02-28,2022-03-01,Elective,Rehab,6,General,0,4.1
701231,100537,2032,7,2022-04-04,2022-04-14,Emergency,Home,14,Semi-Private,1,3.2
701232,100062,2047,12,2025-04-25,2025-05-07,Emergency,Home,10,General,0,4.1
701233,101766,2023,2,2025-09-19,2025-09-25,Elective,Home,4,Semi-Private,0,3.5
701234,101106,2015,1,2025-07-28,2025-08-01,Emergency,Home,4,Semi-Private,0,5.0
701235,102384,2026,5,2025-03-23,2025-04-02,Emergency,Home,14,Semi-Private,0,3.1
701236,100211,2037,11,2022-05-12,2022-05-25,Emergency,Home,4,General,0,4.5
701237,102448,2055,11,2022-01-20,2022-01-31,Urgent,Home,8,Semi-Private,0,4.5
701238,100709,2002,8,2025-06-04,2025-06-15,Emergency,Home,7,Semi-Private,0,4.7
701239,102395,2076,3,2025-04-14,2025-04-19,Urgent,Home,5,Semi-Private,0,4.1
701240,102028,2019,7,2022-06-23,2022-07-07,Elective,Home,14,ICU,0,3.8
701241,100377,2032,6,2021-03-15,2021-03-24,Emergency,Home,15,General,0,5.0
701242,101186,2069,11,2024-02-14,2024-02-16,Emergency,Home,7,Semi-Private,1,3.3
701243,102092,2055,1,2021-12-16,2021-12-19,Elective,Home,8,Private,0,4.5
701244,100787,2056,12,2022-02-25,2022-03-10,Urgent,Transferred,10,General,1,4.0
701245,100733,2029,7,2021-04-13,2021-04-16,Emergency,Home,8,Semi-Private,0,4.3
701246,100968,2036,3,2021-02-13,2021-02-24,Emergency,Home,11,Semi-Private,0,4.3
701247,100522,2071,4,2025-03-03,2025-03-12,Emergency,Home,7,General,0,3.2
701248,102159,2053,10,2025-10-04,2025-10-07,Emergency,Home,7,Semi-Private,0,3.0
701249,101079,2039,2,2023-08-08,2023-08-18,Urgent,Transferred,13,General,0,3.0
701250,100524,2076,11,2024-05-08,2024-05-13,Elective,Home,14,Private,0,3.7
701251,102194,2011,1,2021-01-12,2021-01-18,Emergency,Home,9,Semi-Private,0,4.2
701252,102312,2076,5,2022-09-19,2022-09-25,Urgent,Home,11,General,0,3.5
701253,100468,2030,6,2024-03-15,2024-03-21,Emergency,Transferred,15,Private,0,2.9
701254,101585,2079,11,2024-02-03,2024-02-04,Elective,Home,15,General,0,4.7
701255,101211,2072,2,2021-01-16,2021-01-22,Elective,Home,5,Private,1,2.8
701256,101987,2053,10,2022-03-28,2022-03-29,Emergency,Rehab,8,General,0,4.4
701257,101749,2074,6,2021-09-30,2021-10-06,Emergency,Home,2,General,0,3.4
701258,100758,2008,6,2021-06-01,2021-06-14,Emergency,Transferred,12,General,0,4.9
701259,101178,2020,8,2023-03-20,2023-03-30,Urgent,Home,15,Semi-Private,0,3.6
701260,100919,2012,8,2024-09-11,2024-09-17,Elective,Home,13,General,0,2.7
701261,101120,2067,6,2024-08-06,2024-08-09,Emergency,Home,8,General,0,4.0
701262,100706,2050,7,2024-01-13,2024-01-16,Elective,Home,1,General,0,3.4
701263,101959,2012,4,2025-08-03,2025-08-09,Elective,Home,9,General,0,4.6
701264,100834,2054,5,2021-10-10,2021-10-12,Emergency,Home,1,General,0,4.2
701265,100399,2080,6,2025-06-13,2025-06-25,Elective,Home,14,General,0,3.5
701266,101808,2054,6,2024-06-07,2024-06-12,Elective,Home,8,General,0,3.2
701267,101400,2074,3,2022-08-05,2022-08-15,Emergency,Home,15,General,0,3.2
701268,100328,2019,9,2022-01-22,2022-01-25,Urgent,Home,3,General,0,3.6
701269,101296,2014,4,2021-05-23,2021-05-28,Elective,Home,14,General,0,5.0
701270,101621,2052,8,2021-10-26,2021-11-09,Emergency,Home,4,Private,1,3.9
701271,102443,2078,4,2025-03-13,2025-03-26,Urgent,Home,15,Semi-Private,1,4.7
701272,101042,2022,6,2024-07-17,2024-07-20,Emergency,Home,13,Private,0,2.9
701273,100919,2004,1,2025-05-06,2025-05-08,Urgent,Transferred,11,Private,0,2.6
701274,100077,2059,2,2025-08-15,2025-08-19,Emergency,Home,13,General,0,3.3
701275,101073,2034,6,2022-05-28,2022-06-02,Elective,Home,10,Private,0,4.5
701276,101450,2064,3,2023-01-20,2023-01-26,Elective,Rehab,7,Semi-Private,0,3.8
701277,101772,2018,11,2025-11-15,2025-11-28,Emergency,Home,15,Private,0,4.7
701278,101580,2031,7,2024-10-13,2024-10-26,Emergency,Home,10,General,1,4.9
701279,101018,2042,1,2022-04-21,2022-05-05,Elective,Home,13,Private,0,3.3
701280,100129,2074,3,2025-02-03,2025-02-17,Elective,Rehab,3,Private,0,4.6
701281,100519,2003,3,2022-10-27,2022-11-10,Emergency,Transferred,9,Private,1,5.0
701282,102352,2055,12,2021-12-02,2021-12-04,Urgent,Home,3,Private,0,4.8
701283,101136,2010,1,2021-02-18,2021-03-03,Elective,Home,8,Semi-Private,0,2.8
701284,100912,2071,4,2022-10-31,2022-11-14,Emergency,Home,8,General,0,2.6
701285,100816,2022,8,2025-05-14,2025-05-17,Elective,Home,14,Private,1,3.7
701286,100974,2023,11,2024-04-05,2024-04-08,Elective,Home,3,Semi-Private,0,3.7
701287,101963,2076,7,2021-05-07,2021-05-13,Urgent,Home,13,Private,0,4.6
701288,102411,2013,7,2023-09-16,2023-09-17,Emergency,Home,3,General,0,3.3
701289,101090,2040,5,2025-08-19,2025-08-26,Emergency,Home,10,Semi-Private,0,4.3
701290,101801,2013,4,2022-02-02,2022-02-15,Emergency,Transferred,5,Semi-Private,0,3.2
701291,100809,2051,10,2024-05-31,2024-06-08,Urgent,Home,8,Semi-Private,0,4.3
701292,101343,2064,6,2025-01-06,2025-01-13,Emergency,Rehab,6,General,0,3.7
701293,101038,2013,2,2021-02-17,2021-02-21,Emergency,Home,5,Private,0,4.3
701294,100570,2029,1,2021-05-23,2021-05-30,Elective,Home,5,Private,0,3.7
701295,100970,2071,7,2021-02-13,2021-02-14,Emergency,Transferred,11,Semi-Private,0,2.3
701296,101880,2047,4,2022-06-19,2022-07-02,Emergency,Home,12,Semi-Private,0,4.4
701297,102401,2026,7,2022-06-02,2022-06-15,Elective,Rehab,6,General,0,4.9
701298,100610,2070,6,2025-02-05,2025-02-13,Emergency,Home,8,Semi-Private,0,3.4
701299,101984,2023,11,2025-02-03,2025-02-17,Elective,Rehab,6,Semi-Private,0,4.6
701300,100388,2075,9,2025-12-15,2025-12-25,Emergency,Home,7,General,0,3.5
701301,101698,2056,12,2022-01-26,2022-02-05,Elective,Home,9,General,0,3.0
701302,100759,2019,10,2025-05-04,2025-05-07,Emergency,Expired,7,Private,0,3.5
701303,101862,2050,6,2023-10-23,2023-11-01,Elective,Home,14,General,0,3.9
701304,102490,2035,3,2022-09-29,2022-09-30,Emergency,Home,9,Semi-Private,1,3.0
701305,100516,2049,7,2025-11-23,2025-11-29,Emergency,Home,10,General,0,5.0
701306,101842,2046,9,2022-04-12,2022-04-13,Emergency,Transferred,13,General,0,2.9
701307,100045,2070,11,2023-01-07,2023-01-15,Elective,Home,1,Semi-Private,0,3.6
701308,101443,2053,10,2023-12-09,2023-12-23,Emergency,Home,3,Private,0,3.3
701309,100723,2031,12,2023-07-13,2023-07-16,Elective,Transferred,6,General,0,5.0
701310,100756,2022,12,2024-06-23,2024-06-27,Elective,Transferred,15,Semi-Private,0,2.9
701311,102251,2067,6,2021-10-20,2021-11-01,Emergency,Home,3,Semi-Private,0,4.6
701312,101909,2008,7,2025-09-29,2025-10-05,Emergency,Transferred,11,General,0,4.1
701313,100386,2019,8,2023-04-27,2023-05-01,Elective,Home,14,ICU,1,3.1
701314,102031,2031,4,2022-08-08,2022-08-22,Urgent,Home,2,General,0,3.7
701315,100360,2032,5,2023-09-02,2023-09-10,Emergency,Home,5,Semi-Private,0,3.9
701316,101492,2079,4,2021-01-15,2021-01-24,Emergency,Home,1,General,0,4.4
701317,100983,2055,1,2021-10-14,2021-10-19,Emergency,Transferred,5,Private,1,3.5
701318,101968,2031,6,2021-11-23,2021-11-24,Emergency,Home,13,Private,0,4.5
701319,100205,2067,7,2025-02-02,2025-02-10,Emergency,Home,11,ICU,0,4.0
701320,101073,2051,2,2024-01-13,2024-01-27,Urgent,Home,8,General,0,4.3
701321,100366,2074,6,2024-08-21,2024-09-03,Elective,Home,9,General,0,3.3
701322,102301,2027,11,2021-09-10,2021-09-12,Emergency,Home,10,Semi-Private,1,3.8
701323,102126,2048,2,2021-08-11,2021-08-17,Urgent,Transferred,13,General,0,4.1
701324,100769,2043,10,2023-03-19,2023-03-25,Emergency,Home,6,Semi-Private,0,4.1
701325,100987,2051,5,2021-05-29,2021-06-09,Emergency,Transferred,4,General,0,4.0
701326,100417,2069,1,2023-05-21,2023-05-28,Emergency,Home,3,Private,0,5.0
701327,101462,2075,3,2022-05-04,2022-05-16,Emergency,Home,8,Semi-Private,0,4.4
701328,102360,2071,4,2025-06-27,2025-07-06,Elective,Home,12,General,0,4.5
701329,101167,2072,4,2022-08-14,2022-08-15,Emergency,Home,15,Semi-Private,0,4.2
701330,100197,2050,2,2025-03-20,2025-03-30,Elective,Home,2,Private,0,4.4
701331,102308,2061,8,2022-10-07,2022-10-20,Elective,Home,8,General,0,4.1
701332,101390,2041,6,2025-09-06,2025-09-18,Emergency,Rehab,7,General,0,5.0
701333,101216,2051,9,2023-03-30,2023-04-07,Elective,Rehab,2,General,0,4.0
701334,102072,2078,6,2023-10-12,2023-10-23,Elective,Home,2,Private,0,4.6
701335,101099,2024,3,2023-10-02,2023-10-07,Urgent,Home,2,General,0,5.0
701336,101902,2030,12,2023-11-21,2023-12-04,Emergency,Home,15,General,0,4.5
701337,101670,2052,2,2024-05-29,2024-06-04,Emergency,Home,1,Semi-Private,0,3.8
701338,101418,2050,9,2022-01-25,2022-02-02,Urgent,Rehab,7,General,0,3.4
701339,102158,2057,3,2023-09-13,2023-09-21,Emergency,Home,8,Semi-Private,0,3.6
701340,102138,2062,6,2021-04-23,2021-05-05,Emergency,Transferred,7,ICU,0,4.3
701341,100037,2079,10,2022-05-04,2022-05-15,Elective,Home,15,Semi-Private,0,5.0
701342,100993,2053,2,2023-09-27,2023-10-04,Emergency,Home,4,General,0,4.5
701343,101587,2068,7,2024-06-21,2024-06-28,Elective,Home,11,Semi-Private,0,3.7
701344,100572,2077,1,2022-01-22,2022-02-03,Urgent,Home,15,General,0,3.8
701345,100307,2069,9,2025-01-26,2025-02-07,Elective,Home,12,General,0,3.9
701346,102110,2031,1,2023-01-16,2023-01-17,Elective,Transferred,9,ICU,0,3.0
701347,100305,2076,9,2023-08-02,2023-08-10,Emergency,Home,13,General,0,3.7
701348,102227,2030,11,2023-06-03,2023-06-06,Elective,Home,2,Semi-Private,0,3.6
701349,101768,2010,1,2023-10-06,2023-10-11,Elective,Home,5,General,0,5.0
701350,100932,2044,1,2023-09-20,2023-09-24,Emergency,Home,15,General,0,4.7
701351,101468,2006,8,2021-05-16,2021-05-26,Emergency,Home,2,Private,0,3.2
701352,101543,2027,1,2025-05-09,2025-05-12,Elective,Home,3,Semi-Private,0,2.8
701353,101993,2020,8,2025-05-25,2025-06-04,Emergency,Rehab,2,General,0,3.0
701354,100797,2020,3,2021-01-13,2021-01-18,Emergency,Home,8,General,0,5.0
701355,101535,2012,4,2023-12-22,2023-12-25,Emergency,Home,15,General,0,3.0
701356,100747,2049,2,2022-06-24,2022-07-03,Emergency,Home,10,General,0,5.0
701357,100453,2052,6,2021-06-21,2021-07-02,Emergency,Home,14,General,1,4.2
701358,100831,2010,7,2022-01-06,2022-01-19,Urgent,Home,13,General,0,3.8
701359,100758,2005,10,2022-08-31,2022-09-09,Elective,Expired,6,Private,0,3.1
701360,100861,2064,3,2021-03-09,2021-03-22,Elective,Home,5,General,0,4.9
701361,101976,2058,9,2023-10-31,2023-11-06,Emergency,Home,5,Private,0,4.4
701362,101553,2008,3,2025-11-02,2025-11-05,Emergency,Home,9,General,0,4.7
701363,101919,2030,7,2021-09-23,2021-09-28,Emergency,Home,2,Semi-Private,0,3.8
701364,100819,2017,4,2022-03-08,2022-03-19,Emergency,Home,13,General,0,4.5
701365,101393,2067,5,2022-11-14,2022-11-22,Elective,Home,1,General,1,5.0
701366,101880,2021,12,2024-02-11,2024-02-20,Emergency,Transferred,6,Semi-Private,0,4.4
701367,100381,2016,9,2024-11-29,2024-12-02,Emergency,Home,8,General,0,3.2
701368,101243,2027,3,2024-01-29,2024-02-03,Urgent,Home,8,Semi-Private,0,4.4
701369,100649,2006,3,2022-05-20,2022-06-02,Emergency,Transferred,6,General,0,4.6
701370,100246,2042,9,2025-11-04,2025-11-18,Elective,Rehab,3,Private,0,5.0
701371,102299,2016,9,2021-02-17,2021-03-03,Emergency,Home,3,General,0,4.4
701372,100565,2045,4,2021-09-28,2021-10-11,Emergency,Home,2,Private,0,4.8
701373,100821,2003,1,2021-10-05,2021-10-07,Elective,Home,13,General,0,4.5
701374,100472,2040,1,2025-12-28,2025-12-30,Emergency,Home,2,Private,0,3.0
701375,102017,2020,12,2025-05-06,2025-05-08,Emergency,Rehab,2,Semi-Private,0,4.6
701376,100122,2007,9,2025-04-13,2025-04-25,Emergency,Home,7,General,0,4.1
701377,101350,2059,6,2024-07-20,2024-07-26,Emergency,Home,15,Semi-Private,0,5.0
701378,100781,2011,5,2025-10-11,2025-10-14,Elective,Home,10,Semi-Private,0,2.9
701379,100121,2052,12,2024-06-19,2024-06-29,Elective,Home,9,Semi-Private,0,3.2
701380,102187,2003,10,2023-08-19,2023-08-24,Emergency,Home,10,Private,0,4.5
701381,102135,2021,3,2022-08-05,2022-08-13,Emergency,Transferred,14,General,0,5.0
701382,102178,2053,3,2025-01-30,2025-02-04,Urgent,Rehab,11,Semi-Private,0,3.9
701383,102300,2030,2,2024-09-04,2024-09-06,Emergency,Home,13,Semi-Private,0,3.9
701384,101886,2011,7,2023-04-06,2023-04-12,Elective,Home,7,Semi-Private,1,4.2
701385,101384,2025,9,2021-09-18,2021-09-20,Urgent,Transferred,12,Private,0,3.6
701386,101837,2050,6,2022-01-15,2022-01-28,Emergency,Transferred,8,Private,0,4.7
701387,100047,2009,10,2021-05-23,2021-05-31,Emergency,Home,12,Private,0,3.6
701388,101969,2045,1,2023-02-26,2023-02-28,Urgent,Home,12,ICU,1,4.5
701389,101834,2029,6,2025-01-27,2025-02-03,Emergency,Home,5,General,0,3.0
701390,102473,2062,11,2025-08-09,2025-08-23,Emergency,Home,2,General,1,5.0
701391,101399,2015,8,2024-08-06,2024-08-10,Elective,Home,14,ICU,0,2.4
701392,101878,2019,8,2024-05-25,2024-05-29,Emergency,Home,8,General,1,3.2
701393,100731,2015,10,2025-09-25,2025-10-09,Urgent,Home,5,Private,0,5.0
701394,100111,2039,3,2024-05-02,2024-05-10,Emergency,Home,13,Semi-Private,0,4.1
701395,101251,2035,1,2021-09-17,2021-09-21,Elective,Home,14,Semi-Private,0,3.5
701396,101811,2013,5,2023-08-04,2023-08-12,Elective,Home,9,Private,0,3.0
701397,100135,2016,6,2023-03-17,2023-03-26,Elective,Home,6,Private,1,3.7
701398,101319,2067,10,2024-08-04,2024-08-12,Elective,Home,13,Private,0,4.2
701399,100610,2055,9,2023-11-26,2023-11-30,Urgent,Home,7,Semi-Private,0,4.4
701400,101058,2065,2,2022-03-15,2022-03-20,Urgent,Home,1,Semi-Private,0,4.2
701401,102476,2035,1,2025-02-02,2025-02-08,Emergency,Home,8,General,0,2.7
701402,101989,2016,7,2021-06-15,2021-06-24,Elective,Home,7,General,0,4.1
701403,102247,2001,2,2025-08-24,2025-09-06,Emergency,Home,7,General,0,4.3
701404,100560,2050,11,2023-09-20,2023-09-25,Emergency,Home,7,Semi-Private,0,4.3
701405,100259,2014,2,2021-12-10,2021-12-24,Emergency,Home,15,General,0,4.0
701406,101649,2062,3,2025-10-19,2025-11-02,Elective,Expired,7,General,0,3.1
701407,102185,2007,4,2021-07-09,2021-07-11,Emergency,Home,15,General,0,3.3
701408,100916,2023,7,2023-09-24,2023-10-01,Elective,Rehab,11,Semi-Private,0,4.9
701409,102429,2063,1,2024-11-13,2024-11-19,Emergency,Home,1,General,0,3.4
701410,100238,2029,6,2023-08-02,2023-08-13,Urgent,Home,12,General,0,3.5
701411,100688,2022,11,2023-05-05,2023-05-17,Elective,Home,9,Private,0,3.8
701412,101611,2080,7,2021-02-27,2021-03-13,Urgent,Home,7,General,0,3.1
701413,101159,2006,3,2024-04-05,2024-04-08,Elective,Home,7,General,0,4.5
701414,102130,2029,3,2025-01-20,2025-01-28,Urgent,Home,11,,0,3.0
701415,100595,2002,2,2021-01-11,2021-01-14,Elective,Home,13,Semi-Private,0,4.8
701416,101751,2064,5,2022-09-14,2022-09-24,Elective,Rehab,12,Semi-Private,0,3.0
701417,100403,2036,7,2023-03-08,2023-03-19,Emergency,Home,1,Private,0,3.8
701418,100822,2020,11,2024-01-28,2024-02-01,Elective,Transferred,6,General,0,4.3
701419,102236,2055,12,2024-10-09,2024-10-18,Emergency,Home,10,Semi-Private,0,4.6
701420,101783,2037,3,2023-01-31,2023-02-13,Emergency,Home,8,General,0,3.8
701421,102303,2052,7,2024-10-16,2024-10-20,Elective,Home,14,Semi-Private,0,3.5
701422,101698,2069,8,2022-11-29,2022-12-01,Emergency,Home,5,Semi-Private,0,5.0
701423,102473,2070,3,2021-07-17,2021-07-26,Emergency,Home,12,General,0,4.1
701424,101439,2022,11,2023-08-08,2023-08-18,Emergency,Home,12,General,0,3.9
701425,101191,2015,1,2021-06-09,2021-06-17,Emergency,Home,1,Private,0,2.6
701426,101614,2047,3,2022-08-21,2022-08-25,Emergency,Home,13,General,0,4.1
701427,100485,2071,6,2023-02-24,2023-03-09,Emergency,Home,5,Semi-Private,0,4.0
701428,102484,2069,1,2022-11-17,2022-11-28,Emergency,Transferred,15,General,0,3.0
701429,101556,2052,9,2025-10-12,2025-10-18,Elective,Transferred,2,General,0,3.4
701430,102228,2039,3,2025-07-10,2025-07-16,Emergency,Home,2,Semi-Private,0,4.1
701431,100901,2002,3,2022-01-30,2022-02-10,Urgent,Home,4,General,0,4.4
701432,101465,2045,12,2024-12-22,2024-12-24,Urgent,Home,14,Semi-Private,0,3.2
701433,100644,2024,7,2021-03-26,2021-04-04,Emergency,Home,12,General,0,3.2
701434,102187,2061,7,2023-04-21,2023-04-27,Emergency,Home,11,Semi-Private,0,4.1
701435,100787,2065,6,2022-07-19,2022-07-24,Emergency,Home,4,General,0,3.4
701436,102150,2053,7,2025-01-28,2025-01-30,Urgent,Home,15,General,0,3.8
701437,102331,2021,5,2024-03-13,2024-03-26,Elective,Transferred,10,Private,0,5.0
701438,100018,2067,8,2024-09-11,2024-09-25,Elective,Transferred,7,General,0,4.0
701439,101957,2001,10,2025-10-01,2025-10-11,Urgent,Home,9,General,0,4.8
701440,100756,2059,2,2024-11-04,2024-11-05,Urgent,Home,11,General,0,3.1
701441,100687,2047,5,2022-10-31,2022-11-07,Urgent,Rehab,12,Semi-Private,0,3.4
701442,102037,2018,11,2022-02-03,2022-02-07,Elective,Home,2,Semi-Private,0,3.4
701443,100601,2033,9,2025-11-08,2025-11-19,Urgent,Home,8,Semi-Private,0,3.2
701444,101044,2015,4,2024-03-06,2024-03-19,Urgent,Transferred,14,Semi-Private,0,2.7
701445,101350,2024,8,2023-04-01,2023-04-08,Emergency,Home,8,General,0,4.1
701446,101380,2036,3,2022-09-03,2022-09-08,Urgent,Home,11,General,0,4.3
701447,100433,2060,6,2022-03-12,2022-03-13,Elective,Transferred,8,General,0,3.3
701448,101042,2034,8,2022-05-03,2022-05-08,Emergency,Transferred,9,General,0,3.4
701449,101574,2051,9,2022-11-06,2022-11-18,Elective,Home,9,Semi-Private,1,4.1
701450,100376,2040,7,2025-04-24,2025-04-28,Elective,Transferred,14,Semi-Private,0,4.0
701451,101625,2022,6,2025-09-08,2025-09-09,Emergency,Home,10,Semi-Private,0,4.8
701452,101364,2016,11,2021-07-05,2021-07-15,Urgent,Home,7,Semi-Private,0,4.9
701453,101011,2042,6,2025-09-08,2025-09-10,Emergency,Home,5,Private,0,3.5
701454,100716,2016,12,2024-01-09,2024-01-22,Urgent,Rehab,7,ICU,0,3.9
701455,101257,2005,6,2022-04-21,2022-05-04,Emergency,Rehab,14,Private,0,3.2
701456,101128,2006,10,2022-05-04,2022-05-13,Emergency,Home,7,Semi-Private,0,5.0
701457,101024,2042,9,2023-07-14,2023-07-26,Urgent,Rehab,10,General,0,4.2
701458,100221,2030,3,2024-05-14,2024-05-15,Emergency,Rehab,10,General,0,4.7
701459,101986,2032,4,2024-10-26,2024-11-05,Urgent,Home,7,Private,0,3.7
701460,101050,2053,3,2025-05-19,2025-05-23,Emergency,Rehab,8,General,0,4.8
701461,101088,2019,9,2025-08-03,2025-08-11,Urgent,Rehab,15,General,0,4.6
701462,102302,2051,5,2021-07-19,2021-07-24,Emergency,Home,2,General,0,5.0
701463,100826,2028,10,2021-02-14,2021-02-24,Emergency,Home,13,Semi-Private,0,3.0
701464,101155,2047,8,2024-03-17,2024-03-24,Urgent,Home,4,Semi-Private,0,4.1
701465,100030,2072,12,2022-02-19,2022-03-02,Emergency,Home,12,General,0,4.8
701466,100787,2001,8,2024-12-15,2024-12-17,Urgent,Home,9,ICU,0,3.3
701467,100010,2068,9,2025-02-14,2025-02-18,Urgent,Home,4,Semi-Private,0,4.4
701468,102478,2057,10,2024-06-07,2024-06-11,Emergency,Rehab,2,General,0,4.4
701469,101171,2022,7,2025-04-18,2025-04-19,Elective,Home,7,Private,0,4.5
701470,102172,2058,3,2024-10-26,2024-11-07,Emergency,Transferred,6,ICU,0,4.3
701471,101643,2013,5,2025-03-27,2025-04-04,Emergency,Rehab,4,Semi-Private,0,4.5
701472,101365,2039,3,2025-05-09,2025-05-20,Emergency,Home,13,General,0,4.3
701473,101542,2027,2,2022-12-30,2023-01-02,Elective,Home,8,General,1,4.9
701474,100051,2039,3,2022-09-19,2022-10-01,Urgent,Home,6,Semi-Private,0,3.5
701475,100398,2072,12,2024-05-27,2024-06-09,Emergency,Home,8,Private,0,4.3
701476,100314,2012,10,2024-06-09,2024-06-21,Emergency,Home,4,General,1,4.9
701477,100514,2024,9,2022-11-02,2022-11-15,Elective,Home,2,General,0,3.4
701478,100530,2018,9,2021-07-21,2021-07-25,Emergency,Home,12,Semi-Private,0,3.5
701479,101785,2015,8,2023-02-10,2023-02-12,Elective,Home,6,General,0,4.4
701480,101764,2060,7,2024-06-13,2024-06-25,Emergency,Rehab,9,Semi-Private,0,5.0
701481,100860,2016,1,2024-02-05,2024-02-15,Urgent,Home,12,Semi-Private,0,3.9
701482,102467,2074,9,2025-02-13,2025-02-18,Elective,Home,9,General,0,4.1
701483,102242,2047,10,2022-07-17,2022-07-29,Emergency,Home,15,General,0,4.3
701484,100312,2024,2,2025-03-16,2025-03-21,Elective,Home,11,Semi-Private,1,3.6
701485,100996,2045,6,2023-09-05,2023-09-08,Urgent,Rehab,13,Semi-Private,0,5.0
701486,101323,2019,10,2023-02-20,2023-03-06,Urgent,Home,9,Semi-Private,0,3.3
701487,102165,2041,5,2025-11-06,2025-11-14,Emergency,Home,14,Private,0,4.1
701488,100264,2031,6,2024-04-27,2024-04-28,Emergency,Home,3,General,0,4.1
701489,101543,2016,8,2021-04-26,2021-05-09,Elective,Home,3,Private,1,2.4
701490,100021,2023,8,2024-12-03,2024-12-05,Emergency,Home,10,Semi-Private,0,3.4
701491,100549,2078,10,2022-02-01,2022-02-02,Emergency,Home,3,General,0,3.0
701492,101197,2023,2,2023-09-25,2023-10-01,Elective,Transferred,5,General,0,4.5
701493,100948,2041,7,2023-02-14,2023-02-18,Emergency,Home,5,Private,0,2.7
701494,101021,2018,2,2024-04-24,2024-05-04,Emergency,Home,13,General,0,4.7
701495,100206,2036,1,2023-09-29,2023-09-30,Emergency,Rehab,5,ICU,0,3.1
701496,101637,2012,12,2024-11-15,2024-11-22,Emergency,Home,8,General,0,4.7
701497,100631,2075,8,2024-08-23,2024-09-01,Emergency,Home,10,General,0,3.0
701498,102227,2069,9,2025-09-28,2025-10-03,Elective,Home,12,Semi-Private,0,4.3
701499,102390,2051,7,2021-04-02,2021-04-09,Urgent,Home,8,Private,1,4.7
701500,100440,2032,4,2024-01-08,2024-01-12,Elective,Home,15,Private,0,4.4
701501,101099,2071,7,2021-07-07,2021-07-11,Emergency,Transferred,14,Semi-Private,0,3.1
701502,100290,2036,4,2023-08-02,2023-08-06,Urgent,Home,8,General,0,4.8
701503,100208,2040,7,2024-03-26,2024-04-08,Emergency,Transferred,14,Semi-Private,0,4.4
701504,100272,2070,4,2022-07-24,2022-07-29,Emergency,Home,9,General,0,2.2
701505,100415,2038,9,2025-03-31,2025-04-08,Emergency,Home,10,General,0,4.1
701506,100384,2054,5,2024-01-07,2024-01-11,Elective,Home,6,General,0,5.0
701507,101285,2004,7,2022-06-02,2022-06-09,Elective,Home,2,Semi-Private,0,4.8
701508,100891,2046,11,2021-02-21,2021-03-02,Urgent,Transferred,9,General,1,3.6
701509,101663,2063,8,2025-07-18,2025-07-24,Elective,Home,6,General,0,4.4
701510,101042,2074,5,2025-04-16,2025-04-20,Elective,Home,1,General,0,3.7
701511,102295,2050,1,2025-10-27,2025-11-01,Emergency,Transferred,12,General,0,4.8
701512,101320,2030,4,2023-12-08,2023-12-16,Elective,Home,12,General,0,3.4
701513,102462,2073,3,2023-07-26,2023-07-30,Urgent,Home,5,General,0,4.9
701514,101344,2016,7,2024-09-04,2024-09-17,Emergency,Home,7,General,0,4.7
701515,101578,2052,6,2025-10-05,2025-10-09,Emergency,Home,14,General,0,4.5
701516,101717,2004,6,2023-06-28,2023-07-05,Emergency,Rehab,12,General,0,5.0
701517,101885,2026,2,2022-12-26,2023-01-01,Elective,Rehab,12,Semi-Private,0,4.8
701518,102229,2029,6,2022-02-21,2022-02-22,Elective,Home,1,General,1,4.8
701519,101680,2011,8,2023-07-31,2023-08-09,Elective,Transferred,15,Private,0,4.8
701520,100944,2024,5,2021-05-20,2021-06-02,Elective,Rehab,7,Semi-Private,0,4.5
701521,100893,2051,9,2023-01-29,2023-02-03,Elective,Home,11,ICU,0,4.3
701522,100061,2042,11,2024-05-07,2024-05-17,Elective,Home,5,Private,1,3.5
701523,101233,2039,2,2022-04-01,2022-04-12,Urgent,Home,5,General,0,3.5
701524,100166,2007,7,2024-06-27,2024-06-29,Urgent,Home,2,Private,0,4.3
701525,101906,2018,6,2024-11-27,2024-12-02,Emergency,Home,12,Private,1,4.5
701526,101324,2003,11,2021-03-12,2021-03-20,Elective,Transferred,4,General,0,4.0
701527,100655,2063,11,2024-03-25,2024-03-31,Elective,Home,9,Private,0,3.6
701528,100351,2020,6,2021-12-27,2022-01-04,Emergency,Home,12,ICU,1,3.9
701529,102311,2073,4,2023-09-24,2023-09-29,Urgent,Home,2,Private,0,4.0
701530,102172,2074,10,2025-07-12,2025-07-16,Emergency,Home,9,General,0,4.2
701531,101566,2070,9,2024-12-05,2024-12-15,Elective,Transferred,8,Semi-Private,0,3.8
701532,100932,2017,6,2024-05-21,2024-05-24,Emergency,Home,15,General,1,4.9
701533,101905,2079,12,2025-10-03,2025-10-05,Elective,Home,13,General,1,3.9
701534,101114,2059,8,2024-03-06,2024-03-15,Emergency,Home,4,Private,0,3.5
701535,102187,2054,8,2025-04-06,2025-04-07,Emergency,Transferred,12,Private,0,3.9
701536,101990,2013,4,2022-12-21,2022-12-31,Emergency,Rehab,2,General,1,3.2
701537,101386,2042,5,2021-06-29,2021-07-13,Emergency,Transferred,6,Private,0,5.0
701538,101117,2044,2,2023-01-28,2023-01-30,Urgent,Home,15,General,0,4.5
701539,100134,2080,4,2023-09-19,2023-09-25,Emergency,Transferred,7,Semi-Private,0,4.0
701540,101228,2067,12,2025-05-10,2025-05-23,Emergency,Home,15,General,0,5.0
701541,101872,2072,6,2024-04-12,2024-04-18,Elective,Home,2,Semi-Private,0,3.8
701542,101018,2020,2,2023-10-05,2023-10-17,Emergency,Home,8,General,0,4.0
701543,101882,2047,2,2025-09-27,2025-09-28,Emergency,Home,9,General,0,3.5
701544,100438,2024,10,2023-11-18,2023-11-26,Emergency,Home,5,General,0,3.3
701545,100680,2051,7,2023-04-14,2023-04-25,Elective,Home,6,ICU,0,4.2
701546,101248,2018,10,2022-07-09,2022-07-13,Urgent,Home,6,Private,0,4.8
701547,101192,2023,5,2022-08-15,2022-08-29,Urgent,Transferred,10,Semi-Private,0,3.3
701548,101131,2001,3,2023-08-21,2023-08-28,Urgent,Home,2,Private,0,3.8
701549,101404,2066,3,2022-10-30,2022-11-09,Elective,Expired,13,ICU,0,3.8
701550,102072,2005,7,2022-06-19,2022-06-28,Urgent,Home,11,General,0,4.6
701551,101535,2018,3,2021-10-29,2021-10-31,Emergency,Home,1,Private,1,3.7
701552,101331,2080,12,2022-11-19,2022-11-26,Elective,Home,14,Semi-Private,0,4.6
701553,100935,2074,10,2021-04-03,2021-04-04,Emergency,Home,11,Private,1,4.5
701554,101382,2035,5,2024-01-13,2024-01-16,Emergency,Rehab,5,Semi-Private,0,3.5
701555,100370,2025,2,2024-05-27,2024-05-31,Urgent,Home,6,Private,0,3.8
701556,100997,2024,3,2022-03-21,2022-03-24,Emergency,Home,14,Semi-Private,0,4.1
701557,102219,2013,4,2021-06-11,2021-06-19,Elective,Home,12,General,0,3.7
701558,101605,2021,1,2021-04-30,2021-05-11,Emergency,Home,14,General,0,3.3
701559,102270,2039,4,2022-09-04,2022-09-16,Emergency,Home,1,General,0,5.0
701560,102491,2034,4,2025-04-12,2025-04-26,Emergency,Rehab,8,Semi-Private,1,2.7
701561,101177,2019,3,2024-09-28,2024-10-10,Emergency,Home,5,General,0,4.2
701562,100376,2028,10,2021-11-05,2021-11-19,Urgent,Home,5,Private,0,5.0
701563,102329,2011,9,2022-09-06,2022-09-13,Elective,Home,8,General,0,3.4
701564,101944,2049,3,2024-05-16,2024-05-19,Elective,Home,14,Semi-Private,0,4.0
701565,100958,2035,2,2024-12-22,2024-12-29,Emergency,Rehab,8,General,0,4.7
701566,100811,2076,7,2025-05-11,2025-05-13,Emergency,Home,9,Private,0,1.7
701567,100827,2057,9,2021-11-21,2021-12-03,Emergency,Home,11,Private,0,4.0
701568,101846,2028,6,2021-07-27,2021-08-07,Elective,Home,4,General,0,2.8
701569,101534,2066,5,2023-03-26,2023-04-06,Emergency,Home,3,Semi-Private,0,4.7
701570,100335,2065,1,2024-04-22,2024-04-25,Elective,Home,10,General,0,3.4
701571,100410,2073,3,2021-10-16,2021-10-23,Elective,Home,11,Semi-Private,0,5.0
701572,100054,2022,9,2022-12-10,2022-12-20,Emergency,Expired,2,General,0,3.3
701573,100701,2051,8,2024-08-22,2024-09-04,Elective,Home,1,Semi-Private,0,4.3
701574,101758,2009,9,2021-12-27,2022-01-01,Elective,Rehab,14,General,0,3.3
701575,101099,2071,8,2021-12-03,2021-12-15,Emergency,Home,10,General,0,3.8
701576,102397,2036,1,2022-12-03,2022-12-16,Elective,Home,5,General,0,4.0
701577,100975,2054,8,2024-03-04,2024-03-13,Elective,Home,6,Semi-Private,0,4.0
701578,100393,2038,8,2023-10-24,2023-11-01,Emergency,Transferred,8,Semi-Private,0,5.0
701579,100554,2066,5,2023-06-12,2023-06-18,Emergency,Home,14,General,1,5.0
701580,102129,2043,6,2023-12-30,2024-01-11,Emergency,Home,15,Semi-Private,0,3.4
701581,100826,2005,2,2025-03-12,2025-03-16,Urgent,Rehab,6,General,0,4.0
701582,100744,2037,1,2025-11-12,2025-11-15,Emergency,Home,15,General,0,3.1
701583,101471,2058,8,2022-07-23,2022-07-29,Emergency,Home,2,General,0,3.0
701584,102225,2063,7,2022-08-02,2022-08-11,Emergency,Transferred,8,General,0,3.5
701585,100139,2051,4,2025-11-04,2025-11-09,Emergency,Home,5,General,0,5.0
701586,101846,2072,11,2024-10-18,2024-10-30,Emergency,Home,13,General,0,2.7
701587,100542,2043,12,2025-11-11,2025-11-18,Elective,Home,3,Private,0,4.4
701588,102242,2067,7,2024-10-25,2024-11-01,Emergency,Home,14,Semi-Private,0,4.3
701589,101857,2067,2,2024-04-26,2024-05-10,Urgent,Home,6,Private,0,3.4
701590,101338,2065,11,2022-08-07,2022-08-14,Urgent,Home,12,Private,0,4.5
701591,101721,2062,2,2025-12-06,2025-12-15,Elective,Transferred,6,General,1,4.5
701592,102295,2063,7,2022-07-23,2022-07-25,Urgent,Home,3,General,0,4.0
701593,102486,2030,3,2024-12-27,2025-01-04,Elective,Transferred,7,General,0,3.9
701594,100073,2038,6,2023-02-15,2023-02-17,Elective,Home,7,Private,0,3.8
701595,102142,2051,12,2024-04-25,2024-05-06,Emergency,Home,7,Private,0,3.4
701596,100435,2038,12,2022-01-25,2022-01-26,Emergency,Home,8,General,0,4.1
701597,101807,2067,7,2022-05-27,2022-06-08,Emergency,Home,11,General,0,3.6
701598,102046,2077,7,2025-01-27,2025-02-06,Emergency,Home,7,Private,0,4.1
701599,100457,2048,10,2024-07-27,2024-08-02,Elective,Expired,13,Semi-Private,1,3.5
701600,102277,2012,4,2023-08-17,2023-08-19,Emergency,Home,4,General,0,3.5
701601,102078,2020,3,2022-02-09,2022-02-23,Emergency,Rehab,5,General,0,3.6
701602,101649,2072,1,2022-07-02,2022-07-15,Urgent,Home,14,Semi-Private,0,5.0
701603,100335,2002,7,2022-09-22,2022-09-27,Elective,Transferred,4,Private,0,3.0
701604,100660,2075,9,2021-08-04,2021-08-05,Elective,Home,2,Semi-Private,0,5.0
701605,100569,2055,1,2025-01-07,2025-01-14,Emergency,Transferred,7,General,0,4.6
701606,100177,2006,5,2024-01-07,2024-01-20,Urgent,Transferred,13,Semi-Private,1,2.8
701607,102457,2062,4,2024-02-29,2024-03-01,Emergency,Transferred,3,General,0,3.6
701608,100777,2049,10,2022-09-25,2022-10-07,Elective,Transferred,13,Private,0,2.8
701609,101261,2054,2,2024-09-26,2024-10-08,Elective,Home,1,General,0,4.5
701610,101302,2010,7,2021-02-06,2021-02-14,Emergency,Home,1,General,0,5.0
701611,100077,2024,7,2025-07-23,2025-08-04,Urgent,Home,9,Private,0,4.2
701612,100933,2029,8,2023-05-24,2023-05-29,Emergency,Home,11,Private,0,4.9
701613,100636,2006,3,2024-09-22,2024-09-27,Urgent,Home,3,Private,0,4.1
701614,101678,2058,6,2021-07-04,2021-07-07,Elective,Home,7,Private,0,4.7
701615,101191,2078,4,2025-08-10,2025-08-12,Elective,Home,9,General,1,4.2
701616,101413,2057,12,2024-12-14,2024-12-20,Urgent,Home,14,Semi-Private,0,4.0
701617,100012,2003,11,2023-09-25,2023-09-29,Elective,Home,7,General,0,4.6
701618,102217,2024,3,2025-02-15,2025-02-28,Elective,Home,11,Semi-Private,0,3.9
701619,100831,2019,4,2025-11-03,2025-11-13,Emergency,Home,8,Private,0,5.0
701620,101450,2009,12,2024-10-17,2024-10-29,Urgent,Home,6,Private,0,3.8
701621,100449,2030,1,2021-05-05,2021-05-09,Elective,Home,11,General,0,4.4
701622,102497,2077,7,2024-11-23,2024-11-29,Urgent,Home,3,General,0,3.5
701623,101790,2044,7,2021-09-07,2021-09-09,Urgent,Home,1,General,0,2.8
701624,100427,2053,7,2021-04-13,2021-04-15,Emergency,Home,10,General,0,4.3
701625,100916,2068,2,2024-05-02,2024-05-15,Elective,Home,14,ICU,1,2.6
701626,100631,2060,1,2024-02-29,2024-03-10,Urgent,Home,8,Semi-Private,0,5.0
701627,100226,2023,9,2021-06-15,2021-06-25,Elective,Home,6,Private,0,3.7
701628,100447,2061,2,2023-02-14,2023-02-27,Elective,Home,15,General,0,3.9
701629,101911,2007,5,2023-11-26,2023-11-30,Emergency,Transferred,2,Semi-Private,0,3.8
701630,101500,2044,5,2021-04-06,2021-04-12,Emergency,Home,12,Semi-Private,0,4.1
701631,102251,2055,11,2024-01-15,2024-01-17,Elective,Home,13,General,0,4.3
701632,100675,2075,8,2021-12-18,2022-01-01,Elective,Home,10,Private,0,3.4
701633,101321,2039,1,2021-08-14,2021-08-21,Elective,Home,8,Private,0,2.1
701634,102064,2059,11,2023-12-22,2024-01-02,Emergency,Home,4,General,0,3.2
701635,101402,2005,7,2024-05-12,2024-05-20,Elective,Home,10,General,0,3.6
701636,101044,2042,3,2024-03-17,2024-03-26,Urgent,Expired,9,Private,0,4.2
701637,102488,2014,2,2022-10-11,2022-10-17,Elective,Home,15,General,0,4.1
701638,101268,2027,5,2024-09-19,2024-09-21,Urgent,Home,12,General,0,4.6
701639,101268,2016,4,2023-11-26,2023-12-02,Emergency,Expired,9,General,1,2.8
701640,100392,2002,9,2022-09-16,2022-09-24,Urgent,Home,9,Semi-Private,0,3.3
701641,100724,2019,11,2025-07-22,2025-08-01,Elective,Home,4,Semi-Private,1,3.7
701642,101889,2023,1,2025-09-18,2025-09-19,Urgent,Home,6,Private,0,5.0
701643,101286,2041,11,2021-03-22,2021-04-02,Elective,Rehab,14,Private,0,5.0
701644,102268,2014,3,2024-05-29,2024-06-04,Emergency,Rehab,4,Semi-Private,0,3.0
701645,101032,2047,3,2021-10-06,2021-10-18,Urgent,Home,10,Private,0,4.8
701646,102494,2063,4,2022-04-16,2022-04-27,Elective,Home,10,General,0,4.1
701647,100014,2008,7,2022-06-02,2022-06-03,Emergency,Home,5,Semi-Private,0,4.4
701648,102435,2027,5,2021-09-14,2021-09-20,Emergency,Rehab,7,General,0,3.0
701649,100642,2040,11,2023-10-30,2023-11-09,Emergency,Home,7,Private,0,5.0
701650,101046,2028,10,2023-11-19,2023-11-23,Elective,Expired,10,Semi-Private,0,2.3
701651,100225,2068,6,2025-10-15,2025-10-18,Elective,Transferred,6,General,0,3.0
701652,102283,2061,3,2025-05-26,2025-05-29,Elective,Home,12,Semi-Private,0,3.8
701653,101158,2038,5,2021-08-05,2021-08-09,Emergency,Transferred,10,General,1,3.6
701654,101544,2075,12,2021-02-24,2021-02-27,Elective,Home,4,ICU,0,4.0
701655,100792,2024,11,2025-03-27,2025-04-05,Emergency,Home,15,Semi-Private,0,3.5
701656,101563,2028,2,2025-02-12,2025-02-16,Elective,Home,13,ICU,1,3.7
701657,100437,2041,4,2024-09-11,2024-09-12,Urgent,Home,12,Semi-Private,0,3.9
701658,101075,2018,12,2021-07-29,2021-08-02,Urgent,Home,13,General,0,3.8
701659,101948,2049,3,2025-04-25,2025-04-26,Emergency,Home,15,Semi-Private,0,4.1
701660,102040,2026,3,2023-12-27,2024-01-06,Elective,Home,5,Private,0,
701661,100581,2003,12,2025-05-09,2025-05-19,Elective,Home,15,Private,0,3.4
701662,102003,2077,4,2024-01-11,2024-01-14,Emergency,Rehab,5,General,0,5.0
701663,100687,2038,8,2025-07-16,2025-07-20,Urgent,Transferred,9,General,0,4.0
701664,100365,2014,12,2021-07-04,2021-07-18,Elective,Home,14,Private,0,4.9
701665,100269,2001,8,2022-01-13,2022-01-17,Elective,Home,15,General,0,3.7
701666,101717,2011,1,2022-11-20,2022-11-29,Elective,Home,11,Semi-Private,0,3.4
701667,101395,2040,12,2023-04-28,2023-05-04,Emergency,Home,6,General,0,4.1
701668,101576,2004,5,2023-11-20,2023-11-23,Emergency,Home,4,Private,0,5.0
701669,100078,2034,2,2022-11-12,2022-11-19,Emergency,Home,6,Semi-Private,0,3.0
701670,100189,2065,10,2025-02-07,2025-02-18,Emergency,Home,7,General,0,4.5
701671,101631,2056,6,2025-10-07,2025-10-21,Emergency,Rehab,7,General,0,4.1
701672,101326,2010,3,2025-07-06,2025-07-10,Urgent,Home,10,General,0,4.3
701673,102406,2071,12,2022-01-17,2022-01-24,Elective,Home,3,Private,0,3.1
701674,100959,2064,10,2024-09-26,2024-09-28,Urgent,Rehab,6,General,0,4.3
701675,102384,2013,10,2025-06-04,2025-06-11,Urgent,Home,11,ICU,0,4.2
701676,100903,2022,9,2025-11-26,2025-12-04,Elective,Home,14,Private,1,2.9
701677,100341,2056,9,2021-04-22,2021-05-04,Emergency,Rehab,7,Private,0,4.1
701678,102120,2065,8,2022-12-28,2023-01-04,Elective,Home,15,Semi-Private,0,3.8
701679,101066,2013,2,2023-01-20,2023-01-26,Emergency,Transferred,1,General,0,3.7
701680,100411,2001,11,2024-12-19,2024-12-23,Emergency,Rehab,4,Private,0,4.0
701681,100898,2038,2,2021-03-05,2021-03-18,Elective,Home,7,Private,0,4.8
701682,100644,2058,11,2021-05-17,2021-05-26,Elective,Home,12,General,0,4.3
701683,100021,2025,2,2024-06-30,2024-07-01,Emergency,Transferred,10,Semi-Private,1,3.2
701684,100678,2042,5,2022-02-21,2022-02-26,Emergency,Transferred,1,Semi-Private,0,4.4
701685,101100,2033,12,2022-06-29,2022-07-10,Emergency,Home,14,Semi-Private,0,4.0
701686,100088,2057,10,2024-07-04,2024-07-18,Elective,Home,8,ICU,0,3.5
701687,101618,2037,9,2022-09-08,2022-09-09,Urgent,Home,6,Private,0,3.1
701688,102065,2057,7,2024-03-19,2024-03-30,Elective,Transferred,14,Semi-Private,0,4.6
701689,102431,2062,7,2024-08-03,2024-08-13,Urgent,Home,6,Private,1,3.6
701690,101589,2003,3,2021-03-19,2021-03-30,Elective,Home,3,ICU,0,4.7
701691,101170,2030,3,2025-11-27,2025-11-28,Emergency,Home,6,General,0,3.2
701692,101417,2067,10,2021-12-22,2021-12-28,Elective,Home,4,General,0,5.0
701693,100310,2063,3,2022-02-15,2022-02-21,Emergency,Rehab,9,General,0,5.0
701694,100492,2023,1,2021-07-11,2021-07-22,Emergency,Rehab,13,General,0,4.4
701695,100760,2072,12,2022-07-31,2022-08-07,Elective,Home,4,General,0,5.0
701696,100001,2073,8,2023-10-08,2023-10-18,Urgent,Home,6,General,0,3.7
701697,102089,2066,12,2021-05-14,2021-05-27,Elective,Home,11,General,0,3.6
701698,100672,2061,11,2022-12-11,2022-12-20,Urgent,Home,13,General,0,4.9
701699,100212,2002,2,2025-07-14,2025-07-20,Elective,Home,15,Private,0,4.1
701700,101357,2027,11,2023-06-25,2023-06-27,Emergency,Home,13,General,0,3.0
701701,101966,2048,7,2022-07-07,2022-07-11,Elective,Home,14,Private,0,4.1
701702,100304,2063,9,2025-12-14,2025-12-27,Urgent,Home,13,General,0,3.1
701703,100691,2005,2,2021-05-28,2021-06-10,Elective,Home,6,Private,0,3.9
701704,101782,2001,1,2022-11-29,2022-12-08,Elective,Home,11,General,0,4.8
701705,101834,2022,5,2021-06-24,2021-06-26,Elective,Home,1,General,0,5.0
701706,100616,2074,10,2025-06-02,2025-06-16,Elective,Home,4,General,0,4.2
701707,100523,2024,5,2024-01-28,2024-02-04,Emergency,Home,9,Semi-Private,0,5.0
701708,102073,2059,1,2025-06-20,2025-07-04,Emergency,Transferred,14,Semi-Private,0,3.7
701709,100808,2079,9,2025-01-19,2025-01-23,Emergency,Transferred,11,ICU,1,5.0
701710,100025,2050,3,2021-01-25,2021-02-08,Elective,Home,10,Private,0,3.5
701711,101777,2023,2,2024-03-19,2024-03-29,Urgent,Home,6,General,0,3.4
701712,100108,2078,12,2024-11-15,2024-11-29,Urgent,Home,12,ICU,0,3.7
701713,101354,2018,7,2025-08-23,2025-09-03,Emergency,Home,4,,0,3.4
701714,100180,2022,12,2022-06-21,2022-06-27,Elective,Transferred,7,General,0,4.4
701715,100881,2044,5,2025-05-09,2025-05-10,Emergency,Home,14,Semi-Private,0,4.9
701716,102179,2044,4,2022-05-10,2022-05-21,Elective,Home,10,General,0,4.0
701717,101831,2037,4,2022-01-01,2022-01-15,Elective,Rehab,7,Semi-Private,0,4.2
701718,100603,2007,9,2023-08-14,2023-08-28,Emergency,Home,5,General,0,3.0
701719,100168,2024,9,2024-04-08,2024-04-16,Urgent,Home,4,General,0,4.1
701720,100223,2077,1,2022-01-26,2022-02-01,Urgent,Home,15,Private,0,5.0
701721,100469,2041,12,2023-01-27,2023-02-07,Emergency,Home,4,General,0,5.0
701722,100278,2070,10,2025-05-16,2025-05-30,Elective,Home,15,Semi-Private,0,3.2
701723,102238,2071,7,2024-09-13,2024-09-20,Emergency,Home,7,Semi-Private,0,3.7
701724,101550,2018,11,2021-11-17,2021-11-30,Emergency,Home,6,General,0,5.0
701725,102021,2079,8,2025-09-14,2025-09-20,Urgent,Home,4,Private,0,4.3
701726,101779,2072,5,2024-07-17,2024-07-24,Elective,Home,3,Semi-Private,1,5.0
701727,100621,2060,7,2022-03-09,2022-03-14,Emergency,Home,2,Semi-Private,1,5.0
701728,101214,2052,8,2024-04-28,2024-05-01,Elective,Transferred,15,General,1,3.2
701729,100218,2080,8,2021-12-09,2021-12-15,Urgent,Expired,4,Semi-Private,0,4.5
701730,101335,2049,9,2023-05-09,2023-05-19,Urgent,Home,7,Semi-Private,0,4.1
701731,102284,2067,5,2023-07-10,2023-07-19,Emergency,Home,14,General,0,5.0
701732,100168,2045,2,2024-10-19,2024-10-25,Urgent,Home,2,Semi-Private,0,5.0
701733,102241,2009,6,2021-09-03,2021-09-12,Urgent,Home,13,Semi-Private,0,3.4
701734,102290,2026,1,2024-08-02,2024-08-04,Elective,Home,12,Semi-Private,1,5.0
701735,101186,2026,10,2023-01-29,2023-02-09,Elective,Home,9,General,0,4.1
701736,101363,2030,6,2024-09-10,2024-09-11,Emergency,Rehab,14,Semi-Private,0,4.5
701737,102241,2027,3,2025-01-14,2025-01-28,Emergency,Home,9,General,0,2.0
701738,101426,2080,3,2023-03-15,2023-03-28,Elective,Transferred,6,Semi-Private,0,4.8
701739,102440,2004,7,2023-03-04,2023-03-08,Urgent,Home,9,Private,0,2.4
701740,101066,2051,4,2025-12-05,2025-12-10,Urgent,Home,1,Private,0,3.9
701741,100093,2070,5,2023-02-04,2023-02-14,Elective,Rehab,6,Semi-Private,0,3.6
701742,101239,2079,6,2022-10-25,2022-11-01,Elective,Home,3,Private,0,4.3
701743,102397,2010,12,2021-12-23,2021-12-31,Elective,Home,6,Semi-Private,0,4.1
701744,100513,2036,10,2025-11-16,2025-11-28,Elective,Home,5,Semi-Private,0,4.4
701745,100106,2046,12,2024-12-05,2024-12-06,Emergency,Home,12,Semi-Private,1,4.9
701746,101256,2006,6,2022-10-06,2022-10-12,Emergency,Transferred,5,General,0,3.2
701747,101201,2070,2,2025-03-03,2025-03-04,Emergency,Home,14,ICU,0,3.8
701748,101703,2079,3,2022-08-19,2022-08-27,Emergency,Home,1,Private,0,3.4
701749,101318,2078,1,2021-07-15,2021-07-27,Emergency,Home,14,General,0,3.3
701750,101876,2003,3,2024-10-04,2024-10-05,Elective,Home,5,General,0,5.0
701751,101544,2050,8,2025-01-03,2025-01-07,Emergency,Home,13,ICU,0,3.0
701752,101236,2042,4,2021-01-27,2021-01-30,Emergency,Home,11,Private,0,3.4
701753,100917,2078,2,2023-05-28,2023-05-30,Urgent,Home,6,General,0,5.0
701754,101769,2054,4,2024-07-10,2024-07-18,Elective,Home,15,Private,0,3.9
701755,101077,2039,7,2021-02-16,2021-02-22,Elective,Home,15,General,1,4.0
701756,101257,2055,9,2024-01-30,2024-02-12,Emergency,Expired,1,ICU,0,4.3
701757,101542,2011,5,2024-11-11,2024-11-23,Elective,Transferred,10,Private,0,3.1
701758,100951,2074,5,2022-04-12,2022-04-16,Elective,Home,13,Private,0,3.3
701759,102092,2079,12,2023-10-03,2023-10-06,Elective,Home,14,Semi-Private,0,3.5
701760,101732,2030,5,2022-08-04,2022-08-10,Elective,Home,7,General,0,4.8
701761,101540,2056,10,2025-08-30,2025-09-05,Elective,Rehab,13,General,0,4.5
701762,100092,2029,9,2023-06-21,2023-06-26,Urgent,Expired,1,Semi-Private,0,3.5
701763,100759,2017,7,2021-10-10,2021-10-13,Emergency,Home,7,Semi-Private,0,3.9
701764,100731,2033,3,2021-10-27,2021-11-07,Emergency,Home,11,General,1,4.6
701765,100954,2021,2,2024-07-10,2024-07-20,Elective,Home,14,Semi-Private,0,2.2
701766,101462,2078,9,2023-12-04,2023-12-13,Elective,Home,12,General,0,4.2
701767,100337,2010,3,2025-02-06,2025-02-20,Emergency,Home,9,General,0,4.6
701768,101318,2039,11,2021-10-10,2021-10-16,Urgent,Home,7,General,0,3.3
701769,100700,2078,8,2021-02-18,2021-02-23,Elective,Home,14,General,0,4.5
701770,100925,2047,12,2022-09-09,2022-09-20,Emergency,Home,12,General,1,4.0
701771,102312,2052,4,2024-05-31,2024-06-07,Elective,Home,10,General,0,5.0
701772,102153,2041,5,2021-03-27,2021-03-28,Elective,Home,15,General,0,3.6
701773,102017,2047,8,2023-12-07,2023-12-14,Urgent,Transferred,12,Semi-Private,0,4.4
701774,102272,2073,5,2024-08-18,2024-08-19,Emergency,Home,5,Semi-Private,0,2.9
701775,100978,2071,10,2021-02-26,2021-03-07,Emergency,Home,3,Semi-Private,0,4.1
701776,100115,2043,2,2022-03-29,2022-04-04,Emergency,Home,7,General,0,4.6
701777,101259,2037,6,2022-10-28,2022-11-04,Urgent,Home,6,General,0,3.6
701778,101298,2073,7,2021-11-23,2021-11-30,Elective,Transferred,8,Private,0,4.8
701779,101979,2064,12,2024-03-17,2024-03-18,Urgent,Home,14,General,0,4.7
701780,100034,2071,1,2022-01-31,2022-02-02,Urgent,Home,8,Semi-Private,0,4.1
701781,101412,2060,10,2024-02-26,2024-03-07,Elective,Home,10,Private,0,3.8
701782,101733,2025,9,2022-06-20,2022-06-23,Emergency,Home,11,Semi-Private,0,1.7
701783,100449,2022,6,2025-10-13,2025-10-21,Emergency,Home,6,General,0,3.5
701784,101238,2043,4,2021-01-17,2021-01-26,Emergency,Home,7,General,0,4.8
701785,101070,2071,2,2022-02-23,2022-03-06,Urgent,Home,3,General,1,3.8
701786,100405,2070,9,2024-07-24,2024-08-01,Emergency,Home,14,General,0,4.3
701787,100333,2036,6,2024-11-22,2024-12-04,Elective,Home,4,Private,1,3.7
701788,102038,2046,9,2022-01-19,2022-01-25,Emergency,Home,7,General,0,2.9
701789,102288,2022,2,2025-08-15,2025-08-17,Emergency,Home,6,Semi-Private,0,4.6
701790,101278,2035,5,2023-07-27,2023-07-29,Emergency,Home,3,General,0,3.1
701791,100228,2047,6,2023-04-14,2023-04-28,Elective,Home,15,Semi-Private,0,3.8
701792,100166,2033,11,2024-07-10,2024-07-23,Emergency,Home,10,General,1,4.3
701793,100585,2075,5,2025-04-17,2025-04-29,Elective,Home,7,Private,0,3.5
701794,100737,2013,6,2022-02-04,2022-02-14,Elective,Home,3,General,0,5.0
701795,101535,2056,3,2021-03-17,2021-03-24,Urgent,Rehab,10,General,1,5.0
701796,100598,2067,9,2021-10-06,2021-10-15,Urgent,Home,13,Semi-Private,0,3.4
701797,100593,2013,2,2023-04-06,2023-04-12,Elective,Rehab,14,Semi-Private,0,3.4
701798,101700,2050,12,2022-03-06,2022-03-07,Elective,Home,8,Semi-Private,0,3.7
701799,101414,2057,2,2025-11-11,2025-11-25,Emergency,Transferred,13,General,0,4.9
701800,101447,2028,5,2022-06-20,2022-06-29,Elective,Home,7,ICU,0,4.4
701801,100925,2065,11,2021-12-30,2022-01-13,Emergency,Rehab,4,General,1,4.6
701802,100649,2024,10,2023-04-25,2023-05-02,Emergency,Rehab,1,General,0,5.0
701803,101688,2067,3,2021-04-10,2021-04-13,Elective,Rehab,6,ICU,0,3.3
701804,100447,2007,2,2021-08-17,2021-08-19,Emergency,Transferred,15,ICU,0,4.4
701805,100097,2074,6,2024-07-01,2024-07-04,Emergency,Home,5,Private,0,4.0
701806,102427,2024,12,2022-10-10,2022-10-12,Emergency,Home,14,General,0,4.3
701807,101704,2009,6,2022-05-15,2022-05-28,Urgent,Rehab,9,General,0,4.9
701808,101268,2015,7,2025-09-27,2025-10-08,Emergency,Home,10,Private,0,3.9
701809,100631,2056,4,2025-08-01,2025-08-11,Emergency,Home,15,Semi-Private,0,3.5
701810,100503,2017,8,2022-06-02,2022-06-15,Urgent,Home,6,General,0,3.2
701811,100288,2019,3,2025-05-03,2025-05-05,Emergency,Home,1,Semi-Private,1,5.0
701812,100369,2009,10,2024-07-19,2024-07-23,Urgent,Home,3,General,0,4.0
701813,100065,2064,1,2025-04-16,2025-04-22,Urgent,Rehab,15,Semi-Private,0,3.0
701814,100162,2057,5,2025-08-05,2025-08-08,Emergency,Rehab,2,Private,1,5.0
701815,101818,2038,6,2025-01-04,2025-01-13,Elective,Home,3,ICU,0,2.7
701816,100662,2008,11,2024-08-10,2024-08-15,Urgent,Home,1,Semi-Private,0,2.8
701817,100481,2006,3,2024-10-04,2024-10-09,Elective,Home,11,Private,0,3.8
701818,101657,2049,2,2022-05-31,2022-06-07,Emergency,Home,2,General,0,3.6
701819,102317,2045,3,2023-05-20,2023-05-29,Urgent,Transferred,8,Private,0,4.2
701820,101791,2021,3,2024-09-08,2024-09-21,Emergency,Home,14,General,0,2.6
701821,100567,2034,7,2023-11-21,2023-11-22,Emergency,Home,3,Semi-Private,0,4.2
701822,100406,2012,1,2022-01-16,2022-01-25,Urgent,Home,9,General,0,5.0
701823,100765,2039,11,2025-10-11,2025-10-13,Emergency,Home,11,Semi-Private,0,3.3
701824,101941,2006,4,2025-03-04,2025-03-07,Elective,Home,11,General,0,3.7
701825,100866,2032,11,2023-12-09,2023-12-21,Elective,Home,4,General,0,3.4
701826,101118,2060,3,2021-02-02,2021-02-07,Elective,Transferred,2,General,0,4.2
701827,102438,2008,10,2024-11-19,2024-11-29,Emergency,Home,12,Semi-Private,0,3.2
701828,101236,2038,11,2022-11-29,2022-12-11,Emergency,Home,7,Private,1,3.1
701829,100742,2019,7,2025-11-25,2025-11-29,Emergency,Transferred,9,General,1,3.9
701830,101832,2055,1,2025-01-11,2025-01-16,Emergency,Transferred,5,General,0,4.3
701831,100043,2009,8,2021-04-10,2021-04-23,Emergency,Transferred,1,General,0,4.1
701832,101466,2052,10,2024-01-03,2024-01-13,Emergency,Rehab,9,General,0,3.7
701833,101539,2028,7,2023-02-18,2023-02-23,Urgent,Home,9,Semi-Private,0,4.5
701834,100911,2062,12,2024-08-02,2024-08-14,Elective,Rehab,7,Private,0,4.2
701835,100607,2048,12,2022-09-08,2022-09-13,Elective,Home,1,General,0,3.1
701836,101419,2039,8,2023-04-13,2023-04-27,Elective,Home,4,General,0,2.0
701837,102286,2053,8,2025-10-01,2025-10-15,Urgent,Home,1,General,0,4.4
701838,101703,2063,11,2024-12-18,2024-12-28,Elective,Rehab,3,Semi-Private,0,3.8
701839,100719,2019,9,2025-01-10,2025-01-20,Elective,Home,7,Semi-Private,0,3.2
701840,102452,2033,1,2021-05-12,2021-05-22,Emergency,Home,1,Semi-Private,0,5.0
701841,100214,2064,9,2024-05-09,2024-05-14,Elective,Home,8,Semi-Private,0,5.0
701842,100132,2026,1,2023-09-27,2023-10-08,Emergency,Home,13,General,0,5.0
701843,102057,2045,3,2024-07-03,2024-07-05,Elective,Home,10,ICU,0,4.2
701844,101767,2001,7,2022-04-29,2022-05-10,Emergency,Home,4,General,0,1.6
701845,100153,2075,8,2024-05-22,2024-05-23,Elective,Home,4,Semi-Private,0,4.9
701846,102479,2066,12,2024-06-22,2024-07-02,Emergency,Transferred,12,General,0,3.3
701847,100483,2035,5,2021-07-10,2021-07-21,Emergency,Home,12,General,0,3.6
701848,102021,2077,1,2022-03-16,2022-03-24,Elective,Transferred,1,Private,0,4.7
701849,100305,2045,3,2025-01-02,2025-01-05,Emergency,Home,5,General,1,5.0
701850,102332,2076,7,2021-06-04,2021-06-16,Emergency,Home,8,General,0,5.0
701851,102017,2033,2,2025-01-11,2025-01-18,Emergency,Home,8,General,0,4.1
701852,100993,2069,2,2021-01-26,2021-02-03,Elective,Transferred,14,Private,1,4.6
701853,102238,2031,9,2022-08-28,2022-09-08,Elective,Home,7,Semi-Private,0,3.2
701854,101552,2064,6,2022-01-04,2022-01-16,Elective,Transferred,7,General,1,2.8
701855,100343,2015,4,2022-10-15,2022-10-21,Elective,Home,8,General,0,4.8
701856,100715,2046,10,2023-11-14,2023-11-28,Elective,Home,8,Semi-Private,0,4.2
701857,101710,2048,9,2022-12-27,2023-01-02,Elective,Home,15,Private,0,2.9
701858,101058,2068,7,2023-08-18,2023-08-29,Emergency,Home,1,Private,0,4.0
701859,100471,2040,7,2024-02-10,2024-02-13,Emergency,Home,2,ICU,0,4.5
701860,100741,2001,8,2023-06-19,2023-06-28,Emergency,Home,10,General,0,4.7
701861,100513,2020,3,2024-06-26,2024-06-29,Elective,Home,8,General,0,4.5
701862,101139,2022,2,2021-07-30,2021-08-12,Elective,Rehab,1,Semi-Private,0,3.7
701863,102193,2054,1,2022-04-05,2022-04-10,Elective,Home,9,Semi-Private,0,3.4
701864,100559,2077,2,2021-02-09,2021-02-15,Emergency,Home,9,Private,0,4.1
701865,100792,2065,3,2025-02-25,2025-03-10,Emergency,Expired,13,Semi-Private,0,4.6
701866,101202,2015,5,2021-07-02,2021-07-03,Emergency,Home,12,Private,0,4.7
701867,101749,2061,8,2024-12-25,2025-01-05,Elective,Home,15,General,1,5.0
701868,100360,2079,11,2021-06-17,2021-06-26,Elective,Transferred,10,General,1,4.0
701869,100285,2014,11,2025-12-07,2025-12-14,Emergency,Home,2,General,0,3.2
701870,101758,2069,3,2023-05-14,2023-05-25,Elective,Home,12,Private,0,4.8
701871,101384,2049,7,2021-03-21,2021-04-02,Emergency,Home,6,General,0,4.1
701872,101523,2006,11,2023-12-17,2023-12-18,Elective,Home,15,Semi-Private,0,3.0
701873,101165,2041,11,2021-09-12,2021-09-18,Elective,Transferred,15,General,0,4.5
701874,101692,2031,5,2024-04-13,2024-04-20,Elective,Home,4,General,0,5.0
701875,101246,2064,5,2021-02-05,2021-02-10,Urgent,Home,10,General,0,4.3
701876,101413,2051,8,2021-12-13,2021-12-26,Emergency,Home,7,Semi-Private,0,5.0
701877,101354,2059,10,2022-02-04,2022-02-09,Emergency,Home,15,Private,0,3.6
701878,100743,2055,5,2022-10-07,2022-10-14,Elective,Home,2,Private,0,3.5
701879,101417,2049,10,2021-03-06,2021-03-09,Emergency,Rehab,13,General,0,4.6
701880,100358,2040,7,2023-10-29,2023-11-01,Urgent,Rehab,10,Private,1,3.7
701881,101953,2015,12,2025-06-07,2025-06-08,Emergency,Home,1,Semi-Private,0,4.9
701882,100040,2070,10,2021-04-14,2021-04-28,Emergency,Rehab,15,Semi-Private,1,4.1
701883,102321,2065,8,2022-02-12,2022-02-20,Elective,Home,9,General,0,4.9
701884,100458,2007,8,2023-10-04,2023-10-06,Emergency,Transferred,12,General,0,4.5
701885,101969,2062,3,2025-07-06,2025-07-09,Emergency,Home,12,Semi-Private,0,3.3
701886,102282,2054,4,2024-12-30,2025-01-06,Urgent,Home,9,Private,0,2.5
701887,100197,2052,8,2025-10-02,2025-10-12,Emergency,Home,12,Semi-Private,0,4.6
701888,101875,2051,5,2022-11-04,2022-11-14,Elective,Home,9,General,0,4.4
701889,101735,2004,12,2021-12-19,2021-12-30,Emergency,Transferred,5,General,0,3.2
701890,100938,2001,1,2025-08-24,2025-09-01,Emergency,Transferred,12,General,1,4.6
701891,102195,2066,7,2024-01-23,2024-02-01,Emergency,Home,3,General,0,5.0
701892,100030,2035,3,2023-01-04,2023-01-18,Emergency,Home,6,Private,0,3.5
701893,102155,2077,2,2021-01-04,2021-01-12,Emergency,Home,10,Semi-Private,0,2.5
701894,101702,2010,12,2022-11-13,2022-11-20,Urgent,Home,1,General,0,4.7
701895,100390,2067,10,2023-05-26,2023-06-05,Elective,Home,14,General,0,5.0
701896,102454,2068,5,2022-05-19,2022-05-20,Elective,Home,10,General,0,3.4
701897,101145,2065,1,2025-10-20,2025-10-21,Emergency,Rehab,8,Semi-Private,0,4.6
701898,100347,2051,9,2025-04-22,2025-05-06,Emergency,Home,10,General,0,4.2
701899,100119,2030,10,2022-07-07,2022-07-18,Elective,Transferred,4,General,0,3.9
701900,100520,2039,5,2022-03-08,2022-03-16,Elective,Home,2,Private,0,4.4
701901,101239,2010,6,2021-09-07,2021-09-21,Emergency,Rehab,11,Private,0,3.6
701902,102128,2044,7,2021-08-23,2021-08-30,Emergency,Home,4,Semi-Private,0,3.2
701903,102467,2032,9,2025-02-16,2025-02-18,Emergency,Home,14,General,1,4.3
701904,100584,2044,11,2024-08-26,2024-09-04,Emergency,Home,1,General,0,4.2
701905,101709,2063,5,2023-05-31,2023-06-10,Elective,Home,10,General,0,2.1
701906,101313,2061,12,2021-03-25,2021-04-01,Emergency,Home,15,General,0,3.1
701907,102282,2065,4,2025-05-15,2025-05-24,Emergency,Home,10,General,1,3.5
701908,102309,2041,12,2023-08-02,2023-08-13,Elective,Transferred,13,General,0,4.4
701909,101982,2012,3,2021-02-01,2021-02-02,Emergency,Home,8,Semi-Private,0,2.9
701910,101046,2002,5,2025-08-22,2025-09-02,Elective,Home,15,Semi-Private,0,3.8
701911,102126,2073,10,2023-05-09,2023-05-12,Urgent,Rehab,6,Semi-Private,0,5.0
701912,100742,2076,10,2021-02-05,2021-02-15,Emergency,Home,1,Semi-Private,0,4.1
701913,100672,2060,3,2023-11-23,2023-11-25,Elective,Home,13,General,0,4.1
701914,101772,2025,5,2024-11-09,2024-11-15,Emergency,Home,1,General,0,4.0
701915,101686,2061,8,2024-10-05,2024-10-15,Emergency,Home,2,Semi-Private,0,4.7
701916,102078,2022,2,2023-08-20,2023-08-24,Elective,Home,7,Private,0,4.0
701917,102486,2056,4,2024-11-25,2024-11-27,Elective,Home,2,Semi-Private,1,3.8
701918,101697,2021,8,2023-01-08,2023-01-10,Elective,Home,3,Semi-Private,0,4.1
701919,100063,2055,5,2023-11-09,2023-11-15,Urgent,Home,12,Semi-Private,0,5.0
701920,101454,2040,8,2023-08-08,2023-08-17,Emergency,Home,11,Private,0,4.3
701921,100157,2051,6,2021-06-16,2021-06-22,Elective,Home,9,General,0,4.0
701922,100777,2022,1,2024-09-18,2024-09-22,Elective,Home,1,General,0,4.9
701923,102302,2028,5,2023-11-22,2023-12-04,Emergency,Rehab,9,General,0,3.6
701924,101904,2004,10,2021-07-25,2021-08-03,Urgent,Expired,6,Semi-Private,0,1.6
701925,101351,2026,2,2021-08-29,2021-08-31,Emergency,Home,15,General,0,4.3
701926,102247,2060,7,2024-05-06,2024-05-12,Elective,Home,9,General,0,4.3
701927,101339,2023,10,2021-06-28,2021-07-05,Elective,Home,12,ICU,0,3.5
701928,100006,2041,4,2022-12-03,2022-12-16,Elective,Home,10,General,0,3.8
701929,101280,2058,2,2022-04-20,2022-04-23,Emergency,Home,11,General,0,4.9
701930,101903,2008,1,2024-11-01,2024-11-05,Emergency,Home,8,General,0,4.3
701931,100821,2051,5,2024-04-01,2024-04-08,Emergency,Home,7,Semi-Private,0,5.0
701932,101344,2061,11,2023-10-09,2023-10-18,Elective,Expired,10,Semi-Private,0,4.2
701933,102024,2001,10,2022-09-13,2022-09-18,Emergency,Home,7,Private,0,3.9
701934,102296,2030,8,2024-01-09,2024-01-20,Elective,Home,6,Private,0,4.5
701935,100004,2017,8,2024-10-26,2024-11-08,Emergency,Home,13,ICU,0,4.3
701936,100031,2023,12,2025-09-18,2025-09-20,Emergency,Transferred,11,General,0,4.3
701937,101857,2024,10,2024-05-07,2024-05-15,Emergency,Home,14,General,0,3.8
701938,101653,2069,2,2022-01-10,2022-01-19,Elective,Home,8,General,0,3.6
701939,101299,2052,6,2024-10-01,2024-10-12,Elective,Home,9,General,0,3.6
701940,100709,2071,7,2024-02-07,2024-02-18,Emergency,Home,8,General,0,4.4
701941,100886,2058,10,2025-11-16,2025-11-18,Emergency,Home,9,Semi-Private,0,4.5
701942,101201,2022,1,2024-04-15,2024-04-25,Urgent,Home,5,General,0,2.0
701943,101980,2059,5,2022-01-09,2022-01-19,Emergency,Home,3,Semi-Private,0,3.5
701944,100748,2044,6,2021-02-20,2021-02-21,Elective,Home,4,Semi-Private,0,2.8
701945,102127,2037,7,2021-10-07,2021-10-11,Elective,Transferred,4,General,0,3.6
701946,102291,2034,11,2022-12-25,2023-01-07,Emergency,Home,9,ICU,0,3.5
701947,100501,2057,9,2025-11-23,2025-11-24,Elective,Home,9,Private,0,4.1
701948,100205,2057,3,2021-09-03,2021-09-04,Urgent,Home,1,Private,0,4.1
701949,101484,2040,8,2025-10-30,2025-11-04,Urgent,Home,14,General,1,5.0
701950,101407,2020,10,2021-06-24,2021-07-01,Elective,Home,15,Semi-Private,0,4.3
701951,100333,2017,3,2023-09-30,2023-10-03,Elective,Home,13,General,0,4.5
701952,100166,2052,11,2024-09-12,2024-09-19,Emergency,Transferred,15,General,0,2.9
701953,102209,2004,9,2025-02-27,2025-03-04,Emergency,Home,5,General,0,3.7
701954,100006,2063,8,2023-10-23,2023-11-02,Emergency,Home,2,General,0,3.2
701955,102253,2050,9,2022-07-07,2022-07-18,Urgent,Home,5,Semi-Private,0,4.4
701956,100532,2050,5,2023-05-25,2023-06-02,Emergency,Rehab,11,Semi-Private,0,4.0
701957,101701,2016,11,2023-10-06,2023-10-13,Emergency,Home,5,General,0,3.7
701958,102093,2072,9,2024-10-08,2024-10-09,Elective,Home,3,Semi-Private,0,4.7
701959,100457,2061,3,2023-11-30,2023-12-13,Emergency,Home,4,Private,0,3.8
701960,100227,2044,7,2023-07-04,2023-07-05,Emergency,Home,7,General,0,5.0
701961,102047,2018,3,2022-03-16,2022-03-23,Emergency,Rehab,10,General,0,5.0
701962,102100,2050,6,2021-09-03,2021-09-09,Elective,Home,13,Semi-Private,0,3.5
701963,101743,2080,8,2023-12-07,2023-12-16,Elective,Home,4,Semi-Private,0,4.8
701964,100471,2030,2,2025-08-09,2025-08-17,Elective,Home,3,General,0,4.1
701965,100897,2049,8,2024-04-01,2024-04-14,Emergency,Rehab,10,General,0,3.7
701966,101321,2021,1,2023-04-19,2023-05-03,Elective,Home,4,General,0,4.3
701967,101665,2022,4,2022-01-24,2022-01-30,Elective,Home,11,Semi-Private,0,2.8
701968,101526,2047,7,2022-10-19,2022-10-25,Emergency,Transferred,2,Semi-Private,0,3.6
701969,101226,2025,1,2022-12-20,2022-12-29,Emergency,Home,1,Private,0,4.3
701970,102463,2056,6,2021-03-30,2021-04-11,Urgent,Home,5,General,0,3.8
701971,101446,2064,10,2023-01-22,2023-01-26,Elective,Home,9,Private,0,4.8
701972,100674,2028,6,2021-08-16,2021-08-25,Emergency,Home,9,ICU,0,3.7
701973,101097,2033,7,2025-06-17,2025-06-28,Emergency,Home,1,Semi-Private,0,4.1
701974,102393,2066,9,2025-11-11,2025-11-22,Elective,Transferred,12,ICU,0,3.9
701975,101233,2004,7,2023-08-21,2023-08-29,Elective,Home,1,Semi-Private,0,2.9
701976,100898,2080,3,2025-11-12,2025-11-15,Urgent,Home,8,General,0,4.3
701977,101963,2012,4,2021-06-06,2021-06-17,Elective,Home,7,Semi-Private,0,4.2
701978,100848,2017,1,2021-07-16,2021-07-20,Emergency,Expired,7,Semi-Private,0,2.6
701979,101967,2036,5,2025-04-02,2025-04-09,Elective,Home,14,General,0,2.1
701980,102228,2016,7,2023-11-07,2023-11-10,Emergency,Home,9,Semi-Private,0,3.7
701981,100647,2023,3,2022-07-08,2022-07-21,Emergency,Expired,12,Semi-Private,0,4.9
701982,100438,2072,6,2024-02-05,2024-02-08,Emergency,Rehab,5,Semi-Private,0,5.0
701983,101501,2009,12,2021-06-24,2021-07-02,Emergency,Home,8,Semi-Private,0,2.6
701984,102443,2078,3,2023-04-24,2023-04-29,Urgent,Home,7,Private,0,5.0
701985,101726,2055,4,2024-05-03,2024-05-15,Elective,Home,14,Semi-Private,0,4.9
701986,101566,2073,5,2023-06-07,2023-06-12,Emergency,Home,2,Private,0,3.6
701987,102105,2064,6,2021-04-27,2021-05-05,Elective,Home,2,General,0,5.0
701988,101744,2047,6,2025-03-20,2025-03-26,Elective,Home,13,General,0,4.3
701989,100326,2067,1,2022-01-16,2022-01-21,Urgent,Home,4,Private,0,3.8
701990,100322,2010,12,2023-08-21,2023-08-22,Urgent,Home,1,Private,0,2.7
701991,102231,2004,8,2021-07-21,2021-07-26,Emergency,Transferred,10,Private,0,4.1
701992,102283,2030,3,2021-01-19,2021-01-27,Urgent,Transferred,5,General,0,4.0
701993,101210,2011,4,2023-05-20,2023-06-03,Emergency,Home,5,Private,0,5.0
701994,100266,2051,8,2022-05-04,2022-05-13,Emergency,Home,1,Semi-Private,0,3.3
701995,100842,2019,5,2023-12-19,2023-12-25,Emergency,Rehab,5,Semi-Private,0,3.3
701996,100329,2013,6,2025-06-19,2025-06-30,Emergency,Home,4,Private,0,3.6
701997,100683,2057,1,2023-07-08,2023-07-21,Urgent,Home,12,Semi-Private,0,5.0
701998,102072,2003,8,2021-11-06,2021-11-19,Elective,Rehab,14,General,1,3.1
701999,101285,2078,5,2025-11-20,2025-11-30,Elective,Home,10,General,0,5.0
702000,101379,2074,1,2024-01-17,2024-01-20,Urgent,Home,11,General,0,2.8
702001,102244,2038,7,2024-06-07,2024-06-15,Emergency,Transferred,5,Semi-Private,0,4.3
702002,101912,2027,2,2025-09-10,2025-09-23,Emergency,Home,4,Private,0,4.1
702003,101357,2080,12,2022-08-07,2022-08-12,Elective,Home,9,Private,0,3.5
702004,101888,2010,6,2023-10-23,2023-10-25,Urgent,Rehab,9,Semi-Private,0,4.5
702005,101979,2053,3,2024-05-28,2024-05-29,Urgent,Home,3,General,0,3.4
702006,100632,2027,6,2021-02-25,2021-03-08,Emergency,Home,3,General,0,2.8
702007,100321,2007,9,2021-11-13,2021-11-21,Urgent,Home,3,General,0,3.8
702008,101471,2013,6,2024-08-26,2024-08-28,Urgent,Home,7,General,0,3.3
702009,101401,2072,1,2024-10-04,2024-10-15,Emergency,Home,1,General,0,4.2
702010,100203,2060,6,2021-04-05,2021-04-08,Elective,Home,13,ICU,0,3.8
702011,102225,2014,3,2025-11-27,2025-12-06,Emergency,Home,4,Private,0,5.0
702012,100627,2044,4,2024-08-23,2024-08-24,Elective,Rehab,9,Private,0,3.8
702013,101869,2070,4,2021-05-28,2021-06-05,Urgent,Transferred,12,Semi-Private,0,4.2
702014,102080,2028,9,2021-06-07,2021-06-19,Elective,Home,8,General,0,3.1
702015,100727,2023,8,2022-01-04,2022-01-06,Elective,Home,3,ICU,0,3.7
702016,100954,2012,7,2023-07-16,2023-07-24,Urgent,Home,8,ICU,0,3.3
702017,102291,2024,5,2023-06-10,2023-06-24,Emergency,Home,6,Semi-Private,0,4.9
702018,101822,2051,10,2021-07-13,2021-07-15,Emergency,Home,10,General,1,3.4
702019,100070,2022,11,2024-05-01,2024-05-08,Emergency,Home,13,Semi-Private,0,3.5
702020,101095,2062,4,2023-09-14,2023-09-17,Elective,Rehab,14,General,0,4.2
702021,101647,2026,3,2024-08-17,2024-08-21,Urgent,Home,11,Private,1,3.5
702022,100158,2058,12,2023-03-09,2023-03-21,Elective,Transferred,3,Private,1,5.0
702023,100549,2071,1,2025-08-07,2025-08-18,Urgent,Home,12,General,0,5.0
702024,101840,2015,9,2023-06-26,2023-06-27,Elective,Transferred,9,Semi-Private,0,3.3
702025,101952,2068,8,2025-05-31,2025-06-12,Elective,Transferred,10,ICU,0,4.6
702026,102374,2006,1,2023-01-25,2023-02-04,Elective,Home,13,Semi-Private,0,3.4
702027,101059,2002,2,2023-09-01,2023-09-02,Urgent,Home,7,General,0,3.7
702028,102464,2031,1,2022-10-03,2022-10-16,Emergency,Home,8,General,0,4.5
702029,100886,2024,1,2024-05-09,2024-05-21,Emergency,Home,10,ICU,0,4.1
702030,100511,2035,9,2024-04-27,2024-05-08,Emergency,Home,11,General,0,4.1
702031,100368,2047,5,2024-09-26,2024-10-06,Urgent,Home,2,Private,0,4.8
702032,101911,2031,3,2025-08-21,2025-09-02,Urgent,Home,13,Private,0,4.8
702033,100883,2072,2,2025-04-17,2025-04-28,Emergency,Home,3,General,0,4.0
702034,102255,2076,12,2021-04-21,2021-04-29,Urgent,Home,13,Semi-Private,0,3.5
702035,101798,2002,8,2023-01-05,2023-01-13,Elective,Rehab,7,General,0,4.0
702036,101294,2079,8,2023-10-24,2023-10-26,Elective,Home,2,Private,0,3.2
702037,100669,2059,6,2024-02-06,2024-02-10,Urgent,Home,6,General,0,4.6
702038,102154,2063,2,2025-07-28,2025-07-30,Elective,Home,7,General,1,3.9
702039,100666,2075,11,2022-12-24,2023-01-06,Elective,Home,11,General,0,3.2
702040,100260,2017,1,2024-06-13,2024-06-21,Emergency,Home,11,Private,0,5.0
702041,101509,2054,6,2025-08-31,2025-09-07,Emergency,Home,6,ICU,0,4.0
702042,100313,2021,1,2021-08-24,2021-08-31,Elective,Home,5,Semi-Private,0,3.4
702043,101845,2022,12,2021-05-03,2021-05-13,Emergency,Home,9,Semi-Private,1,4.9
702044,101534,2055,6,2021-06-10,2021-06-13,Elective,Home,3,Semi-Private,0,4.9
702045,101501,2029,10,2025-04-19,2025-05-01,Elective,Home,5,Semi-Private,0,2.6
702046,100674,2079,2,2025-01-01,2025-01-12,Elective,Home,13,Private,0,4.8
702047,101424,2021,7,2021-03-11,2021-03-16,Elective,Home,5,,0,4.1
702048,102021,2002,12,2023-11-13,2023-11-27,Urgent,Home,8,Semi-Private,0,4.7
702049,102398,2042,10,2021-03-22,2021-03-23,Emergency,Home,8,Semi-Private,0,3.9
702050,102263,2052,2,2022-08-15,2022-08-25,Elective,Home,1,General,0,4.3
702051,101407,2038,2,2022-05-28,2022-06-08,Urgent,Home,14,Semi-Private,0,3.8
702052,101148,2003,6,2021-04-11,2021-04-25,Emergency,Home,6,General,0,4.7
702053,101692,2025,4,2022-04-14,2022-04-18,Emergency,Home,12,Semi-Private,0,3.5
702054,101729,2077,6,2025-03-02,2025-03-06,Elective,Home,6,Semi-Private,0,4.8
702055,100328,2062,12,2025-10-27,2025-10-28,Elective,Rehab,15,Semi-Private,1,4.1
702056,101589,2015,8,2023-07-01,2023-07-13,Emergency,Home,11,General,0,4.6
702057,100098,2070,11,2024-12-15,2024-12-22,Emergency,Home,10,ICU,0,3.2
702058,100659,2010,10,2025-12-02,2025-12-07,Elective,Home,13,Private,0,4.3
702059,102348,2073,3,2024-03-31,2024-04-01,Elective,Home,2,Semi-Private,0,4.4
702060,102078,2069,5,2021-07-25,2021-07-30,Elective,Home,5,Private,0,5.0
702061,101098,2044,5,2023-05-20,2023-05-28,Elective,Rehab,13,General,0,4.5
702062,102220,2041,10,2025-11-20,2025-11-30,Elective,Home,6,General,1,3.6
702063,101018,2020,9,2023-10-11,2023-10-19,Elective,Home,3,General,0,3.5
702064,100923,2037,7,2024-06-11,2024-06-24,Elective,Transferred,1,Private,1,4.6
702065,102132,2039,9,2021-02-16,2021-02-18,Elective,Home,9,General,0,3.6
702066,101609,2077,8,2025-05-28,2025-06-10,Urgent,Home,2,Private,0,3.6
702067,101314,2070,3,2025-07-20,2025-07-21,Elective,Home,4,Private,0,3.4
702068,100639,2008,2,2025-06-06,2025-06-08,Elective,Expired,9,General,0,4.1
702069,100085,2043,3,2025-04-17,2025-04-23,Emergency,Home,9,General,0,4.2
702070,101278,2010,6,2024-12-21,2025-01-03,Urgent,Home,8,General,0,3.8
702071,101848,2041,11,2022-01-06,2022-01-11,Elective,Expired,14,Semi-Private,0,5.0
702072,100519,2004,12,2021-09-08,2021-09-12,Elective,Transferred,4,Private,0,4.4
702073,101331,2078,10,2022-09-17,2022-09-25,Elective,Home,1,General,0,5.0
702074,100184,2004,4,2022-05-09,2022-05-14,Emergency,Home,11,Private,0,4.1
702075,100973,2024,11,2021-02-24,2021-02-28,Emergency,Home,11,Private,0,3.5
702076,102389,2021,1,2021-12-31,2022-01-13,Emergency,Home,7,General,1,3.3
702077,100227,2010,10,2023-10-24,2023-11-04,Emergency,Home,2,General,0,3.9
702078,100837,2046,10,2025-09-15,2025-09-23,Emergency,Rehab,8,Private,0,4.6
702079,102312,2070,9,2024-02-13,2024-02-25,Emergency,Home,14,General,0,3.8
702080,102498,2080,6,2023-11-30,2023-12-01,Emergency,Transferred,15,General,0,4.6
702081,101275,2044,1,2024-05-21,2024-05-30,Elective,Home,10,General,0,5.0
702082,100170,2033,3,2021-03-13,2021-03-15,Elective,Home,10,General,0,3.4
702083,100566,2036,11,2022-04-15,2022-04-29,Emergency,Rehab,14,General,0,3.2
702084,101936,2025,11,2022-07-22,2022-08-05,Elective,Home,11,Semi-Private,0,4.7
702085,102180,2013,1,2022-07-28,2022-08-05,Elective,Home,2,Private,0,4.2
702086,100827,2039,12,2023-08-15,2023-08-24,Emergency,Transferred,10,,0,4.2
702087,100606,2079,9,2021-11-26,2021-12-06,Emergency,Rehab,3,Semi-Private,0,4.5
702088,100350,2038,4,2025-08-13,2025-08-21,Emergency,Home,15,Semi-Private,0,2.9
702089,100099,2030,2,2022-11-12,2022-11-21,Urgent,Rehab,6,General,1,4.3
702090,101770,2014,4,2021-01-01,2021-01-05,Urgent,Home,4,Private,0,4.1
702091,101805,2050,2,2021-02-02,2021-02-13,Emergency,Home,2,Private,0,4.3
702092,101061,2068,6,2022-05-09,2022-05-11,Elective,Home,1,Semi-Private,0,3.3
702093,100075,2001,6,2021-10-01,2021-10-04,Elective,Home,3,Private,0,4.1
702094,102106,2061,11,2024-12-26,2025-01-08,Emergency,Home,4,General,0,
702095,100402,2003,7,2021-04-23,2021-05-01,Urgent,Home,9,Private,1,4.8
702096,100188,2050,9,2022-07-01,2022-07-06,Emergency,Expired,9,General,1,3.9
702097,100139,2061,11,2021-10-17,2021-10-28,Elective,Home,5,Semi-Private,0,3.5
702098,100143,2036,9,2025-01-27,2025-01-31,Elective,Home,12,Private,0,3.3
702099,100108,2004,4,2024-07-20,2024-07-23,Elective,Transferred,5,Semi-Private,0,4.7
702100,100221,2043,9,2025-01-24,2025-02-04,Elective,Home,7,General,0,4.7
702101,100145,2014,8,2025-08-04,2025-08-07,Elective,Home,8,Private,0,5.0
702102,100510,2067,12,2024-08-08,2024-08-18,Emergency,Home,3,Private,0,3.8
702103,102424,2007,1,2024-03-16,2024-03-26,Emergency,Home,15,Private,0,3.2
702104,100005,2008,7,2025-05-30,2025-06-06,Urgent,Rehab,12,,1,3.9
702105,100388,2044,7,2024-12-16,2024-12-27,Elective,Transferred,5,Semi-Private,1,3.5
702106,101758,2064,10,2022-12-03,2022-12-17,Urgent,Transferred,7,Private,0,3.5
702107,101896,2007,4,2021-12-09,2021-12-21,Elective,Transferred,15,Semi-Private,0,4.4
702108,100560,2048,7,2025-12-03,2025-12-11,Elective,Home,11,General,0,4.8
702109,101840,2062,11,2022-05-14,2022-05-27,Elective,Transferred,2,Private,0,4.3
702110,101772,2025,11,2022-01-14,2022-01-19,Emergency,Home,9,Private,0,4.1
702111,101784,2068,11,2023-08-29,2023-09-06,Elective,Rehab,3,General,0,4.6
702112,100365,2064,11,2021-03-17,2021-03-30,Urgent,Home,7,General,0,3.8
702113,100417,2018,10,2023-01-08,2023-01-17,Urgent,Home,12,General,0,5.0
702114,101636,2004,10,2021-08-17,2021-08-21,Elective,Home,9,Private,0,5.0
702115,102069,2017,5,2024-11-10,2024-11-12,Emergency,Home,9,General,0,3.5
702116,100517,2047,5,2023-12-28,2024-01-02,Urgent,Home,3,General,0,4.9
702117,101221,2045,5,2022-12-07,2022-12-09,Elective,Home,2,General,0,4.9
702118,100661,2058,6,2025-03-20,2025-03-30,Urgent,Home,11,Semi-Private,0,4.4
702119,100330,2003,7,2025-07-11,2025-07-13,Elective,Home,14,General,0,5.0
702120,100378,2012,5,2025-09-11,2025-09-17,Urgent,Home,5,ICU,0,4.3
702121,100160,2017,9,2021-12-09,2021-12-19,Emergency,Home,5,Semi-Private,0,4.5
702122,100658,2022,12,2023-06-14,2023-06-25,Elective,Rehab,14,General,0,4.1
702123,102402,2039,11,2021-08-09,2021-08-19,Emergency,Transferred,13,Private,0,4.1
702124,101264,2039,9,2024-02-16,2024-02-17,Elective,Home,8,General,0,4.5
702125,100079,2016,7,2023-04-26,2023-04-28,Elective,Transferred,6,Semi-Private,0,4.3
702126,102200,2051,10,2022-11-09,2022-11-14,Emergency,Home,12,General,1,3.2
702127,102431,2029,3,2022-12-25,2023-01-04,Elective,Home,7,General,0,4.4
702128,100693,2078,4,2023-08-01,2023-08-06,Emergency,Home,11,Semi-Private,0,3.8
702129,102038,2071,4,2025-07-23,2025-08-02,Emergency,Home,8,General,0,3.6
702130,102400,2041,7,2024-11-15,2024-11-27,Emergency,Home,9,Private,0,4.7
702131,101225,2057,2,2023-07-21,2023-07-24,Elective,Home,4,Semi-Private,0,3.3
702132,100951,2028,11,2021-10-14,2021-10-19,Emergency,Home,5,Semi-Private,0,3.8
702133,102181,2077,5,2021-04-01,2021-04-10,Emergency,Transferred,4,General,0,3.2
702134,101989,2080,11,2023-05-28,2023-05-30,Emergency,Home,9,Semi-Private,0,3.7
702135,102217,2021,11,2025-01-28,2025-02-10,Emergency,Expired,12,General,0,5.0
702136,100866,2004,4,2024-04-30,2024-05-06,Emergency,Home,2,Private,0,3.4
702137,100391,2015,10,2024-06-23,2024-07-01,Elective,Home,13,Private,0,3.9
702138,101882,2053,11,2025-12-29,2026-01-01,Elective,Transferred,15,General,0,5.0
702139,101409,2046,9,2021-11-20,2021-12-04,Urgent,Transferred,15,Private,0,4.3
702140,100820,2007,1,2022-07-14,2022-07-16,Emergency,Home,8,Private,0,3.9
702141,102146,2018,10,2022-10-13,2022-10-24,Urgent,Home,11,Semi-Private,0,3.5
702142,100340,2021,3,2025-12-07,2025-12-08,Emergency,Home,14,General,0,4.5
702143,101555,2008,6,2022-05-29,2022-06-11,Emergency,Home,7,General,0,3.8
702144,100132,2059,11,2023-01-18,2023-01-19,Emergency,Home,15,Private,0,5.0
702145,102258,2020,4,2022-04-14,2022-04-25,Emergency,Home,13,Semi-Private,0,3.8
702146,100377,2067,3,2025-01-28,2025-02-01,Elective,Home,7,Private,0,5.0
702147,100640,2055,6,2023-05-16,2023-05-28,Elective,Home,8,General,1,4.7
702148,101522,2062,11,2024-10-15,2024-10-21,Urgent,Home,13,General,0,4.7
702149,100441,2018,3,2022-01-23,2022-01-30,Urgent,Transferred,11,General,0,3.9
702150,101742,2079,7,2022-05-19,2022-06-01,Elective,Transferred,11,Semi-Private,1,3.7
702151,101204,2056,12,2024-06-08,2024-06-16,Elective,Home,1,Semi-Private,0,3.8
702152,100241,2022,1,2022-05-03,2022-05-11,Elective,Home,1,General,0,4.8
702153,101810,2008,9,2023-10-30,2023-11-09,Urgent,Home,7,Private,0,4.4
702154,100023,2011,10,2025-05-27,2025-06-10,Elective,Home,2,Private,0,2.6
702155,101204,2012,2,2021-09-03,2021-09-04,Emergency,Home,12,General,0,3.0
702156,101888,2048,4,2025-04-07,2025-04-19,Elective,Home,4,Private,0,3.9
702157,100175,2063,6,2025-09-27,2025-10-05,Elective,Home,12,Semi-Private,0,4.4
702158,100198,2027,6,2025-01-16,2025-01-28,Elective,Home,6,Private,0,3.8
702159,100099,2035,11,2023-05-06,2023-05-16,Urgent,Home,5,Semi-Private,0,3.6
702160,100745,2002,8,2022-08-20,2022-08-21,Elective,Home,5,Private,0,3.3
702161,101451,2008,8,2022-09-04,2022-09-07,Urgent,Home,11,General,0,4.7
702162,100453,2020,4,2025-11-10,2025-11-24,Urgent,Rehab,6,ICU,0,4.1
702163,101782,2008,6,2023-12-17,2023-12-29,Emergency,Home,10,General,0,5.0
702164,100499,2063,9,2021-07-29,2021-08-03,Emergency,Home,7,Semi-Private,0,3.0
702165,100141,2068,7,2025-04-06,2025-04-19,Emergency,Home,2,Private,0,4.5
702166,101715,2031,8,2023-10-11,2023-10-22,Urgent,Home,12,Semi-Private,0,4.4
702167,102223,2032,8,2025-05-10,2025-05-20,Emergency,Home,11,Private,0,4.6
702168,102468,2013,2,2022-01-03,2022-01-13,Elective,Home,4,General,0,4.6
702169,100676,2026,7,2021-01-23,2021-02-06,Elective,Home,7,General,0,3.6
702170,101464,2029,3,2024-06-16,2024-06-28,Elective,Home,5,Private,0,3.9
702171,100918,2018,7,2022-10-23,2022-10-31,Emergency,Rehab,11,Private,0,4.1
702172,101823,2069,2,2023-11-15,2023-11-23,Emergency,Home,14,ICU,0,3.2
702173,102409,2012,1,2022-09-11,2022-09-17,Emergency,Home,12,Private,0,4.8
702174,102494,2002,11,2025-08-25,2025-08-29,Elective,Rehab,10,General,0,2.1
702175,100708,2042,9,2025-01-30,2025-02-03,Emergency,Home,15,General,0,3.1
702176,101731,2007,10,2022-09-27,2022-10-05,Urgent,Rehab,9,Semi-Private,1,2.7
702177,101881,2047,10,2025-08-11,2025-08-22,Emergency,Home,6,Semi-Private,0,4.8
702178,100561,2054,1,2021-06-11,2021-06-14,Elective,Home,13,Private,0,4.2
702179,100997,2015,11,2025-04-28,2025-05-06,Urgent,Home,4,Private,0,3.6
702180,100059,2058,1,2021-11-20,2021-11-24,Elective,Home,11,Semi-Private,0,4.1
702181,101191,2033,11,2024-02-13,2024-02-23,Emergency,Home,11,General,0,4.2
702182,100967,2067,12,2021-06-11,2021-06-20,Urgent,Home,12,General,0,3.1
702183,101625,2063,12,2022-07-24,2022-08-05,Emergency,Home,14,Private,1,4.1
702184,101807,2048,3,2024-07-04,2024-07-06,Emergency,Transferred,10,General,0,5.0
702185,100263,2066,1,2022-09-30,2022-10-10,Emergency,Home,4,Semi-Private,0,5.0
702186,101455,2065,7,2023-04-20,2023-05-03,Emergency,Home,13,General,0,4.6
702187,102244,2036,7,2024-08-04,2024-08-18,Elective,Rehab,3,General,1,4.2
702188,100354,2017,11,2024-05-12,2024-05-13,Elective,Home,13,General,0,4.7
702189,100941,2002,8,2023-11-06,2023-11-10,Emergency,Home,14,Private,0,4.5
702190,100047,2033,2,2021-11-21,2021-11-30,Emergency,Transferred,6,General,0,3.2
702191,100753,2006,7,2022-09-22,2022-10-04,Elective,Home,8,General,1,3.3
702192,101333,2043,9,2024-11-06,2024-11-13,Emergency,Transferred,1,General,0,4.5
702193,100230,2011,11,2025-10-27,2025-11-10,Emergency,Home,15,General,0,3.5
702194,101925,2005,10,2022-07-29,2022-08-07,Emergency,Home,2,Semi-Private,0,3.2
702195,100757,2030,5,2023-10-03,2023-10-12,Elective,Transferred,4,General,0,5.0
702196,102364,2010,10,2022-12-23,2023-01-02,Elective,Home,7,General,1,4.0
702197,100762,2024,3,2022-10-16,2022-10-25,Emergency,Home,12,Semi-Private,0,4.0
702198,101101,2059,9,2022-10-13,2022-10-22,Urgent,Home,2,General,0,3.1
702199,102110,2067,1,2025-07-23,2025-08-06,Emergency,Home,11,,1,3.7
702200,100238,2061,12,2022-12-23,2022-12-30,Elective,Home,12,Semi-Private,0,3.7
702201,100078,2026,3,2025-04-24,2025-05-02,Emergency,Home,10,General,0,3.3
702202,101985,2039,2,2025-02-25,2025-03-09,Elective,Home,12,General,0,3.1
702203,101053,2003,2,2025-05-26,2025-05-28,Elective,Home,8,Semi-Private,0,5.0
702204,101159,2038,3,2024-08-12,2024-08-21,Elective,Home,3,Private,0,5.0
702205,100351,2042,10,2025-08-30,2025-09-01,Emergency,Home,15,Private,0,3.9
702206,100913,2048,7,2024-10-22,2024-10-30,Elective,Home,2,Semi-Private,0,3.0
702207,100350,2013,6,2024-02-23,2024-02-25,Elective,Home,7,Private,0,2.7
702208,101305,2056,12,2023-11-17,2023-11-28,Elective,Home,11,General,0,3.7
702209,100292,2059,9,2021-12-24,2022-01-05,Emergency,Home,12,General,0,2.3
702210,101213,2063,10,2024-06-20,2024-06-28,Emergency,Home,10,Semi-Private,0,3.7
702211,100468,2080,11,2023-02-17,2023-02-20,Emergency,Transferred,9,Semi-Private,0,2.5
702212,101266,2043,10,2024-12-08,2024-12-10,Emergency,Home,4,General,0,3.9
702213,102354,2075,3,2024-07-03,2024-07-09,Emergency,Rehab,2,Private,0,4.1
702214,101208,2057,5,2021-03-03,2021-03-09,Emergency,Home,9,ICU,0,3.9
702215,102497,2021,9,2022-06-20,2022-06-21,Elective,Home,10,General,0,5.0
702216,100230,2054,3,2025-05-02,2025-05-09,Elective,Home,5,General,1,3.8
702217,101065,2079,12,2023-05-30,2023-06-11,Elective,Home,13,General,0,5.0
702218,100793,2053,8,2024-02-28,2024-03-12,Elective,Home,10,General,0,4.2
702219,100824,2045,9,2023-09-14,2023-09-26,Elective,Home,7,Private,0,5.0
702220,101694,2036,11,2021-08-27,2021-09-07,Elective,Home,10,General,0,2.7
702221,100836,2063,11,2023-10-08,2023-10-20,Urgent,Home,5,General,0,3.2
702222,102395,2001,7,2025-08-28,2025-08-29,Elective,Rehab,12,Semi-Private,0,3.8
702223,102058,2067,6,2022-01-01,2022-01-05,Elective,Home,13,Semi-Private,0,5.0
702224,100087,2079,11,2023-05-07,2023-05-20,Urgent,Home,5,Semi-Private,0,3.8
702225,101363,2033,6,2022-08-27,2022-09-02,Emergency,Expired,6,Semi-Private,0,3.5
702226,100004,2032,6,2023-07-19,2023-07-27,Elective,Transferred,5,Semi-Private,0,4.5
702227,101221,2058,5,2021-05-03,2021-05-14,Emergency,Home,8,General,0,4.7
702228,101845,2026,7,2023-06-22,2023-07-03,Urgent,Transferred,11,General,0,3.4
702229,101522,2061,7,2022-03-05,2022-03-13,Elective,Home,12,General,1,3.5
702230,102321,2017,7,2022-03-19,2022-03-29,Elective,Home,11,General,0,5.0
702231,101978,2073,3,2024-04-28,2024-05-05,Elective,Transferred,4,General,0,4.9
702232,101475,2069,11,2024-11-07,2024-11-18,Elective,Home,3,Semi-Private,0,5.0
702233,101131,2029,6,2025-11-20,2025-11-25,Elective,Home,14,Semi-Private,1,4.7
702234,100881,2063,9,2024-01-02,2024-01-15,Urgent,Home,3,General,0,3.4
702235,101402,2006,9,2021-03-14,2021-03-20,Elective,Home,2,Private,0,4.0
702236,101976,2059,4,2024-09-15,2024-09-23,Urgent,Home,8,General,0,3.2
702237,100936,2021,9,2021-05-29,2021-06-01,Elective,Home,13,General,0,4.7
702238,101879,2045,2,2023-02-09,2023-02-15,Elective,Home,14,General,0,3.6
702239,101751,2045,8,2025-06-21,2025-06-25,Emergency,Home,7,ICU,0,2.7
702240,100002,2035,2,2024-07-16,2024-07-29,Emergency,Expired,6,Semi-Private,0,4.1
702241,101145,2052,5,2023-11-17,2023-11-20,Urgent,Home,2,General,0,4.8
702242,101639,2046,6,2024-02-04,2024-02-07,Elective,Home,2,Semi-Private,0,3.0
702243,100149,2066,2,2024-06-05,2024-06-09,Elective,Home,10,General,0,3.9
702244,100152,2057,9,2023-01-03,2023-01-09,Elective,Home,1,Private,1,3.6
702245,101940,2042,6,2024-07-30,2024-08-10,Emergency,Transferred,14,Private,0,4.7
702246,102354,2073,8,2023-08-23,2023-08-24,Elective,Transferred,12,Semi-Private,0,2.5
702247,102044,2077,4,2022-06-26,2022-06-28,Emergency,Home,10,General,0,4.9
702248,101703,2016,3,2022-01-30,2022-02-12,Urgent,Home,2,General,0,3.5
702249,101852,2005,4,2025-06-27,2025-07-01,Elective,Home,9,General,0,3.9
702250,100475,2001,1,2023-08-07,2023-08-19,Urgent,Home,1,Private,0,4.6
702251,101388,2022,1,2023-08-04,2023-08-14,Elective,Home,13,Private,0,5.0
702252,100807,2048,8,2024-12-22,2024-12-31,Emergency,Transferred,10,Semi-Private,0,4.0
702253,101095,2026,1,2022-03-03,2022-03-11,Urgent,Home,4,General,0,3.5
702254,101664,2034,5,2022-03-30,2022-04-09,Emergency,Home,2,ICU,0,3.6
702255,102081,2058,10,2021-05-19,2021-05-27,Elective,Home,5,ICU,0,4.9
702256,101181,2007,9,2023-08-03,2023-08-14,Emergency,Home,14,General,0,3.3
702257,101354,2025,3,2024-01-21,2024-01-28,Elective,Home,10,General,0,4.2
702258,101731,2057,10,2024-11-29,2024-12-13,Emergency,Home,8,Private,0,4.0
702259,101997,2012,2,2024-12-11,2024-12-23,Elective,Home,1,General,0,4.6
702260,101563,2031,5,2024-12-17,2024-12-23,Urgent,Home,9,Private,0,4.0
702261,101251,2027,12,2022-08-05,2022-08-19,Elective,Home,7,General,0,3.7
702262,100367,2034,2,2022-06-14,2022-06-28,Emergency,Home,5,Semi-Private,1,3.6
702263,101801,2075,10,2022-04-21,2022-04-28,Elective,Home,5,General,0,3.6
702264,102037,2034,1,2023-04-04,2023-04-10,Urgent,Home,9,General,0,3.0
702265,102310,2037,11,2025-12-12,2025-12-15,Emergency,Transferred,9,Private,0,4.4
702266,102024,2058,9,2023-04-24,2023-05-06,Emergency,Home,2,ICU,0,4.2
702267,100538,2060,11,2024-02-14,2024-02-20,Emergency,Home,8,Private,1,2.9
702268,101555,2026,10,2021-04-09,2021-04-21,Elective,Home,5,General,0,3.7
702269,102064,2045,11,2025-07-14,2025-07-21,Elective,Home,14,General,0,3.8
702270,102153,2045,9,2023-12-25,2023-12-31,Elective,Home,2,General,0,3.6
702271,100791,2032,1,2022-09-20,2022-10-01,Elective,Home,9,Semi-Private,0,3.9
702272,101227,2069,4,2025-11-16,2025-11-18,Elective,Home,4,General,0,3.9
702273,101949,2071,5,2021-11-30,2021-12-06,Elective,Rehab,5,Semi-Private,0,4.7
702274,101702,2023,12,2025-10-14,2025-10-27,Elective,Home,7,Semi-Private,0,4.0
702275,101083,2065,2,2022-01-13,2022-01-26,Emergency,Home,2,General,0,4.4
702276,101009,2039,11,2024-04-13,2024-04-15,Emergency,Transferred,5,Semi-Private,0,3.0
702277,100048,2067,9,2022-03-10,2022-03-11,Emergency,Home,8,Semi-Private,0,3.2
702278,100660,2045,9,2022-01-14,2022-01-24,Urgent,Home,12,Semi-Private,0,3.0
702279,101436,2067,9,2024-04-19,2024-04-29,Elective,Expired,14,ICU,0,3.7
702280,100114,2063,8,2022-02-22,2022-03-04,Emergency,Home,11,General,0,4.0
702281,102344,2070,6,2025-02-18,2025-02-23,Emergency,Home,1,General,0,5.0
702282,100438,2054,1,2025-02-01,2025-02-05,Elective,Home,12,General,0,3.4
702283,102314,2027,10,2024-01-27,2024-02-05,Emergency,Home,11,General,0,4.6
702284,100162,2079,5,2025-10-19,2025-10-28,Emergency,Home,8,General,0,3.4
702285,100504,2036,8,2022-10-29,2022-11-07,Emergency,Home,2,Semi-Private,0,4.0
702286,101060,2005,12,2022-12-21,2022-12-24,Emergency,Home,4,General,0,3.9
702287,101006,2067,4,2022-12-02,2022-12-16,Elective,Home,11,General,0,3.3
702288,101671,2051,8,2025-06-16,2025-06-26,Emergency,Home,12,Private,0,3.4
702289,101395,2032,6,2023-03-22,2023-04-03,Elective,Home,3,Semi-Private,0,5.0
702290,101510,2021,1,2023-04-20,2023-05-02,Urgent,Home,2,Semi-Private,0,3.6
702291,102320,2017,1,2022-05-09,2022-05-12,Emergency,Home,10,General,0,4.7
702292,102010,2073,3,2023-06-02,2023-06-15,Emergency,Transferred,10,Private,0,4.5
702293,100480,2026,1,2024-09-03,2024-09-06,Emergency,Home,2,General,0,3.5
702294,100957,2022,4,2021-05-24,2021-06-04,Elective,Transferred,10,ICU,0,4.0
702295,100159,2041,3,2022-03-11,2022-03-21,Elective,Transferred,6,ICU,0,4.1
702296,100755,2059,7,2021-07-05,2021-07-10,Emergency,Home,3,General,0,4.4
702297,101837,2075,11,2021-01-20,2021-01-26,Emergency,Home,10,Semi-Private,0,3.7
702298,100204,2010,9,2023-08-28,2023-09-03,Elective,Home,4,Semi-Private,0,2.9
702299,100512,2005,7,2021-03-13,2021-03-16,Elective,Home,4,General,0,3.5
702300,101988,2055,11,2024-06-08,2024-06-22,Emergency,Transferred,2,Semi-Private,0,4.9
702301,100116,2026,5,2024-03-03,2024-03-15,Emergency,Home,4,General,0,4.0
702302,100392,2004,1,2024-09-20,2024-09-22,Elective,Home,2,General,0,3.7
702303,102417,2027,5,2025-06-10,2025-06-16,Emergency,Transferred,14,Semi-Private,0,2.9
702304,101239,2058,1,2021-06-11,2021-06-24,Emergency,Home,4,Private,0,4.9
702305,101535,2003,6,2025-04-03,2025-04-07,Elective,Home,13,Semi-Private,0,3.8
702306,100741,2050,8,2023-02-19,2023-02-28,Emergency,Home,8,Private,0,4.8
702307,102375,2026,7,2024-08-09,2024-08-11,Urgent,Home,15,General,0,4.5
702308,100037,2018,1,2023-02-02,2023-02-06,Elective,Home,15,General,0,4.6
702309,100986,2007,8,2023-07-22,2023-08-02,Emergency,Home,9,Semi-Private,1,5.0
702310,102428,2045,12,2023-01-26,2023-02-06,Elective,Transferred,15,General,0,4.1
702311,101536,2013,9,2023-08-28,2023-08-30,Elective,Home,4,General,0,3.9
702312,100369,2006,12,2023-08-17,2023-08-22,Emergency,Transferred,4,General,0,5.0
702313,102272,2035,10,2022-01-17,2022-01-20,Emergency,Home,15,General,0,4.6
702314,101958,2053,2,2021-05-16,2021-05-20,Elective,Home,14,General,0,3.5
702315,100814,2068,1,2024-07-06,2024-07-15,Elective,Rehab,7,Semi-Private,0,4.8
702316,101737,2042,6,2023-01-26,2023-02-08,Elective,Home,1,General,0,5.0
702317,101124,2004,12,2022-04-13,2022-04-23,Emergency,Home,7,Semi-Private,0,2.3
702318,101099,2060,4,2021-11-26,2021-12-07,Urgent,Home,13,General,0,3.1
702319,101392,2045,7,2022-08-19,2022-08-24,Elective,Home,9,Private,0,3.4
702320,102111,2072,3,2023-09-02,2023-09-11,Elective,Home,4,Private,1,4.5
702321,101648,2075,3,2023-01-17,2023-01-30,Elective,Home,15,Semi-Private,0,4.6
702322,102032,2066,8,2022-05-25,2022-05-30,Emergency,Home,2,Semi-Private,0,4.4
702323,101679,2022,7,2025-04-19,2025-04-29,Urgent,Home,13,Private,0,4.7
702324,102147,2012,5,2021-12-16,2021-12-25,Emergency,Home,15,Semi-Private,0,3.2
702325,100075,2051,3,2025-12-22,2025-12-30,Elective,Transferred,15,General,0,3.1
702326,101814,2017,1,2024-01-01,2024-01-02,Elective,Home,4,Private,0,4.9
702327,102232,2036,11,2025-01-30,2025-02-12,Urgent,Home,2,Private,0,4.1
702328,101273,2049,3,2023-02-11,2023-02-14,Elective,Home,10,General,0,4.9
702329,101980,2016,9,2024-08-27,2024-09-01,Elective,Home,7,Private,0,3.5
702330,102188,2075,1,2022-11-07,2022-11-19,Urgent,Transferred,6,Private,0,3.2
702331,101927,2044,5,2024-09-18,2024-09-21,Urgent,Home,13,Private,0,3.0
702332,101986,2022,4,2024-09-11,2024-09-21,Emergency,Home,12,General,0,4.6
702333,102407,2008,11,2021-04-24,2021-04-25,Emergency,Home,11,General,0,4.8
702334,101577,2018,6,2024-10-20,2024-11-03,Elective,Home,2,Semi-Private,0,4.4
702335,101470,2080,2,2022-12-25,2023-01-05,Urgent,Transferred,15,General,0,3.6
702336,100980,2072,4,2022-11-23,2022-11-25,Elective,Transferred,6,Private,0,4.5
702337,101256,2038,9,2021-10-29,2021-11-11,Emergency,Home,9,ICU,0,4.5
702338,101642,2029,11,2022-12-03,2022-12-05,Elective,Home,11,Semi-Private,1,2.5
702339,100300,2077,5,2024-06-05,2024-06-09,Emergency,Home,14,Semi-Private,0,3.7
702340,100426,2073,8,2022-04-27,2022-05-03,Elective,Transferred,8,General,0,4.2
702341,102209,2002,2,2024-03-08,2024-03-10,Emergency,Home,9,Private,0,4.8
702342,100401,2059,12,2021-08-16,2021-08-30,Elective,Home,5,General,0,3.9
702343,101402,2042,11,2025-05-01,2025-05-07,Urgent,Home,14,General,0,4.1
702344,101983,2021,9,2024-05-03,2024-05-14,Elective,Home,15,Semi-Private,1,3.9
702345,101942,2002,12,2023-11-13,2023-11-14,Emergency,Home,10,Private,0,4.2
702346,101281,2005,7,2025-05-23,2025-05-31,Elective,Home,2,Private,0,3.0
702347,100741,2017,7,2022-04-13,2022-04-16,Emergency,Home,5,Semi-Private,0,3.5
702348,100862,2024,2,2022-02-25,2022-03-05,Elective,Transferred,10,Semi-Private,1,2.3
702349,100494,2008,8,2021-02-10,2021-02-13,Elective,Home,14,Semi-Private,1,3.7
702350,101206,2030,9,2025-03-17,2025-03-18,Elective,Home,3,Semi-Private,0,4.4
702351,102406,2050,10,2022-01-05,2022-01-09,Urgent,Home,14,Semi-Private,0,3.4
702352,100090,2022,11,2025-01-13,2025-01-16,Emergency,Home,11,General,1,3.8
702353,100064,2059,12,2022-10-19,2022-10-27,Urgent,Home,14,General,0,4.3
702354,101112,2024,5,2025-05-30,2025-05-31,Emergency,Rehab,13,General,0,5.0
702355,101057,2026,3,2023-11-14,2023-11-23,Elective,Home,14,General,0,3.9
702356,101096,2061,3,2024-08-04,2024-08-15,Emergency,Home,15,Semi-Private,0,4.5
702357,101580,2008,6,2023-08-21,2023-09-04,Emergency,Home,4,General,0,3.9
702358,102301,2012,1,2025-06-15,2025-06-24,Elective,Home,7,Semi-Private,0,4.3
702359,102155,2014,10,2025-06-01,2025-06-07,Emergency,Home,2,Semi-Private,1,4.0
702360,100514,2030,11,2025-07-10,2025-07-15,Emergency,Home,14,Private,0,3.7
702361,100136,2055,9,2021-11-15,2021-11-26,Emergency,Home,6,General,0,3.8
702362,102457,2061,6,2024-07-28,2024-08-11,Elective,Home,15,General,0,4.9
702363,100121,2062,9,2021-11-18,2021-11-30,Emergency,Transferred,11,General,0,4.2
702364,101502,2031,3,2022-10-13,2022-10-18,Elective,Home,1,General,0,3.1
702365,100824,2027,10,2025-09-08,2025-09-20,Elective,Home,10,Semi-Private,0,3.7
702366,101118,2001,3,2023-09-11,2023-09-17,Emergency,Home,3,Private,0,3.3
702367,100505,2041,10,2022-05-29,2022-06-05,Emergency,Home,11,General,0,4.7
702368,102055,2014,7,2023-08-19,2023-08-27,Elective,Home,7,General,0,3.4
702369,101624,2074,7,2021-05-01,2021-05-04,Elective,Transferred,11,Private,0,4.6
702370,102239,2050,4,2022-02-01,2022-02-11,Elective,Home,12,Semi-Private,0,4.7
702371,101744,2042,11,2023-05-25,2023-05-26,Elective,Home,5,Semi-Private,0,4.1
702372,102434,2071,8,2023-04-09,2023-04-14,Emergency,Rehab,12,General,0,4.4
702373,100803,2040,11,2023-08-09,2023-08-20,Elective,Home,8,ICU,0,3.6
702374,100278,2014,2,2024-09-19,2024-09-20,Emergency,Home,7,Private,0,4.6
702375,101472,2011,1,2021-07-18,2021-08-01,Emergency,Home,7,General,0,3.1
702376,100827,2063,1,2021-05-09,2021-05-11,Emergency,Rehab,14,General,0,3.7
702377,100945,2049,2,2021-01-22,2021-02-03,Urgent,Home,1,General,0,3.8
702378,102100,2037,11,2023-12-31,2024-01-08,Elective,Home,1,Private,0,4.7
702379,101429,2010,11,2022-08-29,2022-09-01,Urgent,Home,13,Semi-Private,0,5.0
702380,102444,2054,6,2021-04-22,2021-05-03,Urgent,Home,6,General,0,3.7
702381,100779,2007,8,2022-04-12,2022-04-26,Urgent,Home,13,Semi-Private,0,3.9
702382,100211,2012,3,2023-05-26,2023-06-05,Emergency,Home,8,Private,0,3.1
702383,100890,2055,12,2021-10-30,2021-11-03,Elective,Home,3,Semi-Private,0,3.9
702384,102026,2036,6,2022-03-20,2022-03-31,Emergency,Home,8,Semi-Private,0,4.8
702385,102318,2007,8,2021-08-02,2021-08-08,Elective,Home,8,General,0,2.7
702386,101007,2024,9,2022-11-15,2022-11-23,Emergency,Home,1,General,0,4.0
702387,101638,2034,8,2022-05-15,2022-05-16,Emergency,Home,11,Semi-Private,0,4.5
702388,100845,2065,7,2024-04-19,2024-05-03,Elective,Rehab,5,General,1,4.0
702389,101016,2029,4,2023-07-22,2023-07-24,Urgent,Transferred,9,General,0,3.9
702390,100398,2026,3,2025-04-11,2025-04-22,Elective,Home,11,Semi-Private,0,4.7
702391,101345,2074,7,2024-02-09,2024-02-15,Emergency,Home,10,ICU,0,3.4
702392,100639,2065,1,2025-08-12,2025-08-20,Urgent,Home,14,Semi-Private,0,3.4
702393,100493,2045,7,2023-08-03,2023-08-15,Emergency,Home,10,Semi-Private,1,2.6
702394,101630,2017,6,2021-06-26,2021-07-04,Urgent,Home,11,General,0,4.2
702395,102176,2036,3,2022-11-28,2022-12-11,Urgent,Rehab,12,General,0,4.2
702396,102122,2073,3,2022-10-15,2022-10-18,Elective,Home,3,Semi-Private,0,3.6
702397,101500,2063,2,2022-08-18,2022-08-22,Elective,Transferred,9,General,0,3.3
702398,102500,2023,1,2021-10-29,2021-11-08,Elective,Home,13,General,0,4.0
702399,101486,2066,11,2023-04-01,2023-04-05,Elective,Transferred,11,Semi-Private,0,4.1
702400,102486,2042,5,2025-05-12,2025-05-16,Emergency,Transferred,9,General,1,3.1
702401,100448,2071,7,2022-02-23,2022-02-25,Elective,Home,1,Semi-Private,0,2.5
702402,101126,2075,7,2025-04-26,2025-05-09,Emergency,Transferred,2,Private,1,2.7
702403,100559,2071,6,2023-06-26,2023-07-02,Elective,Home,3,General,0,2.9
702404,100970,2043,11,2023-04-05,2023-04-13,Elective,Home,14,Private,0,3.1
702405,100937,2055,10,2022-02-05,2022-02-14,Emergency,Rehab,4,Semi-Private,0,3.9
702406,102331,2056,6,2025-04-17,2025-04-30,Urgent,Home,12,General,0,4.1
702407,101228,2079,11,2022-01-16,2022-01-17,Emergency,Expired,5,Semi-Private,0,3.9
702408,100086,2031,7,2023-12-25,2023-12-26,Elective,Home,5,General,0,4.3
702409,101348,2056,8,2022-07-05,2022-07-14,Emergency,Home,10,General,0,4.3
702410,101949,2074,5,2024-03-18,2024-03-29,Emergency,Home,11,Private,0,4.2
702411,102212,2048,1,2025-11-26,2025-12-09,Emergency,Home,5,General,0,4.1
702412,100877,2052,7,2025-07-03,2025-07-07,Emergency,Home,3,Private,0,3.2
702413,100206,2072,2,2025-07-19,2025-07-30,Emergency,Home,6,Semi-Private,0,3.0
702414,101932,2001,11,2023-11-11,2023-11-18,Emergency,Rehab,4,Semi-Private,0,3.6
702415,101453,2002,5,2025-12-07,2025-12-09,Elective,Home,9,Semi-Private,0,4.9
702416,102196,2042,7,2023-10-23,2023-11-02,Elective,Home,12,Semi-Private,0,5.0
702417,100791,2074,7,2021-05-09,2021-05-10,Elective,Transferred,2,ICU,0,4.4
702418,101314,2009,9,2022-06-17,2022-06-28,Elective,Transferred,11,Private,0,4.3
702419,100947,2031,5,2022-10-19,2022-11-02,Urgent,Home,1,General,0,4.8
702420,101994,2002,6,2022-10-24,2022-10-31,Emergency,Home,7,General,0,5.0
702421,101546,2024,10,2022-06-17,2022-06-23,Elective,Transferred,15,General,0,3.3
702422,100557,2043,12,2021-03-25,2021-03-28,Urgent,Home,9,General,0,5.0
702423,100030,2070,11,2021-08-12,2021-08-22,Emergency,Expired,10,Semi-Private,1,5.0
702424,101472,2072,6,2021-10-12,2021-10-16,Elective,Home,9,Semi-Private,0,3.0
702425,102273,2043,1,2025-11-23,2025-12-06,Elective,Transferred,3,General,0,3.3
702426,101410,2051,10,2021-12-17,2021-12-30,Emergency,Home,12,Semi-Private,0,5.0
702427,102477,2046,7,2025-08-17,2025-08-18,Emergency,Home,15,Private,0,4.8
702428,100529,2075,10,2021-04-21,2021-04-28,Elective,Home,11,General,0,3.6
702429,101052,2001,7,2024-06-21,2024-06-30,Elective,Home,13,General,0,4.1
702430,100126,2067,4,2021-05-20,2021-05-21,Emergency,Home,15,General,0,4.6
702431,100813,2001,4,2024-09-25,2024-09-27,Elective,Home,1,General,0,4.7
702432,100654,2063,11,2023-03-24,2023-03-26,Elective,Home,9,Semi-Private,0,5.0
702433,100138,2076,6,2022-06-20,2022-06-26,Emergency,Home,7,Semi-Private,0,4.2
702434,101361,2062,3,2023-09-19,2023-09-24,Elective,Home,8,General,0,4.2
702435,100741,2061,10,2022-10-19,2022-11-02,Elective,Home,11,General,0,3.7
702436,102262,2040,6,2024-11-16,2024-11-22,Emergency,Transferred,15,Private,0,3.3
702437,100291,2029,11,2022-04-11,2022-04-12,Elective,Home,6,Semi-Private,0,3.3
702438,102419,2035,11,2025-02-11,2025-02-17,Emergency,Home,10,General,0,3.9
702439,101694,2011,4,2021-02-25,2021-03-08,Emergency,Home,6,Private,0,4.3
702440,101792,2011,10,2021-06-10,2021-06-16,Emergency,Home,11,Semi-Private,0,2.9
702441,100549,2063,8,2021-07-12,2021-07-19,Urgent,Home,15,Semi-Private,0,5.0
702442,101320,2069,5,2022-05-23,2022-06-04,Urgent,Home,4,Semi-Private,0,3.5
702443,102467,2056,8,2024-04-20,2024-04-22,Elective,Home,2,General,0,3.4
702444,102409,2007,9,2021-03-31,2021-04-06,Elective,Home,1,Semi-Private,1,4.0
702445,101099,2051,4,2022-02-10,2022-02-19,Emergency,Home,14,General,0,2.2
702446,101396,2039,1,2022-09-07,2022-09-16,Elective,Rehab,6,Private,0,4.3
702447,101545,2042,10,2025-09-25,2025-09-27,Emergency,Expired,9,General,0,3.3
702448,101130,2072,7,2021-01-24,2021-01-29,Elective,Home,10,Semi-Private,0,2.6
702449,102415,2053,7,2024-07-09,2024-07-22,Urgent,Home,10,General,0,4.1
702450,100402,2021,5,2021-05-18,2021-05-25,Emergency,Transferred,2,Semi-Private,0,4.1
702451,101781,2030,5,2022-07-20,2022-07-25,Elective,Home,1,Semi-Private,0,5.0
702452,102151,2078,1,2021-01-26,2021-02-08,Elective,Home,1,Semi-Private,0,4.1
702453,100787,2001,3,2024-05-11,2024-05-14,Emergency,Home,14,Semi-Private,0,4.1
702454,102373,2024,1,2021-05-02,2021-05-03,Elective,Home,7,Private,0,4.0
702455,100373,2006,7,2022-08-20,2022-09-02,Elective,Rehab,14,Semi-Private,0,2.1
702456,100338,2006,5,2021-02-15,2021-02-22,Elective,Transferred,1,General,1,4.1
702457,101057,2069,12,2022-03-23,2022-04-05,Emergency,Home,9,Semi-Private,0,4.0
702458,101446,2062,4,2021-04-30,2021-05-08,Elective,Home,9,Semi-Private,0,3.9
702459,101293,2035,7,2025-08-05,2025-08-11,Urgent,Home,11,General,0,3.4
702460,101969,2079,9,2024-01-11,2024-01-23,Elective,Transferred,3,ICU,1,4.4
702461,101097,2035,6,2025-10-24,2025-11-05,Elective,Home,11,General,0,3.3
702462,101882,2048,9,2022-11-27,2022-12-04,Emergency,Home,2,General,0,4.5
702463,101205,2072,6,2024-06-03,2024-06-12,Emergency,Home,9,General,0,4.3
702464,101921,2043,10,2023-07-15,2023-07-29,Urgent,Home,14,General,0,5.0
702465,102039,2035,9,2021-01-31,2021-02-02,Emergency,Rehab,14,General,0,3.7
702466,101733,2005,6,2025-10-12,2025-10-17,Urgent,Rehab,3,General,0,5.0
702467,101831,2031,9,2025-07-14,2025-07-17,Emergency,Home,2,General,0,4.2
702468,100032,2031,3,2021-06-11,2021-06-23,Emergency,Home,4,Semi-Private,0,3.9
702469,101969,2008,5,2024-09-26,2024-10-09,Emergency,Home,15,General,0,3.4
702470,102223,2006,11,2022-04-16,2022-04-18,Elective,Transferred,7,Private,0,4.3
702471,100015,2053,5,2021-04-09,2021-04-12,Elective,Home,13,General,0,3.6
702472,100107,2080,10,2023-01-16,2023-01-20,Urgent,Home,4,Semi-Private,0,4.0
702473,100469,2044,8,2025-02-23,2025-03-09,Emergency,Home,8,Semi-Private,0,4.6
702474,100202,2049,11,2024-03-15,2024-03-17,Emergency,Home,12,Private,1,4.0
702475,101912,2008,11,2021-07-26,2021-07-28,Elective,Home,5,Semi-Private,0,4.2
702476,101795,2064,7,2022-09-03,2022-09-11,Elective,Home,14,Private,0,5.0
702477,101409,2004,2,2022-12-14,2022-12-28,Emergency,Home,2,General,0,4.4
702478,100917,2032,11,2022-04-02,2022-04-05,Emergency,Transferred,13,General,0,3.5
702479,100336,2053,2,2025-01-24,2025-01-27,Emergency,Transferred,10,Semi-Private,0,3.7
702480,101685,2067,7,2025-01-16,2025-01-20,Elective,Home,4,General,0,4.1
702481,102153,2063,10,2024-11-23,2024-12-04,Elective,Home,13,Semi-Private,0,5.0
702482,102251,2080,12,2021-05-16,2021-05-21,Elective,Transferred,12,ICU,1,3.0
702483,100065,2060,10,2025-02-04,2025-02-07,Emergency,Home,13,General,0,4.1
702484,100553,2077,4,2023-10-16,2023-10-22,Urgent,Home,7,Private,0,5.0
702485,100224,2033,6,2025-08-04,2025-08-14,Emergency,Home,13,Private,0,4.5
702486,102428,2022,9,2025-10-03,2025-10-06,Emergency,Home,1,Semi-Private,0,3.9
702487,102303,2031,10,2024-06-14,2024-06-22,Elective,Home,7,Semi-Private,0,2.7
702488,102016,2024,11,2022-07-19,2022-07-23,Elective,Home,3,Private,0,5.0
702489,101322,2003,4,2023-02-13,2023-02-18,Emergency,Home,7,Semi-Private,0,3.6
702490,102219,2033,7,2025-01-25,2025-01-28,Urgent,Rehab,3,General,0,3.3
702491,100613,2026,9,2025-05-16,2025-05-21,Elective,Home,12,ICU,0,4.2
702492,100652,2051,1,2023-02-13,2023-02-24,Emergency,Home,12,General,0,5.0
702493,100718,2030,10,2021-08-21,2021-09-03,Elective,Home,8,General,0,4.3
702494,101388,2035,11,2022-10-22,2022-10-29,Elective,Home,4,General,1,3.7
702495,102121,2025,2,2024-04-06,2024-04-09,Elective,Transferred,1,General,0,4.2
702496,101084,2028,9,2025-07-24,2025-07-27,Urgent,Transferred,1,Private,0,4.1
702497,102384,2026,5,2022-09-04,2022-09-05,Elective,Home,4,General,0,3.6
702498,100668,2073,4,2025-03-14,2025-03-16,Emergency,Home,9,Private,0,4.1
702499,100014,2008,7,2024-11-16,2024-11-20,Elective,Expired,5,General,0,3.4
702500,101440,2015,5,2023-10-01,2023-10-13,Elective,Home,13,General,1,3.3
702501,102075,2049,1,2021-05-21,2021-05-30,Elective,Home,5,General,0,4.4
702502,101074,2008,9,2025-09-27,2025-09-30,Emergency,Home,3,Semi-Private,1,3.7
702503,102235,2055,8,2022-10-26,2022-11-05,Urgent,Home,5,Semi-Private,0,4.0
702504,100771,2058,3,2022-12-20,2022-12-25,Elective,Home,7,General,0,3.4
702505,100990,2003,10,2025-06-15,2025-06-24,Elective,Expired,3,Private,0,3.6
702506,100538,2009,3,2022-01-28,2022-02-01,Emergency,Home,5,Semi-Private,0,3.6
702507,102021,2014,3,2021-10-26,2021-10-30,Elective,Transferred,12,General,0,3.6
702508,100936,2020,7,2023-05-31,2023-06-06,Emergency,Home,3,Private,1,3.7
702509,102419,2004,2,2024-01-31,2024-02-07,Urgent,Rehab,1,Semi-Private,0,4.1
702510,102134,2024,9,2022-01-18,2022-02-01,Emergency,Home,6,General,1,5.0
702511,102208,2076,4,2024-12-05,2024-12-17,Elective,Home,3,Semi-Private,0,4.6
702512,102473,2028,7,2025-11-03,2025-11-14,Elective,Home,2,General,0,3.7
702513,101903,2031,8,2023-06-17,2023-06-23,Elective,Home,3,Semi-Private,0,3.5
702514,101736,2067,5,2025-04-23,2025-05-06,Elective,Home,13,General,0,2.7
702515,101415,2064,8,2025-01-17,2025-01-30,Emergency,Home,5,ICU,0,3.5
702516,102323,2017,4,2023-12-29,2024-01-11,Elective,Home,5,Semi-Private,0,3.2
702517,101313,2006,10,2022-06-21,2022-07-02,Urgent,Home,9,General,0,4.0
702518,102038,2060,2,2025-09-10,2025-09-14,Elective,Home,12,Semi-Private,0,5.0
702519,100258,2011,3,2021-10-08,2021-10-22,Emergency,Home,11,Semi-Private,0,3.7
702520,100963,2038,6,2021-07-25,2021-08-01,Urgent,Transferred,9,General,0,2.9
702521,101244,2034,10,2025-09-02,2025-09-16,Elective,Home,2,Semi-Private,0,3.9
702522,100533,2047,6,2023-02-25,2023-03-09,Emergency,Home,11,General,0,3.7
702523,101870,2032,12,2024-09-13,2024-09-24,Elective,Home,6,General,0,4.9
702524,101384,2057,12,2022-10-27,2022-11-06,Elective,Home,13,General,0,2.6
702525,101654,2046,12,2023-01-19,2023-01-22,Emergency,Expired,9,Semi-Private,0,3.3
702526,100113,2035,7,2021-10-20,2021-10-23,Urgent,Home,9,ICU,0,4.6
702527,101300,2022,12,2022-11-19,2022-12-01,Emergency,Home,11,Semi-Private,0,2.8
702528,102305,2016,11,2024-06-19,2024-07-02,Elective,Home,6,General,0,4.4
702529,100329,2076,4,2021-11-17,2021-11-24,Elective,Transferred,1,ICU,0,3.5
702530,100051,2005,8,2024-01-11,2024-01-23,Urgent,Transferred,1,General,0,4.8
702531,101702,2026,8,2023-11-24,2023-11-30,Emergency,Home,9,General,0,4.0
702532,100221,2077,11,2024-08-31,2024-09-02,Emergency,Home,15,General,0,
702533,101254,2024,7,2021-11-10,2021-11-11,Elective,Expired,3,ICU,0,4.4
702534,100222,2067,3,2023-05-30,2023-06-05,Elective,Rehab,5,Private,0,4.0
702535,100943,2032,3,2022-04-23,2022-05-02,Urgent,Home,6,General,1,3.1
702536,101078,2023,2,2021-04-22,2021-04-25,Emergency,Home,1,Private,0,3.6
702537,101655,2049,11,2025-03-27,2025-04-05,Elective,Rehab,15,General,0,2.8
702538,101959,2062,7,2024-07-09,2024-07-15,Emergency,Home,1,General,0,3.4
702539,101297,2077,6,2024-07-22,2024-08-04,Elective,Home,4,General,0,2.4
702540,102246,2079,12,2024-04-26,2024-04-30,Emergency,Home,6,General,0,5.0
702541,102176,2066,7,2021-05-29,2021-06-08,Urgent,Home,8,General,1,4.0
702542,101628,2011,2,2022-09-07,2022-09-17,Emergency,Home,7,Semi-Private,0,4.4
702543,101033,2080,4,2021-01-23,2021-02-02,Elective,Home,14,General,0,3.4
702544,100987,2018,1,2025-11-08,2025-11-22,Emergency,Home,2,Private,0,4.4
702545,100227,2010,2,2021-10-11,2021-10-25,Elective,Transferred,4,Semi-Private,0,4.6
702546,101988,2077,7,2025-07-22,2025-08-03,Elective,Transferred,5,Private,0,4.7
702547,102263,2060,5,2025-01-05,2025-01-18,Emergency,Transferred,8,General,0,3.9
702548,100855,2008,10,2025-09-10,2025-09-12,Emergency,Home,7,General,0,4.8
702549,102473,2071,3,2025-07-28,2025-08-06,Emergency,Transferred,4,General,0,3.5
702550,101476,2048,2,2024-10-10,2024-10-23,Emergency,Home,8,General,0,4.3
702551,102366,2041,3,2023-02-01,2023-02-06,Emergency,Home,11,Private,0,4.0
702552,102408,2008,4,2023-02-10,2023-02-24,Elective,Home,8,Private,0,3.1
702553,100936,2037,10,2024-04-03,2024-04-17,Elective,Home,4,General,1,2.6
702554,100958,2037,10,2021-03-11,2021-03-16,Elective,Home,11,Semi-Private,1,3.8
702555,101320,2064,5,2023-05-13,2023-05-15,Emergency,Transferred,12,General,0,3.8
702556,102246,2059,8,2022-09-22,2022-09-27,Emergency,Rehab,12,Private,0,3.8
702557,101594,2045,9,2025-02-08,2025-02-14,Elective,Home,2,Semi-Private,0,4.8
702558,102446,2016,2,2022-02-24,2022-02-26,Elective,Home,15,Semi-Private,0,5.0
702559,100242,2026,12,2024-12-06,2024-12-07,Emergency,Home,14,General,0,4.5
702560,102477,2031,3,2022-09-02,2022-09-08,Emergency,Home,3,Semi-Private,0,4.4
702561,102054,2027,4,2025-08-05,2025-08-14,Emergency,Rehab,5,Semi-Private,0,3.9
702562,101815,2043,7,2023-08-21,2023-08-30,Emergency,Home,14,General,0,4.1
702563,101297,2015,6,2022-02-17,2022-03-03,Elective,Transferred,1,Semi-Private,0,4.3
702564,101648,2058,6,2024-11-25,2024-12-09,Emergency,Home,5,General,0,4.1
702565,100360,2049,10,2022-11-08,2022-11-17,Urgent,Home,4,General,0,4.4
702566,101165,2079,7,2025-04-13,2025-04-26,Urgent,Home,5,Semi-Private,0,4.0
702567,101534,2025,1,2021-07-08,2021-07-13,Elective,Home,12,Semi-Private,0,3.6
702568,102001,2068,8,2023-03-08,2023-03-18,Emergency,Home,12,General,0,4.2
702569,100503,2036,9,2025-11-08,2025-11-09,Emergency,Home,1,Private,0,3.8
702570,101590,2080,2,2025-03-12,2025-03-15,Elective,Home,10,General,0,
702571,102275,2047,1,2021-10-10,2021-10-18,Emergency,Transferred,7,General,0,3.7
702572,100109,2059,4,2023-04-05,2023-04-14,Urgent,Home,10,General,0,5.0
702573,100743,2052,11,2024-06-20,2024-06-24,Emergency,Rehab,9,Semi-Private,0,5.0
702574,101344,2040,2,2023-01-27,2023-02-07,Elective,Home,5,General,0,3.2
702575,100811,2043,6,2022-07-29,2022-08-10,Elective,Home,3,General,0,4.9
702576,100786,2056,3,2025-05-24,2025-05-27,Urgent,Home,9,General,0,3.9
702577,100228,2003,9,2025-11-27,2025-12-11,Elective,Home,6,General,0,4.4
702578,100852,2071,8,2022-01-13,2022-01-15,Elective,Home,12,General,0,5.0
702579,100828,2012,7,2023-12-13,2023-12-18,Urgent,Home,6,General,0,3.4
702580,100379,2065,11,2022-09-12,2022-09-14,Emergency,Home,10,ICU,0,3.7
702581,101607,2043,7,2022-10-13,2022-10-24,Emergency,Home,10,Private,0,4.6
702582,102026,2070,7,2024-04-08,2024-04-17,Emergency,Home,13,General,0,3.7
702583,102433,2046,5,2025-04-29,2025-05-09,Elective,Transferred,3,General,0,2.3
702584,102161,2060,8,2024-12-26,2025-01-06,Emergency,Home,14,General,1,4.7
702585,102339,2061,4,2023-09-07,2023-09-16,Emergency,Home,1,General,0,4.3
702586,101129,2049,5,2023-07-31,2023-08-13,Emergency,Rehab,4,Semi-Private,0,4.0
702587,101987,2025,3,2021-08-17,2021-08-20,Elective,Home,14,Semi-Private,0,4.1
702588,100291,2003,3,2021-02-14,2021-02-18,Elective,Transferred,4,General,0,5.0
702589,100060,2068,2,2022-04-11,2022-04-23,Urgent,Home,3,Semi-Private,0,4.8
702590,101336,2063,5,2021-10-15,2021-10-27,Emergency,Home,13,Semi-Private,0,3.4
702591,100106,2030,12,2023-11-28,2023-12-07,Elective,Home,14,,0,4.1
702592,102137,2004,2,2024-09-28,2024-09-29,Elective,Home,11,General,0,4.9
702593,100900,2078,10,2021-04-14,2021-04-21,Elective,Home,5,General,0,4.9
702594,102493,2071,4,2023-01-19,2023-01-21,Emergency,Rehab,13,General,0,2.9
702595,101453,2021,10,2024-04-29,2024-05-08,Emergency,Home,14,General,0,3.6
702596,101007,2071,12,2023-10-26,2023-11-06,Urgent,Home,9,Semi-Private,1,3.1
702597,101970,2001,1,2023-07-23,2023-08-04,Urgent,Transferred,9,Private,0,4.5
702598,100306,2060,2,2023-10-21,2023-11-03,Emergency,Home,8,General,0,3.3
702599,100202,2034,11,2023-04-05,2023-04-19,Urgent,Transferred,12,General,0,5.0
702600,101047,2003,1,2024-11-18,2024-11-30,Emergency,Home,10,Private,0,5.0
702601,100471,2018,2,2021-10-06,2021-10-09,Elective,Home,6,Semi-Private,0,3.8
702602,102357,2043,4,2024-08-30,2024-09-05,Elective,Home,13,Semi-Private,1,3.1
702603,100733,2076,1,2023-09-23,2023-09-28,Emergency,Expired,4,Semi-Private,0,3.4
702604,100376,2078,6,2024-07-10,2024-07-12,Emergency,Home,14,Semi-Private,0,4.3
702605,100142,2041,1,2022-03-13,2022-03-22,Emergency,Home,2,General,0,4.6
702606,102308,2024,3,2025-04-28,2025-05-01,Elective,Home,12,Semi-Private,0,4.0
702607,101722,2024,2,2022-02-08,2022-02-14,Emergency,Home,13,General,0,2.1
702608,101908,2003,2,2022-11-22,2022-12-01,Emergency,Home,10,General,0,4.5
702609,101840,2059,4,2023-10-14,2023-10-22,Urgent,Home,3,General,0,2.5
702610,102426,2058,9,2023-04-09,2023-04-19,Emergency,Transferred,9,General,0,2.4
702611,100348,2073,3,2023-09-20,2023-09-25,Emergency,Transferred,1,General,0,4.7
702612,101602,2024,12,2022-04-27,2022-05-03,Elective,Expired,7,Semi-Private,0,3.1
702613,100828,2066,6,2024-12-08,2024-12-11,Emergency,Home,10,Semi-Private,0,4.2
702614,102430,2040,12,2021-10-21,2021-10-26,Emergency,Rehab,6,General,0,4.1
702615,100425,2071,11,2021-11-22,2021-11-28,Urgent,Home,2,General,0,3.4
702616,101824,2009,10,2025-09-11,2025-09-25,Urgent,Home,5,Private,0,4.2
702617,101460,2060,3,2021-05-07,2021-05-10,Emergency,Home,2,General,0,3.6
702618,100322,2039,10,2023-11-29,2023-12-09,Urgent,Expired,14,Semi-Private,0,4.0
702619,102298,2033,5,2021-06-02,2021-06-04,Urgent,Expired,9,General,0,3.7
702620,101768,2034,9,2021-08-11,2021-08-21,Elective,Transferred,5,Semi-Private,0,3.6
702621,100180,2062,3,2024-09-18,2024-09-27,Elective,Home,6,General,0,3.5
702622,101004,2061,8,2021-07-16,2021-07-23,Emergency,Transferred,4,General,0,3.3
702623,101713,2027,6,2021-04-11,2021-04-15,Emergency,Home,15,Semi-Private,0,4.6
702624,100029,2017,12,2021-03-16,2021-03-29,Elective,Home,1,Private,1,3.7
702625,102034,2060,8,2021-01-24,2021-01-27,Urgent,Home,15,General,0,3.2
702626,100738,2042,2,2023-07-01,2023-07-14,Elective,Home,3,Semi-Private,0,3.7
702627,102235,2047,9,2021-08-26,2021-08-30,Emergency,Transferred,5,Private,0,3.6
702628,100055,2053,1,2024-01-21,2024-01-30,Emergency,Transferred,3,General,0,3.7
702629,101434,2021,3,2022-04-01,2022-04-10,Elective,Home,8,Semi-Private,0,4.5
702630,102065,2008,4,2024-03-12,2024-03-24,Elective,Home,2,General,0,3.5
702631,100088,2073,6,2023-07-19,2023-07-25,Emergency,Home,12,ICU,0,3.7
702632,101082,2058,11,2025-08-29,2025-09-09,Elective,Transferred,15,General,0,4.5
702633,100725,2068,4,2025-07-21,2025-08-02,Elective,Home,2,Semi-Private,0,4.3
702634,101254,2063,11,2024-03-30,2024-04-08,Emergency,Home,1,Private,0,3.5
702635,101178,2059,2,2025-11-13,2025-11-27,Emergency,Home,12,General,0,4.7
702636,101297,2030,3,2023-11-29,2023-12-08,Emergency,Home,14,Semi-Private,0,4.7
702637,101070,2025,3,2022-03-14,2022-03-20,Urgent,Home,1,General,0,4.6
702638,100895,2056,6,2025-11-10,2025-11-15,Emergency,Home,4,Semi-Private,1,4.2
702639,102500,2034,5,2023-11-07,2023-11-18,Elective,Home,8,General,0,3.9
702640,101330,2050,5,2023-07-10,2023-07-13,Elective,Rehab,8,General,0,3.2
702641,102475,2002,11,2024-09-02,2024-09-03,Emergency,Home,8,Private,0,3.0
702642,102166,2077,4,2022-11-16,2022-11-20,Emergency,Expired,11,Semi-Private,1,3.9
702643,101022,2053,4,2023-04-11,2023-04-12,Elective,Home,1,Private,0,4.0
702644,100251,2041,9,2021-05-04,2021-05-17,Elective,Home,14,General,0,3.8
702645,102451,2023,7,2021-12-09,2021-12-21,Emergency,Rehab,1,Semi-Private,0,3.9
702646,101766,2061,12,2024-08-06,2024-08-07,Emergency,Home,7,Private,0,5.0
702647,102248,2031,8,2024-08-12,2024-08-26,Elective,Home,7,Private,0,5.0
702648,101170,2066,4,2021-11-20,2021-11-26,Elective,Home,10,General,0,3.2
702649,101075,2002,11,2021-06-14,2021-06-25,Emergency,Home,14,Private,0,4.2
702650,102368,2069,3,2025-01-15,2025-01-20,Elective,Home,5,General,0,4.0
702651,100199,2060,1,2021-05-01,2021-05-08,Urgent,Expired,8,General,1,4.5
702652,101465,2078,9,2025-08-18,2025-08-19,Emergency,Home,6,Semi-Private,0,5.0
702653,102193,2023,9,2025-05-20,2025-05-21,Elective,Home,1,Semi-Private,0,5.0
702654,101083,2057,2,2023-05-13,2023-05-21,Elective,Home,14,Semi-Private,0,4.5
702655,101731,2035,4,2022-09-12,2022-09-18,Emergency,Home,7,General,0,4.0
702656,102191,2001,4,2023-10-21,2023-10-29,Elective,Home,15,Semi-Private,1,3.7
702657,101124,2048,12,2024-11-27,2024-12-11,Urgent,Home,8,General,0,5.0
702658,100526,2049,1,2025-09-10,2025-09-16,Urgent,Home,12,Semi-Private,1,3.4
702659,102170,2040,12,2024-10-10,2024-10-16,Emergency,Home,8,General,0,4.6
702660,101489,2062,2,2024-11-20,2024-11-30,Urgent,Rehab,10,General,0,3.8
702661,100265,2015,8,2021-10-02,2021-10-09,Emergency,Home,13,Semi-Private,0,3.0
702662,102030,2030,6,2025-04-18,2025-04-30,Emergency,Home,15,General,0,5.0
702663,101244,2021,1,2023-04-24,2023-04-26,Emergency,Home,9,Semi-Private,0,2.7
702664,100396,2008,7,2022-07-19,2022-07-22,Urgent,Home,3,General,0,2.4
702665,101481,2007,11,2021-01-12,2021-01-24,Elective,Home,14,Semi-Private,0,4.5
702666,100108,2034,7,2025-02-04,2025-02-17,Urgent,Home,2,General,0,3.8
702667,100636,2064,6,2022-12-25,2022-12-29,Emergency,Expired,8,Private,0,4.3
702668,101484,2042,11,2023-07-21,2023-08-04,Elective,Home,14,General,0,4.0
702669,100933,2053,8,2022-11-05,2022-11-06,Emergency,Home,11,Semi-Private,0,4.5
702670,101940,2070,11,2023-04-14,2023-04-23,Emergency,Home,4,General,0,3.8
702671,101186,2010,12,2022-07-19,2022-07-28,Urgent,Home,2,General,0,4.7
702672,100036,2058,5,2024-08-01,2024-08-05,Emergency,Transferred,2,Private,0,4.7
702673,100413,2004,2,2023-08-29,2023-08-30,Elective,Home,2,General,0,5.0
702674,100483,2008,4,2025-04-14,2025-04-15,Urgent,Rehab,5,Semi-Private,0,4.9
702675,100603,2012,11,2022-07-31,2022-08-06,Urgent,Home,14,General,0,3.9
702676,101082,2025,8,2025-06-18,2025-06-20,Elective,Transferred,13,General,0,4.5
702677,101164,2027,8,2023-08-10,2023-08-11,Elective,Home,8,Private,1,4.3
702678,100172,2002,12,2025-08-28,2025-09-07,Elective,Rehab,9,Semi-Private,1,4.3
702679,100260,2073,5,2024-06-09,2024-06-20,Emergency,Home,11,Private,0,3.0
702680,100025,2055,6,2023-04-17,2023-04-29,Emergency,Transferred,6,Semi-Private,0,4.6
702681,100198,2058,9,2023-10-01,2023-10-03,Emergency,Home,8,Semi-Private,0,4.5
702682,100423,2033,10,2021-05-18,2021-05-25,Emergency,Home,15,Semi-Private,0,5.0
702683,101142,2049,10,2022-05-17,2022-05-31,Emergency,Home,6,Semi-Private,0,4.9
702684,102054,2005,10,2022-02-15,2022-02-19,Emergency,Rehab,1,Semi-Private,0,4.1
702685,101121,2047,11,2025-03-08,2025-03-15,Emergency,Transferred,11,General,1,3.9
702686,100072,2024,11,2022-09-18,2022-09-25,Emergency,Home,9,General,0,3.2
702687,100432,2044,2,2021-08-24,2021-08-28,Elective,Home,10,General,0,5.0
702688,100380,2068,5,2022-01-11,2022-01-24,Emergency,Home,7,Semi-Private,0,3.2
702689,101794,2014,9,2021-12-24,2021-12-26,Elective,Transferred,2,Semi-Private,0,2.6
702690,100808,2036,3,2025-03-30,2025-04-08,Urgent,Home,3,Semi-Private,0,4.7
702691,100056,2051,6,2021-08-12,2021-08-26,Emergency,Rehab,2,General,0,4.1
702692,101127,2006,4,2025-12-05,2025-12-19,Emergency,Home,9,General,0,4.2
702693,102264,2017,4,2025-03-28,2025-04-10,Elective,Home,8,Semi-Private,0,4.1
702694,100021,2072,3,2021-07-06,2021-07-16,Urgent,Transferred,5,General,0,3.2
702695,102258,2051,10,2024-10-14,2024-10-28,Emergency,Home,4,Private,0,4.3
702696,100291,2052,1,2025-10-09,2025-10-19,Emergency,Home,7,Private,0,3.8
702697,101995,2012,12,2022-07-26,2022-07-29,Emergency,Home,14,General,0,3.7
702698,100835,2001,11,2024-08-14,2024-08-15,Elective,Home,14,Semi-Private,0,5.0
702699,100188,2011,8,2024-07-20,2024-07-31,Urgent,Home,9,General,0,4.6
702700,101175,2016,5,2025-04-13,2025-04-21,Elective,Home,8,Semi-Private,0,2.3
702701,101985,2009,2,2025-01-23,2025-01-27,Elective,Home,8,Private,0,4.2
702702,102239,2008,1,2021-10-21,2021-10-30,Elective,Home,11,General,0,4.8
702703,102455,2025,1,2022-03-15,2022-03-23,Emergency,Transferred,2,Semi-Private,0,3.1
702704,100214,2074,4,2025-09-30,2025-10-11,Elective,Home,12,Semi-Private,0,3.4
702705,101915,2040,4,2023-09-19,2023-09-30,Emergency,Rehab,12,Semi-Private,0,4.8
702706,101502,2067,6,2021-09-23,2021-09-30,Emergency,Home,10,Private,1,3.7
702707,100593,2023,11,2022-08-27,2022-09-05,Emergency,Transferred,9,Semi-Private,0,2.5
702708,100041,2062,7,2024-04-19,2024-04-21,Elective,Rehab,2,Semi-Private,0,4.9
702709,102418,2023,1,2025-09-05,2025-09-09,Elective,Home,8,General,0,3.9
702710,100020,2044,10,2023-10-22,2023-11-04,Elective,Expired,5,General,0,4.3
702711,101033,2056,2,2025-01-08,2025-01-22,Emergency,Home,11,General,1,4.0
702712,100825,2068,3,2025-10-10,2025-10-15,Emergency,Home,6,Semi-Private,0,4.8
702713,101660,2023,9,2025-11-27,2025-12-02,Emergency,Home,10,Private,0,3.2
702714,101937,2009,4,2023-04-26,2023-05-08,Emergency,Home,9,General,0,4.5
702715,102066,2004,6,2025-06-11,2025-06-12,Emergency,Rehab,8,General,0,5.0
702716,100748,2034,2,2025-05-05,2025-05-14,Emergency,Home,5,General,0,3.0
702717,102367,2034,11,2024-01-25,2024-02-03,Elective,Home,6,Semi-Private,0,3.4
702718,100968,2042,2,2024-07-18,2024-07-23,Elective,Home,5,Semi-Private,0,5.0
702719,100252,2003,2,2022-07-04,2022-07-14,Emergency,Transferred,9,Semi-Private,0,4.8
702720,100340,2034,11,2025-08-27,2025-08-30,Elective,Home,11,Semi-Private,0,3.4
702721,101805,2043,5,2024-03-16,2024-03-24,Emergency,Home,12,General,0,3.1
702722,102024,2067,9,2022-10-16,2022-10-23,Emergency,Home,5,Semi-Private,0,4.2
702723,100401,2037,6,2022-10-26,2022-10-31,Urgent,Home,6,Private,0,4.2
702724,102419,2012,9,2021-10-18,2021-10-30,Elective,Rehab,1,Semi-Private,0,4.0
702725,102330,2016,6,2023-04-02,2023-04-03,Emergency,Home,8,Private,0,5.0
702726,102438,2062,9,2021-12-28,2022-01-04,Urgent,Home,14,Private,1,4.5
702727,100337,2017,5,2021-04-24,2021-05-05,Elective,Home,8,General,0,3.4
702728,101924,2015,11,2022-02-19,2022-02-20,Elective,Home,14,Semi-Private,0,4.8
702729,101369,2026,12,2022-05-06,2022-05-07,Elective,Home,8,General,0,4.0
702730,102321,2045,1,2024-01-01,2024-01-10,Emergency,Home,13,Private,0,3.5
702731,101878,2002,6,2021-10-14,2021-10-20,Elective,Home,14,General,0,4.7
702732,101398,2017,4,2022-12-16,2022-12-23,Elective,Home,12,General,0,5.0
702733,101920,2065,9,2022-03-26,2022-03-28,Urgent,Home,7,Semi-Private,0,4.2
702734,100006,2030,6,2021-07-15,2021-07-26,Emergency,Home,7,General,0,3.3
702735,101438,2068,1,2022-02-13,2022-02-21,Emergency,Home,6,General,0,4.1
702736,100586,2044,6,2021-04-04,2021-04-11,Urgent,Rehab,7,General,0,3.3
702737,101522,2060,3,2022-02-04,2022-02-09,Emergency,Home,9,Private,0,4.2
702738,101080,2001,3,2023-01-30,2023-02-07,Urgent,Home,5,Private,0,4.6
702739,100822,2019,7,2025-04-13,2025-04-15,Emergency,Home,9,General,0,2.5
702740,100238,2033,2,2022-12-15,2022-12-21,Emergency,Home,14,Semi-Private,0,4.5
702741,102489,2036,9,2023-12-16,2023-12-20,Emergency,Rehab,9,Semi-Private,0,3.7
702742,100858,2077,9,2021-02-24,2021-03-03,Elective,Transferred,4,General,0,3.6
702743,102306,2078,7,2024-05-13,2024-05-19,Emergency,Home,9,Semi-Private,0,3.0
702744,102096,2024,9,2021-06-26,2021-07-08,Emergency,Rehab,8,Private,0,3.2
702745,102187,2025,11,2023-06-21,2023-06-27,Emergency,Home,14,General,0,5.0
702746,101226,2011,6,2023-04-18,2023-04-23,Emergency,Home,11,Private,1,4.6
702747,100654,2009,9,2022-11-14,2022-11-25,Elective,Home,5,General,0,5.0
702748,101340,2006,10,2023-08-21,2023-08-26,Emergency,Home,10,Semi-Private,0,3.4
702749,100461,2058,2,2022-07-03,2022-07-05,Emergency,Home,15,General,0,5.0
702750,101199,2029,5,2023-02-01,2023-02-12,Emergency,Home,11,Private,0,4.0
702751,101063,2073,11,2023-12-29,2024-01-05,Elective,Home,3,General,0,3.4
702752,102027,2079,6,2024-02-23,2024-03-01,Emergency,Transferred,9,Semi-Private,0,3.2
702753,100433,2011,12,2021-11-01,2021-11-09,Elective,Transferred,3,Private,0,3.2
702754,101609,2023,6,2021-02-07,2021-02-11,Emergency,Home,3,Semi-Private,0,3.4
702755,101082,2026,11,2022-05-25,2022-06-05,Emergency,Home,3,Semi-Private,1,3.3
702756,102010,2001,4,2025-02-21,2025-03-04,Urgent,Home,1,General,0,4.7
702757,101809,2047,4,2022-01-12,2022-01-23,Urgent,Transferred,6,Semi-Private,0,5.0
702758,101158,2041,5,2023-01-31,2023-02-13,Emergency,Home,3,Semi-Private,0,3.8
702759,100655,2023,6,2023-08-25,2023-09-03,Elective,Transferred,10,General,0,3.8
702760,101533,2005,12,2025-02-11,2025-02-21,Elective,Rehab,15,General,0,2.6
702761,101987,2050,8,2025-09-11,2025-09-14,Urgent,Home,3,Semi-Private,0,3.3
702762,100156,2009,12,2025-10-28,2025-10-31,Urgent,Home,9,Private,0,2.8
702763,100201,2004,10,2025-10-28,2025-11-10,Elective,Home,7,Private,0,4.6
702764,101964,2071,1,2025-06-09,2025-06-11,Urgent,Home,15,Semi-Private,0,5.0
702765,100499,2065,8,2021-11-15,2021-11-25,Urgent,Home,14,Semi-Private,0,3.2
702766,101426,2080,2,2021-03-29,2021-04-05,Elective,Transferred,8,General,0,3.8
702767,102208,2057,11,2021-03-16,2021-03-28,Elective,Home,1,General,0,3.8
702768,101235,2025,7,2024-03-24,2024-04-03,Elective,Home,8,Semi-Private,0,4.5
702769,102047,2058,4,2024-03-22,2024-03-24,Emergency,Home,8,Semi-Private,0,4.1
702770,101477,2006,8,2024-10-15,2024-10-22,Elective,Transferred,12,Semi-Private,1,5.0
702771,100831,2014,6,2022-02-01,2022-02-04,Elective,Home,12,General,0,3.4
702772,100972,2063,5,2024-06-03,2024-06-04,Emergency,Transferred,14,Private,0,4.7
702773,101338,2075,10,2021-07-12,2021-07-23,Urgent,Home,8,Private,0,3.6
702774,102479,2065,10,2022-07-07,2022-07-15,Urgent,Home,6,General,0,2.8
702775,101406,2052,5,2025-06-26,2025-07-04,Emergency,Transferred,10,Semi-Private,0,5.0
702776,102026,2065,4,2021-01-25,2021-02-08,Elective,Home,14,General,1,5.0
702777,101979,2008,3,2022-02-06,2022-02-19,Emergency,Home,5,Private,0,4.3
702778,101343,2008,3,2022-04-30,2022-05-10,Elective,Home,4,General,0,3.5
702779,102165,2014,3,2025-11-25,2025-11-26,Elective,Rehab,11,General,0,3.1
702780,100203,2024,7,2021-03-26,2021-04-06,Elective,Home,9,Private,0,4.4
702781,101845,2064,8,2024-10-04,2024-10-10,Elective,Home,7,General,0,2.4
702782,100962,2025,8,2021-08-22,2021-08-26,Urgent,Home,12,General,0,4.7
702783,100462,2006,2,2025-04-25,2025-04-30,Elective,Transferred,15,General,0,3.7
702784,101874,2001,3,2022-09-10,2022-09-24,Emergency,Transferred,14,Private,0,3.7
702785,101579,2033,2,2023-05-22,2023-05-30,Elective,Home,15,General,0,3.2
702786,100201,2014,6,2024-06-28,2024-07-06,Urgent,Home,1,General,0,2.9
702787,100516,2063,11,2023-08-02,2023-08-09,Emergency,Home,11,Semi-Private,0,4.0
702788,101776,2056,3,2025-07-08,2025-07-13,Emergency,Home,1,General,0,4.1
702789,101230,2062,6,2023-06-27,2023-07-03,Urgent,Expired,1,General,0,3.9
702790,101355,2028,4,2021-09-01,2021-09-09,Elective,Transferred,4,General,0,4.8
702791,100744,2029,12,2021-04-05,2021-04-10,Urgent,Transferred,9,Semi-Private,0,4.0
702792,100875,2023,10,2021-07-02,2021-07-05,Emergency,Home,3,Private,1,4.5
702793,102395,2044,10,2023-02-03,2023-02-12,Urgent,Expired,10,General,0,2.9
702794,102397,2038,6,2024-09-29,2024-10-08,Elective,Transferred,1,Semi-Private,0,3.7
702795,101276,2049,3,2024-09-08,2024-09-18,Urgent,Home,14,Semi-Private,0,5.0
702796,101630,2043,5,2024-03-15,2024-03-16,Elective,Home,1,Semi-Private,0,4.7
702797,100394,2010,8,2021-06-18,2021-06-25,Emergency,Home,3,Semi-Private,0,4.3
702798,102017,2027,3,2024-04-06,2024-04-10,Elective,Home,13,General,0,3.7
702799,100978,2008,9,2025-11-11,2025-11-17,Emergency,Rehab,15,Private,0,3.3
702800,100167,2068,9,2024-03-06,2024-03-19,Elective,Home,11,General,0,3.6
702801,100976,2030,7,2025-06-10,2025-06-17,Elective,Transferred,15,Semi-Private,0,4.5
702802,102029,2013,8,2022-12-14,2022-12-22,Elective,Home,7,Private,0,2.5
702803,100452,2058,9,2024-07-14,2024-07-25,Emergency,Rehab,8,Semi-Private,0,5.0
702804,100860,2003,1,2023-02-18,2023-02-23,Elective,Home,4,General,0,4.9
702805,100210,2005,7,2021-02-26,2021-03-03,Emergency,Home,12,General,1,4.9
702806,100768,2022,10,2025-12-23,2026-01-04,Emergency,Home,2,General,0,4.5
702807,101609,2058,3,2021-12-29,2022-01-04,Emergency,Home,7,ICU,0,4.1
702808,100214,2066,6,2022-03-12,2022-03-19,Elective,Home,9,General,0,4.3
702809,101802,2040,9,2023-06-02,2023-06-07,Urgent,Home,10,Semi-Private,0,3.7
702810,101687,2005,12,2023-04-06,2023-04-11,Elective,Rehab,6,General,0,5.0
702811,100973,2016,10,2025-02-22,2025-03-06,Urgent,Home,14,General,0,3.9
702812,101421,2015,11,2025-09-01,2025-09-05,Emergency,Home,2,General,1,3.6
702813,100304,2077,8,2023-06-04,2023-06-05,Urgent,Home,9,Semi-Private,0,3.8
702814,101836,2075,2,2024-12-26,2025-01-09,Urgent,Home,7,Semi-Private,0,3.5
702815,100861,2080,4,2022-01-17,2022-01-24,Elective,Home,9,Private,1,4.6
702816,101856,2018,11,2021-10-26,2021-11-02,Emergency,Rehab,11,Semi-Private,0,3.6
702817,102168,2047,5,2025-06-04,2025-06-17,Elective,Home,2,General,0,3.9
702818,101864,2004,10,2024-10-31,2024-11-06,Emergency,Transferred,10,Private,0,5.0
702819,101634,2053,6,2025-02-19,2025-03-01,Elective,Transferred,4,Private,0,4.8
702820,102475,2058,7,2022-09-17,2022-09-19,Emergency,Home,6,Semi-Private,0,3.2
702821,101568,2075,11,2023-11-09,2023-11-11,Elective,Rehab,10,Private,0,4.9
702822,100945,2058,4,2023-07-06,2023-07-12,Emergency,Rehab,7,General,0,2.9
702823,102378,2059,4,2025-02-10,2025-02-22,Emergency,Home,14,Semi-Private,1,2.9
702824,101250,2034,5,2023-08-02,2023-08-15,Emergency,Rehab,3,ICU,0,3.8
702825,101751,2030,9,2025-07-01,2025-07-10,Emergency,Home,14,Semi-Private,0,4.2
702826,100564,2054,9,2022-03-25,2022-03-30,Elective,Home,13,General,0,3.8
702827,100180,2068,1,2024-12-23,2024-12-30,Emergency,Home,10,Private,0,4.3
702828,100290,2078,5,2023-02-11,2023-02-13,Elective,Home,11,General,0,3.7
702829,100187,2075,5,2023-08-11,2023-08-17,Elective,Home,11,General,1,2.5
702830,100486,2068,7,2023-06-28,2023-07-09,Emergency,Transferred,5,ICU,0,3.9
702831,101361,2026,8,2022-03-04,2022-03-10,Emergency,Home,11,Private,0,2.9
702832,100773,2003,3,2022-01-05,2022-01-15,Elective,Home,4,Private,1,4.0
702833,101833,2057,1,2021-08-02,2021-08-08,Urgent,Rehab,5,ICU,0,3.1
702834,101058,2037,2,2021-03-14,2021-03-20,Emergency,Home,6,Semi-Private,1,4.4
702835,101300,2038,6,2023-12-09,2023-12-23,Elective,Home,6,Private,0,5.0
702836,100182,2041,11,2023-12-13,2023-12-17,Elective,Rehab,14,General,0,2.7
702837,101263,2004,6,2021-12-07,2021-12-12,Urgent,Rehab,7,General,0,2.5
702838,101372,2026,11,2024-03-07,2024-03-11,Urgent,Home,6,Semi-Private,1,3.8
702839,100146,2039,5,2024-05-14,2024-05-20,Elective,Home,14,Semi-Private,0,4.8
702840,101068,2042,11,2023-08-30,2023-09-08,Emergency,Rehab,6,Private,0,4.1
702841,101840,2011,5,2025-05-21,2025-06-03,Elective,Home,4,General,0,3.7
702842,100499,2011,9,2025-08-21,2025-08-26,Emergency,Home,2,Private,0,3.2
702843,100803,2054,11,2023-10-12,2023-10-17,Emergency,Home,10,General,0,4.5
702844,101999,2038,7,2025-07-04,2025-07-07,Elective,Home,7,General,0,5.0
702845,101319,2020,6,2022-01-28,2022-02-10,Elective,Home,7,Semi-Private,0,2.6
702846,102023,2026,11,2025-03-13,2025-03-24,Elective,Home,11,General,0,4.2
702847,100531,2076,7,2022-07-03,2022-07-10,Emergency,Home,3,Semi-Private,0,5.0
702848,102259,2014,3,2022-01-10,2022-01-15,Urgent,Home,14,General,0,3.5
702849,101363,2050,7,2023-07-01,2023-07-15,Emergency,Home,15,Semi-Private,1,3.9
702850,102053,2025,3,2022-11-21,2022-11-23,Emergency,Home,5,Semi-Private,0,4.0
702851,102359,2055,8,2021-04-07,2021-04-16,Elective,Transferred,6,General,0,3.7
702852,102210,2051,10,2022-04-29,2022-05-04,Urgent,Rehab,10,General,0,4.8
702853,100216,2010,10,2025-10-20,2025-10-27,Elective,Home,9,General,0,5.0
702854,100786,2014,9,2022-10-28,2022-11-09,Elective,Home,3,Semi-Private,0,2.7
702855,101636,2005,3,2021-12-25,2022-01-01,Elective,Home,13,Private,1,3.3
702856,101992,2057,7,2023-07-27,2023-08-06,Emergency,Home,3,General,0,4.9
702857,101985,2022,8,2025-11-20,2025-12-02,Elective,Home,5,General,0,4.5
702858,102300,2075,3,2023-07-03,2023-07-11,Emergency,Transferred,2,General,0,4.3
702859,100228,2029,6,2021-04-30,2021-05-04,Urgent,Home,3,General,0,4.5
702860,101958,2007,7,2025-12-16,2025-12-23,Emergency,Rehab,15,Semi-Private,0,4.1
702861,100909,2018,4,2021-04-17,2021-04-20,Emergency,Transferred,15,Private,0,4.4
702862,101661,2031,6,2021-05-25,2021-06-03,Elective,Expired,6,General,0,3.8
702863,100285,2043,7,2024-11-21,2024-11-29,Elective,Home,3,Semi-Private,0,3.8
702864,102011,2035,12,2023-06-20,2023-07-02,Emergency,Home,1,Private,0,3.9
702865,102414,2071,7,2023-06-25,2023-07-05,Emergency,Home,7,Semi-Private,1,3.7
702866,101644,2004,11,2024-05-24,2024-06-02,Emergency,Home,7,Semi-Private,0,4.4
702867,101128,2051,1,2023-06-20,2023-06-22,Urgent,Rehab,2,Semi-Private,0,4.2
702868,101270,2030,2,2025-02-11,2025-02-15,Elective,Home,5,Semi-Private,0,2.6
702869,101701,2053,11,2023-10-29,2023-10-30,Elective,Home,9,Semi-Private,0,3.8
702870,102240,2074,11,2021-11-29,2021-12-07,Elective,Home,13,Semi-Private,0,4.0
702871,100644,2014,1,2023-11-18,2023-12-01,Elective,Expired,3,Semi-Private,0,5.0
702872,100026,2036,9,2025-10-31,2025-11-04,Elective,Home,8,General,0,3.8
702873,102046,2012,12,2023-05-24,2023-05-28,Elective,Transferred,4,General,0,4.1
702874,100712,2076,7,2021-03-27,2021-04-03,Emergency,Home,3,General,0,3.9
702875,102241,2034,11,2023-11-15,2023-11-29,Elective,Transferred,2,General,0,5.0
702876,102429,2026,7,2024-05-17,2024-05-23,Emergency,Home,14,Semi-Private,0,3.1
702877,101026,2006,3,2022-03-15,2022-03-18,Elective,Home,15,Semi-Private,0,3.4
702878,101627,2053,5,2021-06-08,2021-06-16,Elective,Home,13,Semi-Private,1,3.4
702879,101069,2015,2,2025-02-27,2025-03-01,Emergency,Transferred,9,Semi-Private,0,4.0
702880,100939,2019,5,2021-08-20,2021-09-02,Elective,Home,11,General,0,2.9
702881,100003,2047,8,2024-06-29,2024-06-30,Emergency,Home,5,Semi-Private,1,5.0
702882,101473,2077,10,2022-04-23,2022-05-05,Urgent,Home,9,General,0,4.3
702883,101159,2061,3,2022-08-02,2022-08-14,Emergency,Rehab,8,Semi-Private,0,4.4
702884,101315,2052,4,2021-09-11,2021-09-24,Urgent,Home,3,Semi-Private,0,5.0
702885,102326,2018,8,2024-07-08,2024-07-20,Elective,Home,4,ICU,0,3.7
702886,100176,2060,2,2022-04-16,2022-04-18,Emergency,Home,12,Semi-Private,0,4.6
702887,102330,2047,1,2024-06-07,2024-06-16,Emergency,Home,6,General,0,4.4
702888,101144,2057,3,2025-04-27,2025-05-02,Emergency,Home,11,General,0,5.0
702889,101798,2033,2,2021-01-08,2021-01-13,Emergency,Home,10,Semi-Private,0,4.5
702890,100951,2032,10,2022-12-17,2022-12-23,Emergency,Home,12,Private,0,3.6
702891,100341,2004,2,2022-09-29,2022-10-02,Emergency,Home,5,Semi-Private,0,4.3
702892,100121,2041,4,2023-04-04,2023-04-05,Emergency,Home,10,General,1,3.5
702893,100575,2019,6,2023-02-01,2023-02-14,Elective,Transferred,10,General,0,3.6
702894,101921,2007,10,2023-08-23,2023-08-31,Emergency,Transferred,3,General,0,4.0
702895,101685,2026,10,2021-07-25,2021-08-01,Elective,Home,5,Semi-Private,0,3.9
702896,101517,2051,5,2021-11-16,2021-11-28,Emergency,Home,5,General,0,3.3
702897,102324,2056,4,2024-04-29,2024-05-13,Urgent,Home,9,Semi-Private,0,2.3
702898,100969,2071,8,2022-01-25,2022-02-02,Elective,Transferred,4,General,0,4.2
702899,102077,2075,11,2023-01-31,2023-02-09,Elective,Rehab,8,Private,0,4.3
702900,101835,2051,5,2025-07-02,2025-07-04,Emergency,Home,4,Semi-Private,0,4.3
702901,100685,2008,2,2024-06-16,2024-06-21,Elective,Transferred,10,General,0,5.0
702902,102369,2013,4,2024-11-30,2024-12-02,Emergency,Home,2,General,0,2.8
702903,100643,2032,7,2022-04-09,2022-04-22,Urgent,Home,3,Semi-Private,1,5.0
702904,102400,2034,4,2025-07-28,2025-08-05,Urgent,Home,13,Semi-Private,0,5.0
702905,101105,2018,6,2022-05-12,2022-05-16,Elective,Home,4,General,1,5.0
702906,101317,2079,2,2024-03-09,2024-03-20,Elective,Home,8,Private,0,3.7
702907,100294,2055,9,2021-08-20,2021-08-24,Elective,Home,9,ICU,0,4.3
702908,101521,2043,4,2021-12-07,2021-12-17,Emergency,Rehab,12,Private,1,3.4
702909,100747,2024,1,2023-09-08,2023-09-16,Elective,Home,12,Semi-Private,0,3.5
702910,100733,2021,3,2021-12-22,2021-12-29,Emergency,Home,6,Semi-Private,0,5.0
702911,101582,2018,7,2023-04-27,2023-04-28,Elective,Home,14,Semi-Private,0,4.5
702912,102428,2014,10,2024-10-19,2024-10-26,Emergency,Home,8,Semi-Private,0,4.6
702913,100324,2053,9,2023-04-14,2023-04-28,Emergency,Home,12,Private,0,3.2
702914,101086,2019,6,2024-10-23,2024-11-02,Elective,Transferred,10,General,0,2.9
702915,100362,2077,4,2021-09-04,2021-09-07,Emergency,Home,5,General,0,4.8
702916,102101,2057,2,2023-06-22,2023-06-27,Elective,Expired,5,General,0,4.3
702917,100402,2064,9,2023-01-07,2023-01-15,Elective,Home,8,General,0,3.8
702918,101587,2080,12,2021-01-26,2021-02-01,Urgent,Transferred,15,General,0,5.0
702919,100681,2002,8,2025-10-14,2025-10-22,Emergency,Expired,15,General,0,4.4
702920,101893,2057,7,2021-12-04,2021-12-09,Elective,Home,4,General,0,3.4
702921,100993,2034,2,2022-10-21,2022-10-31,Urgent,Home,13,General,0,2.5
702922,101473,2049,2,2022-06-02,2022-06-11,Emergency,Transferred,3,General,0,4.4
702923,101107,2054,8,2025-03-23,2025-04-05,Elective,Transferred,10,General,0,3.6
702924,102427,2022,9,2023-02-11,2023-02-24,Emergency,Home,15,Semi-Private,0,3.9
702925,100933,2044,9,2023-11-27,2023-12-11,Emergency,Home,2,Semi-Private,0,3.8
702926,101804,2035,8,2021-11-06,2021-11-17,Emergency,Home,15,Semi-Private,0,5.0
702927,102028,2029,1,2022-11-21,2022-11-27,Elective,Home,13,Semi-Private,0,4.6
702928,100081,2006,5,2025-11-29,2025-12-10,Emergency,Rehab,12,General,0,3.9
702929,101260,2037,7,2025-02-12,2025-02-21,Emergency,Home,8,Semi-Private,0,3.9
702930,100741,2058,10,2024-08-18,2024-08-31,Elective,Transferred,12,Semi-Private,0,4.2
702931,101681,2064,6,2022-04-29,2022-05-03,Emergency,Transferred,14,Private,1,5.0
702932,100325,2031,11,2021-10-18,2021-10-20,Elective,Transferred,12,Semi-Private,0,4.1
702933,101080,2050,12,2022-02-05,2022-02-19,Emergency,Home,15,General,1,3.6
702934,102362,2080,1,2023-05-18,2023-05-26,Emergency,Home,5,Private,1,3.1
702935,101235,2060,10,2023-04-22,2023-04-27,Emergency,Rehab,12,Private,0,3.9
702936,100103,2014,6,2022-02-02,2022-02-04,Elective,Home,6,Semi-Private,1,3.1
702937,102487,2070,4,2023-12-30,2024-01-05,Urgent,Home,14,General,0,4.3
702938,100817,2011,3,2024-05-05,2024-05-18,Elective,Transferred,13,General,0,4.3
702939,100747,2027,4,2025-10-05,2025-10-08,Urgent,Home,9,Private,0,4.9
702940,102086,2069,8,2022-05-06,2022-05-07,Emergency,Home,14,Semi-Private,0,3.8
702941,100813,2079,11,2021-10-31,2021-11-12,Elective,Rehab,13,General,0,4.8
702942,101248,2038,6,2023-03-05,2023-03-11,Elective,Transferred,3,Semi-Private,0,5.0
702943,101317,2062,9,2024-11-16,2024-11-27,Elective,Home,15,General,0,4.1
702944,101720,2053,5,2025-01-09,2025-01-17,Urgent,Home,4,General,0,5.0
702945,102203,2080,11,2023-01-01,2023-01-02,Elective,Home,12,General,0,5.0
702946,101056,2018,9,2022-11-14,2022-11-17,Emergency,Home,2,Private,1,3.6
702947,101931,2052,4,2023-12-25,2023-12-31,Urgent,Home,6,Semi-Private,1,5.0
702948,101786,2024,12,2023-08-26,2023-09-05,Emergency,Home,15,Private,0,3.9
702949,101357,2007,4,2022-10-29,2022-11-11,Emergency,Rehab,13,Private,0,5.0
702950,101790,2014,6,2021-02-10,2021-02-13,Elective,Home,9,General,1,4.5
702951,101682,2050,10,2023-09-11,2023-09-18,Emergency,Home,12,General,0,4.2
702952,101765,2024,11,2025-07-31,2025-08-06,Emergency,Transferred,2,Semi-Private,0,5.0
702953,102288,2079,7,2022-02-14,2022-02-23,Urgent,Home,5,General,0,4.1
702954,102394,2013,2,2024-02-05,2024-02-18,Emergency,Home,10,General,0,3.9
702955,101399,2019,4,2023-09-07,2023-09-13,Elective,Home,1,Semi-Private,0,4.0
702956,102064,2029,8,2025-05-02,2025-05-09,Emergency,Rehab,13,ICU,0,3.1
702957,100587,2022,9,2025-05-19,2025-05-21,Emergency,Home,12,General,0,4.8
702958,100260,2002,5,2023-10-25,2023-11-04,Emergency,Home,13,Private,0,3.5
702959,101919,2077,6,2025-08-05,2025-08-09,Elective,Rehab,4,General,0,4.2
702960,102409,2036,10,2021-01-02,2021-01-07,Emergency,Home,8,,0,4.0
702961,101423,2038,12,2024-11-27,2024-11-29,Elective,Rehab,3,Semi-Private,1,
702962,101947,2018,7,2025-07-15,2025-07-26,Elective,Transferred,4,Private,0,4.0
702963,101787,2051,7,2022-11-12,2022-11-22,Elective,Home,2,General,0,3.8
702964,100100,2015,3,2024-05-19,2024-05-29,Emergency,Home,9,Semi-Private,1,4.3
702965,102343,2052,2,2021-08-25,2021-09-04,Emergency,Rehab,5,Private,0,4.2
702966,100929,2017,10,2022-09-18,2022-09-25,Elective,Home,3,Semi-Private,0,3.2
702967,101468,2077,8,2022-11-08,2022-11-12,Urgent,Home,11,General,0,3.9
702968,100328,2022,9,2025-04-11,2025-04-25,Elective,Home,11,General,0,5.0
702969,101352,2054,11,2024-01-17,2024-01-26,Elective,Transferred,10,Private,0,5.0
702970,101066,2052,8,2021-07-16,2021-07-30,Urgent,Home,12,General,0,2.7
702971,102290,2046,8,2024-08-31,2024-09-08,Emergency,Home,7,General,0,4.6
702972,101366,2004,2,2021-02-28,2021-03-10,Emergency,Transferred,11,Private,1,4.1
702973,100459,2007,11,2024-09-05,2024-09-14,Elective,Home,1,General,1,3.6
702974,101409,2010,4,2021-11-27,2021-12-05,Emergency,Home,9,General,0,3.7
702975,101511,2015,6,2023-10-11,2023-10-16,Urgent,Home,7,Private,0,3.3
702976,100220,2026,8,2025-11-30,2025-12-09,Elective,Home,13,Semi-Private,1,3.0
702977,100859,2080,2,2021-06-13,2021-06-18,Emergency,Home,1,Private,0,4.3
702978,102312,2040,12,2022-09-12,2022-09-20,Emergency,Transferred,4,Semi-Private,0,5.0
702979,102169,2061,8,2024-04-17,2024-04-21,Elective,Home,15,ICU,0,4.3
702980,101304,2016,1,2023-06-30,2023-07-13,Elective,Transferred,7,Semi-Private,0,4.1
702981,100435,2018,11,2025-12-16,2025-12-21,Urgent,Rehab,4,Semi-Private,0,3.5
702982,101270,2075,6,2024-09-19,2024-09-30,Elective,Home,7,Semi-Private,0,3.3
702983,100280,2076,8,2024-06-24,2024-06-28,Elective,Home,3,General,1,4.0
702984,100068,2002,8,2024-07-31,2024-08-02,Emergency,Rehab,4,Private,0,3.2
702985,101672,2054,12,2024-10-18,2024-10-22,Emergency,Home,12,Semi-Private,0,4.8
702986,100743,2018,11,2021-08-19,2021-08-30,Elective,Home,3,General,0,3.6
702987,101288,2054,7,2023-08-02,2023-08-07,Urgent,Home,13,General,0,3.4
702988,102013,2038,7,2021-12-07,2021-12-13,Elective,Transferred,4,Private,0,5.0
702989,101706,2073,11,2025-01-12,2025-01-16,Elective,Home,12,Semi-Private,1,5.0
702990,101447,2015,10,2022-03-07,2022-03-18,Elective,Home,10,General,0,3.1
702991,100291,2064,11,2025-02-01,2025-02-15,Elective,Rehab,13,General,1,3.3
702992,102217,2008,12,2021-10-23,2021-11-02,Emergency,Rehab,3,Semi-Private,0,3.9
702993,101486,2046,9,2025-03-24,2025-04-06,Elective,Home,10,General,0,3.9
702994,100556,2039,2,2023-12-05,2023-12-17,Elective,Home,14,Semi-Private,0,3.7
702995,100353,2052,1,2025-12-28,2026-01-01,Emergency,Transferred,10,Semi-Private,0,5.0
702996,101264,2008,12,2021-02-07,2021-02-13,Elective,Transferred,5,General,0,4.2
702997,101827,2050,2,2025-08-19,2025-08-26,Emergency,Home,4,Semi-Private,0,4.0
702998,100283,2050,3,2024-04-27,2024-05-10,Elective,Home,3,General,0,3.5
702999,101606,2068,9,2022-02-06,2022-02-13,Elective,Home,5,Semi-Private,1,3.2
703000,100456,2027,10,2025-10-02,2025-10-06,Emergency,Home,10,General,0,3.5
703001,101005,2077,7,2021-10-26,2021-10-31,Elective,Transferred,9,General,0,3.3
703002,101872,2038,5,2021-10-04,2021-10-07,Elective,Home,11,General,0,3.1
703003,102333,2021,5,2023-10-27,2023-11-01,Urgent,Home,1,Semi-Private,0,4.8
703004,102079,2045,6,2021-06-27,2021-07-07,Urgent,Home,14,Semi-Private,0,4.7
703005,102496,2058,2,2021-10-04,2021-10-09,Elective,Transferred,14,Semi-Private,0,3.7
703006,102262,2023,1,2021-01-22,2021-02-05,Emergency,Home,4,Semi-Private,0,5.0
703007,101738,2054,11,2021-11-17,2021-11-21,Elective,Home,13,Semi-Private,0,4.4
703008,102445,2030,1,2022-03-08,2022-03-14,Emergency,Home,7,General,0,3.2
703009,100337,2016,3,2023-04-28,2023-05-03,Elective,Home,4,Semi-Private,0,2.9
703010,100968,2052,1,2025-02-16,2025-02-24,Emergency,Home,8,General,0,4.2
703011,100903,2041,9,2021-06-12,2021-06-25,Elective,Home,15,Semi-Private,0,4.4
703012,100672,2071,10,2025-10-30,2025-11-12,Emergency,Home,7,Semi-Private,0,3.0
703013,101304,2024,5,2023-10-10,2023-10-12,Emergency,Home,5,Semi-Private,1,3.6
703014,100769,2020,9,2024-03-15,2024-03-21,Urgent,Home,10,Semi-Private,0,4.6
703015,101715,2027,5,2023-12-04,2023-12-06,Elective,Rehab,4,General,0,5.0
703016,100479,2002,1,2024-06-25,2024-07-07,Elective,Transferred,8,General,0,4.1
703017,100844,2060,11,2025-09-13,2025-09-19,Elective,Home,1,Semi-Private,0,4.0
703018,101626,2051,12,2021-06-16,2021-06-20,Emergency,Home,2,General,0,3.7
703019,101881,2001,7,2022-05-11,2022-05-24,Elective,Home,5,General,1,5.0
703020,102118,2006,7,2024-06-04,2024-06-05,Emergency,Home,10,General,0,4.4
703021,100505,2038,4,2025-05-24,2025-05-30,Elective,Home,7,General,1,3.4
703022,100110,2054,3,2024-08-14,2024-08-17,Elective,Home,9,General,0,4.6
703023,101406,2060,1,2021-01-24,2021-02-06,Emergency,Transferred,3,Semi-Private,0,3.5
703024,100397,2027,7,2023-06-01,2023-06-08,Emergency,Home,5,Private,0,3.3
703025,100351,2080,5,2022-08-08,2022-08-11,Elective,Home,11,General,0,3.7
703026,101558,2062,10,2021-05-15,2021-05-25,Elective,Home,2,Private,0,3.4
703027,102469,2063,1,2025-12-05,2025-12-09,Elective,Home,6,General,0,3.3
703028,100922,2035,1,2024-02-18,2024-02-27,Emergency,Rehab,6,Semi-Private,0,3.0
703029,102042,2058,3,2024-06-21,2024-06-28,Elective,Home,4,Private,0,3.5
703030,100111,2061,3,2021-12-20,2021-12-24,Emergency,Home,14,General,0,3.6
703031,100209,2036,2,2021-10-27,2021-10-29,Elective,Home,13,General,0,
703032,101766,2056,8,2022-11-29,2022-12-04,Emergency,Home,2,Semi-Private,0,4.4
703033,101202,2067,12,2024-08-26,2024-09-03,Emergency,Home,15,General,0,2.7
703034,101786,2057,8,2022-08-12,2022-08-14,Elective,Home,8,ICU,0,3.7
703035,102473,2041,6,2022-03-26,2022-04-04,Emergency,Transferred,8,Semi-Private,0,4.5
703036,102376,2031,5,2021-03-14,2021-03-19,Urgent,Home,15,Semi-Private,0,4.8
703037,101908,2003,6,2022-05-25,2022-05-31,Elective,Home,13,General,0,3.6
703038,100011,2038,1,2021-04-29,2021-05-06,Urgent,Home,1,General,0,4.8
703039,100856,2053,2,2024-09-04,2024-09-17,Emergency,Expired,2,General,0,3.7
703040,101259,2052,7,2025-01-25,2025-02-03,Emergency,Home,4,General,0,5.0
703041,102302,2024,1,2021-10-27,2021-11-03,Elective,Home,13,ICU,0,2.9
703042,101590,2026,8,2021-09-23,2021-09-27,Emergency,Rehab,14,General,0,3.2
703043,101502,2073,3,2024-08-09,2024-08-14,Elective,Home,12,General,0,4.1
703044,100129,2037,4,2025-12-26,2026-01-07,Elective,Home,12,Semi-Private,0,3.1
703045,100100,2048,7,2023-03-29,2023-04-01,Elective,Home,1,General,0,3.5
703046,100290,2067,10,2024-01-29,2024-01-30,Emergency,Home,6,Private,0,4.3
703047,101593,2041,7,2024-09-02,2024-09-05,Elective,Home,11,ICU,0,4.1
703048,101677,2049,2,2021-09-10,2021-09-23,Elective,Home,2,General,0,4.0
703049,101149,2028,5,2021-01-06,2021-01-07,Elective,Home,3,Semi-Private,0,4.0
703050,101845,2032,8,2023-01-04,2023-01-09,Emergency,Transferred,11,General,0,2.2
703051,101828,2071,9,2022-01-04,2022-01-11,Elective,Home,9,Private,0,4.1
703052,100665,2071,5,2021-06-28,2021-07-07,Elective,Home,7,General,0,3.5
703053,101371,2032,2,2022-01-10,2022-01-14,Elective,Home,4,Semi-Private,0,3.7
703054,100698,2038,4,2021-09-15,2021-09-25,Emergency,Expired,12,General,0,2.8
703055,100183,2020,11,2023-12-26,2024-01-09,Elective,Transferred,10,General,0,4.5
703056,100351,2008,5,2022-07-26,2022-08-05,Emergency,Home,1,Private,0,4.4
703057,101820,2068,6,2022-08-20,2022-08-21,Urgent,Transferred,13,General,0,3.1
703058,101402,2026,12,2024-12-30,2025-01-06,Elective,Home,4,Semi-Private,0,4.1
703059,101489,2079,6,2024-01-16,2024-01-19,Elective,Transferred,10,Semi-Private,0,5.0
703060,100678,2070,12,2022-01-01,2022-01-02,Elective,Home,13,Private,0,4.1
703061,100340,2048,1,2024-06-25,2024-06-29,Emergency,Home,6,General,0,2.5
703062,100111,2069,6,2024-11-12,2024-11-26,Elective,Home,8,Semi-Private,0,3.6
703063,102309,2046,11,2023-09-01,2023-09-12,Emergency,Home,11,Private,1,4.1
703064,101212,2058,10,2022-08-16,2022-08-25,Emergency,Home,9,General,1,5.0
703065,102419,2070,1,2024-06-13,2024-06-19,Emergency,Home,15,Semi-Private,0,3.1
703066,101721,2067,5,2024-04-28,2024-05-04,Elective,Home,13,Private,0,3.9
703067,101823,2029,11,2025-08-11,2025-08-18,Emergency,Home,4,General,1,3.2
703068,102497,2010,7,2024-04-17,2024-04-18,Urgent,Home,6,General,0,4.7
703069,101730,2071,8,2023-01-26,2023-01-31,Emergency,Home,2,Semi-Private,1,3.7
703070,101896,2065,11,2021-01-08,2021-01-12,Urgent,Transferred,2,General,0,2.0
703071,101412,2065,11,2022-01-23,2022-01-27,Urgent,Home,6,Semi-Private,1,3.7
703072,101362,2017,5,2024-11-26,2024-12-03,Emergency,Home,9,General,0,3.9
703073,101944,2022,2,2023-05-14,2023-05-16,Urgent,Home,3,Private,1,4.3
703074,101353,2014,3,2023-01-23,2023-01-28,Urgent,Transferred,4,General,0,4.1
703075,100656,2006,12,2022-12-17,2022-12-24,Emergency,Home,11,General,0,4.5
703076,102197,2030,7,2025-04-05,2025-04-08,Urgent,Home,9,Semi-Private,0,3.9
703077,100350,2047,10,2022-11-13,2022-11-27,Emergency,Home,9,Semi-Private,0,4.1
703078,102371,2020,4,2023-08-03,2023-08-05,Emergency,Home,11,Semi-Private,0,4.0
703079,101144,2016,1,2023-10-24,2023-11-05,Elective,Home,15,General,1,3.7
703080,101005,2068,3,2022-02-19,2022-02-20,Emergency,Rehab,13,General,0,4.4
703081,100398,2034,10,2024-09-12,2024-09-17,Emergency,Home,5,General,0,4.6
703082,100646,2001,2,2023-01-22,2023-02-03,Urgent,Transferred,9,Semi-Private,0,4.0
703083,100413,2077,9,2022-02-03,2022-02-15,Urgent,Home,5,Semi-Private,1,3.6
703084,100037,2048,1,2024-06-04,2024-06-09,Elective,Home,5,Private,0,3.2
703085,102235,2008,9,2025-11-26,2025-11-30,Elective,Home,7,Semi-Private,0,4.3
703086,100420,2022,10,2023-08-15,2023-08-23,Urgent,Transferred,15,General,0,3.2
703087,101484,2068,5,2023-10-21,2023-10-23,Emergency,Home,6,Private,0,4.1
703088,102235,2034,12,2023-12-23,2024-01-05,Urgent,Home,10,General,0,4.1
703089,101102,2060,6,2025-03-23,2025-04-04,Emergency,Rehab,11,General,0,4.8
703090,101984,2045,6,2023-06-01,2023-06-05,Urgent,Home,7,General,0,5.0
703091,101963,2037,12,2023-06-22,2023-06-27,Elective,Expired,10,Private,0,1.7
703092,101398,2023,6,2022-06-05,2022-06-14,Urgent,Transferred,2,General,0,3.8
703093,100810,2024,9,2023-03-12,2023-03-15,Urgent,Home,14,General,0,2.4
703094,102378,2013,9,2021-08-18,2021-08-31,Urgent,Home,9,General,0,4.9
703095,100958,2069,11,2023-10-31,2023-11-01,Elective,Home,6,General,0,4.0
703096,100320,2080,10,2024-07-17,2024-07-31,Urgent,Home,9,Semi-Private,0,4.9
703097,100514,2060,7,2022-02-07,2022-02-11,Elective,Home,1,Private,0,4.2
703098,100334,2038,3,2024-12-15,2024-12-25,Emergency,Home,2,Private,1,3.0
703099,101095,2048,7,2023-09-20,2023-09-26,Elective,Home,7,Private,0,3.3
703100,100724,2026,5,2023-02-14,2023-02-21,Emergency,Home,12,General,0,3.9
703101,100008,2077,9,2024-07-01,2024-07-05,Urgent,Home,2,Semi-Private,0,4.4
703102,101720,2001,8,2022-08-22,2022-08-26,Emergency,Home,6,Semi-Private,1,4.0
703103,102004,2004,10,2021-01-12,2021-01-18,Urgent,Home,2,General,0,4.1
703104,100164,2067,12,2024-04-06,2024-04-07,Emergency,Home,14,General,0,3.7
703105,100781,2080,6,2023-08-26,2023-08-31,Emergency,Rehab,10,General,0,4.8
703106,101319,2013,5,2023-06-18,2023-06-29,Urgent,Home,5,Semi-Private,0,4.1
703107,102406,2039,10,2022-06-13,2022-06-16,Emergency,Transferred,6,Private,1,4.0
703108,102129,2031,2,2021-05-18,2021-05-26,Elective,Home,7,ICU,0,4.2
703109,101299,2024,11,2022-12-16,2022-12-21,Elective,Home,15,Private,0,3.7
703110,100921,2079,12,2025-01-25,2025-02-01,Emergency,Home,13,General,0,3.7
703111,101641,2005,3,2021-10-26,2021-11-03,Elective,Transferred,1,Private,0,4.4
703112,101845,2049,11,2024-04-30,2024-05-08,Elective,Home,2,ICU,0,4.6
703113,101591,2011,11,2025-03-14,2025-03-27,Urgent,Home,2,Semi-Private,0,4.7
703114,101103,2024,3,2024-02-24,2024-02-26,Emergency,Home,1,General,0,
703115,100680,2045,4,2024-07-03,2024-07-16,Emergency,Home,3,General,0,4.1
703116,101252,2074,3,2022-05-24,2022-05-26,Elective,Home,12,General,1,3.5
703117,100438,2034,7,2023-06-14,2023-06-27,Emergency,Home,6,Semi-Private,1,4.6
703118,100946,2011,6,2022-04-13,2022-04-23,Emergency,Home,12,Private,0,3.3
703119,101284,2057,8,2021-01-17,2021-01-22,Emergency,Home,11,Semi-Private,0,4.2
703120,100010,2029,2,2025-01-22,2025-02-04,Elective,Home,9,General,0,4.7
703121,100158,2022,2,2021-04-13,2021-04-16,Urgent,Home,3,Semi-Private,0,4.1
703122,101182,2033,1,2024-07-08,2024-07-20,Emergency,Home,12,General,0,4.2
703123,102368,2072,5,2024-03-27,2024-04-08,Emergency,Home,15,General,0,3.8
703124,101226,2049,7,2023-05-24,2023-06-03,Elective,Home,3,General,0,2.6
703125,100121,2023,9,2023-05-29,2023-05-30,Emergency,Home,2,General,0,3.5
703126,102187,2069,5,2021-11-23,2021-12-01,Elective,Home,13,ICU,0,4.0
703127,100674,2029,11,2024-01-09,2024-01-15,Emergency,Rehab,2,General,0,3.5
703128,102028,2006,11,2022-03-31,2022-04-03,Emergency,Transferred,7,General,0,4.4
703129,101284,2052,1,2022-07-25,2022-08-02,Emergency,Home,4,Semi-Private,0,2.9
703130,101457,2014,3,2025-02-01,2025-02-14,Emergency,Expired,6,Semi-Private,0,2.5
703131,100044,2017,8,2021-01-14,2021-01-25,Urgent,Home,8,General,0,4.5
703132,100816,2080,3,2022-08-12,2022-08-13,Urgent,Home,14,General,0,3.8
703133,101379,2028,7,2021-10-30,2021-11-02,Elective,Rehab,14,Semi-Private,1,4.3
703134,100098,2009,10,2021-12-05,2021-12-14,Elective,Home,5,Private,0,3.6
703135,101895,2066,3,2023-05-08,2023-05-14,Emergency,Home,13,General,0,4.4
703136,102287,2004,2,2025-10-23,2025-10-24,Elective,Home,3,General,0,5.0
703137,100475,2020,12,2021-05-04,2021-05-13,Elective,Home,2,Private,0,5.0
703138,101416,2041,10,2025-06-30,2025-07-07,Emergency,Home,15,Private,0,3.5
703139,100009,2036,6,2023-05-04,2023-05-05,Emergency,Home,6,Semi-Private,1,3.7
703140,101537,2006,2,2021-12-09,2021-12-10,Emergency,Home,11,Semi-Private,0,4.1
703141,101413,2065,10,2021-11-14,2021-11-19,Emergency,Home,12,Semi-Private,0,5.0
703142,101863,2050,5,2023-09-10,2023-09-21,Elective,Home,8,Semi-Private,1,3.1
703143,101234,2064,5,2025-10-16,2025-10-20,Urgent,Home,13,Semi-Private,0,3.1
703144,100616,2003,5,2023-04-11,2023-04-23,Elective,Home,11,Semi-Private,0,4.7
703145,102200,2037,6,2024-11-24,2024-12-02,Elective,Transferred,13,Semi-Private,0,3.5
703146,102458,2003,3,2024-02-22,2024-03-06,Emergency,Home,10,Private,1,4.5
703147,100010,2033,10,2021-08-20,2021-08-22,Emergency,Home,14,Private,0,3.6
703148,100552,2059,5,2022-10-09,2022-10-15,Elective,Home,4,Semi-Private,0,4.3
703149,100880,2015,8,2024-08-23,2024-08-31,Emergency,Home,2,General,0,3.6
703150,100268,2056,4,2023-11-19,2023-11-20,Emergency,Home,3,Semi-Private,0,3.2
703151,100451,2061,5,2023-01-19,2023-01-22,Elective,Home,3,Semi-Private,0,4.1
703152,102446,2068,1,2021-04-02,2021-04-03,Emergency,Home,15,General,0,3.1
703153,101392,2079,1,2021-05-28,2021-06-04,Emergency,Home,9,Private,1,4.3
703154,101083,2071,8,2021-04-14,2021-04-15,Emergency,Home,10,General,1,3.8
703155,100294,2068,2,2025-05-25,2025-06-06,Emergency,Home,4,Semi-Private,0,3.0
703156,100952,2062,10,2025-06-13,2025-06-22,Elective,Home,6,Private,0,4.2
703157,100869,2067,10,2022-03-10,2022-03-18,Emergency,Rehab,13,Semi-Private,1,4.2
703158,100110,2023,7,2022-01-04,2022-01-15,Emergency,Rehab,9,General,0,2.2
703159,101566,2014,7,2023-06-22,2023-06-25,Emergency,Home,12,Semi-Private,0,4.0
703160,102155,2006,11,2024-10-09,2024-10-21,Emergency,Rehab,14,General,0,4.0
703161,101013,2033,9,2023-05-20,2023-06-02,Urgent,Home,10,Semi-Private,0,4.1
703162,102345,2009,1,2022-03-12,2022-03-24,Emergency,Home,8,Private,0,2.6
703163,101855,2012,2,2021-05-27,2021-05-31,Emergency,Home,13,Semi-Private,0,4.3
703164,101989,2051,1,2024-11-06,2024-11-15,Elective,Home,12,General,1,4.4
703165,100845,2003,1,2025-05-29,2025-06-08,Emergency,Home,9,Semi-Private,0,3.3
703166,101708,2056,11,2025-12-25,2025-12-31,Elective,Home,6,Semi-Private,0,3.0
703167,102127,2046,4,2025-04-17,2025-04-22,Emergency,Transferred,14,Private,0,3.3
703168,102008,2036,8,2024-09-25,2024-10-08,Urgent,Home,13,General,1,4.1
703169,101274,2013,10,2025-10-26,2025-10-31,Urgent,Home,2,General,1,3.1
703170,100339,2013,8,2025-06-30,2025-07-01,Elective,Transferred,5,Semi-Private,1,3.0
703171,102105,2058,12,2022-02-26,2022-03-10,Elective,Transferred,10,Semi-Private,1,5.0
703172,100147,2034,12,2022-08-17,2022-08-31,Elective,Transferred,3,Semi-Private,1,4.0
703173,100746,2043,11,2024-11-02,2024-11-03,Urgent,Transferred,3,Semi-Private,1,3.8
703174,101041,2028,9,2024-05-12,2024-05-15,Elective,Home,10,General,0,3.5
703175,102416,2056,2,2024-09-24,2024-09-26,Emergency,Home,12,Private,0,3.7
703176,101213,2047,7,2024-05-31,2024-06-10,Emergency,Home,1,Semi-Private,1,5.0
703177,102296,2035,12,2024-11-24,2024-12-08,Emergency,Home,11,ICU,0,4.6
703178,102198,2078,4,2025-01-13,2025-01-14,Elective,Home,4,General,0,5.0
703179,100714,2019,3,2023-11-05,2023-11-17,Emergency,Home,13,General,0,4.3
703180,102265,2051,12,2021-02-21,2021-02-26,Elective,Home,7,General,0,3.3
703181,101611,2020,4,2022-08-31,2022-09-14,Emergency,Home,3,General,1,4.2
703182,101419,2029,4,2025-05-24,2025-06-07,Urgent,Home,7,Private,0,4.4
703183,101787,2072,3,2022-05-22,2022-06-02,Elective,Home,6,General,0,4.5
703184,100304,2065,9,2024-04-06,2024-04-09,Elective,Home,14,General,0,3.7
703185,101582,2038,8,2024-03-21,2024-04-04,Elective,Home,12,ICU,0,5.0
703186,102451,2049,12,2022-05-02,2022-05-09,Urgent,Home,1,ICU,0,3.0
703187,101878,2028,10,2025-10-16,2025-10-24,Emergency,Home,14,General,0,4.3
703188,100380,2033,12,2024-01-21,2024-01-31,Emergency,Rehab,5,Semi-Private,1,3.8
703189,102500,2013,12,2025-05-15,2025-05-21,Elective,Home,11,Semi-Private,0,3.4
703190,100694,2044,2,2025-01-02,2025-01-14,Elective,Home,6,Private,0,4.2
703191,101619,2052,3,2024-03-14,2024-03-19,Elective,Home,11,General,0,4.9
703192,102193,2077,10,2021-06-04,2021-06-14,Emergency,Home,9,General,0,4.3
703193,100050,2076,7,2022-01-24,2022-02-05,Emergency,Home,10,General,0,4.2
703194,101448,2041,5,2024-09-03,2024-09-08,Emergency,Rehab,6,Semi-Private,0,2.5
703195,102391,2049,1,2023-08-05,2023-08-06,Urgent,Home,11,General,0,4.7
703196,101756,2007,1,2024-10-11,2024-10-23,Emergency,Home,8,Semi-Private,0,3.7
703197,101880,2036,12,2025-12-14,2025-12-20,Elective,Home,2,Private,0,4.4
703198,100848,2026,8,2025-11-19,2025-11-25,Elective,Home,1,General,0,4.7
703199,101196,2027,6,2024-12-22,2024-12-25,Emergency,Home,14,General,0,4.1
703200,101513,2024,4,2021-03-05,2021-03-09,Emergency,Home,15,General,1,2.5
703201,101383,2071,3,2022-02-20,2022-02-24,Emergency,Home,1,Semi-Private,0,5.0
703202,102237,2033,9,2024-07-03,2024-07-09,Elective,Home,14,Semi-Private,0,5.0
703203,101553,2018,9,2022-04-08,2022-04-22,Emergency,Home,7,General,1,4.6
703204,102458,2005,12,2023-11-23,2023-12-01,Emergency,Rehab,15,General,0,3.5
703205,100227,2001,4,2025-10-27,2025-11-08,Emergency,Home,15,,0,4.9
703206,101808,2071,11,2022-04-07,2022-04-20,Emergency,Home,15,General,0,3.8
703207,100213,2003,8,2021-02-05,2021-02-18,Emergency,Home,8,Private,0,3.9
703208,100419,2036,4,2021-09-28,2021-10-07,Emergency,Home,8,Private,0,4.9
703209,101876,2035,8,2022-05-06,2022-05-15,Emergency,Home,12,Semi-Private,0,4.5
703210,100919,2051,7,2023-12-08,2023-12-13,Elective,Home,3,General,0,2.2
703211,100777,2012,12,2024-12-06,2024-12-14,Emergency,Home,5,Semi-Private,0,4.2
703212,101554,2015,6,2024-09-29,2024-10-12,Elective,Home,15,General,0,4.9
703213,102269,2004,7,2023-04-05,2023-04-13,Elective,Home,7,General,1,3.0
703214,100176,2056,6,2024-08-31,2024-09-10,Urgent,Home,14,General,0,4.7
703215,101346,2016,11,2021-11-14,2021-11-18,Emergency,Rehab,13,ICU,0,2.7
703216,100535,2006,12,2025-09-12,2025-09-16,Emergency,Home,15,General,1,3.8
703217,101418,2063,6,2022-05-28,2022-05-31,Urgent,Home,14,Semi-Private,0,4.4
703218,101830,2023,7,2023-12-21,2024-01-03,Urgent,Home,9,General,0,3.8
703219,101664,2077,4,2021-11-20,2021-11-25,Emergency,Home,5,General,0,4.9
703220,100324,2044,12,2023-04-28,2023-05-06,Emergency,Home,15,Semi-Private,0,2.9
703221,100085,2001,5,2022-04-12,2022-04-20,Urgent,Transferred,13,Semi-Private,0,4.6
703222,100887,2057,9,2021-05-15,2021-05-24,Emergency,Home,14,Semi-Private,0,4.0
703223,100112,2076,2,2025-09-25,2025-10-09,Urgent,Home,13,General,1,3.4
703224,100949,2027,9,2021-01-20,2021-01-21,Urgent,Home,15,Semi-Private,0,4.3
703225,101422,2025,5,2024-11-28,2024-12-12,Emergency,Rehab,4,General,0,3.9
703226,100052,2062,10,2024-07-30,2024-08-11,Urgent,Transferred,15,General,0,5.0
703227,102132,2018,1,2025-01-13,2025-01-17,Elective,Rehab,4,Private,1,4.4
703228,100741,2080,11,2022-09-27,2022-10-03,Elective,Home,6,General,0,4.3
703229,100425,2030,7,2023-02-02,2023-02-07,Emergency,Home,9,Private,0,3.5
703230,101045,2030,5,2024-01-12,2024-01-16,Emergency,Home,14,Private,1,4.1
703231,101712,2047,3,2023-05-11,2023-05-24,Elective,Home,13,ICU,0,3.6
703232,100056,2022,3,2022-10-20,2022-10-31,Emergency,Home,1,Private,0,4.0
703233,100807,2042,1,2021-03-17,2021-03-20,Urgent,Home,1,General,0,4.9
703234,100655,2034,7,2021-08-07,2021-08-09,Emergency,Home,1,Semi-Private,0,3.8
703235,101007,2063,2,2023-04-28,2023-05-07,Emergency,Home,4,General,1,2.9
703236,100908,2004,8,2025-02-19,2025-03-01,Emergency,Home,15,Private,1,4.4
703237,100008,2031,4,2021-02-11,2021-02-14,Urgent,Home,4,General,0,4.6
703238,102172,2051,4,2024-11-02,2024-11-06,Emergency,Rehab,11,General,1,5.0
703239,101782,2050,11,2024-07-05,2024-07-06,Urgent,Transferred,8,Private,0,4.6
703240,101125,2014,5,2021-04-28,2021-04-29,Emergency,Home,14,Semi-Private,0,3.8
703241,100990,2008,9,2022-09-14,2022-09-24,Elective,Home,5,General,1,4.2
703242,101104,2069,7,2024-09-18,2024-09-27,Urgent,Home,14,Semi-Private,0,4.3
703243,102079,2008,3,2023-02-26,2023-03-09,Emergency,Home,10,Semi-Private,1,4.3
703244,100378,2011,4,2025-10-03,2025-10-07,Emergency,Home,4,General,0,2.1
703245,102378,2029,9,2025-08-13,2025-08-23,Urgent,Transferred,8,Semi-Private,0,3.6
703246,101950,2055,1,2025-03-04,2025-03-08,Elective,Home,7,General,0,4.4
703247,101323,2039,8,2022-03-12,2022-03-18,Elective,Home,14,Private,1,4.8
703248,100282,2013,8,2022-01-08,2022-01-10,Urgent,Home,6,Semi-Private,0,3.5
703249,101036,2064,7,2021-01-14,2021-01-20,Elective,Transferred,2,General,0,3.7
703250,100639,2049,6,2022-06-06,2022-06-19,Urgent,Home,5,General,0,3.8
703251,100069,2019,7,2024-08-28,2024-09-04,Elective,Home,13,Private,0,3.9
703252,101839,2067,10,2023-06-15,2023-06-16,Elective,Transferred,12,Semi-Private,0,4.6
703253,102071,2052,4,2021-03-30,2021-04-07,Emergency,Home,2,General,0,3.4
703254,100337,2078,4,2025-03-10,2025-03-23,Urgent,Home,6,General,0,4.6
703255,102475,2071,5,2022-07-07,2022-07-13,Elective,Home,9,Semi-Private,0,5.0
703256,102257,2020,4,2021-09-06,2021-09-15,Emergency,Home,9,General,0,3.7
703257,100215,2054,4,2021-05-22,2021-06-04,Elective,Home,6,General,0,3.7
703258,100635,2005,9,2022-05-17,2022-05-21,Emergency,Home,4,General,0,4.1
703259,100423,2079,6,2021-09-11,2021-09-22,Elective,Home,10,General,1,3.6
703260,102121,2062,3,2023-01-21,2023-01-23,Urgent,Rehab,12,Private,0,3.9
703261,100786,2017,3,2023-07-17,2023-07-26,Emergency,Home,9,Private,0,2.9
703262,100938,2053,10,2022-08-15,2022-08-23,Urgent,Home,5,General,0,4.6
703263,101772,2037,8,2021-07-14,2021-07-16,Emergency,Home,8,Private,0,5.0
703264,101690,2019,3,2024-12-31,2025-01-08,Elective,Expired,12,General,0,3.5
703265,101298,2010,4,2024-12-21,2025-01-01,Elective,Transferred,9,Semi-Private,0,2.8
703266,101257,2044,6,2025-11-10,2025-11-18,Emergency,Home,5,Semi-Private,0,4.7
703267,102337,2049,9,2023-11-03,2023-11-08,Elective,Home,6,Semi-Private,0,3.7
703268,100439,2037,6,2025-03-30,2025-04-06,Urgent,Home,4,General,0,3.5
703269,101338,2058,3,2025-07-21,2025-07-28,Emergency,Home,12,General,0,3.9
703270,101534,2015,12,2022-03-07,2022-03-11,Emergency,Transferred,1,General,0,3.1
703271,101418,2020,6,2022-09-27,2022-10-03,Elective,Home,1,Semi-Private,0,4.4
703272,102076,2055,4,2021-05-22,2021-06-01,Elective,Home,5,General,0,3.1
703273,100270,2013,5,2023-02-22,2023-02-28,Urgent,Rehab,3,Semi-Private,0,3.1
703274,101491,2020,5,2022-04-01,2022-04-14,Emergency,Transferred,7,General,0,3.1
703275,101946,2043,3,2024-09-01,2024-09-07,Urgent,Transferred,13,General,0,4.1
703276,102122,2041,5,2022-04-23,2022-05-02,Elective,Home,4,Semi-Private,1,2.6
703277,101681,2048,12,2024-07-08,2024-07-10,Emergency,Home,4,General,0,5.0
703278,100674,2056,12,2025-04-24,2025-05-04,Urgent,Home,4,Private,0,3.7
703279,102294,2068,5,2021-09-24,2021-10-02,Emergency,Home,6,General,0,2.4
703280,100410,2044,7,2023-02-06,2023-02-14,Elective,Home,9,General,0,3.2
703281,101442,2073,9,2024-08-27,2024-08-28,Elective,Home,12,Private,0,4.4
703282,102259,2047,5,2023-10-09,2023-10-20,Elective,Home,12,ICU,1,5.0
703283,100792,2050,9,2025-02-20,2025-03-05,Elective,Home,13,Semi-Private,0,4.1
703284,101247,2032,5,2024-02-26,2024-03-11,Elective,Home,9,General,0,4.1
703285,100360,2054,4,2022-06-13,2022-06-27,Emergency,Home,13,Semi-Private,0,2.9
703286,100582,2039,6,2025-04-05,2025-04-07,Elective,Home,11,General,0,5.0
703287,101044,2058,8,2024-10-18,2024-10-31,Urgent,Expired,5,Private,0,4.4
703288,100423,2061,4,2025-05-06,2025-05-20,Elective,Home,13,Private,0,4.2
703289,100121,2072,5,2024-09-18,2024-09-22,Urgent,Home,11,General,0,4.0
703290,102221,2019,10,2021-06-30,2021-07-05,Elective,Home,13,Semi-Private,0,4.4
703291,100034,2069,1,2024-07-11,2024-07-16,Elective,Home,8,General,0,3.4
703292,100071,2022,10,2021-10-17,2021-10-23,Elective,Transferred,4,Private,0,4.7
703293,100545,2035,12,2021-02-12,2021-02-19,Emergency,Rehab,12,Semi-Private,0,4.6
703294,100968,2010,1,2021-12-16,2021-12-17,Urgent,Rehab,8,General,0,3.9
703295,100535,2015,8,2025-12-14,2025-12-21,Urgent,Home,10,General,1,3.8
703296,100014,2002,7,2023-07-22,2023-07-28,Urgent,Home,15,Semi-Private,0,2.4
703297,101330,2022,5,2024-08-20,2024-08-25,Elective,Home,9,Semi-Private,0,2.7
703298,100271,2012,9,2021-09-12,2021-09-26,Urgent,Home,12,General,0,4.4
703299,101797,2062,1,2023-03-25,2023-03-31,Elective,Home,8,General,1,4.7
703300,101518,2045,3,2025-07-22,2025-08-02,Elective,Home,8,Semi-Private,1,4.8
703301,101584,2058,6,2021-04-18,2021-04-26,Urgent,Home,14,General,0,3.0
703302,100463,2020,1,2025-06-14,2025-06-27,Elective,Home,9,Semi-Private,0,5.0
703303,100523,2051,12,2022-02-06,2022-02-18,Elective,Rehab,13,General,0,4.8
703304,100855,2007,6,2023-04-11,2023-04-17,Emergency,Transferred,10,General,0,3.6
703305,102046,2024,2,2024-05-06,2024-05-11,Urgent,Home,14,Semi-Private,0,4.1
703306,100443,2067,10,2024-05-03,2024-05-09,Emergency,Home,8,Private,0,2.7
703307,102299,2070,5,2024-02-22,2024-03-02,Emergency,Home,4,General,0,3.5
703308,102208,2053,11,2021-12-07,2021-12-19,Emergency,Home,14,General,0,4.4
703309,102084,2034,10,2024-12-04,2024-12-05,Elective,Home,5,General,0,4.0
703310,101222,2033,2,2025-09-29,2025-10-13,Emergency,Home,10,General,0,5.0
703311,102441,2023,1,2021-10-30,2021-11-02,Elective,Transferred,6,General,0,2.9
703312,101228,2058,12,2023-08-27,2023-08-30,Emergency,Home,5,General,0,3.9
703313,102092,2068,12,2023-07-11,2023-07-20,Elective,Home,9,Semi-Private,0,3.1
703314,102363,2069,4,2023-01-18,2023-01-21,Emergency,Home,13,Semi-Private,0,5.0
703315,100408,2080,2,2024-07-04,2024-07-10,Emergency,Home,13,Semi-Private,0,4.2
703316,100895,2040,9,2022-03-26,2022-04-04,Urgent,Rehab,15,General,1,4.0
703317,102254,2047,12,2021-04-21,2021-05-01,Emergency,Transferred,13,Private,0,3.9
703318,101265,2043,11,2024-02-25,2024-03-01,Emergency,Home,2,General,0,3.3
703319,102089,2061,11,2022-02-16,2022-02-26,Urgent,Transferred,6,General,0,4.9
703320,102011,2042,3,2022-11-25,2022-12-06,Emergency,Home,13,Private,0,4.1
703321,101387,2062,12,2025-05-29,2025-06-07,Emergency,Home,10,Private,0,4.2
703322,100898,2067,9,2024-01-09,2024-01-18,Emergency,Transferred,2,General,0,4.4
703323,100095,2055,4,2025-02-17,2025-02-23,Emergency,Home,11,General,1,3.4
703324,100540,2049,10,2025-04-06,2025-04-14,Emergency,Home,15,General,1,5.0
703325,102107,2049,12,2021-11-05,2021-11-14,Urgent,Home,8,General,0,5.0
703326,100509,2078,7,2023-11-06,2023-11-15,Emergency,Home,8,Private,0,4.0
703327,101046,2033,7,2023-07-22,2023-07-30,Emergency,Transferred,5,General,0,3.8
703328,100738,2028,6,2023-07-06,2023-07-19,Urgent,Transferred,15,Private,0,4.5
703329,101228,2057,8,2023-08-14,2023-08-18,Elective,Transferred,12,Private,0,4.8
703330,100471,2041,11,2022-01-12,2022-01-20,Emergency,Home,10,General,0,5.0
703331,100284,2079,11,2025-11-25,2025-11-27,Elective,Transferred,8,General,0,4.5
703332,100372,2004,6,2024-05-25,2024-05-28,Emergency,Home,5,General,0,4.1
703333,101522,2020,9,2024-09-16,2024-09-25,Elective,Home,4,General,0,4.1
703334,102177,2035,5,2022-02-17,2022-02-27,Elective,Home,9,Semi-Private,0,2.6
703335,101404,2053,11,2024-06-14,2024-06-18,Urgent,Home,8,General,0,3.7
703336,100507,2039,3,2025-06-19,2025-06-21,Emergency,Home,4,Semi-Private,0,4.3
703337,101119,2053,5,2021-07-14,2021-07-17,Elective,Home,2,General,0,2.3
703338,100578,2010,4,2024-01-22,2024-01-29,Emergency,Home,2,Semi-Private,0,4.1
703339,101201,2080,3,2023-04-23,2023-05-02,Elective,Home,2,Semi-Private,0,3.4
703340,101008,2065,1,2023-12-12,2023-12-19,Emergency,Home,14,Semi-Private,1,5.0
703341,100668,2001,8,2025-12-15,2025-12-23,Elective,Home,11,Private,1,3.8
703342,101447,2053,4,2025-06-17,2025-06-20,Emergency,Home,12,General,0,3.8
703343,101908,2046,12,2024-08-14,2024-08-21,Urgent,Home,14,Private,0,3.9
703344,102368,2026,3,2025-08-12,2025-08-13,Urgent,Rehab,13,General,1,4.0
703345,102106,2002,12,2025-11-08,2025-11-20,Elective,Home,15,Semi-Private,0,4.6
703346,100273,2028,4,2021-03-25,2021-03-31,Emergency,Expired,13,Semi-Private,0,3.7
703347,101222,2027,1,2025-11-29,2025-12-02,Elective,Home,10,Semi-Private,1,4.0
703348,100041,2028,12,2023-09-28,2023-09-30,Elective,Home,12,General,0,4.6
703349,100738,2031,6,2025-03-25,2025-04-08,Emergency,Home,8,Private,0,4.0
703350,101797,2047,3,2024-01-25,2024-01-29,Elective,Home,6,General,0,4.5
703351,101269,2007,8,2023-11-30,2023-12-11,Emergency,Home,1,Semi-Private,0,3.7
703352,100709,2072,11,2022-02-12,2022-02-26,Emergency,Home,12,Private,0,4.3
703353,102284,2075,10,2025-02-02,2025-02-11,Emergency,Transferred,13,Private,0,5.0
703354,100126,2048,5,2023-09-18,2023-09-24,Urgent,Rehab,10,Semi-Private,0,4.5
703355,100778,2026,9,2021-07-28,2021-08-09,Emergency,Expired,4,Semi-Private,0,2.6
703356,100836,2055,9,2021-05-28,2021-06-06,Emergency,Home,3,Private,0,4.4
703357,102188,2007,11,2021-07-20,2021-08-03,Urgent,Home,10,General,0,3.1
703358,100879,2057,2,2022-11-27,2022-12-05,Elective,Transferred,11,General,0,3.3
703359,100394,2058,5,2025-03-13,2025-03-18,Elective,Transferred,14,General,0,4.4
703360,100828,2001,7,2021-11-11,2021-11-19,Emergency,Expired,7,General,0,3.3
703361,102175,2072,7,2022-05-13,2022-05-15,Elective,Transferred,10,Private,0,3.2
703362,101944,2029,10,2022-11-30,2022-12-08,Emergency,Home,5,Semi-Private,0,4.0
703363,100837,2022,3,2023-06-20,2023-06-21,Emergency,Home,1,ICU,0,3.5
703364,100525,2040,7,2024-08-06,2024-08-17,Elective,Home,12,Private,0,2.8
703365,101252,2062,7,2024-09-10,2024-09-23,Elective,Rehab,6,ICU,0,4.4
703366,100146,2014,4,2025-10-30,2025-11-11,Emergency,Home,4,General,0,4.7
703367,100735,2002,11,2025-12-09,2025-12-12,Elective,Home,10,Semi-Private,0,4.7
703368,101924,2035,7,2025-06-07,2025-06-14,Elective,Home,15,ICU,0,3.3
703369,100169,2071,8,2022-09-06,2022-09-10,Elective,Rehab,15,Private,0,4.3
703370,101562,2067,3,2021-08-08,2021-08-21,Emergency,Transferred,6,Private,0,3.6
703371,101149,2079,2,2025-11-19,2025-11-30,Urgent,Home,7,Private,0,3.0
703372,100300,2022,9,2023-06-12,2023-06-19,Emergency,Home,9,Semi-Private,1,3.4
703373,100938,2018,12,2023-04-21,2023-04-22,Elective,Home,1,Semi-Private,0,1.9
703374,100522,2046,12,2022-08-25,2022-09-01,Emergency,Home,6,Private,0,3.2
703375,102153,2063,7,2024-01-20,2024-02-03,Urgent,Home,13,Semi-Private,0,2.9
703376,100618,2036,1,2021-07-03,2021-07-06,Urgent,Rehab,11,Semi-Private,0,4.2
703377,100969,2046,10,2025-01-31,2025-02-02,Emergency,Home,8,General,0,4.2
703378,101718,2037,10,2024-10-22,2024-10-31,Elective,Home,4,Private,0,2.7
703379,101936,2018,9,2022-08-04,2022-08-06,Emergency,Transferred,10,ICU,0,4.6
703380,100506,2043,5,2022-05-07,2022-05-10,Emergency,Home,9,General,0,3.5
703381,100302,2029,2,2021-10-14,2021-10-17,Urgent,Home,4,Private,0,3.2
703382,100653,2076,7,2022-05-09,2022-05-13,Emergency,Home,4,Semi-Private,0,2.7
703383,100064,2018,9,2025-10-02,2025-10-13,Emergency,Rehab,12,General,0,3.4
703384,102280,2015,3,2024-11-08,2024-11-15,Elective,Home,14,Semi-Private,0,3.9
703385,101623,2059,4,2023-03-21,2023-03-28,Urgent,Home,9,General,0,4.7
703386,100319,2028,9,2025-11-05,2025-11-14,Emergency,Home,13,Private,0,3.9
703387,101682,2053,2,2025-06-28,2025-07-08,Emergency,Transferred,4,Private,0,3.8
703388,100829,2015,4,2022-07-19,2022-07-27,Emergency,Transferred,9,General,0,4.4
703389,100092,2043,5,2022-02-03,2022-02-09,Emergency,Home,1,General,1,4.1
703390,100961,2033,4,2024-08-11,2024-08-17,Emergency,Home,8,Private,0,2.9
703391,100064,2002,7,2021-08-02,2021-08-07,Urgent,Home,2,General,0,3.7
703392,100844,2059,6,2023-12-27,2023-12-29,Emergency,Home,8,General,0,3.6
703393,100219,2008,9,2023-04-25,2023-05-01,Elective,Rehab,5,General,1,3.9
703394,100704,2033,11,2022-05-27,2022-06-02,Urgent,Home,13,Semi-Private,0,3.6
703395,100619,2035,4,2023-03-25,2023-04-06,Elective,Home,13,General,0,3.4
703396,101933,2018,11,2022-07-31,2022-08-05,Emergency,Rehab,14,General,0,5.0
703397,100247,2021,9,2023-05-07,2023-05-21,Elective,Rehab,1,Semi-Private,0,4.0
703398,100964,2064,1,2023-11-16,2023-11-22,Urgent,Home,1,General,0,4.4
703399,101497,2028,12,2022-05-12,2022-05-17,Emergency,Transferred,13,Private,0,3.9
703400,101014,2045,6,2022-04-16,2022-04-27,Emergency,Home,6,Semi-Private,0,4.6
703401,100057,2020,7,2023-07-06,2023-07-20,Emergency,Home,1,General,1,3.9
703402,101069,2004,9,2024-05-06,2024-05-18,Elective,Home,13,General,0,4.7
703403,101110,2036,1,2024-02-15,2024-02-19,Emergency,Home,2,General,0,1.8
703404,102029,2077,11,2024-12-07,2024-12-10,Elective,Home,11,ICU,0,4.1
703405,101062,2052,12,2025-09-03,2025-09-17,Elective,Home,14,Semi-Private,0,4.2
703406,102230,2039,12,2025-09-26,2025-09-27,Emergency,Home,15,General,1,4.2
703407,102212,2071,1,2021-09-23,2021-10-04,Elective,Home,3,General,0,3.2
703408,100757,2012,2,2022-10-22,2022-10-26,Emergency,Home,15,Private,1,3.5
703409,101859,2055,6,2023-08-12,2023-08-25,Elective,Rehab,11,Private,1,3.2
703410,101913,2048,3,2023-01-26,2023-02-04,Elective,Rehab,11,General,0,4.4
703411,100126,2009,11,2025-04-09,2025-04-16,Elective,Home,2,General,1,4.7
703412,100267,2012,6,2022-08-11,2022-08-18,Emergency,Home,9,Semi-Private,0,2.8
703413,102402,2080,2,2024-08-18,2024-08-25,Elective,Rehab,10,Semi-Private,0,4.2
703414,101623,2069,10,2022-03-03,2022-03-17,Elective,Home,12,General,0,3.4
703415,101681,2057,6,2022-04-07,2022-04-11,Elective,Rehab,6,General,0,5.0
703416,101532,2028,7,2024-10-27,2024-11-08,Emergency,Home,9,General,0,4.4
703417,102007,2017,6,2024-01-31,2024-02-07,Emergency,Home,5,General,0,3.7
703418,100610,2022,2,2025-02-11,2025-02-22,Elective,Transferred,4,General,0,3.9
703419,100469,2035,5,2022-02-07,2022-02-09,Emergency,Home,12,General,0,5.0
703420,100801,2059,10,2022-06-25,2022-07-07,Elective,Home,14,Private,0,4.0
703421,100133,2079,6,2021-10-22,2021-10-30,Elective,Transferred,2,General,1,2.7
703422,101020,2019,8,2024-03-30,2024-04-09,Emergency,Expired,4,General,0,5.0
703423,100318,2050,9,2022-11-04,2022-11-12,Emergency,Home,8,Semi-Private,0,4.6
703424,101601,2026,5,2023-12-30,2024-01-08,Elective,Transferred,2,Private,0,3.6
703425,100711,2060,12,2023-08-09,2023-08-14,Elective,Rehab,12,Semi-Private,1,4.5
703426,100451,2044,7,2024-01-08,2024-01-18,Elective,Home,8,General,0,3.5
703427,101882,2056,4,2021-05-05,2021-05-13,Urgent,Home,2,General,0,3.5
703428,101744,2043,10,2024-02-05,2024-02-07,Elective,Home,1,General,0,3.9
703429,101324,2023,12,2022-05-11,2022-05-21,Emergency,Home,4,Semi-Private,0,4.5
703430,100142,2074,5,2021-10-18,2021-10-28,Elective,Home,7,General,0,4.4
703431,101498,2022,1,2023-07-15,2023-07-23,Emergency,Home,2,General,0,4.7
703432,100569,2047,3,2024-02-25,2024-03-06,Emergency,Home,11,General,0,4.4
703433,102352,2055,2,2025-01-09,2025-01-18,Urgent,Home,3,ICU,1,5.0
703434,101580,2011,6,2022-04-15,2022-04-21,Elective,Home,12,ICU,0,5.0
703435,101889,2055,9,2021-08-02,2021-08-08,Elective,Home,6,Semi-Private,0,4.2
703436,100030,2026,10,2022-08-14,2022-08-18,Urgent,Home,2,General,0,3.7
703437,101267,2001,3,2022-09-12,2022-09-25,Emergency,Transferred,9,Semi-Private,1,3.9
703438,100695,2062,12,2023-02-15,2023-02-23,Emergency,Transferred,15,Private,0,2.6
703439,100158,2021,11,2025-06-18,2025-06-25,Emergency,Transferred,6,Semi-Private,0,4.0
703440,102194,2008,12,2021-12-29,2022-01-10,Emergency,Transferred,6,Semi-Private,0,3.5
703441,100340,2020,2,2021-05-29,2021-06-07,Emergency,Rehab,12,General,1,3.5
703442,101769,2045,2,2023-08-09,2023-08-10,Urgent,Home,8,Semi-Private,0,4.0
703443,100092,2079,6,2024-08-28,2024-09-07,Urgent,Rehab,1,Semi-Private,0,2.4
703444,100329,2065,10,2023-04-08,2023-04-16,Elective,Home,10,Private,0,3.9
703445,100172,2060,6,2025-08-04,2025-08-12,Elective,Home,3,Semi-Private,0,4.2
703446,100621,2067,5,2021-12-19,2021-12-28,Emergency,Home,2,General,0,2.8
703447,102320,2056,9,2021-02-08,2021-02-15,Elective,Home,14,Semi-Private,0,5.0
703448,101119,2031,7,2023-03-25,2023-04-03,Emergency,Home,1,Private,0,4.3
703449,100989,2022,7,2022-04-19,2022-04-29,Emergency,Home,11,General,0,5.0
703450,100077,2062,11,2023-12-04,2023-12-12,Emergency,Home,12,General,0,4.3
703451,102199,2056,1,2023-04-12,2023-04-21,Elective,Transferred,15,Semi-Private,0,4.3
703452,100142,2072,10,2021-08-12,2021-08-21,Emergency,Home,11,ICU,0,5.0
703453,100231,2008,10,2025-04-25,2025-04-26,Emergency,Transferred,6,General,0,5.0
703454,101794,2062,2,2022-03-02,2022-03-05,Elective,Home,14,General,0,5.0
703455,101932,2078,12,2024-03-07,2024-03-13,Elective,Home,4,Semi-Private,1,3.9
703456,100954,2024,3,2022-05-24,2022-06-05,Emergency,Home,6,General,0,3.4
703457,102176,2022,5,2023-03-27,2023-04-07,Emergency,Transferred,8,ICU,0,3.1
703458,101760,2015,11,2023-08-24,2023-08-31,Urgent,Rehab,7,Semi-Private,0,3.3
703459,101829,2028,12,2021-12-13,2021-12-17,Emergency,Home,15,Semi-Private,0,4.5
703460,101554,2022,4,2022-04-27,2022-05-07,Elective,Expired,12,Semi-Private,0,5.0
703461,102179,2031,8,2025-05-01,2025-05-03,Emergency,Home,3,Semi-Private,0,5.0
703462,101485,2073,11,2025-09-28,2025-10-12,Elective,Home,3,General,0,3.9
703463,100269,2062,4,2025-05-10,2025-05-22,Elective,Home,6,General,0,4.6
703464,100962,2069,6,2021-10-31,2021-11-04,Urgent,Transferred,1,General,0,3.6
703465,101595,2039,9,2025-03-07,2025-03-13,Emergency,Home,3,Semi-Private,0,3.6
703466,101628,2040,2,2023-03-23,2023-04-05,Emergency,Home,8,Semi-Private,0,3.2
703467,101968,2069,8,2022-12-11,2022-12-15,Urgent,Home,13,General,1,3.3
703468,101075,2055,12,2023-02-15,2023-02-27,Elective,Home,3,General,0,4.4
703469,101703,2071,5,2023-03-29,2023-04-08,Urgent,Home,1,General,0,5.0
703470,101029,2064,10,2021-05-11,2021-05-13,Elective,Home,13,Semi-Private,0,4.8
703471,100648,2008,6,2024-02-27,2024-03-07,Elective,Transferred,13,General,0,5.0
703472,100738,2071,3,2023-07-09,2023-07-10,Urgent,Transferred,10,General,0,4.6
703473,101208,2044,8,2025-09-28,2025-10-08,Elective,Home,13,Private,0,4.0
703474,102457,2038,2,2021-07-10,2021-07-17,Elective,Home,14,General,0,3.6
703475,101460,2021,1,2024-01-08,2024-01-17,Elective,Home,12,General,0,4.4
703476,100820,2004,11,2025-07-27,2025-07-30,Elective,Rehab,9,General,0,2.7
703477,100903,2032,12,2023-03-21,2023-04-01,Elective,Home,2,Semi-Private,0,3.5
703478,102237,2055,1,2022-02-10,2022-02-16,Elective,Home,7,General,0,3.4
703479,101504,2060,8,2023-06-28,2023-07-07,Elective,Home,8,Private,0,4.9
703480,100981,2059,2,2021-02-06,2021-02-15,Elective,Home,3,Private,0,3.0
703481,100383,2067,5,2021-05-03,2021-05-07,Elective,Home,13,Semi-Private,0,4.7
703482,101346,2005,2,2022-11-17,2022-11-29,Emergency,Transferred,14,General,0,4.3
703483,101467,2072,11,2025-10-04,2025-10-12,Emergency,Home,7,General,0,4.3
703484,100490,2037,4,2023-08-22,2023-08-30,Emergency,Home,10,General,0,3.6
703485,101157,2027,9,2022-07-12,2022-07-23,Elective,Rehab,4,General,0,2.9
703486,100426,2013,2,2023-05-19,2023-05-26,Urgent,Home,2,Private,0,4.4
703487,102298,2006,4,2024-10-29,2024-11-04,Elective,Home,4,General,0,4.7
703488,101983,2065,10,2021-01-10,2021-01-13,Urgent,Home,8,General,0,4.4
703489,101586,2030,5,2024-07-13,2024-07-25,Emergency,Home,15,General,0,3.9
703490,101446,2075,10,2021-08-01,2021-08-05,Elective,Transferred,2,Private,0,3.1
703491,101500,2052,10,2023-08-20,2023-09-03,Emergency,Rehab,6,Semi-Private,0,3.5
703492,101408,2041,5,2024-01-31,2024-02-12,Emergency,Home,10,General,0,4.3
703493,102367,2080,12,2024-09-22,2024-10-01,Urgent,Home,3,General,0,3.4
703494,101020,2015,12,2022-08-14,2022-08-24,Emergency,Rehab,14,General,0,3.3
703495,102273,2005,5,2023-04-26,2023-05-03,Emergency,Home,3,General,0,2.9
703496,100423,2015,10,2023-07-14,2023-07-25,Emergency,Home,6,General,0,4.4
703497,101215,2001,10,2021-12-08,2021-12-16,Elective,Home,14,General,0,4.4
703498,101801,2015,2,2022-11-25,2022-12-08,Elective,Transferred,15,Semi-Private,0,4.9
703499,101780,2060,8,2021-03-15,2021-03-21,Emergency,Home,3,Semi-Private,0,2.4
703500,102127,2048,11,2023-08-23,2023-09-04,Emergency,Home,14,ICU,0,4.9
703501,100855,2054,5,2022-03-01,2022-03-02,Emergency,Home,2,General,0,4.8
703502,100365,2055,6,2025-10-10,2025-10-21,Emergency,Home,13,Semi-Private,0,4.9
703503,102070,2072,8,2024-04-26,2024-05-08,Urgent,Home,2,Semi-Private,0,4.1
703504,100548,2027,8,2025-02-26,2025-03-07,Urgent,Home,3,Semi-Private,1,4.2
703505,102378,2030,10,2021-08-02,2021-08-13,Urgent,Home,2,General,1,4.2
703506,102104,2076,7,2022-07-23,2022-07-26,Urgent,Home,13,Semi-Private,0,3.3
703507,101272,2060,8,2025-12-30,2026-01-12,Urgent,Home,6,Private,0,3.3
703508,100925,2066,10,2021-10-19,2021-11-01,Urgent,Rehab,4,Private,0,4.2
703509,100261,2046,11,2023-09-18,2023-09-21,Urgent,Home,1,Private,0,3.8
703510,100435,2052,7,2023-09-14,2023-09-23,Urgent,Home,3,Semi-Private,0,4.5
703511,100535,2035,10,2023-12-23,2023-12-27,Elective,Home,15,ICU,0,3.7
703512,100381,2042,6,2022-01-20,2022-01-28,Emergency,Home,10,Semi-Private,0,2.9
703513,102151,2056,5,2021-01-28,2021-02-11,Elective,Home,13,Semi-Private,0,2.9
703514,100029,2045,5,2022-08-10,2022-08-22,Elective,Home,11,Private,0,3.4
703515,101507,2052,8,2021-03-08,2021-03-19,Elective,Home,14,Semi-Private,0,4.5
703516,101072,2023,1,2025-10-22,2025-11-03,Elective,Home,3,General,0,3.6
703517,101391,2029,2,2025-04-12,2025-04-25,Elective,Home,4,General,0,4.2
703518,100547,2029,1,2022-11-02,2022-11-06,Emergency,Home,6,Semi-Private,0,2.7
703519,100327,2057,10,2025-05-25,2025-05-27,Emergency,Rehab,1,Semi-Private,0,4.1
703520,102314,2019,7,2024-06-18,2024-07-01,Urgent,Home,2,Semi-Private,0,4.0
703521,101752,2008,9,2023-02-15,2023-02-20,Elective,Transferred,15,Semi-Private,0,4.9
703522,100729,2050,7,2022-07-29,2022-08-09,Emergency,Transferred,10,General,0,4.1
703523,100219,2007,9,2023-10-25,2023-10-28,Urgent,Home,3,General,0,4.6
703524,100126,2011,4,2022-05-14,2022-05-18,Emergency,Transferred,5,Semi-Private,0,5.0
703525,100882,2067,7,2025-02-28,2025-03-12,Emergency,Home,11,General,0,4.0
703526,101403,2066,12,2025-06-27,2025-06-30,Emergency,Home,12,General,0,5.0
703527,100319,2028,10,2025-10-21,2025-10-22,Urgent,Rehab,7,General,0,4.1
703528,101329,2056,10,2022-07-11,2022-07-15,Elective,Home,1,General,0,3.6
703529,101224,2028,7,2022-02-26,2022-03-07,Elective,Home,12,General,0,3.9
703530,100085,2075,10,2023-03-12,2023-03-19,Urgent,Home,13,General,0,3.6
703531,101065,2040,10,2025-04-30,2025-05-13,Urgent,Home,2,Semi-Private,0,3.6
703532,101575,2002,2,2021-11-10,2021-11-16,Elective,Home,13,Semi-Private,0,3.6
703533,101387,2076,2,2025-01-07,2025-01-21,Urgent,Home,4,General,1,3.8
703534,101943,2061,8,2022-06-17,2022-06-27,Elective,Home,15,Semi-Private,0,4.5
703535,100362,2076,2,2024-11-21,2024-11-30,Elective,Home,10,General,0,2.7
703536,102415,2025,1,2024-07-12,2024-07-16,Elective,Home,1,Semi-Private,0,4.2
703537,101205,2054,1,2024-06-06,2024-06-12,Emergency,Transferred,11,Private,0,4.1
703538,101255,2017,1,2022-04-18,2022-04-21,Emergency,Home,1,Semi-Private,1,5.0
703539,100988,2048,6,2025-04-03,2025-04-06,Urgent,Home,11,Private,0,3.7
703540,101849,2012,5,2021-04-15,2021-04-25,Emergency,Home,9,General,1,4.8
703541,101258,2061,7,2021-05-06,2021-05-16,Emergency,Home,6,Semi-Private,0,3.4
703542,101453,2002,3,2023-10-03,2023-10-11,Emergency,Home,2,Private,1,3.7
703543,100831,2080,5,2021-03-26,2021-03-31,Elective,Transferred,10,Semi-Private,0,4.3
703544,101318,2065,2,2024-05-14,2024-05-22,Emergency,Home,7,General,0,4.5
703545,101372,2052,11,2024-06-20,2024-06-29,Urgent,Home,10,Private,0,3.8
703546,100876,2034,9,2023-03-10,2023-03-12,Urgent,Home,14,General,0,4.2
703547,100361,2045,9,2024-03-04,2024-03-17,Urgent,Expired,6,Semi-Private,0,3.9
703548,101899,2001,4,2025-03-02,2025-03-09,Elective,Home,11,Semi-Private,0,4.6
703549,100358,2052,2,2022-02-21,2022-03-06,Urgent,Home,6,General,0,3.9
703550,101407,2067,10,2022-12-09,2022-12-22,Emergency,Expired,8,Semi-Private,1,3.8
703551,100064,2076,8,2025-04-20,2025-05-04,Elective,Home,10,General,0,4.7
703552,101420,2056,4,2022-05-20,2022-06-03,Emergency,Home,13,Semi-Private,0,4.2
703553,102229,2058,5,2025-09-14,2025-09-26,Urgent,Transferred,3,General,0,4.5
703554,102237,2050,4,2021-03-20,2021-03-22,Emergency,Home,10,General,0,5.0
703555,101516,2025,2,2025-10-08,2025-10-22,Elective,Home,2,General,0,2.5
703556,100580,2012,6,2024-07-20,2024-07-27,Elective,Home,14,Semi-Private,0,3.2
703557,102218,2073,1,2022-03-28,2022-04-08,Elective,Transferred,9,General,0,3.3
703558,100322,2065,12,2022-04-17,2022-04-30,Emergency,Transferred,5,Private,0,3.4
703559,101196,2056,8,2025-07-16,2025-07-19,Elective,Home,13,Private,1,5.0
703560,102332,2050,11,2022-07-30,2022-08-07,Elective,Home,6,General,0,2.0
703561,102414,2028,1,2024-03-31,2024-04-04,Emergency,Home,11,Private,0,4.4
703562,102159,2003,5,2022-09-12,2022-09-21,Elective,Home,7,General,0,2.9
703563,102126,2038,9,2025-07-23,2025-08-04,Urgent,Rehab,13,Semi-Private,0,4.0
703564,102301,2064,1,2024-02-08,2024-02-12,Urgent,Transferred,2,General,0,4.2
703565,102284,2054,10,2021-02-07,2021-02-09,Emergency,Home,11,Semi-Private,0,4.7
703566,102141,2036,7,2025-01-16,2025-01-29,Emergency,Home,6,Private,0,3.8
703567,101839,2044,7,2021-12-26,2021-12-30,Emergency,Transferred,12,Private,0,3.9
703568,100222,2044,5,2024-11-30,2024-12-05,Elective,Home,1,General,0,2.5
703569,100896,2069,4,2021-10-20,2021-10-28,Urgent,Home,9,General,0,5.0
703570,101514,2053,9,2023-07-30,2023-08-02,Urgent,Home,12,Private,0,4.2
703571,101818,2013,5,2025-03-06,2025-03-15,Urgent,Home,6,General,0,4.3
703572,100985,2044,1,2024-11-25,2024-12-04,Elective,Home,11,General,0,4.8
703573,101633,2004,9,2021-04-10,2021-04-21,Elective,Home,7,General,0,3.9
703574,102300,2070,11,2024-04-15,2024-04-25,Emergency,Home,12,General,0,4.3
703575,102044,2051,12,2022-11-16,2022-11-19,Emergency,Home,5,General,0,4.5
703576,102190,2070,5,2024-11-12,2024-11-20,Urgent,Home,2,ICU,0,2.9
703577,102359,2011,9,2024-11-15,2024-11-21,Elective,Home,4,Private,1,4.4
703578,101409,2054,11,2022-04-15,2022-04-26,Elective,Home,12,Semi-Private,0,5.0
703579,100582,2062,11,2023-07-12,2023-07-18,Emergency,Home,5,General,0,5.0
703580,101336,2059,8,2023-10-31,2023-11-02,Emergency,Home,11,General,0,5.0
703581,102394,2061,12,2022-06-04,2022-06-12,Elective,Rehab,10,Private,0,5.0
703582,100302,2040,10,2022-09-04,2022-09-11,Urgent,Home,2,Semi-Private,0,3.1
703583,101788,2004,7,2024-10-23,2024-10-25,Emergency,Home,9,Private,0,3.6
703584,102295,2027,11,2021-10-18,2021-10-22,Emergency,Home,2,Private,0,3.3
703585,101948,2016,12,2021-09-20,2021-09-25,Elective,Transferred,2,General,1,5.0
703586,101373,2007,6,2022-01-18,2022-01-27,Emergency,Home,2,ICU,0,4.2
703587,100791,2011,9,2022-07-19,2022-07-29,Emergency,Home,2,Private,0,2.9
703588,100912,2072,12,2025-05-31,2025-06-14,Emergency,Rehab,5,General,0,3.2
703589,101376,2064,4,2025-03-03,2025-03-05,Elective,Home,14,General,0,4.1
703590,102202,2052,5,2022-11-11,2022-11-23,Elective,Rehab,7,General,0,3.0
703591,101534,2006,12,2023-01-09,2023-01-21,Urgent,Transferred,1,General,0,5.0
703592,101953,2048,1,2021-10-05,2021-10-12,Elective,Home,14,Semi-Private,0,4.6
703593,100595,2069,7,2024-02-05,2024-02-10,Elective,Home,12,General,0,4.2
703594,101591,2006,6,2024-02-29,2024-03-02,Emergency,Home,9,General,1,3.2
703595,100062,2061,11,2022-03-04,2022-03-14,Elective,Home,11,Private,0,3.0
703596,101166,2066,7,2025-11-29,2025-12-11,Elective,Home,14,Private,0,4.3
703597,100466,2073,1,2025-07-25,2025-07-28,Emergency,Home,6,Private,0,4.1
703598,101173,2079,7,2025-12-09,2025-12-14,Elective,Home,12,Private,0,3.0
703599,102359,2053,7,2021-06-15,2021-06-25,Emergency,Home,1,General,1,4.0
703600,100816,2028,8,2022-10-15,2022-10-16,Elective,Home,1,Private,0,4.0
703601,102151,2005,2,2021-06-04,2021-06-11,Elective,Home,9,ICU,0,4.6
703602,102076,2058,1,2021-02-09,2021-02-10,Elective,Home,9,Semi-Private,0,5.0
703603,100508,2024,12,2022-07-15,2022-07-21,Urgent,Home,1,General,0,2.4
703604,102182,2031,1,2021-07-24,2021-08-05,Urgent,Home,14,Semi-Private,0,4.6
703605,100059,2041,8,2024-01-07,2024-01-13,Urgent,Home,1,General,0,3.5
703606,102118,2068,7,2025-06-12,2025-06-13,Urgent,Home,5,General,0,4.3
703607,101959,2046,9,2021-11-06,2021-11-18,Emergency,Home,5,Semi-Private,1,4.1
703608,100185,2010,2,2025-12-15,2025-12-22,Emergency,Transferred,7,General,0,4.4
703609,101498,2037,4,2025-06-30,2025-07-08,Emergency,Home,4,Semi-Private,0,3.1
703610,101681,2021,8,2023-05-24,2023-05-27,Emergency,Rehab,10,General,1,4.7
703611,102216,2021,6,2023-04-07,2023-04-19,Emergency,Home,1,Semi-Private,0,4.0
703612,100578,2080,2,2022-02-26,2022-03-08,Urgent,Home,6,General,1,
703613,101148,2010,10,2025-12-07,2025-12-08,Elective,Home,10,Semi-Private,0,5.0
703614,101237,2024,2,2024-06-18,2024-06-20,Elective,Home,13,General,0,4.2
703615,100182,2012,7,2022-07-28,2022-07-29,Emergency,Rehab,3,General,1,4.7
703616,100071,2020,9,2025-04-25,2025-05-04,Elective,Home,7,Semi-Private,0,4.7
703617,100556,2070,8,2021-08-08,2021-08-12,Urgent,Home,14,Semi-Private,0,5.0
703618,100852,2008,2,2025-11-05,2025-11-12,Emergency,Home,1,Semi-Private,0,4.9
703619,101219,2078,3,2024-08-07,2024-08-12,Urgent,Home,14,General,0,3.1
703620,101316,2005,8,2025-01-30,2025-02-08,Emergency,Home,4,Semi-Private,1,4.2
703621,101081,2054,4,2023-12-25,2024-01-03,Urgent,Transferred,10,Semi-Private,0,3.0
703622,101913,2036,6,2024-03-25,2024-03-31,Emergency,Expired,12,General,0,3.6
703623,101324,2038,12,2021-07-20,2021-07-25,Elective,Home,9,Private,0,3.6
703624,102366,2003,2,2023-11-13,2023-11-23,Urgent,Home,15,General,0,4.4
703625,100829,2036,1,2025-03-25,2025-03-26,Elective,Transferred,10,General,0,3.8
703626,102142,2022,6,2024-06-28,2024-07-02,Elective,Home,14,Semi-Private,0,3.9
703627,100267,2008,8,2025-12-29,2026-01-03,Elective,Home,6,General,0,4.7
703628,101400,2061,5,2023-08-27,2023-09-09,Emergency,Home,2,General,0,4.7
703629,100614,2078,1,2022-08-13,2022-08-27,Emergency,Rehab,6,General,0,4.2
703630,101401,2007,10,2024-10-29,2024-11-07,Emergency,Home,9,Semi-Private,0,4.6
703631,100578,2068,2,2023-10-26,2023-10-28,Emergency,Home,11,General,0,4.5
703632,100632,2062,3,2023-01-15,2023-01-17,Urgent,Home,1,General,0,5.0
703633,102327,2019,12,2022-12-24,2022-12-27,Urgent,Home,12,Semi-Private,0,3.8
703634,101457,2047,2,2022-07-29,2022-08-01,Emergency,Rehab,5,Semi-Private,0,3.4
703635,102290,2024,9,2025-09-07,2025-09-19,Urgent,Home,13,General,1,4.2
703636,102035,2080,10,2021-09-03,2021-09-10,Emergency,Home,8,ICU,1,3.3
703637,101246,2006,2,2022-01-09,2022-01-23,Emergency,Home,15,Semi-Private,0,3.7
703638,100985,2008,3,2021-08-22,2021-08-23,Elective,Home,13,Semi-Private,0,4.3
703639,100004,2025,9,2022-04-20,2022-04-22,Emergency,Home,7,Semi-Private,0,3.6
703640,102368,2074,11,2023-02-20,2023-03-03,Emergency,Home,10,General,0,3.8
703641,101345,2041,3,2023-07-14,2023-07-15,Elective,Home,2,Private,0,3.8
703642,101032,2058,8,2023-02-11,2023-02-25,Urgent,Home,8,Semi-Private,0,3.7
703643,101076,2060,8,2025-11-21,2025-11-30,Elective,Transferred,9,General,0,3.2
703644,101024,2003,11,2023-04-04,2023-04-14,Emergency,Home,10,Semi-Private,0,4.8
703645,101166,2009,3,2025-04-13,2025-04-22,Emergency,Transferred,14,General,0,5.0
703646,100779,2052,10,2024-02-27,2024-03-11,Elective,Home,8,Private,0,4.7
703647,100280,2058,12,2022-12-31,2023-01-03,Elective,Home,12,General,0,4.7
703648,101112,2060,10,2023-04-29,2023-05-11,Urgent,Home,6,Private,0,3.7
703649,101184,2049,3,2025-10-31,2025-11-03,Urgent,Home,9,Semi-Private,0,4.1
703650,100985,2005,8,2024-06-30,2024-07-01,Urgent,Home,8,General,0,3.4
703651,102076,2062,3,2021-01-06,2021-01-11,Elective,Rehab,4,Private,1,3.9
703652,100810,2032,4,2021-01-28,2021-01-31,Elective,Expired,13,Private,1,4.0
703653,100272,2027,5,2025-08-11,2025-08-13,Elective,Home,15,Semi-Private,0,3.0
703654,101124,2024,7,2025-07-13,2025-07-26,Elective,Home,12,Private,0,4.1
703655,101228,2038,1,2021-06-26,2021-07-10,Emergency,Home,6,General,1,3.6
703656,100190,2067,8,2024-11-15,2024-11-18,Elective,Home,5,Private,0,4.2
703657,100546,2016,3,2021-10-09,2021-10-17,Emergency,Transferred,10,Private,0,3.8
703658,102342,2015,7,2023-09-21,2023-09-29,Urgent,Home,9,Semi-Private,0,4.3
703659,102004,2025,11,2025-12-04,2025-12-05,Emergency,Home,11,General,0,4.5
703660,100848,2072,10,2024-09-22,2024-09-24,Urgent,Transferred,15,General,0,3.1
703661,101368,2004,11,2022-09-05,2022-09-06,Emergency,Rehab,4,Semi-Private,1,3.8
703662,100771,2032,3,2025-10-28,2025-11-05,Elective,Home,1,Private,0,3.5
703663,100769,2045,9,2025-12-15,2025-12-29,Emergency,Home,14,Semi-Private,0,4.9
703664,102101,2056,10,2022-10-07,2022-10-08,Elective,Rehab,11,General,0,5.0
703665,101071,2035,5,2022-08-31,2022-09-06,Emergency,Home,9,Private,0,4.0
703666,101011,2053,3,2023-03-24,2023-04-03,Elective,Transferred,11,General,0,4.3
703667,100703,2030,3,2025-05-26,2025-06-08,Emergency,Home,9,Private,0,2.9
703668,100465,2049,4,2021-05-20,2021-05-31,Elective,Home,7,Semi-Private,0,4.2
703669,100917,2052,5,2021-12-30,2022-01-07,Urgent,Home,5,Semi-Private,0,3.8
703670,101453,2002,5,2025-01-16,2025-01-29,Elective,Home,11,Semi-Private,0,5.0
703671,102031,2059,8,2024-09-01,2024-09-09,Emergency,Rehab,7,Private,0,3.8
703672,100194,2037,10,2024-10-28,2024-11-04,Elective,Home,9,Private,0,3.4
703673,100066,2029,6,2025-04-29,2025-05-07,Urgent,Rehab,3,Private,0,3.0
703674,101726,2030,5,2025-01-20,2025-01-28,Elective,Home,5,Private,0,4.1
703675,100601,2022,2,2022-07-16,2022-07-30,Emergency,Home,3,Semi-Private,0,3.6
703676,101500,2075,5,2024-12-16,2024-12-26,Emergency,Home,8,General,0,4.9
703677,101712,2019,7,2022-04-16,2022-04-30,Elective,Home,11,General,0,4.5
703678,101905,2067,11,2025-03-19,2025-03-22,Emergency,Home,1,Private,0,3.9
703679,100476,2018,3,2023-04-06,2023-04-08,Elective,Home,4,Semi-Private,0,4.5
703680,100887,2065,12,2022-01-03,2022-01-15,Elective,Home,7,Semi-Private,0,5.0
703681,100082,2005,7,2024-09-07,2024-09-11,Emergency,Transferred,15,General,1,3.1
703682,101961,2076,1,2023-02-17,2023-02-22,Elective,Home,13,General,0,3.5
703683,100044,2011,6,2025-02-22,2025-02-24,Urgent,Home,14,Semi-Private,0,5.0
703684,101502,2058,1,2021-02-26,2021-03-09,Emergency,Home,9,General,0,3.4
703685,100610,2018,7,2024-09-06,2024-09-14,Emergency,Home,10,General,0,4.5
703686,101889,2072,6,2021-12-19,2021-12-27,Elective,Rehab,11,General,0,4.9
703687,101353,2056,10,2024-09-22,2024-10-05,Emergency,Home,2,ICU,0,4.0
703688,101438,2022,11,2023-01-27,2023-02-08,Urgent,Rehab,14,General,0,4.5
703689,101788,2056,1,2024-07-05,2024-07-09,Urgent,Home,9,Private,1,3.8
703690,100720,2066,9,2022-08-26,2022-09-07,Urgent,Home,14,Semi-Private,0,5.0
703691,100691,2023,5,2022-04-19,2022-04-24,Elective,Transferred,6,Private,0,3.7
703692,101946,2016,11,2024-12-24,2025-01-04,Elective,Transferred,7,General,0,3.3
703693,100110,2044,7,2021-11-25,2021-12-07,Urgent,Home,4,General,0,4.7
703694,100219,2072,12,2021-01-21,2021-01-26,Emergency,Home,5,Semi-Private,0,4.5
703695,100463,2068,1,2024-11-28,2024-12-03,Emergency,Home,1,Semi-Private,1,4.1
703696,100515,2014,11,2021-09-23,2021-10-02,Emergency,Home,4,General,0,4.0
703697,100637,2009,11,2023-04-22,2023-05-01,Urgent,Home,8,General,0,3.6
703698,101217,2075,8,2022-11-22,2022-12-06,Elective,Home,6,General,0,3.4
703699,100627,2016,8,2021-05-12,2021-05-23,Elective,Transferred,7,General,0,3.5
703700,100070,2013,9,2022-05-01,2022-05-05,Elective,Home,1,Private,0,4.2
703701,101518,2036,2,2022-05-25,2022-05-26,Elective,Home,7,General,0,3.8
703702,102145,2044,6,2021-02-11,2021-02-19,Emergency,Rehab,6,Semi-Private,0,2.9
703703,101851,2014,10,2021-03-01,2021-03-12,Elective,Home,4,Private,0,3.7
703704,100224,2017,5,2022-09-17,2022-09-18,Elective,Home,2,Private,0,3.8
703705,101866,2065,6,2022-06-28,2022-07-05,Elective,Home,12,General,0,4.4
703706,101635,2054,5,2021-04-24,2021-05-06,Elective,Transferred,13,General,0,4.2
703707,101806,2002,11,2022-01-11,2022-01-24,Elective,Home,2,Semi-Private,0,5.0
703708,101780,2017,1,2025-12-10,2025-12-14,Urgent,Transferred,7,General,0,3.3
703709,101062,2023,2,2022-12-18,2022-12-19,Elective,Home,3,Semi-Private,0,4.4
703710,100769,2001,3,2024-06-29,2024-07-03,Elective,Home,2,Private,0,4.5
703711,101876,2012,7,2023-12-07,2023-12-14,Elective,Home,10,General,0,4.2
703712,101669,2013,10,2024-03-18,2024-03-31,Urgent,Home,3,General,0,3.8
703713,100992,2078,9,2022-09-15,2022-09-23,Elective,Home,10,General,0,3.5
703714,101729,2074,2,2022-05-19,2022-05-21,Emergency,Home,2,Semi-Private,0,4.0
703715,102029,2012,12,2023-04-25,2023-05-08,Emergency,Home,14,General,0,2.7
703716,101530,2057,10,2021-11-23,2021-12-02,Emergency,Transferred,11,Semi-Private,0,3.3
703717,100489,2018,1,2025-05-12,2025-05-17,Emergency,Home,14,Private,0,3.3
703718,100057,2015,1,2023-05-29,2023-06-12,Elective,Home,3,General,0,4.4
703719,100512,2039,4,2022-02-05,2022-02-16,Urgent,Home,5,Semi-Private,0,4.5
703720,102152,2078,9,2022-06-09,2022-06-21,Elective,Home,10,Semi-Private,0,3.2
703721,102108,2073,4,2025-10-24,2025-11-07,Emergency,Home,10,General,0,3.0
703722,101602,2069,3,2024-06-19,2024-06-27,Emergency,Home,10,General,0,2.9
703723,100735,2033,10,2022-12-10,2022-12-12,Elective,Home,5,Semi-Private,0,4.7
703724,101583,2048,8,2024-02-20,2024-02-22,Elective,Transferred,14,ICU,0,4.7
703725,100371,2005,9,2024-10-28,2024-11-01,Urgent,Home,7,Semi-Private,0,4.5
703726,102074,2008,5,2022-03-30,2022-04-03,Urgent,Home,10,General,0,5.0
703727,102441,2019,2,2024-03-14,2024-03-17,Urgent,Home,11,Private,0,5.0
703728,101843,2052,4,2024-05-29,2024-06-03,Elective,Home,3,Semi-Private,0,3.3
703729,100606,2012,10,2022-09-09,2022-09-11,Elective,Home,11,Private,0,3.7
703730,100110,2072,8,2022-12-04,2022-12-05,Emergency,Home,3,Private,0,4.6
703731,100773,2008,2,2023-12-26,2024-01-07,Emergency,Home,7,General,1,1.9
703732,102302,2055,9,2022-08-30,2022-09-03,Emergency,Rehab,14,Semi-Private,0,3.8
703733,101831,2034,11,2021-10-20,2021-10-26,Emergency,Rehab,6,Semi-Private,0,4.7
703734,101860,2065,12,2024-09-24,2024-10-08,Emergency,Home,6,Private,0,3.7
703735,101828,2075,5,2022-03-31,2022-04-06,Urgent,Home,4,Private,0,4.5
703736,100917,2047,12,2021-04-01,2021-04-03,Elective,Home,11,General,0,2.5
703737,100597,2035,7,2021-08-16,2021-08-22,Urgent,Home,13,Private,0,4.2
703738,101238,2032,5,2023-07-21,2023-07-25,Urgent,Home,14,General,0,
703739,102161,2051,3,2025-02-20,2025-03-02,Urgent,Home,14,General,0,3.8
703740,101336,2080,2,2021-12-31,2022-01-01,Urgent,Home,4,Semi-Private,0,3.3
703741,100955,2006,3,2021-09-27,2021-09-28,Elective,Home,14,Semi-Private,0,5.0
703742,101125,2009,2,2022-01-19,2022-01-21,Elective,Home,15,Private,0,4.1
703743,100762,2040,2,2024-09-05,2024-09-09,Elective,Home,2,Semi-Private,0,4.1
703744,100938,2048,2,2023-11-25,2023-12-03,Urgent,Home,11,General,1,5.0
703745,102132,2072,12,2024-10-19,2024-10-22,Urgent,Home,6,General,0,3.3
703746,100719,2026,11,2025-10-01,2025-10-12,Urgent,Rehab,10,General,0,4.1
703747,101954,2037,2,2023-04-27,2023-05-02,Elective,Home,11,Private,0,3.5
703748,100949,2052,8,2025-10-07,2025-10-10,Elective,Home,3,Private,0,3.5
703749,100302,2012,5,2024-06-14,2024-06-22,Urgent,Home,6,Semi-Private,0,4.2
703750,101241,2038,9,2023-08-13,2023-08-27,Urgent,Home,15,General,0,3.8
703751,102140,2068,11,2021-12-03,2021-12-07,Elective,Home,12,General,0,5.0
703752,101476,2016,12,2022-07-15,2022-07-26,Elective,Home,3,Private,0,5.0
703753,100614,2061,5,2025-02-01,2025-02-09,Urgent,Home,3,General,0,3.9
703754,102119,2024,1,2024-06-17,2024-06-30,Elective,Home,1,Semi-Private,0,2.8
703755,101549,2078,8,2023-08-07,2023-08-15,Urgent,Transferred,15,General,1,3.8
703756,101425,2017,3,2023-10-29,2023-11-07,Emergency,Home,15,Private,0,4.8
703757,100669,2004,10,2025-08-18,2025-08-20,Elective,Transferred,13,General,0,3.3
703758,102129,2050,11,2023-08-08,2023-08-19,Elective,Rehab,15,General,1,5.0
703759,100218,2003,10,2022-05-02,2022-05-12,Elective,Rehab,5,General,0,4.4
703760,100749,2008,2,2021-09-29,2021-10-06,Emergency,Home,2,General,0,3.1
703761,100125,2012,6,2024-03-22,2024-04-01,Emergency,Transferred,10,Semi-Private,0,3.5
703762,100201,2035,4,2023-11-28,2023-12-12,Urgent,Home,12,General,0,3.6
703763,101044,2066,4,2022-12-04,2022-12-18,Emergency,Home,2,Semi-Private,0,3.4
703764,100722,2053,9,2024-02-08,2024-02-09,Emergency,Transferred,15,Semi-Private,0,3.1
703765,100952,2033,10,2021-04-27,2021-05-10,Elective,Home,9,General,0,3.6
703766,101882,2018,12,2021-10-26,2021-10-30,Emergency,Home,2,General,0,3.7
703767,102228,2058,8,2022-02-14,2022-02-18,Urgent,Home,11,General,0,5.0
703768,101433,2078,3,2021-09-24,2021-09-28,Emergency,Home,2,General,0,4.3
703769,101086,2045,9,2021-05-30,2021-06-06,Elective,Transferred,6,Private,0,4.4
703770,102321,2015,1,2025-03-01,2025-03-14,Elective,Home,10,General,0,4.3
703771,101777,2015,12,2021-12-11,2021-12-25,Urgent,Home,11,Private,0,3.4
703772,100699,2045,7,2022-07-19,2022-07-24,Emergency,Rehab,1,Private,1,4.9
703773,100622,2068,7,2024-04-17,2024-04-22,Emergency,Home,8,Semi-Private,0,3.7
703774,100986,2069,12,2024-10-11,2024-10-14,Urgent,Rehab,13,Private,0,3.7
703775,100460,2067,2,2022-12-03,2022-12-13,Elective,Home,1,Semi-Private,0,4.3
703776,101085,2076,7,2025-03-29,2025-04-03,Elective,Home,9,Private,0,5.0
703777,100300,2062,7,2023-02-03,2023-02-08,Emergency,Home,4,Semi-Private,0,3.6
703778,101276,2044,9,2022-01-05,2022-01-13,Elective,Home,12,Semi-Private,0,2.8
703779,101431,2020,6,2022-08-29,2022-09-09,Emergency,Home,15,General,0,4.2
703780,101280,2039,10,2025-09-01,2025-09-03,Emergency,Home,3,General,0,4.5
703781,102389,2039,11,2021-10-18,2021-11-01,Elective,Home,7,General,0,3.7
703782,101830,2001,10,2022-07-05,2022-07-19,Urgent,Home,8,General,0,3.6
703783,101822,2067,9,2024-03-28,2024-04-05,Emergency,Home,12,General,0,3.0
703784,102451,2047,3,2023-07-28,2023-08-01,Emergency,Home,14,General,0,4.3
703785,102336,2073,8,2021-02-16,2021-02-25,Emergency,Rehab,5,Semi-Private,0,5.0
703786,100989,2054,4,2024-02-12,2024-02-20,Elective,Home,3,General,0,5.0
703787,100214,2020,11,2025-02-03,2025-02-08,Elective,Home,14,General,0,4.2
703788,100532,2009,1,2024-08-11,2024-08-16,Emergency,Home,4,General,0,3.7
703789,101600,2028,7,2021-07-05,2021-07-14,Urgent,Home,10,Private,0,4.3
703790,101985,2064,3,2023-01-27,2023-02-09,Emergency,Home,6,Private,0,3.8
703791,102259,2035,4,2022-07-27,2022-08-10,Emergency,Home,12,Semi-Private,0,3.5
703792,102219,2040,3,2023-09-23,2023-09-28,Emergency,Home,5,Private,0,4.1
703793,100538,2002,6,2023-09-24,2023-10-07,Emergency,Home,4,General,0,5.0
703794,101287,2003,10,2025-11-20,2025-11-29,Emergency,Home,3,General,0,3.9
703795,100676,2014,1,2024-09-16,2024-09-22,Emergency,Transferred,6,General,0,3.8
703796,100390,2068,10,2023-12-20,2023-12-31,Elective,Transferred,7,General,0,3.8
703797,102469,2047,7,2022-08-26,2022-09-06,Emergency,Home,2,Semi-Private,0,4.6
703798,102110,2054,10,2023-10-20,2023-10-21,Emergency,Home,6,General,0,4.6
703799,102134,2058,8,2021-07-03,2021-07-14,Emergency,Rehab,3,General,0,3.2
703800,101609,2062,3,2025-10-12,2025-10-24,Emergency,Transferred,10,Semi-Private,0,3.9
703801,102108,2051,9,2022-04-30,2022-05-12,Emergency,Transferred,8,General,0,4.8
703802,100320,2078,2,2021-02-25,2021-03-05,Emergency,Home,14,ICU,0,3.7
703803,100690,2048,10,2023-11-20,2023-12-04,Urgent,Home,2,Semi-Private,0,5.0
703804,102100,2027,11,2025-11-09,2025-11-10,Elective,Home,5,Semi-Private,1,4.5
703805,100657,2077,10,2023-01-10,2023-01-12,Elective,Home,14,General,0,5.0
703806,100828,2055,9,2024-08-04,2024-08-10,Urgent,Home,8,General,0,3.8
703807,101101,2049,12,2025-01-13,2025-01-18,Elective,Home,9,General,0,4.5
703808,100119,2024,5,2024-10-17,2024-10-19,Elective,Expired,13,General,0,4.5
703809,101206,2010,6,2021-07-31,2021-08-13,Elective,Home,7,General,0,4.8
703810,100506,2007,2,2022-03-30,2022-04-05,Elective,Home,9,General,0,4.3
703811,102201,2017,5,2025-04-07,2025-04-14,Urgent,Rehab,14,Semi-Private,0,4.8
703812,101042,2022,6,2025-06-15,2025-06-18,Emergency,Home,9,General,0,3.5
703813,100497,2059,5,2021-06-20,2021-07-01,Emergency,Home,15,Semi-Private,0,4.0
703814,101772,2044,4,2023-09-29,2023-10-07,Emergency,Home,8,Private,0,2.9
703815,100079,2011,8,2025-04-25,2025-04-29,Urgent,Rehab,7,Semi-Private,0,3.8
703816,100059,2042,2,2022-05-09,2022-05-19,Elective,Home,6,Semi-Private,0,3.4
703817,101435,2023,1,2025-02-04,2025-02-13,Urgent,Home,13,General,0,4.2
703818,101654,2060,2,2023-10-01,2023-10-08,Emergency,Transferred,12,Private,0,4.7
703819,101773,2062,11,2025-12-04,2025-12-17,Elective,Home,13,Semi-Private,0,4.4
703820,101863,2054,4,2024-04-26,2024-04-29,Elective,Home,11,Semi-Private,0,4.6
703821,101707,2013,1,2025-06-06,2025-06-20,Elective,Home,3,Private,0,4.1
703822,101512,2068,9,2024-04-11,2024-04-16,Elective,Transferred,8,General,0,3.9
703823,100244,2027,1,2023-01-05,2023-01-14,Emergency,Home,3,General,0,3.1
703824,102256,2040,5,2021-09-11,2021-09-24,Elective,Home,15,Private,0,2.6
703825,101111,2074,8,2024-10-19,2024-10-31,Emergency,Home,11,Semi-Private,1,2.9
703826,101675,2075,9,2022-09-02,2022-09-11,Elective,Home,9,Semi-Private,0,3.5
703827,101978,2010,9,2023-08-18,2023-08-26,Elective,Home,9,General,0,4.7
703828,100039,2015,8,2024-03-14,2024-03-22,Urgent,Home,13,Semi-Private,0,3.1
703829,101616,2045,6,2024-02-02,2024-02-11,Urgent,Home,10,Private,0,3.4
703830,100020,2053,6,2021-07-11,2021-07-16,Elective,Transferred,10,Private,0,3.6
703831,100221,2007,12,2021-08-28,2021-09-10,Emergency,Home,14,General,0,5.0
703832,101873,2030,9,2021-05-17,2021-05-28,Urgent,Home,9,Semi-Private,1,4.0
703833,102323,2078,2,2023-05-26,2023-06-08,Emergency,Home,4,Private,0,4.1
703834,100251,2030,3,2025-08-15,2025-08-24,Elective,Home,9,General,0,4.3
703835,100212,2027,6,2023-04-04,2023-04-10,Emergency,Transferred,12,Semi-Private,1,5.0
703836,100419,2049,8,2023-01-23,2023-02-05,Emergency,Home,2,General,1,4.1
703837,101196,2057,7,2024-07-28,2024-08-11,Elective,Home,1,Private,1,2.7
703838,100507,2064,8,2023-09-05,2023-09-11,Emergency,Transferred,8,General,0,4.1
703839,100646,2063,5,2023-03-27,2023-04-07,Urgent,Home,15,General,0,5.0
703840,101652,2048,9,2024-03-23,2024-04-02,Elective,Transferred,6,General,0,4.5
703841,100869,2041,6,2021-04-10,2021-04-24,Elective,Home,13,Semi-Private,0,4.2
703842,100492,2030,12,2023-05-11,2023-05-23,Emergency,Home,11,Semi-Private,0,
703843,102343,2003,10,2021-11-02,2021-11-08,Emergency,Home,10,Private,1,2.6
703844,101170,2037,2,2025-04-20,2025-04-27,Elective,Home,9,General,0,2.5
703845,101262,2030,6,2024-07-19,2024-07-28,Elective,Home,9,General,0,4.7
703846,100740,2054,11,2025-05-09,2025-05-12,Elective,Home,3,Private,0,5.0
703847,101791,2007,4,2023-12-03,2023-12-15,Emergency,Home,2,Private,0,3.5
703848,100424,2008,5,2023-01-23,2023-02-05,Elective,Transferred,13,General,0,4.1
703849,100292,2063,5,2021-08-15,2021-08-21,Elective,Home,7,Semi-Private,0,4.5
703850,102204,2063,1,2021-01-21,2021-02-03,Elective,Rehab,5,General,0,5.0
703851,101984,2064,10,2022-03-13,2022-03-23,Elective,Home,13,Semi-Private,0,3.9
703852,102398,2030,5,2022-02-04,2022-02-09,Urgent,Home,10,General,0,4.6
703853,101958,2010,10,2025-11-25,2025-11-29,Elective,Home,6,Private,0,5.0
703854,100243,2069,11,2021-08-19,2021-08-27,Emergency,Rehab,5,Semi-Private,0,3.8
703855,101231,2049,9,2024-02-01,2024-02-04,Elective,Home,4,General,0,4.0
703856,101790,2039,8,2022-05-22,2022-05-24,Elective,Home,1,Semi-Private,1,3.2
703857,102306,2034,8,2022-04-11,2022-04-15,Emergency,Home,4,General,0,3.2
703858,100585,2010,3,2023-08-02,2023-08-05,Elective,Home,10,Semi-Private,0,4.7
703859,102083,2009,9,2024-08-01,2024-08-08,Elective,Rehab,13,General,1,4.9
703860,102478,2060,9,2023-03-02,2023-03-14,Elective,Home,13,Semi-Private,0,4.9
703861,101343,2005,10,2023-06-11,2023-06-24,Urgent,Home,13,General,0,3.2
703862,100095,2035,7,2024-10-26,2024-10-30,Urgent,Home,3,General,0,3.8
703863,102268,2011,6,2025-07-26,2025-08-05,Emergency,Transferred,3,Private,0,4.4
703864,100301,2042,9,2023-10-07,2023-10-19,Elective,Transferred,14,Semi-Private,0,2.3
703865,101661,2080,11,2021-08-08,2021-08-17,Elective,Home,5,Semi-Private,0,4.3
703866,101209,2020,6,2024-03-27,2024-04-09,Emergency,Home,1,General,0,5.0
703867,102448,2051,3,2024-03-02,2024-03-14,Emergency,Home,11,Semi-Private,1,4.9
703868,100690,2001,6,2023-11-08,2023-11-19,Emergency,Home,6,General,0,2.2
703869,101166,2011,11,2024-05-25,2024-05-30,Emergency,Home,2,Private,0,4.3
703870,100993,2061,2,2024-07-29,2024-08-12,Urgent,Home,13,Private,1,4.2
703871,102182,2079,2,2022-10-18,2022-10-21,Emergency,Transferred,1,General,0,4.2
703872,100661,2039,12,2021-02-12,2021-02-14,Emergency,Home,11,Semi-Private,0,4.1
703873,101930,2048,7,2023-04-22,2023-04-28,Emergency,Home,8,Semi-Private,0,3.8
703874,101926,2028,8,2022-04-30,2022-05-14,Elective,Home,15,General,0,2.3
703875,102306,2075,7,2022-03-18,2022-03-24,Emergency,Home,10,General,0,4.2
703876,101063,2080,5,2024-06-02,2024-06-03,Emergency,Home,15,Private,0,4.5
703877,100305,2036,4,2023-01-17,2023-01-24,Emergency,Home,3,Private,0,3.6
703878,101848,2070,8,2025-12-20,2026-01-01,Emergency,Expired,14,General,0,4.9
703879,100526,2062,12,2021-05-19,2021-05-24,Emergency,Expired,6,Semi-Private,0,2.8
703880,100407,2070,9,2022-05-01,2022-05-08,Elective,Home,2,Semi-Private,0,2.7
703881,101383,2010,7,2022-12-15,2022-12-27,Emergency,Home,5,General,0,4.1
703882,100886,2005,1,2022-01-27,2022-01-31,Emergency,Rehab,9,Semi-Private,0,3.5
703883,102426,2028,4,2023-01-26,2023-01-31,Emergency,Transferred,7,Semi-Private,0,4.7
703884,100873,2059,4,2022-04-23,2022-04-30,Urgent,Home,4,Private,0,3.7
703885,101971,2009,10,2024-06-01,2024-06-07,Emergency,Transferred,3,General,0,5.0
703886,100990,2039,3,2022-06-18,2022-07-02,Urgent,Home,15,General,0,3.5
703887,101305,2062,4,2023-01-09,2023-01-10,Urgent,Home,9,Private,0,4.1
703888,101589,2038,9,2022-11-05,2022-11-06,Elective,Home,4,Private,1,2.5
703889,100011,2024,1,2022-04-14,2022-04-16,Elective,Home,5,Semi-Private,0,4.0
703890,101988,2064,2,2022-09-17,2022-09-30,Elective,Home,6,Semi-Private,0,4.1
703891,100973,2043,7,2023-02-07,2023-02-20,Elective,Home,10,Semi-Private,0,4.9
703892,100009,2016,9,2024-03-14,2024-03-25,Elective,Transferred,5,Semi-Private,0,2.9
703893,100028,2066,7,2025-07-17,2025-07-28,Elective,Transferred,9,Semi-Private,0,3.8
703894,100686,2066,1,2023-01-16,2023-01-19,Emergency,Home,1,Private,0,5.0
703895,100582,2069,7,2022-10-30,2022-10-31,Elective,Home,11,General,0,5.0
703896,101242,2046,6,2023-12-23,2024-01-02,Elective,Home,6,General,0,3.4
703897,101662,2021,1,2023-09-14,2023-09-16,Emergency,Home,4,General,0,3.5
703898,102051,2060,1,2023-05-24,2023-06-07,Urgent,Home,4,Private,0,2.7
703899,101211,2010,12,2022-10-31,2022-11-12,Emergency,Home,3,General,0,2.4
703900,100043,2018,2,2025-07-08,2025-07-10,Urgent,Rehab,14,General,0,3.7
703901,101635,2041,6,2025-12-23,2025-12-30,Elective,Transferred,5,Semi-Private,0,3.5
703902,101435,2036,12,2025-08-24,2025-09-04,Elective,Home,8,ICU,0,5.0
703903,100042,2066,4,2023-09-05,2023-09-18,Urgent,Home,4,General,0,4.3
703904,100730,2046,4,2025-05-04,2025-05-16,Urgent,Rehab,7,General,0,3.8
703905,101982,2023,6,2022-09-16,2022-09-22,Emergency,Home,14,Private,0,4.5
703906,100648,2039,9,2024-02-23,2024-03-03,Elective,Home,8,General,1,4.8
703907,101983,2004,1,2022-05-14,2022-05-24,Emergency,Home,15,Semi-Private,0,4.9
703908,101929,2041,2,2023-01-28,2023-02-11,Elective,Home,5,Semi-Private,1,4.2
703909,101160,2003,8,2021-09-25,2021-09-30,Urgent,Home,10,General,0,4.0
703910,101543,2053,8,2022-02-07,2022-02-10,Emergency,Home,1,Private,0,4.1
703911,100037,2074,11,2021-06-26,2021-06-27,Emergency,Home,8,General,0,4.0
703912,102020,2036,11,2021-08-28,2021-08-29,Elective,Home,10,ICU,0,3.6
703913,100823,2049,6,2025-10-25,2025-10-27,Emergency,Home,3,Private,0,4.8
703914,100579,2027,6,2025-12-18,2025-12-31,Emergency,Home,4,Semi-Private,1,3.9
703915,101021,2053,12,2021-06-06,2021-06-17,Elective,Home,10,General,1,3.2
703916,101082,2049,8,2023-09-02,2023-09-13,Elective,Home,7,General,0,4.0
703917,102203,2001,2,2025-12-26,2025-12-29,Elective,Home,9,General,0,4.5
703918,101896,2046,2,2022-06-29,2022-07-10,Elective,Home,4,Semi-Private,0,2.9
703919,102023,2062,1,2023-06-25,2023-07-05,Urgent,Home,13,Private,0,3.8
703920,100113,2077,6,2022-06-18,2022-07-02,Urgent,Home,4,Semi-Private,0,3.4
703921,101780,2066,6,2023-05-13,2023-05-27,Elective,Home,6,General,0,5.0
703922,101820,2022,6,2022-09-17,2022-10-01,Emergency,Home,9,General,0,4.1
703923,100601,2039,11,2025-06-22,2025-07-02,Emergency,Home,4,General,0,5.0
703924,100442,2044,2,2022-12-19,2022-12-24,Urgent,Home,10,Private,0,4.2
703925,100228,2002,7,2025-02-08,2025-02-15,Elective,Home,8,Semi-Private,0,4.3
703926,100874,2075,3,2022-05-22,2022-05-26,Urgent,Home,3,Private,0,4.0
703927,101146,2059,1,2023-11-19,2023-11-29,Elective,Home,2,General,0,3.8
703928,100671,2028,1,2021-06-07,2021-06-18,Urgent,Home,14,Private,0,3.9
703929,101292,2067,9,2025-11-10,2025-11-16,Emergency,Home,4,General,0,3.5
703930,100695,2014,3,2021-11-09,2021-11-15,Elective,Rehab,14,Private,0,4.0
703931,101509,2016,8,2021-09-03,2021-09-16,Elective,Home,13,General,0,2.8
703932,101028,2051,10,2021-12-29,2022-01-09,Urgent,Home,4,Semi-Private,0,4.1
703933,100121,2028,7,2022-01-26,2022-01-28,Elective,Transferred,7,Semi-Private,0,3.1
703934,100742,2053,2,2021-10-28,2021-11-03,Emergency,Home,14,Private,0,4.1
703935,101510,2052,2,2024-10-25,2024-10-30,Urgent,Home,7,General,0,4.2
703936,101243,2025,4,2021-05-22,2021-06-02,Elective,Home,9,General,1,5.0
703937,100694,2057,2,2021-09-14,2021-09-20,Emergency,Home,10,General,0,4.2
703938,100257,2009,5,2021-04-28,2021-05-02,Elective,Home,2,Private,0,3.8
703939,102091,2011,12,2025-04-13,2025-04-14,Elective,Home,4,General,0,3.5
703940,101554,2045,10,2025-02-13,2025-02-22,Elective,Home,3,Semi-Private,0,4.5
703941,101713,2002,12,2021-09-27,2021-10-11,Urgent,Home,12,Semi-Private,0,3.9
703942,100913,2054,7,2025-12-23,2025-12-26,Elective,Rehab,3,General,0,3.4
703943,100594,2034,2,2022-02-22,2022-03-08,Elective,Transferred,7,Semi-Private,0,4.1
703944,101034,2042,9,2023-03-22,2023-03-23,Emergency,Expired,12,Semi-Private,0,2.6
703945,100212,2077,1,2024-06-19,2024-07-03,Elective,Transferred,10,General,0,4.1
703946,101676,2069,2,2023-06-30,2023-07-14,Emergency,Rehab,6,General,0,3.4
703947,101962,2011,7,2021-03-27,2021-03-31,Emergency,Home,3,General,0,3.8
703948,101406,2029,12,2024-11-09,2024-11-23,Emergency,Home,8,Semi-Private,0,5.0
703949,101413,2005,5,2023-07-10,2023-07-17,Emergency,Home,15,General,1,3.6
703950,100922,2020,1,2025-10-26,2025-10-30,Emergency,Home,8,Private,0,4.6
703951,102384,2039,4,2023-01-26,2023-02-06,Elective,Transferred,7,Semi-Private,0,4.8
703952,100922,2074,8,2024-04-30,2024-05-04,Emergency,Home,9,Private,0,4.6
703953,102131,2032,5,2024-11-14,2024-11-23,Emergency,Home,14,ICU,1,4.3
703954,102040,2029,12,2023-04-19,2023-04-30,Urgent,Home,3,Private,1,3.2
703955,102200,2066,2,2023-12-27,2024-01-02,Elective,Home,5,General,0,3.5
703956,101759,2001,9,2023-04-04,2023-04-13,Emergency,Home,6,Semi-Private,0,3.1
703957,101494,2001,1,2024-02-27,2024-03-10,Emergency,Home,9,General,1,3.7
703958,100078,2004,1,2024-12-12,2024-12-24,Elective,Rehab,4,ICU,0,3.7
703959,100412,2015,10,2023-10-31,2023-11-13,Elective,Rehab,15,,0,3.3
703960,101578,2047,5,2021-11-20,2021-11-22,Emergency,Home,5,ICU,0,4.4
703961,101598,2030,9,2025-05-14,2025-05-21,Emergency,Expired,9,General,0,3.6
703962,102429,2006,6,2025-01-17,2025-01-24,Elective,Rehab,12,General,1,3.7
703963,100313,2001,5,2023-11-13,2023-11-27,Urgent,Home,11,General,0,2.8
703964,102443,2071,6,2024-05-11,2024-05-19,Urgent,Transferred,4,General,0,4.1
703965,100004,2062,6,2022-11-27,2022-12-07,Emergency,Home,15,Semi-Private,0,3.9
703966,100109,2064,9,2025-09-02,2025-09-13,Elective,Rehab,2,General,0,3.6
703967,100886,2005,9,2023-02-10,2023-02-19,Emergency,Home,9,Private,0,4.3
703968,100093,2054,5,2021-06-26,2021-07-04,Elective,Rehab,11,Semi-Private,0,4.1
703969,101123,2049,4,2025-07-28,2025-07-30,Elective,Home,12,Semi-Private,0,4.4
703970,100192,2007,1,2022-08-19,2022-08-22,Elective,Transferred,3,Semi-Private,0,4.5
703971,102381,2003,6,2023-05-02,2023-05-14,Elective,Home,11,General,0,4.5
703972,101236,2076,7,2023-01-22,2023-01-24,Elective,Home,6,General,0,5.0
703973,100627,2061,7,2025-12-29,2025-12-30,Elective,Rehab,9,General,0,4.1
703974,100573,2079,1,2022-03-08,2022-03-21,Emergency,Home,3,General,0,3.3
703975,102404,2041,6,2025-02-27,2025-03-06,Elective,Transferred,8,General,0,3.7
703976,101926,2021,8,2021-01-17,2021-01-25,Urgent,Home,9,ICU,0,3.7
703977,100196,2032,3,2023-09-24,2023-09-29,Emergency,Rehab,3,General,0,3.3
703978,100262,2012,1,2023-05-23,2023-06-02,Emergency,Home,3,Private,1,2.1
703979,102370,2007,7,2023-09-09,2023-09-22,Elective,Home,4,Semi-Private,0,4.2
703980,102468,2051,4,2023-03-12,2023-03-23,Elective,Transferred,13,Semi-Private,0,4.0
703981,101935,2045,12,2024-08-20,2024-09-03,Elective,Home,1,ICU,0,5.0
703982,100332,2065,5,2024-07-12,2024-07-21,Elective,Transferred,2,Semi-Private,0,5.0
703983,101320,2060,2,2024-04-17,2024-04-21,Urgent,Home,14,Private,0,4.5
703984,101260,2075,7,2021-02-28,2021-03-01,Urgent,Home,1,General,0,4.4
703985,100681,2045,1,2023-08-01,2023-08-05,Emergency,Home,3,Private,1,3.4
703986,102055,2034,4,2023-03-25,2023-03-30,Emergency,Home,6,General,0,4.1
703987,100534,2011,8,2025-12-12,2025-12-23,Elective,Home,8,General,1,3.9
703988,102120,2033,12,2021-01-01,2021-01-13,Emergency,Rehab,5,Semi-Private,0,4.1
703989,101524,2008,7,2022-08-18,2022-08-26,Emergency,Home,8,Private,0,
703990,102187,2045,7,2023-02-08,2023-02-13,Elective,Home,6,Private,0,4.3
703991,100324,2072,7,2023-08-21,2023-09-02,Urgent,Home,1,Private,0,3.0
703992,101941,2078,12,2025-05-24,2025-06-03,Urgent,Home,3,Private,0,5.0
703993,100073,2034,5,2021-02-17,2021-02-26,Emergency,Home,14,General,0,5.0
703994,101413,2045,11,2023-08-19,2023-08-25,Elective,Home,2,Semi-Private,0,5.0
703995,101262,2065,12,2024-02-29,2024-03-14,Elective,Home,6,Semi-Private,0,3.0
703996,100988,2073,12,2024-01-07,2024-01-15,Emergency,Transferred,8,General,0,2.8
703997,101346,2052,10,2021-03-07,2021-03-10,Elective,Home,6,General,0,4.2
703998,101787,2010,3,2025-10-23,2025-11-05,Urgent,Home,4,Semi-Private,0,3.8
703999,101329,2043,10,2024-06-04,2024-06-07,Elective,Home,4,Private,0,5.0
704000,101032,2070,7,2024-06-30,2024-07-09,Urgent,Home,9,Semi-Private,0,4.5
704001,102007,2011,8,2023-03-27,2023-04-02,Elective,Home,1,Semi-Private,0,4.0
704002,101231,2036,7,2023-10-03,2023-10-07,Elective,Transferred,2,Semi-Private,0,5.0
704003,100411,2018,6,2021-10-19,2021-10-27,Emergency,Home,4,Semi-Private,0,4.1
704004,102306,2063,9,2021-12-21,2021-12-25,Emergency,Home,3,Semi-Private,0,4.2
704005,101820,2005,11,2025-04-16,2025-04-27,Elective,Home,9,General,0,4.8
704006,102174,2031,6,2025-11-04,2025-11-08,Elective,Home,5,Semi-Private,1,3.5
704007,101194,2016,5,2024-09-10,2024-09-22,Elective,Home,8,General,0,4.8
704008,100662,2066,11,2021-06-05,2021-06-12,Elective,Home,4,Semi-Private,0,4.4
704009,101230,2009,6,2024-07-19,2024-07-26,Urgent,Home,11,Semi-Private,0,3.3
704010,101357,2002,10,2025-03-07,2025-03-19,Emergency,Home,4,General,0,5.0
704011,101674,2037,4,2021-06-06,2021-06-14,Elective,Rehab,14,Semi-Private,0,3.7
704012,101089,2059,6,2025-05-28,2025-06-07,Elective,Home,10,Private,0,2.8
704013,102136,2058,4,2021-01-13,2021-01-20,Emergency,Home,13,ICU,0,3.4
704014,101859,2008,5,2023-01-17,2023-01-30,Urgent,Home,11,Private,0,3.2
704015,101067,2052,6,2023-08-27,2023-09-04,Elective,Transferred,3,General,0,4.1
704016,101907,2075,1,2021-11-29,2021-12-12,Emergency,Home,9,General,0,5.0
704017,101961,2077,6,2022-02-19,2022-02-27,Urgent,Home,10,General,0,4.2
704018,100500,2077,6,2025-07-17,2025-07-31,Urgent,Transferred,2,Private,0,5.0
704019,101303,2073,1,2025-03-04,2025-03-11,Elective,Home,11,General,0,4.8
704020,100326,2069,7,2023-06-21,2023-06-22,Elective,Rehab,12,Private,0,2.0
704021,101442,2052,12,2024-08-14,2024-08-18,Urgent,Home,11,Private,0,4.7
704022,100553,2078,10,2024-10-22,2024-10-25,Emergency,Home,3,Semi-Private,0,3.6
704023,101938,2034,5,2021-12-02,2021-12-14,Elective,Rehab,15,General,0,4.4
704024,100888,2048,8,2025-05-05,2025-05-14,Emergency,Home,3,General,0,4.0
704025,100996,2024,5,2023-10-06,2023-10-18,Elective,Home,11,General,0,5.0
704026,100929,2013,10,2025-08-31,2025-09-10,Urgent,Transferred,11,Private,0,4.3
704027,100308,2050,5,2023-11-23,2023-12-01,Elective,Home,15,Semi-Private,0,4.4
704028,101331,2065,2,2023-12-23,2024-01-01,Elective,Home,3,Semi-Private,0,4.8
704029,101923,2071,4,2023-10-30,2023-11-04,Emergency,Home,4,Private,0,2.9
704030,100470,2004,4,2021-07-24,2021-07-29,Urgent,Home,5,Private,0,4.8
704031,101655,2064,10,2025-08-28,2025-09-07,Emergency,Home,6,General,0,3.8
704032,100625,2074,10,2022-03-25,2022-03-30,Emergency,Home,5,General,0,3.5
704033,102339,2039,8,2025-08-04,2025-08-18,Elective,Home,9,General,0,4.6
704034,100249,2063,3,2025-02-21,2025-02-23,Emergency,Home,7,General,0,2.9
704035,102372,2058,1,2024-10-22,2024-11-04,Emergency,Home,7,General,1,4.7
704036,101467,2016,7,2023-10-23,2023-10-30,Urgent,Home,7,Semi-Private,0,3.9
704037,100604,2062,9,2023-07-26,2023-08-03,Elective,Transferred,13,Semi-Private,0,3.9
704038,100059,2010,6,2022-03-22,2022-03-27,Urgent,Home,12,General,0,2.3
704039,101021,2062,2,2021-07-07,2021-07-15,Elective,Home,11,General,0,4.7
704040,102317,2033,2,2025-04-17,2025-04-23,Emergency,Rehab,7,General,0,4.2
704041,101342,2071,1,2022-03-02,2022-03-06,Emergency,Home,2,General,1,3.6
704042,102142,2042,6,2025-06-22,2025-06-29,Urgent,Home,8,Semi-Private,0,3.3
704043,101278,2044,8,2021-03-16,2021-03-24,Emergency,Home,15,ICU,0,4.6
704044,100687,2046,1,2025-03-27,2025-04-05,Elective,Home,12,General,0,4.3
704045,100515,2073,12,2021-03-28,2021-04-02,Emergency,Home,10,General,0,4.0
704046,100533,2074,1,2023-02-12,2023-02-21,Elective,Home,1,Semi-Private,0,3.3
704047,100402,2031,1,2021-11-25,2021-12-03,Emergency,Rehab,6,General,0,4.2
704048,102141,2005,10,2021-11-29,2021-11-30,Emergency,Home,12,Private,0,4.2
704049,100574,2018,5,2021-08-02,2021-08-10,Elective,Home,11,Semi-Private,0,5.0
704050,101566,2006,7,2022-05-06,2022-05-14,Emergency,Home,3,Semi-Private,1,3.1
704051,100971,2050,4,2025-07-18,2025-07-31,Elective,Home,6,Semi-Private,0,3.5
704052,101806,2028,1,2022-07-28,2022-08-04,Elective,Home,6,General,0,5.0
704053,100437,2024,1,2024-06-03,2024-06-04,Elective,Home,8,General,0,4.1
704054,102463,2069,10,2025-09-27,2025-10-03,Emergency,Home,4,ICU,0,4.2
704055,102003,2028,3,2021-06-14,2021-06-16,Elective,Home,12,General,0,4.7
704056,101399,2058,5,2022-08-18,2022-08-24,Urgent,Rehab,3,Private,0,5.0
704057,101555,2067,5,2022-01-24,2022-02-04,Elective,Home,2,General,0,3.1
704058,101639,2018,9,2023-01-24,2023-01-26,Elective,Home,12,General,0,5.0
704059,100762,2004,9,2023-05-01,2023-05-14,Urgent,Home,6,General,0,4.0
704060,101463,2049,9,2022-06-11,2022-06-13,Urgent,Transferred,3,General,0,4.2
704061,102313,2032,8,2023-06-20,2023-07-04,Emergency,Rehab,13,Semi-Private,0,4.0
704062,100861,2066,11,2022-06-05,2022-06-12,Urgent,Home,4,General,1,5.0
704063,101975,2058,9,2022-12-16,2022-12-27,Emergency,Home,9,Private,0,4.7
704064,100867,2011,8,2024-04-11,2024-04-21,Urgent,Transferred,7,Semi-Private,0,3.9
704065,101123,2065,8,2024-01-04,2024-01-05,Emergency,Rehab,14,ICU,0,3.2
704066,101054,2017,8,2022-02-11,2022-02-16,Elective,Home,1,Private,0,3.8
704067,101315,2080,8,2021-04-18,2021-04-19,Urgent,Transferred,14,General,0,3.0
704068,101963,2066,5,2022-09-20,2022-09-29,Emergency,Transferred,4,General,0,4.7
704069,100028,2004,10,2022-12-05,2022-12-10,Emergency,Home,11,Semi-Private,0,3.5
704070,102336,2032,3,2023-04-21,2023-04-26,Elective,Home,8,,1,3.9
704071,100581,2071,4,2022-03-30,2022-04-03,Elective,Home,10,General,0,4.9
704072,102300,2029,9,2022-10-26,2022-10-29,Emergency,Home,4,Semi-Private,0,4.6
704073,100927,2061,7,2022-06-24,2022-07-02,Elective,Home,1,General,0,4.3
704074,102158,2060,12,2024-10-27,2024-11-03,Elective,Rehab,10,General,0,3.4
704075,101889,2073,9,2023-04-02,2023-04-11,Emergency,Home,13,Private,0,4.4
704076,102446,2058,11,2023-01-15,2023-01-21,Elective,Home,2,General,0,3.4
704077,101556,2053,11,2021-08-13,2021-08-14,Emergency,Home,5,Semi-Private,1,4.4
704078,100276,2005,11,2024-10-10,2024-10-15,Emergency,Home,6,General,0,3.0
704079,102295,2061,7,2021-10-04,2021-10-09,Elective,Home,1,General,0,4.9
704080,101348,2021,12,2022-07-25,2022-08-01,Urgent,Home,5,Private,0,4.1
704081,102456,2058,8,2024-12-21,2024-12-31,Elective,Home,8,General,0,4.0
704082,102173,2014,12,2021-11-26,2021-11-27,Emergency,Home,15,Semi-Private,0,4.3
704083,100153,2079,3,2021-12-05,2021-12-06,Elective,Home,8,Private,0,3.9
704084,101605,2054,8,2024-04-09,2024-04-22,Urgent,Transferred,2,Semi-Private,0,4.1
704085,101902,2078,4,2023-01-25,2023-01-31,Elective,Home,9,General,0,5.0
704086,102068,2041,6,2024-02-07,2024-02-13,Elective,Home,2,Semi-Private,0,4.8
704087,101827,2016,1,2023-06-19,2023-06-28,Urgent,Home,4,General,0,4.5
704088,100247,2051,2,2025-02-24,2025-02-27,Elective,Home,10,General,0,4.2
704089,101414,2001,7,2021-04-30,2021-05-12,Urgent,Home,4,General,0,3.8
704090,101371,2040,6,2021-12-16,2021-12-21,Elective,Home,4,General,0,4.8
704091,101227,2018,10,2024-08-21,2024-08-26,Emergency,Home,7,General,0,3.3
704092,101033,2034,12,2022-11-23,2022-11-24,Emergency,Home,8,General,1,5.0
704093,101716,2061,5,2025-03-09,2025-03-15,Elective,Home,13,Semi-Private,0,4.5
704094,101692,2021,7,2024-06-07,2024-06-11,Elective,Home,8,Semi-Private,0,4.9
704095,102151,2001,2,2025-01-01,2025-01-13,Emergency,Home,4,General,0,4.4
704096,102399,2027,10,2021-05-28,2021-06-03,Emergency,Home,13,Semi-Private,0,3.9
704097,102282,2051,4,2023-01-02,2023-01-15,Urgent,Home,4,General,0,4.7
704098,101671,2011,5,2022-11-17,2022-11-30,Urgent,Home,6,Semi-Private,0,2.9
704099,100037,2014,8,2024-07-05,2024-07-13,Elective,Home,15,Private,0,3.6
704100,101628,2055,6,2024-08-13,2024-08-21,Elective,Home,9,General,0,3.9
704101,102340,2027,6,2024-12-20,2025-01-02,Emergency,Home,5,Private,0,3.0
704102,102065,2022,5,2022-10-15,2022-10-18,Elective,Home,2,Private,0,4.5
704103,102138,2021,10,2021-05-19,2021-05-28,Elective,Home,13,Private,0,4.9
704104,101372,2024,5,2022-10-01,2022-10-12,Elective,Home,14,Private,0,2.7
704105,100677,2019,1,2023-05-23,2023-06-05,Elective,Home,9,Semi-Private,0,3.7
704106,100977,2024,12,2021-05-19,2021-05-23,Elective,Home,12,General,0,3.9
704107,101468,2026,4,2025-10-31,2025-11-01,Emergency,Transferred,9,General,0,4.2
704108,100253,2025,9,2022-11-16,2022-11-25,Emergency,Transferred,11,Private,0,4.6
704109,101617,2045,2,2021-10-08,2021-10-22,Urgent,Home,1,Private,0,3.8
704110,102017,2029,11,2024-01-03,2024-01-16,Emergency,Home,9,General,0,4.7
704111,102232,2074,6,2022-10-08,2022-10-13,Emergency,Home,7,General,1,4.1
704112,102338,2011,2,2024-02-15,2024-02-28,Elective,Home,1,General,0,3.5
704113,100761,2024,9,2022-01-25,2022-02-02,Emergency,Home,2,General,0,4.2
704114,102206,2024,5,2025-10-12,2025-10-25,Elective,Transferred,2,General,0,3.1
704115,100393,2012,9,2025-10-06,2025-10-13,Elective,Expired,15,Private,0,3.8
704116,100431,2007,12,2023-06-15,2023-06-20,Emergency,Home,8,General,0,3.9
704117,100997,2040,10,2024-01-21,2024-01-29,Emergency,Transferred,1,General,0,3.5
704118,101092,2070,5,2023-02-27,2023-03-12,Emergency,Home,11,Semi-Private,1,5.0
704119,101101,2076,12,2024-07-16,2024-07-17,Elective,Home,3,Private,0,5.0
704120,100102,2079,9,2024-08-28,2024-09-08,Urgent,Home,13,Private,0,4.1
704121,100893,2023,2,2021-10-20,2021-10-24,Emergency,Home,1,General,0,4.3
704122,102255,2071,11,2023-11-28,2023-12-03,Elective,Rehab,5,Semi-Private,0,4.4
704123,102261,2038,7,2025-07-29,2025-08-02,Elective,Home,15,General,0,4.5
704124,102127,2031,8,2023-09-29,2023-10-05,Emergency,Home,4,General,0,5.0
704125,101789,2029,3,2022-11-20,2022-11-29,Elective,Home,3,General,0,4.7
704126,102181,2044,1,2023-07-07,2023-07-19,Elective,Home,8,General,1,2.5
704127,101221,2028,2,2025-09-08,2025-09-09,Elective,Home,12,General,0,4.6
704128,100472,2076,10,2023-12-17,2023-12-27,Urgent,Home,7,General,0,3.4
704129,101781,2068,5,2024-09-07,2024-09-18,Emergency,Transferred,4,Semi-Private,0,3.6
704130,102338,2021,9,2024-02-07,2024-02-09,Emergency,Transferred,1,General,0,4.7
704131,101280,2009,5,2022-07-22,2022-07-23,Elective,Expired,7,General,0,2.6
704132,101499,2049,1,2021-11-18,2021-11-25,Emergency,Home,3,Semi-Private,0,5.0
704133,100422,2037,12,2021-03-03,2021-03-17,Emergency,Home,5,General,0,4.6
704134,100539,2021,1,2023-08-25,2023-08-27,Urgent,Home,12,Semi-Private,0,4.3
704135,101707,2060,2,2025-03-27,2025-04-05,Elective,Home,8,General,0,4.6
704136,101781,2023,1,2021-05-05,2021-05-13,Elective,Home,9,General,0,4.9
704137,102349,2010,8,2023-01-04,2023-01-14,Emergency,Home,15,Private,0,4.2
704138,101312,2070,2,2021-07-31,2021-08-01,Emergency,Home,10,Semi-Private,0,4.6
704139,101961,2021,12,2022-06-25,2022-06-28,Emergency,Home,11,Semi-Private,0,3.3
704140,100986,2029,11,2025-11-29,2025-12-05,Urgent,Home,10,General,1,4.6
704141,100806,2059,8,2022-06-22,2022-07-03,Urgent,Home,7,Semi-Private,0,4.5
704142,102305,2040,11,2023-05-01,2023-05-04,Elective,Transferred,6,Private,0,5.0
704143,102486,2021,5,2025-07-23,2025-08-01,Emergency,Home,5,Semi-Private,0,4.1
704144,102446,2063,1,2024-02-10,2024-02-22,Elective,Home,5,Semi-Private,0,4.2
704145,101177,2046,4,2025-11-07,2025-11-17,Urgent,Rehab,15,ICU,0,3.3
704146,100649,2005,12,2023-06-24,2023-07-04,Urgent,Home,13,General,0,4.0
704147,102270,2015,2,2024-11-14,2024-11-16,Elective,Home,11,General,0,4.5
704148,101725,2080,6,2021-04-08,2021-04-14,Elective,Home,4,General,0,4.5
704149,101460,2040,5,2021-05-06,2021-05-08,Elective,Home,7,Private,0,5.0
704150,102184,2004,12,2023-12-08,2023-12-11,Emergency,Home,1,Semi-Private,0,4.3
704151,101552,2024,9,2021-08-28,2021-09-09,Elective,Rehab,14,General,0,3.9
704152,100626,2042,12,2025-03-30,2025-04-09,Elective,Home,12,General,0,4.4
704153,100776,2026,3,2022-10-26,2022-11-07,Elective,Home,3,Private,0,3.6
704154,101303,2066,5,2025-06-30,2025-07-09,Elective,Home,6,Semi-Private,0,5.0
704155,101269,2008,10,2022-06-23,2022-07-02,Elective,Rehab,10,General,1,3.5
704156,101774,2073,7,2024-12-25,2025-01-08,Elective,Home,1,Semi-Private,0,3.7
704157,101167,2066,9,2023-07-07,2023-07-09,Emergency,Home,15,General,0,3.2
704158,101551,2078,3,2021-03-25,2021-04-07,Urgent,Transferred,13,ICU,0,4.1
704159,102141,2020,4,2023-12-07,2023-12-15,Elective,Transferred,7,General,0,4.5
704160,101407,2066,1,2025-07-11,2025-07-25,Elective,Home,2,General,0,5.0
704161,101913,2068,2,2023-11-03,2023-11-06,Emergency,Home,7,General,0,4.0
704162,102327,2055,3,2021-10-29,2021-11-12,Urgent,Home,14,Semi-Private,0,3.8
704163,101751,2078,10,2025-06-02,2025-06-04,Elective,Home,4,General,1,2.0
704164,100621,2079,7,2022-10-14,2022-10-25,Elective,Transferred,9,General,0,4.2
704165,101312,2039,7,2021-10-31,2021-11-10,Urgent,Home,5,ICU,0,4.0
704166,100672,2050,1,2023-03-08,2023-03-16,Urgent,Home,1,Semi-Private,0,4.0
704167,100801,2020,9,2022-03-01,2022-03-04,Elective,Home,12,General,0,5.0
704168,100171,2070,3,2024-04-15,2024-04-28,Emergency,Expired,11,Private,1,4.4
704169,101549,2028,3,2025-07-21,2025-07-29,Urgent,Transferred,4,General,0,3.7
704170,102420,2043,2,2021-12-30,2022-01-12,Urgent,Home,11,Private,0,3.3
704171,101417,2066,3,2021-01-11,2021-01-17,Emergency,Transferred,13,General,1,3.1
704172,101982,2028,6,2025-09-18,2025-09-19,Elective,Transferred,4,General,0,3.7
704173,102233,2078,10,2021-01-14,2021-01-28,Elective,Home,12,Private,1,4.3
704174,100939,2073,4,2023-12-19,2023-12-21,Emergency,Home,15,General,1,2.4
704175,100835,2023,2,2024-06-08,2024-06-21,Emergency,Home,4,General,0,3.9
704176,102257,2035,8,2022-01-11,2022-01-24,Elective,Home,12,Semi-Private,0,4.6
704177,102047,2022,1,2024-07-28,2024-08-11,Urgent,Home,3,Semi-Private,0,3.2
704178,101385,2005,10,2024-07-14,2024-07-16,Emergency,Home,3,General,1,3.9
704179,102032,2060,8,2024-05-24,2024-06-07,Urgent,Rehab,10,General,0,3.3
704180,101465,2041,2,2022-01-10,2022-01-17,Urgent,Home,15,Semi-Private,0,2.0
704181,102417,2029,9,2021-08-01,2021-08-07,Urgent,Home,5,Semi-Private,0,3.4
704182,101256,2035,4,2023-07-26,2023-08-09,Emergency,Transferred,5,Semi-Private,1,3.2
704183,101005,2068,4,2023-05-06,2023-05-08,Elective,Home,11,Private,0,4.6
704184,101732,2045,7,2022-12-15,2022-12-16,Emergency,Home,2,Private,0,4.4
704185,101273,2009,3,2022-02-12,2022-02-17,Urgent,Home,10,Semi-Private,0,3.2
704186,101341,2051,12,2024-11-28,2024-12-09,Elective,Home,12,General,0,5.0
704187,102312,2014,12,2025-10-04,2025-10-06,Emergency,Home,10,Semi-Private,0,
704188,101753,2069,10,2022-07-16,2022-07-26,Emergency,Home,13,General,1,3.8
704189,101957,2056,3,2025-08-08,2025-08-18,Elective,Transferred,9,Private,1,4.2
704190,100913,2011,4,2021-08-22,2021-08-28,Urgent,Home,3,Private,0,3.3
704191,101692,2030,10,2023-06-06,2023-06-20,Elective,Home,15,General,0,2.2
704192,100070,2039,3,2025-02-25,2025-02-27,Elective,Home,4,General,0,4.1
704193,101258,2024,10,2023-10-30,2023-11-12,Emergency,Rehab,15,Semi-Private,0,3.0
704194,100432,2080,8,2025-12-09,2025-12-20,Urgent,Home,2,General,0,3.8
704195,101078,2058,9,2023-04-20,2023-04-29,Elective,Home,8,General,0,4.3
704196,100170,2030,5,2023-10-29,2023-11-10,Urgent,Home,7,Private,0,2.5
704197,102084,2024,12,2024-03-05,2024-03-18,Elective,Home,3,Semi-Private,0,4.2
704198,101951,2067,3,2023-09-11,2023-09-16,Elective,Home,15,General,0,4.6
704199,101985,2029,7,2023-07-21,2023-07-28,Elective,Home,11,Private,0,2.4
704200,100259,2042,3,2025-02-10,2025-02-14,Emergency,Home,11,General,0,4.5
704201,102299,2076,6,2021-03-12,2021-03-24,Emergency,Home,5,Semi-Private,0,5.0
704202,102061,2062,11,2023-12-05,2023-12-07,Emergency,Home,12,ICU,0,3.8
704203,102105,2027,4,2021-06-08,2021-06-11,Elective,Home,1,General,0,4.6
704204,101004,2029,7,2025-07-29,2025-08-11,Elective,Home,12,ICU,0,3.2
704205,101185,2066,6,2021-05-25,2021-05-30,Emergency,Home,6,Semi-Private,0,4.7
704206,100437,2057,12,2022-08-30,2022-08-31,Elective,Transferred,10,Private,0,4.4
704207,100230,2061,7,2025-12-30,2026-01-11,Elective,Home,6,Semi-Private,0,4.2
704208,100831,2029,12,2025-06-09,2025-06-13,Elective,Home,12,Semi-Private,1,4.1
704209,100841,2057,12,2022-07-03,2022-07-16,Emergency,Home,5,Semi-Private,0,4.3
704210,101217,2073,4,2024-06-24,2024-06-28,Elective,Home,9,General,1,4.0
704211,100620,2055,12,2023-09-24,2023-09-26,Emergency,Home,15,Semi-Private,1,3.3
704212,102405,2044,12,2025-02-17,2025-02-26,Emergency,Transferred,4,General,0,3.9
704213,102400,2028,11,2023-09-08,2023-09-21,Elective,Home,2,Semi-Private,0,4.0
704214,101282,2037,6,2022-12-03,2022-12-09,Emergency,Home,12,General,0,3.1
704215,100622,2023,10,2022-02-07,2022-02-16,Urgent,Home,7,Private,0,3.9
704216,100635,2077,7,2024-04-20,2024-04-26,Urgent,Home,5,Semi-Private,0,4.0
704217,101994,2069,10,2025-06-20,2025-06-22,Elective,Transferred,7,General,0,3.6
704218,101766,2058,8,2021-12-22,2021-12-23,Emergency,Home,7,Semi-Private,0,4.3
704219,102341,2079,10,2021-05-13,2021-05-27,Elective,Home,7,Semi-Private,0,4.4
704220,101410,2032,9,2022-12-04,2022-12-08,Elective,Home,3,General,0,3.5
704221,100829,2069,3,2025-08-15,2025-08-28,Emergency,Home,13,General,0,4.1
704222,102282,2036,5,2024-04-26,2024-04-27,Emergency,Transferred,5,Private,0,4.7
704223,101727,2032,12,2024-12-04,2024-12-12,Emergency,Rehab,13,Private,0,3.2
704224,100537,2059,10,2021-10-14,2021-10-25,Emergency,Home,1,General,1,2.8
704225,101403,2060,3,2021-11-19,2021-12-02,Elective,Rehab,6,Semi-Private,1,3.3
704226,100805,2080,5,2021-05-16,2021-05-17,Urgent,Home,4,Semi-Private,0,4.4
704227,102037,2074,2,2022-09-19,2022-09-24,Emergency,Home,2,General,0,3.7
704228,100852,2027,3,2021-07-10,2021-07-24,Emergency,Home,3,Semi-Private,0,3.1
704229,102226,2024,7,2021-07-31,2021-08-09,Emergency,Transferred,15,Private,1,5.0
704230,100556,2067,8,2024-08-05,2024-08-06,Emergency,Home,15,General,1,3.1
704231,101246,2036,5,2022-10-22,2022-10-26,Emergency,Home,3,ICU,0,3.9
704232,100948,2014,3,2025-05-22,2025-05-30,Emergency,Home,14,General,0,4.6
704233,100228,2068,4,2025-11-13,2025-11-21,Emergency,Transferred,1,Private,0,4.5
704234,101865,2044,3,2024-01-29,2024-01-30,Elective,Home,7,General,0,4.3
704235,101934,2048,3,2021-04-23,2021-05-01,Elective,Home,10,General,0,3.5
704236,100254,2032,9,2021-12-27,2022-01-07,Urgent,Home,14,General,0,4.4
704237,102054,2017,4,2024-04-06,2024-04-18,Elective,Home,3,General,0,4.0
704238,102095,2057,6,2023-08-28,2023-08-31,Emergency,Home,7,Semi-Private,0,4.3
704239,100254,2039,3,2023-11-07,2023-11-21,Elective,Home,10,General,0,5.0
704240,100059,2032,8,2025-02-16,2025-02-27,Emergency,Home,10,Private,0,
704241,101722,2068,12,2025-01-18,2025-01-25,Elective,Home,12,Semi-Private,1,4.3
704242,101015,2002,11,2024-09-10,2024-09-20,Emergency,Home,15,General,0,4.1
704243,101215,2078,4,2024-04-13,2024-04-24,Emergency,Rehab,9,Semi-Private,1,4.7
704244,100265,2042,8,2024-09-19,2024-09-20,Elective,Home,13,General,0,5.0
704245,101708,2038,2,2024-10-15,2024-10-20,Emergency,Home,15,General,0,5.0
704246,101582,2055,9,2023-08-24,2023-08-28,Emergency,Home,15,Private,0,4.6
704247,102294,2055,2,2022-11-12,2022-11-16,Emergency,Home,13,Semi-Private,0,3.6
704248,102485,2034,3,2024-09-15,2024-09-27,Elective,Home,6,General,0,3.7
704249,100938,2046,3,2023-03-02,2023-03-07,Emergency,Home,8,Semi-Private,0,4.5
704250,100878,2043,5,2025-04-07,2025-04-10,Elective,Home,11,General,0,3.0
704251,100547,2002,3,2025-07-21,2025-08-04,Elective,Home,11,Private,0,3.8
704252,102463,2036,12,2024-03-24,2024-03-31,Emergency,Home,1,Private,0,3.4
704253,100398,2070,8,2024-08-19,2024-08-21,Urgent,Home,8,Private,0,3.1
704254,102040,2036,10,2023-04-05,2023-04-06,Urgent,Transferred,8,Semi-Private,0,4.2
704255,102216,2022,7,2021-10-23,2021-10-29,Urgent,Home,12,Semi-Private,0,4.6
704256,101631,2069,11,2022-09-26,2022-10-08,Elective,Home,3,General,0,4.5
704257,101852,2038,1,2023-10-24,2023-10-25,Emergency,Home,6,Private,0,4.1
704258,100230,2054,6,2025-08-05,2025-08-16,Elective,Home,14,Semi-Private,0,3.7
704259,100703,2022,2,2024-02-06,2024-02-13,Emergency,Transferred,15,Semi-Private,0,3.6
704260,101428,2075,8,2025-12-07,2025-12-15,Emergency,Home,14,General,0,4.7
704261,102192,2031,10,2021-08-25,2021-09-08,Emergency,Home,14,General,0,3.6
704262,101700,2053,8,2025-07-14,2025-07-16,Elective,Transferred,6,Semi-Private,0,3.6
704263,101555,2059,7,2022-04-21,2022-04-25,Emergency,Home,7,General,0,
704264,102116,2049,8,2024-09-19,2024-09-26,Elective,Home,3,General,0,3.3
704265,102146,2027,1,2023-02-08,2023-02-19,Emergency,Expired,15,General,0,4.1
704266,100007,2072,8,2025-02-18,2025-02-24,Elective,Home,10,Private,0,3.6
704267,100177,2057,1,2024-05-30,2024-06-01,Elective,Home,1,General,1,3.5
704268,101230,2006,3,2025-01-09,2025-01-23,Emergency,Rehab,13,Private,0,3.8
704269,100299,2046,4,2024-09-25,2024-09-29,Emergency,Home,9,General,0,4.6
704270,101824,2025,3,2024-06-30,2024-07-03,Emergency,Transferred,6,Semi-Private,0,4.1
704271,102277,2009,12,2024-01-09,2024-01-18,Emergency,Home,5,General,0,4.2
704272,100631,2064,2,2024-10-26,2024-11-01,Elective,Transferred,15,General,1,
704273,100270,2031,11,2023-11-04,2023-11-17,Urgent,Home,2,Semi-Private,0,4.5
704274,100081,2019,11,2025-04-15,2025-04-27,Elective,Home,4,General,0,3.9
704275,101696,2065,3,2024-08-09,2024-08-11,Urgent,Home,5,Private,0,4.4
704276,100820,2017,9,2022-04-21,2022-04-23,Urgent,Home,10,Semi-Private,0,3.9
704277,100501,2034,12,2023-12-30,2024-01-12,Elective,Home,4,Private,0,4.3
704278,101511,2036,2,2025-04-29,2025-05-12,Emergency,Home,10,General,0,4.8
704279,101512,2013,5,2025-07-09,2025-07-12,Urgent,Transferred,4,General,0,4.4
704280,100990,2059,3,2021-06-03,2021-06-08,Elective,Home,11,Private,0,3.1
704281,101502,2076,9,2022-12-08,2022-12-20,Urgent,Rehab,6,Semi-Private,0,3.6
704282,101313,2021,7,2021-03-16,2021-03-22,Elective,Rehab,15,General,0,4.5
704283,102154,2065,10,2021-05-06,2021-05-11,Elective,Transferred,15,General,0,2.4
704284,100641,2006,12,2025-07-17,2025-07-29,Urgent,Rehab,4,General,0,4.2
704285,100609,2011,12,2021-11-13,2021-11-14,Elective,Home,13,Semi-Private,1,4.2
704286,101009,2080,3,2023-09-02,2023-09-15,Elective,Home,12,Semi-Private,0,5.0
704287,101600,2022,2,2025-04-08,2025-04-09,Elective,Home,9,Private,0,4.3
704288,101664,2011,12,2021-12-27,2022-01-03,Urgent,Home,12,Private,0,3.9
704289,101829,2037,2,2025-10-15,2025-10-29,Elective,Rehab,2,Semi-Private,0,4.9
704290,101998,2026,5,2022-08-11,2022-08-21,Emergency,Home,5,General,0,3.7
704291,102430,2057,9,2022-09-19,2022-10-03,Elective,Home,14,Private,0,4.0
704292,101927,2026,2,2022-10-15,2022-10-22,Elective,Home,3,ICU,0,4.1
704293,100104,2021,2,2022-12-27,2023-01-09,Emergency,Home,8,Semi-Private,0,4.5
704294,101532,2057,8,2025-01-25,2025-02-04,Emergency,Home,14,General,0,3.3
704295,101988,2026,12,2023-08-19,2023-08-25,Emergency,Home,15,General,0,4.6
704296,101079,2015,3,2024-06-18,2024-06-27,Urgent,Transferred,3,Private,0,3.6
704297,100121,2063,3,2023-07-31,2023-08-02,Emergency,Transferred,8,General,0,5.0
704298,100407,2035,6,2024-11-21,2024-11-22,Elective,Home,8,Semi-Private,1,2.9
704299,100676,2011,6,2022-02-07,2022-02-18,Urgent,Home,2,Semi-Private,0,3.4
704300,102489,2073,6,2021-05-04,2021-05-10,Emergency,Home,11,Semi-Private,0,2.5
704301,101655,2068,5,2024-03-06,2024-03-12,Emergency,Transferred,13,Private,0,5.0
704302,100432,2050,4,2024-08-28,2024-09-06,Urgent,Home,10,Semi-Private,0,3.1
704303,100909,2029,12,2022-10-26,2022-11-06,Elective,Home,13,General,0,4.6
704304,100061,2064,9,2021-08-11,2021-08-21,Emergency,Home,7,General,0,4.5
704305,101271,2041,11,2022-05-25,2022-05-26,Urgent,Home,11,General,0,3.3
704306,101614,2026,4,2023-12-14,2023-12-25,Elective,Rehab,6,General,0,4.6
704307,101048,2028,1,2025-08-15,2025-08-16,Urgent,Transferred,11,General,0,3.2
704308,102454,2048,8,2021-08-30,2021-09-11,Emergency,Home,1,Private,0,3.4
704309,101332,2066,11,2022-11-20,2022-12-04,Elective,Home,2,Private,1,2.8
704310,102263,2023,8,2025-04-04,2025-04-16,Elective,Home,4,General,0,4.5
704311,100262,2039,11,2023-07-14,2023-07-24,Emergency,Home,2,General,0,2.5
704312,101437,2069,3,2022-10-12,2022-10-24,Emergency,Home,5,Semi-Private,0,4.3
704313,102171,2021,9,2025-06-27,2025-07-03,Emergency,Home,3,Private,1,3.9
704314,100764,2049,7,2021-02-18,2021-02-23,Elective,Rehab,15,General,0,5.0
704315,102368,2075,7,2022-10-08,2022-10-19,Emergency,Transferred,6,Semi-Private,0,4.0
704316,102206,2036,5,2025-03-29,2025-04-04,Emergency,Transferred,9,Private,1,4.6
704317,101685,2037,12,2021-07-22,2021-07-28,Elective,Home,14,General,0,4.4
704318,101089,2042,12,2023-02-25,2023-03-10,Emergency,Home,10,General,0,3.9
704319,100369,2062,3,2025-12-25,2025-12-29,Emergency,Home,7,Private,0,4.8
704320,100870,2006,10,2023-09-13,2023-09-23,Elective,Home,14,Private,0,4.3
704321,101028,2008,12,2024-01-20,2024-01-28,Elective,Transferred,5,Semi-Private,0,4.7
704322,100914,2069,5,2022-11-11,2022-11-16,Elective,Rehab,1,General,0,3.3
704323,101780,2040,3,2022-08-19,2022-08-25,Emergency,Home,1,Private,0,4.4
704324,101631,2010,3,2022-10-16,2022-10-18,Emergency,Home,1,Private,0,4.6
704325,100543,2031,1,2021-11-15,2021-11-16,Elective,Home,15,Private,0,3.2
704326,102204,2030,4,2023-07-28,2023-08-05,Urgent,Home,3,General,0,3.9
704327,100752,2051,9,2023-10-22,2023-10-28,Emergency,Home,7,General,0,2.7
704328,102112,2036,12,2025-03-11,2025-03-24,Elective,Rehab,15,General,1,2.8
704329,100421,2061,6,2021-09-23,2021-10-02,Emergency,Home,13,ICU,0,4.0
704330,102371,2027,6,2023-08-28,2023-09-02,Emergency,Expired,9,Private,1,5.0
704331,101487,2035,6,2024-07-14,2024-07-22,Emergency,Home,14,General,1,5.0
704332,101604,2060,5,2022-07-09,2022-07-16,Urgent,Home,6,Private,0,3.8
704333,100547,2032,2,2023-08-01,2023-08-12,Emergency,Home,7,Semi-Private,0,3.3
704334,102299,2004,5,2023-02-23,2023-03-05,Emergency,Transferred,14,Private,0,4.7
704335,100866,2027,11,2021-12-13,2021-12-14,Elective,Home,11,General,0,2.5
704336,101572,2047,10,2022-01-19,2022-01-26,Emergency,Transferred,3,Semi-Private,0,3.7
704337,102489,2006,3,2024-08-06,2024-08-10,Emergency,Home,11,Semi-Private,0,3.4
704338,100454,2026,10,2023-06-15,2023-06-28,Emergency,Transferred,8,General,0,3.9
704339,101758,2024,11,2022-03-06,2022-03-12,Urgent,Home,10,General,0,
704340,100679,2071,2,2022-04-30,2022-05-09,Emergency,Home,6,ICU,0,2.1
704341,100274,2044,12,2021-08-06,2021-08-19,Urgent,Home,3,Private,0,4.2
704342,100060,2014,4,2022-02-27,2022-03-12,Emergency,Home,13,General,0,4.3
704343,100342,2013,10,2025-07-05,2025-07-18,Emergency,Home,12,General,0,4.0
704344,101418,2026,9,2024-11-11,2024-11-20,Urgent,Home,2,General,0,4.2
704345,102161,2043,7,2025-09-20,2025-09-29,Elective,Transferred,9,Private,0,4.4
704346,101815,2043,10,2022-04-17,2022-04-22,Emergency,Home,11,General,0,4.1
704347,102116,2066,9,2025-08-01,2025-08-05,Elective,Home,7,General,0,2.5
704348,101339,2028,3,2021-06-13,2021-06-19,Emergency,Expired,14,General,0,3.3
704349,100467,2001,2,2023-12-27,2024-01-06,Elective,Rehab,10,General,0,5.0
704350,102311,2012,9,2024-08-27,2024-09-01,Elective,Rehab,10,General,1,3.1
704351,102472,2050,6,2024-09-17,2024-09-29,Emergency,Home,15,Semi-Private,0,4.1
704352,100720,2053,10,2023-07-29,2023-08-08,Urgent,Home,13,General,0,3.5
704353,101236,2060,4,2023-04-17,2023-04-22,Elective,Home,9,Semi-Private,0,4.4
704354,100563,2055,4,2023-02-19,2023-02-27,Emergency,Home,4,General,1,3.8
704355,100983,2035,10,2024-03-21,2024-03-31,Emergency,Home,4,Private,0,4.5
704356,102336,2061,10,2023-08-01,2023-08-06,Urgent,Home,6,General,0,4.3
704357,100425,2026,6,2023-05-30,2023-05-31,Emergency,Home,2,General,0,3.7
704358,100554,2031,7,2023-07-13,2023-07-18,Elective,Home,10,Semi-Private,0,2.3
704359,100759,2057,12,2022-10-02,2022-10-15,Urgent,Home,1,General,0,3.4
704360,101731,2012,11,2022-09-22,2022-09-27,Elective,Home,14,Private,0,3.1
704361,100244,2005,10,2022-02-27,2022-03-04,Elective,Home,10,Semi-Private,0,3.1
704362,101358,2007,5,2025-03-19,2025-03-31,Emergency,Home,3,Semi-Private,0,4.4
704363,102376,2016,8,2025-02-18,2025-02-21,Elective,Home,12,ICU,0,5.0
704364,101130,2052,10,2021-05-20,2021-06-01,Emergency,Home,14,General,0,2.2
704365,101786,2021,12,2025-08-15,2025-08-27,Urgent,Transferred,11,Semi-Private,0,2.9
704366,101911,2027,1,2023-03-23,2023-04-01,Emergency,Home,5,Private,1,4.2
704367,101963,2079,1,2021-02-04,2021-02-09,Emergency,Home,2,General,0,3.8
704368,101189,2023,4,2022-08-31,2022-09-12,Emergency,Rehab,9,Private,0,4.3
704369,101870,2072,8,2024-08-02,2024-08-04,Emergency,Home,13,Semi-Private,0,4.0
704370,102010,2025,11,2022-05-26,2022-05-31,Emergency,Home,13,General,0,5.0
704371,101081,2011,8,2022-11-24,2022-12-03,Urgent,Home,1,Semi-Private,0,4.4
704372,100960,2063,6,2025-09-22,2025-10-06,Urgent,Home,13,General,0,4.7
704373,101212,2057,5,2023-10-28,2023-11-05,Elective,Home,3,Semi-Private,0,4.8
704374,100324,2054,10,2025-02-28,2025-03-06,Emergency,Home,15,Private,1,3.1
704375,102203,2010,10,2024-10-14,2024-10-23,Emergency,Home,5,General,0,4.4
704376,102107,2050,2,2023-10-30,2023-11-06,Urgent,Home,1,General,0,4.5
704377,101795,2073,5,2022-05-01,2022-05-03,Emergency,Home,4,Semi-Private,0,3.7
704378,102249,2001,12,2025-05-13,2025-05-27,Elective,Rehab,10,General,1,3.7
704379,102343,2070,5,2022-01-26,2022-01-27,Emergency,Home,1,General,0,3.8
704380,101976,2030,2,2024-12-04,2024-12-18,Urgent,Home,11,Private,0,3.3
704381,101414,2055,8,2022-08-19,2022-09-01,Emergency,Transferred,11,General,0,3.0
704382,101308,2077,10,2021-02-20,2021-02-23,Emergency,Home,12,General,0,5.0
704383,102397,2006,5,2023-05-16,2023-05-27,Elective,Home,11,Semi-Private,0,4.8
704384,101456,2024,5,2024-06-14,2024-06-18,Emergency,Home,7,General,0,4.0
704385,100963,2005,12,2022-04-19,2022-04-28,Elective,Home,1,General,0,2.9
704386,101718,2007,1,2024-11-14,2024-11-19,Emergency,Home,3,,0,4.4
704387,102430,2003,1,2025-03-08,2025-03-10,Elective,Home,15,ICU,0,3.7
704388,101296,2013,11,2023-06-28,2023-07-08,Emergency,Home,4,Semi-Private,0,3.9
704389,102379,2054,1,2021-09-21,2021-09-26,Elective,Expired,4,Private,0,5.0
704390,100875,2063,8,2021-11-24,2021-12-07,Urgent,Home,15,General,0,5.0
704391,102206,2076,10,2021-08-10,2021-08-12,Urgent,Home,14,Semi-Private,0,2.2
704392,100432,2006,2,2022-12-24,2023-01-02,Elective,Rehab,13,Semi-Private,0,4.3
704393,101140,2079,8,2022-09-30,2022-10-06,Elective,Home,7,Private,0,4.1
704394,100619,2047,12,2025-08-13,2025-08-25,Elective,Home,15,Semi-Private,0,4.3
704395,100619,2055,6,2021-10-10,2021-10-22,Emergency,Rehab,5,Private,0,3.6
704396,100435,2049,5,2021-06-10,2021-06-22,Elective,Home,15,ICU,1,4.0
704397,101546,2057,6,2025-04-01,2025-04-06,Emergency,Home,11,Semi-Private,0,3.2
704398,100932,2003,4,2022-10-16,2022-10-18,Emergency,Home,8,Private,0,4.8
704399,100572,2022,12,2025-05-18,2025-05-25,Elective,Transferred,3,Semi-Private,0,4.8
704400,100266,2035,11,2021-04-04,2021-04-11,Elective,Home,14,General,0,5.0
704401,100102,2028,3,2024-02-20,2024-02-22,Emergency,Home,8,Semi-Private,0,3.4
704402,101535,2042,11,2024-04-12,2024-04-22,Elective,Home,11,General,0,4.2
704403,102270,2012,4,2022-05-22,2022-05-28,Urgent,Home,11,Semi-Private,0,5.0
704404,102484,2001,9,2023-07-30,2023-08-09,Elective,Home,13,General,0,3.5
704405,101214,2023,8,2023-03-06,2023-03-16,Elective,Home,9,Semi-Private,0,3.2
704406,100640,2028,11,2022-10-02,2022-10-05,Emergency,Home,14,General,0,4.2
704407,100334,2069,8,2023-10-22,2023-10-30,Urgent,Home,9,Semi-Private,0,4.9
704408,100907,2036,1,2022-08-10,2022-08-24,Emergency,Home,9,General,0,3.5
704409,101582,2054,5,2024-06-15,2024-06-20,Urgent,Home,14,Semi-Private,0,5.0
704410,101605,2047,6,2022-08-11,2022-08-19,Urgent,Home,15,Private,0,3.3
704411,102399,2056,9,2023-10-01,2023-10-08,Elective,Home,13,Semi-Private,0,4.5
704412,101900,2010,10,2025-11-26,2025-12-10,Urgent,Rehab,1,Semi-Private,0,3.5
704413,100570,2005,10,2022-11-25,2022-12-08,Elective,Home,14,Semi-Private,0,3.7
704414,102163,2014,6,2022-11-10,2022-11-21,Urgent,Home,9,,1,4.6
704415,101546,2024,1,2021-08-26,2021-09-03,Elective,Home,8,General,0,3.8
704416,100909,2063,1,2023-05-11,2023-05-23,Emergency,Home,13,Semi-Private,1,2.9
704417,100367,2028,12,2022-08-14,2022-08-15,Emergency,Expired,15,General,0,3.4
704418,102426,2021,7,2021-04-07,2021-04-13,Elective,Home,2,Semi-Private,0,4.5
704419,102166,2076,3,2025-10-23,2025-11-05,Urgent,Home,3,General,0,4.3
704420,101014,2020,7,2023-04-14,2023-04-27,Urgent,Home,7,General,0,4.5
704421,101873,2062,5,2024-11-12,2024-11-23,Urgent,Transferred,3,Semi-Private,0,3.5
704422,100814,2051,1,2025-12-30,2026-01-12,Emergency,Home,2,Semi-Private,0,3.2
704423,100206,2040,11,2025-05-19,2025-06-01,Elective,Transferred,4,General,0,3.4
704424,100816,2065,8,2023-03-02,2023-03-14,Elective,Home,9,General,1,3.4
704425,100066,2028,9,2025-09-02,2025-09-05,Elective,Home,15,Semi-Private,0,4.0
704426,102052,2054,6,2023-10-05,2023-10-19,Emergency,Home,2,General,1,3.1
704427,100003,2002,2,2021-06-16,2021-06-21,Elective,Rehab,1,General,1,4.8
704428,101739,2014,9,2025-09-18,2025-09-20,Elective,Home,10,Private,0,4.4
704429,100325,2014,2,2021-12-31,2022-01-11,Elective,Home,15,General,0,3.4
704430,101264,2044,6,2022-07-19,2022-07-23,Elective,Home,14,General,0,3.9
704431,102039,2040,10,2023-07-18,2023-07-24,Elective,Rehab,7,Private,0,3.3
704432,100605,2034,4,2022-01-26,2022-01-27,Emergency,Home,14,Semi-Private,0,3.9
704433,100796,2065,6,2022-12-02,2022-12-15,Urgent,Rehab,11,ICU,0,3.4
704434,101822,2018,4,2022-01-29,2022-01-31,Emergency,Home,1,Private,0,5.0
704435,100347,2034,11,2025-01-12,2025-01-14,Elective,Home,6,Private,0,2.8
704436,101082,2049,3,2021-05-11,2021-05-20,Emergency,Home,14,Semi-Private,0,3.0
704437,100059,2080,12,2025-11-11,2025-11-22,Elective,Home,5,General,0,3.8
704438,101710,2055,11,2022-08-12,2022-08-24,Urgent,Home,11,Semi-Private,0,4.1
704439,102255,2062,8,2023-09-29,2023-10-04,Emergency,Home,8,General,0,4.1
704440,100111,2070,5,2025-05-13,2025-05-18,Urgent,Home,3,General,0,4.7
704441,100023,2024,1,2021-10-23,2021-10-29,Emergency,Home,3,Private,0,4.3
704442,101452,2048,8,2025-07-12,2025-07-25,Emergency,Home,1,General,0,3.3
704443,101964,2080,3,2021-10-03,2021-10-13,Urgent,Home,4,General,0,4.8
704444,100787,2039,4,2025-08-05,2025-08-08,Elective,Home,10,General,0,4.5
704445,101708,2048,9,2025-02-06,2025-02-15,Emergency,Home,10,General,0,5.0
704446,101958,2070,3,2025-09-15,2025-09-18,Urgent,Rehab,6,Semi-Private,0,4.0
704447,100747,2080,5,2025-07-08,2025-07-12,Elective,Transferred,5,Semi-Private,1,4.8
704448,100515,2009,12,2025-12-14,2025-12-26,Emergency,Home,7,General,0,2.0
704449,102192,2029,8,2023-05-21,2023-05-30,Urgent,Home,15,General,0,3.6
704450,101766,2068,6,2024-05-03,2024-05-13,Elective,Home,12,Private,0,3.3
704451,102342,2060,3,2022-08-05,2022-08-13,Emergency,Home,11,Semi-Private,0,4.5
704452,100325,2026,8,2024-10-14,2024-10-20,Urgent,Home,10,Semi-Private,0,3.4
704453,102241,2038,5,2023-02-28,2023-03-08,Elective,Home,1,Semi-Private,0,4.7
704454,102020,2062,6,2025-03-01,2025-03-02,Elective,Transferred,3,General,0,4.6
704455,101072,2026,11,2023-01-10,2023-01-24,Urgent,Home,11,Private,1,3.5
704456,101563,2014,3,2024-01-10,2024-01-14,Urgent,Home,14,Semi-Private,0,4.2
704457,101545,2049,8,2023-02-06,2023-02-16,Emergency,Home,4,Semi-Private,0,3.8
704458,101756,2043,4,2024-06-30,2024-07-11,Urgent,Home,15,General,0,4.1
704459,100526,2008,9,2021-09-03,2021-09-07,Emergency,Home,6,General,0,4.6
704460,100919,2040,5,2021-05-22,2021-05-24,Elective,Home,4,General,0,3.8
704461,102077,2025,1,2022-04-03,2022-04-05,Urgent,Home,7,Private,0,2.8
704462,100538,2063,9,2021-03-18,2021-03-31,Elective,Home,14,General,0,4.4
704463,101750,2004,8,2021-02-03,2021-02-14,Emergency,Home,10,Semi-Private,0,4.8
704464,102191,2015,5,2025-08-03,2025-08-13,Elective,Transferred,15,ICU,1,2.7
704465,100627,2016,3,2023-07-31,2023-08-09,Elective,Home,10,General,0,4.0
704466,100841,2054,9,2023-02-05,2023-02-11,Emergency,Transferred,15,Semi-Private,0,3.3
704467,102266,2011,12,2021-08-16,2021-08-23,Urgent,Home,3,General,0,4.8
704468,100593,2028,7,2021-10-31,2021-11-11,Urgent,Transferred,8,Semi-Private,0,4.9
704469,100713,2007,12,2025-03-24,2025-04-04,Elective,Transferred,13,General,1,3.4
704470,100067,2038,11,2022-01-22,2022-01-26,Elective,Home,7,ICU,0,3.0
704471,100761,2024,8,2024-12-13,2024-12-16,Emergency,Home,3,General,0,4.2
704472,102192,2068,3,2023-05-31,2023-06-03,Urgent,Transferred,9,General,1,3.2
704473,101165,2037,6,2022-07-19,2022-07-24,Emergency,Home,13,Private,0,4.6
704474,101370,2035,12,2025-10-10,2025-10-21,Emergency,Home,10,General,0,3.9
704475,100465,2006,4,2024-07-12,2024-07-26,Urgent,Transferred,13,General,0,5.0
704476,100096,2033,3,2021-09-25,2021-10-01,Urgent,Home,5,Private,0,5.0
704477,100408,2054,4,2023-02-24,2023-03-10,Elective,Home,2,Semi-Private,0,5.0
704478,101854,2014,2,2024-11-13,2024-11-15,Emergency,Home,9,Semi-Private,0,4.3
704479,100804,2019,5,2025-11-26,2025-12-03,Emergency,Rehab,8,General,1,3.3
704480,101468,2011,8,2025-07-14,2025-07-21,Elective,Transferred,15,Semi-Private,0,2.9
704481,100757,2071,5,2022-03-29,2022-03-30,Elective,Home,8,Semi-Private,0,4.4
704482,102006,2045,2,2021-02-05,2021-02-19,Elective,Home,1,Semi-Private,0,4.5
704483,102326,2060,7,2024-03-24,2024-04-06,Elective,Home,14,General,0,4.2
704484,100361,2058,8,2022-08-11,2022-08-24,Elective,Home,4,General,0,3.0
704485,101394,2078,11,2023-06-28,2023-07-11,Elective,Home,7,General,0,3.4
704486,100212,2024,12,2023-02-12,2023-02-25,Urgent,Rehab,6,Private,1,4.1
704487,101283,2011,4,2025-06-12,2025-06-24,Elective,Home,12,Semi-Private,0,3.5
704488,101700,2072,3,2024-02-24,2024-03-02,Urgent,Home,9,Semi-Private,0,3.4
704489,101121,2044,8,2021-05-25,2021-06-07,Urgent,Home,15,Semi-Private,0,3.3
704490,101234,2079,10,2025-07-10,2025-07-14,Emergency,Rehab,8,General,0,3.9
704491,101572,2066,2,2023-12-04,2023-12-08,Urgent,Home,9,General,0,3.8
704492,100778,2045,7,2024-11-16,2024-11-19,Emergency,Home,4,General,0,3.4
704493,102069,2074,10,2025-01-21,2025-01-30,Urgent,Transferred,8,Semi-Private,0,4.0
704494,100729,2032,8,2021-12-20,2021-12-23,Elective,Home,14,General,0,4.2
704495,100616,2017,5,2024-01-02,2024-01-06,Elective,Home,12,General,0,4.3
704496,100371,2054,7,2025-08-15,2025-08-18,Emergency,Home,6,General,0,3.3
704497,101243,2010,12,2021-09-20,2021-09-28,Emergency,Home,9,General,0,3.8
704498,101528,2006,9,2024-03-08,2024-03-16,Emergency,Home,10,General,0,4.0
704499,100632,2020,8,2021-07-10,2021-07-20,Urgent,Home,1,ICU,0,4.1
704500,100761,2001,5,2024-10-20,2024-10-28,Elective,Home,6,General,0,3.0
704501,100847,2064,4,2025-09-09,2025-09-14,Elective,Home,10,Semi-Private,0,3.7
704502,100948,2001,3,2025-07-01,2025-07-14,Urgent,Expired,10,ICU,0,4.4
704503,101120,2061,6,2022-11-20,2022-11-27,Emergency,Transferred,2,General,0,3.6
704504,101456,2079,4,2025-01-22,2025-02-03,Elective,Home,15,Semi-Private,0,4.3
704505,102236,2001,11,2021-09-03,2021-09-06,Elective,Rehab,12,General,0,4.0
704506,102423,2046,4,2022-12-17,2022-12-25,Emergency,Expired,3,ICU,0,3.7
704507,102482,2060,7,2022-02-09,2022-02-19,Urgent,Home,9,Semi-Private,0,4.9
704508,101168,2043,10,2025-01-12,2025-01-14,Elective,Home,5,Semi-Private,0,3.8
704509,102054,2044,5,2021-06-25,2021-07-03,Emergency,Rehab,5,General,0,3.8
704510,101341,2038,1,2022-10-28,2022-11-03,Elective,Transferred,1,Semi-Private,0,3.6
704511,101254,2002,5,2022-12-10,2022-12-12,Urgent,Home,10,Semi-Private,0,5.0
704512,101519,2012,6,2024-11-05,2024-11-17,Emergency,Rehab,12,Semi-Private,0,5.0
704513,101730,2023,1,2025-01-12,2025-01-18,Emergency,Home,14,General,0,4.9
704514,101960,2009,3,2024-08-14,2024-08-25,Urgent,Home,12,General,0,4.7
704515,100711,2008,6,2025-12-25,2026-01-04,Urgent,Home,2,General,0,3.3
704516,100475,2050,7,2024-06-19,2024-06-21,Elective,Home,9,Semi-Private,0,3.7
704517,100574,2080,7,2025-11-12,2025-11-15,Emergency,Home,7,General,0,3.4
704518,100508,2062,7,2023-02-06,2023-02-17,Elective,Home,13,ICU,0,4.8
704519,102223,2023,9,2021-04-16,2021-04-21,Elective,Home,4,Private,0,5.0
704520,100692,2059,2,2022-08-19,2022-08-20,Emergency,Home,7,General,1,4.5
704521,101295,2010,3,2021-11-13,2021-11-22,Elective,Home,15,Private,0,5.0
704522,101698,2012,7,2021-11-24,2021-12-04,Elective,Home,10,Semi-Private,0,4.3
704523,100788,2062,6,2024-12-16,2024-12-19,Urgent,Rehab,12,General,0,4.2
704524,100572,2076,1,2025-03-01,2025-03-14,Emergency,Home,2,General,1,3.6
704525,102234,2030,10,2022-07-01,2022-07-13,Emergency,Home,12,Private,0,4.5
704526,100587,2074,7,2022-09-13,2022-09-14,Elective,Home,5,Semi-Private,1,4.7
704527,100514,2078,2,2021-01-16,2021-01-22,Elective,Rehab,12,Semi-Private,0,4.8
704528,101976,2068,4,2025-07-12,2025-07-13,Elective,Home,9,General,0,4.1
704529,100556,2047,7,2021-09-26,2021-09-29,Emergency,Home,15,General,1,4.1
704530,101710,2041,4,2024-05-23,2024-05-30,Emergency,Transferred,11,Private,0,4.0
704531,100295,2007,6,2022-08-28,2022-09-01,Elective,Home,2,Private,0,3.6
704532,101117,2074,11,2022-07-12,2022-07-21,Urgent,Home,15,Private,0,4.7
704533,101511,2052,9,2021-07-06,2021-07-13,Elective,Home,3,Private,0,2.6
704534,102092,2045,5,2025-04-03,2025-04-08,Elective,Home,5,General,0,2.7
704535,101808,2038,3,2024-04-25,2024-05-04,Urgent,Home,5,General,0,3.6
704536,102087,2036,6,2024-12-24,2024-12-27,Elective,Home,15,General,1,3.0
704537,101983,2058,4,2022-12-12,2022-12-23,Elective,Expired,8,Private,1,4.8
704538,102337,2046,9,2021-02-12,2021-02-26,Emergency,Expired,7,General,1,3.7
704539,100248,2067,2,2021-03-28,2021-04-11,Urgent,Expired,3,General,0,4.7
704540,102407,2065,10,2023-01-11,2023-01-19,Elective,Home,5,General,0,5.0
704541,101462,2018,5,2025-04-30,2025-05-08,Emergency,Home,8,General,0,4.0
704542,101819,2002,9,2023-04-04,2023-04-08,Emergency,Home,5,Semi-Private,0,4.2
704543,102257,2004,10,2023-07-28,2023-07-29,Emergency,Home,14,Private,0,4.9
704544,102172,2042,7,2023-09-21,2023-09-25,Emergency,Home,2,Semi-Private,0,4.7
704545,100975,2049,5,2024-10-20,2024-10-29,Emergency,Home,10,Semi-Private,0,2.4
704546,101878,2049,8,2021-01-12,2021-01-22,Urgent,Home,2,General,0,3.7
704547,100403,2007,2,2021-02-17,2021-02-18,Emergency,Rehab,1,General,0,4.4
704548,100284,2009,4,2024-09-04,2024-09-07,Elective,Home,6,Private,1,4.2
704549,102020,2071,6,2024-01-25,2024-02-02,Emergency,Home,1,Semi-Private,0,3.3
704550,100241,2027,7,2025-07-27,2025-07-30,Elective,Home,8,ICU,0,2.7
704551,100167,2021,11,2024-03-05,2024-03-07,Elective,Home,1,Semi-Private,0,4.5
704552,101776,2035,8,2023-05-04,2023-05-05,Emergency,Home,8,Private,0,3.4
704553,100561,2076,4,2022-07-19,2022-07-28,Urgent,Home,6,Semi-Private,0,3.9
704554,102196,2036,9,2024-12-19,2024-12-30,Elective,Home,9,Semi-Private,0,4.1
704555,100701,2067,7,2025-12-03,2025-12-13,Urgent,Home,3,Semi-Private,0,3.9
704556,101920,2043,2,2024-04-09,2024-04-12,Emergency,Rehab,14,General,1,3.3
704557,100265,2008,9,2024-04-29,2024-05-06,Elective,Home,14,Private,0,3.9
704558,102327,2078,7,2025-10-17,2025-10-27,Urgent,Transferred,7,Semi-Private,0,3.6
704559,102207,2036,5,2025-04-16,2025-04-19,Urgent,Rehab,2,General,0,5.0
704560,101084,2048,3,2025-08-17,2025-08-30,Urgent,Home,5,Semi-Private,0,4.2
704561,100499,2046,9,2021-02-20,2021-02-28,Elective,Home,12,General,0,5.0
704562,101611,2032,7,2021-05-15,2021-05-24,Elective,Home,1,Private,0,3.0
704563,100488,2007,3,2022-03-07,2022-03-19,Urgent,Home,5,Semi-Private,0,3.8
704564,100465,2074,5,2025-12-26,2026-01-03,Emergency,Home,8,General,0,3.8
704565,100228,2012,3,2022-11-10,2022-11-15,Elective,Home,10,Semi-Private,0,3.4
704566,100666,2055,3,2025-05-31,2025-06-11,Urgent,Home,3,Private,0,3.7
704567,101380,2023,12,2025-10-20,2025-10-30,Emergency,Home,15,Private,0,3.6
704568,101490,2075,7,2023-02-10,2023-02-22,Emergency,Home,6,Private,0,3.3
704569,100799,2052,9,2023-10-13,2023-10-15,Emergency,Transferred,13,Private,0,5.0
704570,100262,2013,5,2024-07-06,2024-07-12,Urgent,Home,4,Semi-Private,0,3.9
704571,100860,2076,12,2024-01-21,2024-01-29,Elective,Home,8,General,0,4.7
704572,100364,2071,11,2024-11-19,2024-11-21,Elective,Home,13,Private,0,4.7
704573,102047,2053,4,2023-01-05,2023-01-11,Urgent,Rehab,14,General,0,5.0
704574,102031,2063,4,2023-05-22,2023-05-29,Elective,Transferred,2,Private,0,3.3
704575,102146,2074,3,2024-01-12,2024-01-26,Urgent,Home,5,ICU,0,4.9
704576,101036,2071,8,2021-07-22,2021-07-31,Emergency,Home,6,General,0,3.9
704577,100583,2051,10,2021-04-23,2021-05-04,Elective,Home,11,General,0,5.0
704578,100927,2058,12,2023-12-16,2023-12-25,Emergency,Home,15,Semi-Private,0,4.4
704579,102183,2027,1,2025-03-03,2025-03-17,Emergency,Home,8,General,0,3.1
704580,102307,2007,3,2023-01-17,2023-01-19,Emergency,Home,2,Private,0,4.9
704581,100916,2050,2,2025-04-06,2025-04-07,Elective,Home,9,General,0,4.9
704582,101987,2024,12,2025-06-24,2025-07-07,Urgent,Rehab,7,General,0,3.0
704583,101775,2025,11,2023-05-12,2023-05-19,Elective,Transferred,10,Semi-Private,0,4.6
704584,101464,2044,11,2022-05-21,2022-05-27,Emergency,Home,13,Semi-Private,0,5.0
704585,100151,2036,12,2021-01-02,2021-01-12,Urgent,Expired,14,Private,0,4.4
704586,101505,2057,7,2023-09-24,2023-10-04,Emergency,Home,4,Semi-Private,0,3.3
704587,100868,2037,6,2025-05-24,2025-06-06,Urgent,Home,10,Private,0,4.8
704588,100142,2052,1,2022-09-03,2022-09-13,Urgent,Rehab,2,Semi-Private,0,4.5
704589,102299,2063,3,2023-07-29,2023-08-10,Elective,Home,8,ICU,0,3.8
704590,100907,2007,11,2023-04-07,2023-04-11,Emergency,Transferred,2,General,0,3.7
704591,101071,2060,4,2024-10-02,2024-10-13,Elective,Home,2,Private,0,4.5
704592,100094,2037,10,2024-07-26,2024-08-06,Urgent,Transferred,13,General,1,3.3
704593,100761,2021,11,2022-02-23,2022-03-04,Elective,Transferred,15,Private,0,4.2
704594,100356,2046,7,2024-08-17,2024-08-18,Emergency,Home,9,Private,0,4.9
704595,100532,2021,3,2021-08-08,2021-08-15,Urgent,Home,4,Private,0,5.0
704596,102018,2072,4,2025-05-02,2025-05-07,Elective,Rehab,7,General,0,3.6
704597,101453,2052,11,2023-03-20,2023-03-25,Emergency,Home,10,General,0,2.8
704598,100917,2029,7,2021-10-17,2021-10-23,Urgent,Home,14,General,0,3.5
704599,102112,2069,4,2021-03-02,2021-03-04,Urgent,Home,4,General,0,4.6
704600,101493,2076,9,2025-09-07,2025-09-18,Emergency,Home,5,General,0,3.4
704601,100727,2039,12,2025-02-20,2025-03-06,Emergency,Rehab,1,General,0,4.8
704602,101555,2027,6,2021-02-20,2021-03-03,Elective,Home,15,General,0,3.4
704603,100766,2077,2,2022-07-10,2022-07-13,Emergency,Home,10,General,0,3.6
704604,101610,2010,11,2024-06-17,2024-06-28,Emergency,Home,1,Semi-Private,0,3.9
704605,100923,2036,1,2023-04-21,2023-04-30,Urgent,Home,10,Semi-Private,0,4.7
704606,100653,2016,8,2021-05-18,2021-05-22,Urgent,Home,10,General,0,2.8
704607,100905,2036,11,2021-03-31,2021-04-06,Emergency,Home,14,Semi-Private,1,4.2
704608,100746,2034,3,2025-03-22,2025-04-04,Elective,Rehab,3,ICU,0,4.2
704609,100940,2037,7,2024-01-17,2024-01-30,Emergency,Home,6,General,0,3.3
704610,100088,2072,4,2023-12-18,2023-12-21,Emergency,Home,12,General,0,4.3
704611,101834,2068,3,2022-09-29,2022-10-02,Emergency,Home,15,ICU,0,3.9
704612,100563,2059,9,2022-03-13,2022-03-22,Emergency,Home,1,General,0,3.2
704613,101269,2029,6,2021-10-28,2021-11-06,Elective,Home,12,General,0,3.9
704614,101491,2031,6,2023-09-28,2023-10-11,Urgent,Home,12,Private,0,3.2
704615,101466,2066,6,2024-12-17,2024-12-20,Elective,Home,4,Private,0,3.5
704616,100442,2003,3,2023-05-28,2023-05-31,Elective,Home,9,General,1,4.7
704617,101950,2069,6,2024-06-15,2024-06-21,Emergency,Home,2,General,0,3.8
704618,101573,2022,4,2023-12-25,2024-01-07,Elective,Home,2,General,0,4.6
704619,100559,2080,2,2025-03-10,2025-03-11,Emergency,Home,15,Semi-Private,0,3.9
704620,100943,2073,3,2024-07-18,2024-08-01,Emergency,Home,2,Semi-Private,0,3.3
704621,101258,2053,4,2023-03-25,2023-03-30,Emergency,Transferred,10,Semi-Private,1,4.4
704622,100793,2048,11,2022-05-26,2022-06-04,Emergency,Home,10,General,0,4.4
704623,102174,2073,1,2024-06-16,2024-06-25,Elective,Home,7,General,0,3.1
704624,100690,2076,7,2025-02-20,2025-02-28,Emergency,Home,7,Private,0,4.9
704625,100477,2047,12,2023-07-10,2023-07-16,Urgent,Home,6,General,0,5.0
704626,100685,2042,5,2022-07-23,2022-08-06,Urgent,Home,2,General,0,4.5
704627,102420,2004,12,2024-11-19,2024-11-28,Emergency,Home,5,General,0,4.1
704628,101144,2042,11,2025-06-19,2025-06-22,Elective,Home,15,General,0,5.0
704629,100542,2043,9,2024-01-15,2024-01-28,Elective,Home,13,Private,0,4.4
704630,100179,2042,6,2022-01-22,2022-01-31,Urgent,Home,6,Semi-Private,0,4.1
704631,100748,2003,8,2025-06-07,2025-06-15,Emergency,Home,6,General,0,5.0
704632,102350,2059,9,2024-10-04,2024-10-16,Elective,Transferred,10,Private,0,5.0
704633,101476,2076,6,2023-07-22,2023-07-23,Emergency,Home,6,Semi-Private,0,2.9
704634,101848,2011,7,2022-11-16,2022-11-25,Elective,Transferred,15,General,1,3.6
704635,101146,2035,6,2023-02-01,2023-02-09,Emergency,Home,6,Semi-Private,0,4.4
704636,102105,2050,6,2025-05-15,2025-05-23,Emergency,Home,1,Semi-Private,0,4.9
704637,101024,2063,2,2025-01-30,2025-02-05,Emergency,Home,12,General,0,3.1
704638,101163,2070,5,2025-08-17,2025-08-26,Emergency,Home,4,Semi-Private,0,4.7
704639,101223,2006,6,2021-01-13,2021-01-21,Emergency,Home,1,Semi-Private,0,3.7
704640,101809,2032,10,2024-02-04,2024-02-06,Elective,Home,13,General,1,4.5
704641,101385,2011,5,2021-08-02,2021-08-08,Elective,Home,12,Semi-Private,0,3.6
704642,100410,2043,4,2022-05-19,2022-05-31,Elective,Home,15,Private,0,2.3
704643,100646,2039,12,2023-11-15,2023-11-26,Emergency,Transferred,13,Semi-Private,0,2.7
704644,101552,2013,6,2022-05-18,2022-05-26,Emergency,Home,3,Private,0,3.2
704645,101639,2013,6,2025-05-21,2025-06-04,Urgent,Home,12,General,0,3.6
704646,101267,2039,8,2022-12-01,2022-12-14,Emergency,Home,11,Private,0,4.0
704647,101114,2046,8,2024-02-04,2024-02-17,Urgent,Home,14,Private,0,3.6
704648,100062,2034,10,2022-02-28,2022-03-06,Urgent,Home,11,Semi-Private,0,4.0
704649,101236,2067,1,2022-12-03,2022-12-16,Emergency,Home,11,Semi-Private,0,3.6
704650,100248,2032,2,2022-12-31,2023-01-14,Urgent,Rehab,11,Semi-Private,0,4.0
704651,101728,2068,11,2025-11-25,2025-12-06,Elective,Home,2,ICU,0,4.7
704652,100497,2065,1,2022-06-06,2022-06-15,Elective,Home,2,Semi-Private,0,4.0
704653,102104,2073,10,2021-04-04,2021-04-16,Urgent,Home,6,Semi-Private,0,4.4
704654,100459,2007,7,2024-06-03,2024-06-08,Emergency,Home,1,General,1,4.5
704655,101567,2003,8,2022-11-18,2022-11-26,Elective,Home,4,General,0,3.9
704656,101413,2080,3,2024-02-01,2024-02-11,Elective,Home,9,General,0,2.7
704657,101734,2072,3,2022-09-20,2022-09-22,Elective,Home,3,General,0,4.2
704658,101105,2069,7,2025-09-09,2025-09-21,Elective,Transferred,8,ICU,0,3.5
704659,102492,2049,8,2025-04-23,2025-04-28,Emergency,Home,9,General,0,4.6
704660,102040,2058,6,2023-06-23,2023-06-24,Emergency,Home,2,Private,0,5.0
704661,100792,2028,8,2023-09-01,2023-09-06,Urgent,Rehab,5,General,0,3.8
704662,101308,2027,2,2021-10-21,2021-10-28,Emergency,Home,6,Semi-Private,0,4.1
704663,101725,2022,7,2024-05-29,2024-05-30,Elective,Home,5,General,0,4.5
704664,101575,2071,12,2025-08-31,2025-09-13,Emergency,Home,6,Private,0,3.4
704665,100595,2013,5,2021-11-13,2021-11-23,Emergency,Home,5,General,0,4.0
704666,102456,2022,6,2021-09-26,2021-09-29,Emergency,Home,7,General,0,2.8
704667,102375,2075,7,2025-11-01,2025-11-07,Emergency,Home,5,General,0,4.8
704668,100942,2005,9,2023-05-30,2023-06-11,Elective,Home,5,Semi-Private,0,5.0
704669,101200,2022,7,2022-11-23,2022-11-24,Urgent,Home,12,General,0,4.1
704670,102037,2079,12,2022-04-30,2022-05-03,Elective,Home,7,ICU,0,3.4
704671,101814,2053,11,2022-07-02,2022-07-10,Elective,Home,3,General,0,4.2
704672,102431,2039,1,2025-11-07,2025-11-16,Elective,Home,10,General,0,3.0
704673,102395,2037,5,2022-12-06,2022-12-13,Urgent,Home,7,Semi-Private,0,3.7
704674,100272,2031,11,2025-08-22,2025-08-26,Elective,Home,8,General,0,3.7
704675,101285,2062,11,2022-06-16,2022-06-23,Emergency,Home,5,Private,0,3.6
704676,100396,2006,11,2024-06-20,2024-06-27,Elective,Home,4,General,0,4.2
704677,100154,2034,4,2025-09-18,2025-09-29,Urgent,Home,2,Semi-Private,0,4.3
704678,101091,2052,8,2022-12-13,2022-12-20,Elective,Home,5,General,0,4.0
704679,101723,2030,7,2021-08-29,2021-09-06,Urgent,Home,6,Semi-Private,0,4.7
704680,100348,2013,4,2025-10-24,2025-11-04,Emergency,Home,14,Private,0,4.3
704681,101087,2058,11,2022-02-03,2022-02-17,Urgent,Home,11,Private,0,3.6
704682,102404,2053,3,2023-01-31,2023-02-14,Emergency,Home,9,Semi-Private,0,3.9
704683,101305,2020,6,2022-06-18,2022-06-22,Emergency,Home,6,Semi-Private,0,3.9
704684,101564,2006,8,2023-07-24,2023-07-28,Elective,Rehab,6,Semi-Private,0,3.7
704685,102415,2055,3,2024-11-04,2024-11-13,Emergency,Home,6,Semi-Private,1,4.4
704686,101015,2031,5,2021-10-22,2021-10-30,Elective,Home,8,General,0,2.4
704687,100277,2059,10,2022-08-13,2022-08-24,Urgent,Home,6,Semi-Private,0,4.0
704688,100221,2019,1,2025-03-30,2025-04-03,Urgent,Home,11,General,0,4.2
704689,101753,2070,10,2022-04-19,2022-04-25,Elective,Rehab,11,General,0,4.4
704690,102109,2028,12,2023-07-31,2023-08-09,Elective,Home,13,General,0,4.8
704691,101127,2013,10,2025-07-16,2025-07-29,Urgent,Transferred,14,Semi-Private,0,3.9
704692,101931,2052,8,2024-02-12,2024-02-26,Elective,Home,1,Semi-Private,0,4.6
704693,102123,2074,7,2024-06-13,2024-06-25,Urgent,Transferred,1,General,0,4.5
704694,100473,2061,8,2021-10-18,2021-11-01,Urgent,Transferred,15,General,0,4.2
704695,101025,2041,2,2023-06-12,2023-06-18,Emergency,Expired,10,Private,0,3.0
704696,100416,2045,7,2024-12-05,2024-12-16,Emergency,Home,15,Private,0,4.8
704697,101493,2007,4,2023-07-03,2023-07-08,Elective,Transferred,12,Private,0,4.1
704698,101389,2014,2,2022-04-19,2022-05-01,Urgent,Home,14,Private,1,3.8
704699,101869,2036,9,2023-01-27,2023-02-03,Urgent,Home,2,Private,0,3.1
704700,101698,2008,5,2025-07-31,2025-08-02,Elective,Home,13,Semi-Private,0,2.2
704701,100017,2012,7,2023-04-12,2023-04-20,Emergency,Home,1,General,0,5.0
704702,101534,2040,4,2021-12-26,2022-01-06,Emergency,Home,3,Semi-Private,1,4.2
704703,101463,2062,10,2022-09-22,2022-09-29,Urgent,Rehab,3,General,0,3.2
704704,101903,2014,11,2023-11-22,2023-11-28,Elective,Transferred,4,General,0,3.1
704705,101866,2049,11,2025-01-09,2025-01-12,Elective,Home,6,General,0,3.8
704706,101737,2051,4,2023-05-24,2023-06-02,Urgent,Home,13,General,0,4.6
704707,102251,2062,3,2025-11-05,2025-11-07,Urgent,Home,13,ICU,0,4.5
704708,100472,2005,1,2025-10-29,2025-11-02,Elective,Home,10,General,0,4.5
704709,102462,2067,2,2022-10-24,2022-10-26,Elective,Home,7,Semi-Private,0,3.3
704710,101699,2001,9,2021-05-12,2021-05-18,Elective,Home,14,Semi-Private,0,3.9
704711,100501,2049,1,2024-08-19,2024-08-31,Emergency,Rehab,9,General,1,4.1
704712,100121,2017,5,2022-06-11,2022-06-18,Elective,Home,8,General,1,4.0
704713,101776,2073,2,2022-01-23,2022-02-01,Emergency,Rehab,15,General,0,4.4
704714,100607,2035,4,2021-05-26,2021-06-01,Urgent,Home,6,Private,0,5.0
704715,100350,2067,11,2023-12-11,2023-12-17,Urgent,Home,9,ICU,0,4.2
704716,100820,2013,7,2022-11-25,2022-11-30,Urgent,Home,4,Private,0,3.6
704717,100784,2037,5,2022-02-06,2022-02-16,Emergency,Home,11,ICU,0,2.9
704718,101847,2038,1,2023-10-10,2023-10-21,Elective,Home,6,Private,0,4.1
704719,100497,2078,3,2022-03-18,2022-03-30,Emergency,Home,7,General,1,3.5
704720,100392,2006,10,2021-09-15,2021-09-25,Emergency,Home,2,General,0,4.3
704721,101133,2063,9,2022-06-01,2022-06-05,Elective,Home,12,Semi-Private,0,4.3
704722,100350,2049,1,2024-05-13,2024-05-23,Elective,Rehab,1,General,0,5.0
704723,100775,2009,10,2023-04-10,2023-04-21,Emergency,Transferred,14,General,0,4.2
704724,101746,2036,4,2023-01-04,2023-01-08,Emergency,Home,10,General,0,4.3
704725,102197,2023,5,2023-07-28,2023-08-01,Elective,Home,8,General,0,3.5
704726,102304,2079,10,2024-02-04,2024-02-09,Emergency,Home,13,Private,0,2.9
704727,101223,2057,3,2023-09-20,2023-09-21,Emergency,Home,8,Semi-Private,0,4.8
704728,101932,2050,3,2024-02-13,2024-02-15,Elective,Rehab,11,Private,0,4.9
704729,101467,2059,1,2021-06-18,2021-06-21,Elective,Home,7,Semi-Private,0,3.8
704730,101873,2007,6,2023-03-12,2023-03-19,Elective,Home,9,Private,0,2.5
704731,100344,2047,12,2025-11-28,2025-12-11,Emergency,Home,9,Private,0,5.0
704732,100677,2075,4,2024-03-25,2024-04-07,Emergency,Home,12,General,0,4.9
704733,102156,2056,8,2024-02-05,2024-02-06,Emergency,Home,3,Semi-Private,1,3.9
704734,100595,2008,6,2023-05-25,2023-05-28,Emergency,Home,1,General,0,4.8
704735,102073,2036,3,2021-06-03,2021-06-10,Emergency,Home,15,General,0,4.0
704736,102331,2042,12,2021-03-15,2021-03-21,Urgent,Expired,9,General,0,4.2
704737,100938,2039,7,2024-08-18,2024-08-20,Emergency,Rehab,1,General,0,2.8
704738,101991,2065,3,2021-06-29,2021-07-03,Emergency,Home,12,Private,0,4.9
704739,100238,2044,9,2022-05-15,2022-05-16,Emergency,Home,1,General,0,2.7
704740,102364,2077,8,2022-04-18,2022-04-30,Elective,Home,12,Private,0,5.0
704741,100840,2080,3,2024-09-28,2024-10-03,Emergency,Rehab,13,Private,0,5.0
704742,100592,2046,11,2025-02-25,2025-03-09,Emergency,Home,13,Private,0,2.1
704743,101632,2013,2,2025-03-01,2025-03-03,Emergency,Home,13,General,0,5.0
704744,101406,2037,3,2022-12-26,2023-01-09,Urgent,Transferred,15,Semi-Private,0,3.8
704745,102020,2014,4,2022-05-26,2022-06-03,Urgent,Home,5,Private,0,4.3
704746,100150,2013,3,2022-01-11,2022-01-21,Elective,Home,2,General,1,2.9
704747,102400,2012,9,2022-11-13,2022-11-19,Emergency,Home,15,Semi-Private,0,3.8
704748,102490,2055,12,2021-01-12,2021-01-24,Emergency,Home,2,General,0,3.1
704749,100395,2028,11,2024-08-08,2024-08-20,Elective,Home,5,Semi-Private,0,3.4
704750,100006,2022,10,2022-04-17,2022-04-18,Emergency,Home,7,Semi-Private,0,4.9
704751,100220,2019,2,2021-01-26,2021-02-09,Elective,Home,6,General,0,4.7
704752,100012,2075,8,2024-01-18,2024-01-20,Elective,Home,5,Semi-Private,0,4.6
704753,101409,2030,7,2023-03-07,2023-03-11,Elective,Rehab,3,General,0,3.6
704754,100458,2054,1,2021-04-01,2021-04-04,Emergency,Home,9,Semi-Private,0,3.5
704755,102273,2015,6,2021-05-28,2021-06-06,Emergency,Home,8,General,0,2.8
704756,102384,2030,6,2022-07-03,2022-07-04,Elective,Home,14,Private,0,4.5
704757,100167,2029,9,2025-03-26,2025-04-02,Elective,Home,11,ICU,0,5.0
704758,101862,2032,12,2023-01-29,2023-02-07,Elective,Home,3,Private,0,5.0
704759,101974,2030,10,2022-04-29,2022-05-08,Emergency,Home,7,General,0,4.0
704760,101945,2016,11,2025-06-24,2025-06-30,Elective,Transferred,3,Private,1,4.4
704761,102196,2036,8,2024-09-28,2024-10-12,Urgent,Home,11,Semi-Private,1,4.2
704762,100036,2048,7,2021-06-06,2021-06-18,Elective,Home,6,General,0,4.7
704763,100990,2028,7,2021-10-25,2021-11-07,Emergency,Home,3,Semi-Private,0,5.0
704764,102356,2062,5,2025-06-21,2025-06-28,Elective,Home,8,Semi-Private,0,3.6
704765,100642,2056,2,2025-03-26,2025-04-03,Elective,Home,3,General,0,3.6
704766,100240,2056,10,2022-10-01,2022-10-04,Urgent,Rehab,5,Semi-Private,0,3.8
704767,100917,2075,12,2023-04-17,2023-04-22,Elective,Home,3,Semi-Private,0,4.0
704768,100856,2017,5,2024-08-14,2024-08-27,Elective,Home,14,General,0,4.5
704769,102352,2062,1,2021-04-21,2021-04-25,Elective,Home,8,General,0,3.9
704770,100554,2021,11,2023-05-29,2023-06-07,Emergency,Transferred,10,General,0,3.4
704771,101886,2037,10,2021-10-22,2021-10-31,Elective,Home,14,General,0,3.4
704772,101325,2034,6,2024-10-17,2024-10-21,Emergency,Home,9,ICU,0,3.1
704773,101229,2029,2,2022-08-02,2022-08-14,Elective,Home,15,General,0,3.9
704774,100195,2068,12,2023-04-30,2023-05-14,Elective,Transferred,6,General,0,4.8
704775,101899,2060,1,2024-08-11,2024-08-13,Elective,Home,15,General,0,4.3
704776,101426,2011,1,2022-09-05,2022-09-06,Emergency,Home,14,General,0,4.4
704777,102300,2060,1,2022-12-22,2022-12-25,Emergency,Home,10,Private,0,3.2
704778,101972,2080,4,2023-11-11,2023-11-13,Emergency,Home,4,Semi-Private,0,3.1
704779,101307,2074,12,2024-12-15,2024-12-20,Elective,Home,10,Private,1,4.1
704780,102255,2034,5,2022-06-25,2022-07-01,Elective,Rehab,4,General,0,4.9
704781,100500,2033,5,2022-09-04,2022-09-18,Urgent,Rehab,5,Semi-Private,0,4.6
704782,101167,2010,11,2024-12-11,2024-12-20,Emergency,Transferred,12,Semi-Private,0,3.5
704783,100019,2060,1,2023-07-29,2023-08-02,Emergency,Home,11,General,0,5.0
704784,100687,2026,12,2023-08-13,2023-08-17,Urgent,Home,15,General,0,2.5
704785,102068,2025,11,2025-02-23,2025-02-27,Emergency,Home,3,General,0,4.0
704786,101812,2002,6,2024-09-19,2024-09-20,Elective,Home,11,General,1,4.1
704787,100448,2003,3,2024-02-21,2024-03-06,Elective,Home,4,Private,0,3.8
704788,101767,2032,4,2025-08-18,2025-08-21,Elective,Transferred,14,Semi-Private,0,4.4
704789,101125,2001,5,2023-07-06,2023-07-10,Elective,Home,12,General,1,3.8
704790,100294,2024,12,2021-06-28,2021-07-12,Emergency,Home,15,General,0,2.9
704791,101574,2050,4,2023-12-21,2023-12-22,Urgent,Rehab,4,Private,0,3.9
704792,100065,2043,4,2022-05-19,2022-05-24,Emergency,Rehab,1,General,0,4.1
704793,100076,2044,10,2021-05-11,2021-05-21,Emergency,Home,1,Semi-Private,0,4.7
704794,102075,2033,1,2022-11-27,2022-12-06,Elective,Home,9,Semi-Private,1,5.0
704795,101639,2038,2,2024-07-26,2024-07-27,Emergency,Rehab,3,General,0,3.4
704796,101300,2052,2,2025-05-29,2025-06-12,Elective,Home,5,General,1,5.0
704797,101596,2035,2,2021-03-10,2021-03-22,Elective,Home,2,Semi-Private,0,3.7
704798,100083,2017,10,2025-07-09,2025-07-16,Emergency,Transferred,1,Private,0,3.6
704799,102054,2058,1,2023-12-10,2023-12-12,Emergency,Home,7,Semi-Private,0,3.7
704800,101700,2048,10,2024-12-03,2024-12-13,Emergency,Home,10,General,0,2.5
704801,100368,2043,8,2025-11-16,2025-11-28,Emergency,Home,9,General,0,3.7
704802,101738,2048,1,2024-09-17,2024-09-28,Emergency,Home,4,Private,0,5.0
704803,101473,2044,8,2022-12-20,2022-12-29,Urgent,Rehab,4,Private,0,4.4
704804,101931,2033,1,2023-01-13,2023-01-17,Emergency,Transferred,3,General,0,4.2
704805,100370,2075,10,2025-12-01,2025-12-15,Emergency,Home,15,General,1,4.3
704806,100278,2076,3,2023-08-02,2023-08-05,Emergency,Home,3,General,1,4.9
704807,100340,2002,9,2025-02-26,2025-03-10,Elective,Rehab,2,Semi-Private,0,3.3
704808,100614,2010,8,2021-06-21,2021-07-04,Elective,Home,3,General,0,4.7
704809,101104,2028,2,2022-01-19,2022-01-30,Urgent,Home,13,Private,0,4.0
704810,100793,2047,4,2023-03-13,2023-03-20,Emergency,Home,5,General,0,3.4
704811,100067,2008,8,2025-09-14,2025-09-20,Emergency,Home,8,Semi-Private,0,4.3
704812,100215,2023,12,2023-06-24,2023-07-05,Emergency,Home,8,General,0,4.1
704813,100416,2048,9,2021-04-13,2021-04-23,Emergency,Home,5,General,0,3.4
704814,100552,2063,7,2024-12-16,2024-12-24,Elective,Home,15,General,0,3.2
704815,101310,2077,1,2024-05-27,2024-06-05,Elective,Home,11,General,0,3.7
704816,100571,2037,8,2024-07-30,2024-08-11,Emergency,Home,1,Private,0,3.6
704817,100540,2012,12,2025-12-07,2025-12-14,Urgent,Transferred,10,General,0,4.9
704818,101261,2074,1,2025-11-25,2025-12-01,Urgent,Home,14,ICU,0,3.8
704819,100117,2065,9,2022-11-05,2022-11-19,Urgent,Home,2,Private,0,3.7
704820,102199,2015,8,2022-02-13,2022-02-25,Emergency,Home,8,General,0,4.8
704821,101107,2080,4,2024-07-22,2024-07-30,Emergency,Home,10,Private,0,5.0
704822,101753,2010,10,2021-12-29,2022-01-07,Emergency,Transferred,15,Semi-Private,0,3.4
704823,101244,2042,12,2021-12-05,2021-12-19,Emergency,Home,14,Semi-Private,0,3.1
704824,101309,2026,11,2024-09-16,2024-09-24,Elective,Home,9,ICU,0,4.4
704825,101778,2049,4,2021-07-16,2021-07-22,Urgent,Home,11,Semi-Private,0,3.8
704826,102482,2023,4,2024-05-15,2024-05-23,Emergency,Home,7,General,0,3.6
704827,102368,2064,6,2024-10-25,2024-11-03,Elective,Home,9,General,0,4.8
704828,101635,2017,2,2021-12-23,2021-12-29,Elective,Home,12,Private,0,3.8
704829,100242,2034,4,2024-10-03,2024-10-17,Emergency,Home,9,Semi-Private,0,5.0
704830,100465,2057,4,2022-02-11,2022-02-17,Emergency,Home,14,General,0,4.0
704831,102251,2004,8,2021-09-27,2021-09-29,Elective,Rehab,11,General,0,4.1
704832,100549,2071,2,2022-01-23,2022-02-01,Elective,Home,6,ICU,0,5.0
704833,101469,2069,8,2022-10-30,2022-11-07,Urgent,Home,6,Semi-Private,0,4.2
704834,100858,2068,12,2022-03-21,2022-03-26,Urgent,Transferred,7,General,0,3.5
704835,101879,2050,10,2024-06-21,2024-07-01,Urgent,Home,1,General,0,3.2
704836,100786,2067,11,2023-02-14,2023-02-17,Elective,Home,11,Semi-Private,0,3.7
704837,100541,2068,2,2024-07-03,2024-07-12,Emergency,Home,9,General,1,4.2
704838,101906,2059,9,2024-03-14,2024-03-25,Urgent,Home,1,Semi-Private,1,4.7
704839,100572,2078,9,2024-09-22,2024-10-02,Urgent,Home,8,General,0,2.9
704840,101510,2063,6,2025-10-19,2025-11-02,Emergency,Transferred,10,Semi-Private,0,4.0
704841,102453,2067,10,2023-02-08,2023-02-21,Emergency,Home,2,General,0,5.0
704842,100657,2026,12,2025-03-31,2025-04-07,Elective,Home,10,Semi-Private,0,4.2
704843,100949,2001,5,2023-12-04,2023-12-17,Urgent,Home,15,General,0,5.0
704844,100015,2068,7,2024-07-17,2024-07-26,Emergency,Home,11,Private,0,2.9
704845,101105,2078,8,2024-09-10,2024-09-23,Elective,Rehab,13,Private,0,3.8
704846,100307,2018,8,2025-08-13,2025-08-27,Urgent,Home,13,Private,0,4.1
704847,100705,2012,3,2025-06-21,2025-06-28,Elective,Home,15,General,0,4.4
704848,100397,2038,3,2021-02-17,2021-03-01,Elective,Home,7,Private,0,3.4
704849,100678,2042,5,2025-04-11,2025-04-19,Urgent,Home,5,General,0,4.3
704850,100211,2036,5,2022-02-12,2022-02-26,Emergency,Rehab,8,Semi-Private,0,4.4
704851,100399,2016,2,2021-07-26,2021-08-05,Emergency,Home,13,General,0,3.9
704852,101397,2065,5,2021-11-15,2021-11-29,Emergency,Home,11,,0,4.4
704853,100258,2067,1,2022-12-20,2022-12-25,Emergency,Transferred,10,Semi-Private,0,4.2
704854,102163,2039,11,2025-04-21,2025-05-01,Emergency,Home,7,General,1,3.5
704855,100334,2059,7,2021-02-06,2021-02-16,Emergency,Transferred,8,General,0,3.9
704856,100349,2079,11,2025-04-14,2025-04-28,Elective,Home,2,ICU,0,3.1
704857,102281,2038,7,2025-01-01,2025-01-07,Emergency,Home,10,General,0,2.9
704858,100449,2016,1,2021-09-15,2021-09-27,Elective,Rehab,11,Semi-Private,0,4.2
704859,100828,2074,3,2024-11-19,2024-11-27,Emergency,Rehab,9,General,0,2.6
704860,102146,2011,8,2024-02-16,2024-03-01,Emergency,Home,12,Semi-Private,0,3.8
704861,100462,2028,11,2025-01-29,2025-02-12,Emergency,Home,6,Semi-Private,0,4.3
704862,100500,2077,9,2025-01-12,2025-01-19,Emergency,Home,11,Semi-Private,0,4.0
704863,101062,2080,3,2024-07-12,2024-07-13,Emergency,Home,6,Semi-Private,1,5.0
704864,101266,2002,6,2025-12-05,2025-12-15,Emergency,Home,6,Private,0,4.3
704865,101075,2020,6,2023-07-20,2023-07-24,Elective,Home,1,General,0,3.8
704866,101999,2076,6,2021-07-31,2021-08-13,Emergency,Transferred,14,General,0,4.5
704867,100127,2072,5,2023-03-10,2023-03-18,Emergency,Home,7,General,0,3.0
704868,101127,2038,6,2023-01-26,2023-02-06,Emergency,Transferred,2,General,0,4.8
704869,101990,2056,6,2023-07-22,2023-07-31,Urgent,Home,15,Private,0,3.6
704870,102484,2039,10,2021-05-20,2021-05-26,Emergency,Home,2,Semi-Private,0,4.8
704871,101409,2031,6,2024-04-05,2024-04-16,Emergency,Home,5,General,0,4.3
704872,100085,2080,8,2025-11-12,2025-11-16,Emergency,Home,13,General,0,4.5
704873,101383,2023,11,2025-01-23,2025-01-25,Elective,Rehab,6,Private,0,3.6
704874,100786,2034,6,2025-01-13,2025-01-25,Elective,Transferred,1,Semi-Private,0,3.1
704875,102075,2017,12,2023-12-13,2023-12-22,Emergency,Transferred,12,General,0,3.1
704876,100072,2024,3,2022-01-14,2022-01-15,Elective,Transferred,14,General,0,2.7
704877,101450,2035,7,2022-08-06,2022-08-11,Elective,Home,14,General,0,3.7
704878,101030,2023,6,2025-10-24,2025-11-01,Emergency,Home,1,General,0,3.6
704879,101114,2008,11,2021-03-16,2021-03-20,Emergency,Home,1,Semi-Private,0,4.8
704880,101616,2054,9,2021-02-19,2021-02-20,Urgent,Home,14,Semi-Private,0,3.2
704881,101619,2021,4,2024-01-25,2024-01-29,Elective,Home,15,Semi-Private,0,5.0
704882,100152,2019,1,2024-06-04,2024-06-09,Elective,Transferred,7,Semi-Private,0,3.2
704883,101236,2031,6,2022-04-21,2022-04-26,Emergency,Home,12,Semi-Private,0,3.3
704884,101287,2050,9,2025-04-14,2025-04-26,Urgent,Home,1,Private,0,2.9
704885,101406,2071,8,2024-07-11,2024-07-25,Emergency,Transferred,9,General,1,4.0
704886,102105,2024,2,2022-01-22,2022-01-23,Emergency,Home,3,General,0,3.8
704887,102474,2046,3,2024-07-03,2024-07-05,Elective,Home,15,Private,0,3.9
704888,101647,2008,8,2021-08-27,2021-09-02,Elective,Expired,12,Semi-Private,0,4.3
704889,100142,2077,12,2021-02-11,2021-02-21,Urgent,Home,10,Private,0,4.7
704890,101548,2003,11,2022-10-16,2022-10-30,Emergency,Home,13,Semi-Private,0,3.1
704891,101885,2034,9,2022-08-14,2022-08-19,Elective,Rehab,2,General,0,4.0
704892,101032,2077,8,2025-11-02,2025-11-11,Emergency,Home,6,General,0,4.6
704893,101210,2057,10,2022-01-11,2022-01-24,Elective,Transferred,15,Semi-Private,0,3.2
704894,101077,2058,1,2023-09-17,2023-09-24,Emergency,Home,2,Semi-Private,0,5.0
704895,102185,2035,3,2021-10-21,2021-11-03,Elective,Home,5,General,0,5.0
704896,102222,2021,11,2023-05-27,2023-06-01,Emergency,Home,5,General,1,3.9
704897,100219,2065,8,2024-05-06,2024-05-19,Elective,Transferred,9,General,0,3.2
704898,100255,2066,1,2025-08-05,2025-08-17,Elective,Transferred,12,General,1,3.3
704899,100812,2057,12,2022-06-28,2022-07-10,Emergency,Transferred,14,General,0,4.2
704900,100270,2042,7,2021-12-12,2021-12-21,Elective,Home,14,General,0,4.5
704901,101611,2043,4,2024-12-06,2024-12-20,Emergency,Home,13,Private,0,2.6
704902,102272,2026,12,2021-07-17,2021-07-18,Urgent,Home,4,Private,0,3.3
704903,100883,2067,7,2024-03-01,2024-03-04,Elective,Home,8,Private,1,4.1
704904,100604,2026,4,2025-12-12,2025-12-14,Urgent,Rehab,7,Private,0,2.9
704905,101187,2008,8,2025-01-25,2025-02-06,Emergency,Home,7,Semi-Private,0,3.8
704906,101734,2047,12,2024-05-23,2024-05-30,Emergency,Home,1,General,1,4.3
704907,100701,2037,6,2021-04-11,2021-04-20,Emergency,Home,6,General,0,3.9
704908,100073,2072,10,2021-11-04,2021-11-18,Emergency,Home,6,General,0,3.4
704909,100898,2018,10,2025-03-09,2025-03-22,Emergency,Home,10,General,0,4.1
704910,102022,2076,8,2023-02-22,2023-03-06,Emergency,Home,8,General,0,4.4
704911,100947,2036,12,2021-12-25,2021-12-27,Urgent,Home,6,General,0,3.3
704912,100543,2002,1,2025-04-11,2025-04-23,Elective,Transferred,8,General,1,4.3
704913,100631,2003,9,2021-01-16,2021-01-22,Elective,Home,13,Semi-Private,1,4.2
704914,101508,2034,11,2024-05-20,2024-05-22,Elective,Transferred,6,ICU,0,4.4
704915,100878,2046,12,2022-12-26,2022-12-29,Emergency,Home,8,Semi-Private,0,4.2
704916,101279,2062,9,2022-01-18,2022-01-19,Urgent,Home,5,Semi-Private,0,4.1
704917,100757,2070,6,2023-10-09,2023-10-15,Elective,Home,9,Semi-Private,0,3.9
704918,100198,2057,9,2021-11-22,2021-11-24,Emergency,Expired,12,Semi-Private,0,3.8
704919,101451,2010,6,2025-03-17,2025-03-20,Urgent,Transferred,4,Semi-Private,0,4.5
704920,100082,2018,6,2022-07-19,2022-07-25,Elective,Home,6,Private,0,3.9
704921,101332,2033,4,2025-05-02,2025-05-08,Elective,Home,11,Private,0,4.4
704922,101723,2007,3,2024-12-21,2024-12-25,Urgent,Home,2,General,0,4.4
704923,102422,2045,3,2022-07-13,2022-07-14,Urgent,Home,3,General,0,3.3
704924,100357,2029,2,2024-04-06,2024-04-13,Urgent,Expired,4,General,0,3.8
704925,101320,2038,4,2023-06-15,2023-06-17,Emergency,Home,3,General,0,4.0
704926,100580,2039,9,2023-04-04,2023-04-10,Elective,Home,12,Semi-Private,0,4.1
704927,100300,2025,7,2021-12-02,2021-12-09,Emergency,Home,13,Semi-Private,0,4.3
704928,100646,2017,3,2024-04-11,2024-04-25,Urgent,Transferred,15,ICU,1,4.1
704929,102168,2061,8,2023-12-07,2023-12-09,Emergency,Home,7,General,0,4.0
704930,102234,2051,9,2024-08-17,2024-08-23,Elective,Home,9,ICU,0,3.7
704931,100308,2037,1,2025-03-17,2025-03-18,Urgent,Home,6,Semi-Private,0,4.8
704932,100234,2067,12,2024-05-26,2024-06-01,Urgent,Home,3,General,0,4.3
704933,101035,2024,1,2022-09-13,2022-09-21,Urgent,Home,14,Private,0,3.9
704934,102223,2049,9,2021-08-29,2021-09-06,Emergency,Home,13,General,0,3.7
704935,100643,2021,9,2024-01-21,2024-01-28,Emergency,Home,15,General,1,4.2
704936,101922,2075,7,2022-10-29,2022-11-02,Urgent,Transferred,13,Private,0,4.0
704937,101026,2057,3,2021-11-27,2021-12-01,Elective,Home,9,Private,0,2.9
704938,101736,2041,4,2024-06-02,2024-06-07,Urgent,Home,1,General,0,3.3
704939,100182,2017,7,2021-08-31,2021-09-08,Elective,Expired,15,Semi-Private,0,5.0
704940,100942,2021,9,2025-01-14,2025-01-28,Urgent,Home,5,Private,0,4.3
704941,100350,2068,8,2021-02-09,2021-02-13,Elective,Home,14,General,0,3.5
704942,101406,2064,8,2022-09-05,2022-09-14,Urgent,Home,13,Semi-Private,0,3.7
704943,101221,2044,1,2023-05-18,2023-05-21,Emergency,Expired,11,Private,0,3.4
704944,101546,2028,6,2021-09-06,2021-09-15,Urgent,Home,11,Private,0,3.6
704945,100225,2036,6,2021-04-10,2021-04-12,Emergency,Home,15,Semi-Private,0,4.8
704946,101752,2037,5,2022-04-06,2022-04-12,Emergency,Home,10,General,0,3.9
704947,101747,2044,11,2025-01-05,2025-01-10,Elective,Home,15,Private,0,4.6
704948,100286,2050,1,2022-04-08,2022-04-13,Elective,Rehab,10,Semi-Private,0,5.0
704949,101355,2055,3,2025-08-26,2025-09-06,Elective,Home,5,Semi-Private,1,3.7
704950,100193,2010,12,2024-12-19,2024-12-25,Emergency,Home,2,General,0,3.0
704951,101169,2038,4,2023-07-01,2023-07-11,Elective,Home,5,Semi-Private,1,4.3
704952,100671,2049,10,2025-08-28,2025-09-04,Urgent,Home,1,Semi-Private,0,3.4
704953,101862,2072,7,2025-04-20,2025-04-24,Elective,Home,1,Semi-Private,0,4.0
704954,100612,2002,5,2025-08-13,2025-08-17,Emergency,Home,11,Semi-Private,0,4.1
704955,100901,2044,2,2021-11-02,2021-11-14,Elective,Home,14,General,0,5.0
704956,101647,2035,3,2023-12-03,2023-12-12,Urgent,Home,4,General,0,4.2
704957,100051,2021,1,2024-05-13,2024-05-17,Urgent,Home,15,General,0,3.7
704958,100128,2057,6,2023-05-10,2023-05-18,Emergency,Rehab,15,Semi-Private,0,4.5
704959,101676,2023,8,2024-09-20,2024-09-30,Emergency,Home,6,Semi-Private,0,4.6
704960,101778,2032,4,2025-05-01,2025-05-14,Emergency,Home,13,Semi-Private,0,4.9
704961,101070,2071,2,2021-05-25,2021-05-26,Elective,Home,14,General,0,3.3
704962,100234,2033,12,2024-11-27,2024-12-01,Elective,Home,11,Private,0,5.0
704963,102496,2017,4,2025-08-06,2025-08-08,Elective,Home,2,ICU,1,5.0
704964,100584,2072,10,2022-05-10,2022-05-21,Elective,Home,5,,0,5.0
704965,101467,2042,4,2025-12-20,2025-12-30,Emergency,Home,11,Private,0,5.0
704966,100503,2017,5,2025-12-10,2025-12-15,Emergency,Home,10,Semi-Private,1,3.7
704967,100922,2048,3,2023-08-22,2023-08-24,Emergency,Rehab,5,Semi-Private,1,5.0
704968,100285,2048,9,2022-11-23,2022-11-30,Emergency,Home,3,General,0,3.6
704969,101156,2057,7,2023-11-14,2023-11-24,Urgent,Home,4,General,0,4.0
704970,101970,2061,9,2021-06-07,2021-06-14,Emergency,Home,11,Private,0,3.7
704971,101500,2044,7,2022-11-11,2022-11-20,Elective,Home,13,Semi-Private,0,3.6
704972,100936,2023,12,2024-01-18,2024-01-31,Emergency,Home,2,Private,1,4.0
704973,100356,2076,10,2025-06-11,2025-06-15,Elective,Home,13,Private,0,3.1
704974,101995,2053,4,2021-10-25,2021-10-30,Elective,Home,7,Semi-Private,0,3.5
704975,101061,2033,5,2022-07-08,2022-07-11,Emergency,Home,13,General,1,3.3
704976,101662,2056,7,2025-01-21,2025-02-04,Elective,Home,3,Semi-Private,0,5.0
704977,102186,2028,6,2021-03-26,2021-04-02,Emergency,Home,13,General,0,5.0
704978,101446,2023,9,2025-12-05,2025-12-10,Elective,Home,6,General,0,5.0
704979,101469,2063,3,2025-02-01,2025-02-10,Elective,Home,9,General,0,3.9
704980,101269,2007,8,2023-05-06,2023-05-18,Elective,Home,7,General,0,4.0
704981,101563,2002,11,2024-12-19,2025-01-01,Elective,Home,4,Semi-Private,0,4.6
704982,102147,2065,10,2023-06-08,2023-06-22,Emergency,Home,2,General,0,3.0
704983,101211,2004,11,2022-06-03,2022-06-10,Emergency,Transferred,12,General,0,3.3
704984,102084,2008,4,2022-04-27,2022-05-01,Emergency,Home,15,Private,0,2.8
704985,100630,2049,9,2025-01-13,2025-01-20,Emergency,Transferred,14,Private,1,4.6
704986,101503,2029,1,2023-09-13,2023-09-14,Emergency,Home,7,Private,0,3.4
704987,100787,2055,5,2024-09-12,2024-09-14,Elective,Home,8,Private,0,4.8
704988,102103,2037,12,2022-05-13,2022-05-27,Elective,Home,3,General,0,3.7
704989,101495,2006,4,2022-03-10,2022-03-13,Urgent,Home,11,General,0,4.0
704990,101108,2024,5,2022-03-31,2022-04-05,Elective,Home,14,General,1,3.9
704991,100891,2079,6,2021-04-06,2021-04-18,Elective,Home,7,Semi-Private,0,4.1
704992,102036,2040,1,2024-07-22,2024-07-27,Emergency,Home,1,Private,0,3.6
704993,100170,2012,8,2021-12-31,2022-01-07,Elective,Home,11,General,0,4.8
704994,102297,2064,12,2022-02-15,2022-02-24,Emergency,Transferred,8,General,0,3.9
704995,100662,2046,11,2023-05-04,2023-05-14,Elective,Home,7,Semi-Private,1,4.3
704996,102258,2014,3,2023-10-27,2023-11-05,Urgent,Home,6,General,0,4.1
704997,100912,2027,7,2025-07-30,2025-08-05,Elective,Transferred,11,Semi-Private,0,3.2
704998,102189,2037,7,2023-03-24,2023-03-31,Emergency,Home,15,General,1,5.0
704999,100632,2077,9,2023-02-09,2023-02-21,Urgent,Home,15,General,0,3.5
705000,100805,2062,11,2021-12-29,2022-01-11,Emergency,Home,15,Semi-Private,0,4.6
705001,102228,2067,11,2025-09-28,2025-10-06,Urgent,Home,3,General,0,4.5
705002,100920,2080,7,2024-01-31,2024-02-04,Urgent,Home,4,Semi-Private,0,2.9
705003,101748,2076,12,2023-09-13,2023-09-20,Emergency,Home,8,General,0,3.9
705004,101041,2014,8,2024-11-21,2024-12-05,Emergency,Home,1,Private,0,4.4
705005,100385,2039,4,2023-04-27,2023-05-03,Urgent,Home,13,General,0,3.8
705006,100893,2005,10,2021-03-03,2021-03-11,Elective,Home,2,General,0,3.9
705007,102004,2076,4,2022-04-27,2022-04-28,Emergency,Home,14,General,1,4.2
705008,100792,2026,10,2024-03-29,2024-04-03,Elective,Home,1,Semi-Private,0,3.7
705009,100046,2053,8,2024-03-22,2024-04-03,Elective,Home,4,ICU,1,4.3
705010,100830,2063,4,2023-08-27,2023-09-09,Emergency,Home,6,General,0,4.0
705011,100979,2011,4,2021-09-07,2021-09-10,Emergency,Home,5,General,0,3.9
705012,102095,2033,10,2025-06-02,2025-06-11,Emergency,Transferred,13,Private,1,3.3
705013,100528,2041,3,2024-06-13,2024-06-22,Emergency,Home,6,Private,0,4.3
705014,102155,2040,12,2021-10-18,2021-10-21,Emergency,Home,2,Semi-Private,0,2.2
705015,100616,2046,3,2021-05-24,2021-06-03,Emergency,Home,15,Semi-Private,0,4.2
705016,100966,2004,11,2023-03-05,2023-03-19,Emergency,Home,5,Semi-Private,0,4.0
705017,101157,2011,4,2022-04-03,2022-04-15,Emergency,Home,1,General,0,3.4
705018,100201,2027,12,2024-11-29,2024-12-01,Urgent,Rehab,13,General,0,3.0
705019,102302,2008,2,2022-04-22,2022-04-27,Elective,Home,6,Semi-Private,0,4.3
705020,102231,2021,12,2021-08-14,2021-08-18,Elective,Home,4,Private,1,3.8
705021,101174,2005,3,2022-09-10,2022-09-17,Elective,Home,13,ICU,0,4.1
705022,101573,2062,11,2025-09-06,2025-09-18,Emergency,Home,12,Private,0,2.6
705023,100505,2032,12,2024-02-14,2024-02-28,Urgent,Home,13,Private,0,4.4
705024,102461,2058,2,2023-07-17,2023-07-25,Elective,Home,10,Private,0,4.7
705025,101946,2072,11,2022-11-09,2022-11-13,Elective,Home,9,General,0,3.9
705026,101862,2027,6,2021-10-19,2021-10-22,Urgent,Home,12,General,0,3.3
705027,101532,2026,3,2023-09-30,2023-10-09,Elective,Transferred,13,Semi-Private,0,4.3
705028,100404,2040,2,2023-03-04,2023-03-12,Emergency,Home,3,General,0,3.8
705029,100236,2029,9,2022-01-12,2022-01-23,Urgent,Home,3,General,0,4.6
705030,101620,2073,8,2025-02-23,2025-03-06,Urgent,Home,15,Private,0,4.0
705031,100633,2007,5,2021-03-02,2021-03-09,Urgent,Home,9,Private,0,2.4
705032,101570,2021,9,2022-07-14,2022-07-25,Emergency,Transferred,15,General,0,2.2
705033,102256,2080,5,2024-11-05,2024-11-13,Urgent,Transferred,14,Private,0,3.5
705034,100140,2067,5,2022-07-23,2022-07-31,Elective,Home,4,General,1,4.3
705035,100588,2010,11,2024-09-30,2024-10-10,Elective,Home,7,Semi-Private,1,3.6
705036,101844,2062,11,2022-04-30,2022-05-08,Emergency,Expired,10,Semi-Private,0,4.4
705037,100967,2008,4,2022-11-19,2022-11-30,Emergency,Home,14,Semi-Private,0,3.5
705038,100570,2004,12,2023-08-12,2023-08-13,Emergency,Home,2,Semi-Private,1,5.0
705039,102173,2029,3,2024-03-12,2024-03-16,Elective,Transferred,1,Semi-Private,0,3.9
705040,101984,2012,10,2022-07-29,2022-08-08,Emergency,Home,10,Semi-Private,0,4.2
705041,102182,2051,9,2021-02-01,2021-02-08,Emergency,Home,13,General,1,3.3
705042,101250,2019,4,2022-09-07,2022-09-13,Urgent,Home,14,General,0,3.7
705043,101969,2031,7,2022-04-24,2022-04-27,Elective,Home,1,Semi-Private,0,4.4
705044,101573,2026,5,2024-12-23,2024-12-26,Elective,Home,6,Semi-Private,0,4.0
705045,101744,2006,7,2022-11-18,2022-11-30,Elective,Home,4,Semi-Private,1,
705046,100339,2029,12,2025-02-05,2025-02-09,Elective,Home,2,General,0,4.4
705047,100839,2017,8,2023-03-07,2023-03-21,Emergency,Rehab,13,Semi-Private,0,4.5
705048,102370,2020,8,2025-06-04,2025-06-14,Elective,Home,7,Semi-Private,0,4.5
705049,100095,2042,10,2022-11-03,2022-11-09,Elective,Transferred,8,Semi-Private,0,4.8
705050,100196,2047,6,2024-04-16,2024-04-30,Emergency,Home,14,Semi-Private,0,4.1
705051,100192,2074,5,2025-04-28,2025-04-29,Emergency,Home,14,Semi-Private,0,5.0
705052,100522,2070,11,2021-08-02,2021-08-12,Emergency,Home,7,General,0,4.2
705053,100753,2002,2,2022-07-23,2022-07-27,Elective,Home,10,General,0,2.3
705054,101685,2074,12,2022-09-26,2022-10-05,Emergency,Home,9,ICU,0,4.2
705055,100988,2037,8,2025-05-11,2025-05-18,Elective,Home,1,General,0,4.8
705056,101676,2019,5,2022-03-31,2022-04-11,Emergency,Home,10,Semi-Private,1,3.0
705057,100013,2041,8,2023-05-26,2023-06-01,Elective,Home,6,General,0,3.8
705058,102302,2016,6,2022-11-21,2022-12-02,Urgent,Home,8,Semi-Private,0,4.9
705059,102024,2060,8,2021-06-08,2021-06-13,Urgent,Transferred,9,Private,0,3.6
705060,102129,2057,1,2024-06-10,2024-06-22,Elective,Home,11,Private,1,3.8
705061,100373,2064,9,2022-07-17,2022-07-30,Emergency,Home,8,General,0,4.6
705062,100394,2005,9,2023-06-15,2023-06-17,Elective,Home,6,General,0,3.0
705063,101914,2018,3,2024-11-01,2024-11-03,Elective,Home,8,Semi-Private,0,4.0
705064,101756,2072,5,2025-06-23,2025-06-29,Elective,Rehab,8,General,1,3.3
705065,101933,2013,12,2024-05-01,2024-05-10,Urgent,Home,1,Semi-Private,0,3.8
705066,100418,2074,7,2022-02-16,2022-03-02,Emergency,Home,8,Private,1,4.2
705067,101083,2036,8,2023-11-08,2023-11-20,Elective,Home,7,Semi-Private,0,4.8
705068,102176,2019,7,2024-01-30,2024-02-08,Emergency,Home,8,General,0,4.2
705069,100817,2031,3,2024-08-20,2024-08-21,Emergency,Home,8,Private,0,3.6
705070,100774,2023,7,2021-10-05,2021-10-12,Elective,Home,12,Private,0,4.9
705071,101804,2032,1,2023-12-27,2024-01-03,Elective,Home,10,General,0,4.5
705072,102330,2011,5,2025-11-11,2025-11-21,Elective,Home,14,Semi-Private,0,2.5
705073,102255,2066,9,2021-11-21,2021-11-23,Elective,Home,11,General,0,4.6
705074,101333,2005,2,2024-04-14,2024-04-28,Elective,Rehab,10,General,0,4.0
705075,102451,2013,3,2024-04-23,2024-05-05,Urgent,Home,6,General,1,4.0
705076,102266,2064,9,2025-04-19,2025-04-29,Elective,Home,9,General,0,4.9
705077,102374,2035,3,2023-09-05,2023-09-09,Urgent,Home,3,Semi-Private,0,3.8
705078,100756,2029,8,2023-02-26,2023-03-11,Elective,Rehab,10,Private,0,4.7
705079,101277,2023,6,2025-01-28,2025-02-05,Elective,Rehab,1,General,1,5.0
705080,101213,2080,7,2024-10-27,2024-11-02,Emergency,Home,14,General,1,4.0
705081,101797,2016,5,2024-12-09,2024-12-20,Elective,Home,9,Semi-Private,0,
705082,101467,2026,10,2023-03-06,2023-03-20,Elective,Transferred,14,Semi-Private,0,4.5
705083,102178,2003,12,2023-02-24,2023-03-09,Elective,Home,10,General,1,4.3
705084,102051,2023,7,2022-10-09,2022-10-16,Elective,Home,14,General,0,4.7
705085,101990,2057,10,2024-10-11,2024-10-21,Urgent,Rehab,10,Semi-Private,0,3.2
705086,100555,2009,11,2022-11-01,2022-11-12,Emergency,Home,2,General,0,3.5
705087,101714,2051,10,2022-08-30,2022-09-10,Elective,Transferred,3,General,1,3.1
705088,101518,2033,3,2022-06-16,2022-06-30,Elective,Home,11,General,0,5.0
705089,100266,2078,11,2022-07-24,2022-07-30,Emergency,Rehab,4,Private,0,2.7
705090,100923,2024,5,2024-06-30,2024-07-09,Urgent,Home,8,Semi-Private,0,5.0
705091,102072,2050,6,2024-07-03,2024-07-14,Elective,Home,11,Private,1,4.4
705092,100534,2052,9,2023-11-02,2023-11-14,Emergency,Transferred,9,General,1,3.3
705093,101881,2071,4,2022-03-23,2022-04-02,Emergency,Home,3,Private,0,3.0
705094,102051,2038,8,2022-06-03,2022-06-13,Elective,Transferred,2,General,0,4.0
705095,101694,2044,8,2022-01-27,2022-02-05,Emergency,Transferred,2,Semi-Private,0,3.8
705096,100880,2056,10,2023-07-19,2023-07-25,Elective,Home,11,Private,0,4.3
705097,102475,2066,6,2021-04-24,2021-04-30,Emergency,Home,9,ICU,0,2.4
705098,102052,2045,12,2022-01-23,2022-02-01,Urgent,Home,12,Private,1,3.9
705099,100808,2052,8,2023-11-02,2023-11-12,Elective,Home,8,Private,0,3.3
705100,100232,2001,12,2021-09-12,2021-09-21,Emergency,Home,2,Private,0,5.0
705101,100750,2064,5,2021-01-07,2021-01-10,Urgent,Home,13,General,0,4.3
705102,100072,2008,1,2024-09-08,2024-09-15,Urgent,Rehab,8,Private,0,3.6
705103,102136,2043,4,2024-04-24,2024-04-27,Elective,Transferred,4,General,0,5.0
705104,100528,2008,11,2023-08-14,2023-08-18,Emergency,Home,6,Semi-Private,0,3.7
705105,100886,2029,6,2025-07-23,2025-08-06,Elective,Transferred,5,General,0,3.9
705106,102498,2013,9,2024-08-22,2024-08-31,Emergency,Rehab,5,General,0,4.2
705107,102044,2001,4,2021-10-18,2021-10-28,Elective,Home,13,Private,0,4.7
705108,102487,2029,6,2024-09-24,2024-10-02,Emergency,Home,10,Private,0,4.0
705109,101459,2050,10,2021-07-07,2021-07-13,Elective,Home,10,Semi-Private,0,5.0
705110,102174,2037,11,2022-11-01,2022-11-07,Emergency,Home,7,Semi-Private,0,3.7
705111,100563,2001,5,2025-02-21,2025-03-01,Elective,Home,8,General,0,3.3
705112,101997,2069,9,2025-05-20,2025-06-02,Emergency,Home,5,Semi-Private,0,5.0
705113,101660,2048,10,2024-08-27,2024-08-29,Elective,Home,13,General,1,3.8
705114,101564,2055,6,2021-04-24,2021-05-08,Elective,Home,4,General,1,4.4
705115,101989,2066,3,2023-06-08,2023-06-13,Emergency,Rehab,2,General,0,4.6
705116,100345,2063,2,2025-10-10,2025-10-23,Elective,Home,5,Semi-Private,0,5.0
705117,102189,2022,3,2024-04-23,2024-04-30,Emergency,Home,8,General,0,3.8
705118,101030,2011,6,2025-05-27,2025-06-08,Elective,Home,1,General,0,4.4
705119,101673,2029,10,2022-09-03,2022-09-16,Elective,Rehab,6,Private,0,3.4
705120,101565,2003,8,2024-12-01,2024-12-04,Elective,Home,2,Private,0,3.6
705121,101702,2045,8,2024-06-03,2024-06-11,Emergency,Home,2,Private,0,3.4
705122,100798,2077,12,2025-08-02,2025-08-05,Emergency,Home,8,Private,0,4.6
705123,101120,2003,5,2025-10-28,2025-11-11,Emergency,Home,6,ICU,0,4.7
705124,101913,2074,1,2025-03-07,2025-03-11,Urgent,Transferred,6,Semi-Private,0,4.3
705125,102263,2068,1,2022-11-22,2022-12-02,Elective,Home,6,General,0,3.4
705126,100743,2014,12,2021-01-13,2021-01-23,Urgent,Transferred,9,,0,3.5
705127,100058,2065,7,2022-03-05,2022-03-11,Urgent,Home,14,Private,0,
705128,100906,2057,2,2025-03-19,2025-03-25,Urgent,Home,15,General,0,4.3
705129,102453,2015,4,2024-11-22,2024-11-24,Elective,Home,13,General,0,2.8
705130,101208,2060,10,2022-01-06,2022-01-08,Emergency,Home,3,Semi-Private,0,3.7
705131,100783,2054,5,2024-07-09,2024-07-12,Urgent,Transferred,2,Private,1,3.0
705132,100097,2002,8,2024-08-27,2024-08-30,Emergency,Home,14,Private,0,4.4
705133,100587,2064,10,2023-08-04,2023-08-08,Elective,Transferred,5,General,0,3.3
705134,101112,2028,9,2025-04-13,2025-04-17,Urgent,Home,6,Semi-Private,0,5.0
705135,101087,2077,1,2022-10-27,2022-10-31,Elective,Home,9,Semi-Private,0,4.8
705136,100541,2067,9,2024-06-03,2024-06-13,Emergency,Home,9,Semi-Private,1,3.9
705137,100816,2003,5,2024-11-16,2024-11-26,Emergency,Home,2,General,0,4.3
705138,102239,2053,4,2022-01-20,2022-01-31,Urgent,Home,9,Private,1,4.4
705139,100917,2026,10,2021-07-11,2021-07-14,Urgent,Transferred,9,Private,0,3.3
705140,100085,2004,5,2025-06-28,2025-06-29,Elective,Home,13,General,0,4.9
705141,101359,2016,9,2025-03-17,2025-03-26,Urgent,Home,6,General,0,3.9
705142,102489,2072,8,2024-01-08,2024-01-22,Emergency,Rehab,1,General,0,3.4
705143,101876,2054,10,2025-05-28,2025-05-30,Emergency,Home,11,ICU,0,4.4
705144,102387,2016,12,2023-06-17,2023-07-01,Emergency,Home,8,Private,0,3.2
705145,101692,2031,5,2024-05-02,2024-05-05,Emergency,Expired,8,General,0,4.5
705146,101842,2002,11,2024-09-10,2024-09-12,Emergency,Home,8,Semi-Private,0,4.3
705147,101203,2073,10,2023-03-28,2023-04-03,Emergency,Transferred,13,Semi-Private,0,3.5
705148,101271,2045,5,2023-10-18,2023-10-24,Elective,Home,13,General,0,4.7
705149,101004,2054,1,2022-10-29,2022-11-11,Emergency,Home,8,ICU,1,4.5
705150,100674,2059,9,2021-08-26,2021-08-27,Emergency,Transferred,10,Semi-Private,0,3.8
705151,101699,2059,3,2022-03-09,2022-03-13,Urgent,Rehab,5,General,1,4.4
705152,100730,2022,1,2021-07-26,2021-08-05,Emergency,Home,2,Semi-Private,1,3.0
705153,100317,2034,5,2023-10-03,2023-10-08,Emergency,Home,9,Semi-Private,0,4.4
705154,100076,2073,10,2024-01-18,2024-01-30,Emergency,Home,12,General,1,2.9
705155,100974,2056,3,2025-10-15,2025-10-21,Urgent,Expired,11,Semi-Private,0,4.1
705156,100204,2034,6,2024-02-26,2024-03-02,Elective,Rehab,6,Semi-Private,0,4.5
705157,102472,2026,7,2021-05-13,2021-05-16,Elective,Home,3,Semi-Private,0,4.3
705158,101759,2071,11,2023-05-09,2023-05-12,Emergency,Transferred,1,General,0,5.0
705159,100193,2045,4,2023-05-09,2023-05-12,Elective,Home,15,General,0,3.4
705160,101463,2076,4,2023-04-28,2023-05-04,Emergency,Home,12,General,0,4.3
705161,102349,2021,2,2024-01-20,2024-01-24,Emergency,Home,5,General,0,2.4
705162,100260,2043,2,2022-08-10,2022-08-14,Elective,Home,4,Semi-Private,0,3.6
705163,100432,2039,7,2024-09-14,2024-09-17,Urgent,Transferred,13,Semi-Private,0,3.8
705164,100696,2013,11,2021-05-25,2021-06-08,Emergency,Home,13,General,0,5.0
705165,100198,2042,5,2024-11-09,2024-11-13,Elective,Transferred,13,Semi-Private,0,4.0
705166,100983,2045,5,2022-08-24,2022-09-01,Emergency,Rehab,4,General,0,4.7
705167,100039,2051,12,2023-06-28,2023-07-01,Emergency,Home,9,General,0,3.3
705168,102127,2017,2,2024-04-26,2024-05-06,Emergency,Home,13,General,0,3.8
705169,100729,2063,7,2022-09-12,2022-09-15,Urgent,Home,6,General,0,3.4
705170,100684,2007,2,2022-04-13,2022-04-19,Emergency,Rehab,8,General,0,3.3
705171,102091,2055,12,2024-05-21,2024-05-22,Elective,Transferred,9,General,0,3.3
705172,100132,2004,5,2024-08-03,2024-08-13,Emergency,Home,13,Semi-Private,0,3.5
705173,102125,2031,5,2022-04-06,2022-04-12,Elective,Rehab,1,General,0,5.0
705174,101970,2056,3,2023-02-16,2023-02-27,Emergency,Home,7,Private,0,4.0
705175,100039,2004,2,2023-03-26,2023-04-04,Emergency,Home,7,Semi-Private,0,3.0
705176,102199,2040,3,2021-01-23,2021-01-26,Urgent,Transferred,14,General,0,3.6
705177,101443,2047,11,2024-11-09,2024-11-11,Elective,Home,15,Semi-Private,0,4.8
705178,102366,2050,5,2024-02-21,2024-02-24,Emergency,Rehab,14,General,0,3.5
705179,101488,2023,12,2021-01-30,2021-02-11,Elective,Home,9,Private,0,5.0
705180,101456,2051,6,2023-01-19,2023-01-22,Emergency,Home,1,General,1,4.8
705181,101527,2038,4,2024-10-19,2024-10-21,Elective,Home,2,Private,0,3.9
705182,101293,2009,7,2025-01-25,2025-02-07,Elective,Home,14,Semi-Private,1,3.5
705183,102485,2061,2,2025-09-29,2025-10-10,Emergency,Home,6,General,0,3.3
705184,100340,2080,6,2024-03-05,2024-03-09,Urgent,Home,4,General,1,4.1
705185,101245,2021,9,2024-02-02,2024-02-10,Emergency,Transferred,5,Private,0,4.3
705186,100658,2009,10,2022-01-03,2022-01-10,Emergency,Home,15,General,0,5.0
705187,101700,2025,5,2023-09-19,2023-09-29,Elective,Home,5,General,0,4.3
705188,100361,2036,4,2022-01-07,2022-01-16,Emergency,Home,10,Private,0,3.7
705189,101973,2043,9,2023-08-19,2023-08-27,Emergency,Home,1,General,0,5.0
705190,102238,2078,6,2024-04-28,2024-05-11,Emergency,Expired,1,General,0,4.6
705191,102461,2028,12,2024-06-12,2024-06-19,Urgent,Home,13,Private,0,3.5
705192,100329,2064,4,2021-12-27,2022-01-02,Emergency,Home,7,Private,0,3.9
705193,101800,2045,1,2025-08-19,2025-08-22,Emergency,Transferred,3,Semi-Private,0,4.5
705194,101246,2056,9,2022-04-04,2022-04-14,Emergency,Home,5,Semi-Private,0,4.2
705195,101868,2048,10,2022-03-23,2022-03-27,Emergency,Home,8,Semi-Private,0,3.2
705196,101710,2008,3,2024-03-16,2024-03-24,Elective,Expired,5,General,1,4.1
705197,102140,2014,6,2025-10-05,2025-10-17,Emergency,Home,10,Private,0,3.5
705198,100440,2015,1,2024-04-03,2024-04-05,Elective,Home,9,Private,0,4.0
705199,102293,2039,6,2024-05-01,2024-05-13,Elective,Transferred,4,Semi-Private,0,3.0
705200,101977,2025,3,2023-03-05,2023-03-11,Emergency,Home,15,Semi-Private,0,3.3
705201,100833,2063,3,2024-07-21,2024-08-03,Elective,Home,7,Semi-Private,0,5.0
705202,100097,2059,11,2023-05-02,2023-05-03,Elective,Transferred,13,Private,0,3.7
705203,102000,2075,7,2022-04-18,2022-04-25,Elective,Expired,15,General,0,4.8
705204,100938,2029,11,2021-06-23,2021-06-27,Urgent,Home,8,General,0,3.9
705205,101501,2003,9,2024-07-24,2024-08-05,Urgent,Home,7,Private,0,3.1
705206,101290,2039,6,2022-07-19,2022-07-20,Elective,Home,15,General,0,3.2
705207,100575,2022,12,2021-01-04,2021-01-09,Urgent,Rehab,13,General,0,3.4
705208,102151,2041,1,2021-07-06,2021-07-11,Elective,Home,4,Semi-Private,0,5.0
705209,100829,2020,9,2025-04-29,2025-05-12,Emergency,Home,8,ICU,0,3.8
705210,100513,2019,5,2023-03-24,2023-03-30,Elective,Home,10,General,0,4.1
705211,100666,2013,2,2022-01-19,2022-01-31,Emergency,Home,11,Semi-Private,0,4.5
705212,101517,2019,3,2022-06-21,2022-06-29,Emergency,Rehab,10,Semi-Private,1,4.4
705213,101285,2080,11,2025-08-18,2025-08-22,Elective,Home,13,Private,0,4.6
705214,102083,2066,5,2025-09-18,2025-10-01,Emergency,Home,10,General,0,3.6
705215,101405,2065,12,2022-02-12,2022-02-24,Emergency,Home,14,Semi-Private,0,3.1
705216,100397,2003,2,2023-11-18,2023-11-25,Emergency,Home,4,General,0,3.3
705217,102075,2024,12,2023-08-02,2023-08-13,Emergency,Home,10,Semi-Private,0,2.9
705218,101932,2038,12,2025-06-09,2025-06-13,Emergency,Home,13,General,0,3.6
705219,101886,2002,3,2024-02-08,2024-02-22,Elective,Home,12,Private,0,1.2
705220,102354,2056,8,2025-07-29,2025-08-11,Emergency,Transferred,8,General,0,4.5
705221,101695,2080,6,2021-01-26,2021-01-28,Urgent,Home,8,Private,0,4.4
705222,100581,2037,12,2025-08-17,2025-08-25,Urgent,Rehab,4,Semi-Private,0,3.3
705223,102213,2004,2,2024-03-27,2024-04-01,Elective,Home,5,General,0,3.0
705224,100102,2078,2,2021-02-18,2021-02-28,Emergency,Home,5,Semi-Private,0,5.0
705225,100455,2044,1,2021-09-24,2021-09-28,Elective,Home,5,Semi-Private,0,4.7
705226,100193,2045,7,2021-10-08,2021-10-20,Emergency,Home,3,Semi-Private,0,3.8
705227,100898,2047,6,2024-10-22,2024-11-05,Elective,Home,13,Semi-Private,0,3.5
705228,100810,2026,6,2025-07-08,2025-07-10,Emergency,Rehab,2,Private,1,4.0
705229,100299,2076,5,2021-09-07,2021-09-14,Elective,Home,14,Semi-Private,1,2.9
705230,100021,2009,3,2025-02-11,2025-02-16,Elective,Home,1,General,0,4.2
705231,100045,2080,8,2023-10-06,2023-10-15,Elective,Home,11,Private,0,3.1
705232,100683,2048,3,2022-12-06,2022-12-13,Elective,Home,3,General,0,2.2
705233,101714,2031,5,2022-12-30,2023-01-08,Emergency,Transferred,9,General,0,3.4
705234,102271,2055,8,2021-01-22,2021-02-04,Elective,Home,7,General,0,3.2
705235,100299,2001,12,2022-08-20,2022-09-01,Elective,Home,2,Private,0,5.0
705236,101362,2059,3,2023-10-15,2023-10-25,Elective,Home,11,General,0,5.0
705237,100288,2011,5,2023-11-23,2023-12-03,Emergency,Home,8,General,1,3.2
705238,100517,2002,11,2022-03-09,2022-03-22,Emergency,Home,11,General,0,3.9
705239,102202,2046,6,2023-11-16,2023-11-21,Emergency,Home,13,General,0,3.5
705240,102329,2001,1,2025-09-06,2025-09-17,Elective,Home,14,Semi-Private,0,5.0
705241,102482,2070,2,2021-12-16,2021-12-22,Elective,Home,8,Private,0,2.6
705242,100342,2071,7,2023-09-22,2023-09-30,Emergency,Home,7,Private,0,4.3
705243,100086,2066,9,2021-12-15,2021-12-25,Emergency,Home,12,General,0,5.0
705244,100191,2002,10,2022-01-09,2022-01-15,Elective,Home,11,Private,0,3.6
705245,101092,2069,4,2024-10-09,2024-10-20,Urgent,Home,6,Semi-Private,0,4.0
705246,101170,2013,5,2024-07-20,2024-07-24,Emergency,Home,15,General,0,4.8
705247,100991,2019,12,2021-07-20,2021-07-22,Elective,Home,2,ICU,0,3.2
705248,100876,2047,4,2022-12-08,2022-12-14,Urgent,Rehab,15,Semi-Private,0,4.5
705249,101948,2001,11,2021-09-14,2021-09-27,Emergency,Rehab,4,ICU,0,2.8
705250,101852,2018,3,2025-06-12,2025-06-25,Emergency,Home,1,General,0,2.8
705251,101279,2032,10,2023-09-18,2023-09-30,Urgent,Rehab,7,Semi-Private,0,4.6
705252,102179,2072,2,2024-08-09,2024-08-23,Emergency,Rehab,15,General,0,3.3
705253,100839,2011,3,2021-08-27,2021-09-10,Elective,Home,11,Semi-Private,0,4.1
705254,100959,2020,2,2023-07-08,2023-07-17,Elective,Expired,2,Semi-Private,0,3.1
705255,101401,2008,8,2025-01-05,2025-01-13,Emergency,Home,6,General,0,4.2
705256,101556,2038,1,2022-09-26,2022-09-29,Emergency,Home,9,General,0,2.8
705257,101223,2006,5,2025-07-11,2025-07-16,Elective,Rehab,5,General,0,5.0
705258,100839,2002,1,2024-02-02,2024-02-08,Elective,Home,5,Semi-Private,0,4.6
705259,102269,2074,5,2024-12-18,2024-12-25,Emergency,Home,4,Semi-Private,0,3.5
705260,102044,2073,3,2022-09-07,2022-09-09,Elective,Rehab,1,Private,0,2.6
705261,101434,2055,9,2024-09-08,2024-09-14,Elective,Home,4,Semi-Private,0,3.8
705262,101169,2003,12,2022-09-28,2022-09-30,Emergency,Home,9,Semi-Private,0,3.7
705263,102402,2066,1,2025-02-26,2025-03-06,Elective,Home,14,Semi-Private,0,3.6
705264,100948,2072,10,2021-05-26,2021-06-02,Emergency,Transferred,9,General,0,4.8
705265,100161,2073,1,2024-05-19,2024-05-21,Elective,Transferred,7,General,0,4.9
705266,100464,2026,8,2023-08-10,2023-08-14,Elective,Rehab,13,Semi-Private,0,4.3
705267,102263,2048,3,2025-04-15,2025-04-22,Elective,Home,4,Private,0,5.0
705268,101976,2008,11,2022-09-22,2022-10-01,Emergency,Home,13,Private,1,1.9
705269,101216,2067,7,2022-04-19,2022-04-22,Elective,Home,9,Semi-Private,0,3.8
705270,102273,2075,10,2023-06-09,2023-06-19,Elective,Home,5,Semi-Private,0,3.7
705271,100709,2069,5,2021-03-12,2021-03-22,Elective,Home,12,Private,0,4.6
705272,100161,2076,2,2024-06-04,2024-06-12,Urgent,Home,12,General,0,3.8
705273,101785,2030,11,2023-07-01,2023-07-14,Urgent,Home,10,Semi-Private,0,4.4
705274,101945,2027,7,2021-06-26,2021-07-05,Elective,Rehab,13,General,0,3.6
705275,102077,2043,7,2022-02-24,2022-03-09,Emergency,Rehab,2,General,0,3.5
705276,100767,2005,3,2025-08-25,2025-09-02,Elective,Home,9,Semi-Private,0,4.6
705277,102028,2020,6,2024-04-21,2024-04-25,Emergency,Home,6,Private,0,4.0
705278,100185,2052,5,2021-07-12,2021-07-16,Elective,Home,5,Private,0,4.2
705279,101897,2021,1,2022-08-24,2022-09-04,Elective,Expired,11,Private,0,3.1
705280,102405,2003,1,2022-08-25,2022-09-01,Urgent,Rehab,10,General,0,4.5
705281,100733,2041,2,2022-06-13,2022-06-17,Urgent,Home,12,Semi-Private,0,3.2
705282,101856,2064,7,2023-07-20,2023-07-31,Elective,Home,8,Semi-Private,0,5.0
705283,101622,2068,3,2021-09-28,2021-10-11,Elective,Home,2,General,0,3.8
705284,100578,2071,9,2025-08-14,2025-08-24,Elective,Home,5,Private,0,3.7
705285,102162,2024,3,2023-04-20,2023-04-30,Emergency,Rehab,10,General,0,4.7
705286,100378,2052,10,2024-12-20,2024-12-27,Urgent,Home,8,Private,0,4.0
705287,101309,2075,4,2025-06-19,2025-06-28,Elective,Transferred,4,Semi-Private,0,4.5
705288,100097,2002,11,2024-08-15,2024-08-27,Elective,Home,10,Private,0,3.8
705289,100842,2044,8,2021-07-02,2021-07-11,Emergency,Home,10,Semi-Private,0,4.5
705290,102172,2041,4,2023-11-04,2023-11-13,Emergency,Transferred,11,General,1,3.9
705291,100156,2070,7,2022-06-12,2022-06-22,Elective,Home,9,Private,1,4.7
705292,102158,2007,11,2021-06-16,2021-06-28,Emergency,Transferred,7,General,0,4.9
705293,100053,2038,5,2021-09-12,2021-09-22,Emergency,Transferred,12,Semi-Private,0,2.8
705294,101703,2045,6,2024-05-31,2024-06-06,Emergency,Home,7,General,0,4.3
705295,100726,2009,8,2025-03-31,2025-04-01,Urgent,Home,9,Private,0,5.0
705296,101718,2053,4,2024-03-29,2024-04-10,Elective,Transferred,3,General,0,4.5
705297,101414,2028,6,2023-06-08,2023-06-16,Elective,Home,15,ICU,1,5.0
705298,100045,2019,10,2022-05-17,2022-05-31,Emergency,Home,14,Semi-Private,0,3.3
705299,100936,2068,2,2024-06-10,2024-06-24,Emergency,Rehab,14,General,0,4.2
705300,101687,2004,9,2024-03-09,2024-03-15,Emergency,Rehab,13,Private,1,4.4
705301,101141,2013,12,2025-07-21,2025-07-28,Elective,Transferred,13,Private,1,3.6
705302,102170,2011,9,2023-07-17,2023-07-19,Urgent,Home,3,ICU,0,3.1
705303,101424,2002,12,2024-12-07,2024-12-10,Emergency,Rehab,13,Semi-Private,0,5.0
705304,101685,2070,10,2025-11-21,2025-11-27,Emergency,Rehab,13,General,0,4.8
705305,100500,2012,10,2025-03-14,2025-03-17,Emergency,Home,10,ICU,0,4.4
705306,100074,2037,6,2025-12-15,2025-12-20,Elective,Home,7,General,0,4.0
705307,102197,2056,6,2023-11-04,2023-11-17,Urgent,Home,2,Private,0,4.1
705308,101561,2052,10,2024-04-08,2024-04-12,Elective,Transferred,10,Semi-Private,0,4.5
705309,100892,2073,7,2023-02-12,2023-02-17,Elective,Transferred,14,General,0,5.0
705310,101890,2004,4,2024-10-18,2024-10-26,Emergency,Home,15,ICU,0,3.5
705311,101078,2004,7,2025-10-12,2025-10-16,Elective,Home,15,General,0,4.1
705312,101247,2049,10,2024-07-12,2024-07-21,Emergency,Home,3,General,0,3.7
705313,100473,2052,1,2025-04-02,2025-04-05,Emergency,Home,6,General,0,3.2
705314,101340,2034,7,2022-02-26,2022-03-10,Emergency,Home,13,Semi-Private,0,3.5
705315,102218,2022,12,2024-09-28,2024-10-05,Emergency,Home,15,General,1,4.2
705316,100701,2013,1,2021-01-18,2021-01-25,Emergency,Home,9,General,0,3.8
705317,102080,2063,11,2024-09-01,2024-09-02,Elective,Home,14,General,0,4.0
705318,100053,2015,8,2025-12-02,2025-12-05,Emergency,Home,4,General,0,4.5
705319,100139,2040,10,2022-01-25,2022-02-04,Urgent,Home,15,Private,0,4.9
705320,101398,2038,6,2022-04-17,2022-04-18,Urgent,Home,5,General,0,5.0
705321,102138,2055,1,2024-10-13,2024-10-21,Elective,Transferred,15,General,0,4.6
705322,100828,2044,11,2023-08-26,2023-09-05,Emergency,Transferred,6,General,0,3.5
705323,102084,2066,12,2024-10-31,2024-11-05,Elective,Home,3,Semi-Private,0,4.8
705324,101249,2066,1,2024-06-02,2024-06-06,Urgent,Rehab,2,General,0,3.8
705325,100554,2043,12,2023-08-14,2023-08-17,Emergency,Home,4,Private,0,3.5
705326,100740,2072,4,2022-08-07,2022-08-14,Urgent,Home,6,General,0,4.5
705327,100269,2038,7,2025-12-14,2025-12-22,Elective,Home,4,Semi-Private,0,
705328,100910,2029,5,2023-05-27,2023-06-04,Urgent,Transferred,12,General,1,3.5
705329,100186,2075,5,2024-01-21,2024-02-03,Urgent,Home,8,Semi-Private,0,4.2
705330,100869,2056,8,2022-07-14,2022-07-15,Emergency,Home,9,Semi-Private,0,4.3
705331,102472,2006,2,2025-08-28,2025-09-04,Elective,Home,14,ICU,1,3.3
705332,100833,2009,4,2024-04-22,2024-04-27,Emergency,Rehab,8,Semi-Private,1,2.9
705333,101413,2022,4,2023-09-10,2023-09-12,Emergency,Home,14,General,0,2.9
705334,101490,2046,11,2023-12-19,2023-12-27,Elective,Home,7,General,0,5.0
705335,101016,2031,8,2022-02-21,2022-02-23,Urgent,Rehab,2,General,0,3.7
705336,100442,2021,6,2023-08-22,2023-08-28,Urgent,Transferred,10,Semi-Private,0,3.5
705337,100039,2038,10,2022-01-01,2022-01-13,Emergency,Home,2,General,0,4.2
705338,101645,2052,9,2021-07-09,2021-07-14,Emergency,Home,10,Semi-Private,0,5.0
705339,101550,2019,10,2025-08-11,2025-08-17,Elective,Home,5,Private,0,3.1
705340,100166,2010,9,2024-09-24,2024-10-05,Emergency,Transferred,4,Semi-Private,0,2.6
705341,101936,2046,4,2024-10-28,2024-11-07,Emergency,Home,4,Semi-Private,0,5.0
705342,101469,2076,10,2024-03-16,2024-03-24,Urgent,Home,4,General,0,4.4
705343,100443,2066,7,2022-04-04,2022-04-13,Urgent,Home,7,Semi-Private,0,3.2
705344,100331,2079,3,2022-04-05,2022-04-18,Urgent,Rehab,3,General,0,3.7
705345,100993,2038,6,2021-12-27,2021-12-30,Elective,Rehab,2,Semi-Private,0,3.2
705346,101359,2062,1,2021-11-19,2021-11-22,Elective,Home,5,Semi-Private,0,4.5
705347,101136,2072,5,2022-10-28,2022-11-04,Elective,Home,13,Semi-Private,0,4.8
705348,101770,2046,6,2021-08-18,2021-08-21,Emergency,Transferred,6,General,0,4.5
705349,102187,2035,12,2024-08-11,2024-08-22,Urgent,Home,14,General,0,4.1
705350,101803,2043,12,2025-04-28,2025-05-12,Emergency,Transferred,8,Semi-Private,0,4.3
705351,101808,2030,12,2022-10-11,2022-10-21,Elective,Rehab,11,Semi-Private,1,3.4
705352,101190,2073,5,2022-12-25,2023-01-06,Elective,Transferred,15,General,0,3.7
705353,101438,2063,7,2021-07-29,2021-08-03,Emergency,Home,15,Semi-Private,0,4.0
705354,101193,2030,12,2024-10-15,2024-10-25,Elective,Home,3,General,0,3.8
705355,102172,2029,4,2022-09-25,2022-09-29,Emergency,Home,14,Private,0,4.0
705356,100761,2066,5,2024-04-09,2024-04-20,Elective,Home,14,Semi-Private,0,2.8
705357,101773,2072,4,2024-05-21,2024-05-30,Elective,Home,15,Private,0,4.7
705358,101122,2074,9,2023-02-12,2023-02-23,Elective,Home,4,General,0,3.2
705359,101043,2022,2,2021-10-17,2021-10-29,Urgent,Home,4,ICU,0,2.4
705360,101148,2035,1,2025-04-22,2025-04-30,Emergency,Rehab,4,General,0,3.5
705361,100226,2042,4,2023-10-24,2023-11-05,Elective,Home,7,General,0,3.8
705362,101979,2024,12,2024-10-16,2024-10-25,Urgent,Home,4,General,0,5.0
705363,102372,2026,12,2022-04-09,2022-04-15,Elective,Home,14,General,0,3.6
705364,101041,2031,12,2025-06-08,2025-06-10,Urgent,Home,7,General,1,4.2
705365,101884,2002,6,2022-02-12,2022-02-20,Elective,Rehab,4,Semi-Private,0,4.2
705366,101480,2039,10,2021-01-26,2021-02-09,Elective,Rehab,14,Semi-Private,0,2.9
705367,100541,2012,8,2024-09-01,2024-09-02,Urgent,Home,15,Private,0,3.9
705368,100646,2073,4,2025-11-18,2025-11-29,Urgent,Home,10,Semi-Private,0,3.8
705369,100990,2044,1,2024-11-14,2024-11-19,Urgent,Transferred,8,ICU,0,4.1
705370,100706,2043,9,2025-02-15,2025-02-17,Emergency,Home,5,General,0,4.3
705371,100631,2067,3,2025-09-02,2025-09-15,Elective,Home,2,General,0,4.6
705372,100191,2038,6,2023-06-22,2023-06-29,Emergency,Home,13,Semi-Private,0,3.4
705373,101689,2066,10,2022-12-26,2022-12-31,Emergency,Rehab,9,Private,0,4.4
705374,100855,2040,8,2021-09-23,2021-10-03,Elective,Home,15,General,0,3.5
705375,100405,2022,11,2021-12-17,2021-12-20,Urgent,Home,9,Semi-Private,0,3.3
705376,102478,2075,5,2024-06-24,2024-07-08,Elective,Rehab,15,Semi-Private,0,5.0
705377,100520,2063,11,2025-07-24,2025-07-31,Urgent,Home,1,ICU,1,2.6
705378,101670,2059,7,2021-10-14,2021-10-26,Urgent,Transferred,5,Private,0,3.6
705379,101408,2076,11,2024-09-17,2024-09-20,Emergency,Home,3,Semi-Private,0,4.2
705380,100821,2019,11,2021-04-21,2021-04-27,Emergency,Home,10,Semi-Private,0,3.6
705381,100435,2020,10,2021-03-12,2021-03-16,Emergency,Home,11,General,0,4.1
705382,102111,2073,9,2025-02-02,2025-02-14,Elective,Rehab,5,Semi-Private,0,3.0
705383,102182,2043,1,2022-07-28,2022-08-07,Emergency,Home,4,Private,0,2.6
705384,100619,2058,11,2023-12-09,2023-12-11,Elective,Home,3,General,0,3.3
705385,100425,2054,8,2021-02-19,2021-02-28,Emergency,Home,7,Semi-Private,0,4.1
705386,101552,2040,2,2021-03-21,2021-03-27,Emergency,Home,5,General,0,3.9
705387,100358,2027,1,2023-07-21,2023-07-26,Emergency,Home,1,Private,0,4.5
705388,101595,2013,4,2023-06-27,2023-07-10,Elective,Home,4,General,1,2.9
705389,101033,2047,6,2024-12-04,2024-12-09,Urgent,Home,1,General,0,3.6
705390,101011,2072,8,2025-02-24,2025-03-04,Urgent,Home,15,General,0,3.9
705391,100197,2023,1,2022-05-21,2022-05-26,Urgent,Home,3,General,0,3.3
705392,101141,2059,1,2023-03-18,2023-03-26,Emergency,Home,11,Private,0,4.1
705393,101034,2077,10,2024-07-09,2024-07-17,Elective,Home,10,General,0,3.8
705394,100862,2007,2,2021-09-29,2021-09-30,Elective,Home,15,General,0,4.4
705395,100349,2050,9,2023-01-28,2023-02-01,Emergency,Home,10,Semi-Private,0,4.2
705396,101659,2066,12,2022-11-27,2022-12-06,Elective,Home,5,Semi-Private,0,2.6
705397,100575,2003,4,2021-05-28,2021-06-11,Emergency,Home,6,Private,0,5.0
705398,101028,2039,7,2024-02-06,2024-02-08,Emergency,Rehab,11,Private,0,2.4
705399,101820,2007,3,2021-12-13,2021-12-24,Emergency,Home,1,Private,0,2.8
705400,102376,2068,11,2021-11-08,2021-11-12,Urgent,Rehab,10,General,0,3.9
705401,101786,2055,1,2025-10-26,2025-10-30,Elective,Home,9,ICU,0,4.2
705402,100931,2008,1,2023-05-23,2023-05-24,Emergency,Home,13,Semi-Private,0,3.8
705403,102178,2032,9,2023-11-25,2023-12-05,Urgent,Home,14,General,0,3.6
705404,101948,2019,4,2025-09-11,2025-09-21,Urgent,Home,9,General,0,3.9
705405,100587,2012,11,2024-07-29,2024-08-12,Urgent,Home,1,Private,0,4.4
705406,100484,2057,3,2023-05-10,2023-05-17,Elective,Home,7,General,0,3.1
705407,100358,2010,5,2023-03-19,2023-03-31,Emergency,Home,4,General,0,3.2
705408,100385,2078,1,2023-03-17,2023-03-18,Elective,Transferred,13,Semi-Private,0,3.4
705409,100254,2021,3,2022-09-22,2022-09-27,Elective,Home,14,General,0,5.0
705410,100835,2020,4,2021-07-26,2021-08-03,Urgent,Home,2,Semi-Private,0,4.3
705411,101191,2004,12,2023-03-22,2023-03-26,Elective,Home,12,Semi-Private,0,4.4
705412,101737,2019,6,2021-02-11,2021-02-16,Emergency,Home,11,General,0,5.0
705413,101704,2029,9,2022-04-03,2022-04-14,Elective,Home,11,General,0,4.6
705414,100796,2071,3,2022-02-18,2022-02-28,Elective,Home,2,Semi-Private,0,4.1
705415,100469,2064,4,2021-12-13,2021-12-25,Urgent,Home,6,General,0,5.0
705416,101884,2072,5,2022-04-15,2022-04-18,Emergency,Rehab,15,General,0,3.3
705417,100493,2011,8,2021-05-12,2021-05-17,Elective,Home,6,Semi-Private,0,3.8
705418,100920,2033,9,2025-12-04,2025-12-16,Emergency,Home,5,General,0,4.9
705419,100051,2025,3,2025-12-22,2025-12-25,Emergency,Home,3,General,1,2.4
705420,102121,2033,3,2024-07-31,2024-08-04,Elective,Transferred,11,General,0,3.4
705421,100052,2026,7,2022-11-07,2022-11-18,Emergency,Home,7,Semi-Private,0,4.6
705422,102173,2036,9,2021-10-22,2021-10-25,Elective,Home,3,Semi-Private,0,4.1
705423,100262,2011,1,2022-01-12,2022-01-17,Emergency,Home,13,Private,0,4.4
705424,101909,2030,1,2021-05-20,2021-05-22,Urgent,Home,11,Private,0,2.6
705425,101545,2057,12,2022-12-27,2023-01-05,Urgent,Home,7,General,0,3.4
705426,102378,2010,2,2021-06-24,2021-06-27,Emergency,Home,2,Semi-Private,0,4.5
705427,100241,2025,6,2023-07-24,2023-08-03,Elective,Home,15,Semi-Private,0,3.3
705428,101309,2068,3,2025-02-22,2025-03-08,Emergency,Home,8,General,0,4.6
705429,101863,2057,12,2025-07-26,2025-07-27,Elective,Home,2,Semi-Private,0,4.2
705430,101626,2034,8,2024-05-26,2024-05-31,Emergency,Home,2,Semi-Private,1,3.1
705431,101323,2077,5,2025-12-17,2025-12-21,Emergency,Home,4,Semi-Private,0,4.3
705432,101229,2054,3,2025-07-18,2025-07-20,Urgent,Home,10,ICU,0,4.6
705433,100291,2051,8,2025-05-01,2025-05-13,Emergency,Transferred,1,General,0,4.3
705434,102259,2006,8,2022-12-13,2022-12-25,Elective,Home,11,Semi-Private,0,4.4
705435,101390,2059,2,2022-10-28,2022-11-05,Emergency,Transferred,7,General,0,2.7
705436,101814,2054,5,2024-10-23,2024-11-01,Elective,Home,2,Semi-Private,0,5.0
705437,101488,2017,3,2025-01-20,2025-01-26,Emergency,Home,15,Semi-Private,0,5.0
705438,102370,2026,7,2023-09-17,2023-09-25,Emergency,Home,14,Private,0,5.0
705439,102406,2009,2,2023-06-30,2023-07-02,Emergency,Home,15,Semi-Private,0,4.1
705440,100917,2002,9,2022-04-13,2022-04-24,Emergency,Transferred,14,General,0,3.7
705441,102142,2020,2,2023-03-31,2023-04-06,Urgent,Home,6,Private,1,3.7
705442,100711,2006,11,2025-11-28,2025-11-29,Urgent,Home,14,General,0,4.6
705443,101887,2079,2,2025-02-25,2025-03-07,Urgent,Home,5,General,0,4.8
705444,102217,2055,6,2021-06-25,2021-06-28,Emergency,Transferred,14,Private,0,3.5
705445,101321,2048,3,2021-03-04,2021-03-11,Emergency,Transferred,5,Private,0,4.0
705446,102039,2058,3,2021-01-10,2021-01-22,Elective,Home,13,General,0,4.9
705447,102146,2042,10,2025-01-20,2025-02-02,Urgent,Home,4,Private,0,3.9
705448,100350,2074,2,2024-10-11,2024-10-24,Elective,Transferred,14,Semi-Private,0,4.1
705449,100736,2021,5,2024-06-05,2024-06-06,Emergency,Home,5,Private,0,5.0
705450,100401,2006,12,2023-04-29,2023-05-05,Urgent,Home,12,General,0,4.9
705451,100751,2030,11,2022-03-17,2022-03-24,Emergency,Home,11,Semi-Private,0,4.6
705452,101475,2023,5,2022-02-10,2022-02-13,Urgent,Home,9,Semi-Private,0,3.2
705453,101499,2036,7,2021-03-05,2021-03-16,Urgent,Home,13,Semi-Private,0,3.2
705454,100821,2003,8,2024-03-27,2024-04-04,Urgent,Transferred,13,Semi-Private,1,3.4
705455,101443,2034,8,2021-06-02,2021-06-10,Emergency,Home,12,Private,0,3.6
705456,102417,2030,12,2023-08-25,2023-08-30,Elective,Home,12,Semi-Private,0,4.2
705457,101888,2042,3,2025-06-02,2025-06-13,Elective,Home,1,ICU,0,3.9
705458,101419,2021,6,2021-08-23,2021-08-25,Emergency,Home,2,Semi-Private,0,3.9
705459,101143,2004,12,2024-06-13,2024-06-15,Elective,Rehab,12,General,0,3.8
705460,101767,2049,5,2025-12-22,2025-12-27,Elective,Home,15,General,0,3.3
705461,101005,2048,4,2025-03-09,2025-03-13,Emergency,Home,7,Semi-Private,0,3.7
705462,100966,2051,10,2025-05-18,2025-05-30,Emergency,Home,9,General,0,5.0
705463,101015,2024,6,2021-08-19,2021-08-23,Emergency,Home,3,General,0,4.5
705464,101214,2046,4,2024-11-08,2024-11-13,Urgent,Rehab,6,Semi-Private,0,4.0
705465,102019,2027,8,2024-02-25,2024-02-26,Urgent,Home,13,Private,0,2.9
705466,102037,2051,9,2025-01-31,2025-02-07,Elective,Transferred,5,General,0,3.3
705467,101646,2020,1,2025-07-25,2025-07-28,Emergency,Home,9,ICU,0,4.0
705468,100814,2080,12,2023-05-21,2023-05-31,Elective,Home,15,Semi-Private,0,5.0
705469,101815,2071,1,2021-12-15,2021-12-29,Emergency,Home,9,Private,0,4.2
705470,102154,2018,4,2024-01-19,2024-01-29,Elective,Rehab,13,General,0,4.2
705471,102213,2008,6,2023-11-20,2023-12-04,Elective,Transferred,15,Semi-Private,0,4.8
705472,100638,2027,8,2025-01-07,2025-01-15,Urgent,Home,12,Semi-Private,0,3.3
705473,101024,2014,12,2021-09-05,2021-09-14,Emergency,Rehab,10,Semi-Private,0,5.0
705474,101510,2018,12,2023-10-01,2023-10-09,Emergency,Home,3,General,0,3.7
705475,102039,2065,1,2023-09-02,2023-09-13,Urgent,Home,10,Semi-Private,0,4.9
705476,102379,2031,3,2024-11-25,2024-12-07,Urgent,Home,10,Private,0,5.0
705477,101394,2020,12,2025-05-16,2025-05-30,Elective,Expired,2,Semi-Private,0,3.3
705478,101144,2070,4,2024-03-17,2024-03-19,Emergency,Home,13,Private,0,4.0
705479,102347,2045,10,2024-09-10,2024-09-17,Elective,Transferred,10,General,0,4.6
705480,100856,2001,2,2021-07-08,2021-07-20,Elective,Rehab,4,General,0,3.8
705481,101167,2019,9,2022-12-20,2022-12-24,Urgent,Home,12,Semi-Private,1,3.8
705482,101666,2039,3,2021-06-07,2021-06-20,Elective,Home,12,Semi-Private,0,3.7
705483,101925,2027,4,2023-01-03,2023-01-08,Emergency,Home,9,General,0,2.6
705484,101973,2056,4,2025-12-14,2025-12-25,Elective,Transferred,3,General,0,4.8
705485,101965,2016,1,2025-11-24,2025-12-04,Emergency,Home,4,General,0,3.2
705486,101117,2078,5,2022-09-19,2022-09-24,Emergency,Home,2,General,0,2.3
705487,100447,2007,5,2025-09-22,2025-10-03,Emergency,Home,1,General,0,4.8
705488,100734,2020,2,2021-08-16,2021-08-25,Emergency,Home,5,Semi-Private,0,4.4
705489,101824,2031,1,2021-10-31,2021-11-12,Urgent,Home,4,Semi-Private,0,3.0
705490,100522,2079,5,2024-12-23,2024-12-25,Elective,Transferred,10,ICU,0,4.8
705491,101707,2025,5,2022-03-12,2022-03-14,Elective,Home,2,Semi-Private,0,4.5
705492,101399,2001,7,2022-10-24,2022-10-27,Elective,Home,6,Private,0,4.0
705493,101125,2017,11,2023-07-21,2023-07-26,Urgent,Home,5,Private,0,3.7
705494,100622,2080,10,2025-01-27,2025-02-08,Urgent,Home,1,Semi-Private,0,3.9
705495,100759,2027,10,2024-06-02,2024-06-06,Urgent,Home,10,General,0,4.2
705496,101859,2024,2,2024-07-26,2024-08-05,Emergency,Home,3,General,0,3.4
705497,102292,2062,12,2021-03-27,2021-04-06,Emergency,Home,4,General,0,4.8
705498,102071,2052,8,2021-05-01,2021-05-13,Elective,Home,1,General,0,4.4
705499,101378,2051,5,2024-03-11,2024-03-20,Elective,Transferred,12,General,0,3.9
705500,100865,2066,5,2021-01-23,2021-01-26,Emergency,Home,12,General,0,5.0
705501,102001,2057,9,2025-11-16,2025-11-17,Emergency,Transferred,13,General,0,3.8
705502,101798,2055,2,2025-06-06,2025-06-11,Elective,Home,11,Private,0,5.0
705503,102317,2053,10,2025-11-03,2025-11-11,Elective,Home,8,Semi-Private,0,4.2
705504,102015,2019,11,2024-01-03,2024-01-04,Elective,Home,3,Private,0,4.6
705505,102362,2013,2,2022-10-16,2022-10-17,Elective,Home,15,General,0,3.7
705506,102168,2029,5,2022-05-24,2022-06-06,Elective,Home,5,General,0,2.6
705507,101948,2006,1,2025-05-23,2025-05-29,Emergency,Home,12,General,0,4.4
705508,101144,2073,11,2022-04-30,2022-05-07,Elective,Home,3,Semi-Private,0,3.1
705509,100710,2001,5,2021-04-08,2021-04-22,Urgent,Home,4,Semi-Private,0,3.5
705510,100136,2024,5,2021-10-29,2021-11-06,Emergency,Home,15,General,1,4.1
705511,100936,2074,8,2024-05-09,2024-05-17,Elective,Expired,9,General,0,3.5
705512,100001,2006,6,2025-06-03,2025-06-06,Emergency,Home,13,General,0,4.0
705513,100077,2048,11,2021-12-29,2022-01-02,Emergency,Home,13,General,0,4.1
705514,100961,2020,6,2023-08-01,2023-08-10,Elective,Rehab,3,General,0,2.9
705515,101546,2076,5,2021-08-11,2021-08-22,Elective,Home,8,General,0,4.2
705516,102039,2067,5,2022-05-07,2022-05-12,Elective,Home,6,General,0,3.5
705517,102196,2055,8,2025-08-04,2025-08-18,Emergency,Transferred,6,ICU,0,3.2
705518,100574,2018,1,2024-08-01,2024-08-12,Elective,Home,1,Semi-Private,0,2.5
705519,101549,2021,9,2022-01-31,2022-02-14,Emergency,Home,12,Private,0,2.8
705520,100186,2064,6,2021-10-24,2021-11-02,Emergency,Rehab,11,Semi-Private,1,4.0
705521,101701,2037,9,2022-04-15,2022-04-27,Emergency,Home,7,General,0,4.0
705522,100522,2019,2,2021-06-16,2021-06-21,Urgent,Home,15,General,0,4.4
705523,102210,2056,3,2022-03-21,2022-03-26,Emergency,Home,4,General,0,5.0
705524,101950,2062,1,2021-08-21,2021-08-30,Emergency,Home,8,Private,0,5.0
705525,102244,2018,5,2021-11-18,2021-11-24,Emergency,Home,9,Semi-Private,0,4.7
705526,100034,2030,2,2021-05-04,2021-05-07,Elective,Home,2,General,0,4.9
705527,101621,2056,11,2021-08-17,2021-08-29,Elective,Transferred,8,General,0,4.1
705528,101594,2042,1,2024-04-27,2024-05-02,Elective,Home,11,Semi-Private,0,4.1
705529,101897,2053,9,2022-10-17,2022-10-18,Elective,Home,8,General,0,5.0
705530,102456,2074,11,2024-10-15,2024-10-24,Emergency,Rehab,6,Semi-Private,0,4.2
705531,101801,2050,9,2022-07-13,2022-07-23,Urgent,Transferred,14,Private,0,4.2
705532,101321,2004,6,2025-09-17,2025-10-01,Emergency,Home,3,General,1,4.9
705533,101944,2063,11,2022-07-23,2022-08-02,Emergency,Transferred,5,Semi-Private,0,3.8
705534,100537,2067,11,2024-12-17,2024-12-28,Elective,Home,2,General,0,
705535,102084,2056,8,2024-03-07,2024-03-14,Elective,Home,14,General,1,3.0
705536,101288,2049,11,2023-11-17,2023-11-18,Emergency,Home,14,Semi-Private,0,3.7
705537,101406,2022,12,2025-02-26,2025-03-12,Urgent,Home,6,General,0,3.8
705538,102162,2012,9,2021-11-25,2021-12-06,Elective,Home,14,General,0,3.8
705539,100443,2049,5,2023-09-05,2023-09-16,Elective,Home,3,General,0,4.6
705540,101187,2013,2,2023-08-19,2023-08-23,Emergency,Home,4,General,0,3.2
705541,100038,2033,4,2022-09-10,2022-09-12,Emergency,Home,9,General,0,5.0
705542,102140,2047,3,2025-12-24,2025-12-27,Urgent,Home,10,General,0,2.5
705543,102149,2064,10,2025-03-22,2025-03-26,Elective,Transferred,5,Private,0,4.4
705544,100507,2017,7,2021-04-24,2021-05-06,Elective,Home,13,General,0,4.6
705545,102227,2034,10,2025-07-24,2025-08-07,Elective,Home,7,Semi-Private,0,4.5
705546,102332,2068,10,2022-02-04,2022-02-06,Urgent,Rehab,12,General,0,4.8
705547,100355,2039,10,2024-08-04,2024-08-14,Elective,Rehab,9,Semi-Private,0,3.8
705548,101928,2072,8,2022-01-03,2022-01-04,Emergency,Home,13,General,0,4.9
705549,101559,2001,5,2024-10-11,2024-10-22,Elective,Home,5,General,0,3.5
705550,101974,2005,2,2021-11-23,2021-11-27,Elective,Transferred,1,General,0,3.5
705551,100488,2040,12,2024-06-07,2024-06-16,Urgent,Home,2,Semi-Private,0,5.0
705552,101006,2063,9,2023-02-11,2023-02-25,Elective,Home,3,General,0,4.1
705553,100279,2001,1,2023-01-16,2023-01-27,Emergency,Home,3,General,0,4.7
705554,100650,2035,5,2024-01-19,2024-01-30,Emergency,Home,15,General,0,4.4
705555,100355,2017,12,2021-06-24,2021-07-03,Elective,Rehab,1,Private,0,4.5
705556,102243,2060,12,2024-06-23,2024-07-05,Elective,Transferred,9,Semi-Private,0,2.5
705557,100804,2001,3,2023-08-18,2023-08-27,Emergency,Home,14,General,0,4.3
705558,102141,2004,8,2025-11-19,2025-11-22,Elective,Transferred,9,Private,0,4.0
705559,102481,2009,8,2025-06-29,2025-06-30,Urgent,Home,12,Private,0,4.7
705560,100558,2045,12,2024-09-15,2024-09-16,Emergency,Home,4,ICU,0,3.4
705561,101051,2032,12,2023-12-06,2023-12-20,Elective,Home,9,Semi-Private,0,4.9
705562,100162,2069,1,2024-02-14,2024-02-17,Emergency,Home,4,General,0,3.1
705563,102149,2014,4,2021-01-13,2021-01-23,Emergency,Home,8,General,0,3.7
705564,100699,2051,12,2022-07-04,2022-07-18,Emergency,Home,3,Private,0,2.8
705565,101974,2023,10,2021-12-17,2021-12-25,Elective,Home,9,Private,0,3.2
705566,102206,2046,8,2025-02-27,2025-03-03,Urgent,Transferred,11,General,0,4.0
705567,100492,2027,9,2021-10-28,2021-11-08,Elective,Home,11,Semi-Private,0,5.0
705568,101993,2036,9,2023-10-02,2023-10-10,Emergency,Home,4,Private,0,4.0
705569,101033,2068,2,2021-01-17,2021-01-31,Emergency,Transferred,15,General,1,3.0
705570,101921,2032,9,2024-06-12,2024-06-19,Elective,Home,13,Private,1,2.4
705571,100824,2073,8,2021-03-18,2021-04-01,Emergency,Home,8,Semi-Private,0,4.5
705572,100679,2066,11,2022-04-06,2022-04-14,Elective,Home,13,General,0,3.5
705573,101879,2042,11,2024-08-05,2024-08-07,Emergency,Home,2,Semi-Private,0,3.6
705574,100786,2050,9,2023-12-01,2023-12-09,Emergency,Home,7,General,0,4.8
705575,101834,2057,9,2023-05-14,2023-05-23,Emergency,Home,2,General,0,3.9
705576,100992,2064,3,2024-11-22,2024-12-02,Elective,Home,5,Semi-Private,0,3.8
705577,100111,2046,5,2021-05-10,2021-05-21,Emergency,Home,9,Semi-Private,1,4.1
705578,102251,2074,11,2023-09-26,2023-10-02,Emergency,Home,5,Private,0,5.0
705579,101784,2054,3,2023-12-07,2023-12-21,Elective,Rehab,14,General,0,4.2
705580,101089,2053,6,2021-03-19,2021-03-22,Elective,Home,4,General,1,2.4
705581,101739,2029,10,2025-05-22,2025-05-29,Urgent,Home,8,General,0,3.4
705582,101185,2037,5,2024-09-08,2024-09-17,Emergency,Rehab,5,Private,0,3.8
705583,102462,2069,2,2022-03-14,2022-03-22,Emergency,Home,9,Private,1,4.6
705584,101669,2014,3,2021-03-24,2021-04-07,Elective,Home,9,General,0,3.1
705585,101729,2027,7,2024-05-30,2024-06-07,Emergency,Home,2,General,0,4.1
705586,102314,2005,10,2021-11-09,2021-11-20,Emergency,Transferred,10,Private,0,3.9
705587,100572,2044,10,2023-09-04,2023-09-11,Emergency,Home,9,ICU,0,4.8
705588,100205,2015,12,2021-05-05,2021-05-10,Urgent,Home,11,Private,0,3.3
705589,100584,2067,5,2025-07-02,2025-07-04,Emergency,Home,8,Private,0,4.1
705590,102221,2001,3,2025-12-16,2025-12-21,Elective,Transferred,14,Semi-Private,0,5.0
705591,100308,2024,4,2025-05-20,2025-05-25,Urgent,Home,10,General,0,4.7
705592,100450,2076,6,2021-12-09,2021-12-11,Urgent,Home,7,General,0,4.4
705593,100062,2062,8,2025-06-22,2025-07-03,Elective,Rehab,6,Private,0,3.8
705594,101484,2078,12,2022-01-10,2022-01-20,Urgent,Rehab,4,Semi-Private,1,4.1
705595,100475,2057,7,2022-06-19,2022-06-20,Elective,Home,11,Private,0,3.9
705596,101596,2020,12,2022-09-06,2022-09-11,Emergency,Rehab,15,General,0,4.6
705597,102134,2058,3,2023-10-13,2023-10-19,Urgent,Transferred,15,General,0,4.4
705598,101960,2014,2,2022-09-26,2022-10-09,Elective,Home,7,Private,0,3.5
705599,101031,2078,3,2025-05-21,2025-05-28,Emergency,Rehab,12,Private,0,5.0
705600,102343,2053,5,2021-08-27,2021-09-07,Elective,Transferred,15,General,0,4.9
705601,102033,2035,7,2022-11-15,2022-11-17,Elective,Home,12,Private,0,3.4
705602,101543,2062,8,2021-02-04,2021-02-10,Urgent,Home,6,Semi-Private,0,3.7
705603,101676,2061,6,2022-04-13,2022-04-25,Urgent,Home,8,Private,0,3.9
705604,100526,2019,2,2022-01-15,2022-01-23,Emergency,Home,1,Private,0,4.6
705605,100034,2042,11,2021-05-12,2021-05-18,Emergency,Home,3,Semi-Private,0,3.4
705606,101856,2044,2,2023-12-01,2023-12-04,Elective,Home,8,Semi-Private,0,3.5
705607,101058,2001,10,2024-10-22,2024-10-25,Elective,Transferred,2,General,0,4.7
705608,100406,2068,11,2023-09-13,2023-09-24,Emergency,Rehab,9,ICU,0,4.4
705609,101042,2078,5,2023-03-10,2023-03-17,Emergency,Home,13,General,0,2.5
705610,102476,2046,11,2022-01-07,2022-01-09,Emergency,Home,2,General,0,4.5
705611,100293,2051,5,2023-07-26,2023-07-29,Elective,Home,13,General,1,2.9
705612,101927,2032,1,2023-05-09,2023-05-16,Emergency,Home,9,Semi-Private,0,3.5
705613,102096,2080,1,2023-04-05,2023-04-14,Emergency,Home,12,Semi-Private,0,3.7
705614,101892,2019,9,2021-12-20,2021-12-21,Elective,Home,7,Semi-Private,0,3.6
705615,102132,2039,7,2024-02-17,2024-02-22,Emergency,Home,4,General,0,3.5
705616,100607,2014,8,2023-06-02,2023-06-15,Emergency,Home,3,Semi-Private,0,3.2
705617,102356,2029,12,2022-06-22,2022-06-24,Urgent,Home,8,General,0,4.4
705618,102300,2042,5,2023-12-25,2024-01-06,Elective,Home,10,Semi-Private,1,2.8
705619,101505,2014,3,2024-02-02,2024-02-07,Emergency,Home,15,General,0,3.6
705620,100180,2011,3,2025-03-09,2025-03-22,Urgent,Home,13,General,1,4.6
705621,101334,2075,12,2023-11-01,2023-11-14,Emergency,Home,13,ICU,1,4.3
705622,102474,2047,3,2022-11-09,2022-11-15,Elective,Home,11,Private,0,3.0
705623,102048,2024,1,2022-11-04,2022-11-12,Emergency,Transferred,14,General,0,2.6
705624,102087,2022,11,2022-08-06,2022-08-13,Elective,Expired,14,General,0,3.2
705625,100816,2049,11,2022-10-24,2022-10-29,Emergency,Home,7,Semi-Private,0,2.4
705626,100376,2055,3,2024-11-11,2024-11-22,Emergency,Home,10,General,0,4.1
705627,101953,2055,2,2023-10-28,2023-11-02,Elective,Home,12,General,0,3.7
705628,102089,2070,8,2025-03-04,2025-03-18,Elective,Home,14,General,0,3.7
705629,101694,2078,10,2022-05-11,2022-05-13,Elective,Home,1,Private,0,4.4
705630,101742,2073,10,2022-02-05,2022-02-11,Elective,Home,11,Semi-Private,0,4.7
705631,102095,2035,6,2024-10-31,2024-11-03,Elective,Home,7,ICU,0,4.2
705632,100185,2044,5,2022-06-18,2022-06-24,Elective,Transferred,1,ICU,0,3.8
705633,100072,2036,1,2021-10-24,2021-10-27,Elective,Home,1,Private,0,3.5
705634,101775,2015,2,2024-04-05,2024-04-07,Emergency,Rehab,15,Semi-Private,1,3.7
705635,100574,2045,2,2023-08-01,2023-08-09,Urgent,Home,11,Private,0,4.2
705636,102390,2062,7,2024-05-03,2024-05-07,Urgent,Home,5,Private,0,4.7
705637,100569,2050,12,2025-07-06,2025-07-11,Urgent,Home,10,Semi-Private,0,3.0
705638,100964,2078,7,2022-04-02,2022-04-11,Elective,Transferred,5,Semi-Private,1,3.2
705639,101267,2013,6,2023-04-24,2023-04-28,Elective,Home,12,General,0,4.0
705640,102376,2031,8,2024-06-27,2024-07-10,Urgent,Home,2,Semi-Private,0,2.4
705641,102018,2005,4,2023-07-17,2023-07-18,Emergency,Transferred,7,Semi-Private,0,4.2
705642,102006,2008,9,2025-01-07,2025-01-18,Urgent,Home,3,Semi-Private,0,4.8
705643,100153,2013,8,2024-05-08,2024-05-14,Emergency,Home,15,Semi-Private,0,5.0
705644,101279,2041,3,2022-08-08,2022-08-19,Emergency,Home,11,Private,0,4.1
705645,100729,2017,3,2022-12-22,2023-01-02,Emergency,Home,11,Semi-Private,0,4.6
705646,101448,2032,12,2025-12-11,2025-12-16,Elective,Home,1,Private,0,4.0
705647,102280,2005,12,2021-11-11,2021-11-21,Emergency,Home,7,Private,1,5.0
705648,101553,2009,9,2024-06-24,2024-06-27,Emergency,Rehab,11,General,1,3.7
705649,100176,2034,9,2022-05-12,2022-05-23,Elective,Transferred,4,Semi-Private,0,4.2
705650,102046,2001,11,2024-09-29,2024-10-10,Elective,Home,4,Semi-Private,0,4.5
705651,102191,2040,5,2022-10-16,2022-10-30,Urgent,Home,3,ICU,0,4.3
705652,102065,2079,10,2024-08-29,2024-09-03,Emergency,Home,7,General,0,3.4
705653,100249,2054,1,2024-09-02,2024-09-10,Emergency,Rehab,2,General,0,3.0
705654,100801,2032,3,2021-06-09,2021-06-10,Emergency,Home,7,Semi-Private,0,4.8
705655,101000,2050,11,2022-04-25,2022-04-29,Elective,Home,12,Semi-Private,0,4.2
705656,102194,2059,5,2025-10-09,2025-10-12,Emergency,Transferred,10,Semi-Private,0,4.1
705657,100926,2062,4,2024-03-12,2024-03-16,Emergency,Home,8,Private,0,4.7
705658,102213,2011,4,2021-11-23,2021-11-25,Elective,Rehab,2,Semi-Private,0,4.6
705659,101135,2023,1,2021-01-03,2021-01-05,Urgent,Home,8,General,0,4.3
705660,100647,2026,6,2025-06-10,2025-06-12,Emergency,Home,7,Semi-Private,0,4.5
705661,100354,2063,12,2025-06-25,2025-06-28,Elective,Home,10,General,0,3.6
705662,101298,2046,10,2023-03-22,2023-04-03,Emergency,Rehab,8,General,0,4.4
705663,100943,2069,11,2024-07-24,2024-08-02,Emergency,Home,3,Semi-Private,0,2.8
705664,101303,2006,4,2022-07-13,2022-07-18,Emergency,Rehab,6,Private,0,4.0
705665,100526,2051,1,2022-09-02,2022-09-06,Elective,Home,1,General,0,4.6
705666,101559,2043,10,2024-02-06,2024-02-19,Elective,Home,7,Private,0,3.5
705667,100510,2042,6,2025-02-18,2025-02-22,Urgent,Home,11,General,1,4.1
705668,101538,2013,5,2023-12-10,2023-12-13,Urgent,Home,4,General,0,4.2
705669,100178,2025,5,2022-05-12,2022-05-21,Elective,Home,4,General,1,3.3
705670,102377,2002,2,2022-06-15,2022-06-26,Emergency,Home,12,General,1,4.8
705671,100801,2014,1,2023-08-07,2023-08-17,Urgent,Home,12,General,1,4.2
705672,101420,2017,7,2023-05-13,2023-05-14,Elective,Rehab,14,General,1,2.7
705673,100938,2040,5,2025-12-19,2026-01-02,Elective,Rehab,9,General,0,4.1
705674,102021,2039,3,2021-08-31,2021-09-06,Emergency,Home,7,Private,1,5.0
705675,102345,2025,6,2024-03-09,2024-03-13,Elective,Home,8,General,0,4.0
705676,101975,2048,3,2021-07-30,2021-08-07,Urgent,Home,6,Semi-Private,0,3.5
705677,101519,2049,6,2022-11-17,2022-11-24,Elective,Home,2,Semi-Private,1,3.6
705678,101259,2033,6,2024-07-11,2024-07-14,Elective,Home,3,Semi-Private,0,3.9
705679,101243,2027,9,2022-06-05,2022-06-10,Elective,Home,4,Private,1,3.1
705680,101241,2045,8,2024-09-28,2024-10-09,Elective,Transferred,2,General,0,5.0
705681,101699,2031,1,2021-06-03,2021-06-14,Urgent,Home,11,General,0,4.7
705682,101864,2063,7,2024-10-29,2024-11-02,Elective,Home,1,Semi-Private,0,4.8
705683,100420,2038,11,2024-08-09,2024-08-13,Urgent,Home,13,Private,0,2.9
705684,100653,2079,9,2021-03-28,2021-04-07,Urgent,Rehab,9,Private,0,4.1
705685,100814,2040,2,2024-11-29,2024-12-07,Elective,Transferred,13,Semi-Private,0,4.8
705686,100868,2058,9,2025-05-27,2025-06-05,Emergency,Home,12,Semi-Private,1,3.3
705687,100113,2065,6,2022-03-03,2022-03-14,Emergency,Transferred,10,Semi-Private,0,3.9
705688,100174,2011,3,2022-09-08,2022-09-21,Urgent,Home,14,Semi-Private,0,3.2
705689,101011,2015,8,2021-10-15,2021-10-29,Emergency,Home,2,General,0,4.6
705690,102122,2057,7,2024-09-29,2024-10-13,Emergency,Home,11,ICU,0,3.8
705691,100637,2025,12,2025-02-14,2025-02-18,Elective,Home,5,Semi-Private,1,3.9
705692,101560,2039,8,2024-10-30,2024-11-11,Emergency,Rehab,7,Semi-Private,0,3.2
705693,100032,2033,8,2022-11-22,2022-11-24,Elective,Home,13,General,0,5.0
705694,100497,2029,7,2021-12-31,2022-01-01,Elective,Home,11,Private,1,4.0
705695,102243,2058,1,2023-12-05,2023-12-19,Emergency,Home,2,Private,1,4.6
705696,100528,2072,10,2023-07-02,2023-07-12,Elective,Rehab,6,General,0,4.3
705697,102489,2011,10,2022-02-24,2022-02-28,Elective,Home,10,General,0,3.3
705698,101513,2013,10,2025-04-24,2025-05-02,Elective,Home,11,Private,0,2.8
705699,101521,2069,8,2025-02-11,2025-02-16,Emergency,Home,8,General,0,3.9
705700,101644,2021,5,2025-12-15,2025-12-17,Urgent,Home,14,General,1,4.8
705701,100024,2003,2,2022-11-25,2022-12-06,Emergency,Transferred,14,Private,0,2.5
705702,102338,2026,2,2022-09-22,2022-09-26,Emergency,Rehab,13,General,0,5.0
705703,102356,2033,2,2025-01-31,2025-02-04,Elective,Home,7,General,0,4.6
705704,100304,2022,9,2021-12-11,2021-12-21,Urgent,Home,15,General,0,4.1
705705,100631,2062,5,2025-12-07,2025-12-12,Elective,Transferred,6,ICU,0,3.9
705706,101717,2005,3,2021-06-18,2021-06-20,Elective,Home,12,General,0,4.6
705707,100038,2019,6,2025-05-07,2025-05-14,Elective,Home,11,Private,0,3.1
705708,102434,2009,9,2025-05-19,2025-05-24,Emergency,Home,8,General,0,4.3
705709,100745,2058,11,2022-02-08,2022-02-12,Emergency,Home,2,General,1,4.2
705710,101605,2024,9,2021-12-20,2021-12-28,Emergency,Home,4,General,0,5.0
705711,100082,2039,9,2021-09-18,2021-09-20,Emergency,Home,15,ICU,0,3.7
705712,101142,2076,11,2022-07-18,2022-07-19,Elective,Home,4,General,0,4.0
705713,101845,2061,10,2023-05-09,2023-05-15,Emergency,Home,13,Private,0,4.0
705714,100050,2048,11,2021-11-26,2021-12-06,Urgent,Home,7,Private,0,3.6
705715,102122,2050,4,2023-09-10,2023-09-20,Urgent,Transferred,14,Semi-Private,0,5.0
705716,101130,2062,5,2023-10-05,2023-10-13,Elective,Rehab,7,Private,0,3.3
705717,101623,2053,12,2023-06-28,2023-07-05,Elective,Rehab,3,General,0,2.9
705718,101788,2021,1,2025-12-24,2026-01-02,Emergency,Home,4,Private,0,4.2
705719,102404,2038,11,2024-10-22,2024-10-23,Elective,Home,1,ICU,0,3.5
705720,101680,2059,10,2022-08-17,2022-08-20,Elective,Home,8,Semi-Private,0,4.2
705721,101014,2043,6,2022-06-12,2022-06-21,Emergency,Home,12,Private,0,4.5
705722,102233,2017,2,2021-02-22,2021-02-27,Emergency,Home,12,Private,1,4.1
705723,100154,2069,7,2025-10-09,2025-10-15,Elective,Home,4,General,0,4.0
705724,102166,2044,4,2021-09-05,2021-09-19,Elective,Expired,11,Private,0,2.5
705725,102315,2063,4,2022-08-19,2022-08-30,Elective,Home,5,General,0,4.4
705726,102303,2023,9,2022-07-08,2022-07-21,Urgent,Home,5,General,0,4.1
705727,100171,2068,1,2023-12-31,2024-01-07,Elective,Home,1,Private,0,5.0
705728,100617,2026,6,2023-07-07,2023-07-10,Emergency,Home,14,General,0,4.9
705729,100548,2048,2,2021-08-04,2021-08-11,Elective,Home,1,General,0,2.9
705730,101209,2047,6,2025-02-25,2025-02-28,Elective,Home,7,General,0,4.8
705731,101926,2046,7,2025-08-14,2025-08-20,Elective,Expired,12,ICU,0,3.0
705732,102458,2029,3,2023-02-09,2023-02-17,Urgent,Expired,15,Semi-Private,0,4.6
705733,101612,2034,4,2022-12-22,2022-12-29,Emergency,Home,12,Private,1,5.0
705734,100146,2010,2,2022-07-29,2022-08-03,Emergency,Home,12,General,0,5.0
705735,100262,2020,7,2023-04-19,2023-05-01,Elective,Home,1,Private,1,3.7
705736,101150,2034,9,2025-12-19,2025-12-25,Emergency,Home,13,Private,0,4.5
705737,101628,2013,5,2025-06-29,2025-07-03,Elective,Home,9,General,0,4.8
705738,100345,2010,11,2024-12-30,2025-01-01,Elective,Home,6,ICU,0,4.4
705739,101999,2045,5,2025-09-21,2025-09-28,Emergency,Home,13,Private,0,2.7
705740,101132,2078,9,2023-10-18,2023-10-22,Elective,Home,1,ICU,0,4.1
705741,101993,2008,8,2021-02-20,2021-02-26,Elective,Transferred,13,Private,0,4.4
705742,101581,2005,1,2022-02-05,2022-02-15,Emergency,Home,1,Private,1,4.0
705743,100514,2020,2,2025-10-22,2025-11-03,Elective,Home,5,Private,0,3.4
705744,100945,2044,7,2022-03-05,2022-03-07,Elective,Home,15,General,0,3.8
705745,100713,2080,3,2025-05-24,2025-06-07,Elective,Rehab,11,Semi-Private,1,4.7
705746,100215,2058,6,2021-03-03,2021-03-05,Elective,Home,3,General,0,4.3
705747,101651,2020,1,2025-11-20,2025-11-26,Elective,Home,8,Private,0,4.3
705748,101343,2071,8,2021-02-22,2021-03-02,Emergency,Transferred,8,General,0,3.8
705749,100604,2074,2,2021-07-31,2021-08-01,Elective,Expired,10,General,1,4.3
705750,100772,2040,1,2022-12-24,2023-01-07,Elective,Rehab,8,Semi-Private,0,2.4
705751,100670,2016,2,2022-12-28,2023-01-07,Elective,Home,6,Semi-Private,1,4.0
705752,101081,2004,8,2023-01-16,2023-01-23,Emergency,Home,15,Semi-Private,0,3.7
705753,100559,2010,10,2021-07-13,2021-07-19,Emergency,Transferred,5,ICU,0,4.0
705754,101426,2051,5,2022-10-20,2022-11-03,Urgent,Home,5,General,0,3.1
705755,102270,2048,12,2022-04-17,2022-04-22,Emergency,Home,6,General,1,4.3
705756,100475,2076,9,2025-12-08,2025-12-21,Elective,Home,6,Private,0,5.0
705757,101132,2020,12,2024-10-18,2024-10-28,Elective,Home,13,General,0,4.1
705758,100863,2032,3,2022-02-12,2022-02-25,Elective,Home,10,Semi-Private,0,4.0
705759,100812,2066,8,2022-11-15,2022-11-27,Emergency,Home,9,Private,0,5.0
705760,102228,2060,4,2023-10-04,2023-10-17,Emergency,Transferred,7,General,0,3.3
705761,100177,2011,7,2025-01-29,2025-02-06,Emergency,Home,6,Semi-Private,0,4.4
705762,100487,2020,10,2024-04-02,2024-04-03,Elective,Home,11,Private,0,5.0
705763,102462,2023,10,2022-07-12,2022-07-17,Urgent,Transferred,10,General,0,3.7
705764,100692,2077,8,2024-02-17,2024-02-29,Emergency,Home,7,General,0,4.6
705765,100268,2035,3,2022-03-20,2022-03-26,Elective,Home,3,Semi-Private,0,4.1
705766,100785,2017,3,2023-09-15,2023-09-19,Emergency,Home,12,General,0,3.2
705767,102436,2010,1,2021-09-23,2021-10-03,Urgent,Home,2,ICU,0,3.9
705768,102402,2038,8,2022-09-11,2022-09-22,Emergency,Expired,10,Private,0,4.0
705769,100814,2078,2,2025-03-24,2025-04-05,Emergency,Transferred,7,General,0,3.5
705770,102317,2032,7,2025-01-29,2025-02-08,Elective,Home,3,Private,0,2.8
705771,101270,2054,11,2024-04-05,2024-04-07,Elective,Home,13,General,0,3.7
705772,101202,2057,7,2022-06-11,2022-06-24,Emergency,Home,4,Semi-Private,0,2.9
705773,101091,2025,7,2025-11-12,2025-11-20,Emergency,Home,11,Private,0,4.4
705774,100277,2014,4,2024-10-01,2024-10-06,Emergency,Home,2,ICU,0,4.4
705775,101232,2045,7,2021-06-06,2021-06-16,Elective,Rehab,5,Semi-Private,0,3.0
705776,100307,2044,10,2022-05-30,2022-06-05,Urgent,Home,12,General,0,4.1
705777,101574,2038,11,2024-04-08,2024-04-17,Emergency,Home,5,Private,0,3.0
705778,100631,2036,8,2023-04-08,2023-04-22,Elective,Home,11,Private,0,3.7
705779,101138,2039,9,2023-10-31,2023-11-02,Emergency,Home,13,Semi-Private,0,3.5
705780,102182,2039,7,2023-10-27,2023-11-01,Emergency,Home,10,General,0,4.4
705781,101714,2013,6,2022-10-17,2022-10-29,Elective,Home,10,Private,0,2.8
705782,101049,2066,5,2025-07-04,2025-07-05,Elective,Home,15,General,0,4.7
705783,101584,2034,10,2024-05-21,2024-05-24,Emergency,Home,1,General,0,4.9
705784,101367,2015,10,2022-01-16,2022-01-22,Elective,Home,15,Private,0,3.9
705785,100813,2058,7,2022-08-22,2022-08-30,Emergency,Home,4,Semi-Private,0,3.0
705786,101835,2059,10,2023-02-09,2023-02-21,Elective,Transferred,3,General,0,2.4
705787,102120,2066,2,2024-07-27,2024-08-01,Elective,Home,7,General,0,4.8
705788,100952,2052,5,2022-07-08,2022-07-20,Emergency,Home,5,General,0,5.0
705789,102033,2069,8,2023-09-04,2023-09-08,Elective,Home,6,Semi-Private,0,4.0
705790,101225,2005,6,2022-04-20,2022-04-25,Emergency,Home,2,General,0,3.1
705791,101350,2043,6,2021-04-13,2021-04-17,Emergency,Home,1,Private,1,3.2
705792,100033,2008,1,2022-02-24,2022-02-26,Emergency,Home,3,General,0,4.9
705793,100097,2078,2,2022-03-31,2022-04-14,Emergency,Expired,10,Private,0,4.1
705794,100263,2063,3,2024-01-12,2024-01-13,Emergency,Home,3,General,0,3.3
705795,100914,2068,7,2025-03-23,2025-03-31,Emergency,Home,10,Semi-Private,0,5.0
705796,102341,2035,12,2023-06-15,2023-06-29,Emergency,Home,7,Private,1,4.8
705797,100172,2071,10,2023-09-05,2023-09-18,Emergency,Rehab,11,Semi-Private,0,4.4
705798,100758,2032,6,2024-10-31,2024-11-01,Urgent,Home,7,Semi-Private,0,3.6
705799,100926,2024,5,2025-10-27,2025-10-29,Elective,Home,10,General,1,4.9
705800,101419,2050,9,2023-07-14,2023-07-19,Emergency,Home,15,Private,0,
705801,101280,2059,10,2022-01-30,2022-02-07,Elective,Home,14,Semi-Private,0,3.9
705802,100901,2065,7,2024-02-10,2024-02-20,Elective,Home,6,Private,0,4.8
705803,101034,2038,9,2023-06-25,2023-06-28,Emergency,Home,14,General,0,4.8
705804,100271,2038,11,2024-03-28,2024-04-08,Emergency,Home,14,General,1,4.2
705805,100742,2021,11,2025-05-12,2025-05-23,Urgent,Home,13,General,0,3.1
705806,101336,2023,3,2023-10-10,2023-10-19,Elective,Rehab,4,Private,0,3.2
705807,101923,2046,11,2025-05-05,2025-05-19,Elective,Home,8,General,0,2.8
705808,100391,2069,8,2022-03-10,2022-03-16,Elective,Home,10,General,0,5.0
705809,100959,2030,12,2021-02-20,2021-03-03,Elective,Rehab,11,Private,0,2.9
705810,100575,2040,9,2021-04-22,2021-04-25,Elective,Home,2,Semi-Private,0,4.0
705811,100344,2070,2,2024-09-05,2024-09-15,Elective,Home,7,Private,0,2.8
705812,101570,2069,4,2024-04-13,2024-04-20,Elective,Home,1,Semi-Private,1,5.0
705813,101402,2042,2,2022-08-23,2022-09-04,Emergency,Transferred,8,General,0,3.1
705814,100456,2018,7,2024-06-10,2024-06-17,Elective,Home,14,Semi-Private,0,4.2
705815,101447,2059,4,2023-09-21,2023-09-28,Elective,Transferred,5,General,0,2.8
705816,100444,2013,12,2025-02-18,2025-02-22,Emergency,Home,6,General,0,4.7
705817,100197,2021,6,2024-11-07,2024-11-21,Emergency,Expired,6,Semi-Private,0,4.8
705818,102411,2068,8,2024-01-01,2024-01-07,Urgent,Home,1,Private,0,4.0
705819,101598,2077,6,2021-06-10,2021-06-13,Urgent,Transferred,7,Semi-Private,0,4.0
705820,101418,2077,4,2025-05-01,2025-05-15,Elective,Home,15,Semi-Private,0,4.6
705821,101761,2077,6,2021-04-05,2021-04-09,Emergency,Home,3,General,0,3.5
705822,100671,2061,1,2021-10-04,2021-10-07,Emergency,Home,2,Semi-Private,0,4.8
705823,101318,2038,6,2025-03-26,2025-03-29,Emergency,Home,15,Private,0,4.2
705824,101906,2040,11,2024-03-07,2024-03-08,Elective,Home,7,General,0,2.8
705825,102073,2027,10,2024-04-13,2024-04-18,Elective,Home,10,General,0,5.0
705826,102285,2058,11,2024-12-07,2024-12-19,Urgent,Home,9,Semi-Private,0,4.1
705827,100461,2076,8,2024-09-28,2024-10-01,Urgent,Home,4,General,0,3.7
705828,101345,2066,4,2021-12-21,2022-01-02,Emergency,Home,7,Semi-Private,0,4.1
705829,100100,2043,9,2021-07-20,2021-07-21,Emergency,Home,5,General,1,3.5
705830,100408,2020,6,2021-09-10,2021-09-19,Urgent,Rehab,10,Semi-Private,0,3.9
705831,100978,2035,6,2025-06-06,2025-06-17,Urgent,Home,10,Semi-Private,0,4.6
705832,101458,2055,4,2023-07-01,2023-07-13,Elective,Home,11,Private,1,4.5
705833,100143,2074,8,2024-06-17,2024-06-21,Elective,Home,7,Semi-Private,1,4.5
705834,100720,2072,5,2024-02-28,2024-03-11,Elective,Transferred,1,Private,0,3.5
705835,101460,2040,12,2025-01-06,2025-01-15,Elective,Home,11,Private,1,3.4
705836,100418,2046,1,2021-06-14,2021-06-16,Emergency,Home,13,Semi-Private,0,4.3
705837,101105,2079,7,2023-01-15,2023-01-17,Emergency,Transferred,10,ICU,0,4.6
705838,100545,2042,8,2023-12-03,2023-12-07,Elective,Home,9,General,0,3.5
705839,102207,2018,6,2021-05-28,2021-06-01,Emergency,Home,6,General,0,3.8
705840,101810,2015,7,2024-07-05,2024-07-10,Urgent,Home,15,General,0,4.3
705841,100773,2066,12,2024-12-03,2024-12-14,Emergency,Home,8,Semi-Private,0,3.9
705842,101694,2013,7,2024-01-18,2024-01-19,Elective,Home,9,Semi-Private,1,4.9
705843,101069,2057,4,2024-04-25,2024-04-30,Elective,Home,1,General,0,3.0
705844,101239,2009,4,2024-11-05,2024-11-17,Elective,Transferred,5,General,0,2.9
705845,100128,2066,12,2023-03-15,2023-03-29,Emergency,Home,12,Private,0,
705846,101574,2016,1,2025-05-04,2025-05-14,Elective,Home,7,General,0,4.5
705847,100877,2002,2,2025-04-30,2025-05-02,Emergency,Home,12,General,0,4.1
705848,100541,2016,3,2024-03-29,2024-04-03,Emergency,Home,12,General,0,3.7
705849,102212,2072,5,2022-02-22,2022-03-04,Emergency,Home,11,Semi-Private,0,4.4
705850,101559,2001,10,2024-12-11,2024-12-21,Emergency,Rehab,8,General,1,4.1
705851,100131,2026,9,2022-11-10,2022-11-16,Urgent,Home,3,Semi-Private,0,4.2
705852,100504,2044,5,2022-08-22,2022-08-25,Elective,Home,8,Semi-Private,0,3.9
705853,101448,2005,6,2021-12-27,2021-12-31,Emergency,Rehab,5,General,0,4.4
705854,102232,2021,7,2024-12-28,2025-01-02,Urgent,Home,1,Private,1,4.7
705855,100826,2035,4,2022-08-03,2022-08-09,Emergency,Home,4,Semi-Private,0,4.7
705856,101023,2054,8,2022-11-29,2022-12-08,Emergency,Home,2,General,0,4.3
705857,101259,2050,11,2022-11-18,2022-11-27,Emergency,Home,12,ICU,0,4.0
705858,100131,2044,6,2022-01-22,2022-01-28,Elective,Home,5,General,1,4.3
705859,100697,2004,11,2023-10-21,2023-11-02,Elective,Home,4,General,0,4.9
705860,101038,2042,1,2022-08-21,2022-08-22,Emergency,Home,2,Semi-Private,0,3.9
705861,100814,2041,6,2021-03-08,2021-03-14,Emergency,Transferred,7,Private,0,3.8
705862,100659,2036,2,2021-10-20,2021-10-30,Elective,Home,2,Semi-Private,0,4.4
705863,102428,2024,4,2024-07-18,2024-07-21,Elective,Transferred,2,Private,0,4.6
705864,101084,2005,11,2022-12-31,2023-01-05,Urgent,Home,13,Private,0,3.9
705865,101184,2057,4,2021-09-14,2021-09-19,Elective,Transferred,4,General,0,4.3
705866,101471,2067,10,2023-09-27,2023-10-07,Elective,Home,5,General,0,3.4
705867,101410,2011,10,2025-03-01,2025-03-05,Elective,Home,14,Semi-Private,0,4.0
705868,101094,2045,5,2021-10-21,2021-10-24,Elective,Home,10,General,0,5.0
705869,101998,2022,10,2024-11-13,2024-11-14,Emergency,Rehab,12,Semi-Private,0,4.5
705870,102012,2011,12,2023-07-27,2023-08-03,Emergency,Home,11,ICU,0,3.5
705871,101249,2038,2,2024-11-06,2024-11-19,Elective,Home,13,General,0,3.6
705872,102088,2059,6,2021-03-05,2021-03-13,Elective,Home,3,Semi-Private,0,3.1
705873,101170,2004,11,2021-07-27,2021-08-01,Emergency,Home,14,General,1,5.0
705874,102414,2067,3,2022-12-01,2022-12-09,Elective,Home,11,Semi-Private,0,3.3
705875,100248,2010,9,2024-12-30,2025-01-03,Emergency,Home,9,Semi-Private,0,2.1
705876,100012,2019,6,2021-04-19,2021-04-27,Emergency,Home,10,Private,0,2.9
705877,102011,2028,3,2022-04-01,2022-04-04,Emergency,Home,6,Private,0,4.0
705878,100737,2017,3,2022-07-17,2022-07-25,Emergency,Home,11,Semi-Private,0,3.5
705879,100510,2024,5,2021-08-25,2021-08-31,Emergency,Home,8,Semi-Private,0,4.1
705880,101269,2001,6,2025-08-10,2025-08-19,Emergency,Home,5,General,0,4.3
705881,101999,2005,4,2025-12-05,2025-12-18,Elective,Home,8,General,0,3.5
705882,100171,2032,12,2024-02-26,2024-03-02,Emergency,Home,10,General,0,3.3
705883,101650,2053,5,2024-06-03,2024-06-04,Elective,Home,6,Semi-Private,0,4.7
705884,100721,2057,3,2021-12-04,2021-12-12,Emergency,Home,7,General,0,4.2
705885,100815,2043,10,2022-02-26,2022-03-09,Emergency,Home,2,Private,0,2.0
705886,102477,2039,4,2025-11-18,2025-11-21,Elective,Transferred,6,General,1,2.8
705887,101059,2034,8,2025-08-04,2025-08-15,Elective,Expired,5,Semi-Private,0,2.7
705888,100205,2078,8,2025-02-06,2025-02-11,Elective,Home,12,General,0,3.9
705889,100890,2080,1,2023-11-03,2023-11-17,Emergency,Rehab,8,ICU,0,4.2
705890,101408,2005,4,2023-10-26,2023-10-28,Elective,Home,5,General,0,3.9
705891,101601,2018,2,2021-02-28,2021-03-07,Emergency,Home,7,General,0,3.5
705892,100750,2004,4,2021-01-16,2021-01-21,Elective,Rehab,4,Private,0,4.8
705893,101509,2070,5,2024-09-26,2024-10-08,Emergency,Rehab,2,General,0,4.2
705894,101939,2011,1,2025-04-27,2025-05-04,Elective,Home,13,Semi-Private,0,3.3
705895,101768,2047,12,2025-01-18,2025-01-30,Elective,Home,11,Semi-Private,0,3.4
705896,101133,2031,5,2021-10-27,2021-11-10,Elective,Transferred,13,Semi-Private,0,3.4
705897,101202,2013,7,2021-10-25,2021-11-01,Urgent,Home,3,ICU,0,3.7
705898,100249,2023,5,2022-04-18,2022-04-23,Urgent,Home,11,Private,0,4.0
705899,101896,2065,7,2022-02-17,2022-02-22,Elective,Rehab,10,ICU,0,4.3
705900,101029,2068,9,2023-05-13,2023-05-22,Urgent,Home,12,General,0,3.4
705901,101181,2030,8,2021-01-11,2021-01-14,Emergency,Home,4,Semi-Private,0,3.0
705902,100230,2031,1,2021-05-29,2021-06-12,Emergency,Home,3,General,0,4.3
705903,101285,2047,10,2023-11-11,2023-11-19,Elective,Home,7,Private,0,4.6
705904,100321,2016,10,2023-09-20,2023-09-21,Urgent,Home,12,Private,0,5.0
705905,100028,2043,2,2024-10-03,2024-10-17,Elective,Home,5,Semi-Private,0,4.3
705906,100510,2003,6,2021-09-30,2021-10-04,Emergency,Home,3,Semi-Private,0,3.5
705907,102276,2012,5,2021-08-17,2021-08-29,Elective,Home,3,General,0,4.5
705908,100641,2076,1,2021-11-03,2021-11-05,Emergency,Home,9,Semi-Private,0,3.9
705909,100541,2011,2,2023-08-17,2023-08-20,Elective,Transferred,13,Semi-Private,1,3.0
705910,100910,2016,3,2023-08-09,2023-08-20,Emergency,Home,12,General,0,4.0
705911,101312,2029,10,2025-10-23,2025-10-29,Emergency,Home,12,Semi-Private,0,4.2
705912,101518,2021,5,2023-04-29,2023-05-03,Emergency,Rehab,9,Private,0,5.0
705913,101491,2058,7,2021-09-28,2021-09-29,Elective,Home,5,Semi-Private,0,4.1
705914,101419,2043,6,2022-10-26,2022-10-31,Elective,Home,2,General,0,3.4
705915,101459,2005,3,2021-12-18,2021-12-21,Emergency,Home,10,General,0,2.6
705916,100809,2052,6,2021-12-05,2021-12-18,Emergency,Home,15,Semi-Private,0,3.1
705917,101561,2013,4,2022-05-24,2022-06-05,Elective,Home,5,General,0,3.3
705918,101338,2012,3,2024-05-06,2024-05-08,Urgent,Transferred,4,Private,0,5.0
705919,101153,2001,4,2021-12-04,2021-12-08,Urgent,Home,6,Semi-Private,0,3.9
705920,100514,2008,11,2022-01-15,2022-01-28,Emergency,Home,15,Private,0,3.9
705921,100347,2016,8,2021-09-27,2021-10-01,Emergency,Transferred,10,Semi-Private,0,4.8
705922,100117,2015,1,2023-07-16,2023-07-19,Emergency,Rehab,6,Private,0,4.5
705923,102459,2019,3,2022-02-09,2022-02-23,Emergency,Home,6,General,0,3.8
705924,101421,2025,10,2022-10-07,2022-10-21,Elective,Home,7,General,0,4.9
705925,101855,2031,12,2023-08-08,2023-08-13,Emergency,Home,2,Semi-Private,1,3.5
705926,101422,2002,8,2021-02-23,2021-02-28,Urgent,Home,4,Semi-Private,0,4.2
705927,101632,2059,12,2022-10-14,2022-10-22,Elective,Home,15,General,0,3.1
705928,102000,2031,10,2025-08-31,2025-09-10,Emergency,Home,13,Semi-Private,0,4.2
705929,102146,2068,9,2023-11-24,2023-12-01,Elective,Home,9,General,1,4.8
705930,100282,2068,3,2024-11-21,2024-12-02,Elective,Home,5,General,0,4.7
705931,102003,2012,9,2023-09-27,2023-10-06,Elective,Transferred,1,General,0,4.7
705932,100807,2017,10,2021-06-25,2021-07-02,Urgent,Home,6,Semi-Private,0,5.0
705933,101692,2029,11,2022-12-12,2022-12-14,Emergency,Home,14,General,0,3.8
705934,101445,2036,10,2025-05-06,2025-05-09,Elective,Home,5,Semi-Private,0,3.3
705935,100211,2080,4,2025-10-25,2025-10-31,Emergency,Home,15,Semi-Private,0,4.3
705936,101691,2063,12,2025-07-13,2025-07-14,Elective,Home,2,ICU,0,3.3
705937,101778,2015,4,2025-01-15,2025-01-23,Elective,Home,14,General,0,3.2
705938,101347,2030,12,2023-11-24,2023-12-01,Emergency,Rehab,3,Semi-Private,0,3.8
705939,102500,2051,7,2025-10-29,2025-11-04,Emergency,Transferred,3,Private,0,5.0
705940,100687,2011,6,2025-12-11,2025-12-16,Emergency,Home,12,Semi-Private,0,4.5
705941,100971,2057,10,2022-06-04,2022-06-18,Emergency,Home,7,Semi-Private,0,4.3
705942,100930,2013,3,2022-04-26,2022-05-06,Elective,Home,13,Semi-Private,0,2.7
705943,100018,2055,8,2021-11-16,2021-11-21,Urgent,Home,5,Private,1,3.5
705944,101315,2063,12,2021-09-23,2021-10-06,Emergency,Transferred,15,Private,1,
705945,101774,2002,5,2023-11-21,2023-11-29,Emergency,Home,12,Semi-Private,0,3.8
705946,102246,2072,2,2023-09-23,2023-10-01,Emergency,Home,12,Semi-Private,0,5.0
705947,101186,2056,10,2023-06-19,2023-07-02,Emergency,Home,9,Semi-Private,0,4.3
705948,102465,2007,3,2023-11-14,2023-11-17,Emergency,Home,1,Private,0,3.9
705949,100384,2043,7,2023-09-10,2023-09-19,Elective,Home,3,General,0,3.8
705950,102248,2031,10,2024-04-28,2024-05-01,Urgent,Home,10,General,0,4.0
705951,101770,2061,9,2025-08-03,2025-08-16,Urgent,Home,8,General,0,2.9
705952,100895,2022,1,2025-11-26,2025-12-06,Emergency,Home,13,General,0,4.7
705953,101522,2062,12,2023-12-14,2023-12-28,Emergency,Transferred,15,Semi-Private,0,4.3
705954,100980,2028,6,2021-06-24,2021-07-02,Elective,Home,3,Semi-Private,0,3.8
705955,100082,2025,11,2025-03-15,2025-03-22,Emergency,Home,3,General,0,3.9
705956,101605,2065,9,2024-10-13,2024-10-26,Elective,Home,8,Semi-Private,0,4.6
705957,101954,2032,7,2024-08-24,2024-09-02,Elective,Home,10,Semi-Private,0,5.0
705958,101451,2048,3,2024-01-26,2024-02-06,Emergency,Home,3,General,0,5.0
705959,101485,2080,7,2023-05-07,2023-05-16,Emergency,Expired,11,Semi-Private,0,4.1
705960,100884,2024,12,2023-10-26,2023-11-06,Urgent,Home,2,Semi-Private,0,3.4
705961,100728,2042,2,2023-06-03,2023-06-17,Elective,Home,3,Private,1,2.9
705962,100124,2070,10,2024-08-22,2024-08-23,Elective,Home,13,General,0,4.1
705963,101662,2078,2,2025-04-25,2025-04-26,Emergency,Transferred,12,General,0,3.4
705964,100526,2036,1,2024-10-05,2024-10-08,Elective,Home,2,General,0,4.1
705965,102087,2031,3,2023-06-10,2023-06-17,Emergency,Transferred,14,Semi-Private,0,4.2
705966,102156,2027,1,2023-12-06,2023-12-09,Elective,Home,8,General,0,4.5
705967,102316,2066,8,2024-07-02,2024-07-05,Elective,Rehab,15,Semi-Private,0,3.1
705968,102004,2045,11,2023-09-22,2023-09-26,Emergency,Home,12,Semi-Private,0,3.3
705969,101377,2044,8,2024-10-16,2024-10-24,Emergency,Home,5,Semi-Private,1,3.8
705970,100311,2057,4,2022-02-03,2022-02-17,Elective,Home,14,General,1,4.2
705971,100040,2021,1,2025-06-01,2025-06-02,Elective,Home,3,Semi-Private,0,4.2
705972,100781,2055,2,2023-02-10,2023-02-14,Elective,Home,11,Semi-Private,0,5.0
705973,100581,2015,2,2023-03-13,2023-03-17,Elective,Home,14,General,0,2.3
705974,102200,2034,2,2024-11-01,2024-11-14,Elective,Home,8,Semi-Private,1,4.8
705975,101994,2003,9,2021-10-29,2021-11-06,Elective,Rehab,14,Semi-Private,0,4.8
705976,102235,2001,7,2025-07-30,2025-08-06,Elective,Rehab,8,General,0,3.3
705977,100430,2024,9,2021-08-06,2021-08-10,Emergency,Home,11,Semi-Private,0,3.6
705978,102040,2043,10,2024-01-26,2024-02-07,Emergency,Home,4,General,0,5.0
705979,100457,2027,10,2025-07-08,2025-07-16,Elective,Home,14,Private,0,3.5
705980,101251,2009,2,2025-01-02,2025-01-13,Elective,Home,9,General,0,3.5
705981,101452,2017,5,2023-01-11,2023-01-14,Urgent,Home,12,Semi-Private,0,4.1
705982,100204,2039,1,2024-11-29,2024-12-09,Elective,Home,1,General,0,4.4
705983,100118,2055,2,2025-12-06,2025-12-20,Elective,Rehab,7,General,0,4.7
705984,101853,2068,4,2021-06-01,2021-06-08,Emergency,Home,12,General,0,4.8
705985,101828,2045,10,2024-06-19,2024-06-28,Elective,Transferred,5,Semi-Private,0,4.6
705986,102270,2028,1,2024-08-11,2024-08-17,Emergency,Home,12,General,0,2.6
705987,100897,2056,12,2023-04-30,2023-05-04,Elective,Home,12,Semi-Private,1,4.0
705988,102111,2029,8,2023-01-08,2023-01-12,Emergency,Home,7,Semi-Private,0,4.5
705989,102444,2029,6,2023-08-22,2023-08-23,Emergency,Home,10,General,0,4.5
705990,102053,2069,1,2025-02-26,2025-03-04,Elective,Transferred,14,Private,0,3.5
705991,100508,2011,9,2023-06-03,2023-06-06,Emergency,Rehab,11,Private,0,3.2
705992,102193,2002,1,2022-01-23,2022-01-26,Elective,Home,8,Private,0,3.2
705993,100954,2068,11,2021-03-07,2021-03-08,Elective,Home,3,Semi-Private,0,
705994,101183,2010,4,2024-03-23,2024-03-30,Elective,Home,14,General,0,4.8
705995,101946,2072,5,2022-12-24,2023-01-02,Emergency,Home,3,Semi-Private,0,4.1
705996,100959,2027,11,2023-12-02,2023-12-05,Emergency,Home,1,Semi-Private,0,3.2
705997,101855,2035,9,2021-05-11,2021-05-18,Elective,Transferred,5,General,0,4.1
705998,102059,2050,12,2025-03-07,2025-03-16,Emergency,Home,8,Semi-Private,0,3.3
705999,100069,2074,2,2021-10-10,2021-10-24,Urgent,Home,1,,0,3.4
706000,101728,2002,12,2022-12-29,2023-01-01,Emergency,Expired,2,Private,0,3.7
706001,101638,2017,9,2024-12-25,2025-01-03,Elective,Home,2,Private,0,3.4
706002,100964,2080,12,2021-07-04,2021-07-15,Emergency,Home,14,General,0,3.2
706003,101568,2024,1,2022-10-21,2022-10-23,Emergency,Transferred,15,Semi-Private,0,5.0
706004,100202,2057,4,2021-07-14,2021-07-17,Urgent,Home,12,General,0,2.6
706005,100266,2071,11,2023-08-29,2023-09-09,Elective,Home,10,Private,1,3.6
706006,102156,2016,7,2021-04-14,2021-04-18,Elective,Home,2,Semi-Private,0,3.8
706007,102238,2036,4,2024-12-26,2025-01-09,Emergency,Rehab,5,General,0,4.9
706008,100239,2045,8,2022-04-18,2022-04-25,Urgent,Home,10,Private,0,4.2
706009,100951,2010,7,2022-10-02,2022-10-13,Elective,Home,7,Private,0,3.8
706010,102391,2063,6,2023-11-09,2023-11-18,Emergency,Home,12,General,0,3.4
706011,100291,2043,5,2022-06-04,2022-06-17,Emergency,Home,3,Private,0,4.9
706012,102369,2051,10,2024-11-17,2024-11-18,Emergency,Transferred,1,General,0,3.4
706013,101809,2079,3,2025-10-20,2025-11-01,Emergency,Home,9,Private,0,4.2
706014,102090,2003,8,2025-08-07,2025-08-16,Urgent,Home,15,Private,0,3.9
706015,100955,2066,4,2025-06-23,2025-07-03,Emergency,Home,9,Private,0,4.4
706016,101222,2035,8,2025-09-11,2025-09-24,Emergency,Expired,4,General,0,5.0
706017,100633,2069,1,2021-04-22,2021-04-27,Emergency,Home,5,General,0,4.5
706018,101931,2079,11,2025-08-27,2025-09-10,Emergency,Home,4,Private,0,3.9
706019,100284,2036,2,2022-08-24,2022-08-28,Emergency,Home,15,General,0,5.0
706020,100807,2049,2,2023-05-19,2023-06-02,Emergency,Transferred,8,General,0,5.0
706021,102230,2001,12,2024-12-19,2025-01-01,Emergency,Home,1,Semi-Private,0,4.9
706022,101035,2076,6,2022-08-05,2022-08-16,Elective,Home,15,General,0,4.2
706023,101907,2042,5,2024-02-26,2024-03-09,Emergency,Home,4,Private,0,3.4
706024,102490,2041,10,2025-06-10,2025-06-16,Urgent,Home,4,Semi-Private,0,2.2
706025,102436,2073,10,2022-05-15,2022-05-25,Elective,Home,12,General,0,4.2
706026,100576,2057,7,2024-12-01,2024-12-06,Elective,Home,3,General,0,4.6
706027,101619,2020,2,2024-01-07,2024-01-12,Urgent,Home,4,Private,1,3.0
706028,100927,2014,9,2022-05-05,2022-05-17,Elective,Home,7,General,0,4.3
706029,101026,2052,2,2022-01-06,2022-01-11,Elective,Rehab,5,General,0,3.7
706030,100811,2054,1,2021-10-26,2021-11-03,Emergency,Home,3,General,0,4.4
706031,101266,2049,2,2025-01-30,2025-02-12,Elective,Home,14,General,1,3.5
706032,100809,2030,11,2022-04-25,2022-05-05,Emergency,Home,6,ICU,0,3.5
706033,102416,2003,3,2022-05-06,2022-05-14,Elective,Home,12,General,0,4.0
706034,100942,2012,6,2023-05-10,2023-05-20,Elective,Home,10,Private,0,3.1
706035,100040,2031,7,2025-09-07,2025-09-11,Elective,Home,9,General,0,4.7
706036,101339,2037,11,2021-12-02,2021-12-15,Urgent,Home,3,Private,0,4.0
706037,100557,2027,6,2023-05-29,2023-06-12,Emergency,Transferred,2,Private,0,3.1
706038,101322,2024,1,2023-10-18,2023-10-27,Emergency,Rehab,15,Semi-Private,0,3.5
706039,101655,2041,9,2024-05-11,2024-05-19,Elective,Home,9,Semi-Private,0,4.4
706040,102028,2064,12,2021-12-12,2021-12-24,Urgent,Transferred,5,General,0,3.8
706041,100917,2011,8,2024-04-22,2024-04-28,Elective,Home,10,General,0,4.5
706042,100643,2073,12,2024-05-01,2024-05-03,Emergency,Home,5,ICU,0,3.3
706043,102498,2016,2,2025-07-07,2025-07-16,Urgent,Rehab,13,Semi-Private,0,3.8
706044,100395,2014,1,2025-03-29,2025-04-04,Emergency,Rehab,7,General,0,3.9
706045,100792,2047,7,2025-01-06,2025-01-14,Urgent,Rehab,15,Semi-Private,0,5.0
706046,102136,2030,3,2023-12-30,2024-01-05,Emergency,Home,2,Semi-Private,1,3.5
706047,101945,2024,3,2022-09-04,2022-09-09,Urgent,Home,10,General,0,4.5
706048,100744,2013,11,2024-04-08,2024-04-15,Emergency,Rehab,11,Semi-Private,0,4.4
706049,102429,2009,10,2024-01-25,2024-02-06,Elective,Home,5,Semi-Private,0,5.0
706050,101579,2049,9,2022-05-21,2022-05-25,Elective,Transferred,8,Semi-Private,0,5.0
706051,102479,2026,2,2022-05-12,2022-05-22,Elective,Home,8,General,0,3.7
706052,101240,2049,5,2022-11-13,2022-11-24,Elective,Transferred,10,Semi-Private,1,3.2
706053,100277,2042,4,2022-12-15,2022-12-18,Elective,Home,7,General,0,2.9
706054,100194,2045,1,2022-02-02,2022-02-13,Emergency,Home,5,Semi-Private,1,4.2
706055,100179,2077,6,2022-11-19,2022-12-01,Emergency,Transferred,12,General,0,4.8
706056,101167,2021,6,2021-12-09,2021-12-16,Elective,Home,4,General,0,4.9
706057,102045,2029,11,2024-02-25,2024-02-27,Elective,Home,12,Semi-Private,0,3.8
706058,101562,2024,1,2022-05-17,2022-05-27,Emergency,Home,13,General,0,4.0
706059,100218,2077,7,2024-05-09,2024-05-12,Emergency,Home,13,Semi-Private,0,5.0
706060,100988,2042,6,2025-09-28,2025-09-29,Elective,Home,2,Private,0,3.4
706061,100557,2071,4,2025-01-05,2025-01-16,Elective,Home,2,Private,0,2.1
706062,101248,2041,7,2024-07-30,2024-08-11,Urgent,Home,11,General,0,4.9
706063,101786,2048,3,2025-07-03,2025-07-04,Emergency,Home,15,Private,0,3.1
706064,100077,2079,10,2022-05-24,2022-05-26,Urgent,Rehab,3,Semi-Private,0,3.8
706065,100599,2077,11,2022-01-09,2022-01-22,Urgent,Home,3,Semi-Private,0,4.3
706066,101232,2043,6,2025-10-23,2025-11-06,Emergency,Rehab,7,Semi-Private,0,3.7
706067,101183,2008,6,2025-07-13,2025-07-14,Elective,Home,6,General,0,4.8
706068,100524,2063,10,2021-03-21,2021-03-23,Elective,Home,1,Private,0,5.0
706069,101382,2063,6,2023-03-11,2023-03-12,Elective,Home,12,Semi-Private,1,3.4
706070,100384,2006,3,2024-04-05,2024-04-08,Elective,Home,13,Semi-Private,0,4.1
706071,101590,2074,10,2021-11-05,2021-11-14,Elective,Expired,6,Semi-Private,0,4.0
706072,101474,2052,5,2021-04-16,2021-04-25,Emergency,Home,12,Semi-Private,0,4.2
706073,102290,2021,1,2023-05-07,2023-05-15,Emergency,Home,5,Semi-Private,0,3.5
706074,100369,2014,6,2023-06-01,2023-06-10,Emergency,Transferred,6,Semi-Private,0,3.5
706075,101495,2058,7,2025-07-03,2025-07-15,Elective,Transferred,8,Semi-Private,0,3.5
706076,100288,2025,5,2021-09-26,2021-10-10,Emergency,Rehab,1,Semi-Private,0,3.7
706077,100399,2056,5,2023-07-13,2023-07-17,Urgent,Home,13,General,0,3.7
706078,102152,2009,6,2021-11-06,2021-11-20,Emergency,Home,11,Semi-Private,0,2.1
706079,101335,2036,7,2022-09-07,2022-09-15,Emergency,Home,6,Semi-Private,0,4.1
706080,100127,2057,4,2021-03-29,2021-04-09,Urgent,Home,12,General,0,3.8
706081,102088,2079,7,2025-04-27,2025-05-02,Emergency,Home,12,General,0,3.5
706082,101771,2005,5,2024-02-26,2024-03-01,Emergency,Home,4,General,0,4.1
706083,100247,2007,7,2025-09-22,2025-10-05,Urgent,Home,9,General,0,4.0
706084,101830,2006,1,2022-06-14,2022-06-18,Elective,Home,14,Semi-Private,0,3.7
706085,102360,2079,10,2021-12-05,2021-12-07,Emergency,Home,12,General,0,4.0
706086,102082,2052,12,2021-07-22,2021-08-01,Emergency,Rehab,10,Semi-Private,0,3.6
706087,102177,2074,2,2023-09-04,2023-09-13,Urgent,Home,8,Semi-Private,0,3.1
706088,102058,2070,2,2022-03-17,2022-03-30,Elective,Rehab,7,Semi-Private,0,5.0
706089,101192,2055,7,2023-06-02,2023-06-11,Emergency,Rehab,3,General,1,3.6
706090,101808,2077,9,2025-12-03,2025-12-17,Urgent,Home,11,Private,0,4.2
706091,101240,2014,7,2025-11-05,2025-11-06,Elective,Home,13,General,0,5.0
706092,101776,2001,12,2023-11-10,2023-11-22,Urgent,Home,9,General,0,3.7
706093,101626,2073,6,2022-12-03,2022-12-07,Emergency,Transferred,13,General,0,4.3
706094,100340,2037,3,2024-08-07,2024-08-16,Elective,Home,13,General,0,5.0
706095,101592,2049,5,2022-04-06,2022-04-20,Emergency,Home,3,General,0,2.8
706096,101688,2012,10,2025-03-03,2025-03-07,Elective,Home,6,General,0,5.0
706097,101309,2005,2,2024-12-25,2025-01-08,Emergency,Home,14,General,0,4.2
706098,100534,2070,9,2022-06-18,2022-06-20,Emergency,Expired,2,Semi-Private,0,3.6
706099,100809,2011,6,2023-02-17,2023-02-19,Emergency,Transferred,8,Semi-Private,0,4.0
706100,102481,2053,9,2022-07-11,2022-07-24,Emergency,Home,1,Semi-Private,0,3.7
706101,102298,2055,9,2022-06-08,2022-06-18,Urgent,Home,1,Semi-Private,0,5.0
706102,101355,2074,12,2021-07-18,2021-08-01,Emergency,Home,8,General,0,4.0
706103,102463,2079,7,2024-05-20,2024-05-29,Elective,Rehab,9,Semi-Private,0,4.5
706104,101226,2050,5,2021-07-14,2021-07-25,Elective,Home,10,General,0,3.6
706105,102054,2053,4,2021-12-13,2021-12-17,Elective,Expired,9,General,0,4.2
706106,100849,2055,1,2022-11-08,2022-11-09,Elective,Home,12,General,0,3.7
706107,101510,2003,9,2023-03-01,2023-03-13,Elective,Home,8,General,1,2.9
706108,101223,2016,6,2024-05-27,2024-06-09,Urgent,Home,10,General,0,5.0
706109,100013,2045,2,2024-05-01,2024-05-02,Elective,Home,13,ICU,0,4.3
706110,102054,2036,12,2024-10-26,2024-10-27,Urgent,Rehab,8,Private,0,4.6
706111,101435,2019,7,2022-03-30,2022-04-07,Elective,Home,4,Private,0,3.5
706112,101581,2004,12,2022-06-26,2022-06-27,Elective,Expired,8,Semi-Private,0,4.9
706113,100538,2059,6,2024-11-04,2024-11-09,Elective,Transferred,14,Semi-Private,0,4.4
706114,102052,2012,4,2025-09-04,2025-09-13,Emergency,Transferred,13,General,0,4.1
706115,101813,2063,6,2024-11-05,2024-11-09,Emergency,Home,7,Semi-Private,0,4.8
706116,102035,2056,11,2024-02-13,2024-02-24,Emergency,Home,9,Semi-Private,0,3.8
706117,102332,2027,6,2025-10-20,2025-10-29,Emergency,Home,10,Private,0,5.0
706118,100722,2068,5,2021-11-08,2021-11-13,Elective,Expired,14,Private,0,3.5
706119,101824,2024,1,2023-09-29,2023-10-12,Emergency,Home,8,Semi-Private,1,4.0
706120,101789,2026,3,2024-10-19,2024-10-28,Elective,Home,12,Semi-Private,0,3.3
706121,101953,2022,7,2022-04-30,2022-05-13,Urgent,Rehab,10,ICU,0,3.1
706122,100952,2070,2,2021-09-02,2021-09-04,Emergency,Home,15,General,0,3.7
706123,100628,2019,10,2024-08-14,2024-08-28,Emergency,Home,15,Semi-Private,0,3.9
706124,101778,2034,10,2023-11-14,2023-11-27,Emergency,Home,2,Private,0,4.4
706125,102422,2011,1,2024-12-18,2024-12-26,Urgent,Rehab,8,General,0,3.5
706126,101642,2045,8,2022-03-08,2022-03-15,Urgent,Home,14,Semi-Private,0,4.4
706127,101148,2037,7,2025-03-18,2025-03-25,Urgent,Rehab,8,ICU,0,3.8
706128,101418,2023,6,2021-03-03,2021-03-06,Emergency,Home,10,General,0,3.6
706129,100650,2040,10,2022-11-23,2022-12-03,Emergency,Transferred,13,Semi-Private,0,4.5
706130,100812,2043,5,2024-04-16,2024-04-28,Urgent,Home,10,General,0,3.6
706131,101080,2004,6,2023-12-28,2023-12-30,Emergency,Home,9,General,1,5.0
706132,102180,2015,1,2025-09-15,2025-09-26,Emergency,Transferred,15,General,0,4.3
706133,102170,2023,12,2023-02-09,2023-02-23,Emergency,Home,12,Semi-Private,1,3.0
706134,102250,2012,9,2022-10-24,2022-11-03,Urgent,Home,3,Semi-Private,0,3.9
706135,101990,2068,1,2022-08-22,2022-08-23,Emergency,Home,8,General,0,3.5
706136,101626,2068,4,2023-09-21,2023-10-04,Urgent,Home,8,Private,0,2.8
706137,101848,2052,3,2023-02-13,2023-02-14,Emergency,Home,10,General,1,4.8
706138,101866,2041,4,2025-09-29,2025-10-06,Elective,Home,4,Semi-Private,0,4.8
706139,100579,2078,1,2022-08-21,2022-08-30,Emergency,Home,15,General,0,3.5
706140,101137,2059,10,2022-01-28,2022-01-29,Emergency,Home,5,General,0,4.5
706141,102275,2058,4,2021-11-26,2021-12-06,Elective,Home,13,Semi-Private,0,4.7
706142,102222,2059,4,2021-08-11,2021-08-15,Elective,Transferred,2,Private,0,4.0
706143,101020,2072,3,2025-03-25,2025-04-08,Elective,Home,14,Semi-Private,0,4.7
706144,101158,2023,8,2025-02-21,2025-03-06,Urgent,Home,15,Semi-Private,1,4.2
706145,101650,2001,7,2021-05-01,2021-05-03,Emergency,Home,6,General,0,4.9
706146,102191,2056,9,2025-10-16,2025-10-30,Emergency,Home,10,Semi-Private,0,3.1
706147,100569,2075,2,2025-02-13,2025-02-21,Elective,Rehab,14,General,0,4.1
706148,101318,2004,10,2022-11-23,2022-12-02,Urgent,Home,9,General,0,4.2
706149,100277,2029,3,2023-07-25,2023-07-28,Elective,Home,3,Semi-Private,0,3.1
706150,101516,2017,6,2022-05-17,2022-05-20,Elective,Home,6,Semi-Private,0,3.2
706151,101587,2049,2,2021-08-10,2021-08-17,Elective,Home,8,Semi-Private,0,2.8
706152,101959,2051,12,2021-05-04,2021-05-13,Emergency,Home,2,Private,0,4.0
706153,101495,2049,12,2024-06-27,2024-07-04,Emergency,Home,10,Semi-Private,1,3.7
706154,102324,2024,2,2024-01-06,2024-01-18,Elective,Home,1,Private,1,3.0
706155,100234,2044,10,2021-02-17,2021-03-03,Urgent,Home,13,Private,0,4.9
706156,101266,2041,2,2023-06-28,2023-07-11,Elective,Home,6,General,0,4.3
706157,100032,2057,12,2022-12-05,2022-12-12,Elective,Home,3,Semi-Private,0,3.5
706158,101372,2056,2,2024-10-13,2024-10-27,Elective,Home,13,Semi-Private,0,4.2
706159,100760,2032,5,2023-11-14,2023-11-16,Elective,Home,2,Private,0,3.8
706160,101799,2031,12,2025-06-07,2025-06-19,Urgent,Home,11,General,0,2.8
706161,101795,2016,1,2024-07-25,2024-08-05,Elective,Home,10,General,0,4.2
706162,100793,2032,7,2025-07-08,2025-07-09,Emergency,Home,15,General,0,5.0
706163,101392,2042,1,2025-07-27,2025-07-29,Elective,Home,8,General,1,5.0
706164,100762,2034,1,2021-10-18,2021-10-30,Elective,Home,9,General,0,4.1
706165,100265,2037,5,2021-11-24,2021-11-30,Elective,Home,7,Semi-Private,1,3.7
706166,102263,2016,7,2022-05-10,2022-05-22,Urgent,Rehab,9,Semi-Private,0,4.4
706167,100282,2013,3,2024-03-25,2024-04-06,Emergency,Rehab,13,Semi-Private,0,4.2
706168,100530,2066,7,2025-01-10,2025-01-24,Elective,Home,12,Private,0,3.9
706169,101883,2033,9,2022-03-07,2022-03-17,Elective,Home,15,Private,0,5.0
706170,102029,2035,11,2023-03-21,2023-04-03,Emergency,Home,13,Semi-Private,0,3.7
706171,102050,2037,4,2025-10-08,2025-10-16,Urgent,Rehab,7,General,0,4.7
706172,100816,2076,5,2025-07-18,2025-07-26,Elective,Rehab,3,General,0,4.1
706173,100464,2040,8,2023-10-28,2023-11-03,Elective,Home,1,Private,0,4.1
706174,101471,2008,9,2025-12-18,2025-12-20,Urgent,Home,13,Private,0,2.8
706175,101387,2054,5,2023-04-20,2023-05-04,Emergency,Home,1,Private,0,4.8
706176,100164,2007,12,2023-01-11,2023-01-20,Elective,Home,12,General,0,4.6
706177,101727,2002,5,2022-04-16,2022-04-26,Elective,Home,5,Semi-Private,1,4.1
706178,101611,2056,2,2021-07-17,2021-07-21,Urgent,Home,9,Semi-Private,0,4.8
706179,100511,2057,9,2024-02-12,2024-02-25,Elective,Rehab,10,General,0,4.3
706180,101798,2049,6,2024-11-24,2024-11-29,Elective,Home,14,Private,0,3.0
706181,101245,2069,5,2025-08-19,2025-08-20,Emergency,Home,12,Semi-Private,0,3.3
706182,100555,2078,5,2021-08-01,2021-08-10,Urgent,Home,6,General,0,4.0
706183,101307,2008,4,2024-05-31,2024-06-11,Elective,Rehab,2,General,0,2.7
706184,101909,2063,1,2024-10-04,2024-10-15,Elective,Home,6,Private,0,4.8
706185,101398,2071,6,2021-11-15,2021-11-26,Emergency,Home,11,Semi-Private,0,3.8
706186,100259,2046,1,2024-06-20,2024-06-30,Elective,Home,4,Semi-Private,0,4.1
706187,102493,2078,10,2023-03-01,2023-03-14,Emergency,Home,9,General,0,3.3
706188,101225,2067,2,2024-07-26,2024-07-27,Urgent,Home,10,Private,0,4.5
706189,101666,2046,7,2022-09-13,2022-09-20,Urgent,Home,3,General,0,3.9
706190,101404,2078,1,2025-08-31,2025-09-11,Emergency,Transferred,7,General,0,3.8
706191,101866,2067,8,2024-04-03,2024-04-12,Elective,Home,10,Private,0,5.0
706192,100766,2042,8,2022-04-18,2022-04-21,Elective,Home,12,Private,1,5.0
706193,100065,2064,7,2022-01-02,2022-01-04,Urgent,Home,14,General,0,4.6
706194,101670,2073,7,2023-11-07,2023-11-21,Elective,Home,8,General,0,4.2
706195,102090,2053,1,2022-09-28,2022-10-08,Urgent,Home,2,General,0,3.6
706196,100879,2071,3,2022-06-01,2022-06-09,Emergency,Home,10,Semi-Private,0,3.8
706197,100196,2007,9,2024-12-01,2024-12-05,Emergency,Home,7,General,0,3.7
706198,101384,2007,5,2021-11-29,2021-11-30,Elective,Home,5,General,0,4.3
706199,101796,2036,5,2024-08-06,2024-08-14,Elective,Home,1,ICU,0,4.0
706200,102436,2013,7,2023-11-29,2023-12-05,Emergency,Home,7,General,0,4.0
706201,100065,2067,11,2024-02-10,2024-02-16,Emergency,Home,10,General,0,5.0
706202,101321,2020,10,2024-11-24,2024-11-28,Urgent,Home,8,General,0,4.9
706203,101451,2073,8,2023-05-21,2023-05-27,Elective,Home,13,General,0,3.4
706204,100223,2053,6,2023-10-06,2023-10-08,Emergency,Rehab,14,Private,0,4.2
706205,101533,2052,5,2024-12-02,2024-12-08,Urgent,Home,1,General,0,3.4
706206,100442,2061,1,2022-01-04,2022-01-06,Emergency,Home,4,General,0,4.5
706207,101438,2061,10,2022-12-27,2023-01-02,Emergency,Rehab,4,ICU,0,5.0
706208,100903,2056,10,2023-05-14,2023-05-28,Emergency,Home,5,General,0,3.7
706209,102368,2040,10,2022-08-07,2022-08-16,Urgent,Home,5,Private,0,4.6
706210,100770,2063,9,2024-10-30,2024-11-06,Elective,Home,4,Semi-Private,0,5.0
706211,100883,2057,6,2023-12-10,2023-12-22,Emergency,Home,11,Semi-Private,0,3.9
706212,100451,2004,3,2021-01-12,2021-01-26,Emergency,Home,14,General,0,4.4
706213,101103,2026,12,2024-12-19,2025-01-02,Elective,Home,1,ICU,0,5.0
706214,100743,2062,12,2022-10-12,2022-10-24,Elective,Home,9,Semi-Private,0,3.3
706215,102405,2076,10,2021-01-09,2021-01-13,Urgent,Rehab,5,Private,0,3.2
706216,101610,2054,12,2023-02-18,2023-02-19,Elective,Home,14,Semi-Private,0,3.1
706217,101545,2062,7,2022-07-12,2022-07-21,Emergency,Home,1,General,0,4.6
706218,101916,2018,4,2021-11-10,2021-11-11,Elective,Home,3,General,1,3.2
706219,101249,2010,3,2024-04-29,2024-05-04,Emergency,Home,1,Private,1,4.4
706220,100528,2036,12,2024-10-22,2024-11-05,Urgent,Home,13,General,0,5.0
706221,100724,2002,7,2021-05-17,2021-05-24,Emergency,Home,7,Semi-Private,0,3.5
706222,100241,2060,6,2024-12-31,2025-01-10,Emergency,Rehab,10,General,0,3.4
706223,102143,2047,11,2023-04-18,2023-05-01,Elective,Rehab,10,Semi-Private,1,4.5
706224,100365,2073,4,2024-02-02,2024-02-15,Emergency,Home,13,General,0,4.0
706225,101209,2032,10,2025-07-01,2025-07-11,Emergency,Home,10,General,0,2.2
706226,101160,2069,8,2025-03-03,2025-03-09,Elective,Home,7,Semi-Private,0,5.0
706227,100025,2051,2,2022-11-20,2022-11-23,Elective,Home,6,General,0,4.4
706228,101961,2067,6,2025-01-03,2025-01-14,Elective,Home,9,Semi-Private,0,3.7
706229,102366,2077,3,2021-11-01,2021-11-09,Urgent,Home,7,Semi-Private,0,3.7
706230,102381,2067,8,2025-08-03,2025-08-14,Elective,Home,5,General,0,4.5
706231,100562,2068,11,2024-04-05,2024-04-12,Urgent,Home,7,General,0,4.0
706232,100681,2056,8,2021-07-26,2021-08-04,Emergency,Home,15,General,0,4.0
706233,102148,2014,11,2024-07-13,2024-07-14,Emergency,Home,13,Semi-Private,1,4.1
706234,102418,2016,11,2023-05-21,2023-05-29,Elective,Home,13,Semi-Private,0,3.4
706235,101617,2076,1,2023-08-15,2023-08-19,Emergency,Rehab,10,General,0,3.7
706236,101036,2075,2,2025-04-01,2025-04-08,Emergency,Home,4,General,0,3.9
706237,100720,2066,4,2023-12-20,2023-12-27,Urgent,Home,10,General,0,3.4
706238,102125,2033,1,2022-07-17,2022-07-21,Elective,Home,13,General,0,4.2
706239,100587,2013,3,2021-10-01,2021-10-09,Emergency,Home,9,ICU,0,4.4
706240,100974,2030,4,2023-01-15,2023-01-28,Elective,Home,6,General,0,5.0
706241,101847,2026,10,2022-03-02,2022-03-14,Emergency,Home,4,General,0,3.4
706242,101372,2013,3,2023-01-04,2023-01-05,Elective,Transferred,5,Semi-Private,1,4.7
706243,101467,2068,5,2023-03-24,2023-03-29,Emergency,Home,8,Private,0,5.0
706244,100691,2033,11,2022-06-28,2022-07-02,Emergency,Home,7,Private,0,4.7
706245,100088,2015,12,2021-09-12,2021-09-16,Emergency,Home,6,General,0,3.6
706246,100494,2017,10,2022-05-16,2022-05-19,Urgent,Home,2,Semi-Private,0,3.8
706247,101246,2006,7,2022-04-17,2022-04-18,Emergency,Home,15,Semi-Private,0,5.0
706248,102021,2005,8,2024-10-19,2024-10-24,Elective,Home,3,General,0,3.9
706249,101142,2033,8,2021-07-21,2021-07-29,Emergency,Home,13,General,0,4.0
706250,100136,2054,11,2023-02-17,2023-02-27,Emergency,Home,1,Semi-Private,0,3.6
706251,100978,2016,2,2023-10-17,2023-10-23,Elective,Home,3,General,0,4.6
706252,102235,2046,1,2022-06-21,2022-07-03,Elective,Home,11,Private,0,2.2
706253,100542,2024,6,2023-08-22,2023-08-23,Elective,Home,2,Semi-Private,0,3.4
706254,100930,2005,1,2025-01-22,2025-01-27,Urgent,Rehab,10,Private,0,3.3
706255,101403,2067,6,2021-02-28,2021-03-06,Emergency,Home,14,Private,0,5.0
706256,100811,2076,7,2024-04-17,2024-04-26,Emergency,Home,12,Semi-Private,0,4.2
706257,100412,2050,9,2021-12-29,2022-01-07,Urgent,Home,13,Semi-Private,0,3.8
706258,100217,2041,10,2023-05-31,2023-06-05,Urgent,Transferred,6,General,0,3.8
706259,100830,2055,10,2021-09-18,2021-09-21,Elective,Home,4,Private,0,3.0
706260,101134,2020,1,2022-12-05,2022-12-11,Elective,Home,12,Semi-Private,0,5.0
706261,100285,2050,7,2022-07-26,2022-08-06,Emergency,Home,11,Private,0,3.7
706262,100770,2035,4,2022-02-10,2022-02-18,Elective,Home,10,Semi-Private,0,4.4
706263,101897,2050,9,2024-07-28,2024-08-09,Emergency,Home,15,Semi-Private,0,3.5
706264,100569,2079,11,2023-08-18,2023-08-29,Urgent,Transferred,3,General,1,4.0
706265,101322,2033,4,2023-02-23,2023-03-07,Emergency,Home,8,Semi-Private,1,3.3
706266,100530,2067,2,2023-06-19,2023-07-01,Emergency,Home,5,Private,0,3.8
706267,101768,2071,1,2025-10-27,2025-11-01,Elective,Home,4,Private,0,4.8
706268,102075,2010,7,2023-05-21,2023-05-29,Emergency,Rehab,12,Private,0,4.1
706269,102044,2041,12,2024-03-26,2024-03-27,Elective,Home,13,General,0,4.3
706270,101142,2040,7,2023-04-13,2023-04-21,Urgent,Home,6,Semi-Private,0,4.0
706271,101078,2006,3,2025-08-23,2025-08-25,Elective,Home,4,General,0,5.0
706272,100504,2033,5,2022-06-01,2022-06-08,Urgent,Home,10,Semi-Private,0,3.4
706273,102025,2016,10,2024-07-18,2024-07-20,Emergency,Home,10,Semi-Private,0,3.9
706274,100152,2024,12,2021-10-11,2021-10-14,Emergency,Home,12,General,0,4.1
706275,100737,2060,12,2025-08-12,2025-08-17,Urgent,Home,5,General,1,3.3
706276,100479,2074,7,2025-11-11,2025-11-21,Emergency,Home,15,General,0,4.1
706277,101686,2011,8,2024-08-11,2024-08-18,Elective,Home,11,Semi-Private,1,4.0
706278,101240,2044,12,2024-01-08,2024-01-17,Elective,Home,4,General,0,4.1
706279,101372,2003,9,2021-08-28,2021-09-09,Emergency,Home,9,Private,0,4.1
706280,101364,2038,10,2024-07-22,2024-08-03,Elective,Rehab,2,General,0,3.5
706281,100850,2040,10,2024-03-17,2024-03-22,Elective,Transferred,1,Semi-Private,0,2.8
706282,101697,2019,1,2022-12-21,2023-01-01,Urgent,Transferred,7,General,0,4.1
706283,101399,2040,9,2023-06-04,2023-06-05,Emergency,Home,9,Semi-Private,0,3.3
706284,101561,2053,6,2025-05-26,2025-06-06,Elective,Rehab,9,General,0,3.9
706285,101327,2077,6,2025-11-26,2025-11-29,Emergency,Home,15,General,0,3.4
706286,101266,2036,7,2022-02-11,2022-02-16,Elective,Rehab,4,General,0,2.9
706287,101402,2067,9,2025-04-14,2025-04-26,Emergency,Home,4,Semi-Private,1,4.3
706288,101709,2020,7,2024-11-24,2024-11-27,Elective,Home,1,ICU,0,4.5
706289,101413,2028,7,2024-03-25,2024-04-02,Emergency,Home,12,General,0,4.8
706290,102335,2057,11,2024-02-21,2024-02-29,Emergency,Transferred,1,Private,1,3.7
706291,101754,2003,12,2023-06-29,2023-07-10,Elective,Home,1,General,0,4.0
706292,101961,2037,3,2022-08-04,2022-08-05,Emergency,Rehab,6,Private,0,4.3
706293,100627,2018,10,2022-08-04,2022-08-12,Elective,Home,11,Private,0,4.8
706294,101265,2046,9,2022-08-10,2022-08-24,Elective,Home,6,Private,0,2.7
706295,102260,2005,4,2024-02-15,2024-02-19,Emergency,Transferred,15,Private,0,2.9
706296,100363,2073,6,2023-06-16,2023-06-27,Emergency,Home,11,Semi-Private,0,5.0
706297,102181,2076,7,2025-02-17,2025-02-23,Urgent,Home,11,General,0,2.7
706298,101533,2057,12,2021-04-25,2021-05-05,Urgent,Transferred,5,Semi-Private,0,4.7
706299,102325,2026,12,2025-10-12,2025-10-20,Emergency,Transferred,10,Private,0,5.0
706300,101289,2033,9,2021-09-03,2021-09-17,Emergency,Home,12,General,0,4.6
706301,100657,2036,10,2022-10-06,2022-10-08,Emergency,Transferred,11,General,0,3.2
706302,101384,2022,12,2025-11-01,2025-11-09,Elective,Home,10,Semi-Private,0,3.3
706303,100667,2017,3,2024-10-15,2024-10-22,Elective,Home,2,Private,0,4.0
706304,102184,2044,11,2024-12-31,2025-01-04,Emergency,Home,6,Semi-Private,0,5.0
706305,102476,2052,2,2022-01-21,2022-02-02,Emergency,Home,12,General,0,5.0
706306,100920,2022,2,2023-10-09,2023-10-14,Urgent,Home,14,General,0,4.2
706307,102152,2069,2,2023-01-28,2023-02-03,Emergency,Home,13,Semi-Private,0,2.8
706308,101951,2001,9,2023-03-20,2023-03-23,Elective,Home,1,ICU,0,4.1
706309,100388,2030,8,2021-02-09,2021-02-11,Emergency,Home,3,Semi-Private,0,3.8
706310,101769,2039,9,2024-12-23,2025-01-06,Elective,Home,15,Semi-Private,0,4.0
706311,100905,2079,9,2024-09-18,2024-09-20,Elective,Home,13,Semi-Private,0,2.8
706312,102381,2035,1,2023-07-02,2023-07-06,Elective,Home,15,Private,0,4.2
706313,100377,2069,10,2024-04-22,2024-04-29,Elective,Home,12,Private,0,2.9
706314,100240,2070,10,2022-06-27,2022-07-09,Elective,Home,5,ICU,0,2.1
706315,100182,2011,9,2024-11-22,2024-11-23,Elective,Home,14,Semi-Private,0,4.2
706316,101281,2051,1,2024-02-20,2024-02-21,Emergency,Home,10,Semi-Private,0,5.0
706317,100744,2063,5,2022-12-22,2022-12-26,Urgent,Rehab,5,General,0,3.4
706318,100841,2034,4,2023-05-21,2023-05-30,Urgent,Home,11,ICU,0,3.6
706319,101279,2055,8,2024-04-25,2024-05-07,Elective,Home,7,Private,0,4.7
706320,101069,2078,5,2022-12-09,2022-12-23,Emergency,Home,5,Semi-Private,0,4.9
706321,101009,2073,12,2024-02-21,2024-03-04,Emergency,Home,13,Semi-Private,0,4.1
706322,100598,2020,9,2022-01-24,2022-01-29,Urgent,Home,10,General,0,3.5
706323,101017,2080,1,2021-05-19,2021-05-20,Urgent,Home,15,Private,0,5.0
706324,100201,2058,8,2023-01-02,2023-01-05,Emergency,Home,6,Semi-Private,0,3.1
706325,100343,2017,6,2022-07-14,2022-07-25,Elective,Home,13,General,1,3.6
706326,100631,2034,1,2021-12-10,2021-12-16,Elective,Home,7,Semi-Private,0,4.4
706327,100298,2075,2,2021-01-07,2021-01-20,Emergency,Home,2,Private,0,2.8
706328,100698,2062,4,2023-07-09,2023-07-12,Elective,Home,3,General,0,4.3
706329,101221,2034,5,2021-09-01,2021-09-12,Elective,Home,3,General,0,4.9
706330,101873,2072,1,2025-08-13,2025-08-19,Emergency,Transferred,1,General,0,5.0
706331,101506,2019,10,2022-03-21,2022-03-27,Emergency,Home,14,General,1,3.7
706332,100930,2066,7,2025-03-20,2025-03-25,Emergency,Rehab,9,Semi-Private,0,3.7
706333,100379,2072,4,2025-05-13,2025-05-23,Urgent,Home,10,Semi-Private,0,4.5
706334,100706,2042,1,2024-02-22,2024-03-06,Elective,Home,9,General,0,3.5
706335,102415,2051,12,2025-12-09,2025-12-14,Elective,Home,9,,0,3.8
706336,101561,2071,6,2021-03-18,2021-03-27,Elective,Transferred,12,General,0,4.2
706337,100771,2049,9,2022-06-20,2022-06-23,Urgent,Home,9,Semi-Private,0,4.3
706338,101095,2029,9,2022-01-16,2022-01-27,Emergency,Home,14,Private,0,2.6
706339,101052,2030,11,2024-08-17,2024-08-27,Emergency,Home,8,General,0,3.1
706340,100349,2025,4,2023-01-08,2023-01-15,Emergency,Home,5,Semi-Private,0,2.6
706341,101142,2068,7,2025-05-07,2025-05-20,Urgent,Transferred,11,ICU,0,2.7
706342,101232,2062,10,2021-06-18,2021-06-22,Emergency,Home,9,Semi-Private,0,3.2
706343,101447,2038,1,2025-07-14,2025-07-16,Elective,Home,7,General,0,3.8
706344,100093,2017,10,2022-10-29,2022-11-08,Emergency,Transferred,2,Semi-Private,1,3.9
706345,102189,2074,9,2021-07-07,2021-07-10,Elective,Home,7,Semi-Private,0,2.4
706346,102403,2001,1,2024-04-13,2024-04-16,Emergency,Rehab,4,General,0,3.3
706347,101547,2018,9,2022-03-27,2022-03-30,Emergency,Home,7,Semi-Private,0,2.9
706348,101827,2063,6,2025-01-12,2025-01-15,Emergency,Home,7,Semi-Private,0,3.8
706349,101093,2046,10,2024-02-07,2024-02-17,Elective,Home,12,Private,0,3.5
706350,100582,2019,11,2021-01-19,2021-01-25,Elective,Home,3,Private,0,4.9
706351,101721,2050,7,2024-12-15,2024-12-28,Urgent,Transferred,3,General,0,3.9
706352,100883,2054,4,2023-09-27,2023-10-11,Emergency,Home,10,Semi-Private,0,3.5
706353,100124,2031,9,2022-08-07,2022-08-13,Elective,Home,10,General,0,3.8
706354,101758,2065,12,2022-08-24,2022-09-04,Urgent,Home,6,Private,0,3.5
706355,101702,2046,6,2022-05-31,2022-06-09,Emergency,Rehab,14,General,1,5.0
706356,100603,2035,12,2024-06-05,2024-06-13,Elective,Home,2,General,1,3.7
706357,101365,2049,6,2022-05-15,2022-05-25,Elective,Home,12,ICU,0,4.3
706358,100305,2034,12,2025-09-02,2025-09-09,Emergency,Rehab,8,Private,0,4.6
706359,101252,2029,10,2022-12-02,2022-12-14,Emergency,Home,8,Semi-Private,0,3.5
706360,100937,2006,6,2024-09-11,2024-09-23,Emergency,Transferred,4,Semi-Private,0,2.6
706361,102413,2001,4,2024-11-06,2024-11-19,Elective,Home,2,ICU,0,3.6
706362,102314,2055,7,2021-06-05,2021-06-07,Emergency,Rehab,9,ICU,0,4.5
706363,102132,2027,2,2025-11-01,2025-11-11,Emergency,Home,15,Private,0,2.7
706364,100749,2012,2,2022-06-13,2022-06-15,Elective,Rehab,14,ICU,0,4.2
706365,102199,2004,11,2022-11-07,2022-11-21,Emergency,Home,9,General,0,4.6
706366,100686,2080,11,2021-07-04,2021-07-05,Emergency,Home,2,Private,1,5.0
706367,100140,2052,6,2021-07-30,2021-08-06,Emergency,Home,10,Semi-Private,0,4.5
706368,100055,2011,9,2022-01-26,2022-02-02,Urgent,Home,4,Semi-Private,0,4.2
706369,100074,2052,3,2023-10-23,2023-10-24,Emergency,Rehab,1,Private,0,4.1
706370,100997,2026,7,2023-09-22,2023-09-28,Emergency,Home,6,General,0,3.1
706371,101945,2028,9,2023-01-30,2023-02-10,Emergency,Home,11,Semi-Private,0,3.3
706372,100642,2072,12,2024-06-04,2024-06-18,Emergency,Home,11,Private,0,2.7
706373,100744,2066,9,2023-07-01,2023-07-13,Elective,Home,13,Semi-Private,1,4.1
706374,102074,2027,3,2023-09-26,2023-10-03,Urgent,Home,14,Semi-Private,0,4.3
706375,102483,2055,1,2024-10-26,2024-11-09,Elective,Home,11,Semi-Private,1,4.1
706376,101605,2071,2,2023-09-29,2023-09-30,Emergency,Home,1,General,0,4.2
706377,100062,2054,11,2023-02-20,2023-03-04,Emergency,Transferred,12,Private,0,4.6
706378,101224,2046,8,2021-03-01,2021-03-07,Emergency,Home,7,General,0,3.0
706379,100493,2036,7,2025-10-07,2025-10-17,Emergency,Home,9,Semi-Private,0,4.0
706380,101993,2021,1,2024-08-30,2024-09-08,Elective,Home,9,General,0,4.2
706381,101140,2049,3,2024-11-15,2024-11-27,Elective,Home,11,Semi-Private,0,3.6
706382,101395,2034,8,2022-01-06,2022-01-07,Emergency,Transferred,2,General,1,2.4
706383,101256,2034,7,2025-08-19,2025-08-21,Emergency,Transferred,13,General,0,3.2
706384,102496,2040,5,2022-08-19,2022-08-21,Emergency,Home,11,Semi-Private,0,3.6
706385,102256,2007,3,2023-06-15,2023-06-25,Elective,Home,8,General,0,4.1
706386,101002,2052,7,2025-06-06,2025-06-09,Elective,Home,11,General,0,4.0
706387,101126,2049,5,2024-07-09,2024-07-23,Elective,Home,3,Private,1,5.0
706388,100010,2037,1,2023-10-02,2023-10-06,Elective,Transferred,5,General,0,4.7
706389,101147,2062,5,2021-07-04,2021-07-11,Emergency,Home,4,General,0,4.0
706390,100787,2015,3,2024-06-10,2024-06-13,Urgent,Home,6,General,0,4.1
706391,102052,2002,2,2021-08-04,2021-08-11,Emergency,Rehab,11,General,0,5.0
706392,100259,2011,3,2023-05-01,2023-05-06,Emergency,Home,12,Semi-Private,0,5.0
706393,101934,2017,10,2025-12-15,2025-12-20,Urgent,Transferred,12,General,0,4.3
706394,102335,2045,4,2024-05-28,2024-06-04,Emergency,Home,7,Private,0,5.0
706395,102079,2068,1,2021-09-11,2021-09-18,Emergency,Home,9,Private,0,3.3
706396,101712,2061,4,2021-04-09,2021-04-16,Urgent,Home,10,Semi-Private,0,4.0
706397,100521,2046,9,2024-07-16,2024-07-25,Elective,Transferred,5,General,0,5.0
706398,100716,2032,1,2023-04-11,2023-04-12,Emergency,Transferred,2,Semi-Private,1,4.5
706399,101644,2019,11,2022-03-21,2022-03-22,Elective,Home,12,General,0,3.9
706400,100124,2067,7,2025-08-13,2025-08-16,Urgent,Home,4,Semi-Private,0,4.1
706401,101774,2004,8,2024-08-23,2024-08-29,Emergency,Transferred,13,General,0,4.1
706402,100922,2025,9,2025-01-08,2025-01-10,Elective,Expired,2,ICU,1,5.0
706403,102178,2073,7,2022-07-28,2022-08-06,Urgent,Transferred,15,Semi-Private,0,4.6
706404,101504,2021,9,2022-03-21,2022-03-22,Urgent,Home,1,General,0,3.9
706405,101756,2014,10,2024-02-18,2024-03-03,Elective,Rehab,2,General,0,2.7
706406,101566,2022,3,2021-09-23,2021-09-28,Emergency,Home,11,Private,0,3.5
706407,101948,2048,1,2021-03-07,2021-03-14,Elective,Home,7,Private,0,4.0
706408,101853,2051,2,2021-04-12,2021-04-22,Emergency,Home,2,Private,0,3.9
706409,102125,2080,10,2021-05-18,2021-05-21,Elective,Rehab,4,Private,0,4.8
706410,102414,2011,1,2021-04-16,2021-04-30,Emergency,Rehab,5,Semi-Private,0,3.8
706411,100292,2059,2,2024-02-04,2024-02-06,Elective,Home,3,General,0,4.6
706412,101994,2014,9,2024-06-29,2024-07-12,Emergency,Home,4,General,0,2.9
706413,101738,2007,5,2021-11-13,2021-11-16,Urgent,Home,10,General,0,3.6
706414,100157,2069,4,2021-12-29,2022-01-10,Emergency,Transferred,13,General,0,4.5
706415,101124,2058,2,2022-03-21,2022-03-28,Emergency,Home,3,General,0,5.0
706416,100908,2040,3,2024-09-22,2024-09-23,Elective,Rehab,8,Semi-Private,1,3.9
706417,101658,2025,9,2023-11-28,2023-12-06,Emergency,Home,10,Semi-Private,0,4.6
706418,100918,2078,3,2023-01-18,2023-01-21,Elective,Home,8,General,0,5.0
706419,101851,2042,8,2022-01-18,2022-01-23,Urgent,Home,3,Private,0,4.7
706420,102158,2044,12,2023-04-15,2023-04-25,Elective,Home,9,General,0,4.6
706421,101703,2005,1,2024-03-23,2024-04-03,Elective,Home,9,ICU,0,3.7
706422,101666,2028,12,2022-11-07,2022-11-12,Emergency,Home,7,Private,0,5.0
706423,101294,2076,5,2025-02-14,2025-02-20,Elective,Home,13,Semi-Private,0,3.0
706424,100138,2060,2,2021-04-05,2021-04-12,Emergency,Home,1,Private,0,3.0
706425,101712,2077,4,2023-03-20,2023-03-31,Elective,Home,12,General,0,5.0
706426,102112,2021,2,2022-12-18,2022-12-19,Urgent,Home,10,General,0,4.3
706427,101015,2049,3,2021-10-26,2021-11-01,Elective,Home,11,Semi-Private,0,3.1
706428,101724,2056,5,2024-12-14,2024-12-16,Urgent,Home,3,Semi-Private,0,2.9
706429,102398,2057,2,2025-06-15,2025-06-29,Elective,Home,8,General,0,2.9
706430,102195,2061,9,2025-10-02,2025-10-12,Elective,Home,6,Private,1,5.0
706431,101359,2038,8,2023-03-09,2023-03-12,Elective,Transferred,9,Private,1,3.9
706432,101556,2073,5,2025-07-19,2025-08-02,Emergency,Transferred,11,Private,0,3.6
706433,100407,2002,11,2023-11-04,2023-11-09,Emergency,Home,11,Private,1,5.0
706434,100344,2003,1,2024-02-15,2024-02-16,Emergency,Home,10,General,0,4.2
706435,100652,2043,5,2023-04-11,2023-04-18,Emergency,Transferred,13,Semi-Private,0,3.8
706436,101545,2074,4,2025-04-03,2025-04-04,Urgent,Home,14,General,0,4.8
706437,101874,2035,9,2021-08-05,2021-08-13,Emergency,Home,11,Semi-Private,0,4.4
706438,101160,2073,2,2022-06-05,2022-06-16,Elective,Home,9,General,0,4.5
706439,100039,2040,7,2025-07-06,2025-07-18,Elective,Home,1,General,0,3.8
706440,101344,2058,2,2025-05-14,2025-05-20,Elective,Home,6,General,0,3.3
706441,100287,2034,11,2023-02-26,2023-03-09,Elective,Home,13,Semi-Private,0,3.2
706442,100968,2025,12,2025-09-01,2025-09-15,Emergency,Home,11,General,0,4.1
706443,101487,2056,3,2023-06-29,2023-06-30,Urgent,Home,11,General,0,4.0
706444,100891,2032,3,2022-10-01,2022-10-15,Urgent,Home,3,General,1,4.4
706445,100662,2022,10,2021-09-03,2021-09-10,Elective,Home,5,General,0,3.7
706446,101029,2065,8,2023-04-17,2023-04-27,Urgent,Transferred,1,Private,0,5.0
706447,100236,2021,2,2024-07-13,2024-07-16,Emergency,Home,11,Semi-Private,0,3.0
706448,102284,2080,1,2025-05-31,2025-06-07,Emergency,Home,14,ICU,0,4.3
706449,100969,2021,6,2021-10-22,2021-11-02,Elective,Home,11,Semi-Private,0,3.3
706450,101129,2028,6,2024-03-10,2024-03-18,Urgent,Home,14,General,0,3.8
706451,101231,2019,11,2025-12-14,2025-12-24,Emergency,Rehab,7,General,0,3.3
706452,100239,2014,1,2025-04-24,2025-05-08,Elective,Home,6,General,0,3.7
706453,101855,2024,5,2022-01-25,2022-01-28,Emergency,Home,12,Semi-Private,0,3.2
706454,100829,2020,9,2021-03-03,2021-03-08,Urgent,Home,10,General,0,3.2
706455,100052,2032,10,2023-04-22,2023-05-02,Elective,Home,5,Private,0,4.7
706456,102156,2074,11,2021-06-06,2021-06-08,Emergency,Rehab,2,Semi-Private,0,3.0
706457,101381,2052,10,2024-05-06,2024-05-20,Urgent,Home,8,General,0,4.5
706458,101057,2065,5,2025-09-30,2025-10-02,Emergency,Transferred,5,Private,1,4.6
706459,100022,2052,12,2021-06-08,2021-06-09,Elective,Home,15,General,0,4.5
706460,100307,2058,7,2023-09-23,2023-09-26,Emergency,Home,2,Private,0,4.0
706461,100011,2079,6,2021-08-04,2021-08-08,Emergency,Rehab,4,General,1,3.2
706462,101663,2010,11,2024-09-24,2024-09-27,Emergency,Home,10,General,0,2.8
706463,100198,2070,10,2024-10-09,2024-10-20,Emergency,Home,8,General,0,3.1
706464,101966,2015,4,2021-12-17,2021-12-25,Urgent,Home,15,Semi-Private,1,3.1
706465,101068,2047,12,2022-08-21,2022-08-22,Elective,Home,8,Semi-Private,0,4.2
706466,101209,2010,2,2023-11-24,2023-11-29,Emergency,Home,3,Semi-Private,0,2.9
706467,102437,2021,10,2023-05-12,2023-05-19,Elective,Home,10,General,0,3.8
706468,100551,2019,5,2021-10-09,2021-10-22,Elective,Home,8,General,0,4.0
706469,101466,2068,12,2022-01-18,2022-01-27,Urgent,Home,10,General,0,3.8
706470,100505,2022,12,2023-12-08,2023-12-09,Elective,Home,9,Semi-Private,0,3.8
706471,100137,2063,10,2025-03-23,2025-04-01,Elective,Rehab,13,General,0,5.0
706472,100989,2038,9,2024-06-18,2024-06-29,Emergency,Home,2,General,0,4.4
706473,101303,2015,3,2025-11-27,2025-12-06,Emergency,Transferred,6,General,0,4.5
706474,102212,2070,3,2021-04-04,2021-04-08,Elective,Home,11,Private,0,3.7
706475,100852,2075,12,2025-04-03,2025-04-13,Emergency,Home,3,General,0,4.6
706476,101047,2044,11,2023-06-27,2023-07-02,Elective,Home,5,ICU,1,4.2
706477,101976,2030,7,2025-12-15,2025-12-21,Elective,Home,4,Semi-Private,0,4.2
706478,100711,2024,10,2024-08-28,2024-09-01,Emergency,Home,13,General,0,3.7
706479,100507,2046,2,2024-01-16,2024-01-22,Urgent,Home,8,General,0,4.2
706480,100686,2004,8,2022-07-25,2022-07-30,Urgent,Home,15,General,0,5.0
706481,101534,2006,7,2021-08-20,2021-08-23,Elective,Home,7,General,0,4.5
706482,100708,2038,8,2023-06-10,2023-06-13,Elective,Expired,7,General,0,5.0
706483,101624,2026,10,2021-10-11,2021-10-20,Emergency,Home,11,Semi-Private,0,2.6
706484,100142,2019,6,2025-11-01,2025-11-06,Emergency,Transferred,12,Semi-Private,0,4.1
706485,102329,2002,5,2024-04-01,2024-04-12,Urgent,Home,12,General,0,4.6
706486,101708,2068,11,2024-05-02,2024-05-05,Emergency,Home,15,Private,0,4.3
706487,100302,2069,4,2023-05-27,2023-06-04,Emergency,Home,15,ICU,0,4.4
706488,102445,2047,8,2021-04-19,2021-04-27,Emergency,Home,1,Private,0,3.7
706489,100318,2029,2,2023-09-23,2023-10-07,Elective,Home,15,ICU,0,4.9
706490,101811,2064,6,2021-06-21,2021-07-05,Emergency,Transferred,6,General,0,2.8
706491,100858,2080,12,2025-11-19,2025-12-02,Urgent,Rehab,2,Private,0,3.9
706492,100677,2012,10,2021-02-09,2021-02-12,Emergency,Home,8,Private,0,4.1
706493,100379,2073,6,2021-02-27,2021-03-06,Urgent,Home,6,Semi-Private,0,3.6
706494,100217,2011,5,2021-02-11,2021-02-20,Urgent,Home,14,General,0,4.0
706495,101963,2008,2,2021-04-05,2021-04-08,Elective,Home,9,ICU,0,2.5
706496,100868,2060,5,2021-03-23,2021-03-31,Elective,Home,10,Private,0,3.0
706497,100434,2026,3,2022-10-19,2022-10-31,Emergency,Rehab,1,General,0,5.0
706498,100756,2032,7,2024-10-08,2024-10-20,Urgent,Transferred,8,General,1,4.2
706499,101308,2039,7,2023-12-03,2023-12-04,Elective,Rehab,12,General,0,3.7
706500,101507,2004,8,2025-12-08,2025-12-20,Emergency,Home,2,General,0,4.7
