Diagnosis_Record_ID,Admission_ID,Diagnosis_ID,Primary_Diagnosis,Diagnosis_Date,Severity
800001,703982,3021,0,2025-01-08,Mild
800002,706157,3023,0,2025-10-23,Moderate
800003,700349,3032,0,2023-10-07,Moderate
800004,700993,3003,0,2024-05-28,Moderate
800005,704053,3006,0,2021-01-16,Severe
800006,703755,3006,0,2025-07-15,Critical
800007,705766,3025,0,2022-12-16,Mild
800008,702127,3014,1,2022-02-05,Moderate
800009,702318,3019,0,2021-12-05,Moderate
800010,702464,3013,1,2023-08-15,Mild
800011,705567,3030,0,2024-01-22,Severe
800012,701801,3028,0,2024-07-03,Mild
800013,705934,3007,0,2023-12-06,Mild
800014,706346,3019,0,2023-07-06,Mild
800015,706467,3014,1,2023-10-11,Moderate
800016,700513,3026,0,2024-09-18,Moderate
800017,701680,3020,1,2025-05-15,Severe
800018,701133,3014,0,2025-06-21,Mild
800019,704091,3032,0,2023-10-30,Severe
800020,704512,3030,1,2023-08-03,Moderate
800021,701474,3028,0,2022-10-23,Mild
800022,704452,3018,0,2024-09-23,Critical
800023,703411,3030,1,2024-04-24,Severe
800024,702639,3006,0,2023-08-28,Moderate
800025,706392,3006,0,2023-12-02,Mild
800026,700005,3003,0,2025-06-05,Severe
800027,705006,3007,0,2022-01-16,Mild
800028,702059,3034,0,2023-11-28,Mild
800029,706171,3018,0,2023-02-07,Moderate
800030,700807,3001,1,2021-01-29,Mild
800031,703685,3027,0,2021-01-15,Mild
800032,706407,3015,0,2023-11-05,Moderate
800033,705762,3024,1,2024-12-07,Mild
800034,703114,3027,1,2022-05-28,Moderate
800035,703735,3029,0,2024-07-06,Moderate
800036,702069,3020,0,2021-08-09,Mild
800037,703959,3030,0,2022-05-30,Moderate
800038,705745,3018,0,2025-12-08,Mild
800039,700983,3019,0,2022-01-18,Moderate
800040,704381,3015,0,2023-11-16,Severe
800041,705939,3023,0,2021-01-20,Moderate
800042,701187,3006,0,2023-12-26,Mild
800043,705923,3030,0,2024-04-21,Mild
800044,704645,3010,0,2022-06-11,Mild
800045,703503,3030,0,2021-01-14,Mild
800046,700658,3001,1,2022-06-02,Mild
800047,705473,3029,1,2023-11-03,Moderate
800048,701670,3025,1,2025-01-31,Mild
800049,700586,3031,1,2022-09-28,Mild
800050,702460,3015,0,2021-04-23,Moderate
800051,702618,3017,1,2021-07-08,Severe
800052,704940,3008,0,2022-07-17,Severe
800053,704209,3010,0,2023-03-14,Moderate
800054,706087,3015,0,2022-04-19,Mild
800055,703878,3028,0,2025-05-24,Severe
800056,704308,3026,0,2023-06-23,Severe
800057,706013,3020,0,2021-04-07,Severe
800058,702359,3013,1,2021-01-16,Mild
800059,700044,3031,1,2021-01-01,Moderate
800060,703991,3014,1,2021-03-14,Moderate
800061,705947,3029,0,2025-02-01,Severe
800062,705353,3014,1,2021-01-17,Mild
800063,701274,3014,0,2024-11-26,Mild
800064,700465,3020,1,2023-11-19,Severe
800065,703997,3035,1,2025-10-12,Moderate
800066,704144,3005,0,2025-06-16,Moderate
800067,701251,3015,0,2022-02-24,Mild
800068,701974,3013,0,2023-08-19,Mild
800069,705621,3001,1,2025-06-10,Moderate
800070,704985,3007,0,2022-11-08,Moderate
800071,703210,3012,1,2024-11-14,Critical
800072,705963,3032,0,2023-11-04,Severe
800073,706340,3021,1,2022-05-27,Moderate
800074,703035,3012,0,2025-10-30,Mild
800075,703653,3033,0,2023-06-02,Mild
800076,704422,3004,0,2025-06-18,Moderate
800077,702186,3009,1,2021-05-25,Mild
800078,706035,3007,0,2024-11-11,Moderate
800079,704795,3018,0,2021-04-28,Mild
800080,702072,3023,0,2022-12-01,Critical
800081,701872,3020,1,2025-09-19,Severe
800082,701097,3031,0,2021-08-11,Moderate
800083,701357,3025,0,2025-05-23,Mild
800084,700786,3003,1,2023-09-06,Mild
800085,703820,3020,0,2021-07-15,Mild
800086,700125,3025,0,2023-01-02,Mild
800087,702982,3030,0,2024-08-31,Mild
800088,703000,3021,0,2025-09-01,Moderate
800089,705589,3035,1,2021-07-14,Moderate
800090,702361,3035,0,2022-07-04,Mild
800091,704913,3030,0,2024-04-10,Severe
800092,706140,3016,1,2024-01-15,Mild
800093,702615,3023,0,2025-03-31,Mild
800094,704098,3011,0,2021-11-03,Severe
800095,703846,3012,0,2025-09-27,Critical
800096,701233,3035,0,2025-02-03,Severe
800097,705374,3005,0,2024-03-05,Mild
800098,701054,3022,0,2025-08-19,Mild
800099,705431,3017,1,2021-01-11,Moderate
800100,700011,3021,0,2025-07-27,Critical
800101,705657,3027,0,2024-02-21,Critical
800102,702467,3013,0,2025-08-09,Moderate
800103,703955,3030,1,2024-12-07,Moderate
800104,700969,3015,0,2024-09-13,Mild
800105,701113,3018,1,2023-01-21,Mild
800106,700648,3011,0,2023-11-08,Mild
800107,702918,3007,0,2025-04-30,Moderate
800108,704084,3034,1,2022-10-07,Moderate
800109,703158,3032,0,2024-06-20,Mild
800110,705781,3013,0,2023-03-31,Critical
800111,705264,3016,0,2024-03-18,Mild
800112,700932,3026,0,2023-10-06,Moderate
800113,700138,3034,0,2024-07-13,Moderate
800114,703553,3021,1,2021-01-03,Severe
800115,700859,3018,0,2022-03-03,Severe
800116,706417,3020,0,2021-02-06,Moderate
800117,705067,3012,0,2024-10-08,Moderate
800118,704537,3021,0,2022-09-09,Mild
800119,705898,3032,0,2025-03-04,Mild
800120,700715,3009,0,2025-06-02,Moderate
800121,704815,3011,0,2022-06-30,Critical
800122,701809,3011,1,2024-11-14,Moderate
800123,701227,3028,0,2021-10-04,Severe
800124,701003,3017,0,2024-10-02,Severe
800125,703686,3033,0,2025-10-02,Mild
800126,701824,3034,1,2021-10-26,Moderate
800127,703525,3024,0,2021-07-08,Severe
800128,703218,3021,0,2023-06-13,Moderate
800129,705422,3035,0,2021-05-24,Mild
800130,704325,3011,0,2025-05-19,Severe
800131,700240,3032,0,2023-04-12,Moderate
800132,701582,3026,0,2024-10-17,Moderate
800133,705250,3018,0,2023-07-18,Moderate
800134,702407,3012,0,2022-07-12,Critical
800135,705483,3020,1,2021-07-01,Moderate
800136,705468,3034,0,2021-11-14,Mild
800137,703829,3027,0,2024-07-30,Critical
800138,705148,3034,0,2021-09-13,Mild
800139,702037,3001,0,2025-09-04,Critical
800140,705688,3015,1,2021-03-17,Moderate
800141,703121,3014,1,2023-07-22,Severe
800142,701533,3027,0,2024-05-29,Moderate
800143,701861,3003,1,2022-12-06,Moderate
800144,702398,3002,0,2025-12-10,Moderate
800145,702155,3012,0,2022-05-04,Moderate
800146,703163,3034,0,2025-11-14,Severe
800147,706233,3029,0,2025-06-19,Severe
800148,703995,3023,1,2022-05-27,Mild
800149,703852,3009,0,2023-06-09,Severe
800150,703071,3015,0,2024-07-23,Moderate
800151,704788,3001,1,2025-01-07,Moderate
800152,704921,3010,0,2023-09-27,Mild
800153,703831,3021,0,2024-08-21,Moderate
800154,701330,3035,0,2023-05-21,Severe
800155,704376,3034,0,2025-05-18,Mild
800156,702426,3011,0,2025-05-21,Moderate
800157,700949,3004,0,2025-05-23,Severe
800158,705152,3010,0,2022-11-16,Mild
800159,704412,3010,0,2021-04-30,Severe
800160,700055,3031,0,2025-11-18,Mild
800161,700364,3011,0,2021-06-05,Moderate
800162,703053,3004,0,2025-07-13,Moderate
800163,703006,3023,0,2021-08-19,Moderate
800164,700955,3011,1,2021-06-05,Moderate
800165,700972,3005,1,2023-03-25,Moderate
800166,700902,3022,1,2025-10-24,Severe
800167,703488,3011,0,2023-07-25,Moderate
800168,700635,3011,0,2022-10-16,Moderate
800169,700656,3008,0,2024-01-28,Moderate
800170,701389,3034,1,2023-11-01,Moderate
800171,700380,3028,0,2023-04-21,Mild
800172,700091,3002,0,2023-09-15,Severe
800173,704164,3013,0,2021-03-09,Mild
800174,701180,3014,0,2022-11-23,Severe
800175,704143,3005,0,2021-12-07,Moderate
800176,705485,3035,0,2021-08-13,Moderate
800177,704362,3034,0,2021-11-14,Severe
800178,703325,3009,1,2022-08-07,Moderate
800179,704797,3007,0,2022-02-09,Mild
800180,701362,3035,0,2023-04-06,Critical
800181,703765,3014,1,2023-01-27,Severe
800182,703780,3010,0,2022-10-09,Moderate
800183,706229,3017,0,2022-03-16,Severe
800184,705882,3010,0,2025-10-20,Severe
800185,702875,3032,1,2024-03-03,Severe
800186,704954,3024,1,2025-04-30,Mild
800187,704624,3020,0,2022-11-30,Moderate
800188,703236,3034,1,2024-01-25,Mild
800189,704115,3015,0,2024-12-25,Mild
800190,705909,3014,0,2023-09-28,Mild
800191,700807,3015,0,2025-11-30,Moderate
800192,701013,3012,0,2021-05-20,Severe
800193,701061,3018,0,2021-04-28,Moderate
800194,705397,3015,0,2025-12-14,Moderate
800195,706101,3006,1,2025-06-27,Mild
800196,705889,3008,1,2022-03-09,Mild
800197,703875,3018,1,2025-04-13,Moderate
800198,705360,3031,1,2025-08-24,Moderate
800199,705217,3003,0,2022-03-23,Moderate
800200,703558,3024,0,2024-03-15,Moderate
800201,705554,3031,0,2021-05-13,Moderate
800202,703253,3027,1,2021-03-06,Severe
800203,702655,3024,0,2025-01-03,Severe
800204,701110,3024,0,2024-03-29,Severe
800205,704215,3012,1,2025-06-09,Mild
800206,700646,3027,0,2025-09-05,Mild
800207,703899,3029,0,2023-07-25,Mild
800208,706491,3001,0,2022-02-03,Severe
800209,705207,3001,0,2022-06-14,Moderate
800210,706238,3012,0,2021-11-05,Moderate
800211,701219,3004,0,2022-01-23,Mild
800212,706484,3007,0,2023-07-25,Moderate
800213,705525,3015,1,2023-06-28,Severe
800214,703471,3026,0,2023-05-22,Moderate
800215,700945,3025,0,2022-01-28,Mild
800216,705882,3031,0,2022-04-18,Mild
800217,701642,3025,0,2022-04-03,Moderate
800218,701455,3025,0,2025-12-20,Moderate
800219,702757,3025,0,2023-02-23,Moderate
800220,704649,3017,0,2025-06-09,Moderate
800221,701108,3011,1,2023-06-27,Mild
800222,700278,3021,0,2025-10-24,Moderate
800223,704084,3016,1,2022-09-22,Mild
800224,702555,3033,1,2024-10-07,Critical
800225,702423,3007,0,2023-01-22,Mild
800226,706492,3011,0,2023-02-02,Severe
800227,706393,3005,0,2024-06-20,Mild
800228,700603,3034,1,2024-04-25,Mild
800229,700958,3015,0,2021-08-23,Moderate
800230,704814,3025,0,2023-04-18,Severe
800231,704746,3008,1,2023-12-08,Severe
800232,700970,3001,0,2023-02-18,Moderate
800233,701403,3033,0,2023-11-22,Moderate
800234,702195,3014,0,2023-11-04,Mild
800235,703675,3005,0,2022-01-10,Severe
800236,702136,3026,0,2021-03-19,Moderate
800237,702603,3022,0,2024-01-07,Mild
800238,706465,3002,1,2021-03-16,Moderate
800239,700795,3035,0,2022-06-18,Severe
800240,702696,3003,0,2022-10-02,Moderate
800241,705558,3001,0,2025-03-01,Mild
800242,701873,3034,1,2023-03-30,Severe
800243,706121,3011,0,2022-09-26,Severe
800244,702076,3035,0,2025-01-11,Severe
800245,702604,3005,0,2025-02-22,Mild
800246,703691,3029,1,2022-12-30,Moderate
800247,700475,3017,0,2023-01-12,Moderate
800248,703553,3001,0,2024-04-27,Moderate
800249,704504,3033,0,2024-05-06,Severe
800250,705484,3030,0,2023-07-28,Mild
800251,706408,3013,1,2024-12-29,Mild
800252,702688,3009,0,2025-09-24,Mild
800253,702050,3008,0,2024-08-12,Severe
800254,700146,3011,0,2023-09-06,Moderate
800255,704559,3003,0,2023-08-27,Moderate
800256,701149,3026,0,2024-03-24,Moderate
800257,703261,3020,0,2024-08-30,Mild
800258,704100,3012,0,2023-05-26,Mild
800259,705440,3002,0,2021-01-27,Severe
800260,706311,3019,1,2025-03-03,Moderate
800261,704815,3001,0,2021-11-17,Moderate
800262,705722,3029,0,2024-11-26,Mild
800263,700461,3023,0,2022-04-01,Mild
800264,706410,3006,1,2022-06-17,Mild
800265,701402,3034,0,2024-11-19,Severe
800266,700229,3019,1,2021-02-22,Mild
800267,701388,3032,1,2022-04-13,Mild
800268,704514,3019,0,2024-07-18,Moderate
800269,702779,3030,0,2021-01-19,Mild
800270,705787,3033,0,2022-12-23,Moderate
800271,701453,3001,0,2022-03-17,Moderate
800272,701139,3024,0,2023-07-04,Critical
800273,701631,3035,0,2022-05-09,Severe
800274,703082,3025,1,2024-07-14,Moderate
800275,703448,3015,0,2024-04-10,Severe
800276,706349,3027,1,2024-12-16,Mild
800277,700211,3015,0,2025-02-17,Severe
800278,704972,3016,0,2025-09-22,Moderate
800279,704465,3022,0,2025-11-30,Severe
800280,701807,3023,1,2021-11-03,Moderate
800281,704233,3001,0,2021-10-05,Mild
800282,705493,3017,0,2023-11-01,Mild
800283,706175,3011,0,2021-06-10,Moderate
800284,702492,3002,0,2025-12-10,Moderate
800285,702070,3029,0,2022-03-11,Mild
800286,702152,3006,0,2024-05-20,Mild
800287,703922,3012,0,2025-09-26,Severe
800288,700172,3003,0,2025-05-12,Mild
800289,702684,3013,0,2021-06-24,Moderate
800290,704492,3002,0,2022-06-02,Moderate
800291,705654,3028,0,2021-12-26,Moderate
800292,705625,3002,0,2023-07-23,Critical
800293,703433,3001,0,2022-05-14,Severe
800294,701664,3016,1,2024-08-06,Severe
800295,704954,3001,0,2025-06-09,Critical
800296,705337,3031,0,2025-10-29,Critical
800297,702208,3032,1,2021-08-05,Mild
800298,705312,3018,1,2024-06-11,Moderate
800299,703003,3026,0,2024-01-04,Severe
800300,703786,3024,0,2025-01-12,Moderate
800301,701379,3030,1,2024-01-18,Mild
800302,704272,3008,1,2021-04-15,Moderate
800303,700821,3004,1,2021-05-31,Severe
800304,701462,3025,0,2021-08-08,Severe
800305,700361,3026,0,2023-03-29,Moderate
800306,701705,3010,1,2022-04-19,Mild
800307,704931,3001,0,2025-12-19,Moderate
800308,704023,3031,0,2023-05-16,Mild
800309,700606,3019,1,2025-08-30,Severe
800310,703817,3003,1,2022-06-25,Mild
800311,702796,3022,1,2021-04-24,Severe
800312,705573,3026,0,2024-11-02,Mild
800313,705342,3015,0,2021-12-22,Moderate
800314,706273,3013,0,2021-03-21,Moderate
800315,702569,3010,1,2021-08-02,Mild
800316,704401,3018,0,2025-01-08,Severe
800317,705444,3005,0,2024-07-09,Severe
800318,700430,3032,0,2023-01-14,Critical
800319,702772,3020,0,2024-05-26,Moderate
800320,703672,3024,1,2024-03-23,Moderate
800321,700364,3015,0,2021-01-01,Severe
800322,702381,3023,1,2021-01-18,Mild
800323,701683,3014,0,2021-04-13,Moderate
800324,704081,3011,1,2022-05-25,Mild
800325,700081,3022,0,2023-10-23,Mild
800326,704884,3035,0,2022-05-14,Moderate
800327,701447,3031,1,2021-10-14,Mild
800328,703343,3017,0,2024-11-10,Moderate
800329,701272,3018,0,2024-09-27,Severe
800330,704552,3014,1,2024-01-14,Moderate
800331,701685,3025,0,2021-10-28,Mild
800332,701078,3025,1,2023-01-10,Moderate
800333,701662,3022,0,2024-12-03,Moderate
800334,706376,3026,0,2023-10-09,Moderate
800335,702993,3012,0,2021-07-15,Mild
800336,700513,3032,0,2024-09-04,Mild
800337,702080,3005,0,2024-02-29,Moderate
800338,702008,3017,0,2021-02-03,Mild
800339,706158,3021,0,2025-01-15,Severe
800340,701308,3017,0,2025-12-29,Mild
800341,701448,3032,1,2021-06-12,Severe
800342,703227,3034,1,2024-10-01,Severe
800343,705500,3005,0,2022-03-11,Severe
800344,701295,3026,0,2022-04-15,Moderate
800345,702749,3004,0,2023-10-13,Severe
800346,702805,3020,0,2021-11-27,Mild
800347,705593,3031,1,2025-11-08,Mild
800348,700446,3008,0,2024-10-08,Moderate
800349,703698,3006,1,2024-12-01,Mild
800350,706273,3017,0,2023-07-22,Moderate
800351,701015,3025,0,2021-07-29,Moderate
800352,706378,3004,1,2024-03-16,Severe
800353,702983,3014,0,2021-04-28,Severe
800354,702207,3017,0,2023-05-19,Moderate
800355,700563,3015,0,2024-10-05,Severe
800356,706251,3025,1,2025-01-13,Moderate
800357,703028,3013,0,2024-08-29,Critical
800358,704010,3035,0,2022-03-02,Mild
800359,702751,3010,1,2024-12-13,Moderate
800360,705208,3030,0,2025-09-07,Mild
800361,704254,3018,0,2021-04-26,Mild
800362,701383,3003,1,2023-04-02,Moderate
800363,703463,3018,1,2025-06-05,Mild
800364,700694,3021,1,2025-08-14,Severe
800365,706113,3025,1,2021-10-03,Moderate
800366,704411,3007,1,2025-05-04,Mild
800367,702154,3031,0,2025-05-17,Mild
800368,701480,3035,0,2024-07-21,Mild
800369,706210,3005,0,2023-01-04,Moderate
800370,702410,3009,1,2024-11-16,Moderate
800371,701437,3001,1,2023-07-15,Mild
800372,704667,3019,0,2024-11-15,Critical
800373,700162,3032,1,2021-03-14,Moderate
800374,701461,3002,0,2024-10-06,Mild
800375,706225,3018,0,2025-03-05,Moderate
800376,702216,3017,1,2025-02-27,Severe
800377,703258,3035,0,2024-09-15,Moderate
800378,703910,3004,1,2024-05-31,Mild
800379,701918,3001,1,2024-06-08,Severe
800380,705376,3014,1,2023-07-16,Severe
800381,702516,3013,0,2021-02-10,Moderate
800382,704469,3016,1,2023-12-21,Mild
800383,704059,3033,1,2024-01-21,Mild
800384,702246,3035,1,2024-02-07,Moderate
800385,705937,3005,0,2023-08-27,Mild
800386,705382,3012,0,2022-09-16,Moderate
800387,700878,3009,1,2022-03-20,Mild
800388,700519,3001,1,2025-12-17,Mild
800389,701126,3018,1,2021-09-21,Moderate
800390,706052,3001,0,2021-08-01,Moderate
800391,703142,3007,0,2022-05-05,Mild
800392,704962,3023,1,2022-04-12,Mild
800393,702945,3017,0,2025-05-12,Mild
800394,700478,3031,0,2021-05-29,Moderate
800395,700022,3010,0,2025-11-05,Mild
800396,703824,3012,0,2023-12-04,Moderate
800397,704817,3033,0,2022-07-17,Mild
800398,705408,3033,0,2024-12-20,Moderate
800399,702310,3008,0,2021-08-06,Moderate
800400,703718,3012,1,2021-08-24,Severe
800401,705576,3027,0,2024-03-23,Critical
800402,701644,3035,0,2024-06-24,Severe
800403,704491,3027,1,2025-03-01,Severe
800404,706049,3011,0,2021-10-12,Severe
800405,705505,3010,0,2022-06-19,Mild
800406,702395,3020,0,2024-04-06,Severe
800407,705064,3033,0,2024-08-25,Moderate
800408,703237,3018,0,2021-04-26,Mild
800409,703187,3016,1,2023-06-16,Moderate
800410,700746,3001,1,2023-02-24,Mild
800411,700349,3015,1,2025-09-19,Mild
800412,706042,3005,0,2021-08-04,Moderate
800413,702473,3015,0,2021-07-29,Moderate
800414,701882,3022,0,2024-05-17,Severe
800415,700616,3025,0,2023-08-19,Mild
800416,700170,3033,1,2021-11-29,Moderate
800417,702108,3024,0,2024-05-11,Mild
800418,701155,3010,0,2024-02-25,Moderate
800419,700013,3004,0,2023-07-31,Moderate
800420,704409,3006,0,2025-03-23,Moderate
800421,705317,3009,0,2022-09-09,Mild
800422,700449,3014,0,2021-10-18,Severe
800423,700226,3028,0,2024-11-26,Mild
800424,702028,3018,1,2025-11-08,Mild
800425,701293,3031,0,2022-06-02,Mild
800426,703650,3035,1,2022-04-16,Mild
800427,705013,3035,0,2021-08-10,Severe
800428,706357,3019,0,2022-04-27,Moderate
800429,701862,3033,0,2022-03-11,Severe
800430,705046,3031,0,2022-05-11,Moderate
800431,703934,3025,0,2021-07-18,Mild
800432,703835,3007,0,2025-12-04,Mild
800433,705519,3004,0,2023-08-26,Moderate
800434,702447,3002,0,2024-10-26,Mild
800435,703437,3025,1,2023-04-26,Critical
800436,705487,3025,1,2024-09-08,Severe
800437,703337,3034,0,2023-11-15,Mild
800438,702124,3025,1,2021-11-18,Moderate
800439,700583,3022,0,2021-01-22,Moderate
800440,703861,3001,0,2022-12-28,Mild
800441,702953,3032,1,2024-03-24,Mild
800442,705088,3015,0,2021-08-20,Moderate
800443,701602,3014,1,2022-02-05,Moderate
800444,705378,3007,0,2024-12-04,Mild
800445,701336,3003,0,2025-08-08,Moderate
800446,700885,3002,1,2025-11-28,Severe
800447,705371,3029,0,2024-01-09,Mild
800448,700099,3010,0,2021-07-05,Mild
800449,702739,3013,0,2024-05-17,Mild
800450,701222,3019,0,2023-10-20,Moderate
800451,701467,3018,0,2022-01-16,Moderate
800452,705387,3004,0,2025-12-25,Moderate
800453,703831,3030,0,2024-08-08,Mild
800454,703234,3009,0,2024-01-15,Moderate
800455,705087,3035,1,2023-01-23,Severe
800456,702901,3010,0,2025-11-30,Severe
800457,702525,3001,0,2022-10-22,Mild
800458,701683,3002,0,2021-08-31,Mild
800459,700647,3005,0,2025-06-29,Moderate
800460,705995,3032,1,2021-07-01,Mild
800461,701419,3031,0,2025-09-30,Mild
800462,701855,3028,1,2025-11-16,Moderate
800463,705373,3007,1,2022-08-14,Moderate
800464,703523,3002,1,2025-09-17,Severe
800465,702744,3011,0,2024-12-01,Critical
800466,700615,3019,0,2024-09-09,Severe
800467,700427,3027,0,2024-01-12,Moderate
800468,706124,3023,0,2022-11-12,Severe
800469,705933,3031,0,2024-04-24,Severe
800470,700896,3006,1,2021-10-20,Critical
800471,701724,3009,0,2022-06-21,Mild
800472,701185,3033,1,2022-05-30,Mild
800473,702076,3023,0,2023-02-15,Mild
800474,700615,3029,0,2025-08-10,Severe
800475,705236,3030,0,2024-09-23,Moderate
800476,701760,3006,0,2025-02-21,Mild
800477,702560,3017,0,2022-02-10,Critical
800478,704153,3002,0,2022-08-14,Moderate
800479,704323,3014,0,2021-08-11,Mild
800480,706289,3016,0,2021-09-20,Moderate
800481,705411,3024,0,2023-05-08,Severe
800482,700042,3004,0,2025-08-30,Mild
800483,702277,3029,0,2021-09-24,Moderate
800484,701724,3026,0,2021-01-10,Moderate
800485,701946,3019,1,2022-04-09,Severe
800486,703648,3018,0,2023-04-09,Moderate
800487,700145,3028,1,2024-05-12,Mild
800488,706498,3028,1,2025-01-12,Severe
800489,700753,3031,0,2025-08-30,Mild
800490,703272,3012,1,2021-08-23,Moderate
800491,705684,3021,0,2025-07-04,Mild
800492,704328,3032,0,2022-11-27,Mild
800493,702932,3004,0,2025-08-30,Mild
800494,706386,3023,0,2024-03-25,Moderate
800495,704340,3013,0,2023-09-17,Mild
800496,704808,3017,0,2023-07-24,Moderate
800497,703670,3031,1,2024-10-21,Moderate
800498,702938,3022,0,2025-05-10,Moderate
800499,703256,3009,1,2021-01-10,Moderate
800500,704891,3006,1,2025-01-18,Severe
800501,701042,3009,0,2022-04-01,Critical
800502,706463,3002,0,2025-09-02,Moderate
800503,700080,3008,0,2023-01-17,Mild
800504,702931,3009,0,2022-03-03,Critical
800505,705526,3035,1,2024-10-21,Mild
800506,706368,3021,0,2023-07-06,Severe
800507,701454,3012,0,2023-11-06,Moderate
800508,700539,3003,0,2023-09-18,Severe
800509,705990,3024,0,2023-06-06,Mild
800510,700684,3028,0,2022-10-03,Moderate
800511,701953,3009,0,2022-10-03,Mild
800512,706110,3004,0,2022-06-13,Severe
800513,704179,3027,0,2021-06-04,Mild
800514,705153,3003,0,2021-08-30,Mild
800515,701149,3011,1,2021-10-28,Moderate
800516,704790,3009,0,2024-02-13,Moderate
800517,706297,3030,0,2022-07-22,Mild
800518,706150,3035,0,2022-06-22,Mild
800519,702815,3033,1,2022-10-06,Mild
800520,706396,3015,0,2021-05-29,Moderate
800521,704189,3030,0,2024-02-04,Mild
800522,706204,3011,1,2023-10-11,Mild
800523,703518,3031,0,2022-02-12,Moderate
800524,700460,3002,0,2024-05-05,Moderate
800525,703003,3007,0,2023-04-10,Critical
800526,700294,3009,0,2022-05-10,Mild
800527,705519,3026,0,2021-03-03,Moderate
800528,701183,3010,0,2025-04-13,Critical
800529,705524,3031,0,2022-12-30,Moderate
800530,701437,3015,0,2023-07-29,Moderate
800531,704080,3017,0,2023-09-15,Severe
800532,704939,3027,0,2021-05-08,Mild
800533,700656,3014,0,2023-10-21,Moderate
800534,705584,3028,0,2024-09-15,Moderate
800535,706049,3008,0,2024-06-07,Mild
800536,702743,3028,1,2025-11-13,Severe
800537,701299,3030,0,2021-08-19,Moderate
800538,703929,3029,0,2025-12-11,Mild
800539,704658,3012,0,2023-05-25,Mild
800540,705666,3035,0,2022-12-18,Mild
800541,705824,3019,0,2024-02-17,Moderate
800542,703441,3005,0,2022-04-11,Critical
800543,704896,3012,0,2023-08-15,Mild
800544,700633,3006,0,2021-12-01,Mild
800545,704071,3005,1,2025-01-10,Mild
800546,706019,3024,0,2023-08-05,Moderate
800547,706285,3018,0,2021-03-03,Severe
800548,706110,3025,0,2023-05-10,Mild
800549,704183,3028,0,2021-03-17,Mild
800550,702014,3024,0,2024-08-04,Severe
800551,706412,3023,1,2022-04-28,Mild
800552,703646,3001,0,2025-07-08,Mild
800553,700998,3014,0,2025-06-08,Mild
800554,703608,3019,0,2023-05-04,Moderate
800555,704376,3033,0,2023-11-11,Mild
800556,705854,3006,0,2022-11-23,Mild
800557,700209,3034,0,2024-05-21,Severe
800558,702226,3023,0,2024-01-16,Moderate
800559,702648,3027,1,2022-07-11,Severe
800560,700352,3014,0,2024-12-21,Mild
800561,705315,3022,0,2025-07-02,Critical
800562,704468,3014,0,2022-05-29,Mild
800563,700685,3022,1,2025-03-25,Moderate
800564,701044,3009,0,2021-06-27,Moderate
800565,704856,3011,0,2025-08-25,Severe
800566,702148,3012,0,2022-10-14,Moderate
800567,701621,3025,1,2023-12-30,Mild
800568,703667,3002,0,2023-06-20,Mild
800569,702451,3009,1,2024-11-29,Mild
800570,701381,3035,1,2024-06-08,Mild
800571,704354,3032,0,2024-07-15,Mild
800572,704897,3014,0,2023-03-24,Mild
800573,701445,3029,0,2025-02-09,Severe
800574,705386,3019,1,2023-04-28,Severe
800575,702910,3005,1,2022-10-02,Moderate
800576,700893,3017,0,2024-06-21,Severe
800577,705376,3034,0,2025-08-12,Moderate
800578,705585,3022,1,2021-07-07,Moderate
800579,702462,3011,0,2025-06-18,Critical
800580,703342,3030,0,2022-03-26,Moderate
800581,704101,3029,0,2021-10-04,Moderate
800582,701828,3015,0,2025-01-09,Moderate
800583,700314,3017,0,2023-10-22,Moderate
800584,703536,3027,0,2023-10-31,Mild
800585,700653,3002,1,2025-10-10,Severe
800586,701373,3006,0,2025-10-07,Severe
800587,701880,3004,0,2021-06-12,Critical
800588,705778,3023,0,2023-02-28,Moderate
800589,704199,3031,1,2023-06-06,Severe
800590,702952,3001,0,2021-08-23,Moderate
800591,702501,3013,0,2022-09-15,Critical
800592,701200,3006,0,2024-07-25,Moderate
800593,704099,3034,0,2025-02-23,Mild
800594,703654,3016,0,2024-10-16,Moderate
800595,701133,3032,0,2024-08-19,Moderate
800596,706271,3015,1,2023-02-22,Moderate
800597,703857,3004,0,2023-01-03,Moderate
800598,703123,3012,0,2022-11-22,Mild
800599,702617,3010,0,2021-07-09,Moderate
800600,703114,3002,0,2024-11-15,Moderate
800601,704125,3024,0,2024-03-12,Mild
800602,701525,3016,1,2021-11-21,Mild
800603,706230,3035,0,2021-07-23,Severe
800604,704457,3017,0,2025-03-26,Moderate
800605,703051,3008,1,2022-08-17,Moderate
800606,701250,3029,0,2022-03-25,Mild
800607,700695,3034,0,2023-05-09,Mild
800608,706342,3031,0,2024-01-31,Severe
800609,705803,3017,0,2025-12-26,Mild
800610,701705,3004,0,2023-05-30,Mild
800611,704529,3023,1,2024-04-27,Moderate
800612,700334,3011,0,2023-10-08,Severe
800613,704180,3023,0,2022-08-19,Mild
800614,702203,3005,0,2025-10-22,Mild
800615,704177,3032,1,2025-03-18,Mild
800616,702244,3005,0,2022-11-05,Mild
800617,704906,3017,1,2021-08-26,Mild
800618,701485,3023,0,2024-08-25,Mild
800619,705302,3034,0,2025-11-11,Severe
800620,704736,3030,0,2021-09-09,Moderate
800621,700233,3027,0,2021-08-20,Mild
800622,702115,3033,1,2024-04-21,Mild
800623,703887,3016,0,2022-12-16,Critical
800624,700345,3031,0,2025-09-20,Moderate
800625,701386,3004,0,2021-01-02,Mild
800626,701083,3020,1,2024-12-14,Mild
800627,704366,3032,0,2024-11-27,Mild
800628,705346,3034,0,2021-09-07,Severe
800629,701406,3016,0,2023-07-19,Severe
800630,705117,3029,0,2025-12-03,Mild
800631,703050,3029,0,2024-07-25,Mild
800632,700837,3003,0,2024-12-04,Moderate
800633,700409,3007,0,2022-10-11,Mild
800634,702752,3021,0,2025-12-04,Moderate
800635,700316,3035,0,2022-09-30,Critical
800636,701569,3029,1,2021-06-07,Moderate
800637,704357,3031,1,2022-04-26,Moderate
800638,705836,3017,0,2023-08-11,Critical
800639,703892,3021,0,2023-02-09,Moderate
800640,703175,3028,1,2022-10-29,Moderate
800641,704368,3023,0,2022-03-15,Moderate
800642,703843,3031,1,2024-07-10,Severe
800643,702821,3028,0,2024-01-19,Mild
800644,704328,3011,0,2021-08-27,Mild
800645,704030,3001,0,2022-02-04,Moderate
800646,704216,3024,0,2025-11-26,Moderate
800647,703603,3013,0,2021-07-05,Moderate
800648,702928,3027,0,2023-03-23,Mild
800649,701419,3001,0,2024-02-13,Mild
800650,705589,3009,1,2025-08-31,Critical
800651,706012,3021,0,2022-05-19,Severe
800652,701481,3010,1,2022-02-12,Mild
800653,705739,3009,0,2022-12-23,Critical
800654,705138,3003,0,2025-12-24,Moderate
800655,703724,3029,0,2021-03-12,Mild
800656,704651,3022,0,2022-08-23,Mild
800657,702791,3030,0,2021-11-26,Severe
800658,704914,3024,1,2024-01-01,Moderate
800659,705606,3003,0,2022-07-27,Mild
800660,700168,3008,0,2022-11-18,Moderate
800661,702509,3026,0,2023-02-21,Mild
800662,700419,3035,0,2024-04-28,Moderate
800663,701465,3031,1,2024-07-07,Moderate
800664,701720,3033,1,2024-01-13,Moderate
800665,702076,3035,0,2024-03-22,Moderate
800666,705566,3016,0,2021-11-26,Moderate
800667,702147,3011,0,2024-05-01,Moderate
800668,700527,3015,0,2021-07-01,Mild
800669,706280,3025,0,2022-09-09,Moderate
800670,703087,3014,0,2025-02-05,Severe
800671,702241,3009,0,2023-07-05,Mild
800672,706435,3010,0,2022-06-09,Moderate
800673,704154,3023,1,2022-05-02,Mild
800674,702636,3006,1,2021-07-25,Severe
800675,703495,3028,0,2022-04-09,Mild
800676,701377,3013,0,2023-05-31,Mild
800677,701813,3013,1,2022-01-12,Severe
800678,700351,3030,0,2025-09-13,Mild
800679,704028,3005,1,2025-07-28,Severe
800680,705291,3007,0,2024-02-09,Severe
800681,705183,3026,0,2024-01-23,Moderate
800682,701706,3023,0,2024-05-06,Mild
800683,703283,3028,0,2024-12-01,Severe
800684,706306,3024,1,2022-06-09,Mild
800685,703053,3033,1,2023-02-05,Severe
800686,701681,3013,0,2022-03-10,Severe
800687,702530,3034,0,2024-01-23,Mild
800688,701345,3013,0,2025-11-23,Mild
800689,706041,3031,0,2025-11-05,Moderate
800690,705306,3029,1,2024-09-08,Mild
800691,705002,3031,0,2021-11-18,Moderate
800692,702785,3031,1,2022-12-10,Mild
800693,704046,3024,1,2024-08-04,Mild
800694,703830,3030,1,2021-07-12,Moderate
800695,706142,3007,0,2021-12-22,Mild
800696,702941,3020,0,2022-05-16,Moderate
800697,701371,3002,0,2025-10-22,Mild
800698,705967,3018,1,2022-04-11,Moderate
800699,701653,3012,0,2021-04-02,Moderate
800700,706246,3021,0,2021-02-15,Mild
800701,703318,3019,0,2025-06-12,Moderate
800702,705122,3006,0,2024-11-19,Mild
800703,706080,3009,0,2025-12-16,Severe
800704,706286,3004,0,2021-12-22,Mild
800705,703653,3020,0,2021-09-16,Mild
800706,703823,3003,1,2024-11-11,Moderate
800707,705989,3009,0,2025-09-24,Moderate
800708,703274,3027,1,2024-03-02,Critical
800709,702126,3005,0,2024-05-29,Moderate
800710,702042,3004,0,2025-04-06,Mild
800711,701233,3019,0,2024-12-24,Moderate
800712,705660,3016,0,2021-09-14,Moderate
800713,700038,3022,0,2021-10-13,Mild
800714,706305,3016,0,2025-08-15,Mild
800715,702916,3021,1,2022-03-06,Severe
800716,702548,3034,1,2024-10-23,Mild
800717,704150,3005,1,2023-05-04,Moderate
800718,705692,3016,0,2022-01-20,Critical
800719,701775,3002,0,2022-05-10,Moderate
800720,702293,3013,0,2025-04-01,Mild
800721,703460,3032,1,2025-04-15,Moderate
800722,704602,3014,0,2025-12-15,Mild
800723,703813,3021,1,2021-07-03,Severe
800724,703031,3004,0,2022-06-22,Severe
800725,705401,3010,0,2021-05-18,Moderate
800726,702355,3016,0,2022-05-29,Severe
800727,705775,3011,0,2021-08-13,Severe
800728,705454,3033,0,2025-03-10,Moderate
800729,702061,3022,0,2023-05-02,Severe
800730,703314,3011,0,2023-07-15,Moderate
800731,700767,3028,1,2025-08-07,Moderate
800732,702493,3034,0,2022-07-13,Moderate
800733,702913,3011,1,2024-07-23,Moderate
800734,701045,3007,0,2023-09-16,Mild
800735,702431,3015,0,2021-08-04,Moderate
800736,701964,3020,0,2024-01-19,Moderate
800737,701085,3016,0,2023-06-02,Mild
800738,704632,3029,0,2021-12-08,Severe
800739,700217,3005,0,2021-07-18,Moderate
800740,704375,3021,0,2025-09-29,Moderate
800741,702032,3015,1,2022-02-26,Severe
800742,701220,3006,0,2022-10-24,Severe
800743,704198,3023,0,2022-07-18,Moderate
800744,706296,3029,0,2021-01-24,Moderate
800745,701754,3001,1,2025-02-24,Moderate
800746,702365,3005,0,2023-06-05,Mild
800747,704730,3009,1,2021-03-19,Moderate
800748,702777,3015,1,2024-01-30,Mild
800749,703654,3033,0,2025-05-01,Mild
800750,700892,3024,0,2022-04-20,Moderate
800751,705119,3006,0,2021-07-23,Mild
800752,704708,3011,1,2022-06-12,Severe
800753,702750,3025,0,2022-12-04,Mild
800754,702274,3018,0,2021-02-04,Mild
800755,701896,3022,0,2025-10-12,Moderate
800756,701795,3014,1,2021-01-07,Moderate
800757,701040,3010,0,2025-02-14,Mild
800758,701009,3017,1,2022-02-06,Severe
800759,701173,3029,0,2023-01-18,Mild
800760,702691,3006,0,2025-08-02,Moderate
800761,704545,3007,0,2023-12-22,Moderate
800762,704423,3005,1,2024-11-09,Moderate
800763,701514,3027,0,2022-07-08,Moderate
800764,700633,3035,0,2021-07-30,Mild
800765,701428,3017,0,2022-07-08,Mild
800766,702466,3007,0,2022-04-27,Severe
800767,704270,3001,1,2021-11-04,Severe
800768,700968,3015,1,2022-03-14,Mild
800769,703801,3011,1,2025-02-23,Mild
800770,702164,3026,0,2022-05-07,Critical
800771,702982,3014,0,2025-12-16,Severe
800772,700156,3013,0,2021-11-09,Moderate
800773,700293,3004,0,2025-09-10,Moderate
800774,701177,3033,0,2022-03-08,Mild
800775,704011,3014,0,2023-09-16,Moderate
800776,703988,3013,0,2024-04-07,Severe
800777,701441,3017,0,2025-08-03,Moderate
800778,702209,3006,0,2021-09-14,Severe
800779,700357,3022,0,2022-05-26,Severe
800780,700295,3023,1,2021-08-30,Moderate
800781,702444,3035,0,2021-04-25,Mild
800782,702533,3032,0,2025-03-06,Severe
800783,704302,3001,0,2022-05-20,Severe
800784,703070,3004,1,2023-06-06,Moderate
800785,706034,3004,0,2023-03-19,Severe
800786,705322,3033,0,2025-05-19,Moderate
800787,704881,3034,0,2025-11-06,Moderate
800788,706021,3030,0,2021-05-08,Mild
800789,702112,3015,0,2024-10-31,Severe
800790,705532,3032,0,2021-02-19,Mild
800791,700485,3026,0,2023-03-31,Moderate
800792,705921,3008,0,2022-06-25,Mild
800793,705542,3026,0,2022-06-23,Mild
800794,705845,3017,0,2025-11-24,Moderate
800795,703179,3030,0,2021-07-11,Moderate
800796,705375,3035,0,2023-04-25,Critical
800797,705980,3012,0,2021-07-02,Mild
800798,700321,3006,0,2021-05-09,Mild
800799,704099,3029,0,2022-01-06,Critical
800800,705360,3014,1,2022-10-11,Mild
800801,705786,3001,0,2022-11-24,Moderate
800802,704073,3027,0,2024-05-29,Moderate
800803,700966,3006,1,2024-09-15,Severe
800804,702851,3033,0,2025-08-23,Moderate
800805,704883,3031,0,2025-02-11,Mild
800806,705477,3032,0,2022-10-06,Mild
800807,702211,3033,0,2025-07-09,Mild
800808,701878,3020,1,2022-11-14,Moderate
800809,702533,3005,1,2025-04-22,Moderate
800810,706411,3017,1,2021-12-23,Severe
800811,706105,3033,1,2024-11-08,Moderate
800812,702714,3023,0,2021-02-18,Moderate
800813,701802,3006,0,2023-10-21,Critical
800814,705550,3029,0,2023-01-13,Moderate
800815,705276,3004,0,2025-04-05,Severe
800816,700147,3007,0,2023-08-19,Severe
800817,701781,3015,0,2022-02-28,Mild
800818,700874,3021,0,2021-02-08,Moderate
800819,701144,3016,0,2023-11-17,Mild
800820,700274,3006,1,2024-12-18,Mild
800821,703994,3013,1,2023-04-16,Critical
800822,701841,3008,0,2023-10-25,Mild
800823,705815,3033,0,2025-11-05,Critical
800824,704168,3003,1,2021-01-19,Moderate
800825,703358,3023,1,2024-09-08,Severe
800826,704260,3008,0,2021-01-10,Mild
800827,701691,3020,0,2024-12-23,Moderate
800828,701779,3030,0,2024-11-19,Severe
800829,704733,3011,1,2023-08-17,Severe
800830,700361,3020,1,2021-12-22,Moderate
800831,700340,3002,0,2025-04-16,Mild
800832,701062,3034,0,2023-01-22,Moderate
800833,702258,3017,0,2021-01-25,Moderate
800834,701527,3015,0,2021-06-06,Severe
800835,701900,3001,0,2021-10-20,Moderate
800836,706439,3005,0,2024-01-11,Mild
800837,701398,3034,1,2024-08-08,Moderate
800838,701006,3005,0,2023-11-26,Severe
800839,702347,3008,0,2021-07-05,Moderate
800840,701393,3004,1,2025-12-08,Moderate
800841,704178,3012,0,2022-07-04,Moderate
800842,701587,3030,0,2025-06-27,Moderate
800843,700806,3019,0,2021-08-03,Moderate
800844,702139,3022,0,2024-03-12,Severe
800845,704168,3028,0,2022-05-19,Mild
800846,701033,3030,0,2021-11-06,Mild
800847,700684,3006,0,2023-07-23,Moderate
800848,700008,3020,0,2021-01-04,Severe
800849,701608,3015,0,2022-01-30,Critical
800850,705249,3008,0,2021-04-01,Critical
800851,702073,3028,0,2022-05-18,Moderate
800852,704935,3011,1,2022-01-24,Severe
800853,703594,3006,1,2023-10-13,Moderate
800854,702928,3027,0,2025-05-18,Moderate
800855,706143,3011,1,2024-05-20,Severe
800856,703985,3019,0,2022-03-10,Moderate
800857,704989,3012,1,2021-03-29,Severe
800858,705551,3017,0,2024-11-06,Mild
800859,704280,3008,1,2022-08-12,Moderate
800860,700752,3031,0,2021-09-20,Mild
800861,701321,3019,0,2022-08-11,Mild
800862,701424,3020,1,2025-10-07,Moderate
800863,703225,3002,1,2021-06-02,Mild
800864,703614,3006,0,2024-01-11,Moderate
800865,706092,3027,0,2021-08-21,Moderate
800866,704541,3018,0,2023-05-18,Severe
800867,706193,3020,0,2022-12-08,Moderate
800868,704570,3009,0,2022-10-22,Moderate
800869,703404,3003,1,2023-10-14,Mild
800870,702346,3018,1,2024-10-14,Moderate
800871,704729,3012,1,2021-03-29,Moderate
800872,704159,3019,0,2021-12-06,Moderate
800873,703423,3026,0,2025-05-16,Mild
800874,705542,3033,1,2022-10-27,Severe
800875,704252,3033,1,2024-01-05,Moderate
800876,703526,3006,0,2023-11-05,Moderate
800877,704609,3009,0,2021-09-14,Severe
800878,704674,3010,0,2021-08-31,Mild
800879,701371,3027,0,2024-03-28,Moderate
800880,700682,3017,1,2021-12-12,Moderate
800881,703592,3020,0,2022-02-09,Severe
800882,702994,3013,1,2024-11-07,Severe
800883,703850,3031,0,2025-06-21,Severe
800884,702571,3017,1,2024-06-05,Severe
800885,704612,3011,0,2021-05-04,Mild
800886,701694,3027,0,2024-06-03,Moderate
800887,701408,3013,0,2021-10-03,Critical
800888,701061,3015,0,2024-10-09,Mild
800889,703943,3022,0,2024-07-30,Critical
800890,701371,3025,1,2024-08-22,Mild
800891,703473,3019,0,2024-10-27,Severe
800892,700265,3029,0,2025-06-29,Moderate
800893,702671,3023,1,2021-12-23,Mild
800894,704614,3019,0,2025-06-16,Critical
800895,705853,3003,1,2022-06-19,Moderate
800896,706085,3019,0,2022-03-04,Severe
800897,700749,3013,1,2022-06-25,Moderate
800898,704085,3033,0,2025-04-02,Moderate
800899,705681,3024,1,2021-07-03,Moderate
800900,705377,3035,0,2022-02-24,Critical
800901,704882,3033,0,2023-11-25,Moderate
800902,701038,3002,0,2023-09-22,Moderate
800903,700072,3019,0,2025-06-27,Mild
800904,706470,3033,1,2021-08-14,Severe
800905,704028,3027,0,2025-12-18,Moderate
800906,702516,3002,1,2024-10-20,Severe
800907,703967,3033,0,2023-04-02,Moderate
800908,703319,3007,1,2025-12-05,Moderate
800909,702897,3010,1,2021-08-15,Severe
800910,704149,3028,0,2021-02-12,Moderate
800911,705105,3025,1,2023-12-21,Severe
800912,702097,3031,1,2024-11-17,Moderate
800913,703970,3013,0,2023-09-02,Moderate
800914,700912,3031,0,2023-04-21,Moderate
800915,704731,3029,0,2025-10-30,Severe
800916,701005,3009,0,2021-09-30,Moderate
800917,702458,3031,0,2025-09-30,Mild
800918,702571,3029,1,2021-06-09,Moderate
800919,703169,3004,0,2022-11-06,Critical
800920,704493,3017,0,2025-07-13,Mild
800921,704763,3017,0,2024-07-18,Severe
800922,702572,3019,0,2021-12-12,Mild
800923,704069,3003,0,2023-04-18,Moderate
800924,701727,3033,1,2024-06-23,Mild
800925,703055,3018,0,2021-02-08,Moderate
800926,701667,3021,0,2025-12-04,Severe
800927,700772,3024,0,2025-03-03,Moderate
800928,705391,3016,0,2023-02-14,Mild
800929,700559,3031,0,2024-01-15,Moderate
800930,702894,3003,0,2021-07-02,Mild
800931,704137,3017,0,2023-08-25,Moderate
800932,701990,3033,0,2021-09-13,Severe
800933,700221,3007,0,2025-04-19,Moderate
800934,701424,3022,0,2023-02-12,Moderate
800935,703405,3007,1,2021-01-22,Moderate
800936,701250,3033,1,2022-04-13,Mild
800937,700594,3005,1,2025-03-31,Mild
800938,704665,3013,0,2024-12-10,Moderate
800939,702601,3030,0,2025-03-16,Mild
800940,700231,3010,1,2023-08-14,Moderate
800941,704286,3014,0,2021-07-15,Moderate
800942,700932,3007,0,2022-07-21,Severe
800943,702206,3031,0,2023-05-28,Critical
800944,701551,3004,1,2025-03-24,Mild
800945,705364,3004,0,2024-11-01,Mild
800946,704114,3014,0,2024-06-10,Mild
800947,700733,3015,0,2022-12-22,Moderate
800948,701814,3035,0,2023-05-25,Mild
800949,704407,3034,0,2025-10-17,Mild
800950,705655,3014,0,2025-06-26,Mild
800951,704189,3013,0,2022-06-10,Moderate
800952,705702,3024,0,2024-02-21,Moderate
800953,704796,3023,0,2022-04-29,Mild
800954,704204,3016,0,2022-06-05,Severe
800955,702677,3035,0,2022-12-10,Moderate
800956,701664,3027,1,2023-11-15,Mild
800957,704440,3034,0,2022-01-09,Moderate
800958,702565,3021,0,2024-06-26,Moderate
800959,705097,3008,1,2024-01-07,Moderate
800960,704439,3033,0,2023-09-19,Moderate
800961,705410,3028,0,2021-03-21,Moderate
800962,702700,3027,0,2023-12-02,Mild
800963,703531,3017,0,2021-05-01,Severe
800964,702627,3014,1,2025-12-21,Severe
800965,702776,3030,0,2024-01-03,Moderate
800966,705597,3017,1,2022-08-24,Moderate
800967,704393,3003,0,2022-04-29,Mild
800968,701759,3006,0,2022-07-06,Mild
800969,701288,3025,0,2023-10-31,Severe
800970,700130,3006,0,2021-03-26,Moderate
800971,704701,3003,0,2021-05-21,Severe
800972,703002,3035,0,2025-10-24,Severe
800973,704133,3019,0,2021-08-31,Mild
800974,701744,3011,1,2023-01-12,Critical
800975,700041,3015,0,2024-06-30,Moderate
800976,702504,3032,0,2022-07-27,Mild
800977,701060,3031,0,2022-05-28,Mild
800978,703278,3022,0,2025-07-04,Mild
800979,701100,3007,0,2024-11-07,Mild
800980,704699,3001,0,2024-04-26,Severe
800981,702835,3032,0,2024-10-08,Mild
800982,700310,3021,1,2024-03-01,Mild
800983,704429,3034,1,2024-10-02,Mild
800984,702973,3008,0,2023-06-26,Moderate
800985,701913,3027,0,2022-11-08,Moderate
800986,702883,3023,0,2024-11-24,Mild
800987,704360,3016,0,2021-12-04,Moderate
800988,704285,3014,0,2022-12-24,Moderate
800989,700696,3025,0,2021-06-22,Severe
800990,700122,3005,0,2021-10-17,Mild
800991,700974,3003,0,2025-06-11,Severe
800992,704743,3004,1,2021-11-30,Moderate
800993,705572,3011,0,2025-10-20,Moderate
800994,702673,3008,0,2023-04-24,Critical
800995,703989,3033,0,2021-05-09,Moderate
800996,700735,3022,0,2024-07-27,Moderate
800997,705065,3015,0,2025-04-08,Mild
800998,703463,3012,1,2021-01-31,Moderate
800999,705549,3024,0,2022-09-12,Mild
801000,701955,3007,1,2021-02-28,Mild
801001,701960,3024,1,2023-05-08,Mild
801002,705861,3014,0,2022-01-08,Severe
801003,704098,3013,0,2022-07-27,Mild
801004,705922,3010,0,2023-02-05,Moderate
801005,701974,3001,0,2023-06-11,Moderate
801006,702403,3005,0,2021-10-08,Critical
801007,703152,3034,0,2024-06-11,Moderate
801008,706432,3008,0,2023-09-16,Critical
801009,705364,3014,0,2022-03-27,Moderate
801010,702762,3017,0,2021-04-16,Moderate
801011,700012,3022,0,2025-10-06,Mild
801012,701037,3001,1,2022-11-14,Moderate
801013,704463,3012,1,2024-01-02,Mild
801014,705334,3030,1,2023-03-19,Moderate
801015,705063,3029,0,2021-03-20,Mild
801016,704397,3016,0,2023-10-05,Mild
801017,702529,3002,0,2024-04-03,Mild
801018,704201,3015,0,2022-01-07,Moderate
801019,703654,3008,1,2022-12-28,Moderate
801020,705294,3006,0,2025-10-28,Moderate
801021,702336,3005,0,2022-07-19,Critical
801022,703411,3014,1,2023-11-16,Mild
801023,706052,3004,0,2021-09-04,Moderate
801024,702078,3003,1,2021-03-06,Moderate
801025,705763,3032,1,2024-03-03,Severe
801026,703109,3024,0,2022-06-03,Severe
801027,702670,3024,0,2022-05-16,Mild
801028,703666,3030,0,2021-08-22,Moderate
801029,703426,3012,1,2021-12-11,Moderate
801030,706391,3025,0,2023-08-23,Moderate
801031,705456,3018,1,2025-05-12,Moderate
801032,705380,3018,0,2022-05-04,Severe
801033,700580,3029,0,2022-01-06,Moderate
801034,705117,3021,0,2023-08-24,Moderate
801035,706059,3002,0,2025-02-16,Severe
801036,700263,3032,0,2022-04-14,Severe
801037,702672,3030,0,2021-08-02,Moderate
801038,704178,3028,0,2021-06-15,Severe
801039,702859,3025,0,2023-06-16,Severe
801040,706309,3029,0,2024-10-23,Moderate
801041,702019,3008,1,2024-06-30,Mild
801042,705954,3031,0,2025-07-28,Severe
801043,700046,3002,1,2025-07-13,Mild
801044,703715,3018,0,2023-10-27,Severe
801045,700931,3021,0,2021-12-20,Moderate
801046,705624,3022,0,2021-01-02,Critical
801047,705491,3030,1,2025-08-07,Mild
801048,701783,3019,1,2025-06-05,Mild
801049,700248,3021,0,2022-02-27,Mild
801050,704944,3014,0,2022-10-04,Critical
801051,703227,3013,0,2022-09-12,Moderate
801052,701356,3035,0,2024-08-14,Mild
801053,701989,3019,0,2025-02-07,Moderate
801054,704149,3004,0,2025-12-18,Critical
801055,701219,3021,1,2023-10-17,Mild
801056,701739,3024,0,2024-10-20,Severe
801057,704391,3013,0,2024-10-23,Mild
801058,701670,3022,0,2025-08-02,Moderate
801059,701788,3023,0,2024-02-05,Moderate
801060,703214,3017,0,2021-02-06,Mild
801061,701520,3020,0,2024-03-02,Severe
801062,700234,3032,0,2025-12-27,Moderate
801063,705892,3015,0,2024-05-06,Moderate
801064,704624,3011,0,2024-09-01,Moderate
801065,700371,3004,0,2022-01-05,Mild
801066,705659,3017,1,2025-10-25,Moderate
801067,701731,3029,0,2024-01-31,Moderate
801068,700643,3015,0,2022-10-07,Severe
801069,700032,3028,1,2023-06-23,Severe
801070,703504,3023,0,2022-11-05,Severe
801071,703780,3003,1,2024-04-30,Severe
801072,701515,3021,0,2025-07-25,Moderate
801073,702442,3029,0,2025-08-27,Moderate
801074,702689,3016,0,2021-03-12,Mild
801075,700767,3024,0,2022-03-09,Mild
801076,704574,3032,0,2025-01-23,Mild
801077,702547,3031,0,2021-10-11,Moderate
801078,705148,3034,0,2025-07-31,Mild
801079,704779,3021,0,2025-08-11,Moderate
801080,700534,3013,0,2025-07-17,Moderate
801081,706046,3025,1,2021-11-22,Severe
801082,705503,3006,0,2024-12-01,Moderate
801083,701449,3022,0,2024-12-14,Severe
801084,703495,3015,1,2025-10-14,Mild
801085,703557,3018,0,2023-09-03,Mild
801086,700074,3031,1,2022-06-20,Moderate
801087,706297,3011,0,2021-04-18,Moderate
801088,702955,3025,1,2024-08-16,Mild
801089,700892,3025,0,2024-06-13,Moderate
801090,700727,3018,1,2024-09-30,Mild
801091,704502,3035,0,2021-09-24,Mild
801092,705268,3014,1,2025-12-06,Critical
801093,702565,3020,0,2025-09-26,Mild
801094,703071,3034,0,2024-12-21,Moderate
801095,702710,3026,0,2022-05-19,Moderate
801096,705073,3020,0,2022-08-11,Severe
801097,704431,3008,1,2025-03-19,Mild
801098,702398,3023,1,2022-06-02,Mild
801099,703788,3035,0,2021-05-03,Moderate
801100,703458,3012,0,2024-05-13,Moderate
801101,700231,3003,1,2022-06-03,Moderate
801102,701411,3007,0,2025-07-26,Moderate
801103,705454,3020,0,2023-07-06,Mild
801104,702084,3024,0,2023-09-21,Mild
801105,701017,3025,0,2025-05-12,Severe
801106,704083,3019,0,2024-04-07,Severe
801107,706222,3027,0,2025-05-16,Moderate
801108,705527,3013,0,2025-10-28,Moderate
801109,701461,3022,0,2025-07-14,Mild
801110,703151,3023,0,2021-06-29,Mild
801111,701470,3020,1,2021-04-24,Critical
801112,702375,3030,1,2023-01-28,Mild
801113,702106,3019,0,2022-12-09,Moderate
801114,703617,3027,0,2024-08-01,Mild
801115,705622,3002,1,2021-02-17,Mild
801116,704273,3034,0,2025-04-30,Mild
801117,701958,3009,0,2022-05-29,Mild
801118,706476,3021,0,2023-02-10,Mild
801119,700179,3020,0,2022-11-10,Severe
801120,700058,3008,0,2023-06-15,Mild
801121,704477,3021,0,2025-10-07,Moderate
801122,702858,3016,0,2025-01-04,Severe
801123,705959,3001,0,2024-05-30,Moderate
801124,704317,3002,1,2025-02-28,Moderate
801125,701144,3005,0,2025-02-16,Moderate
801126,704268,3035,1,2025-05-09,Severe
801127,705430,3010,1,2021-03-11,Moderate
801128,704015,3010,0,2022-11-05,Mild
801129,702311,3026,0,2023-09-24,Mild
801130,702309,3015,0,2025-05-09,Moderate
801131,702788,3003,0,2021-03-07,Mild
801132,704727,3015,0,2023-07-24,Severe
801133,702381,3016,0,2023-04-22,Severe
801134,701509,3023,1,2024-11-18,Mild
801135,703173,3019,1,2024-10-09,Moderate
801136,703867,3010,0,2023-01-10,Severe
801137,701714,3004,0,2025-08-27,Mild
801138,700962,3033,0,2025-11-02,Moderate
801139,700889,3013,0,2022-01-01,Moderate
801140,701647,3011,0,2024-07-17,Severe
801141,705325,3008,1,2022-11-16,Critical
801142,702982,3029,1,2023-11-15,Moderate
801143,701720,3034,0,2021-09-12,Mild
801144,702495,3021,1,2022-09-12,Mild
801145,700454,3018,1,2022-08-12,Severe
801146,705443,3029,0,2021-01-29,Mild
801147,703635,3030,0,2022-08-14,Severe
801148,702782,3017,0,2025-10-09,Moderate
801149,702363,3023,0,2023-12-01,Mild
801150,701792,3006,1,2023-11-19,Moderate
801151,702896,3027,0,2021-11-07,Moderate
801152,705884,3035,0,2023-11-15,Moderate
801153,702740,3025,0,2025-12-15,Mild
801154,703977,3003,0,2025-05-20,Moderate
801155,700503,3035,0,2023-07-16,Severe
801156,700832,3004,1,2021-07-14,Moderate
801157,704744,3005,1,2023-03-21,Moderate
801158,701457,3001,0,2024-05-18,Severe
801159,705559,3031,0,2025-03-02,Moderate
801160,702906,3009,0,2024-05-03,Moderate
801161,702185,3027,0,2022-01-14,Mild
801162,700268,3016,0,2024-10-22,Severe
801163,700092,3006,1,2022-05-29,Moderate
801164,701733,3024,0,2021-04-22,Moderate
801165,701905,3025,0,2021-01-29,Moderate
801166,702285,3034,0,2024-12-25,Moderate
801167,702422,3035,0,2024-02-16,Mild
801168,700275,3021,1,2024-07-18,Mild
801169,700520,3032,1,2023-04-02,Moderate
801170,701638,3013,1,2021-05-20,Moderate
801171,701042,3030,0,2023-11-06,Moderate
801172,703115,3012,1,2023-01-07,Moderate
801173,700410,3033,0,2021-10-06,Moderate
801174,701999,3030,0,2025-07-02,Mild
801175,701038,3023,1,2025-05-17,Severe
801176,701917,3025,0,2023-06-26,Mild
801177,705465,3030,0,2022-03-01,Moderate
801178,701794,3032,0,2022-12-31,Severe
801179,705808,3030,0,2022-10-04,Moderate
801180,704294,3028,0,2022-05-24,Moderate
801181,701737,3002,1,2022-03-21,Moderate
801182,702232,3010,0,2022-10-27,Mild
801183,701386,3009,1,2022-05-03,Moderate
801184,704885,3007,0,2025-10-21,Moderate
801185,704090,3012,1,2025-04-26,Mild
801186,701739,3034,0,2021-12-25,Mild
801187,703954,3015,1,2024-02-15,Severe
801188,705127,3012,0,2021-01-02,Mild
801189,701248,3006,0,2025-01-06,Mild
801190,700424,3026,0,2021-03-29,Mild
801191,701947,3005,0,2024-03-07,Moderate
801192,706093,3010,1,2025-08-05,Mild
801193,704866,3021,1,2021-01-29,Moderate
801194,704237,3028,0,2022-09-17,Mild
801195,702436,3011,0,2025-07-03,Mild
801196,701306,3014,0,2022-04-20,Moderate
801197,702135,3016,0,2024-02-11,Moderate
801198,701812,3021,1,2025-07-17,Moderate
801199,704281,3014,1,2024-11-13,Mild
801200,705019,3012,0,2021-12-01,Moderate
801201,704800,3026,0,2025-10-31,Severe
801202,705328,3009,0,2024-11-23,Mild
801203,705636,3003,0,2025-03-10,Mild
801204,700201,3024,0,2022-02-10,Severe
801205,705959,3019,0,2024-12-04,Moderate
801206,704783,3012,0,2024-01-11,Mild
801207,706420,3002,1,2021-03-18,Mild
801208,702601,3028,1,2023-02-09,Severe
801209,700957,3001,1,2022-04-01,Moderate
801210,701120,3029,1,2022-07-06,Mild
801211,702113,3003,1,2024-10-17,Moderate
801212,701353,3023,1,2024-02-19,Moderate
801213,704392,3008,0,2023-07-07,Moderate
801214,700723,3014,0,2025-06-05,Mild
801215,702216,3028,1,2021-11-02,Mild
801216,703300,3021,0,2024-09-28,Moderate
801217,700822,3003,0,2021-01-05,Moderate
801218,701506,3014,0,2025-06-08,Mild
801219,703479,3019,1,2021-02-16,Mild
801220,705540,3004,0,2022-04-23,Severe
801221,703128,3023,0,2021-08-03,Mild
801222,705847,3007,0,2022-08-27,Moderate
801223,701856,3016,0,2025-03-09,Moderate
801224,700349,3001,0,2025-01-08,Mild
801225,700215,3020,0,2024-05-27,Severe
801226,700687,3026,0,2023-05-19,Moderate
801227,705463,3004,1,2021-07-21,Moderate
801228,701194,3018,0,2021-01-07,Severe
801229,701947,3017,0,2021-06-17,Mild
801230,700347,3022,0,2021-01-21,Critical
801231,700731,3034,1,2022-05-01,Critical
801232,703735,3008,1,2023-11-22,Mild
801233,704693,3026,0,2021-09-01,Severe
801234,704423,3003,0,2022-04-23,Mild
801235,705461,3025,1,2025-06-12,Mild
801236,705549,3015,0,2024-06-25,Moderate
801237,701399,3007,0,2022-07-13,Severe
801238,703796,3031,0,2025-10-10,Mild
801239,703068,3015,0,2021-02-24,Critical
801240,703448,3013,1,2023-11-14,Mild
801241,700032,3022,1,2021-03-22,Moderate
801242,703510,3023,0,2024-10-11,Moderate
801243,702112,3003,1,2022-03-19,Moderate
801244,704806,3020,0,2024-12-09,Severe
801245,703829,3019,1,2025-11-24,Critical
801246,700594,3030,0,2021-03-28,Moderate
801247,701010,3032,1,2022-02-23,Mild
801248,700886,3030,0,2021-08-30,Severe
801249,700578,3024,0,2021-05-09,Moderate
801250,706440,3012,0,2022-11-01,Moderate
801251,702926,3017,1,2022-08-31,Moderate
801252,704031,3009,0,2023-06-03,Mild
801253,703028,3015,1,2024-07-20,Severe
801254,702684,3025,0,2024-10-07,Moderate
801255,701194,3012,0,2025-02-26,Mild
801256,702936,3014,1,2021-04-27,Mild
801257,705990,3020,1,2023-11-25,Moderate
801258,701480,3027,0,2024-01-04,Severe
801259,702650,3030,0,2024-06-18,Mild
801260,704286,3025,0,2021-06-01,Mild
801261,704554,3028,0,2022-07-24,Mild
801262,704553,3017,0,2025-03-30,Moderate
801263,706108,3026,0,2022-03-22,Severe
801264,703719,3007,0,2022-02-25,Mild
801265,705121,3020,0,2021-03-11,Severe
801266,702145,3008,0,2021-08-15,Mild
801267,702091,3028,1,2021-09-09,Mild
801268,700881,3015,0,2021-02-24,Mild
801269,703085,3017,0,2024-02-06,Moderate
801270,703042,3027,1,2021-05-25,Moderate
801271,703211,3026,0,2024-02-07,Critical
801272,704591,3015,0,2023-03-24,Mild
801273,702288,3013,0,2021-09-06,Mild
801274,704573,3020,0,2022-03-01,Mild
801275,705616,3017,0,2024-03-05,Moderate
801276,701275,3025,1,2021-07-20,Moderate
801277,706255,3021,1,2023-07-03,Mild
801278,706143,3008,0,2024-05-20,Mild
801279,702011,3017,1,2022-03-23,Moderate
801280,702265,3034,0,2021-09-14,Moderate
801281,701647,3010,0,2021-08-17,Moderate
801282,702152,3031,0,2025-07-31,Mild
801283,705805,3014,0,2024-12-27,Critical
801284,705683,3011,1,2022-01-24,Severe
801285,705947,3011,0,2022-01-20,Moderate
801286,705698,3029,0,2025-05-19,Critical
801287,701919,3016,0,2024-08-26,Moderate
801288,703470,3019,0,2022-01-04,Severe
801289,703086,3022,1,2021-05-25,Critical
801290,701774,3024,0,2021-05-21,Critical
801291,702935,3009,1,2024-08-25,Critical
801292,701404,3029,0,2024-05-01,Severe
801293,701176,3033,1,2024-06-09,Moderate
801294,705410,3027,0,2021-03-21,Critical
801295,705228,3028,0,2024-08-24,Severe
801296,703420,3034,1,2024-05-14,Severe
801297,704142,3032,0,2024-06-05,Severe
801298,702509,3018,0,2024-08-17,Moderate
801299,701040,3026,0,2021-11-21,Moderate
801300,703669,3016,0,2024-05-30,Moderate
801301,705142,3032,1,2021-11-16,Mild
801302,704311,3033,0,2023-04-20,Moderate
801303,702508,3024,0,2025-02-09,Mild
801304,700169,3006,0,2025-02-02,Mild
801305,704630,3014,0,2024-05-16,Mild
801306,704917,3020,0,2022-08-12,Moderate
801307,706051,3026,0,2021-09-17,Mild
801308,706233,3014,1,2023-07-09,Mild
801309,702805,3024,0,2023-10-30,Moderate
801310,704335,3007,0,2024-05-30,Mild
801311,701854,3003,0,2022-06-26,Mild
801312,702093,3026,0,2022-07-12,Mild
801313,704861,3020,0,2022-03-03,Mild
801314,700094,3025,0,2025-11-08,Mild
801315,705561,3030,1,2022-01-27,Critical
801316,704830,3032,0,2024-12-11,Mild
801317,700195,3007,1,2023-01-11,Moderate
801318,704856,3021,0,2022-01-01,Mild
801319,704608,3021,0,2023-02-07,Moderate
801320,700439,3023,1,2024-07-17,Mild
801321,700671,3012,0,2025-09-19,Critical
801322,701462,3004,0,2023-06-30,Moderate
801323,706052,3019,1,2024-05-28,Moderate
801324,705795,3005,1,2021-07-24,Critical
801325,704622,3001,0,2021-08-13,Mild
801326,703222,3031,0,2023-10-21,Mild
801327,704495,3002,0,2024-01-30,Moderate
801328,705847,3002,0,2022-05-29,Moderate
801329,702738,3011,0,2023-01-25,Critical
801330,704632,3009,0,2022-04-21,Moderate
801331,701777,3003,0,2025-04-21,Mild
801332,701450,3033,0,2025-02-06,Mild
801333,703960,3023,0,2025-03-17,Mild
801334,700945,3018,0,2022-04-30,Mild
801335,700737,3010,1,2025-01-30,Mild
801336,706471,3031,0,2023-10-02,Mild
801337,706118,3016,0,2025-03-14,Mild
801338,701906,3027,0,2024-02-10,Mild
801339,702441,3004,1,2021-01-12,Moderate
801340,700482,3001,1,2024-02-18,Critical
801341,705248,3012,0,2023-06-15,Moderate
801342,700659,3009,0,2024-03-14,Moderate
801343,706368,3029,0,2024-09-22,Mild
801344,702930,3001,1,2025-08-18,Mild
801345,701783,3019,0,2024-04-12,Moderate
801346,702581,3013,0,2021-07-02,Mild
801347,705897,3009,0,2024-07-04,Mild
801348,703940,3022,0,2024-02-26,Moderate
801349,702109,3025,0,2025-04-27,Moderate
801350,702338,3009,0,2023-11-18,Severe
801351,703180,3035,0,2025-01-02,Mild
801352,700417,3009,1,2021-08-16,Moderate
801353,703159,3007,0,2024-10-25,Mild
801354,701595,3017,1,2025-07-22,Mild
801355,702375,3012,1,2025-10-22,Severe
801356,703726,3009,0,2022-09-08,Mild
801357,701077,3006,1,2021-11-03,Mild
801358,702486,3024,0,2021-11-12,Moderate
801359,701280,3019,0,2024-06-09,Mild
801360,702644,3017,0,2022-02-24,Severe
801361,705474,3014,0,2024-04-20,Critical
801362,703934,3001,1,2023-11-20,Mild
801363,703372,3018,1,2024-09-30,Mild
801364,700925,3030,0,2021-04-25,Moderate
801365,701159,3024,0,2022-04-03,Moderate
801366,704331,3016,0,2021-04-23,Moderate
801367,704142,3018,0,2023-07-29,Moderate
801368,704078,3011,0,2024-06-01,Critical
801369,700602,3034,1,2023-01-24,Mild
801370,704805,3002,0,2021-02-01,Severe
801371,705977,3027,0,2022-11-23,Moderate
801372,704702,3008,0,2024-05-25,Moderate
801373,702210,3016,0,2024-09-04,Severe
801374,703374,3015,0,2025-03-15,Mild
801375,703603,3001,1,2025-10-19,Moderate
801376,702539,3026,0,2023-06-21,Mild
801377,704126,3031,1,2025-08-09,Severe
801378,705206,3003,0,2021-09-10,Mild
801379,702014,3001,0,2021-07-15,Moderate
801380,705394,3004,1,2023-11-03,Severe
801381,700983,3010,0,2021-10-11,Mild
801382,704924,3033,0,2024-03-03,Critical
801383,704184,3007,1,2023-07-04,Moderate
801384,704908,3015,0,2023-03-02,Mild
801385,701132,3009,0,2023-12-01,Mild
801386,705172,3005,0,2025-07-03,Mild
801387,701390,3033,0,2024-03-01,Mild
801388,702568,3029,1,2025-02-24,Moderate
801389,704493,3025,0,2024-07-07,Moderate
801390,702986,3019,0,2021-03-23,Mild
801391,701870,3017,0,2023-03-09,Moderate
801392,702836,3029,0,2025-06-19,Moderate
801393,703808,3021,1,2021-07-09,Moderate
801394,701187,3015,0,2024-09-02,Severe
801395,704936,3026,0,2022-02-11,Mild
801396,703906,3003,0,2025-03-21,Moderate
801397,705092,3030,0,2021-05-14,Severe
801398,702647,3017,0,2025-06-17,Moderate
801399,704290,3006,0,2024-07-30,Mild
801400,705468,3013,0,2024-08-27,Severe
801401,701733,3007,0,2024-12-15,Moderate
801402,700473,3016,1,2023-12-14,Critical
801403,706323,3005,0,2022-05-07,Mild
801404,705462,3017,0,2021-04-22,Mild
801405,704662,3001,0,2023-06-17,Severe
801406,701020,3009,0,2022-09-22,Moderate
801407,703052,3013,0,2024-04-27,Moderate
801408,706103,3028,0,2022-01-31,Critical
801409,702776,3021,0,2022-01-06,Mild
801410,703098,3007,0,2021-09-12,Mild
801411,702894,3005,0,2022-10-18,Mild
801412,701375,3008,0,2025-06-16,Mild
801413,706321,3023,1,2025-06-27,Critical
801414,700621,3033,0,2025-01-24,Moderate
801415,702478,3001,1,2024-03-12,Moderate
801416,706289,3030,0,2025-06-19,Critical
801417,700876,3024,1,2024-09-28,Critical
801418,702654,3023,0,2021-09-13,Severe
801419,705564,3021,0,2025-03-03,Moderate
801420,701672,3013,1,2023-03-24,Moderate
801421,704285,3034,0,2021-05-07,Mild
801422,703133,3023,1,2024-11-05,Severe
801423,705890,3021,0,2023-10-13,Mild
801424,700048,3022,0,2021-04-28,Mild
801425,702805,3029,0,2021-02-23,Moderate
801426,702862,3023,0,2023-05-22,Severe
801427,702877,3022,0,2024-01-08,Moderate
801428,705510,3034,0,2021-09-27,Moderate
801429,700413,3008,0,2023-01-26,Severe
801430,702111,3024,0,2021-03-14,Mild
801431,704830,3009,1,2024-07-07,Mild
801432,700418,3031,0,2024-12-19,Moderate
801433,702388,3011,0,2021-10-27,Severe
801434,703178,3031,1,2025-03-23,Mild
801435,706031,3003,0,2022-02-04,Moderate
801436,702378,3025,0,2023-10-03,Mild
801437,705357,3013,0,2024-10-13,Mild
801438,700280,3016,1,2024-04-18,Severe
801439,702898,3022,0,2024-05-02,Mild
801440,704483,3013,0,2024-12-30,Mild
801441,705148,3019,1,2022-06-16,Mild
801442,702785,3028,0,2023-10-27,Moderate
801443,705520,3021,1,2025-10-06,Moderate
801444,701706,3026,0,2025-06-02,Mild
801445,700771,3017,0,2022-11-16,Critical
801446,702721,3007,1,2023-10-23,Severe
801447,704824,3026,0,2025-01-02,Moderate
801448,704353,3024,0,2021-07-02,Mild
801449,703891,3017,0,2023-07-03,Mild
801450,704477,3014,1,2023-08-17,Moderate
801451,704586,3004,0,2022-11-15,Severe
801452,703022,3016,1,2023-01-10,Moderate
801453,702697,3020,0,2021-07-25,Moderate
801454,705347,3033,0,2023-11-01,Severe
801455,705321,3018,0,2023-05-29,Critical
801456,702764,3028,0,2025-06-10,Moderate
801457,703377,3018,0,2023-07-18,Critical
801458,700774,3012,1,2021-04-18,Mild
801459,704967,3020,0,2022-07-15,Mild
801460,706260,3005,1,2023-06-17,Moderate
801461,701517,3011,0,2025-12-19,Moderate
801462,700875,3032,1,2025-04-15,Mild
801463,702733,3001,0,2025-04-30,Moderate
801464,706244,3022,0,2024-05-19,Moderate
801465,700857,3022,1,2023-07-26,Mild
801466,705917,3013,0,2021-03-24,Moderate
801467,700180,3005,1,2022-10-31,Mild
801468,703357,3031,1,2024-06-04,Critical
801469,704215,3016,0,2025-06-05,Severe
801470,705078,3030,0,2023-05-15,Mild
801471,705224,3026,0,2022-08-14,Mild
801472,703273,3019,0,2023-10-06,Moderate
801473,702133,3009,0,2025-06-18,Mild
801474,700488,3019,1,2022-11-12,Moderate
801475,705387,3005,0,2023-08-22,Moderate
801476,700148,3010,1,2023-12-09,Moderate
801477,704170,3033,1,2024-07-25,Moderate
801478,705335,3025,1,2025-07-17,Mild
801479,705885,3008,0,2023-02-22,Moderate
801480,703680,3026,1,2025-11-05,Moderate
801481,705548,3032,0,2021-02-11,Moderate
801482,704747,3023,1,2024-05-08,Mild
801483,703046,3012,1,2023-03-12,Critical
801484,703968,3032,0,2023-07-11,Moderate
801485,706049,3032,0,2021-10-18,Mild
801486,700219,3026,1,2025-06-12,Mild
801487,701339,3002,0,2024-01-26,Moderate
801488,700727,3030,0,2025-06-23,Severe
801489,705956,3035,0,2021-09-07,Mild
801490,703309,3005,0,2025-07-23,Moderate
801491,702295,3020,0,2022-02-27,Mild
801492,705169,3017,0,2024-06-14,Moderate
801493,701551,3023,0,2024-12-27,Mild
801494,706122,3033,0,2023-05-22,Severe
801495,704995,3012,0,2022-06-24,Mild
801496,703033,3028,0,2022-02-16,Moderate
801497,703414,3005,1,2021-04-14,Moderate
801498,700139,3022,1,2022-09-25,Moderate
801499,702635,3002,1,2021-09-16,Mild
801500,700951,3002,0,2023-04-07,Severe
801501,705640,3033,1,2024-09-17,Mild
801502,706181,3005,1,2025-01-22,Moderate
801503,703328,3024,1,2024-08-24,Moderate
801504,702675,3019,0,2021-01-06,Mild
801505,703094,3029,0,2024-03-02,Critical
801506,704666,3008,0,2024-08-05,Moderate
801507,702763,3004,0,2024-06-05,Moderate
801508,705655,3007,0,2021-01-21,Moderate
801509,703682,3025,0,2021-02-09,Moderate
801510,702082,3002,0,2025-10-09,Severe
801511,703250,3007,1,2024-10-31,Mild
801512,701071,3008,0,2024-03-30,Critical
801513,703544,3029,1,2025-06-24,Mild
801514,700926,3021,0,2021-07-13,Moderate
801515,702839,3021,0,2023-07-19,Critical
801516,701601,3025,1,2021-02-01,Mild
801517,701810,3031,1,2022-04-10,Mild
801518,705059,3027,0,2023-07-14,Moderate
801519,705627,3033,0,2021-07-21,Critical
801520,701496,3014,0,2023-04-05,Critical
801521,702073,3034,0,2024-05-21,Mild
801522,704866,3031,0,2022-02-21,Mild
801523,706330,3006,1,2023-12-01,Severe
801524,704310,3026,0,2025-07-29,Mild
801525,701097,3029,0,2022-06-17,Mild
801526,701911,3032,0,2021-02-01,Moderate
801527,700656,3005,0,2022-05-16,Mild
801528,705737,3019,0,2022-05-07,Mild
801529,700684,3009,0,2024-09-08,Mild
801530,704112,3017,0,2024-06-11,Critical
801531,701179,3001,0,2023-12-06,Moderate
801532,702183,3013,0,2021-11-05,Critical
801533,705462,3021,0,2025-01-07,Moderate
801534,705950,3014,1,2022-12-25,Severe
801535,704157,3019,0,2024-11-13,Mild
801536,702750,3014,0,2022-02-27,Mild
801537,706462,3008,1,2023-06-05,Moderate
801538,704365,3025,0,2025-07-12,Mild
801539,706459,3018,0,2025-12-28,Moderate
801540,704307,3013,0,2021-05-12,Moderate
801541,703994,3024,0,2024-11-16,Mild
801542,702045,3009,0,2023-12-04,Moderate
801543,704351,3026,0,2025-12-06,Severe
801544,705648,3023,0,2024-08-07,Moderate
801545,702489,3034,0,2025-02-11,Moderate
801546,705118,3013,0,2021-01-22,Moderate
801547,700781,3014,0,2025-08-15,Severe
801548,700197,3029,0,2022-06-08,Severe
801549,702274,3027,0,2023-11-06,Mild
801550,701043,3022,0,2022-11-16,Mild
801551,702013,3021,0,2021-05-17,Mild
801552,705725,3025,0,2022-12-31,Severe
801553,702011,3029,0,2024-12-03,Moderate
801554,701782,3022,0,2025-06-30,Moderate
801555,700120,3013,0,2022-05-15,Severe
801556,703577,3028,0,2024-04-11,Moderate
801557,702614,3013,1,2021-06-01,Mild
801558,700453,3022,0,2021-12-15,Moderate
801559,704541,3027,0,2023-08-11,Moderate
801560,700990,3030,1,2025-03-05,Moderate
801561,702993,3028,0,2025-07-11,Severe
801562,701949,3020,0,2025-07-20,Mild
801563,705051,3035,1,2025-02-12,Mild
801564,703095,3008,0,2023-11-01,Severe
801565,700122,3032,1,2023-12-24,Severe
801566,702805,3021,0,2021-04-14,Mild
801567,705360,3022,1,2023-03-26,Moderate
801568,706251,3024,0,2021-07-18,Moderate
801569,704677,3021,0,2025-01-04,Moderate
801570,700304,3004,0,2024-03-06,Moderate
801571,704334,3011,1,2022-10-28,Moderate
801572,701796,3008,1,2025-09-24,Moderate
801573,701803,3004,0,2021-10-14,Mild
801574,702987,3010,0,2025-02-05,Moderate
801575,700270,3012,0,2025-01-27,Mild
801576,705664,3033,0,2022-08-06,Mild
801577,701392,3001,0,2021-11-07,Moderate
801578,701124,3017,1,2022-09-26,Moderate
801579,706328,3014,0,2023-02-25,Severe
801580,706221,3034,0,2025-03-11,Mild
801581,704274,3027,1,2025-02-07,Moderate
801582,700190,3024,0,2025-04-19,Moderate
801583,701289,3018,0,2024-02-25,Severe
801584,701951,3016,1,2021-03-01,Moderate
801585,702995,3016,0,2022-12-21,Moderate
801586,702934,3035,0,2023-08-11,Severe
801587,703250,3004,0,2025-06-17,Severe
801588,704201,3034,0,2024-08-27,Mild
801589,705073,3033,0,2023-12-20,Mild
801590,705375,3023,0,2023-12-26,Mild
801591,705837,3010,0,2024-08-10,Moderate
801592,704718,3011,0,2022-09-03,Severe
801593,700651,3004,0,2021-12-23,Moderate
801594,704995,3028,0,2021-03-01,Mild
801595,706125,3012,1,2023-08-28,Mild
801596,704051,3017,1,2024-04-08,Moderate
801597,705270,3005,0,2023-07-02,Severe
801598,705809,3032,1,2025-07-11,Moderate
801599,705175,3002,1,2023-12-26,Moderate
801600,705951,3013,0,2025-09-05,Mild
801601,701888,3021,0,2024-06-30,Moderate
801602,705831,3013,0,2024-11-21,Moderate
801603,704928,3032,0,2023-03-04,Severe
801604,703957,3020,0,2021-09-08,Moderate
801605,704952,3001,0,2021-01-17,Moderate
801606,702633,3023,1,2025-01-21,Severe
801607,704655,3013,1,2024-07-18,Mild
801608,706230,3005,0,2022-05-04,Mild
801609,705272,3035,0,2023-01-31,Severe
801610,701068,3004,1,2021-04-24,Moderate
801611,702695,3029,0,2022-12-07,Moderate
801612,702814,3002,0,2023-07-08,Severe
801613,705813,3003,0,2021-11-14,Severe
801614,705527,3022,1,2024-10-26,Severe
801615,704133,3014,1,2025-08-07,Moderate
801616,706244,3013,0,2022-12-07,Moderate
801617,700581,3002,0,2025-12-09,Moderate
801618,704887,3009,0,2022-05-21,Mild
801619,706442,3016,0,2022-03-25,Moderate
801620,705333,3012,0,2025-06-04,Moderate
801621,700271,3002,0,2022-06-16,Moderate
801622,701218,3033,0,2021-11-14,Moderate
801623,700114,3021,1,2024-06-24,Severe
801624,706162,3015,0,2021-04-05,Mild
801625,706312,3014,0,2025-04-23,Moderate
801626,704114,3011,1,2023-02-02,Moderate
801627,705778,3018,0,2022-08-12,Mild
801628,702255,3025,1,2023-10-14,Moderate
801629,701851,3008,0,2024-03-24,Moderate
801630,701867,3002,1,2024-06-03,Mild
801631,704350,3020,0,2021-10-07,Critical
801632,704719,3026,0,2023-01-30,Moderate
801633,705629,3010,0,2024-01-21,Mild
801634,704556,3008,0,2021-05-01,Moderate
801635,704801,3030,1,2023-09-21,Moderate
801636,705091,3006,0,2024-12-20,Mild
801637,701514,3034,1,2024-10-11,Mild
801638,702939,3016,1,2023-04-16,Moderate
801639,701087,3019,0,2023-06-26,Mild
801640,702442,3003,0,2024-06-14,Moderate
801641,706235,3013,0,2022-07-01,Mild
801642,700769,3018,1,2024-02-09,Mild
801643,704705,3007,0,2023-10-08,Moderate
801644,704711,3022,1,2023-06-04,Mild
801645,702579,3031,0,2023-04-08,Severe
801646,702934,3019,1,2022-03-05,Mild
801647,701431,3019,0,2024-06-23,Mild
801648,705425,3015,0,2025-10-23,Moderate
801649,700836,3008,0,2022-03-23,Mild
801650,704931,3029,1,2023-09-19,Moderate
801651,706347,3017,0,2022-08-20,Mild
801652,701456,3034,0,2022-08-28,Mild
801653,700905,3021,1,2023-08-09,Mild
801654,703352,3029,0,2024-06-13,Severe
801655,704391,3008,0,2025-08-21,Moderate
801656,705385,3006,0,2025-03-19,Severe
801657,700783,3004,0,2022-07-27,Critical
801658,700617,3024,0,2023-12-27,Moderate
801659,701739,3020,1,2024-06-22,Critical
801660,705231,3019,0,2023-08-22,Mild
801661,700762,3017,0,2021-09-20,Mild
801662,705143,3024,0,2025-12-16,Moderate
801663,704617,3027,0,2024-12-31,Mild
801664,703718,3023,1,2021-05-25,Severe
801665,701804,3014,0,2022-05-28,Moderate
801666,703471,3011,1,2022-03-19,Severe
801667,704483,3023,0,2022-01-29,Mild
801668,705120,3008,0,2022-11-19,Moderate
801669,700257,3012,0,2022-11-28,Mild
801670,701677,3001,0,2023-10-24,Moderate
801671,706369,3004,0,2025-04-08,Severe
801672,700587,3004,0,2021-01-27,Mild
801673,703390,3013,0,2021-07-26,Moderate
801674,702256,3031,0,2025-05-12,Moderate
801675,705251,3031,1,2022-09-25,Moderate
801676,701040,3032,0,2024-10-05,Severe
801677,705280,3004,0,2022-01-03,Mild
801678,701918,3007,1,2024-05-11,Moderate
801679,701371,3016,0,2025-11-30,Mild
801680,706320,3001,0,2024-12-19,Mild
801681,705915,3006,0,2024-08-01,Moderate
801682,700268,3022,0,2023-06-27,Mild
801683,700419,3030,0,2023-01-02,Mild
801684,701171,3008,0,2023-04-14,Mild
801685,706113,3003,0,2022-10-18,Moderate
801686,704753,3010,0,2024-04-10,Mild
801687,704608,3025,0,2024-11-04,Moderate
801688,701417,3008,1,2023-12-07,Severe
801689,703055,3023,0,2025-06-14,Severe
801690,701710,3031,0,2024-05-20,Moderate
801691,705665,3002,0,2024-09-02,Critical
801692,701743,3004,1,2024-06-02,Moderate
801693,706301,3034,0,2023-04-30,Mild
801694,706029,3008,1,2024-02-10,Moderate
801695,706339,3032,0,2025-11-27,Moderate
801696,700739,3011,0,2023-05-31,Severe
801697,700186,3023,1,2023-01-06,Moderate
801698,705973,3006,0,2021-04-28,Moderate
801699,702915,3010,0,2023-09-10,Moderate
801700,703299,3004,0,2023-11-09,Mild
801701,705220,3003,0,2025-02-27,Moderate
801702,704703,3012,0,2023-10-28,Severe
801703,706477,3001,1,2023-09-07,Mild
801704,706368,3014,0,2023-04-11,Mild
801705,705183,3028,0,2021-03-20,Moderate
801706,704332,3011,0,2024-03-03,Severe
801707,701810,3030,0,2021-10-09,Moderate
801708,702954,3002,0,2023-01-29,Moderate
801709,700366,3006,0,2022-09-26,Severe
801710,704432,3024,0,2021-12-03,Mild
801711,705535,3014,0,2021-09-30,Critical
801712,700243,3002,0,2023-02-17,Critical
801713,704533,3003,0,2024-05-26,Severe
801714,705533,3026,0,2024-12-25,Mild
801715,702609,3029,0,2025-10-28,Moderate
801716,700080,3023,0,2022-10-18,Moderate
801717,706201,3007,0,2022-10-07,Mild
801718,703038,3004,0,2023-06-24,Mild
801719,703700,3015,0,2021-08-22,Mild
801720,702649,3023,1,2023-06-01,Moderate
801721,701445,3022,0,2025-05-07,Critical
801722,705459,3007,0,2025-05-01,Mild
801723,701269,3018,1,2021-06-17,Moderate
801724,705242,3025,0,2024-04-07,Mild
801725,705759,3015,0,2023-02-20,Moderate
801726,704982,3006,0,2023-12-27,Moderate
801727,703168,3012,0,2021-08-29,Mild
801728,700763,3016,0,2022-10-03,Moderate
801729,702674,3026,1,2022-07-31,Severe
801730,705733,3008,1,2021-03-20,Mild
801731,705819,3027,0,2023-10-08,Moderate
801732,700615,3027,1,2025-06-05,Mild
801733,700143,3001,0,2022-10-21,Severe
801734,700591,3032,1,2024-06-07,Severe
801735,701596,3003,0,2023-09-13,Moderate
801736,701862,3030,0,2021-11-28,Moderate
801737,700275,3017,0,2023-01-14,Moderate
801738,702485,3009,0,2021-11-08,Severe
801739,700669,3007,0,2022-05-16,Critical
801740,705859,3032,0,2025-01-25,Critical
801741,701785,3029,0,2024-10-13,Severe
801742,700894,3018,0,2021-10-07,Mild
801743,706254,3005,0,2021-06-13,Severe
801744,704904,3034,1,2024-05-26,Moderate
801745,700292,3015,0,2022-11-16,Moderate
801746,705829,3006,1,2023-07-04,Moderate
801747,703476,3032,0,2021-10-04,Mild
801748,700994,3003,0,2021-11-09,Mild
801749,702503,3025,1,2021-06-09,Moderate
801750,704450,3017,0,2021-04-28,Moderate
801751,704794,3011,1,2022-02-18,Moderate
801752,700295,3035,0,2025-05-13,Moderate
801753,704718,3006,1,2022-05-08,Severe
801754,704438,3025,0,2023-05-07,Severe
801755,702473,3017,0,2025-10-16,Mild
801756,703890,3030,0,2025-01-21,Moderate
801757,701467,3010,1,2021-11-08,Mild
801758,704024,3028,1,2021-08-14,Severe
801759,704840,3003,0,2022-04-02,Moderate
801760,702485,3018,1,2022-04-11,Moderate
801761,703814,3016,0,2024-07-08,Severe
801762,701471,3026,1,2022-09-19,Mild
801763,705801,3019,1,2024-10-11,Moderate
801764,701522,3017,0,2021-02-06,Moderate
801765,704638,3028,0,2023-01-30,Severe
801766,706455,3020,1,2021-06-04,Mild
801767,701237,3030,1,2023-07-31,Mild
801768,704925,3013,0,2024-09-23,Mild
801769,705800,3013,0,2023-08-05,Moderate
801770,700457,3032,1,2022-01-04,Mild
801771,702852,3027,0,2021-02-13,Severe
801772,700397,3023,0,2021-10-07,Mild
801773,705550,3032,0,2022-10-13,Moderate
801774,703447,3016,0,2023-08-25,Mild
801775,702650,3011,0,2025-03-20,Mild
801776,703772,3020,0,2021-01-01,Severe
801777,705634,3011,0,2021-08-22,Critical
801778,700292,3025,0,2025-03-24,Mild
801779,703245,3035,0,2022-01-27,Severe
801780,705598,3025,0,2024-12-17,Mild
801781,700592,3002,0,2024-03-22,Mild
801782,705769,3027,0,2021-07-26,Mild
801783,700783,3019,0,2022-10-26,Severe
801784,705287,3026,0,2025-06-28,Moderate
801785,704151,3033,1,2021-04-05,Moderate
801786,701467,3004,0,2021-03-12,Mild
801787,704687,3002,0,2022-03-01,Moderate
801788,700260,3030,0,2025-03-13,Critical
801789,705008,3009,0,2024-07-24,Severe
801790,704619,3002,0,2023-08-23,Critical
801791,703568,3029,1,2022-08-23,Mild
801792,700992,3010,1,2024-02-03,Moderate
801793,701046,3008,0,2023-04-09,Mild
801794,700193,3002,0,2022-09-13,Mild
801795,701078,3029,1,2025-03-08,Mild
801796,702906,3019,0,2021-12-09,Moderate
801797,704611,3021,0,2024-03-19,Severe
801798,703552,3008,0,2022-09-10,Mild
801799,703937,3024,1,2025-08-13,Moderate
801800,702017,3032,0,2021-10-22,Mild
801801,703798,3015,0,2022-08-14,Mild
801802,704620,3006,1,2021-03-03,Mild
801803,701660,3018,0,2022-03-21,Critical
801804,701893,3013,0,2025-04-14,Moderate
801805,700008,3005,1,2021-02-16,Mild
801806,704996,3016,0,2023-10-13,Mild
801807,706444,3020,0,2024-11-16,Severe
801808,704801,3003,0,2021-10-09,Mild
801809,702950,3005,0,2021-12-27,Mild
801810,700958,3010,0,2023-08-11,Mild
801811,705241,3017,0,2025-02-13,Moderate
801812,702344,3031,0,2021-09-15,Severe
801813,706486,3030,0,2022-03-15,Mild
801814,700547,3014,0,2024-04-23,Moderate
801815,701919,3014,1,2024-07-01,Moderate
801816,702866,3029,1,2023-03-21,Mild
801817,703496,3005,1,2022-04-17,Mild
801818,702370,3004,0,2024-11-04,Moderate
801819,701042,3032,0,2023-05-27,Critical
801820,705065,3027,0,2025-03-11,Moderate
801821,704130,3033,0,2022-09-04,Moderate
801822,701036,3016,0,2022-01-30,Moderate
801823,700277,3007,1,2021-12-21,Moderate
801824,706204,3013,0,2023-01-28,Severe
801825,703600,3023,1,2022-09-17,Severe
801826,705839,3007,0,2024-10-11,Mild
801827,705911,3016,0,2025-09-18,Mild
801828,702453,3023,1,2021-12-19,Severe
801829,702109,3020,0,2022-08-02,Severe
801830,706443,3023,1,2023-04-03,Mild
801831,702064,3014,1,2022-08-16,Moderate
801832,705818,3004,0,2022-06-05,Moderate
801833,706155,3034,0,2022-11-30,Severe
801834,701236,3018,0,2022-10-20,Severe
801835,701813,3021,0,2023-04-13,Mild
801836,700400,3029,0,2023-11-25,Moderate
801837,706133,3023,0,2021-04-24,Severe
801838,701995,3017,0,2023-09-26,Mild
801839,702209,3019,0,2023-01-30,Moderate
801840,706230,3020,1,2025-01-29,Mild
801841,704257,3029,0,2021-12-15,Mild
801842,704600,3023,1,2023-05-18,Critical
801843,704706,3027,0,2024-06-05,Moderate
801844,705263,3018,0,2021-01-24,Moderate
801845,704417,3028,1,2024-04-08,Mild
801846,706020,3009,0,2025-10-17,Moderate
801847,704828,3025,1,2025-07-13,Moderate
801848,705664,3019,0,2025-07-18,Moderate
801849,706024,3027,1,2022-01-15,Moderate
801850,703364,3017,0,2024-06-27,Severe
801851,706244,3005,0,2024-12-24,Severe
801852,703027,3005,1,2023-02-19,Severe
801853,704408,3029,0,2023-09-15,Moderate
801854,701624,3034,0,2023-12-28,Severe
801855,703203,3022,0,2025-06-01,Critical
801856,701166,3030,0,2021-05-11,Moderate
801857,700480,3028,0,2021-06-06,Mild
801858,702508,3032,1,2024-06-23,Mild
801859,704343,3030,0,2022-01-13,Moderate
801860,701119,3034,1,2023-05-14,Moderate
801861,706367,3032,0,2021-05-24,Moderate
801862,704132,3008,1,2023-01-10,Moderate
801863,705088,3025,0,2021-05-13,Moderate
801864,704640,3034,0,2022-08-03,Moderate
801865,700976,3019,0,2022-01-20,Severe
801866,704591,3024,0,2022-02-05,Moderate
801867,700820,3031,0,2022-04-02,Severe
801868,701933,3022,1,2023-07-30,Moderate
801869,701355,3003,0,2021-02-10,Mild
801870,701011,3001,0,2024-11-02,Mild
801871,704171,3010,0,2022-07-03,Mild
801872,703737,3006,0,2025-11-17,Mild
801873,704416,3007,1,2024-05-30,Mild
801874,703973,3009,0,2025-02-12,Moderate
801875,700125,3033,0,2025-08-14,Mild
801876,703263,3022,0,2022-07-23,Mild
801877,703797,3013,1,2023-06-22,Moderate
801878,702531,3030,0,2021-04-10,Mild
801879,703148,3031,0,2023-03-07,Mild
801880,703124,3026,0,2021-02-03,Severe
801881,700430,3034,0,2023-11-11,Moderate
801882,700205,3016,0,2023-03-03,Mild
801883,704291,3017,0,2023-05-30,Moderate
801884,704044,3002,1,2022-02-22,Moderate
801885,700276,3026,1,2025-07-30,Critical
801886,701703,3006,0,2023-09-27,Mild
801887,703636,3019,1,2025-12-28,Moderate
801888,703634,3020,0,2022-03-05,Severe
801889,700041,3009,0,2021-01-24,Moderate
801890,702814,3002,1,2025-03-25,Moderate
801891,705547,3030,0,2023-01-24,Moderate
801892,700071,3033,0,2022-07-30,Mild
801893,700303,3026,0,2025-08-24,Moderate
801894,705699,3015,1,2021-07-08,Severe
801895,700558,3034,0,2022-02-13,Moderate
801896,702089,3015,0,2022-11-19,Moderate
801897,704588,3013,0,2025-08-17,Moderate
801898,704301,3025,0,2022-11-01,Moderate
801899,701437,3030,0,2021-02-15,Mild
801900,703753,3016,1,2022-12-22,Moderate
801901,703925,3003,0,2023-03-09,Moderate
801902,704782,3011,1,2022-08-03,Mild
801903,703353,3031,1,2022-12-17,Mild
801904,705379,3007,0,2023-06-27,Severe
801905,700030,3022,0,2025-12-08,Severe
801906,704199,3014,0,2024-10-24,Severe
801907,701878,3007,1,2022-08-01,Moderate
801908,704866,3029,0,2025-02-26,Moderate
801909,705897,3014,0,2023-06-15,Mild
801910,702106,3019,0,2025-09-17,Mild
801911,702504,3007,0,2023-10-14,Severe
801912,700403,3022,1,2022-10-01,Mild
801913,702645,3027,0,2022-08-24,Mild
801914,701038,3012,0,2021-07-01,Mild
801915,703433,3033,0,2025-07-19,Moderate
801916,704307,3009,0,2025-09-13,Severe
801917,702538,3014,0,2023-02-17,Moderate
801918,704475,3018,0,2021-04-25,Moderate
801919,705840,3018,0,2025-11-14,Moderate
801920,706140,3009,0,2024-07-07,Severe
801921,702114,3007,0,2021-04-11,Severe
801922,702625,3033,0,2024-07-15,Severe
801923,700392,3033,1,2025-02-19,Mild
801924,702825,3011,0,2025-10-29,Moderate
801925,701147,3001,0,2025-01-20,Moderate
801926,702794,3011,0,2022-02-21,Moderate
801927,703897,3026,0,2024-12-17,Mild
801928,704306,3007,0,2023-12-02,Moderate
801929,700848,3034,1,2025-01-05,Mild
801930,704949,3008,0,2025-09-14,Severe
801931,702287,3029,1,2021-09-21,Mild
801932,705017,3035,0,2025-01-24,Severe
801933,704599,3008,0,2025-06-15,Mild
801934,701496,3035,0,2023-01-04,Moderate
801935,702543,3019,1,2021-10-29,Mild
801936,701713,3027,0,2022-03-29,Mild
801937,704681,3020,1,2021-09-12,Mild
801938,702022,3015,0,2023-08-22,Mild
801939,706448,3017,0,2024-12-26,Mild
801940,702765,3004,0,2024-07-02,Mild
801941,702620,3002,1,2023-07-17,Mild
801942,701398,3007,0,2021-09-14,Moderate
801943,705676,3019,0,2023-09-05,Mild
801944,702840,3012,0,2022-11-14,Mild
801945,706323,3014,0,2021-01-12,Mild
801946,705004,3005,0,2022-08-24,Severe
801947,705770,3026,0,2022-09-24,Mild
801948,704854,3025,0,2024-02-11,Moderate
801949,702975,3010,0,2021-02-22,Mild
801950,702406,3020,0,2023-08-28,Moderate
801951,700522,3012,0,2023-03-07,Severe
801952,705059,3007,0,2024-12-23,Moderate
801953,702033,3024,0,2021-12-05,Mild
801954,700725,3001,1,2024-12-28,Moderate
801955,702726,3023,0,2025-05-02,Moderate
801956,703054,3009,0,2023-09-03,Severe
801957,703046,3012,0,2024-02-26,Severe
801958,704270,3004,0,2025-09-12,Critical
801959,703267,3004,0,2024-09-02,Mild
801960,701053,3006,1,2024-04-15,Mild
801961,701637,3001,0,2025-01-06,Mild
801962,701843,3015,1,2021-12-06,Moderate
801963,706332,3008,1,2022-09-14,Mild
801964,705307,3013,1,2023-06-15,Moderate
801965,700133,3018,0,2025-11-27,Critical
801966,700882,3023,0,2021-01-08,Moderate
801967,701374,3025,1,2023-02-20,Moderate
801968,705160,3029,1,2024-04-15,Mild
801969,705640,3011,0,2023-09-26,Severe
801970,703180,3026,0,2022-10-19,Severe
801971,705304,3009,0,2024-04-27,Severe
801972,704045,3015,1,2021-03-19,Severe
801973,702422,3017,0,2024-05-13,Mild
801974,705558,3033,0,2025-01-22,Moderate
801975,705204,3019,0,2024-04-23,Mild
801976,702806,3024,0,2024-12-25,Severe
801977,702893,3027,0,2025-07-20,Severe
801978,706406,3029,0,2024-10-10,Moderate
801979,701098,3021,0,2025-06-17,Mild
801980,701333,3028,0,2024-01-18,Mild
801981,706042,3031,0,2023-02-22,Severe
801982,705958,3033,1,2025-11-10,Moderate
801983,700895,3024,0,2023-05-01,Moderate
801984,701306,3019,0,2022-01-22,Severe
801985,705020,3029,1,2024-01-19,Moderate
801986,700972,3010,0,2021-05-30,Critical
801987,704149,3017,1,2025-01-18,Moderate
801988,701960,3033,1,2025-04-26,Moderate
801989,703544,3020,0,2023-11-20,Moderate
801990,701549,3005,0,2023-12-13,Moderate
801991,701731,3001,1,2025-09-16,Severe
801992,703061,3021,0,2022-11-19,Severe
801993,700731,3021,0,2022-05-17,Severe
801994,701511,3015,0,2021-03-14,Moderate
801995,700685,3006,1,2021-01-18,Severe
801996,704943,3028,0,2022-08-14,Mild
801997,702104,3017,0,2022-12-27,Moderate
801998,701575,3004,0,2022-04-03,Moderate
801999,700609,3016,0,2025-09-19,Mild
802000,700277,3011,0,2022-09-07,Critical
802001,701166,3024,0,2025-08-10,Critical
802002,705901,3029,0,2022-10-10,Mild
802003,703562,3030,0,2025-07-03,Moderate
802004,700236,3014,0,2022-02-23,Mild
802005,700831,3022,0,2022-12-25,Mild
802006,704916,3024,1,2022-12-06,Mild
802007,701354,3001,0,2023-01-17,Mild
802008,701814,3019,1,2022-01-09,Moderate
802009,700431,3032,0,2023-09-16,Moderate
802010,703481,3014,1,2022-07-08,Moderate
802011,702540,3005,1,2022-01-25,Moderate
802012,704724,3007,0,2024-02-06,Moderate
802013,703165,3020,1,2025-06-01,Mild
802014,703194,3017,1,2024-11-09,Severe
802015,706343,3004,1,2024-03-02,Moderate
802016,702290,3005,0,2025-02-12,Mild
802017,705923,3003,0,2024-03-22,Mild
802018,705213,3029,0,2024-04-05,Severe
802019,706224,3030,0,2025-10-16,Moderate
802020,700328,3022,0,2023-05-21,Mild
802021,702995,3010,0,2023-04-21,Severe
802022,705563,3024,1,2021-07-11,Moderate
802023,704041,3011,0,2024-03-13,Mild
802024,700020,3021,0,2024-03-23,Mild
802025,704880,3007,1,2021-03-24,Mild
802026,703134,3033,0,2022-04-13,Mild
802027,703357,3022,0,2024-07-19,Severe
802028,700866,3022,0,2024-05-12,Critical
802029,701372,3031,0,2023-12-10,Moderate
802030,700802,3003,0,2025-12-02,Mild
802031,700337,3025,0,2023-12-08,Mild
802032,703588,3028,1,2021-09-27,Moderate
802033,703124,3017,0,2022-11-02,Mild
802034,706242,3008,0,2024-02-17,Mild
802035,701054,3004,1,2021-01-23,Mild
802036,704845,3020,0,2025-09-07,Severe
802037,704795,3008,0,2022-10-21,Severe
802038,701344,3024,0,2022-03-05,Mild
802039,701702,3026,1,2025-11-12,Moderate
802040,702043,3028,0,2021-04-10,Mild
802041,705918,3034,0,2024-08-24,Mild
802042,702783,3008,0,2022-06-14,Moderate
802043,703424,3004,0,2025-06-14,Moderate
802044,704920,3018,0,2024-03-18,Moderate
802045,704322,3034,0,2021-04-22,Moderate
802046,701517,3028,0,2025-01-26,Mild
802047,702694,3005,0,2021-04-14,Moderate
802048,703331,3029,1,2023-09-02,Mild
802049,701448,3006,1,2022-08-19,Mild
802050,706259,3030,0,2023-05-07,Mild
802051,702045,3031,1,2022-11-16,Mild
802052,706033,3014,0,2025-05-15,Mild
802053,704275,3026,0,2023-05-21,Mild
802054,700411,3026,0,2022-11-07,Mild
802055,705541,3010,1,2022-03-25,Severe
802056,705820,3007,1,2023-09-15,Severe
802057,703428,3016,0,2025-04-22,Moderate
802058,703672,3014,0,2023-05-26,Moderate
802059,704757,3026,0,2023-03-09,Mild
802060,700833,3001,0,2025-01-13,Moderate
802061,705546,3030,0,2025-02-28,Severe
802062,700096,3023,0,2025-09-04,Mild
802063,705951,3002,1,2024-12-20,Severe
802064,700459,3004,0,2021-10-19,Moderate
802065,706458,3026,1,2021-09-24,Mild
802066,706000,3014,0,2025-08-20,Mild
802067,704352,3014,0,2022-06-07,Critical
802068,703665,3001,0,2022-04-21,Mild
802069,703646,3028,0,2023-04-08,Severe
802070,703395,3020,0,2021-09-18,Moderate
802071,702917,3019,0,2025-06-02,Severe
802072,702845,3003,0,2022-07-07,Severe
802073,701171,3033,0,2024-06-09,Mild
802074,700363,3014,0,2025-12-12,Critical
802075,704981,3008,0,2022-01-24,Moderate
802076,702401,3020,1,2021-09-14,Severe
802077,702545,3022,0,2021-02-01,Critical
802078,702671,3026,0,2024-02-05,Mild
802079,700133,3035,0,2025-12-24,Moderate
802080,703593,3014,1,2025-03-13,Mild
802081,700169,3023,0,2024-03-13,Moderate
802082,705785,3005,0,2024-09-28,Moderate
802083,700628,3001,0,2023-05-11,Mild
802084,704692,3026,1,2023-09-12,Mild
802085,704939,3015,0,2021-04-05,Mild
802086,706009,3012,0,2021-01-31,Severe
802087,704492,3021,0,2021-10-16,Moderate
802088,703544,3017,0,2021-09-06,Mild
802089,705457,3009,0,2023-01-19,Moderate
802090,706032,3001,1,2024-06-14,Moderate
802091,706126,3031,0,2022-12-24,Severe
802092,702982,3017,0,2021-08-29,Moderate
802093,700555,3020,0,2023-02-04,Mild
802094,703455,3004,1,2022-04-11,Severe
802095,703976,3025,1,2025-05-07,Moderate
802096,704149,3034,0,2023-10-27,Moderate
802097,705080,3007,0,2025-03-25,Mild
802098,704934,3027,0,2022-07-16,Moderate
802099,700430,3002,0,2023-05-08,Moderate
802100,702441,3005,0,2023-06-29,Mild
802101,700279,3004,0,2022-12-23,Severe
802102,702847,3003,1,2025-02-01,Moderate
802103,703618,3025,0,2024-12-19,Mild
802104,704582,3026,0,2023-01-24,Moderate
802105,700232,3027,1,2024-04-04,Severe
802106,701315,3033,0,2024-11-24,Moderate
802107,701072,3009,0,2024-01-07,Moderate
802108,704561,3035,0,2022-08-08,Moderate
802109,703605,3008,1,2022-09-02,Mild
802110,703828,3013,0,2022-10-24,Moderate
802111,703651,3004,0,2025-10-17,Moderate
802112,706438,3005,0,2021-12-12,Mild
802113,702357,3014,1,2025-06-30,Mild
802114,700738,3012,0,2023-09-30,Moderate
802115,705390,3020,0,2025-03-27,Mild
802116,705434,3005,1,2021-01-10,Moderate
802117,703140,3025,1,2023-05-30,Severe
802118,706182,3013,0,2023-03-01,Moderate
802119,702703,3023,1,2024-02-18,Severe
802120,704534,3031,1,2024-08-20,Severe
802121,701857,3027,0,2021-08-25,Moderate
802122,701546,3010,0,2024-03-12,Moderate
802123,705259,3002,1,2023-11-03,Moderate
802124,706259,3020,1,2023-09-12,Mild
802125,706052,3028,0,2021-02-09,Moderate
802126,704602,3015,0,2022-09-29,Moderate
802127,700806,3035,1,2022-05-27,Mild
802128,701361,3001,0,2023-12-02,Moderate
802129,704292,3024,1,2024-10-06,Severe
802130,701643,3029,0,2024-08-05,Mild
802131,701317,3026,1,2025-09-22,Mild
802132,705394,3019,1,2021-07-24,Moderate
802133,702343,3034,0,2024-04-14,Mild
802134,702980,3020,0,2024-07-09,Mild
802135,705160,3001,0,2022-10-20,Moderate
802136,700007,3016,1,2024-03-31,Moderate
802137,705580,3013,0,2023-09-15,Severe
802138,704243,3024,1,2021-08-06,Moderate
802139,701317,3024,0,2025-05-05,Mild
802140,701288,3025,0,2021-07-15,Mild
802141,705834,3035,0,2024-03-21,Moderate
802142,701700,3031,0,2023-08-18,Moderate
802143,706016,3017,0,2023-06-30,Moderate
802144,704265,3014,0,2024-04-08,Moderate
802145,701874,3028,0,2025-09-18,Mild
802146,700449,3022,1,2023-04-08,Moderate
802147,701590,3008,0,2022-03-05,Moderate
802148,706391,3001,1,2021-07-19,Severe
802149,701238,3011,0,2021-12-18,Mild
802150,702422,3029,1,2021-10-25,Moderate
802151,700150,3015,0,2023-08-27,Moderate
802152,702989,3009,0,2022-09-15,Mild
802153,703800,3017,0,2021-09-21,Moderate
802154,701812,3027,0,2024-08-12,Moderate
802155,700542,3019,1,2024-10-23,Severe
802156,706067,3035,0,2024-02-05,Moderate
802157,704295,3003,0,2023-05-06,Critical
802158,702691,3019,1,2022-10-04,Severe
802159,705446,3023,1,2023-06-06,Moderate
802160,705200,3007,0,2025-07-27,Severe
802161,702823,3008,0,2021-01-08,Mild
802162,700029,3005,0,2024-03-17,Moderate
802163,700439,3029,0,2023-09-19,Mild
802164,704610,3029,1,2021-05-26,Critical
802165,704312,3029,0,2022-12-19,Moderate
802166,700410,3035,0,2023-12-10,Moderate
802167,702989,3023,0,2022-10-29,Moderate
802168,700310,3012,0,2023-03-16,Moderate
802169,705622,3017,0,2025-10-19,Mild
802170,703955,3015,0,2025-05-17,Mild
802171,704105,3019,1,2025-03-29,Severe
802172,705350,3023,1,2022-07-09,Mild
802173,702148,3019,0,2023-09-11,Severe
802174,703790,3029,0,2025-03-27,Severe
802175,705040,3017,0,2021-09-12,Moderate
802176,701870,3005,0,2024-02-12,Moderate
802177,704814,3035,0,2021-09-20,Severe
802178,706040,3011,1,2023-03-07,Mild
802179,703970,3022,0,2023-09-22,Mild
802180,703680,3002,0,2024-08-04,Critical
802181,703162,3013,0,2022-07-17,Moderate
802182,702591,3026,1,2025-02-26,Moderate
802183,701941,3033,1,2022-12-03,Mild
802184,705341,3022,0,2022-03-26,Moderate
802185,705184,3007,0,2022-05-18,Severe
802186,706449,3028,0,2021-10-16,Moderate
802187,704015,3005,0,2021-07-11,Severe
802188,702945,3033,0,2021-08-16,Mild
802189,705026,3002,0,2021-05-02,Moderate
802190,705872,3005,0,2024-10-12,Severe
802191,704927,3023,0,2025-06-05,Moderate
802192,702228,3023,0,2023-01-23,Mild
802193,706311,3035,1,2025-07-27,Mild
802194,705196,3004,0,2024-11-05,Moderate
802195,705168,3006,0,2021-06-27,Moderate
802196,706275,3006,0,2023-02-19,Mild
802197,703315,3028,1,2022-07-17,Moderate
802198,700398,3013,1,2025-01-21,Mild
802199,703926,3007,1,2024-08-07,Mild
802200,701050,3032,0,2025-03-12,Mild
802201,703363,3022,1,2025-02-23,Moderate
802202,701239,3035,0,2025-10-22,Severe
802203,705991,3019,0,2023-04-11,Mild
802204,700516,3024,0,2022-01-04,Moderate
802205,700794,3033,0,2021-11-29,Moderate
802206,705349,3001,0,2021-10-20,Severe
802207,704971,3020,0,2021-06-19,Mild
802208,703738,3007,0,2024-09-21,Mild
802209,703418,3002,1,2022-08-28,Moderate
802210,703187,3032,1,2023-02-17,Moderate
802211,703741,3005,0,2022-08-20,Moderate
802212,706240,3002,0,2024-01-19,Mild
802213,704669,3003,0,2023-10-22,Mild
802214,704238,3014,0,2023-08-09,Severe
802215,704829,3022,0,2025-08-20,Mild
802216,700181,3007,0,2023-03-06,Critical
802217,706075,3033,1,2022-06-27,Moderate
802218,705061,3015,0,2021-12-25,Severe
802219,701182,3018,1,2022-01-02,Moderate
802220,705142,3033,0,2023-11-07,Severe
802221,705585,3008,1,2021-07-11,Moderate
802222,702142,3015,0,2024-11-26,Critical
802223,702694,3031,0,2022-07-28,Mild
802224,701797,3028,0,2021-11-13,Mild
802225,700553,3006,0,2022-01-05,Severe
802226,703172,3009,0,2022-07-14,Moderate
802227,705206,3004,0,2024-04-29,Moderate
802228,700303,3017,0,2025-02-15,Mild
802229,701303,3017,1,2022-02-01,Critical
802230,703405,3019,0,2025-05-01,Severe
802231,702546,3016,0,2021-11-27,Severe
802232,701254,3021,0,2024-12-31,Moderate
802233,704277,3032,1,2025-05-17,Mild
802234,704460,3027,0,2024-01-29,Severe
802235,700848,3021,0,2024-02-22,Severe
802236,706158,3013,0,2022-11-25,Mild
802237,702326,3017,0,2021-03-02,Moderate
802238,703396,3022,1,2024-05-23,Mild
802239,702799,3020,1,2023-01-02,Severe
802240,705201,3021,0,2024-07-03,Moderate
802241,701411,3011,1,2025-09-27,Mild
802242,704803,3018,0,2021-12-21,Mild
802243,701446,3004,0,2023-12-16,Moderate
802244,702445,3002,0,2022-08-19,Moderate
802245,706496,3005,1,2021-02-17,Moderate
802246,701463,3034,0,2024-06-04,Mild
802247,702802,3007,0,2024-03-11,Mild
802248,701794,3031,0,2023-06-09,Moderate
802249,704716,3030,0,2022-12-18,Mild
802250,705797,3013,1,2023-05-26,Moderate
802251,704332,3033,0,2024-06-18,Mild
802252,702765,3029,0,2025-01-27,Moderate
802253,700349,3011,1,2021-07-24,Mild
802254,700717,3012,0,2024-08-19,Critical
802255,705042,3029,0,2022-07-24,Mild
802256,702196,3027,1,2025-04-21,Severe
802257,700817,3027,0,2025-02-21,Moderate
802258,703833,3013,0,2025-09-12,Mild
802259,700907,3020,0,2022-09-16,Mild
802260,703560,3004,0,2022-06-24,Severe
802261,706450,3011,1,2024-05-06,Mild
802262,700553,3017,0,2024-01-20,Moderate
802263,704215,3014,0,2021-05-29,Mild
802264,704681,3014,0,2023-10-04,Critical
802265,701028,3029,0,2025-04-11,Moderate
802266,704651,3027,0,2024-09-10,Severe
802267,701743,3024,0,2022-09-07,Mild
802268,704127,3003,1,2021-08-30,Moderate
802269,704620,3005,0,2023-01-14,Severe
802270,703669,3013,0,2024-12-07,Moderate
802271,701392,3005,1,2023-09-28,Severe
802272,702732,3034,0,2021-06-18,Moderate
802273,700983,3007,1,2024-06-17,Critical
802274,700843,3009,0,2024-08-12,Mild
802275,703108,3034,0,2025-12-17,Severe
802276,702887,3028,0,2022-09-06,Moderate
802277,705938,3002,0,2022-06-28,Severe
802278,700840,3028,1,2025-10-25,Mild
802279,704473,3004,0,2022-01-06,Severe
802280,704502,3024,1,2022-07-23,Moderate
802281,700548,3002,0,2023-09-22,Moderate
802282,701638,3033,0,2024-08-17,Moderate
802283,701155,3024,0,2025-04-19,Severe
802284,704174,3033,1,2024-12-01,Severe
802285,700484,3034,0,2025-02-03,Mild
802286,700858,3017,1,2024-07-14,Mild
802287,704615,3020,0,2023-02-06,Moderate
802288,700421,3020,0,2023-08-04,Critical
802289,701068,3023,1,2022-05-10,Moderate
802290,703144,3005,0,2024-07-21,Mild
802291,705052,3030,0,2021-07-06,Moderate
802292,700692,3021,1,2023-12-23,Moderate
802293,702180,3017,0,2024-03-22,Critical
802294,703827,3015,0,2021-09-30,Severe
802295,703202,3019,0,2022-06-23,Mild
802296,703985,3027,0,2024-01-12,Mild
802297,703317,3018,0,2021-10-28,Moderate
802298,701749,3023,0,2021-02-17,Moderate
802299,702276,3009,0,2023-11-15,Mild
802300,706356,3019,0,2023-08-29,Moderate
802301,700670,3002,1,2021-12-05,Mild
802302,702992,3031,0,2021-12-11,Moderate
802303,704459,3032,1,2024-04-25,Moderate
802304,700642,3017,0,2021-09-17,Critical
802305,701871,3026,0,2023-07-05,Mild
802306,705954,3021,0,2024-08-02,Severe
802307,704507,3019,0,2021-05-16,Mild
802308,705013,3015,0,2024-05-07,Mild
802309,704825,3004,0,2022-04-02,Mild
802310,700389,3009,0,2025-09-30,Moderate
802311,702841,3033,1,2022-12-25,Moderate
802312,704842,3027,0,2021-03-22,Moderate
802313,701817,3003,1,2021-06-07,Severe
802314,703632,3002,1,2022-07-17,Severe
802315,705131,3001,1,2025-04-18,Critical
802316,702797,3004,0,2022-06-23,Severe
802317,702067,3019,0,2021-11-10,Mild
802318,704329,3001,1,2021-01-16,Moderate
802319,703346,3015,0,2022-04-07,Moderate
802320,704850,3001,1,2022-04-03,Moderate
802321,703079,3022,0,2023-08-25,Severe
802322,703965,3013,0,2023-12-21,Severe
802323,700855,3012,0,2025-05-01,Moderate
802324,700004,3018,0,2022-09-06,Moderate
802325,702197,3002,0,2022-10-17,Moderate
802326,701152,3007,1,2025-12-04,Moderate
802327,700041,3019,0,2024-08-31,Moderate
802328,703803,3034,0,2025-07-10,Mild
802329,705581,3001,1,2021-06-19,Mild
802330,700959,3034,0,2021-08-26,Mild
802331,705266,3018,0,2021-04-17,Severe
802332,701495,3005,0,2021-09-13,Moderate
802333,702734,3014,0,2025-09-18,Severe
802334,705498,3029,0,2025-06-09,Mild
802335,704910,3024,0,2021-06-09,Moderate
802336,700597,3011,1,2024-10-29,Moderate
802337,701067,3027,0,2022-10-03,Moderate
802338,700720,3022,0,2024-09-25,Severe
802339,701074,3011,1,2025-01-30,Mild
802340,703920,3021,1,2022-09-03,Moderate
802341,706375,3004,1,2022-11-28,Severe
802342,703349,3017,0,2025-11-02,Moderate
802343,705617,3002,0,2022-08-03,Critical
802344,701664,3020,1,2023-02-14,Moderate
802345,701313,3011,0,2022-05-18,Mild
802346,704316,3034,0,2022-02-26,Moderate
802347,700030,3002,0,2025-08-18,Mild
802348,700894,3025,0,2021-11-22,Moderate
802349,703969,3013,0,2023-01-25,Moderate
802350,705829,3017,1,2023-03-31,Mild
802351,705113,3032,0,2023-04-28,Moderate
802352,706219,3014,1,2021-08-28,Mild
802353,706393,3021,1,2024-11-10,Mild
802354,703912,3033,1,2025-04-03,Moderate
802355,706239,3016,0,2022-08-23,Moderate
802356,704309,3022,0,2022-04-03,Moderate
802357,703161,3011,0,2023-04-08,Moderate
802358,701170,3029,0,2023-04-28,Moderate
802359,702956,3026,1,2024-08-31,Moderate
802360,703980,3021,0,2022-02-11,Critical
802361,700483,3019,0,2025-12-29,Moderate
802362,701309,3015,1,2024-07-25,Severe
802363,702381,3031,0,2025-12-25,Moderate
802364,704883,3031,1,2024-07-26,Moderate
802365,703156,3027,1,2025-07-16,Mild
802366,706402,3007,0,2023-10-24,Severe
802367,706474,3009,0,2023-12-07,Severe
802368,700292,3014,0,2021-10-17,Critical
802369,703985,3030,1,2022-06-08,Mild
802370,705511,3001,1,2024-08-01,Critical
802371,703044,3017,0,2023-10-05,Moderate
802372,702322,3001,0,2022-05-16,Severe
802373,702829,3018,0,2025-12-29,Moderate
802374,703021,3024,0,2022-04-05,Severe
802375,702620,3018,0,2021-02-08,Moderate
802376,701000,3020,0,2023-01-03,Mild
802377,701932,3028,0,2021-09-21,Severe
802378,702895,3013,0,2021-03-08,Mild
802379,703068,3001,0,2023-10-10,Mild
802380,704528,3012,0,2024-09-26,Mild
802381,702739,3033,0,2022-06-13,Mild
802382,703173,3012,0,2022-04-28,Severe
802383,704675,3021,0,2021-12-24,Mild
802384,703004,3002,0,2023-08-07,Moderate
802385,704490,3006,0,2021-03-23,Severe
802386,700791,3002,0,2023-03-23,Mild
802387,705252,3023,0,2025-12-03,Mild
802388,705868,3035,0,2021-07-20,Severe
802389,706270,3017,0,2024-01-07,Mild
802390,706169,3005,0,2025-10-29,Mild
802391,706333,3010,0,2023-10-26,Critical
802392,700453,3011,0,2023-01-26,Moderate
802393,703119,3031,0,2022-03-05,Severe
802394,702331,3003,1,2021-10-05,Mild
802395,703709,3023,0,2025-02-15,Mild
802396,702750,3031,0,2023-01-12,Moderate
802397,700583,3033,1,2025-11-30,Moderate
802398,702609,3023,0,2025-11-29,Mild
802399,700317,3024,1,2024-02-18,Mild
802400,700343,3017,1,2022-02-06,Critical
802401,700456,3008,1,2021-06-29,Moderate
802402,705534,3034,1,2023-07-30,Moderate
802403,703871,3015,0,2021-06-21,Moderate
802404,703472,3016,0,2023-12-18,Mild
802405,704444,3027,0,2022-07-28,Critical
802406,701217,3027,0,2023-02-14,Moderate
802407,701803,3017,1,2023-05-29,Mild
802408,703518,3022,1,2024-12-01,Moderate
802409,703366,3021,1,2022-11-18,Moderate
802410,705591,3005,0,2025-08-26,Moderate
802411,700864,3029,0,2025-12-10,Severe
802412,702016,3006,0,2024-10-10,Mild
802413,701791,3011,1,2024-02-07,Mild
802414,700255,3026,0,2022-04-17,Moderate
802415,706237,3015,0,2021-01-22,Mild
802416,705983,3008,1,2024-04-18,Mild
802417,700571,3033,0,2022-02-14,Mild
802418,703219,3024,0,2021-06-20,Severe
802419,704361,3008,1,2024-10-05,Severe
802420,702656,3032,0,2022-10-29,Mild
802421,700863,3024,0,2023-06-28,Mild
802422,702839,3019,1,2023-10-09,Moderate
802423,702926,3035,1,2022-08-06,Mild
802424,702133,3023,0,2023-08-29,Mild
802425,702836,3032,0,2025-05-11,Moderate
802426,706201,3025,1,2021-09-08,Mild
802427,700916,3017,1,2023-11-29,Mild
802428,700380,3001,1,2025-08-10,Mild
802429,703759,3017,0,2022-02-01,Moderate
802430,700205,3017,0,2025-08-07,Mild
802431,701927,3028,1,2023-10-17,Moderate
802432,706072,3025,0,2021-10-28,Moderate
802433,703253,3018,0,2025-06-15,Mild
802434,700437,3031,0,2021-03-16,Mild
802435,703409,3018,0,2024-08-27,Mild
802436,704671,3012,1,2024-06-18,Critical
802437,702206,3015,0,2021-05-10,Severe
802438,700196,3034,1,2023-10-10,Mild
802439,703588,3014,0,2022-03-22,Moderate
802440,702213,3003,0,2023-02-19,Moderate
802441,705156,3008,0,2022-03-08,Moderate
802442,705963,3030,0,2023-05-07,Moderate
802443,702724,3003,0,2023-08-27,Mild
802444,705629,3018,0,2025-09-27,Severe
802445,702912,3005,1,2025-11-26,Mild
802446,705907,3001,1,2022-09-15,Moderate
802447,703914,3016,0,2025-05-21,Severe
802448,704843,3022,0,2023-03-03,Moderate
802449,703072,3012,0,2023-09-29,Severe
802450,706143,3010,0,2025-06-20,Critical
802451,701963,3035,0,2022-07-12,Moderate
802452,703320,3008,0,2025-03-17,Moderate
802453,703067,3017,0,2021-09-15,Moderate
802454,702438,3011,0,2021-05-06,Mild
802455,701264,3025,1,2024-01-15,Mild
802456,702669,3011,0,2021-01-25,Moderate
802457,704218,3021,1,2021-03-27,Moderate
802458,704065,3026,0,2022-05-14,Moderate
802459,705332,3032,0,2022-06-23,Mild
802460,705902,3017,1,2023-12-17,Severe
802461,701948,3032,0,2021-03-13,Severe
802462,706388,3010,1,2021-12-01,Mild
802463,700252,3019,0,2021-01-11,Moderate
802464,701256,3006,0,2023-02-09,Moderate
802465,700659,3009,1,2025-09-27,Mild
802466,700245,3013,0,2023-03-25,Mild
802467,704203,3015,1,2024-04-29,Critical
802468,703334,3028,1,2021-04-29,Moderate
802469,705355,3001,0,2022-08-09,Severe
802470,704101,3009,0,2023-05-26,Moderate
802471,702242,3015,1,2025-11-13,Severe
802472,703120,3026,1,2021-07-16,Moderate
802473,701222,3025,0,2025-01-09,Moderate
802474,705262,3010,0,2022-06-23,Moderate
802475,705198,3032,0,2022-04-09,Severe
802476,701374,3034,0,2024-12-18,Severe
802477,703885,3007,1,2021-04-02,Severe
802478,701192,3029,0,2021-05-26,Mild
802479,700670,3033,0,2022-08-29,Severe
802480,703147,3023,1,2025-04-28,Critical
802481,705526,3030,1,2021-11-26,Severe
802482,700899,3023,0,2024-02-05,Moderate
802483,702461,3020,0,2024-10-12,Mild
802484,700048,3017,1,2025-06-28,Mild
802485,704616,3017,1,2024-08-12,Moderate
802486,700689,3001,0,2024-05-24,Mild
802487,705528,3029,0,2021-06-08,Moderate
802488,703973,3026,0,2025-07-11,Mild
802489,700767,3002,0,2025-08-25,Mild
802490,704692,3035,0,2024-10-13,Critical
802491,703136,3012,1,2025-09-16,Mild
802492,703205,3010,0,2021-03-04,Mild
802493,703761,3013,0,2025-01-01,Moderate
802494,701222,3025,0,2025-06-01,Severe
802495,702524,3006,0,2024-03-16,Mild
802496,705647,3027,1,2025-08-31,Critical
802497,703643,3014,0,2024-06-01,Mild
802498,700090,3027,0,2024-04-07,Severe
802499,703957,3022,0,2021-08-06,Severe
802500,700621,3007,1,2025-12-26,Moderate
802501,703605,3006,1,2024-09-05,Moderate
802502,700341,3031,0,2022-08-17,Severe
802503,701545,3017,0,2023-02-10,Mild
802504,700431,3007,1,2021-08-05,Moderate
802505,705484,3013,0,2023-07-16,Mild
802506,701449,3022,0,2022-01-02,Mild
802507,701592,3015,0,2022-06-12,Severe
802508,705834,3031,1,2025-06-03,Moderate
802509,705552,3011,0,2023-06-14,Moderate
802510,700318,3021,0,2025-11-27,Moderate
802511,701881,3001,0,2025-11-24,Moderate
802512,703157,3023,1,2024-10-01,Moderate
802513,704834,3029,1,2023-07-23,Moderate
802514,703743,3001,1,2025-04-03,Moderate
802515,700706,3028,1,2023-03-20,Mild
802516,700618,3008,1,2023-03-29,Mild
802517,702920,3035,0,2022-02-20,Mild
802518,700656,3023,0,2023-10-03,Moderate
802519,700675,3018,0,2025-12-04,Severe
802520,700689,3020,0,2022-09-11,Moderate
802521,706386,3008,0,2024-07-20,Moderate
802522,705791,3034,1,2022-02-01,Mild
802523,704684,3019,1,2022-06-08,Moderate
802524,704918,3017,1,2022-02-28,Mild
802525,700535,3027,0,2024-09-14,Moderate
802526,705354,3018,0,2023-11-05,Mild
802527,704076,3001,0,2023-03-07,Mild
802528,701126,3032,0,2023-08-22,Critical
802529,701553,3020,0,2024-09-08,Mild
802530,701900,3004,0,2025-03-22,Severe
802531,706158,3029,0,2021-12-29,Critical
802532,701200,3005,0,2021-01-26,Moderate
802533,703888,3025,1,2025-08-11,Critical
802534,705126,3006,0,2023-01-10,Severe
802535,705911,3013,1,2022-08-22,Mild
802536,700304,3017,0,2024-12-29,Moderate
802537,701695,3030,1,2021-06-05,Moderate
802538,705608,3012,1,2021-06-11,Moderate
802539,703717,3024,0,2023-11-11,Moderate
802540,703907,3004,0,2021-11-13,Mild
802541,700678,3003,0,2023-09-29,Severe
802542,700245,3014,0,2024-12-21,Severe
802543,706044,3031,0,2021-01-14,Severe
802544,704639,3017,0,2025-04-06,Moderate
802545,702746,3008,0,2025-06-10,Moderate
802546,701041,3025,0,2021-03-10,Critical
802547,703776,3011,0,2022-09-14,Severe
802548,704365,3026,0,2024-08-15,Moderate
802549,701265,3026,0,2024-08-26,Mild
802550,703029,3030,0,2023-03-29,Moderate
802551,702223,3010,0,2024-08-10,Moderate
802552,706154,3027,1,2025-02-08,Mild
802553,700570,3009,0,2022-07-01,Severe
802554,702600,3026,0,2023-08-01,Mild
802555,704622,3004,1,2025-05-23,Mild
802556,704759,3005,0,2021-07-13,Mild
802557,703911,3016,0,2024-12-13,Moderate
802558,703800,3013,0,2022-08-14,Moderate
802559,700655,3002,0,2021-05-29,Moderate
802560,704055,3018,0,2022-01-29,Moderate
802561,704393,3027,0,2024-08-30,Mild
802562,700640,3009,0,2022-02-22,Moderate
802563,705940,3002,0,2025-02-04,Mild
802564,701401,3030,0,2023-02-22,Mild
802565,700343,3018,0,2021-07-03,Severe
802566,706385,3013,0,2023-08-06,Severe
802567,700563,3024,1,2025-07-05,Moderate
802568,701899,3026,0,2024-11-10,Severe
802569,704206,3031,0,2023-03-31,Moderate
802570,701596,3011,0,2021-04-16,Mild
802571,705116,3008,0,2024-12-12,Moderate
802572,702429,3032,0,2023-10-20,Severe
802573,701247,3025,1,2025-11-13,Mild
802574,704982,3021,0,2022-12-18,Moderate
802575,704614,3031,0,2023-04-18,Moderate
802576,700624,3019,0,2024-02-04,Mild
802577,705325,3014,0,2024-02-10,Severe
802578,702844,3024,0,2024-08-05,Moderate
802579,703216,3014,0,2024-06-15,Mild
802580,704625,3012,0,2022-10-23,Moderate
802581,701198,3016,0,2023-06-20,Severe
802582,702058,3031,1,2022-12-06,Severe
802583,702619,3030,0,2023-09-14,Severe
802584,701959,3022,0,2025-11-01,Mild
802585,701258,3035,0,2023-03-29,Mild
802586,706278,3017,0,2022-06-27,Mild
802587,705486,3024,0,2022-06-21,Mild
802588,701713,3026,0,2022-09-11,Moderate
802589,706143,3023,0,2025-04-22,Moderate
802590,700873,3005,0,2023-05-08,Mild
802591,700661,3009,0,2021-08-20,Critical
802592,703984,3034,1,2024-03-07,Mild
802593,703225,3008,0,2021-09-03,Severe
802594,700423,3015,1,2023-09-22,Mild
802595,702596,3026,0,2024-09-29,Mild
802596,705739,3025,0,2025-04-19,Mild
802597,701186,3018,0,2024-11-12,Moderate
802598,702376,3012,0,2023-04-03,Moderate
802599,704110,3016,0,2025-08-14,Moderate
802600,704025,3028,0,2021-06-10,Moderate
802601,702097,3028,1,2023-12-12,Mild
802602,703415,3024,0,2024-12-28,Mild
802603,703660,3003,0,2024-08-07,Moderate
802604,700572,3023,1,2025-10-06,Mild
802605,702392,3018,1,2022-11-12,Severe
802606,702722,3034,1,2024-07-29,Severe
802607,700762,3026,0,2024-01-15,Mild
802608,702848,3003,0,2023-02-22,Critical
802609,703306,3034,0,2025-10-21,Moderate
802610,701463,3029,0,2022-10-06,Moderate
802611,701309,3022,1,2021-07-27,Severe
802612,703995,3027,0,2021-08-02,Mild
802613,704734,3028,0,2025-02-05,Mild
802614,704849,3024,0,2022-03-27,Moderate
802615,703926,3020,0,2024-06-21,Severe
802616,703399,3034,0,2021-02-12,Moderate
802617,700872,3027,0,2025-09-21,Moderate
802618,706286,3016,0,2025-06-20,Severe
802619,703062,3021,0,2023-10-29,Severe
802620,704604,3015,1,2022-03-04,Mild
802621,700007,3013,0,2025-03-17,Mild
802622,702897,3016,0,2021-11-25,Moderate
802623,701185,3029,0,2025-08-27,Mild
802624,704118,3015,0,2021-01-13,Moderate
802625,705390,3011,0,2023-11-30,Mild
802626,702998,3011,0,2021-03-10,Severe
802627,703201,3028,1,2022-06-01,Moderate
802628,702089,3017,1,2025-01-08,Mild
802629,706139,3001,0,2023-01-31,Severe
802630,703613,3020,0,2022-01-01,Mild
802631,704945,3035,0,2021-08-31,Severe
802632,703931,3014,0,2024-11-10,Severe
802633,701069,3035,1,2024-07-11,Mild
802634,700885,3003,0,2024-10-04,Mild
802635,706278,3031,1,2022-05-31,Mild
802636,704531,3032,1,2021-04-22,Mild
802637,706380,3007,0,2021-08-17,Mild
802638,703038,3003,0,2024-02-13,Mild
802639,702839,3025,0,2021-04-17,Critical
802640,703535,3030,0,2024-03-13,Severe
802641,702108,3029,0,2023-08-03,Moderate
802642,702345,3017,0,2023-06-13,Moderate
802643,703086,3021,0,2023-10-15,Moderate
802644,702843,3016,1,2022-02-09,Moderate
802645,701219,3025,0,2025-12-11,Mild
802646,706284,3023,0,2022-03-31,Moderate
802647,705227,3029,0,2024-05-29,Mild
802648,705059,3007,0,2025-05-28,Moderate
802649,705800,3004,0,2024-03-27,Moderate
802650,700635,3003,1,2023-08-18,Moderate
802651,703594,3006,0,2024-04-08,Moderate
802652,700383,3001,1,2021-11-06,Mild
802653,701467,3035,0,2024-01-15,Moderate
802654,701932,3031,0,2021-10-13,Moderate
802655,701809,3009,0,2025-01-21,Mild
802656,706294,3027,1,2021-08-07,Critical
802657,700041,3031,0,2021-02-09,Moderate
802658,701288,3027,0,2024-08-06,Mild
802659,702419,3014,0,2021-10-20,Moderate
802660,700463,3024,1,2025-08-03,Severe
802661,703462,3003,0,2021-11-10,Moderate
802662,701842,3009,1,2024-12-21,Moderate
802663,703835,3023,1,2024-07-11,Mild
802664,700352,3022,0,2023-07-11,Moderate
802665,704080,3031,0,2021-08-25,Moderate
802666,703627,3019,0,2022-07-21,Mild
802667,702171,3032,0,2023-01-10,Severe
802668,705513,3012,0,2022-04-01,Severe
802669,700340,3006,0,2021-06-09,Mild
802670,700554,3032,0,2023-12-10,Moderate
802671,701837,3008,0,2022-06-01,Severe
802672,700551,3035,1,2022-10-21,Severe
802673,704162,3015,1,2023-05-17,Moderate
802674,701088,3028,0,2024-02-24,Severe
802675,704050,3022,0,2021-06-16,Mild
802676,705309,3031,0,2025-11-12,Mild
802677,703238,3009,1,2021-03-15,Severe
802678,703394,3003,0,2022-09-03,Moderate
802679,705071,3009,0,2023-07-27,Moderate
802680,704355,3003,0,2023-09-23,Moderate
802681,702697,3019,0,2024-02-12,Mild
802682,700555,3004,1,2025-03-11,Severe
802683,700447,3006,0,2025-05-22,Mild
802684,702669,3012,1,2024-06-24,Mild
802685,702954,3034,1,2024-04-06,Moderate
802686,700357,3027,0,2024-04-11,Mild
802687,703416,3009,0,2025-01-23,Severe
802688,704987,3028,0,2025-03-01,Moderate
802689,706176,3024,0,2025-11-06,Moderate
802690,701092,3022,0,2024-10-05,Moderate
802691,701127,3034,1,2025-05-18,Moderate
802692,702013,3027,0,2025-06-07,Moderate
802693,703245,3028,1,2025-11-08,Moderate
802694,700828,3012,0,2022-10-17,Mild
802695,702461,3018,0,2022-05-12,Moderate
802696,701088,3034,0,2023-03-23,Severe
802697,705833,3006,0,2024-01-26,Mild
802698,703831,3028,0,2023-10-01,Moderate
802699,704970,3001,0,2023-04-28,Mild
802700,706318,3019,0,2024-03-09,Moderate
802701,701922,3018,0,2025-08-27,Mild
802702,705609,3016,1,2022-08-03,Moderate
802703,704188,3004,1,2022-07-21,Moderate
802704,706356,3030,0,2021-05-18,Severe
802705,703242,3017,0,2021-05-03,Mild
802706,700446,3024,1,2025-11-22,Mild
802707,703066,3012,0,2022-12-26,Mild
802708,700030,3011,1,2021-08-18,Mild
802709,704383,3032,1,2025-01-28,Severe
802710,700681,3009,0,2025-10-10,Moderate
802711,702582,3011,1,2025-10-30,Mild
802712,705193,3016,0,2023-09-16,Mild
802713,704105,3010,1,2025-01-30,Mild
802714,706303,3015,0,2022-11-12,Mild
802715,702192,3031,1,2023-01-17,Mild
802716,705014,3019,1,2022-05-27,Mild
802717,700750,3007,0,2023-05-23,Moderate
802718,704214,3004,0,2023-05-21,Mild
802719,701716,3019,0,2024-05-12,Mild
802720,703039,3011,1,2025-07-06,Moderate
802721,706285,3035,0,2024-12-04,Moderate
802722,702780,3004,0,2025-09-02,Critical
802723,700497,3018,0,2021-08-08,Moderate
802724,702227,3015,0,2023-01-25,Moderate
802725,706055,3001,1,2022-02-20,Moderate
802726,705248,3019,1,2022-12-11,Moderate
802727,705031,3034,0,2024-12-13,Moderate
802728,706215,3031,0,2021-12-27,Critical
802729,702777,3018,1,2025-02-15,Moderate
802730,705114,3016,0,2025-06-08,Mild
802731,701456,3027,0,2023-08-22,Moderate
802732,702113,3017,0,2021-12-09,Moderate
802733,703122,3019,1,2024-07-27,Moderate
802734,704526,3023,0,2021-06-25,Moderate
802735,700291,3004,0,2023-11-23,Moderate
802736,702879,3015,0,2022-03-01,Moderate
802737,705451,3007,0,2024-08-18,Moderate
802738,702914,3025,0,2023-01-18,Mild
802739,700466,3025,0,2023-11-24,Mild
802740,700031,3031,1,2025-04-06,Mild
802741,702108,3014,1,2022-03-27,Moderate
802742,700784,3012,0,2021-12-31,Moderate
802743,705939,3022,0,2023-01-21,Mild
802744,703950,3001,1,2025-01-06,Moderate
802745,706110,3029,0,2022-05-20,Severe
802746,703895,3005,1,2024-09-05,Moderate
802747,705117,3019,1,2023-11-01,Mild
802748,704389,3022,1,2021-05-20,Moderate
802749,703097,3014,0,2025-06-18,Severe
802750,700028,3016,0,2025-08-23,Critical
802751,701944,3006,1,2023-05-15,Severe
802752,703682,3028,0,2021-05-10,Moderate
802753,702325,3001,1,2024-07-13,Moderate
802754,705120,3006,0,2025-01-09,Mild
802755,706027,3002,0,2022-05-18,Mild
802756,705173,3029,0,2025-02-24,Severe
802757,705625,3005,1,2023-01-23,Moderate
802758,705979,3035,0,2024-02-09,Severe
802759,702633,3032,0,2022-07-20,Mild
802760,700144,3015,0,2021-01-06,Mild
802761,703315,3010,1,2024-03-09,Mild
802762,704110,3018,1,2023-09-04,Moderate
802763,701963,3031,1,2021-12-18,Moderate
802764,703919,3018,0,2021-08-16,Severe
802765,700982,3006,0,2024-01-25,Mild
802766,701834,3033,0,2023-08-28,Moderate
802767,703414,3005,0,2023-09-09,Moderate
802768,700510,3020,1,2025-05-20,Moderate
802769,702009,3026,1,2023-01-31,Critical
802770,703926,3017,1,2024-09-01,Severe
802771,701219,3014,1,2022-09-11,Mild
802772,702919,3018,0,2023-10-17,Moderate
802773,706174,3027,1,2022-10-24,Moderate
802774,705441,3031,1,2021-07-26,Moderate
802775,703117,3015,0,2023-04-07,Moderate
802776,701139,3033,1,2021-02-24,Mild
802777,702017,3016,1,2022-03-26,Mild
802778,704813,3011,1,2023-07-23,Moderate
802779,704669,3002,0,2024-05-05,Critical
802780,701800,3013,0,2022-05-06,Severe
802781,702848,3003,0,2022-03-30,Severe
802782,706201,3020,0,2025-01-23,Critical
802783,705018,3002,0,2024-07-18,Mild
802784,704166,3023,0,2023-09-30,Moderate
802785,701100,3024,0,2024-05-04,Mild
802786,700349,3027,1,2021-05-28,Moderate
802787,700660,3022,1,2021-01-29,Mild
802788,703181,3001,0,2023-01-03,Moderate
802789,700397,3031,0,2022-12-02,Moderate
802790,703245,3013,0,2023-04-14,Severe
802791,704469,3021,1,2025-09-18,Mild
802792,704232,3027,0,2023-02-14,Moderate
802793,700402,3020,1,2025-05-15,Mild
802794,704506,3020,0,2025-03-27,Moderate
802795,701492,3001,0,2023-10-09,Mild
802796,700289,3008,0,2021-07-13,Severe
802797,703592,3002,1,2024-02-06,Critical
802798,705744,3023,0,2022-09-08,Moderate
802799,705186,3021,0,2022-04-30,Moderate
802800,702192,3035,1,2021-10-08,Moderate
802801,701535,3001,1,2022-08-08,Mild
802802,700619,3020,0,2023-06-24,Moderate
802803,706443,3002,0,2022-08-27,Moderate
802804,700741,3016,0,2023-04-17,Critical
802805,703211,3024,1,2023-05-06,Moderate
802806,700465,3032,0,2024-03-07,Severe
802807,701644,3029,0,2023-12-08,Moderate
802808,701782,3005,1,2025-07-20,Critical
802809,703934,3012,0,2023-05-16,Mild
802810,702696,3003,1,2024-04-15,Mild
802811,704055,3002,1,2024-09-04,Moderate
802812,704938,3031,0,2021-12-19,Moderate
802813,701094,3006,1,2025-10-20,Moderate
802814,702172,3029,0,2021-03-31,Moderate
802815,705441,3020,1,2022-09-29,Severe
802816,703195,3004,0,2025-03-12,Severe
802817,701483,3029,0,2023-04-22,Moderate
802818,701897,3010,0,2024-03-08,Mild
802819,702263,3035,1,2025-06-06,Mild
802820,703011,3027,1,2021-03-28,Mild
802821,700205,3001,1,2024-12-06,Severe
802822,700532,3025,0,2024-06-21,Moderate
802823,706499,3023,1,2023-03-10,Moderate
802824,701012,3020,0,2023-02-23,Moderate
802825,702609,3011,1,2021-06-04,Mild
802826,705107,3025,0,2023-05-17,Mild
802827,704751,3007,0,2023-06-18,Moderate
802828,700261,3004,0,2022-12-08,Mild
802829,700425,3006,0,2023-07-02,Moderate
802830,703669,3013,0,2022-11-07,Moderate
802831,702097,3034,1,2025-10-20,Critical
802832,704334,3020,0,2024-08-20,Moderate
802833,700357,3034,0,2022-08-13,Moderate
802834,704299,3013,0,2023-01-01,Severe
802835,705319,3006,0,2022-09-19,Severe
802836,701868,3009,0,2023-11-13,Moderate
802837,700324,3030,0,2025-10-16,Moderate
802838,700279,3027,1,2023-12-01,Mild
802839,706170,3009,0,2025-10-19,Moderate
802840,704912,3010,0,2022-05-04,Mild
802841,704861,3001,0,2021-05-23,Mild
802842,701602,3003,1,2023-04-18,Moderate
802843,701867,3034,0,2022-02-17,Mild
802844,704823,3033,1,2022-08-28,Moderate
802845,700947,3003,0,2021-08-25,Moderate
802846,703607,3031,1,2021-04-25,Severe
802847,704787,3006,1,2021-04-04,Mild
802848,703958,3016,1,2024-07-25,Severe
802849,705687,3013,0,2023-03-10,Severe
802850,700885,3033,0,2022-01-09,Moderate
802851,703678,3001,0,2022-05-30,Moderate
802852,701383,3009,0,2024-02-02,Severe
802853,705293,3022,1,2021-05-22,Severe
802854,701620,3034,0,2025-07-13,Mild
802855,705456,3034,0,2025-11-30,Moderate
802856,700625,3001,1,2022-09-03,Moderate
802857,704363,3023,0,2021-02-24,Moderate
802858,702990,3018,0,2025-05-12,Mild
802859,705530,3012,0,2024-07-08,Moderate
802860,700322,3005,0,2021-10-24,Mild
802861,700313,3020,0,2024-08-24,Severe
802862,702127,3019,1,2024-06-20,Moderate
802863,700941,3002,0,2022-09-28,Severe
802864,702294,3004,0,2024-08-04,Mild
802865,700749,3027,0,2023-03-16,Severe
802866,701125,3008,0,2024-03-10,Mild
802867,704630,3034,0,2023-02-08,Mild
802868,701818,3007,1,2025-11-24,Critical
802869,703249,3029,1,2022-12-09,Mild
802870,705444,3018,0,2023-04-06,Mild
802871,706406,3011,0,2023-09-02,Mild
802872,703072,3008,0,2023-02-23,Mild
802873,705142,3002,0,2022-02-28,Mild
802874,703622,3009,0,2022-04-12,Critical
802875,704119,3006,0,2025-09-11,Mild
802876,701369,3029,1,2022-09-21,Critical
802877,706339,3014,0,2023-01-05,Severe
802878,702068,3015,1,2022-11-21,Severe
802879,705793,3005,0,2022-09-22,Mild
802880,706396,3011,0,2024-11-15,Moderate
802881,700752,3023,1,2022-10-08,Moderate
802882,703270,3018,0,2021-01-13,Severe
802883,700640,3010,0,2024-08-20,Moderate
802884,705580,3021,1,2025-09-08,Mild
802885,700940,3006,0,2022-04-22,Moderate
802886,706355,3012,0,2022-01-30,Moderate
802887,700537,3006,0,2024-09-12,Moderate
802888,703835,3012,0,2025-10-05,Mild
802889,704337,3002,1,2025-10-08,Critical
802890,706065,3027,0,2024-08-13,Moderate
802891,704818,3013,0,2022-09-02,Moderate
802892,704495,3012,0,2021-06-26,Moderate
802893,700762,3003,0,2024-06-09,Moderate
802894,701947,3025,1,2024-01-29,Severe
802895,700489,3024,0,2023-01-18,Severe
802896,701752,3033,1,2021-02-13,Severe
802897,705227,3007,1,2023-11-07,Moderate
802898,705909,3011,0,2022-06-21,Mild
802899,705608,3006,0,2022-11-18,Moderate
802900,701359,3032,1,2023-08-18,Moderate
802901,701818,3025,1,2024-08-09,Mild
802902,702013,3005,0,2023-02-03,Severe
802903,706054,3012,0,2023-11-16,Mild
802904,701624,3021,0,2025-03-10,Mild
802905,705992,3034,1,2021-08-29,Moderate
802906,700507,3008,0,2023-03-11,Severe
802907,701568,3015,0,2024-12-21,Moderate
802908,700346,3017,0,2024-01-17,Severe
802909,702608,3006,0,2021-07-01,Severe
802910,701307,3022,0,2025-03-21,Mild
802911,703148,3023,0,2025-02-03,Moderate
802912,704128,3006,0,2025-10-10,Moderate
802913,702663,3020,0,2021-03-12,Severe
802914,702743,3033,0,2021-07-22,Severe
802915,702886,3026,0,2021-01-07,Moderate
802916,702156,3019,0,2025-05-01,Severe
802917,701933,3004,0,2021-10-22,Moderate
802918,706322,3008,0,2021-06-06,Moderate
802919,705855,3028,1,2022-07-30,Mild
802920,704242,3035,1,2024-07-20,Mild
802921,704765,3028,0,2024-07-08,Severe
802922,705898,3020,0,2022-04-25,Mild
802923,703367,3026,1,2024-12-07,Moderate
802924,705991,3032,0,2024-05-01,Critical
802925,701667,3030,0,2024-12-26,Mild
802926,705107,3022,0,2022-05-09,Severe
802927,703053,3032,0,2022-02-16,Mild
802928,701362,3020,1,2021-07-03,Moderate
802929,704400,3014,0,2022-08-09,Moderate
802930,703805,3012,0,2022-12-14,Mild
802931,702730,3001,0,2024-05-09,Moderate
802932,704736,3023,1,2021-06-13,Mild
802933,700431,3028,0,2022-10-23,Moderate
802934,706298,3022,1,2022-08-15,Moderate
802935,703327,3010,0,2023-10-12,Mild
802936,701691,3025,1,2023-03-17,Moderate
802937,705963,3032,0,2023-10-31,Moderate
802938,701142,3023,0,2022-07-14,Mild
802939,700105,3019,0,2021-10-03,Severe
802940,705830,3017,0,2025-10-27,Moderate
802941,705855,3024,0,2021-10-14,Severe
802942,702824,3006,1,2021-02-24,Severe
802943,701525,3019,1,2021-09-12,Critical
802944,702322,3019,0,2022-06-25,Moderate
802945,705833,3012,0,2021-12-11,Mild
802946,706166,3032,0,2024-05-26,Severe
802947,703563,3025,1,2025-02-16,Moderate
802948,701397,3032,0,2021-10-07,Moderate
802949,706335,3004,0,2024-09-16,Severe
802950,704146,3002,0,2025-08-10,Mild
802951,704972,3023,0,2023-10-09,Severe
802952,703034,3007,1,2024-01-13,Severe
802953,705048,3020,0,2025-08-10,Moderate
802954,705767,3017,0,2023-06-02,Moderate
802955,706299,3022,0,2021-09-19,Severe
802956,704111,3007,1,2024-07-01,Moderate
802957,702647,3023,0,2024-06-30,Severe
802958,700213,3014,0,2022-08-10,Moderate
802959,700878,3010,1,2024-02-15,Mild
802960,703149,3001,0,2025-10-26,Severe
802961,705280,3017,0,2022-04-25,Moderate
802962,700817,3014,0,2022-12-10,Mild
802963,700596,3017,0,2025-08-27,Moderate
802964,702672,3010,0,2021-08-08,Mild
802965,701477,3018,0,2022-05-16,Moderate
802966,703193,3035,1,2025-04-21,Mild
802967,705429,3010,0,2025-03-05,Moderate
802968,706127,3020,1,2025-11-09,Severe
802969,704457,3016,0,2021-11-23,Mild
802970,705468,3017,0,2023-01-03,Moderate
802971,700076,3028,0,2022-06-21,Mild
802972,705830,3009,1,2022-04-02,Moderate
802973,700218,3020,0,2022-09-05,Moderate
802974,701489,3006,0,2021-02-20,Critical
802975,704900,3013,1,2021-07-17,Mild
802976,704286,3009,0,2023-01-18,Mild
802977,701930,3033,1,2024-12-21,Moderate
802978,705210,3035,1,2021-08-12,Moderate
802979,700336,3022,0,2021-10-18,Mild
802980,700224,3023,0,2023-12-17,Moderate
802981,700398,3025,0,2025-12-15,Severe
802982,703443,3007,1,2025-10-20,Moderate
802983,702329,3015,1,2023-03-22,Severe
802984,704801,3029,0,2025-09-23,Moderate
802985,701959,3008,0,2021-03-09,Moderate
802986,705200,3010,1,2023-11-02,Moderate
802987,700353,3010,0,2022-11-25,Moderate
802988,702774,3013,0,2022-10-26,Moderate
802989,705596,3019,1,2021-10-02,Moderate
802990,701714,3023,0,2024-01-12,Moderate
802991,705783,3015,1,2025-03-09,Severe
802992,703328,3017,0,2023-04-14,Moderate
802993,705250,3010,0,2025-05-21,Moderate
802994,701935,3033,1,2021-11-28,Severe
802995,703187,3018,0,2023-03-18,Mild
802996,702604,3004,1,2023-02-16,Mild
802997,703756,3004,0,2023-04-04,Moderate
802998,700063,3015,0,2023-12-04,Moderate
802999,703439,3031,1,2023-12-13,Mild
803000,705285,3002,0,2025-06-23,Moderate
803001,703845,3012,0,2021-02-03,Moderate
803002,705408,3033,0,2025-06-09,Mild
803003,704567,3020,0,2025-12-12,Mild
803004,702246,3002,1,2021-09-22,Moderate
803005,701200,3001,0,2023-12-31,Mild
803006,701569,3020,0,2021-12-01,Moderate
803007,704086,3024,0,2022-10-21,Mild
803008,703817,3014,0,2021-08-04,Mild
803009,702324,3029,0,2022-09-07,Critical
803010,700642,3021,0,2023-08-26,Mild
803011,704564,3032,0,2024-06-21,Severe
803012,702391,3023,0,2022-12-14,Moderate
803013,701907,3029,0,2025-09-02,Moderate
803014,705942,3014,0,2022-10-10,Moderate
803015,703226,3007,0,2023-01-18,Moderate
803016,700130,3023,0,2021-02-02,Severe
803017,700962,3017,1,2022-04-20,Moderate
803018,700074,3034,0,2022-04-27,Critical
803019,700594,3032,1,2023-08-14,Mild
803020,700487,3005,0,2024-11-06,Moderate
803021,701499,3020,0,2024-12-08,Severe
803022,701125,3008,0,2022-01-14,Moderate
803023,702868,3008,0,2024-05-09,Mild
803024,703495,3024,0,2022-11-15,Severe
803025,702508,3025,1,2024-08-05,Moderate
803026,704127,3027,0,2023-10-02,Moderate
803027,702121,3032,0,2025-11-24,Mild
803028,700558,3007,0,2024-02-24,Moderate
803029,703368,3012,1,2024-06-09,Moderate
803030,703866,3007,1,2022-11-22,Moderate
803031,702651,3008,0,2024-05-05,Moderate
803032,700528,3004,0,2025-04-20,Mild
803033,704817,3028,1,2024-07-08,Severe
803034,702784,3016,0,2024-02-03,Moderate
803035,701599,3034,1,2021-05-21,Mild
803036,701152,3027,0,2024-09-13,Severe
803037,702457,3026,0,2024-01-01,Moderate
803038,705059,3011,0,2022-04-01,Severe
803039,702534,3001,0,2024-06-09,Severe
803040,701379,3021,1,2024-06-14,Moderate
803041,702563,3032,1,2022-03-20,Mild
803042,701179,3011,1,2022-11-14,Severe
803043,705774,3023,0,2023-11-29,Mild
803044,704641,3004,0,2025-01-05,Mild
803045,700853,3002,0,2024-02-25,Moderate
803046,703210,3020,0,2024-07-31,Severe
803047,704789,3028,0,2023-02-15,Moderate
803048,702042,3009,1,2022-09-19,Moderate
803049,700465,3005,0,2025-12-20,Mild
803050,704039,3010,0,2021-03-26,Moderate
803051,705595,3009,0,2021-06-17,Mild
803052,701192,3003,1,2025-06-29,Severe
803053,704578,3031,1,2023-02-03,Mild
803054,702840,3035,0,2024-11-18,Moderate
803055,705258,3004,0,2022-12-12,Severe
803056,704401,3007,1,2024-12-15,Mild
803057,703946,3016,0,2024-10-30,Moderate
803058,703745,3016,1,2022-08-24,Mild
803059,702991,3028,1,2025-04-17,Mild
803060,700781,3013,0,2024-06-26,Moderate
803061,706316,3020,0,2021-01-17,Severe
803062,700605,3004,0,2025-05-24,Mild
803063,704379,3024,0,2025-07-14,Mild
803064,700075,3032,1,2024-11-12,Moderate
803065,701866,3022,0,2023-02-07,Critical
803066,702284,3005,0,2021-10-30,Mild
803067,702510,3034,1,2024-03-25,Severe
803068,703285,3032,0,2021-02-23,Moderate
803069,702344,3024,0,2024-05-13,Moderate
803070,700857,3008,0,2021-08-27,Mild
803071,706279,3018,0,2023-03-24,Moderate
803072,700207,3009,0,2024-02-01,Moderate
803073,703784,3002,1,2023-02-25,Severe
803074,703429,3001,0,2023-09-29,Critical
803075,701878,3007,1,2023-12-19,Critical
803076,705965,3020,1,2021-05-09,Mild
803077,705657,3011,0,2024-03-07,Mild
803078,704019,3020,0,2025-10-19,Mild
803079,704608,3002,0,2021-12-03,Mild
803080,702887,3033,0,2022-10-22,Moderate
803081,702745,3022,1,2021-01-10,Moderate
803082,701478,3028,0,2022-08-26,Moderate
803083,702191,3031,0,2022-03-10,Severe
803084,703811,3035,0,2022-09-08,Moderate
803085,704733,3010,0,2022-07-07,Moderate
803086,701282,3022,1,2025-08-09,Moderate
803087,702956,3017,0,2023-12-13,Moderate
803088,705710,3007,0,2021-12-31,Moderate
803089,701973,3013,0,2024-07-08,Moderate
803090,701139,3029,1,2025-04-13,Severe
803091,703839,3026,0,2021-08-08,Moderate
803092,701266,3003,0,2024-02-11,Moderate
803093,701602,3010,0,2025-04-25,Moderate
803094,702475,3023,0,2022-10-04,Severe
803095,702460,3020,1,2023-01-20,Mild
803096,702821,3034,0,2025-09-21,Critical
803097,705539,3004,0,2024-04-28,Moderate
803098,703088,3032,0,2025-03-12,Severe
803099,700294,3018,0,2025-04-24,Mild
803100,704330,3001,0,2025-01-17,Moderate
803101,700611,3023,1,2025-02-26,Mild
803102,700430,3013,0,2023-07-31,Mild
803103,706014,3004,0,2022-03-13,Moderate
803104,704780,3009,0,2023-10-18,Moderate
803105,700940,3031,0,2025-09-05,Mild
803106,704728,3002,0,2021-01-12,Moderate
803107,703758,3016,0,2025-02-04,Severe
803108,702024,3021,1,2023-07-19,Moderate
803109,702253,3021,0,2025-09-29,Mild
803110,702295,3002,0,2023-04-11,Mild
803111,701857,3007,1,2024-10-02,Severe
803112,701821,3015,1,2024-11-16,Mild
803113,701026,3009,0,2022-12-28,Severe
803114,700831,3001,1,2024-12-17,Mild
803115,702641,3016,0,2025-09-11,Moderate
803116,704850,3023,0,2025-01-03,Moderate
803117,701394,3024,0,2025-06-19,Moderate
803118,701911,3024,0,2022-01-14,Moderate
803119,705720,3010,0,2024-12-02,Critical
803120,704498,3011,1,2022-01-02,Mild
803121,702312,3030,0,2025-04-15,Severe
803122,700540,3033,1,2023-03-13,Severe
803123,705030,3007,0,2025-09-16,Mild
803124,701106,3006,0,2022-09-01,Mild
803125,700960,3008,1,2025-11-28,Moderate
803126,705448,3016,0,2022-10-12,Mild
803127,705567,3021,0,2024-07-16,Moderate
803128,704973,3004,0,2021-11-09,Mild
803129,705157,3027,0,2021-05-07,Moderate
803130,705311,3035,1,2023-01-29,Severe
803131,704732,3001,1,2025-06-07,Critical
803132,703056,3016,0,2024-11-04,Moderate
803133,702851,3031,1,2023-06-16,Moderate
803134,700692,3018,0,2023-04-24,Severe
803135,700914,3010,0,2025-09-17,Mild
803136,705305,3023,0,2024-10-19,Moderate
803137,703580,3019,0,2025-08-09,Mild
803138,703436,3007,1,2021-08-26,Severe
803139,700276,3030,1,2025-09-08,Moderate
803140,704719,3018,0,2025-08-09,Moderate
803141,702747,3006,0,2021-11-01,Mild
803142,703396,3012,0,2025-05-13,Severe
803143,703738,3011,1,2022-05-27,Critical
803144,700269,3002,0,2021-11-30,Moderate
803145,700917,3028,0,2023-07-12,Severe
803146,703432,3018,1,2022-10-07,Mild
803147,704952,3023,0,2023-05-25,Severe
803148,702527,3013,1,2021-03-11,Severe
803149,705109,3020,0,2025-12-07,Moderate
803150,704279,3024,0,2022-02-05,Moderate
803151,704394,3013,0,2022-10-27,Severe
803152,703411,3027,1,2024-07-12,Mild
803153,705089,3015,1,2022-10-17,Mild
803154,703939,3021,0,2025-03-07,Moderate
803155,703863,3002,1,2024-12-19,Moderate
803156,705830,3010,0,2024-06-21,Severe
803157,702988,3018,0,2025-06-14,Critical
803158,705658,3009,0,2024-02-28,Severe
803159,704684,3012,0,2023-03-26,Mild
803160,703186,3018,0,2024-06-01,Moderate
803161,701843,3003,0,2024-02-04,Moderate
803162,704170,3020,0,2022-04-30,Mild
803163,702394,3035,1,2021-04-03,Severe
803164,700677,3030,0,2025-04-21,Moderate
803165,703561,3003,1,2022-09-25,Mild
803166,705886,3015,0,2022-01-15,Mild
803167,703112,3018,0,2023-03-06,Moderate
803168,703355,3035,0,2025-11-04,Moderate
803169,703137,3010,0,2025-12-05,Moderate
803170,705052,3008,1,2024-10-13,Mild
803171,703696,3028,1,2021-01-15,Severe
803172,702868,3033,1,2022-07-19,Mild
803173,700869,3017,1,2025-11-23,Critical
803174,706325,3013,0,2021-11-17,Severe
803175,702720,3019,0,2025-07-09,Moderate
803176,700736,3015,1,2024-09-30,Mild
803177,700968,3011,0,2023-03-03,Mild
803178,700931,3033,1,2025-03-16,Mild
803179,704145,3012,1,2022-12-11,Mild
803180,703214,3016,0,2025-04-18,Severe
803181,705307,3001,1,2025-09-14,Moderate
803182,703167,3022,0,2022-07-15,Critical
803183,702080,3017,0,2021-04-12,Mild
803184,702776,3019,1,2024-09-06,Moderate
803185,700918,3002,0,2025-04-04,Severe
803186,706205,3016,0,2023-07-08,Moderate
803187,705013,3021,1,2022-03-29,Mild
803188,701569,3001,0,2023-02-10,Moderate
803189,705583,3023,0,2022-07-09,Moderate
803190,702867,3023,1,2023-10-31,Severe
803191,703760,3010,1,2023-02-05,Severe
803192,703215,3020,0,2023-09-24,Moderate
803193,701758,3012,0,2023-11-26,Mild
803194,701721,3031,0,2021-01-25,Mild
803195,701336,3014,1,2022-05-11,Severe
803196,702025,3006,1,2023-05-19,Moderate
803197,700062,3026,1,2022-02-14,Moderate
803198,705481,3015,1,2023-09-03,Moderate
803199,701352,3002,0,2024-05-06,Moderate
803200,700083,3001,0,2022-07-13,Severe
803201,704955,3023,1,2021-06-11,Mild
803202,705509,3003,0,2023-06-17,Severe
803203,704589,3003,0,2025-11-14,Severe
803204,704570,3029,1,2024-05-19,Mild
803205,702702,3022,0,2022-09-30,Mild
803206,703260,3014,1,2024-12-27,Moderate
803207,703135,3012,1,2021-02-22,Mild
803208,701089,3016,0,2024-03-30,Mild
803209,705792,3032,0,2023-01-06,Moderate
803210,704315,3004,1,2021-10-28,Moderate
803211,700530,3006,0,2023-10-07,Severe
803212,703090,3022,0,2023-12-19,Moderate
803213,705110,3020,0,2021-04-26,Mild
803214,700937,3008,0,2024-03-15,Moderate
803215,703705,3027,1,2024-06-23,Severe
803216,704683,3024,0,2023-07-15,Mild
803217,704678,3027,0,2022-09-16,Mild
803218,704275,3020,0,2021-02-09,Mild
803219,701245,3010,0,2025-01-03,Moderate
803220,703620,3020,0,2021-11-19,Severe
803221,706021,3011,0,2023-04-24,Severe
803222,702671,3001,0,2021-10-16,Moderate
803223,705666,3025,0,2021-12-10,Severe
803224,705391,3012,1,2022-01-21,Severe
803225,700122,3010,0,2024-07-03,Moderate
803226,702529,3017,0,2022-05-26,Moderate
803227,705073,3006,1,2021-10-22,Severe
803228,704709,3014,0,2022-11-02,Moderate
803229,700395,3018,1,2025-05-01,Severe
803230,702932,3035,1,2022-05-29,Critical
803231,705418,3026,0,2025-04-21,Moderate
803232,700506,3007,0,2023-02-10,Moderate
803233,703263,3012,1,2024-05-09,Moderate
803234,705801,3008,1,2022-09-03,Moderate
803235,703773,3013,0,2022-01-06,Moderate
803236,703230,3024,1,2024-08-09,Mild
803237,700497,3031,0,2022-01-13,Severe
803238,705005,3004,0,2024-05-23,Moderate
803239,705835,3014,0,2024-02-17,Critical
803240,700753,3003,0,2024-07-12,Moderate
803241,705767,3001,0,2021-11-12,Severe
803242,706458,3031,0,2022-11-07,Critical
803243,701962,3029,0,2024-05-25,Mild
803244,701472,3012,0,2023-03-24,Severe
803245,701139,3005,0,2024-08-17,Mild
803246,701109,3013,1,2025-12-17,Severe
803247,702454,3007,0,2025-10-03,Severe
803248,701393,3022,0,2022-04-08,Moderate
803249,703808,3011,0,2022-08-18,Severe
803250,705327,3019,0,2025-12-24,Moderate
803251,701912,3009,0,2025-05-30,Moderate
803252,703413,3011,0,2022-10-06,Mild
803253,703813,3007,0,2022-12-01,Mild
803254,700937,3032,0,2023-01-16,Moderate
803255,700553,3021,0,2022-10-09,Moderate
803256,702985,3007,0,2024-03-26,Mild
803257,702716,3029,1,2021-05-23,Mild
803258,702551,3024,1,2021-10-07,Severe
803259,701707,3024,0,2023-04-15,Mild
803260,702176,3027,0,2021-10-07,Severe
803261,700448,3006,1,2021-12-25,Mild
803262,703206,3007,0,2021-08-19,Moderate
803263,703906,3027,0,2021-01-22,Moderate
803264,700895,3010,0,2025-05-20,Mild
803265,700627,3003,1,2021-07-09,Mild
803266,701951,3022,0,2021-12-11,Moderate
803267,700859,3011,1,2021-12-30,Moderate
803268,701801,3031,1,2023-07-13,Severe
803269,703329,3004,1,2021-03-31,Moderate
803270,702063,3002,0,2025-10-17,Mild
803271,705783,3021,0,2025-01-12,Moderate
803272,703473,3024,0,2024-09-17,Severe
803273,703176,3003,0,2022-10-05,Mild
803274,700512,3031,0,2021-02-14,Severe
803275,701219,3010,0,2024-10-10,Moderate
803276,701122,3010,0,2023-11-18,Moderate
803277,706069,3011,0,2023-03-13,Moderate
803278,703667,3013,1,2024-01-19,Moderate
803279,706430,3020,0,2023-01-18,Moderate
803280,702871,3035,0,2025-02-27,Moderate
803281,705802,3027,0,2024-04-04,Moderate
803282,704860,3003,1,2021-08-19,Moderate
803283,704839,3023,0,2023-08-19,Mild
803284,704016,3021,0,2025-06-24,Moderate
803285,705743,3031,0,2021-07-03,Moderate
803286,703282,3021,0,2024-10-18,Severe
803287,705911,3008,0,2023-11-19,Moderate
803288,701495,3028,0,2021-02-07,Moderate
803289,704996,3022,0,2024-07-06,Critical
803290,701002,3026,0,2021-02-05,Moderate
803291,703299,3008,1,2022-04-29,Severe
803292,701225,3031,1,2022-06-17,Severe
803293,706091,3003,0,2025-02-17,Moderate
803294,702113,3018,0,2024-06-19,Moderate
803295,703060,3012,1,2021-10-21,Moderate
803296,703722,3031,0,2024-04-22,Mild
803297,704862,3035,0,2024-11-22,Moderate
803298,703551,3020,0,2025-02-07,Moderate
803299,701038,3018,1,2025-06-21,Mild
803300,701372,3029,0,2022-10-25,Mild
803301,706255,3018,1,2024-02-12,Severe
803302,700827,3010,1,2024-11-17,Mild
803303,705380,3005,0,2023-10-05,Moderate
803304,705701,3034,1,2022-08-02,Moderate
803305,703956,3033,0,2021-05-14,Moderate
803306,703552,3019,0,2025-11-07,Moderate
803307,701169,3014,1,2023-11-03,Mild
803308,701400,3026,0,2024-08-17,Mild
803309,702658,3006,0,2023-07-01,Mild
803310,703450,3022,0,2025-06-11,Severe
803311,704517,3004,0,2022-06-01,Moderate
803312,705566,3034,0,2023-09-21,Severe
803313,701498,3004,0,2021-11-25,Moderate
803314,705234,3002,0,2024-04-09,Moderate
803315,701695,3023,1,2024-12-18,Moderate
803316,706364,3020,1,2022-09-05,Moderate
803317,704861,3027,0,2023-01-11,Moderate
803318,702460,3013,0,2025-10-27,Mild
803319,705085,3035,0,2021-09-11,Moderate
803320,700181,3019,0,2023-06-21,Moderate
803321,702852,3021,0,2024-12-29,Moderate
803322,701920,3009,0,2025-06-15,Severe
803323,700154,3011,1,2022-09-30,Severe
803324,706371,3035,0,2021-01-10,Mild
803325,702076,3010,0,2024-02-12,Moderate
803326,701981,3006,1,2024-08-12,Moderate
803327,703456,3021,0,2021-11-09,Moderate
803328,703606,3014,0,2024-06-22,Mild
803329,702994,3012,0,2021-12-30,Mild
803330,705458,3034,0,2025-11-08,Mild
803331,701397,3010,0,2021-07-10,Mild
803332,702117,3010,1,2024-07-27,Mild
803333,703325,3025,0,2023-09-30,Moderate
803334,703037,3012,0,2021-11-26,Mild
803335,703595,3001,1,2022-09-17,Severe
803336,702264,3026,0,2024-02-04,Mild
803337,705926,3013,0,2021-11-12,Mild
803338,706007,3019,0,2024-09-03,Moderate
803339,703515,3031,0,2025-10-27,Mild
803340,703245,3029,0,2021-09-03,Severe
803341,702841,3027,1,2022-04-15,Moderate
803342,702684,3019,1,2025-09-14,Mild
803343,703988,3012,0,2025-08-07,Moderate
803344,702742,3024,0,2022-07-14,Moderate
803345,703981,3021,1,2021-10-01,Severe
803346,701019,3024,0,2022-02-08,Moderate
803347,703235,3022,0,2022-05-29,Moderate
803348,706142,3031,0,2025-10-07,Moderate
803349,704612,3019,0,2022-10-14,Moderate
803350,701572,3013,0,2023-09-15,Severe
803351,703934,3034,0,2025-06-12,Mild
803352,705085,3034,1,2025-05-06,Moderate
803353,705458,3027,0,2021-08-28,Mild
803354,705609,3034,0,2022-11-10,Mild
803355,701373,3027,0,2021-10-16,Mild
803356,702314,3033,0,2021-05-26,Moderate
803357,703592,3004,0,2025-06-02,Mild
803358,703835,3028,0,2021-04-08,Moderate
803359,700632,3007,0,2023-10-12,Moderate
803360,701339,3026,0,2022-08-13,Severe
803361,705376,3026,0,2023-08-13,Severe
803362,704337,3021,0,2021-08-19,Moderate
803363,703756,3017,0,2024-09-24,Severe
803364,704908,3032,0,2024-07-04,Moderate
803365,700802,3027,0,2025-04-23,Moderate
803366,704867,3002,1,2023-09-28,Mild
803367,702287,3026,0,2024-07-05,Moderate
803368,703330,3028,0,2021-03-25,Moderate
803369,703260,3021,0,2022-12-02,Severe
803370,702990,3035,1,2022-05-01,Mild
803371,704111,3026,0,2022-09-22,Moderate
803372,703171,3021,0,2023-11-20,Moderate
803373,703440,3006,0,2025-10-02,Moderate
803374,702171,3032,0,2024-07-08,Moderate
803375,702432,3002,0,2024-09-10,Severe
803376,700263,3012,0,2024-05-09,Moderate
803377,704003,3018,0,2023-11-03,Severe
803378,702339,3014,1,2021-01-10,Moderate
803379,701605,3006,0,2023-12-16,Severe
803380,703249,3002,0,2024-08-10,Moderate
803381,702003,3023,1,2021-08-06,Moderate
803382,706141,3016,0,2021-12-03,Mild
803383,703074,3018,0,2025-04-24,Severe
803384,704258,3002,0,2022-04-05,Mild
803385,702540,3002,0,2021-03-02,Severe
803386,701646,3023,0,2022-11-14,Moderate
803387,701805,3002,0,2023-04-22,Moderate
803388,702595,3010,1,2025-12-30,Moderate
803389,702658,3016,0,2022-10-04,Mild
803390,705027,3022,0,2025-04-17,Moderate
803391,700741,3016,1,2025-11-01,Moderate
803392,703994,3033,1,2023-05-16,Moderate
803393,706444,3024,0,2021-01-10,Moderate
803394,700234,3025,0,2025-04-23,Mild
803395,706116,3011,1,2025-11-20,Moderate
803396,701319,3012,0,2024-09-12,Critical
803397,701365,3006,0,2025-06-14,Mild
803398,701743,3004,0,2024-12-05,Moderate
803399,700980,3013,0,2023-12-11,Moderate
803400,702291,3002,0,2024-02-23,Mild
803401,703170,3011,1,2023-03-16,Moderate
803402,704954,3027,0,2024-07-06,Mild
803403,706404,3033,0,2023-07-25,Severe
803404,701890,3024,0,2025-06-24,Severe
803405,706228,3022,0,2021-02-07,Severe
803406,704627,3023,0,2023-06-28,Severe
803407,706117,3001,1,2021-03-28,Moderate
803408,700723,3024,0,2023-03-13,Severe
803409,700759,3013,0,2023-11-21,Moderate
803410,700043,3018,1,2023-07-09,Severe
803411,706208,3007,0,2024-09-28,Severe
803412,704862,3004,0,2024-04-27,Moderate
803413,700770,3020,0,2024-10-18,Severe
803414,705082,3010,0,2024-09-06,Moderate
803415,701814,3007,0,2025-05-03,Moderate
803416,704433,3025,0,2024-07-10,Severe
803417,702892,3019,0,2022-11-22,Severe
803418,701814,3020,0,2024-09-07,Moderate
803419,703816,3029,1,2025-07-26,Mild
803420,702772,3005,0,2022-09-26,Mild
803421,700835,3030,1,2023-08-21,Critical
803422,703343,3028,1,2023-01-16,Moderate
803423,700043,3028,0,2025-11-02,Mild
803424,703854,3026,0,2024-02-22,Critical
803425,701098,3001,0,2022-12-01,Moderate
803426,705942,3011,0,2021-07-12,Critical
803427,705577,3001,0,2021-11-30,Moderate
803428,705735,3014,0,2025-07-17,Severe
803429,701598,3021,0,2024-03-22,Severe
803430,704595,3001,0,2021-02-22,Moderate
803431,704032,3014,0,2025-04-23,Mild
803432,703402,3010,0,2025-02-12,Moderate
803433,700437,3026,0,2025-07-04,Severe
803434,704072,3035,0,2025-12-22,Mild
803435,704413,3020,0,2025-04-21,Mild
803436,702613,3003,0,2021-03-14,Moderate
803437,705109,3025,1,2022-10-09,Mild
803438,705516,3024,0,2021-05-20,Mild
803439,703708,3006,0,2022-06-11,Moderate
803440,702580,3002,0,2021-04-18,Moderate
803441,700537,3030,1,2025-11-04,Severe
803442,704624,3004,1,2022-01-19,Severe
803443,702995,3034,1,2021-10-30,Mild
803444,705109,3020,0,2022-09-09,Severe
803445,701192,3035,1,2021-07-19,Mild
803446,702837,3018,1,2025-08-25,Moderate
803447,700583,3005,1,2022-07-30,Mild
803448,704940,3015,1,2023-06-02,Mild
803449,702410,3034,1,2024-03-21,Moderate
803450,700850,3019,0,2025-06-29,Severe
803451,705330,3021,1,2023-01-29,Moderate
803452,700395,3004,0,2021-12-23,Mild
803453,705792,3021,0,2021-11-13,Mild
803454,705883,3031,0,2025-12-06,Mild
803455,702560,3026,0,2021-09-25,Moderate
803456,703681,3010,0,2022-09-11,Severe
803457,706063,3008,0,2023-05-31,Mild
803458,700737,3018,0,2023-01-13,Mild
803459,706095,3018,0,2023-03-04,Moderate
803460,704370,3013,0,2025-09-18,Moderate
803461,703286,3002,0,2021-06-24,Moderate
803462,704742,3010,0,2021-02-14,Mild
803463,706331,3014,0,2025-09-30,Mild
803464,704566,3003,0,2025-07-27,Moderate
803465,703334,3001,0,2021-01-26,Mild
803466,700614,3015,0,2022-10-30,Mild
803467,700350,3034,0,2025-04-12,Mild
803468,702296,3010,1,2025-06-28,Mild
803469,700957,3013,0,2021-12-05,Severe
803470,703446,3031,0,2022-04-02,Mild
803471,703577,3025,1,2023-03-24,Mild
803472,703358,3021,0,2021-01-21,Moderate
803473,704085,3008,1,2022-12-17,Severe
803474,703566,3008,0,2025-11-20,Moderate
803475,700992,3018,0,2022-12-15,Mild
803476,701425,3017,0,2023-08-16,Moderate
803477,700221,3010,1,2021-04-23,Moderate
803478,705579,3012,0,2025-06-06,Severe
803479,702418,3005,0,2024-10-25,Moderate
803480,701515,3020,0,2023-01-31,Mild
803481,701620,3032,0,2025-04-22,Moderate
803482,700212,3034,0,2021-12-28,Moderate
803483,701288,3027,0,2023-01-26,Moderate
803484,706322,3007,0,2023-10-21,Severe
803485,700145,3016,0,2023-10-11,Severe
803486,705562,3015,0,2025-06-01,Moderate
803487,700608,3001,1,2022-07-15,Mild
803488,704635,3018,0,2021-03-12,Moderate
803489,705178,3019,0,2021-02-27,Moderate
803490,701125,3025,0,2023-07-23,Mild
803491,700947,3001,0,2025-08-24,Moderate
803492,702735,3032,1,2022-12-02,Mild
803493,701081,3032,0,2022-04-26,Severe
803494,702394,3010,1,2024-03-08,Severe
803495,703357,3031,1,2024-05-17,Severe
803496,701759,3021,1,2024-11-05,Mild
803497,706424,3001,1,2025-04-12,Moderate
803498,706468,3024,1,2022-09-13,Mild
803499,703566,3033,1,2021-06-08,Moderate
803500,700462,3026,1,2024-04-01,Mild
803501,706221,3023,1,2024-06-07,Severe
803502,702455,3019,1,2021-05-22,Mild
803503,704877,3018,1,2022-05-26,Moderate
803504,704225,3033,0,2022-06-13,Severe
803505,702298,3011,1,2022-11-01,Moderate
803506,702239,3011,0,2025-09-28,Critical
803507,706171,3032,0,2021-08-16,Severe
803508,700849,3035,1,2025-09-16,Moderate
803509,700027,3029,1,2021-11-09,Moderate
803510,702394,3003,1,2022-10-13,Moderate
803511,705489,3019,1,2024-03-26,Mild
803512,706037,3004,0,2022-10-27,Moderate
803513,705483,3035,0,2025-04-21,Moderate
803514,705166,3035,0,2024-07-07,Moderate
803515,701456,3011,0,2023-10-01,Mild
803516,704932,3019,1,2021-05-24,Moderate
803517,703982,3025,1,2021-06-08,Critical
803518,705546,3020,0,2021-08-12,Mild
803519,706381,3021,0,2023-06-18,Critical
803520,705694,3011,0,2022-10-04,Severe
803521,704868,3016,0,2021-06-20,Mild
803522,701595,3026,0,2025-12-06,Moderate
803523,702978,3010,0,2024-07-10,Moderate
803524,700389,3007,0,2024-10-28,Moderate
803525,705152,3005,0,2025-03-02,Moderate
803526,703676,3001,0,2022-11-13,Moderate
803527,701602,3030,0,2022-07-15,Mild
803528,702339,3024,1,2025-08-01,Severe
803529,700776,3020,1,2022-03-30,Mild
803530,704665,3027,0,2025-05-11,Mild
803531,706041,3015,0,2022-07-11,Mild
803532,705119,3025,0,2024-11-02,Mild
803533,706039,3007,1,2021-08-10,Moderate
803534,700676,3033,1,2025-02-24,Mild
803535,704761,3011,0,2023-12-11,Mild
803536,701937,3013,0,2024-09-06,Mild
803537,702751,3004,0,2023-07-22,Mild
803538,705874,3030,0,2025-05-08,Moderate
803539,702624,3035,0,2023-08-27,Moderate
803540,702266,3021,0,2023-07-20,Moderate
803541,703950,3003,1,2024-01-13,Mild
803542,703749,3006,1,2021-01-27,Moderate
803543,701109,3003,0,2025-12-27,Mild
803544,704997,3016,0,2023-06-21,Moderate
803545,705826,3011,0,2025-02-14,Severe
803546,703273,3008,0,2024-07-13,Mild
803547,703120,3026,0,2022-11-19,Severe
803548,704853,3010,0,2025-07-14,Mild
803549,705022,3033,1,2025-07-13,Mild
803550,705369,3034,0,2025-04-27,Severe
803551,705220,3029,1,2025-12-06,Moderate
803552,702751,3019,1,2024-04-16,Mild
803553,703641,3025,0,2023-07-29,Moderate
803554,700328,3022,0,2025-02-07,Severe
803555,704029,3027,0,2021-10-21,Severe
803556,703204,3015,1,2023-11-14,Severe
803557,705375,3027,1,2024-10-09,Critical
803558,702225,3017,0,2025-11-13,Mild
803559,706235,3001,0,2024-07-04,Moderate
803560,700912,3007,0,2021-08-27,Mild
803561,703095,3019,0,2023-07-02,Severe
803562,700751,3017,0,2023-04-28,Mild
803563,703098,3007,0,2021-05-05,Moderate
803564,704211,3032,1,2022-02-08,Mild
803565,704890,3025,0,2025-02-03,Critical
803566,704983,3025,0,2021-03-12,Moderate
803567,705529,3017,1,2024-11-28,Moderate
803568,704010,3011,0,2022-06-22,Moderate
803569,704811,3020,0,2022-05-02,Severe
803570,705965,3006,0,2025-01-17,Critical
803571,703236,3003,0,2021-02-25,Critical
803572,703423,3027,0,2022-03-30,Mild
803573,702419,3003,0,2023-08-31,Moderate
803574,700278,3010,0,2025-05-22,Moderate
803575,702660,3010,0,2025-12-30,Mild
803576,700389,3031,0,2022-05-17,Moderate
803577,700915,3006,0,2022-08-23,Severe
803578,700471,3024,1,2021-04-15,Severe
803579,700317,3015,0,2023-02-24,Moderate
803580,702390,3015,0,2023-03-03,Mild
803581,703935,3003,0,2023-03-12,Severe
803582,705269,3034,1,2021-09-21,Mild
803583,704419,3019,0,2025-10-11,Moderate
803584,705173,3030,0,2023-06-02,Moderate
803585,703772,3034,0,2024-12-05,Mild
803586,700331,3021,0,2024-01-14,Mild
803587,702602,3003,1,2023-09-20,Mild
803588,700640,3033,0,2025-11-02,Moderate
803589,705081,3017,0,2021-03-12,Moderate
803590,702247,3034,0,2021-09-23,Moderate
803591,705855,3034,0,2023-05-02,Mild
803592,705323,3019,1,2024-11-18,Moderate
803593,704289,3001,0,2023-10-31,Severe
803594,701742,3007,0,2022-07-06,Moderate
803595,704375,3022,0,2023-09-18,Severe
803596,703883,3033,0,2023-02-05,Severe
803597,704421,3006,0,2024-02-08,Critical
803598,702600,3003,1,2023-06-03,Mild
803599,704408,3035,0,2021-11-22,Moderate
803600,703141,3016,1,2021-10-03,Mild
803601,704674,3026,0,2025-08-14,Moderate
803602,702558,3034,0,2023-09-02,Critical
803603,704166,3035,0,2022-12-01,Mild
803604,705457,3005,1,2024-01-25,Mild
803605,704229,3018,1,2025-03-28,Critical
803606,703918,3024,1,2022-08-19,Mild
803607,700740,3030,0,2021-06-22,Moderate
803608,701340,3015,0,2021-08-21,Moderate
803609,700750,3018,0,2024-02-01,Severe
803610,704956,3016,0,2025-03-11,Mild
803611,700512,3018,1,2021-02-09,Mild
803612,702124,3027,0,2022-03-03,Moderate
803613,703425,3001,0,2021-10-16,Mild
803614,704136,3011,0,2025-03-31,Mild
803615,702328,3010,1,2023-12-06,Mild
803616,703602,3009,1,2022-03-02,Severe
803617,700634,3017,0,2023-04-17,Moderate
803618,704171,3035,0,2023-12-23,Moderate
803619,702798,3035,1,2021-08-30,Mild
803620,705849,3010,0,2023-02-11,Moderate
803621,705885,3033,0,2025-06-24,Moderate
803622,706483,3015,0,2022-04-21,Critical
803623,702500,3009,0,2025-07-09,Moderate
803624,704030,3009,0,2023-09-11,Moderate
803625,705895,3027,0,2025-03-18,Mild
803626,702514,3022,0,2022-05-15,Severe
803627,702319,3032,1,2021-12-01,Moderate
803628,701648,3017,0,2021-11-14,Moderate
803629,705314,3001,1,2025-04-19,Mild
803630,701385,3014,0,2022-12-29,Severe
803631,703236,3031,0,2021-12-10,Severe
803632,703131,3008,1,2024-03-05,Mild
803633,702845,3013,0,2022-09-19,Severe
803634,701433,3005,0,2021-03-27,Moderate
803635,705559,3028,1,2022-10-12,Severe
803636,706165,3004,1,2023-11-14,Moderate
803637,703505,3029,0,2025-08-19,Mild
803638,705132,3011,0,2025-07-29,Mild
803639,705113,3032,0,2021-07-27,Moderate
803640,704616,3014,0,2021-08-26,Mild
803641,704521,3003,1,2025-03-26,Moderate
803642,703096,3007,1,2021-12-30,Mild
803643,700932,3028,0,2021-11-14,Severe
803644,705378,3033,0,2021-06-17,Mild
803645,705533,3018,0,2022-07-07,Moderate
803646,705630,3029,1,2024-12-09,Moderate
803647,701625,3021,0,2025-12-25,Mild
803648,702567,3034,1,2021-11-04,Mild
803649,701775,3031,0,2024-06-18,Moderate
803650,701832,3014,1,2025-01-11,Moderate
803651,704026,3018,1,2023-12-19,Mild
803652,703428,3026,1,2023-10-08,Mild
803653,702955,3025,0,2021-12-06,Severe
803654,701949,3002,0,2023-05-02,Mild
803655,702559,3033,1,2022-10-20,Moderate
803656,704113,3022,0,2025-03-27,Severe
803657,705773,3021,1,2024-03-23,Severe
803658,702057,3002,0,2022-07-02,Moderate
803659,704062,3031,0,2023-03-19,Moderate
803660,702730,3006,0,2025-03-02,Moderate
803661,706165,3006,0,2024-07-22,Mild
803662,701079,3029,0,2021-12-12,Severe
803663,702083,3023,0,2025-03-06,Mild
803664,705851,3034,0,2021-08-18,Moderate
803665,701448,3007,0,2021-02-20,Severe
803666,701113,3005,1,2025-12-20,Critical
803667,702828,3030,1,2021-05-24,Moderate
803668,705631,3003,1,2021-05-17,Mild
803669,700712,3015,0,2025-12-27,Mild
803670,704509,3008,0,2023-10-04,Mild
803671,703205,3031,0,2023-05-29,Moderate
803672,703004,3023,0,2023-12-22,Moderate
803673,701766,3016,0,2024-05-04,Moderate
803674,705011,3015,0,2025-11-15,Mild
803675,704003,3026,0,2025-10-09,Mild
803676,703886,3029,0,2022-04-24,Mild
803677,705806,3019,0,2025-08-29,Moderate
803678,700685,3009,0,2024-09-27,Moderate
803679,700551,3032,0,2021-12-06,Severe
803680,702473,3020,0,2023-05-11,Moderate
803681,701391,3011,0,2025-03-07,Severe
803682,703439,3034,0,2024-11-29,Severe
803683,700857,3032,0,2021-02-06,Severe
803684,705394,3001,1,2025-08-07,Mild
803685,702235,3032,0,2021-07-24,Mild
803686,700087,3004,1,2022-11-09,Severe
803687,702046,3004,0,2024-09-21,Mild
803688,701512,3023,0,2025-07-29,Mild
803689,703230,3025,1,2025-04-11,Mild
803690,700833,3035,1,2023-03-16,Severe
803691,703034,3019,0,2021-06-29,Moderate
803692,705588,3021,1,2022-12-05,Mild
803693,706313,3020,0,2025-04-04,Severe
803694,701847,3015,0,2025-07-03,Moderate
803695,701467,3032,0,2021-03-17,Moderate
803696,705165,3033,0,2024-02-29,Severe
803697,702900,3005,0,2023-08-16,Moderate
803698,703063,3006,0,2023-04-18,Moderate
803699,705443,3034,0,2021-12-28,Mild
803700,706141,3001,0,2021-03-03,Moderate
803701,706141,3015,0,2022-08-03,Moderate
803702,703922,3001,0,2025-04-06,Mild
803703,703047,3019,1,2022-12-28,Mild
803704,705322,3022,1,2022-03-17,Mild
803705,704372,3026,1,2023-09-23,Severe
803706,700151,3006,1,2023-05-29,Moderate
803707,706336,3002,0,2023-09-16,Moderate
803708,705512,3035,0,2025-01-26,Moderate
803709,703813,3013,1,2022-01-25,Moderate
803710,700374,3021,0,2022-03-26,Mild
803711,706204,3026,1,2023-04-06,Moderate
803712,703716,3004,0,2021-07-10,Moderate
803713,700156,3035,0,2023-04-13,Moderate
803714,705651,3004,1,2022-11-28,Mild
803715,703718,3029,0,2023-10-19,Mild
803716,703059,3024,0,2022-05-14,Moderate
803717,700538,3023,0,2022-07-03,Mild
803718,705928,3002,0,2025-03-21,Mild
803719,705093,3010,0,2024-04-09,Moderate
803720,702422,3005,0,2022-09-01,Severe
803721,701427,3020,0,2022-10-02,Mild
803722,700605,3003,0,2025-03-01,Moderate
803723,702043,3016,0,2022-01-16,Mild
803724,702709,3003,0,2025-09-01,Moderate
803725,703589,3029,1,2024-05-18,Severe
803726,700401,3028,1,2024-04-14,Severe
803727,700934,3030,0,2023-10-07,Moderate
803728,705438,3001,0,2024-12-23,Mild
803729,705236,3011,1,2023-09-21,Moderate
803730,700680,3008,0,2025-10-15,Severe
803731,703702,3026,1,2022-02-22,Moderate
803732,706303,3016,0,2023-11-24,Severe
803733,700866,3027,0,2025-07-08,Mild
803734,705113,3028,0,2022-12-13,Moderate
803735,704634,3013,0,2023-12-27,Moderate
803736,702502,3033,1,2025-08-11,Moderate
803737,701567,3017,0,2024-12-23,Mild
803738,701036,3033,0,2024-10-30,Mild
803739,702959,3021,0,2024-08-26,Moderate
803740,705946,3016,0,2023-01-12,Moderate
803741,704993,3007,0,2023-01-04,Moderate
803742,702494,3031,1,2022-03-31,Critical
803743,706203,3026,1,2023-02-26,Mild
803744,702266,3016,0,2024-03-03,Moderate
803745,701061,3016,0,2023-05-17,Moderate
803746,701798,3022,0,2023-02-28,Mild
803747,701560,3017,0,2021-05-28,Mild
803748,705167,3032,0,2024-03-12,Mild
803749,703008,3025,0,2025-06-30,Mild
803750,702596,3024,0,2024-09-17,Moderate
803751,701516,3009,1,2025-01-14,Mild
803752,700083,3004,0,2022-09-24,Severe
803753,702898,3031,0,2024-01-14,Severe
803754,704326,3006,1,2023-01-21,Mild
803755,705200,3029,1,2025-04-28,Moderate
803756,703083,3001,0,2022-07-20,Severe
803757,705498,3009,0,2022-12-12,Mild
803758,704688,3001,1,2021-03-03,Moderate
803759,703465,3002,1,2025-07-31,Severe
803760,703031,3005,0,2021-02-20,Moderate
803761,701098,3030,1,2024-09-25,Moderate
803762,702778,3011,0,2022-10-12,Mild
803763,700621,3018,0,2024-04-26,Mild
803764,702542,3034,1,2024-09-16,Moderate
803765,700167,3006,0,2024-04-07,Mild
803766,705955,3025,0,2022-04-24,Moderate
803767,703924,3025,1,2021-05-02,Severe
803768,702129,3008,0,2024-08-11,Critical
803769,702158,3025,0,2024-01-06,Moderate
803770,700431,3019,0,2022-01-30,Mild
803771,702076,3033,0,2021-03-20,Severe
803772,704993,3027,0,2025-05-04,Moderate
803773,705668,3030,0,2025-08-14,Mild
803774,704057,3031,0,2023-06-03,Critical
803775,703425,3033,0,2023-01-05,Severe
803776,702610,3026,0,2025-02-01,Moderate
803777,705461,3016,1,2021-04-06,Mild
803778,704830,3026,0,2023-04-01,Moderate
803779,702381,3031,1,2022-10-23,Moderate
803780,704007,3031,0,2022-01-19,Mild
803781,703200,3035,1,2023-04-22,Mild
803782,700690,3004,1,2022-12-22,Mild
803783,700693,3008,0,2023-03-28,Severe
803784,700902,3006,1,2024-08-17,Mild
803785,701674,3016,1,2021-08-15,Critical
803786,704880,3016,1,2023-03-10,Mild
803787,705837,3014,1,2025-07-05,Mild
803788,704118,3006,0,2023-03-01,Moderate
803789,701114,3018,0,2023-11-11,Moderate
803790,702309,3032,1,2021-02-21,Mild
803791,705854,3033,0,2021-04-29,Severe
803792,701445,3032,0,2021-07-02,Mild
803793,704694,3015,0,2023-10-07,Mild
803794,700435,3026,0,2022-11-08,Moderate
803795,700349,3031,0,2023-11-10,Mild
803796,701796,3003,0,2021-04-22,Mild
803797,705576,3028,0,2022-04-25,Mild
803798,701307,3030,0,2021-03-08,Critical
803799,701847,3035,0,2025-05-26,Moderate
803800,705612,3026,1,2022-09-23,Mild
803801,704871,3007,0,2025-04-30,Mild
803802,703261,3002,0,2024-10-20,Moderate
803803,706212,3029,0,2025-09-05,Mild
803804,706170,3021,0,2023-09-14,Moderate
803805,704155,3004,0,2024-02-03,Mild
803806,700077,3014,0,2021-12-01,Moderate
803807,706347,3006,0,2022-10-15,Severe
803808,701319,3019,0,2024-05-06,Severe
803809,702082,3010,0,2021-09-30,Moderate
803810,700635,3007,0,2021-05-17,Severe
803811,700085,3026,0,2023-01-18,Severe
803812,702980,3032,0,2021-05-01,Mild
803813,702025,3016,1,2025-07-11,Mild
803814,702242,3025,1,2025-02-11,Mild
803815,705337,3024,1,2025-04-26,Mild
803816,706496,3024,0,2023-01-15,Mild
803817,703009,3002,1,2023-08-18,Moderate
803818,704449,3004,0,2023-12-28,Mild
803819,701933,3026,0,2025-11-02,Mild
803820,700294,3010,0,2023-03-08,Critical
803821,705462,3033,0,2022-06-10,Severe
803822,704011,3016,0,2025-07-26,Mild
803823,705417,3021,0,2024-08-29,Mild
803824,703527,3005,0,2023-10-10,Moderate
803825,700770,3006,1,2021-08-03,Moderate
803826,702945,3026,1,2022-07-21,Mild
803827,700019,3019,0,2024-09-13,Severe
803828,705776,3015,0,2022-06-28,Mild
803829,706178,3023,0,2024-03-13,Severe
803830,703805,3019,1,2023-03-18,Severe
803831,705320,3014,0,2021-07-18,Mild
803832,702827,3018,0,2025-04-05,Moderate
803833,702372,3021,1,2021-11-19,Mild
803834,700947,3025,0,2022-12-18,Severe
803835,702786,3003,1,2022-08-27,Moderate
803836,700689,3017,0,2025-05-05,Moderate
803837,703479,3015,0,2021-07-29,Mild
803838,703714,3014,1,2022-11-20,Mild
803839,703297,3035,0,2021-04-28,Moderate
803840,701206,3015,0,2022-04-22,Moderate
803841,702125,3022,0,2021-02-09,Moderate
803842,703526,3013,0,2022-05-16,Mild
803843,701294,3016,0,2024-12-04,Mild
803844,700639,3017,0,2024-05-07,Mild
803845,705210,3017,1,2025-11-25,Severe
803846,701100,3006,0,2021-08-15,Mild
803847,705309,3028,1,2025-12-19,Moderate
803848,703036,3024,0,2021-01-26,Severe
803849,704009,3008,0,2025-04-08,Moderate
803850,702182,3024,0,2025-02-06,Mild
803851,703814,3004,0,2025-09-08,Severe
803852,702809,3032,0,2021-10-01,Mild
803853,702284,3003,0,2024-05-16,Moderate
803854,703972,3024,1,2024-01-04,Severe
803855,701864,3027,0,2022-03-12,Moderate
803856,706316,3023,0,2022-02-05,Mild
803857,701119,3021,1,2024-11-22,Mild
803858,703296,3020,0,2025-06-05,Critical
803859,705892,3003,0,2025-07-25,Mild
803860,702588,3019,0,2023-06-26,Mild
803861,701159,3001,0,2024-11-13,Moderate
803862,702697,3021,1,2025-05-14,Moderate
803863,700821,3010,0,2021-05-30,Moderate
803864,706369,3030,0,2021-06-30,Mild
803865,704115,3029,1,2025-04-05,Mild
803866,701680,3003,0,2021-06-02,Moderate
803867,706275,3012,0,2025-08-12,Severe
803868,700774,3029,0,2023-03-19,Mild
803869,702150,3005,1,2021-02-20,Severe
803870,700882,3020,0,2024-03-28,Mild
803871,701334,3013,0,2024-03-14,Mild
803872,703170,3003,0,2023-07-09,Mild
803873,705402,3018,0,2022-07-16,Moderate
803874,701058,3008,0,2021-01-20,Moderate
803875,700265,3015,1,2025-12-13,Mild
803876,701912,3017,0,2025-09-14,Mild
803877,702465,3033,0,2024-11-11,Moderate
803878,705948,3016,0,2024-02-24,Mild
803879,703475,3004,0,2022-11-11,Moderate
803880,701319,3022,0,2023-06-09,Severe
803881,705126,3006,0,2024-06-29,Mild
803882,702048,3015,1,2025-12-16,Moderate
803883,701303,3005,0,2024-06-14,Severe
803884,705689,3015,1,2021-09-04,Moderate
803885,705229,3029,0,2025-02-07,Moderate
803886,700649,3020,0,2023-10-25,Severe
803887,702010,3019,0,2025-11-04,Moderate
803888,701785,3003,0,2021-10-30,Moderate
803889,702830,3034,0,2022-05-31,Mild
803890,700785,3032,1,2025-02-02,Mild
803891,702500,3030,0,2022-02-07,Moderate
803892,704207,3033,0,2024-09-11,Mild
803893,702382,3035,1,2023-04-13,Moderate
803894,703096,3019,0,2025-11-09,Moderate
803895,702573,3001,1,2025-06-16,Severe
803896,705691,3016,0,2022-02-05,Mild
803897,706117,3001,1,2025-12-16,Mild
803898,706337,3026,0,2024-12-20,Moderate
803899,705158,3027,1,2023-10-11,Mild
803900,705985,3025,0,2022-01-19,Mild
803901,702705,3019,0,2025-07-21,Mild
803902,705774,3009,0,2022-10-17,Moderate
803903,702513,3030,0,2025-08-17,Moderate
803904,700942,3011,0,2023-07-24,Mild
803905,703216,3029,1,2024-03-22,Mild
803906,702631,3035,1,2021-02-23,Moderate
803907,700076,3017,0,2025-07-04,Mild
803908,700023,3028,0,2025-03-01,Moderate
803909,701512,3034,1,2024-09-10,Severe
803910,704843,3002,1,2022-10-09,Critical
803911,701274,3013,0,2025-11-21,Critical
803912,702982,3021,1,2025-04-16,Mild
803913,704126,3023,0,2025-03-19,Moderate
803914,704630,3003,1,2024-04-20,Severe
803915,700513,3012,0,2023-05-16,Severe
803916,701148,3019,1,2023-12-13,Mild
803917,705571,3005,1,2021-01-23,Severe
803918,703688,3034,0,2025-08-07,Moderate
803919,702600,3033,0,2023-04-18,Severe
803920,705889,3033,0,2024-04-01,Moderate
803921,703557,3009,0,2024-10-09,Moderate
803922,703172,3028,0,2023-01-27,Mild
803923,705734,3003,0,2023-11-16,Mild
803924,705932,3030,0,2021-08-28,Moderate
803925,700689,3021,0,2025-01-19,Moderate
803926,706129,3019,0,2023-05-06,Mild
803927,704720,3032,0,2023-08-11,Moderate
803928,704478,3026,0,2023-04-30,Moderate
803929,702784,3003,1,2024-08-24,Moderate
803930,705139,3011,0,2023-12-03,Moderate
803931,702325,3025,0,2024-04-15,Mild
803932,704054,3010,0,2022-07-25,Mild
803933,705139,3001,0,2023-10-10,Moderate
803934,701692,3007,0,2021-08-10,Mild
803935,705088,3017,0,2025-06-28,Severe
803936,700858,3033,0,2024-06-23,Moderate
803937,706405,3030,1,2024-06-08,Moderate
803938,700524,3031,1,2023-05-19,Moderate
803939,703565,3027,0,2025-03-22,Moderate
803940,705371,3031,0,2021-09-24,Moderate
803941,704945,3026,1,2022-02-18,Moderate
803942,702059,3018,0,2024-05-12,Mild
803943,701119,3009,0,2023-05-26,Severe
803944,701833,3028,0,2025-04-04,Severe
803945,706202,3023,0,2025-04-24,Moderate
803946,700112,3007,0,2023-06-13,Severe
803947,703680,3026,1,2021-02-24,Mild
803948,703338,3021,0,2025-11-04,Mild
803949,700935,3032,0,2024-01-29,Mild
803950,702044,3029,0,2023-10-13,Moderate
803951,702662,3035,0,2025-03-02,Severe
803952,701203,3027,0,2023-07-27,Moderate
803953,704653,3004,0,2024-02-12,Mild
803954,703959,3031,0,2021-04-30,Moderate
803955,702630,3011,0,2024-12-01,Mild
803956,703811,3034,1,2023-05-09,Mild
803957,700459,3013,1,2022-02-13,Mild
803958,703858,3001,0,2025-12-14,Mild
803959,702785,3020,0,2024-09-30,Moderate
803960,700041,3034,1,2022-09-12,Moderate
803961,703277,3031,0,2023-12-14,Moderate
803962,700197,3027,0,2023-04-02,Moderate
803963,702741,3027,0,2023-12-18,Mild
803964,701472,3026,1,2021-05-27,Moderate
803965,705604,3015,0,2025-01-12,Moderate
803966,703630,3027,0,2023-04-04,Moderate
803967,704932,3001,0,2025-07-30,Critical
803968,700559,3027,0,2025-12-19,Moderate
803969,704888,3009,0,2022-11-02,Mild
803970,706250,3030,0,2021-05-02,Severe
803971,702133,3012,0,2023-01-11,Mild
803972,701594,3009,1,2025-11-25,Severe
803973,703817,3004,0,2021-07-10,Mild
803974,704891,3031,1,2022-06-10,Mild
803975,703376,3003,0,2022-07-19,Moderate
803976,704393,3017,1,2021-08-19,Mild
803977,700330,3034,0,2023-04-24,Moderate
803978,701195,3032,0,2023-10-04,Mild
803979,702609,3002,0,2021-10-05,Moderate
803980,701201,3011,0,2021-09-23,Mild
803981,700390,3008,1,2021-07-08,Severe
803982,703888,3035,1,2024-09-17,Moderate
803983,702009,3027,0,2025-05-03,Moderate
803984,700583,3029,0,2022-10-23,Moderate
803985,706399,3009,0,2024-10-04,Moderate
803986,702226,3009,0,2024-03-12,Mild
803987,706358,3017,1,2025-02-15,Moderate
803988,703678,3002,0,2022-12-14,Severe
803989,700342,3022,1,2022-05-30,Moderate
803990,702199,3017,0,2023-12-09,Severe
803991,703276,3002,0,2023-11-13,Mild
803992,702626,3024,0,2022-01-12,Moderate
803993,705390,3026,1,2025-08-02,Mild
803994,701353,3017,0,2021-10-05,Severe
803995,706253,3003,1,2022-08-13,Moderate
803996,702282,3022,1,2024-11-18,Moderate
803997,703418,3033,1,2021-06-29,Mild
803998,703579,3006,0,2022-09-02,Severe
803999,705405,3012,0,2021-03-27,Severe
804000,705765,3017,0,2023-03-31,Moderate
804001,702774,3033,0,2023-07-09,Severe
804002,703259,3025,0,2023-07-13,Severe
804003,700861,3032,1,2024-03-17,Severe
804004,705197,3014,0,2024-08-05,Moderate
804005,701170,3032,0,2021-02-06,Mild
804006,702119,3032,0,2024-11-19,Mild
804007,706333,3006,0,2024-08-27,Severe
804008,702416,3030,1,2021-06-03,Moderate
804009,703888,3034,0,2024-05-26,Severe
804010,700853,3012,0,2025-11-23,Mild
804011,702268,3021,0,2024-09-10,Moderate
804012,705932,3009,0,2022-05-11,Mild
804013,702935,3013,0,2022-10-12,Moderate
804014,702470,3013,1,2023-02-11,Mild
804015,704853,3019,0,2021-01-08,Moderate
804016,700643,3007,0,2024-07-13,Critical
804017,704605,3033,0,2021-08-10,Moderate
804018,701142,3011,0,2022-12-10,Severe
804019,700156,3010,1,2024-05-26,Moderate
804020,705227,3014,0,2022-11-13,Mild
804021,701441,3011,0,2024-04-29,Moderate
804022,703954,3021,0,2024-06-23,Critical
804023,700505,3011,0,2022-05-29,Mild
804024,705561,3027,1,2021-02-04,Moderate
804025,703835,3024,0,2022-10-13,Moderate
804026,701893,3001,0,2021-08-15,Moderate
804027,701669,3014,0,2023-04-29,Mild
804028,702276,3027,1,2024-06-28,Severe
804029,703304,3010,1,2025-01-18,Severe
804030,706152,3032,0,2022-07-15,Mild
804031,705058,3011,0,2022-05-02,Moderate
804032,700300,3030,1,2021-07-03,Severe
804033,703499,3015,0,2024-06-29,Critical
804034,705993,3001,0,2025-02-28,Mild
804035,702385,3022,0,2023-06-27,Mild
804036,702180,3010,0,2022-11-16,Severe
804037,706163,3030,0,2022-01-12,Moderate
804038,704770,3024,0,2022-07-13,Critical
804039,703262,3007,0,2022-08-09,Moderate
804040,705713,3033,0,2021-01-22,Moderate
804041,704441,3012,0,2021-12-17,Mild
804042,700645,3014,0,2024-06-23,Critical
804043,703700,3017,0,2022-12-25,Moderate
804044,700337,3009,0,2025-10-10,Moderate
804045,703130,3024,0,2024-04-21,Moderate
804046,702960,3010,0,2023-09-20,Moderate
804047,701104,3026,0,2025-12-13,Severe
804048,706086,3004,0,2021-01-04,Moderate
804049,705862,3004,0,2024-12-27,Mild
804050,703303,3027,0,2021-10-11,Mild
804051,701783,3015,0,2021-08-07,Critical
804052,700594,3015,0,2022-04-05,Severe
804053,706382,3012,0,2024-02-17,Critical
804054,705750,3031,0,2021-07-26,Mild
804055,702051,3012,1,2021-02-08,Moderate
804056,700786,3035,0,2023-04-09,Mild
804057,706260,3010,0,2021-08-05,Moderate
804058,701646,3020,0,2024-12-01,Mild
804059,700647,3023,1,2022-05-15,Moderate
804060,700203,3024,0,2024-09-08,Mild
804061,703375,3016,0,2023-07-10,Mild
804062,700655,3003,1,2024-03-17,Mild
804063,705694,3007,0,2022-08-12,Moderate
804064,701102,3003,0,2023-07-03,Mild
804065,704631,3026,0,2024-06-14,Moderate
804066,704772,3015,0,2023-02-11,Moderate
804067,706422,3002,1,2021-04-16,Moderate
804068,700280,3012,1,2024-08-26,Severe
804069,701179,3031,0,2022-01-02,Mild
804070,705137,3006,0,2022-08-12,Moderate
804071,701687,3032,0,2021-03-03,Moderate
804072,706471,3007,1,2021-01-15,Severe
804073,705760,3032,1,2023-07-07,Moderate
804074,704221,3025,0,2022-06-18,Mild
804075,702738,3015,0,2021-07-02,Critical
804076,700378,3019,0,2022-06-04,Severe
804077,700818,3020,0,2023-03-03,Critical
804078,704090,3020,1,2024-11-22,Moderate
804079,703711,3014,0,2022-08-26,Severe
804080,705541,3026,0,2025-02-21,Severe
804081,706015,3006,1,2025-08-09,Moderate
804082,703471,3007,1,2025-06-07,Mild
804083,705230,3010,1,2021-06-30,Moderate
804084,702104,3026,0,2023-11-04,Moderate
804085,704050,3009,1,2021-03-12,Severe
804086,704920,3004,1,2025-08-03,Moderate
804087,703012,3023,0,2024-01-05,Mild
804088,702091,3011,0,2022-03-25,Mild
804089,703670,3025,0,2021-10-10,Moderate
804090,700660,3033,0,2025-10-22,Moderate
804091,701804,3008,0,2024-08-08,Moderate
804092,703452,3011,0,2022-04-15,Moderate
804093,700877,3030,1,2021-07-09,Severe
804094,701251,3022,1,2023-02-19,Moderate
804095,700730,3003,1,2024-09-07,Moderate
804096,701294,3035,0,2023-09-01,Moderate
804097,706380,3006,0,2024-05-10,Moderate
804098,703284,3020,1,2025-02-17,Moderate
804099,705220,3013,1,2021-11-19,Mild
804100,701612,3029,0,2021-02-09,Moderate
804101,705309,3030,0,2022-02-09,Moderate
804102,700353,3021,1,2023-01-16,Moderate
804103,700637,3020,0,2024-09-22,Moderate
804104,705336,3019,0,2021-03-13,Moderate
804105,705065,3025,0,2021-12-27,Moderate
804106,704504,3034,0,2025-04-06,Moderate
804107,704293,3004,0,2022-05-22,Mild
804108,700591,3013,0,2024-12-27,Critical
804109,700949,3003,0,2022-02-13,Critical
804110,702807,3011,0,2022-12-31,Mild
804111,706420,3020,0,2022-10-05,Moderate
804112,702874,3034,0,2022-08-20,Severe
804113,701871,3008,1,2022-01-28,Critical
804114,705846,3014,0,2024-02-10,Severe
804115,702630,3023,1,2022-10-31,Severe
804116,703430,3006,0,2021-07-22,Moderate
804117,705025,3008,0,2025-01-24,Severe
804118,703517,3014,0,2023-10-06,Moderate
804119,702699,3022,0,2024-07-24,Moderate
804120,702524,3022,1,2024-05-03,Severe
804121,702691,3026,1,2024-07-02,Mild
804122,700878,3011,0,2021-02-18,Severe
804123,701693,3014,0,2024-01-20,Moderate
804124,704472,3018,0,2023-02-08,Severe
804125,704107,3008,1,2025-01-09,Mild
804126,704965,3011,0,2023-05-10,Severe
804127,703836,3034,0,2023-07-09,Moderate
804128,703767,3002,0,2023-08-07,Mild
804129,701643,3018,0,2024-11-05,Moderate
804130,704658,3012,1,2022-08-06,Mild
804131,705775,3003,0,2021-10-18,Moderate
804132,706276,3021,1,2025-11-13,Moderate
804133,702336,3019,0,2022-03-22,Moderate
804134,704532,3004,0,2023-10-29,Moderate
804135,703307,3034,0,2025-02-14,Mild
804136,701854,3014,0,2023-08-17,Severe
804137,705834,3026,1,2023-08-04,Mild
804138,704702,3028,0,2022-01-28,Severe
804139,706033,3017,0,2023-04-20,Moderate
804140,703717,3020,0,2024-11-02,Critical
804141,703400,3016,0,2022-09-24,Mild
804142,706141,3027,0,2025-10-31,Severe
804143,701406,3019,0,2023-11-09,Moderate
804144,701768,3022,1,2024-12-04,Severe
804145,702798,3003,0,2021-05-25,Mild
804146,705445,3032,0,2021-12-28,Moderate
804147,705201,3013,0,2024-12-12,Moderate
804148,701511,3013,1,2021-02-07,Mild
804149,706183,3026,1,2022-11-22,Severe
804150,701770,3035,0,2023-11-12,Severe
804151,700987,3014,1,2025-07-28,Moderate
804152,701824,3035,0,2021-12-06,Mild
804153,700903,3020,1,2023-09-30,Moderate
804154,701878,3010,0,2024-09-01,Moderate
804155,702892,3020,0,2025-01-23,Mild
804156,706322,3023,0,2023-08-27,Mild
804157,701112,3009,1,2023-06-15,Mild
804158,700305,3011,0,2024-01-20,Severe
804159,704011,3016,1,2023-06-01,Moderate
804160,703527,3021,0,2023-09-05,Severe
804161,701489,3012,1,2021-01-20,Moderate
804162,702324,3005,0,2023-05-29,Severe
804163,703547,3002,1,2023-12-12,Severe
804164,703373,3016,0,2025-12-25,Mild
804165,700458,3008,0,2023-08-08,Critical
804166,700966,3018,0,2021-06-25,Mild
804167,705040,3006,0,2024-11-01,Moderate
804168,704000,3031,0,2024-04-15,Moderate
804169,705113,3004,0,2022-05-25,Mild
804170,704232,3013,0,2022-03-14,Mild
804171,703323,3024,0,2022-09-16,Mild
804172,705164,3010,0,2023-08-12,Mild
804173,701342,3012,0,2022-08-08,Moderate
804174,704204,3003,0,2025-05-02,Critical
804175,702387,3018,0,2024-03-28,Moderate
804176,705203,3030,0,2023-09-10,Severe
804177,702838,3025,0,2023-11-25,Mild
804178,701443,3001,0,2022-12-27,Moderate
804179,701286,3006,1,2024-05-11,Mild
804180,705217,3034,1,2025-04-04,Moderate
804181,704914,3015,0,2025-02-11,Critical
804182,700889,3014,0,2023-08-20,Mild
804183,700061,3006,0,2021-05-12,Mild
804184,704658,3002,0,2024-04-11,Moderate
804185,706220,3006,0,2021-01-08,Mild
804186,703749,3031,0,2024-07-22,Severe
804187,701255,3012,0,2021-09-06,Severe
804188,703645,3001,1,2024-05-10,Mild
804189,702547,3035,0,2022-04-04,Moderate
804190,703851,3023,1,2021-11-20,Severe
804191,700336,3019,0,2025-02-04,Mild
804192,704092,3006,1,2025-04-30,Moderate
804193,703139,3002,1,2024-01-06,Mild
804194,702518,3023,1,2021-12-12,Moderate
804195,703130,3028,0,2025-05-25,Moderate
804196,704047,3022,0,2023-01-03,Critical
804197,706499,3002,0,2024-01-02,Moderate
804198,705716,3017,0,2025-02-11,Moderate
804199,700427,3035,0,2021-09-13,Moderate
804200,702244,3011,1,2023-03-15,Moderate
804201,704445,3022,1,2023-03-09,Critical
804202,705332,3009,0,2022-05-27,Mild
804203,703101,3002,1,2022-11-15,Moderate
804204,700142,3006,1,2025-12-11,Moderate
804205,703457,3011,0,2025-03-20,Critical
804206,704882,3011,1,2021-09-12,Severe
804207,701295,3022,0,2023-02-24,Severe
804208,704185,3005,0,2024-06-09,Mild
804209,701293,3025,1,2024-12-15,Severe
804210,705752,3006,0,2022-12-09,Severe
804211,702529,3009,0,2023-12-09,Moderate
804212,704632,3003,1,2023-12-02,Mild
804213,705538,3026,0,2021-12-21,Moderate
804214,702443,3017,0,2025-01-15,Moderate
804215,705605,3015,0,2024-03-27,Mild
804216,705822,3003,0,2025-03-11,Mild
804217,703631,3029,1,2024-07-28,Moderate
804218,706169,3029,0,2022-01-10,Mild
804219,705225,3031,0,2022-08-02,Severe
804220,705536,3019,0,2022-03-21,Moderate
804221,705185,3006,0,2025-11-29,Moderate
804222,705149,3001,0,2021-03-14,Severe
804223,705142,3010,0,2023-09-13,Mild
804224,703660,3009,0,2025-02-12,Severe
804225,705136,3015,0,2024-02-27,Mild
804226,701936,3021,0,2023-08-10,Moderate
804227,705351,3028,0,2021-03-18,Moderate
804228,704324,3020,0,2023-04-09,Moderate
804229,703678,3033,1,2022-11-22,Moderate
804230,705885,3033,0,2023-04-27,Severe
804231,702812,3035,0,2021-12-19,Moderate
804232,704323,3004,1,2025-12-01,Moderate
804233,701460,3028,0,2022-08-17,Severe
804234,704383,3021,1,2024-01-05,Mild
804235,703619,3005,0,2025-12-25,Mild
804236,706262,3014,0,2021-05-01,Severe
804237,703506,3012,1,2022-11-16,Critical
804238,701393,3006,1,2024-02-24,Severe
804239,702014,3027,0,2023-10-09,Mild
804240,704057,3012,0,2024-07-23,Severe
804241,705655,3001,0,2021-12-30,Moderate
804242,703665,3006,0,2024-06-07,Moderate
804243,705864,3024,0,2024-09-13,Moderate
804244,700065,3017,1,2025-04-19,Moderate
804245,703958,3035,0,2025-09-15,Moderate
804246,705609,3005,0,2024-09-16,Mild
804247,703819,3009,1,2024-11-27,Mild
804248,703181,3016,0,2022-07-26,Moderate
804249,704923,3008,0,2021-05-18,Moderate
804250,704351,3018,0,2022-01-27,Severe
804251,702111,3031,1,2022-07-03,Mild
804252,706154,3018,0,2022-01-28,Moderate
804253,701071,3022,0,2021-01-04,Moderate
804254,700123,3024,0,2023-02-21,Mild
804255,700379,3020,0,2022-01-12,Mild
804256,704129,3020,0,2024-04-28,Moderate
804257,701030,3017,1,2024-03-24,Mild
804258,700533,3002,0,2021-09-11,Mild
804259,701839,3034,0,2024-01-29,Mild
804260,703486,3016,0,2024-07-22,Moderate
804261,704039,3027,0,2024-08-30,Moderate
804262,700533,3004,1,2025-11-23,Critical
804263,702022,3018,0,2025-12-20,Moderate
804264,702671,3010,1,2022-02-18,Mild
804265,703442,3002,1,2022-05-26,Moderate
804266,706317,3018,0,2023-01-16,Moderate
804267,702657,3031,0,2023-07-18,Mild
804268,703446,3026,1,2023-11-05,Severe
804269,702994,3012,0,2024-08-02,Mild
804270,705507,3003,0,2023-09-16,Mild
804271,701100,3030,0,2025-11-04,Mild
804272,704129,3018,0,2023-11-09,Mild
804273,702008,3013,0,2021-07-29,Mild
804274,704679,3003,0,2021-08-26,Mild
804275,703375,3004,1,2022-02-17,Moderate
804276,700182,3012,1,2024-11-25,Moderate
804277,704387,3011,0,2024-12-18,Mild
804278,703647,3011,0,2022-01-14,Mild
804279,702308,3021,0,2024-02-13,Severe
804280,704898,3023,0,2023-05-31,Mild
804281,703879,3017,1,2024-05-27,Moderate
804282,700726,3001,1,2024-12-23,Moderate
804283,703873,3032,1,2024-11-19,Moderate
804284,706393,3007,0,2024-08-18,Moderate
804285,702251,3014,0,2025-04-17,Moderate
804286,703690,3001,0,2021-10-11,Moderate
804287,701907,3009,0,2021-12-22,Mild
804288,704239,3030,0,2021-06-15,Moderate
804289,701116,3034,0,2022-04-19,Moderate
804290,701310,3026,0,2023-08-18,Mild
804291,704074,3017,0,2021-01-28,Mild
804292,702417,3022,0,2025-04-14,Mild
804293,702348,3019,0,2022-05-19,Mild
804294,706423,3013,0,2025-08-01,Moderate
804295,701348,3016,0,2023-04-06,Mild
804296,705582,3028,0,2024-10-19,Severe
804297,702520,3018,0,2021-02-03,Moderate
804298,704665,3012,1,2021-01-04,Mild
804299,700429,3017,1,2023-01-18,Severe
804300,703064,3019,1,2022-08-19,Moderate
804301,701252,3019,0,2023-08-25,Moderate
804302,702759,3024,0,2021-10-14,Severe
804303,703858,3027,0,2022-12-29,Mild
804304,703691,3001,0,2024-04-07,Moderate
804305,703245,3020,0,2025-03-02,Moderate
804306,705681,3026,0,2021-11-17,Mild
804307,705135,3003,1,2024-09-22,Mild
804308,702735,3012,1,2021-12-03,Mild
804309,705873,3033,0,2021-02-03,Severe
804310,700634,3024,0,2023-10-24,Mild
804311,706277,3020,0,2022-03-05,Severe
804312,700617,3022,0,2025-01-10,Mild
804313,703684,3015,0,2024-05-13,Moderate
804314,703518,3020,0,2023-04-01,Severe
804315,704564,3023,0,2025-04-01,Mild
804316,706474,3023,0,2023-05-03,Mild
804317,703777,3032,0,2022-09-12,Mild
804318,701630,3010,1,2025-06-24,Critical
804319,703923,3030,0,2021-03-19,Moderate
804320,704665,3019,0,2023-11-09,Severe
804321,702465,3031,0,2023-05-04,Moderate
804322,702530,3020,0,2022-11-07,Severe
804323,704514,3004,1,2023-11-07,Mild
804324,700152,3020,0,2025-12-03,Moderate
804325,702016,3009,1,2024-12-22,Moderate
804326,704900,3026,0,2022-04-25,Critical
804327,705648,3019,1,2023-10-27,Moderate
804328,703923,3027,0,2023-02-13,Mild
804329,703048,3019,0,2022-09-12,Severe
804330,704922,3032,1,2022-05-03,Severe
804331,700369,3010,0,2025-11-22,Moderate
804332,705123,3024,0,2024-10-04,Severe
804333,705073,3019,0,2021-05-10,Mild
804334,701311,3024,1,2023-08-28,Moderate
804335,705891,3014,0,2022-08-05,Moderate
804336,706284,3015,0,2023-06-22,Severe
804337,701190,3011,0,2024-12-09,Mild
804338,706318,3015,1,2024-01-01,Moderate
804339,701886,3022,0,2021-02-27,Moderate
804340,701512,3004,0,2022-06-05,Moderate
804341,703518,3024,1,2025-12-05,Mild
804342,702893,3026,0,2021-11-12,Mild
804343,701333,3005,0,2023-06-11,Mild
804344,702338,3012,0,2023-05-02,Mild
804345,705974,3002,1,2023-02-26,Moderate
804346,700888,3030,0,2022-09-22,Mild
804347,700457,3028,0,2025-09-09,Moderate
804348,705147,3005,0,2023-07-04,Severe
804349,704492,3027,0,2024-02-08,Moderate
804350,704464,3008,0,2025-11-30,Moderate
804351,703602,3033,0,2024-07-11,Severe
804352,701711,3014,0,2021-05-30,Moderate
804353,706089,3019,1,2024-09-25,Mild
804354,703929,3028,0,2023-10-25,Severe
804355,703358,3017,0,2022-02-14,Moderate
804356,706181,3030,0,2025-04-19,Moderate
804357,702346,3012,1,2021-05-01,Moderate
804358,704123,3007,0,2024-06-25,Moderate
804359,702967,3033,0,2023-09-26,Severe
804360,703782,3022,0,2022-04-11,Moderate
804361,702154,3031,1,2021-06-30,Severe
804362,704608,3025,0,2023-11-21,Mild
804363,702638,3024,0,2022-03-06,Mild
804364,700155,3032,1,2025-11-13,Severe
804365,702065,3023,0,2024-12-31,Mild
804366,704843,3030,0,2025-05-14,Moderate
804367,703195,3015,0,2025-12-17,Mild
804368,700774,3026,0,2022-09-09,Severe
804369,703534,3007,0,2022-10-12,Mild
804370,702042,3030,1,2024-12-04,Mild
804371,704179,3025,0,2021-02-06,Mild
804372,701674,3023,0,2021-12-12,Mild
804373,704269,3027,0,2022-11-21,Severe
804374,705888,3031,1,2022-01-14,Severe
804375,700799,3029,0,2023-01-07,Mild
804376,705373,3017,0,2024-02-07,Moderate
804377,704827,3007,0,2022-10-16,Moderate
804378,702023,3004,0,2021-11-01,Moderate
804379,703496,3035,0,2024-09-14,Severe
804380,704099,3018,1,2021-08-15,Moderate
804381,703247,3005,0,2023-08-18,Moderate
804382,704700,3033,0,2021-06-04,Moderate
804383,703440,3007,1,2025-03-10,Severe
804384,703045,3022,1,2024-05-06,Mild
804385,701675,3026,0,2023-12-22,Severe
804386,700203,3027,0,2023-03-03,Mild
804387,703315,3001,1,2021-12-16,Moderate
804388,702591,3013,0,2025-10-03,Moderate
804389,701327,3010,0,2023-07-11,Severe
804390,703755,3023,0,2024-11-16,Moderate
804391,700779,3012,0,2023-03-27,Severe
804392,701900,3015,0,2025-08-23,Moderate
804393,701592,3012,0,2021-12-10,Severe
804394,700774,3024,0,2021-07-13,Severe
804395,705452,3032,1,2024-06-17,Moderate
804396,701026,3026,0,2021-01-12,Severe
804397,701700,3016,1,2023-01-17,Mild
804398,701360,3035,0,2023-10-08,Mild
804399,701898,3016,0,2021-04-17,Mild
804400,700482,3018,0,2021-06-04,Moderate
804401,703777,3018,0,2022-08-16,Severe
804402,701661,3016,1,2021-02-13,Moderate
804403,703873,3015,0,2022-12-02,Severe
804404,706210,3023,0,2023-11-22,Mild
804405,703178,3035,1,2025-09-05,Moderate
804406,700776,3007,0,2022-01-16,Critical
804407,701244,3008,0,2021-10-16,Moderate
804408,706019,3005,0,2023-03-09,Severe
804409,702699,3029,0,2025-01-09,Moderate
804410,704353,3028,0,2022-02-23,Severe
804411,700170,3030,1,2024-06-29,Moderate
804412,702477,3026,0,2024-09-08,Mild
804413,703031,3013,0,2025-08-24,Mild
804414,701570,3017,0,2023-02-11,Moderate
804415,700107,3034,0,2021-07-26,Critical
804416,706176,3029,0,2022-03-16,Moderate
804417,702365,3007,0,2024-04-01,Moderate
804418,704317,3014,1,2025-01-31,Moderate
804419,702310,3016,1,2025-08-24,Severe
804420,702920,3015,0,2021-02-08,Mild
804421,705070,3007,0,2022-03-26,Moderate
804422,705070,3033,0,2022-04-30,Mild
804423,702145,3006,0,2022-03-10,Moderate
804424,700750,3001,0,2022-08-30,Severe
804425,700958,3023,1,2022-01-31,Mild
804426,704387,3035,1,2024-07-07,Mild
804427,705899,3006,0,2022-07-06,Moderate
804428,700910,3010,1,2024-06-28,Moderate
804429,700877,3015,0,2022-03-28,Mild
804430,701017,3005,1,2021-01-19,Moderate
804431,702586,3012,0,2023-11-20,Mild
804432,703824,3032,1,2023-10-21,Moderate
804433,702010,3005,0,2021-05-01,Moderate
804434,706440,3002,0,2025-09-18,Severe
804435,700591,3033,0,2021-02-20,Severe
804436,701278,3006,0,2024-05-10,Severe
804437,700604,3026,0,2021-05-30,Moderate
804438,704703,3026,0,2023-02-22,Mild
804439,705186,3008,1,2023-08-20,Moderate
804440,703222,3025,1,2022-07-12,Critical
804441,703497,3023,0,2021-03-11,Severe
804442,700315,3017,0,2023-06-29,Moderate
804443,706371,3016,0,2023-10-04,Severe
804444,703410,3027,1,2022-07-11,Moderate
804445,704844,3025,1,2025-04-16,Moderate
804446,703744,3032,0,2022-12-14,Moderate
804447,702851,3025,1,2025-04-24,Moderate
804448,704719,3032,1,2022-10-16,Critical
804449,701094,3019,1,2025-02-02,Mild
804450,703422,3022,0,2022-08-03,Mild
804451,702802,3019,0,2025-11-14,Mild
804452,703020,3011,0,2025-10-30,Mild
804453,703941,3022,0,2023-12-29,Moderate
804454,705640,3020,1,2023-01-16,Severe
804455,704917,3016,0,2021-01-17,Mild
804456,704118,3011,0,2023-04-16,Mild
804457,701678,3006,1,2023-02-21,Moderate
804458,705833,3003,0,2024-08-11,Moderate
804459,705153,3019,0,2025-05-18,Mild
804460,705008,3010,0,2022-02-08,Moderate
804461,706162,3032,0,2022-12-26,Moderate
804462,701054,3021,1,2022-06-24,Mild
804463,704472,3031,0,2022-06-26,Moderate
804464,703692,3006,0,2022-10-26,Mild
804465,702956,3004,1,2024-11-07,Moderate
804466,700014,3035,1,2025-04-23,Moderate
804467,704712,3013,0,2025-03-12,Severe
804468,701125,3012,0,2024-04-04,Moderate
804469,700222,3023,0,2024-06-19,Mild
804470,706357,3003,0,2025-07-07,Moderate
804471,700255,3017,0,2024-02-23,Severe
804472,703992,3022,1,2025-05-06,Moderate
804473,702573,3029,0,2024-10-19,Moderate
804474,705812,3027,0,2025-05-28,Moderate
804475,704596,3007,0,2025-11-04,Mild
804476,700494,3004,0,2022-04-17,Mild
804477,701405,3011,0,2023-02-13,Moderate
804478,703292,3033,0,2023-04-07,Moderate
804479,700081,3035,0,2025-07-30,Moderate
804480,701229,3028,0,2022-03-03,Moderate
804481,703563,3018,0,2022-07-13,Moderate
804482,700225,3006,1,2025-08-26,Mild
804483,703911,3023,1,2025-05-05,Moderate
804484,700837,3034,0,2024-02-20,Mild
804485,705884,3016,1,2021-05-30,Moderate
804486,703170,3023,0,2022-07-28,Moderate
804487,701779,3035,0,2024-04-07,Moderate
804488,703285,3006,0,2023-01-08,Mild
804489,703922,3024,0,2024-04-04,Moderate
804490,705326,3015,0,2021-01-31,Moderate
804491,702471,3009,1,2023-02-20,Severe
804492,704838,3008,0,2024-02-01,Critical
804493,700432,3033,1,2024-09-11,Severe
804494,700796,3026,0,2024-05-24,Mild
804495,703393,3017,0,2023-09-18,Severe
804496,702040,3031,0,2025-10-29,Moderate
804497,702829,3011,1,2025-09-25,Mild
804498,703939,3026,0,2022-04-18,Severe
804499,701656,3004,1,2021-10-31,Moderate
804500,702390,3008,0,2023-08-31,Severe
804501,703757,3024,1,2022-03-27,Moderate
804502,705123,3023,0,2022-04-21,Mild
804503,700751,3014,0,2023-11-22,Moderate
804504,703925,3019,1,2023-09-29,Severe
804505,702689,3002,0,2022-08-29,Mild
804506,703427,3004,0,2021-02-07,Moderate
804507,704148,3011,0,2021-03-19,Moderate
804508,706310,3032,0,2024-05-21,Moderate
804509,702570,3019,0,2024-09-13,Moderate
804510,706232,3025,0,2024-09-19,Mild
804511,701983,3033,0,2021-04-17,Mild
804512,702806,3013,0,2025-07-05,Moderate
804513,703311,3003,1,2024-06-25,Mild
804514,704404,3015,0,2022-12-19,Moderate
804515,704360,3030,0,2023-07-18,Mild
804516,700689,3011,0,2022-12-23,Mild
804517,703460,3004,1,2022-10-02,Moderate
804518,702338,3028,0,2024-03-24,Mild
804519,702464,3030,0,2023-11-05,Moderate
804520,704346,3002,0,2022-12-10,Severe
804521,705913,3014,1,2022-03-09,Moderate
804522,703317,3019,1,2023-08-23,Moderate
804523,705514,3031,0,2025-10-28,Mild
804524,700931,3033,0,2021-09-13,Mild
804525,702984,3010,1,2021-10-31,Mild
804526,700461,3004,1,2022-11-28,Mild
804527,705052,3029,1,2024-07-31,Moderate
804528,703790,3013,1,2021-03-18,Moderate
804529,701988,3016,0,2025-07-21,Mild
804530,705496,3031,0,2022-02-02,Moderate
804531,702404,3033,0,2025-10-24,Moderate
804532,702947,3011,0,2024-12-12,Mild
804533,705235,3026,0,2021-04-20,Severe
804534,705758,3004,0,2025-10-11,Moderate
804535,702819,3034,1,2023-03-26,Mild
804536,705440,3008,0,2022-01-25,Moderate
804537,703248,3030,0,2021-07-25,Severe
804538,704475,3020,0,2025-05-25,Mild
804539,705886,3016,1,2022-01-28,Critical
804540,703253,3015,1,2023-05-05,Moderate
804541,703464,3004,0,2025-03-01,Moderate
804542,702223,3027,0,2024-02-20,Moderate
804543,703645,3034,0,2025-02-09,Mild
804544,701652,3019,1,2024-02-25,Mild
804545,702587,3021,0,2021-05-22,Moderate
804546,706473,3021,0,2025-02-19,Moderate
804547,701990,3025,0,2023-03-12,Critical
804548,705140,3017,1,2022-11-28,Moderate
804549,701418,3018,1,2023-09-07,Moderate
804550,701564,3027,1,2025-02-17,Moderate
804551,706084,3004,0,2025-11-16,Severe
804552,702228,3031,0,2025-09-29,Moderate
804553,700130,3019,0,2025-06-29,Mild
804554,702689,3017,0,2021-09-21,Mild
804555,705035,3034,0,2025-01-23,Moderate
804556,700069,3035,1,2025-06-12,Mild
804557,706262,3017,1,2023-01-12,Severe
804558,703080,3020,0,2022-12-08,Moderate
804559,701012,3016,0,2023-04-21,Moderate
804560,700912,3005,0,2025-09-12,Moderate
804561,704684,3034,1,2023-05-28,Mild
804562,700468,3007,0,2022-11-15,Mild
804563,700654,3009,1,2022-08-10,Moderate
804564,705340,3014,0,2025-06-04,Moderate
804565,702430,3016,0,2025-04-03,Mild
804566,701067,3024,0,2023-11-17,Mild
804567,705295,3008,0,2025-01-02,Moderate
804568,705743,3026,0,2024-07-17,Moderate
804569,700258,3017,1,2023-07-20,Mild
804570,704710,3026,0,2022-07-02,Moderate
804571,706377,3003,1,2022-02-11,Severe
804572,702886,3007,0,2024-05-24,Moderate
804573,705153,3005,0,2024-11-21,Severe
804574,701477,3020,0,2024-09-28,Moderate
804575,705947,3005,1,2025-01-05,Moderate
804576,703244,3025,0,2021-05-22,Moderate
804577,705208,3009,0,2021-08-22,Mild
804578,705532,3014,1,2024-09-04,Mild
804579,703514,3011,1,2024-07-29,Moderate
804580,700914,3018,0,2024-08-19,Moderate
804581,702137,3021,1,2021-04-19,Mild
804582,700285,3006,1,2023-08-08,Moderate
804583,704276,3003,0,2024-06-21,Moderate
804584,703389,3010,0,2023-01-05,Moderate
804585,700884,3021,0,2025-07-03,Moderate
804586,703405,3009,0,2021-09-15,Moderate
804587,704789,3018,1,2024-06-03,Moderate
804588,704721,3034,0,2024-11-25,Mild
804589,702125,3014,0,2025-03-10,Severe
804590,703220,3003,0,2023-12-15,Moderate
804591,704931,3028,0,2023-09-17,Mild
804592,701978,3014,0,2021-02-17,Critical
804593,705223,3023,0,2024-10-19,Moderate
804594,703852,3012,0,2021-09-23,Severe
804595,700337,3017,0,2023-11-19,Mild
804596,700466,3035,1,2025-12-19,Moderate
804597,703435,3010,0,2025-06-14,Moderate
804598,701036,3014,1,2022-04-13,Mild
804599,702605,3025,1,2021-05-22,Moderate
804600,705402,3019,0,2024-12-03,Mild
804601,700717,3021,1,2023-07-10,Mild
804602,705733,3030,0,2021-12-19,Moderate
804603,703980,3012,0,2025-06-05,Moderate
804604,700825,3010,0,2023-07-23,Mild
804605,700126,3013,0,2023-02-15,Mild
804606,700644,3003,0,2022-09-11,Critical
804607,704052,3035,0,2021-02-24,Moderate
804608,704281,3034,0,2021-10-08,Severe
804609,703850,3001,0,2025-12-10,Moderate
804610,701329,3003,0,2024-04-26,Severe
804611,700559,3026,0,2022-06-25,Moderate
804612,702762,3030,1,2025-05-14,Moderate
804613,702919,3004,0,2025-08-01,Mild
804614,703484,3008,0,2022-09-22,Severe
804615,700012,3031,0,2024-02-06,Moderate
804616,705526,3030,0,2024-03-16,Mild
804617,702752,3026,0,2024-03-02,Moderate
804618,705717,3016,0,2021-01-02,Moderate
804619,701965,3022,0,2024-05-31,Mild
804620,704032,3032,0,2025-05-07,Moderate
804621,700066,3013,1,2025-01-21,Mild
804622,705298,3025,0,2021-06-04,Moderate
804623,701999,3014,0,2024-06-23,Moderate
804624,700591,3001,0,2021-10-11,Mild
804625,705847,3017,0,2025-06-18,Mild
804626,706482,3016,1,2024-10-17,Severe
804627,700221,3021,0,2024-06-03,Mild
804628,704395,3027,0,2024-07-27,Moderate
804629,700929,3007,1,2025-03-02,Mild
804630,701885,3028,0,2021-08-11,Critical
804631,701531,3031,1,2021-11-14,Mild
804632,700933,3035,0,2025-07-04,Moderate
804633,703473,3033,0,2025-08-31,Moderate
804634,705530,3029,0,2021-08-06,Moderate
804635,703243,3024,0,2024-03-13,Mild
804636,703898,3017,0,2025-11-08,Moderate
804637,701289,3006,0,2024-05-11,Severe
804638,702325,3033,0,2025-08-16,Mild
804639,702369,3026,0,2022-04-21,Mild
804640,703007,3007,0,2021-08-16,Critical
804641,700073,3016,0,2023-08-06,Moderate
804642,703483,3002,0,2023-06-09,Mild
804643,700206,3023,1,2024-05-11,Mild
804644,702596,3032,0,2025-03-24,Moderate
804645,703515,3029,0,2023-04-04,Moderate
804646,702399,3008,1,2021-09-20,Mild
804647,704526,3015,0,2024-08-21,Mild
804648,701507,3014,0,2023-05-11,Severe
804649,701822,3006,0,2021-11-12,Moderate
804650,705330,3013,1,2021-05-02,Severe
804651,700273,3012,0,2024-05-13,Moderate
804652,700361,3027,1,2021-04-13,Mild
804653,704404,3034,0,2023-04-09,Moderate
804654,705234,3011,0,2023-03-11,Moderate
804655,703503,3028,0,2022-04-26,Moderate
804656,702396,3007,0,2021-01-30,Moderate
804657,702648,3035,1,2025-03-06,Moderate
804658,703427,3035,0,2025-06-15,Moderate
804659,700604,3020,0,2021-12-23,Mild
804660,703470,3011,0,2025-07-28,Mild
804661,704644,3021,0,2025-04-15,Moderate
804662,700163,3002,0,2024-03-25,Moderate
804663,705690,3021,0,2023-10-02,Moderate
804664,701670,3027,0,2025-04-08,Moderate
804665,701982,3022,0,2022-06-28,Moderate
804666,704670,3025,0,2023-04-28,Mild
804667,702598,3031,1,2023-07-01,Moderate
804668,704821,3016,0,2021-12-29,Mild
804669,703804,3021,0,2025-08-04,Moderate
804670,703337,3029,0,2021-04-23,Moderate
804671,704109,3001,0,2024-07-05,Moderate
804672,705712,3003,1,2022-11-18,Severe
804673,703311,3026,0,2023-04-21,Mild
804674,704975,3035,1,2022-01-01,Severe
804675,706122,3009,0,2024-09-20,Mild
804676,705745,3028,1,2023-05-25,Moderate
804677,703607,3009,0,2024-12-05,Mild
804678,705870,3013,0,2024-04-02,Moderate
804679,705942,3023,1,2025-04-06,Mild
804680,704653,3003,0,2022-11-27,Severe
804681,702864,3021,0,2023-06-14,Severe
804682,700597,3031,0,2025-04-16,Moderate
804683,701085,3015,0,2021-04-20,Severe
804684,702531,3017,0,2023-12-20,Moderate
804685,706250,3014,1,2025-11-18,Severe
804686,705550,3016,1,2021-04-03,Mild
804687,703756,3017,1,2023-11-19,Moderate
804688,700459,3026,1,2021-02-06,Mild
804689,706065,3014,0,2021-07-01,Mild
804690,700041,3022,0,2022-09-06,Moderate
804691,702602,3003,0,2023-05-11,Moderate
804692,705178,3003,1,2023-10-03,Mild
804693,700820,3015,0,2023-06-01,Mild
804694,703125,3004,0,2021-10-09,Severe
804695,703121,3032,1,2024-06-16,Mild
804696,700190,3016,1,2021-12-07,Severe
804697,705668,3030,0,2024-10-24,Mild
804698,702996,3033,0,2021-05-27,Mild
804699,702857,3008,0,2022-02-10,Severe
804700,705285,3031,1,2021-12-18,Mild
804701,702963,3030,1,2025-05-20,Mild
804702,701914,3003,0,2021-03-07,Mild
804703,705864,3020,0,2021-08-21,Moderate
804704,705610,3005,0,2022-07-15,Severe
804705,705050,3005,0,2022-06-25,Moderate
804706,705886,3002,1,2022-08-26,Mild
804707,701911,3026,0,2021-05-08,Mild
804708,705144,3016,0,2022-12-08,Mild
804709,700319,3032,1,2023-04-06,Mild
804710,704580,3002,0,2022-03-01,Moderate
804711,704663,3027,0,2023-11-22,Moderate
804712,705252,3015,1,2024-12-24,Moderate
804713,703097,3023,0,2025-04-17,Mild
804714,702877,3022,0,2023-03-18,Mild
804715,700253,3020,0,2024-01-05,Moderate
804716,700005,3001,0,2022-11-07,Severe
804717,703396,3035,0,2025-11-18,Moderate
804718,702693,3029,0,2022-10-11,Mild
804719,703825,3022,0,2023-03-19,Moderate
804720,700400,3029,0,2021-08-24,Mild
804721,700859,3022,0,2024-07-12,Mild
804722,702700,3011,1,2024-06-21,Severe
804723,705313,3021,1,2022-12-31,Mild
804724,704217,3011,0,2024-03-14,Moderate
804725,702498,3022,1,2023-04-07,Moderate
804726,702504,3009,0,2021-04-11,Mild
804727,702987,3007,1,2022-10-21,Severe
804728,700226,3004,0,2021-06-12,Severe
804729,703181,3035,1,2022-06-08,Mild
804730,703225,3012,0,2025-03-10,Moderate
804731,705474,3027,1,2025-02-21,Moderate
804732,704270,3029,1,2024-09-23,Severe
804733,701776,3016,1,2022-02-25,Moderate
804734,704942,3013,0,2024-05-03,Severe
804735,700928,3007,1,2021-08-31,Moderate
804736,705565,3030,0,2025-04-08,Mild
804737,700413,3010,0,2024-07-06,Critical
804738,703632,3030,0,2023-05-27,Severe
804739,703667,3012,0,2022-12-09,Severe
804740,705470,3033,0,2024-10-26,Severe
804741,705911,3001,0,2021-08-08,Moderate
804742,703397,3023,0,2021-01-18,Moderate
804743,705591,3025,0,2022-12-19,Moderate
804744,706264,3016,1,2022-12-10,Mild
804745,703427,3013,0,2021-08-07,Moderate
804746,706069,3035,0,2025-01-25,Mild
804747,703061,3009,0,2022-03-17,Mild
804748,703551,3029,1,2023-01-12,Moderate
804749,703790,3012,1,2024-04-05,Moderate
804750,706107,3035,0,2025-05-24,Mild
804751,702546,3004,0,2024-09-02,Moderate
804752,703048,3005,0,2024-07-22,Moderate
804753,701408,3025,0,2022-09-11,Moderate
804754,700410,3028,1,2021-09-25,Severe
804755,706421,3016,0,2021-11-19,Mild
804756,703032,3020,0,2023-11-01,Moderate
804757,705329,3007,0,2023-02-14,Severe
804758,700127,3017,1,2025-01-17,Severe
804759,700316,3017,0,2025-08-07,Severe
804760,705887,3027,1,2021-11-13,Severe
804761,705431,3021,0,2025-04-10,Moderate
804762,701149,3034,1,2021-07-18,Moderate
804763,702249,3020,0,2025-08-22,Mild
804764,705071,3032,0,2022-08-09,Mild
804765,703439,3022,0,2021-01-28,Critical
804766,704420,3015,0,2021-12-26,Mild
804767,700856,3028,0,2022-09-27,Mild
804768,701887,3002,0,2024-11-28,Mild
804769,705900,3033,0,2025-05-08,Moderate
804770,704204,3022,1,2021-11-18,Mild
804771,705768,3028,0,2024-12-28,Mild
804772,705137,3010,0,2025-09-25,Mild
804773,701279,3016,1,2025-08-28,Moderate
804774,703057,3014,0,2021-01-25,Moderate
804775,706443,3035,0,2021-05-05,Mild
804776,701033,3027,0,2023-12-09,Critical
804777,701553,3011,0,2023-04-26,Severe
804778,701530,3007,0,2025-05-17,Moderate
804779,700051,3034,1,2024-05-08,Mild
804780,705172,3005,0,2021-02-05,Severe
804781,700845,3024,0,2022-02-20,Mild
804782,700524,3026,0,2021-02-20,Moderate
804783,700883,3035,0,2025-04-07,Moderate
804784,702142,3022,1,2023-04-04,Severe
804785,705315,3004,0,2024-06-27,Mild
804786,703013,3020,0,2025-07-25,Mild
804787,701765,3003,1,2024-03-25,Moderate
804788,706008,3004,0,2023-04-18,Severe
804789,702957,3006,0,2021-11-10,Mild
804790,701015,3012,1,2021-05-19,Severe
804791,700781,3001,0,2022-08-08,Moderate
804792,700156,3024,1,2024-09-09,Mild
804793,704217,3019,1,2025-05-30,Moderate
804794,704399,3004,1,2023-04-03,Moderate
804795,705548,3031,1,2022-08-19,Moderate
804796,700447,3004,0,2022-05-06,Moderate
804797,705573,3020,1,2024-03-19,Severe
804798,703420,3003,0,2022-07-30,Severe
804799,706436,3028,0,2021-04-24,Moderate
804800,705677,3029,0,2021-12-17,Mild
804801,701405,3018,0,2022-03-29,Moderate
804802,706256,3010,1,2024-09-16,Mild
804803,705245,3012,0,2023-11-09,Mild
804804,703154,3013,1,2023-08-26,Moderate
804805,702302,3023,0,2021-07-06,Critical
804806,701721,3033,1,2023-11-29,Mild
804807,702907,3002,0,2025-09-11,Severe
804808,702690,3030,0,2025-05-18,Mild
804809,705162,3035,1,2025-09-09,Mild
804810,706248,3030,0,2023-11-11,Severe
804811,705426,3020,1,2025-03-26,Moderate
804812,704127,3026,0,2024-07-27,Critical
804813,705876,3034,1,2023-11-12,Mild
804814,703799,3024,0,2024-01-09,Mild
804815,705200,3017,0,2021-05-20,Moderate
804816,705786,3034,0,2025-01-13,Moderate
804817,702073,3020,1,2025-07-11,Moderate
804818,703107,3006,0,2021-06-06,Severe
804819,706255,3035,0,2025-12-25,Moderate
804820,701750,3008,0,2022-09-21,Severe
804821,703874,3027,1,2024-12-02,Severe
804822,702221,3002,0,2021-07-19,Critical
804823,700535,3009,0,2025-02-18,Moderate
804824,703946,3023,0,2025-06-01,Mild
804825,702139,3024,0,2025-11-19,Moderate
804826,703658,3022,0,2025-10-20,Mild
804827,700784,3014,1,2024-05-21,Moderate
804828,706148,3021,0,2021-12-04,Moderate
804829,705814,3012,1,2021-06-30,Critical
804830,703652,3033,0,2021-03-28,Moderate
804831,700626,3001,0,2021-11-06,Severe
804832,700398,3023,1,2024-01-27,Severe
804833,703920,3003,0,2023-09-14,Mild
804834,703183,3023,0,2023-08-25,Moderate
804835,703923,3014,0,2024-01-06,Moderate
804836,704474,3009,0,2025-05-23,Moderate
804837,702691,3027,0,2025-04-15,Mild
804838,702346,3016,0,2022-07-28,Mild
804839,705315,3025,0,2022-11-27,Critical
804840,705810,3028,1,2025-10-19,Moderate
804841,701207,3025,0,2022-05-03,Mild
804842,704290,3031,0,2022-05-29,Moderate
804843,701748,3023,1,2024-10-31,Severe
804844,702613,3011,0,2023-01-27,Severe
804845,704506,3034,0,2024-11-11,Moderate
804846,704115,3012,1,2021-03-11,Severe
804847,704469,3027,1,2023-12-08,Severe
804848,706012,3027,0,2023-10-27,Mild
804849,703954,3020,0,2021-09-18,Moderate
804850,700111,3009,0,2021-03-30,Moderate
804851,700866,3008,0,2024-11-21,Moderate
804852,702352,3013,0,2022-11-20,Critical
804853,701720,3001,0,2022-03-19,Moderate
804854,705632,3001,1,2025-11-19,Severe
804855,706134,3034,1,2025-09-25,Mild
804856,700157,3031,1,2022-05-25,Severe
804857,701589,3004,0,2022-08-12,Mild
804858,701818,3015,0,2023-11-25,Moderate
804859,705499,3015,0,2024-05-14,Moderate
804860,702977,3020,1,2021-06-12,Mild
804861,701733,3004,0,2022-10-18,Severe
804862,703690,3022,0,2023-06-05,Moderate
804863,702633,3014,0,2024-05-23,Moderate
804864,700475,3021,0,2025-01-06,Moderate
804865,703194,3025,0,2025-10-08,Severe
804866,702235,3021,0,2024-12-25,Severe
804867,701499,3008,0,2024-10-15,Mild
804868,703546,3026,0,2025-08-23,Mild
804869,703301,3010,0,2024-08-17,Mild
804870,705710,3034,0,2025-11-25,Mild
804871,703203,3013,0,2023-07-27,Severe
804872,703770,3016,0,2021-06-19,Mild
804873,700917,3029,1,2025-09-08,Moderate
804874,703070,3032,0,2021-12-03,Moderate
804875,701637,3018,0,2022-07-20,Moderate
804876,701448,3029,0,2024-10-29,Severe
804877,704808,3018,0,2022-12-16,Severe
804878,702630,3004,0,2022-08-23,Moderate
804879,704153,3023,1,2025-11-11,Mild
804880,702694,3017,0,2025-02-24,Severe
804881,704471,3031,1,2024-03-11,Mild
804882,701723,3019,0,2024-07-12,Mild
804883,703879,3035,0,2023-08-31,Mild
804884,705579,3029,1,2024-02-25,Moderate
804885,703198,3027,0,2023-08-03,Severe
804886,701605,3022,0,2022-03-12,Moderate
804887,703402,3010,1,2023-03-03,Moderate
804888,700564,3024,1,2022-08-17,Moderate
804889,701895,3006,0,2021-11-27,Mild
804890,703110,3023,0,2024-07-03,Mild
804891,703655,3029,0,2021-05-21,Severe
804892,702415,3031,0,2023-08-11,Mild
804893,706098,3022,1,2025-06-06,Moderate
804894,701610,3003,1,2025-06-01,Moderate
804895,700185,3006,1,2025-04-15,Severe
804896,703719,3017,1,2022-08-01,Moderate
804897,703378,3002,1,2021-03-19,Moderate
804898,701864,3022,1,2023-03-22,Moderate
804899,700296,3006,1,2023-08-01,Moderate
804900,704136,3024,0,2021-03-21,Moderate
804901,705340,3024,0,2021-02-20,Moderate
804902,704698,3016,0,2024-04-09,Moderate
804903,705122,3034,0,2025-06-27,Moderate
804904,703950,3007,0,2025-07-17,Moderate
804905,704348,3022,1,2023-10-19,Critical
804906,705527,3021,1,2025-05-11,Mild
804907,703665,3017,0,2023-08-30,Moderate
804908,701193,3021,0,2024-01-16,Mild
804909,700185,3027,1,2022-12-24,Moderate
804910,702087,3021,0,2021-11-27,Mild
804911,704762,3022,1,2024-06-03,Severe
804912,702143,3028,0,2025-08-09,Mild
804913,704403,3026,0,2023-05-15,Moderate
804914,704679,3011,1,2023-11-15,Moderate
804915,705653,3025,0,2024-07-20,Moderate
804916,705108,3004,0,2025-09-30,Mild
804917,702106,3012,0,2022-11-29,Moderate
804918,704119,3003,1,2025-06-13,Moderate
804919,705965,3007,0,2021-07-13,Mild
804920,705751,3022,1,2021-09-22,Moderate
804921,700298,3033,0,2022-03-31,Severe
804922,700860,3002,0,2025-06-29,Moderate
804923,700936,3002,0,2024-11-10,Mild
804924,706240,3005,1,2024-04-13,Mild
804925,706292,3020,0,2022-09-22,Moderate
804926,700702,3031,1,2025-04-04,Severe
804927,702829,3022,0,2023-07-14,Mild
804928,703242,3027,0,2022-12-25,Moderate
804929,703650,3015,0,2022-08-03,Moderate
804930,702603,3031,0,2023-12-24,Mild
804931,705843,3013,1,2024-05-05,Moderate
804932,700561,3006,1,2023-10-08,Mild
804933,705467,3029,0,2024-05-04,Moderate
804934,701676,3025,0,2025-08-31,Mild
804935,701270,3025,0,2025-01-15,Mild
804936,702088,3004,0,2024-08-12,Mild
804937,705578,3007,1,2021-07-08,Moderate
804938,704988,3011,0,2023-02-23,Mild
804939,700508,3022,0,2021-10-27,Moderate
804940,702908,3004,0,2022-10-03,Mild
804941,701656,3010,1,2025-05-28,Mild
804942,704096,3008,1,2023-11-08,Severe
804943,704228,3012,0,2024-08-08,Moderate
804944,704188,3025,0,2021-01-10,Mild
804945,703626,3029,1,2024-01-14,Moderate
804946,702269,3006,0,2021-01-04,Mild
804947,705516,3006,0,2022-05-07,Severe
804948,702929,3013,0,2021-01-02,Moderate
804949,701302,3025,1,2022-06-06,Severe
804950,704164,3012,1,2025-10-14,Moderate
804951,706233,3008,1,2021-04-20,Moderate
804952,705490,3008,0,2025-02-18,Moderate
804953,701608,3028,0,2021-05-26,Moderate
804954,705341,3022,0,2024-05-02,Moderate
804955,704167,3003,0,2024-09-07,Moderate
804956,702440,3018,0,2021-10-23,Mild
804957,704626,3010,0,2023-01-10,Moderate
804958,702108,3021,0,2022-06-16,Mild
804959,704553,3029,0,2023-10-02,Mild
804960,700445,3034,1,2021-08-08,Mild
804961,700740,3011,1,2024-06-26,Moderate
804962,700543,3014,0,2022-10-22,Moderate
804963,705233,3033,1,2022-12-15,Mild
804964,704559,3035,0,2025-06-06,Moderate
804965,706290,3017,0,2024-09-02,Mild
804966,703825,3004,1,2023-07-16,Moderate
804967,705430,3027,0,2023-05-09,Moderate
804968,701192,3020,0,2022-07-29,Mild
804969,705043,3007,1,2022-10-20,Moderate
804970,700202,3024,0,2024-07-25,Severe
804971,701480,3025,1,2021-02-19,Mild
804972,703673,3012,0,2025-11-22,Severe
804973,703748,3023,0,2025-05-30,Severe
804974,704102,3021,0,2024-02-26,Moderate
804975,701559,3005,0,2022-08-18,Mild
804976,704708,3018,0,2022-07-10,Moderate
804977,705524,3016,0,2021-07-17,Moderate
804978,703005,3033,0,2021-11-03,Moderate
804979,705207,3007,1,2023-10-20,Mild
804980,700855,3010,0,2024-06-29,Moderate
804981,700629,3004,0,2024-01-14,Moderate
804982,701316,3020,0,2023-10-03,Moderate
804983,705421,3012,0,2023-06-10,Moderate
804984,701366,3016,0,2024-01-01,Moderate
804985,702391,3018,0,2021-07-22,Moderate
804986,705162,3003,0,2021-10-08,Mild
804987,700841,3035,0,2023-11-30,Severe
804988,702333,3028,1,2021-12-27,Moderate
804989,705141,3007,0,2025-11-19,Moderate
804990,705350,3026,1,2022-03-29,Mild
804991,703518,3029,0,2021-01-11,Severe
804992,704517,3008,0,2021-03-13,Mild
804993,701189,3024,0,2025-05-12,Moderate
804994,706046,3009,0,2023-01-13,Moderate
804995,705315,3002,0,2023-07-10,Mild
804996,703361,3026,0,2024-07-21,Moderate
804997,701778,3012,0,2022-07-17,Moderate
804998,705949,3020,1,2023-10-19,Severe
804999,700304,3020,0,2023-01-25,Moderate
805000,700999,3025,0,2024-10-08,Mild
805001,705547,3028,0,2023-11-01,Moderate
805002,701104,3020,1,2021-09-27,Mild
805003,701044,3002,0,2024-08-08,Mild
805004,705675,3005,1,2024-07-08,Severe
805005,700074,3034,0,2021-07-24,Moderate
805006,705916,3023,0,2023-10-14,Moderate
805007,705485,3034,0,2021-10-15,Moderate
805008,700008,3016,0,2021-07-02,Severe
805009,705223,3001,0,2023-10-27,Moderate
805010,704952,3016,0,2025-06-28,Moderate
805011,701940,3019,0,2025-09-18,Mild
805012,703725,3019,1,2024-10-12,Moderate
805013,701421,3034,0,2025-01-10,Moderate
805014,701257,3030,1,2021-05-15,Moderate
805015,702975,3009,0,2022-02-01,Moderate
805016,701807,3015,0,2021-08-15,Mild
805017,702383,3010,0,2025-07-25,Severe
805018,701762,3003,1,2022-08-28,Moderate
805019,700047,3016,0,2025-01-02,Mild
805020,704606,3015,0,2021-12-23,Severe
805021,703108,3009,1,2023-02-09,Moderate
805022,702912,3003,0,2023-01-17,Moderate
805023,701279,3006,0,2024-06-02,Severe
805024,703028,3027,1,2024-07-27,Moderate
805025,702841,3007,0,2022-11-12,Mild
805026,703125,3015,0,2023-11-09,Moderate
805027,701110,3033,1,2024-08-13,Severe
805028,704291,3024,0,2023-10-13,Moderate
805029,701961,3024,0,2022-02-17,Mild
805030,701705,3019,0,2022-05-16,Moderate
805031,704676,3023,0,2025-03-10,Mild
805032,702002,3028,1,2024-03-15,Moderate
805033,700168,3004,0,2021-03-05,Moderate
805034,703477,3025,1,2022-01-12,Critical
805035,704447,3015,0,2023-12-22,Mild
805036,701890,3005,1,2024-12-24,Moderate
805037,702193,3002,0,2022-10-03,Moderate
805038,703445,3021,0,2024-03-09,Mild
805039,703828,3012,0,2021-12-02,Severe
805040,702906,3012,0,2022-05-26,Moderate
805041,702393,3009,1,2021-01-16,Moderate
805042,700516,3005,0,2022-05-08,Moderate
805043,702108,3018,0,2022-04-04,Mild
805044,702812,3001,1,2025-01-21,Critical
805045,704060,3029,0,2024-02-25,Moderate
805046,703494,3035,0,2024-11-02,Moderate
805047,703010,3020,1,2024-04-24,Mild
805048,700451,3020,0,2024-05-09,Mild
805049,704765,3031,1,2023-09-21,Severe
805050,705020,3022,0,2025-05-02,Moderate
805051,706076,3012,1,2024-10-13,Moderate
805052,701638,3006,0,2022-04-23,Mild
805053,702823,3003,1,2023-04-05,Moderate
805054,701429,3031,0,2024-11-11,Mild
805055,706438,3020,1,2025-02-28,Critical
805056,704302,3002,0,2022-05-10,Moderate
805057,704212,3030,0,2023-06-19,Mild
805058,702092,3016,0,2021-06-26,Severe
805059,701239,3034,0,2021-01-02,Mild
805060,703636,3025,0,2022-12-08,Mild
805061,702659,3020,1,2022-07-14,Mild
805062,704701,3003,0,2024-12-01,Severe
805063,705101,3017,0,2021-10-28,Mild
805064,703891,3017,0,2022-12-11,Moderate
805065,703991,3022,0,2025-11-01,Moderate
805066,705189,3030,0,2023-06-17,Severe
805067,700782,3025,0,2023-02-03,Moderate
805068,704879,3003,0,2021-10-18,Moderate
805069,703198,3019,1,2025-07-07,Moderate
805070,704259,3008,0,2022-01-23,Moderate
805071,700011,3018,1,2023-07-13,Moderate
805072,705704,3010,1,2022-03-15,Severe
805073,703442,3021,0,2023-06-12,Moderate
805074,703477,3034,0,2021-11-18,Moderate
805075,703727,3018,0,2022-11-06,Severe
805076,704141,3034,0,2024-09-16,Mild
805077,705708,3034,0,2024-10-16,Severe
805078,706113,3031,0,2025-10-05,Mild
805079,703815,3016,0,2022-07-12,Mild
805080,703592,3034,0,2021-02-09,Mild
805081,704888,3035,0,2022-07-18,Mild
805082,703143,3020,0,2024-05-20,Mild
805083,701817,3026,0,2023-07-01,Mild
805084,703953,3003,0,2021-08-02,Moderate
805085,705349,3009,0,2023-11-25,Moderate
805086,703921,3022,0,2023-03-18,Moderate
805087,703966,3003,0,2021-02-17,Moderate
805088,704447,3013,0,2023-10-21,Mild
805089,700127,3034,0,2023-09-11,Moderate
805090,703978,3012,0,2022-02-19,Severe
805091,704343,3015,1,2024-08-13,Moderate
805092,703179,3009,0,2021-09-27,Mild
805093,704530,3014,0,2022-01-16,Mild
805094,703314,3026,0,2025-11-05,Severe
805095,704792,3027,0,2025-08-08,Mild
805096,706088,3034,0,2022-09-30,Moderate
805097,701537,3032,0,2022-01-10,Mild
805098,706409,3016,1,2022-08-04,Mild
805099,702154,3031,0,2021-02-02,Mild
805100,701328,3015,0,2022-07-11,Severe
805101,703994,3029,0,2025-03-05,Mild
805102,706026,3022,0,2022-11-20,Moderate
805103,704826,3004,0,2021-03-19,Mild
805104,701722,3030,0,2021-07-24,Mild
805105,705165,3032,1,2023-10-20,Mild
805106,702322,3004,0,2022-06-30,Mild
805107,705561,3001,0,2022-12-27,Severe
805108,702755,3007,1,2023-08-29,Critical
805109,701948,3024,0,2021-08-24,Severe
805110,702897,3033,0,2025-08-22,Mild
805111,700163,3015,1,2022-04-19,Mild
805112,703481,3025,0,2021-06-08,Moderate
805113,704665,3025,0,2021-05-21,Mild
805114,704925,3014,0,2024-08-27,Mild
805115,704438,3012,1,2023-02-10,Moderate
805116,704306,3012,0,2024-02-27,Mild
805117,703979,3016,0,2022-04-03,Mild
805118,703834,3025,0,2024-11-23,Moderate
805119,705237,3011,0,2024-01-27,Moderate
805120,702617,3005,1,2023-09-30,Mild
805121,703499,3014,0,2024-02-15,Mild
805122,701711,3029,1,2024-07-21,Severe
805123,700298,3002,0,2024-07-02,Mild
805124,701412,3002,1,2023-01-13,Moderate
805125,700409,3012,0,2022-08-28,Severe
805126,702850,3005,0,2025-11-17,Mild
805127,701592,3012,1,2023-01-30,Severe
805128,700069,3033,0,2021-02-22,Moderate
805129,703625,3010,0,2022-07-23,Mild
805130,703745,3035,0,2025-09-18,Moderate
805131,703326,3013,1,2023-12-22,Mild
805132,702604,3010,0,2021-10-08,Mild
805133,702140,3015,1,2023-06-22,Moderate
805134,703564,3009,0,2021-08-09,Moderate
805135,703156,3026,0,2021-12-13,Mild
805136,700842,3002,0,2022-11-13,Mild
805137,700158,3034,0,2024-06-15,Moderate
805138,705500,3022,0,2022-11-08,Moderate
805139,705315,3012,0,2021-08-09,Mild
805140,706428,3017,0,2024-09-26,Moderate
805141,705343,3018,1,2024-08-25,Moderate
805142,705928,3021,1,2023-10-27,Moderate
805143,702663,3022,0,2024-10-01,Severe
805144,705151,3021,1,2024-07-15,Mild
805145,704191,3035,0,2021-01-06,Moderate
805146,703082,3025,1,2021-08-24,Moderate
805147,706304,3013,0,2023-07-19,Severe
805148,704936,3019,0,2025-12-01,Critical
805149,701749,3015,1,2022-07-10,Moderate
805150,703285,3010,0,2024-11-17,Moderate
805151,701195,3007,1,2024-07-02,Moderate
805152,704910,3024,1,2021-05-21,Moderate
805153,705077,3013,0,2023-05-31,Moderate
805154,702271,3027,0,2025-02-27,Severe
805155,701435,3007,0,2022-09-26,Moderate
805156,700861,3006,0,2022-07-19,Mild
805157,701998,3016,0,2022-05-05,Severe
805158,706281,3005,1,2021-11-19,Mild
805159,701035,3013,0,2023-07-28,Severe
805160,700327,3026,1,2022-06-29,Mild
805161,705253,3017,0,2021-11-22,Mild
805162,705353,3011,0,2021-09-06,Moderate
805163,702619,3014,1,2023-11-05,Critical
805164,705537,3022,0,2025-11-08,Moderate
805165,704179,3031,0,2025-11-21,Mild
805166,700815,3035,0,2024-05-10,Severe
805167,700112,3035,0,2024-07-07,Severe
805168,706432,3029,0,2022-08-25,Moderate
805169,702729,3029,0,2024-02-11,Mild
805170,705385,3028,0,2024-07-04,Mild
805171,704491,3020,1,2025-02-26,Moderate
805172,703235,3005,0,2025-03-09,Critical
805173,704748,3028,1,2021-08-05,Mild
805174,705260,3031,0,2023-10-28,Moderate
805175,703710,3022,0,2024-08-21,Severe
805176,701634,3028,1,2021-09-03,Critical
805177,702098,3027,1,2023-11-24,Mild
805178,706265,3026,1,2024-08-12,Moderate
805179,702739,3026,1,2025-11-01,Moderate
805180,701913,3027,0,2025-11-15,Moderate
805181,702212,3028,1,2025-09-28,Mild
805182,702846,3019,0,2025-01-26,Mild
805183,700425,3007,0,2023-01-11,Moderate
805184,703682,3029,1,2022-04-17,Moderate
805185,705809,3024,0,2025-07-03,Critical
805186,704023,3022,1,2023-01-07,Mild
805187,703791,3008,1,2022-09-08,Mild
805188,703962,3020,0,2023-11-26,Mild
805189,703464,3023,0,2022-12-01,Moderate
805190,701843,3012,0,2025-02-21,Severe
805191,702407,3028,0,2025-05-22,Moderate
805192,700490,3023,0,2022-01-09,Severe
805193,704401,3021,1,2022-06-01,Severe
805194,701097,3025,0,2023-08-01,Mild
805195,701242,3033,0,2023-01-15,Moderate
805196,705055,3004,0,2024-02-06,Moderate
805197,702675,3009,0,2023-04-15,Moderate
805198,700678,3021,1,2023-02-17,Moderate
805199,702910,3001,1,2022-01-10,Mild
805200,703726,3025,0,2024-11-08,Mild
805201,706213,3032,0,2022-09-01,Mild
805202,700522,3017,0,2022-01-15,Moderate
805203,703756,3014,0,2024-01-24,Mild
805204,706016,3021,1,2022-02-18,Moderate
805205,701433,3003,0,2024-01-12,Severe
805206,702516,3001,0,2021-07-17,Mild
805207,700587,3017,1,2022-08-08,Moderate
805208,700051,3022,0,2024-02-09,Moderate
805209,704386,3031,0,2021-03-19,Mild
805210,700068,3011,0,2024-12-03,Mild
805211,706201,3004,0,2022-01-03,Severe
805212,705988,3019,0,2025-12-05,Moderate
805213,703253,3031,0,2024-12-15,Critical
805214,703892,3027,0,2024-10-30,Moderate
805215,702972,3018,0,2021-04-11,Mild
805216,700330,3014,0,2021-06-10,Mild
805217,702264,3005,0,2023-07-20,Mild
805218,706448,3023,0,2024-08-25,Moderate
805219,701414,3026,1,2021-07-17,Mild
805220,704389,3011,0,2021-10-09,Severe
805221,704362,3027,1,2021-02-24,Mild
805222,704324,3020,1,2024-11-02,Critical
805223,701193,3014,1,2023-11-05,Mild
805224,705556,3028,1,2025-01-03,Severe
805225,705922,3005,0,2022-03-12,Severe
805226,703337,3033,0,2021-07-10,Moderate
805227,706301,3031,0,2023-10-24,Critical
805228,700041,3026,1,2022-07-24,Mild
805229,703438,3007,0,2025-03-27,Moderate
805230,705633,3034,0,2024-05-07,Mild
805231,704210,3003,0,2023-07-08,Moderate
805232,701728,3024,0,2021-10-09,Mild
805233,705260,3007,0,2022-12-20,Moderate
805234,700663,3028,1,2024-02-07,Mild
805235,702689,3032,1,2023-02-13,Moderate
805236,705343,3007,1,2021-11-09,Moderate
805237,700614,3009,0,2025-10-18,Severe
805238,705017,3015,1,2025-08-06,Severe
805239,701446,3009,0,2022-08-03,Moderate
805240,700891,3034,1,2025-06-28,Severe
805241,705239,3004,1,2025-08-27,Severe
805242,701796,3014,0,2025-05-02,Critical
805243,705547,3018,0,2022-07-18,Moderate
805244,706490,3004,0,2022-01-10,Severe
805245,706333,3003,1,2023-09-05,Mild
805246,700032,3019,0,2024-09-26,Severe
805247,703228,3027,1,2021-03-24,Severe
805248,706049,3030,0,2022-12-31,Severe
805249,703227,3013,1,2021-05-10,Severe
805250,701288,3033,0,2021-06-02,Severe
