Claim_ID,Admission_ID,Patient_ID,Claim_Date,Insurance_Type,Billed_Amount,Approved_Amount,Denied_Amount,Claim_Status
1200001,704973,100550,2025-09-10,Private,3489.92,2527.91,3489.92,Denied
1200002,700340,101848,2021-07-03,Uninsured,783.71,437.2,346.51,Approved
1200003,701413,101385,2024-04-18,Medicaid,2087.27,1205.32,881.95,Partially Approved
1200004,701470,100271,2021-05-24,Medicare,8527.75,5662.09,2865.66,Partially Approved
1200005,700266,101840,2021-09-18,Medicaid,1126.83,828.96,297.87,Approved
1200006,705411,101235,2025-09-26,Medicaid,4457.87,3545.29,912.58,Partially Approved
1200007,705294,102077,2022-08-09,Medicaid,5294.52,4293.78,1000.74,Pending
1200008,701828,100272,2024-05-13,Uninsured,1199.61,759.56,440.05,Partially Approved
1200009,705534,101077,2021-05-28,Medicaid,1465.59,893.61,571.98,Approved
1200010,700695,102413,2021-08-09,Private,4690.4,2778.23,1912.17,Partially Approved
1200011,705444,100161,2022-09-04,Private,3134.74,2340.41,794.33,Approved
1200012,701162,101156,2021-04-12,Private,2549.76,1997.02,552.74,Approved
1200013,703687,101917,2024-03-04,Private,432.48,408.56,23.92,Approved
1200014,704788,102013,2023-10-03,Medicaid,679.19,397.96,281.23,Partially Approved
1200015,701354,102305,2022-12-12,Private,4680.54,3196.92,1483.62,Approved
1200016,705381,101405,2023-12-26,Medicare,1040.04,995.82,44.22,Approved
1200017,701271,101707,2024-07-03,Private,1983.77,1676.99,306.78,Approved
1200018,705462,101924,2024-07-03,Medicaid,4821.19,2714.53,2106.66,Approved
1200019,706163,101927,2023-09-18,Private,2136.3,1371.61,764.69,Approved
1200020,702389,102047,2023-09-04,Private,4134.01,2351.04,1782.97,Approved
1200021,704708,101995,2022-06-10,Private,3538.14,2899.31,638.83,Approved
1200022,702132,100622,2021-12-19,Medicaid,2163.46,1486.08,677.38,Approved
1200023,704080,100986,2025-05-26,Medicaid,1629.09,1132.95,496.14,Partially Approved
1200024,705910,100373,2022-02-09,Medicare,1607.69,1043.94,563.75,Approved
1200025,703126,101112,2024-11-26,Private,1618.18,1165.04,453.14,Approved
1200026,704322,100130,2021-07-06,Medicare,9426.74,8750.45,676.29,Partially Approved
1200027,703444,101432,2023-03-16,Private,5025.55,3437.59,1587.96,Approved
1200028,703648,101708,2022-10-25,Medicare,2054.98,1297.66,757.32,Approved
1200029,701547,101679,2025-11-28,Private,1602.12,985.08,617.04,Approved
1200030,702323,101229,2024-01-14,Medicare,7382.44,5908.51,1473.93,Partially Approved
1200031,701335,100025,2024-01-14,Private,1783.38,1540.63,242.75,Approved
1200032,701865,100202,2022-03-15,Medicare,2581.53,1945.04,636.49,Approved
1200033,703498,100736,2024-08-11,Private,3399.74,2701.04,698.7,Approved
1200034,700527,101861,2023-11-12,Medicaid,704.84,432.0,272.84,Approved
1200035,702506,101920,2021-11-28,Medicare,2289.39,1929.67,359.72,Pending
1200036,703103,100360,2021-09-09,Private,917.6,688.36,229.24,Partially Approved
1200037,704783,101038,2022-05-24,Private,530.21,430.6,99.61,Partially Approved
1200038,705624,101837,2023-11-18,Private,8207.73,7265.31,942.42,Partially Approved
1200039,703488,101151,2022-03-12,Private,4537.67,2755.51,4537.67,Denied
1200040,705024,100537,2025-11-28,Private,3617.46,2766.07,851.39,Approved
1200041,702603,101415,2021-03-15,Medicare,1630.44,1381.53,248.91,Approved
1200042,706150,101084,2025-04-24,Medicare,2646.39,2367.94,278.45,Approved
1200043,702993,102419,2021-04-24,Private,1772.37,1226.34,546.03,Pending
1200044,704252,100735,2021-01-01,Medicare,1548.07,1507.99,40.08,Approved
1200045,706305,102142,2025-08-28,Private,819.62,523.69,295.93,Approved
1200046,703869,100329,2024-09-27,Medicare,1222.53,1095.2,127.33,Approved
1200047,701481,100711,2023-08-13,Private,1796.77,1420.96,375.81,Partially Approved
1200048,704001,100977,2025-12-24,Private,7537.43,5911.56,1625.87,Partially Approved
1200049,705364,101785,2024-02-24,Medicare,20395.34,13301.97,7093.37,Partially Approved
1200050,701609,101255,2023-04-20,Medicare,390.24,302.34,87.9,Approved
1200051,700221,101805,2021-11-23,Private,29817.88,26601.23,3216.65,Approved
1200052,701774,100561,2023-05-24,Private,14846.96,9199.79,5647.17,Approved
1200053,702153,100640,2022-07-22,Medicare,6506.1,5439.0,1067.1,Approved
1200054,702977,100885,2025-10-18,Private,1914.5,1699.53,214.97,Pending
1200055,704928,100893,2022-02-01,Private,1592.1,1176.77,415.33,Approved
1200056,700092,100641,2025-05-15,Private,923.86,892.51,31.35,Partially Approved
1200057,703791,100836,2025-10-27,Medicaid,2682.14,1886.81,795.33,Approved
1200058,702013,100990,2021-08-18,Medicare,1948.09,1095.9,852.19,Pending
1200059,702598,100590,2022-02-26,Medicare,1593.65,1026.13,567.52,Approved
1200060,704766,102333,2024-04-25,Private,6045.94,3451.76,2594.18,Approved
1200061,701004,101988,2023-08-25,Private,1083.08,867.79,215.29,Approved
1200062,703505,100402,2022-12-29,Private,918.35,690.25,228.1,Approved
1200063,704764,102378,2025-07-28,Medicare,8334.06,8038.82,8334.06,Denied
1200064,702820,100836,2025-03-28,Medicare,5859.08,3324.98,2534.1,Pending
1200065,702993,100253,2021-04-07,Medicare,1102.15,1002.67,99.48,Partially Approved
1200066,703363,101436,2024-12-06,Medicaid,860.35,694.87,165.48,Approved
1200067,705523,102084,2021-10-17,Medicaid,4574.41,3393.88,1180.53,Approved
1200068,705549,101443,2025-11-14,Private,1853.02,1547.73,305.29,Approved
1200069,703660,100775,2022-06-22,Private,723.91,470.11,253.8,Approved
1200070,705603,101789,2022-11-18,Private,3433.48,3119.82,313.66,Approved
1200071,704650,100881,2025-07-29,Medicare,3498.83,3227.64,271.19,Approved
1200072,706272,100241,2024-02-16,Private,2388.8,1921.18,467.62,Approved
1200073,700295,102407,2024-08-30,Medicare,1575.89,1226.11,349.78,Approved
1200074,702890,101458,2023-09-24,Medicaid,15549.44,9179.97,6369.47,Approved
1200075,702050,100265,2022-06-14,Medicare,2202.33,2018.49,183.84,Approved
1200076,705021,102256,2024-11-28,Private,727.94,441.2,286.74,Approved
1200077,703098,100254,2025-11-05,Private,2413.3,1660.95,752.35,Pending
1200078,703066,102245,2024-08-11,Medicaid,3155.5,2516.41,3155.5,Denied
1200079,702559,100151,2022-09-03,Private,3295.35,2490.67,3295.35,Denied
1200080,703626,100304,2022-09-15,Medicaid,9560.54,6408.1,3152.44,Approved
1200081,701027,100222,2025-01-24,Medicaid,3085.29,2245.38,839.91,Approved
1200082,705134,101596,2025-05-29,Private,2066.8,1143.23,923.57,Partially Approved
1200083,701750,102012,2021-08-06,Private,2631.85,2370.65,261.2,Partially Approved
1200084,701510,100122,2021-06-17,Medicare,979.2,656.58,322.62,Partially Approved
1200085,703298,102330,2025-02-04,Medicare,662.2,433.76,228.44,Partially Approved
1200086,700108,101475,2024-09-26,Private,2248.38,1281.18,967.2,Approved
1200087,703620,101829,2025-10-12,Medicare,1666.76,1130.0,536.76,Approved
1200088,700184,100372,2023-02-07,Uninsured,1755.59,1437.81,317.78,Approved
1200089,702104,101971,2025-11-05,Private,1978.08,1878.57,99.51,Approved
1200090,705252,101820,2021-07-26,Private,6058.05,5338.49,719.56,Pending
1200091,704531,101280,2024-03-16,Medicaid,2605.59,2297.69,307.9,Partially Approved
1200092,706063,101511,2022-03-14,Medicare,2363.53,1695.62,667.91,Approved
1200093,703913,100816,2025-08-25,Uninsured,884.1,539.74,344.36,Partially Approved
1200094,705882,102437,2024-07-02,Medicare,713.15,690.22,22.93,Pending
1200095,704885,102109,2021-01-27,Private,4644.46,2735.64,1908.82,Approved
1200096,704005,100668,2024-02-21,Private,8674.02,5327.24,3346.78,Approved
1200097,701313,100919,2023-09-13,Medicare,1061.09,965.86,95.23,Approved
1200098,705137,102105,2021-02-25,Medicaid,2112.88,2065.44,47.44,Pending
1200099,700442,101133,2025-01-08,Medicaid,3429.33,2512.02,917.31,Approved
1200100,702478,100177,2021-07-24,Medicare,2550.92,2380.23,170.69,Partially Approved
1200101,703943,101777,2023-06-30,Medicaid,730.05,407.0,323.05,Partially Approved
1200102,703416,100394,2023-05-14,Private,4500.2,4396.58,103.62,Approved
1200103,702288,100972,2024-05-27,Medicare,4051.1,3865.19,185.91,Approved
1200104,702061,102483,2021-08-20,Private,1136.0,929.13,206.87,Partially Approved
1200105,706097,100922,2024-11-13,Medicare,3279.9,2891.98,3279.9,Denied
1200106,700787,101023,2021-01-22,Medicaid,3735.17,3622.43,112.74,Partially Approved
1200107,706333,100345,2024-12-30,Medicare,1627.86,898.75,729.11,Approved
1200108,703563,101654,2023-12-12,Private,1203.02,1061.99,141.03,Partially Approved
1200109,700165,101961,2025-07-10,Medicare,2100.17,1898.51,201.66,Approved
1200110,704580,101721,2025-08-07,Medicare,2482.33,2295.66,186.67,Approved
1200111,700880,100672,2024-12-19,Medicaid,2581.8,1628.67,953.13,Approved
1200112,701824,100753,2025-04-19,Medicare,758.8,511.39,247.41,Approved
1200113,703594,101236,2022-06-27,Private,3295.27,3207.95,87.32,Approved
1200114,703004,100804,2023-03-26,Medicare,1696.92,1100.77,596.15,Pending
1200115,706472,101837,2023-02-10,Private,1495.87,851.43,644.44,Pending
1200116,700967,100143,2024-08-19,Private,2479.57,1730.18,749.39,Approved
1200117,701049,101801,2022-01-10,Private,9403.99,,659.66,Partially Approved
1200118,700922,100621,2022-12-10,Medicaid,1701.08,1461.0,240.08,Approved
1200119,700852,101132,2022-09-14,Private,1739.6,1352.83,386.77,Approved
1200120,701909,101688,2021-09-12,Private,852.5,498.92,353.58,Approved
1200121,705470,101725,2021-12-12,Medicare,1658.75,1005.33,1658.75,Denied
1200122,705789,101356,2023-12-20,Medicare,436.82,292.72,144.1,Approved
1200123,702726,101184,2022-08-21,Private,5531.67,3989.56,1542.11,Partially Approved
1200124,701622,101101,2024-05-25,Medicare,2039.77,1562.99,476.78,Approved
1200125,702175,101344,2024-07-19,Medicare,4334.61,3741.18,4334.61,Denied
1200126,703599,102188,2021-04-15,Medicaid,3526.45,2273.84,1252.61,Partially Approved
1200127,706427,102148,2025-03-08,Private,12152.05,11050.75,1101.3,Approved
1200128,701825,102359,2023-06-09,Private,7283.53,6595.33,688.2,Approved
1200129,701386,101610,2024-12-30,Medicare,4985.24,3708.19,1277.05,Approved
1200130,706104,100133,2025-02-09,Private,1800.71,1660.7,140.01,Approved
1200131,701661,101781,2021-02-18,Medicare,3764.95,2536.68,1228.27,Approved
1200132,703990,101531,2024-11-19,Private,4460.67,2681.96,4460.67,Denied
1200133,704195,101979,2024-11-08,Private,35415.95,21196.54,14219.41,Approved
1200134,702913,101897,2023-06-06,Private,1689.33,1041.86,1689.33,Denied
1200135,700824,101445,2023-12-06,Private,1580.2,1316.05,264.15,Approved
1200136,705835,100179,2022-08-26,Medicaid,1393.19,872.45,520.74,Approved
1200137,703024,100467,2024-03-27,Private,4875.63,4204.48,671.15,Approved
1200138,702838,101019,2021-07-16,Private,2241.54,1502.23,739.31,Approved
1200139,704235,101992,2023-12-21,Private,1278.63,1057.32,221.31,Approved
1200140,701554,100443,2023-08-20,Private,2484.95,1918.29,566.66,Approved
1200141,704510,100610,2023-03-28,Private,2020.62,1430.7,589.92,Approved
1200142,704838,101285,2021-02-01,Private,1260.53,1086.96,173.57,Approved
1200143,705035,100876,2025-06-13,Medicaid,3265.23,3027.41,237.82,Approved
1200144,705664,100140,2023-07-17,Private,3185.97,2637.33,548.64,Partially Approved
1200145,705129,101012,2024-09-05,Private,690.1,512.24,177.86,Approved
1200146,700043,101539,2021-03-23,Medicaid,1616.49,1224.86,391.63,Approved
1200147,704680,101561,2022-08-11,Private,2635.46,1974.82,660.64,Approved
1200148,703491,102101,2023-12-01,Medicare,4343.89,3300.92,1042.97,Approved
1200149,701636,101370,2022-02-11,Private,761.33,604.36,156.97,Partially Approved
1200150,700592,102088,2022-04-20,Private,2239.21,1907.39,2239.21,Denied
1200151,701426,101531,2021-08-07,Medicaid,4991.44,3623.06,1368.38,Approved
1200152,703983,101845,2021-06-12,Private,3396.6,3054.63,341.97,Approved
1200153,706223,101826,2023-08-02,Private,2343.27,1361.78,981.49,Approved
1200154,703318,101130,2023-11-30,Medicare,4501.94,3546.65,955.29,Approved
1200155,700057,101835,2025-06-27,Private,5994.38,3846.23,2148.15,Approved
1200156,703044,101281,2024-09-20,Private,1121.3,694.7,426.6,Approved
1200157,702828,100799,2025-07-31,Private,1490.06,1094.66,395.4,Approved
1200158,705893,101108,2025-09-20,Private,1000.63,957.21,43.42,Approved
1200159,705947,100054,2024-11-08,Private,5504.31,3615.19,1889.12,Approved
1200160,703298,102109,2021-04-25,Private,1827.04,1110.09,716.95,Approved
1200161,702916,101901,2023-12-07,Medicaid,7365.39,6721.58,643.81,Approved
1200162,700624,101677,2021-04-27,Medicaid,4088.87,2639.01,4088.87,Denied
1200163,702892,101290,2021-01-06,Medicare,1367.96,1089.58,278.38,Approved
1200164,704435,101329,2023-04-14,Medicaid,2104.92,1851.41,253.51,Approved
1200165,702564,100278,2023-03-07,Medicare,909.72,549.88,359.84,Approved
1200166,700554,100470,2023-02-22,Private,1286.79,877.56,409.23,Approved
1200167,702961,101688,2023-06-21,Medicare,4093.11,3581.85,511.26,Approved
1200168,703058,100764,2025-06-20,Medicaid,1982.58,1446.71,535.87,Approved
1200169,700132,100641,2021-06-01,Private,6549.35,6405.14,6549.35,Denied
1200170,701539,101592,2024-08-10,Medicaid,2535.46,1418.85,1116.61,Approved
1200171,703623,100744,2022-12-24,Medicaid,1149.3,760.14,389.16,Approved
1200172,700036,100239,2022-02-10,Medicaid,3348.58,2347.99,1000.59,Approved
1200173,705350,100024,2024-11-03,Uninsured,2061.16,1636.21,424.95,Partially Approved
1200174,703877,100816,2023-03-21,Medicare,1060.72,913.83,146.89,Approved
1200175,705779,102417,2021-02-12,Medicare,1148.63,716.19,432.44,Approved
1200176,702215,101215,2022-12-21,Medicare,3912.24,2879.11,1033.13,Approved
1200177,700728,101722,2025-10-22,Medicaid,5055.42,3021.31,2034.11,Approved
1200178,706415,100727,2021-05-22,Medicaid,924.77,828.92,95.85,Approved
1200179,701333,100236,2023-07-10,Private,1685.79,1409.27,276.52,Approved
1200180,704027,101577,2023-06-30,Medicaid,8424.95,6132.9,2292.05,Approved
1200181,704480,100954,2022-04-07,Uninsured,2252.06,1555.53,696.53,Partially Approved
1200182,706315,102035,2022-06-11,Private,2238.93,1436.65,802.28,Approved
1200183,700652,101426,2022-12-21,Medicaid,3127.58,2592.72,534.86,Partially Approved
1200184,701676,101472,2025-03-12,Private,3627.33,3127.01,500.32,Pending
1200185,700578,101830,2025-06-12,Medicaid,755.78,672.6,83.18,Partially Approved
1200186,703454,100828,2021-08-07,Medicaid,3181.99,2365.2,816.79,Approved
1200187,702567,100164,2022-11-21,Private,4806.86,4240.5,566.36,Approved
1200188,700804,101946,2023-02-12,Medicaid,13417.34,11644.31,1773.03,Approved
1200189,705309,100921,2025-09-09,Medicare,497.4,414.09,83.31,Approved
1200190,704019,101896,2025-09-23,Private,4012.44,2646.35,1366.09,Approved
1200191,702022,100798,2025-05-31,Medicare,765.09,488.65,276.44,Approved
1200192,705191,100162,2025-04-14,Private,4474.01,2578.65,1895.36,Approved
1200193,701016,100085,2021-09-13,Private,2836.41,2622.19,214.22,Pending
1200194,705554,100571,2024-02-07,Medicare,3119.24,2735.01,384.23,Approved
1200195,703064,100625,2022-09-26,Private,1078.93,688.36,390.57,Approved
1200196,701415,100476,2024-05-15,Private,1161.05,899.11,261.94,Approved
1200197,705412,102201,2025-03-03,Medicaid,1028.21,714.81,313.4,Approved
1200198,705203,101217,2024-12-08,Medicare,3177.12,2431.41,745.71,Approved
1200199,701404,101210,2023-05-20,Private,8229.4,6437.02,1792.38,Approved
1200200,702933,101317,2022-04-08,Medicare,1791.36,1435.63,355.73,Approved
1200201,705050,100156,2022-02-21,Private,4827.62,3542.55,4827.62,Denied
1200202,702557,101398,2022-12-23,Medicaid,1929.62,1735.68,193.94,Approved
1200203,702899,100021,2025-02-10,Medicare,1562.72,1286.1,276.62,Approved
1200204,703964,100353,2022-06-11,Private,2147.43,1317.63,829.8,Approved
1200205,702056,100571,2021-01-26,Private,1299.22,1032.03,267.19,Approved
1200206,701950,101668,2021-09-12,Private,674.64,628.79,45.85,Partially Approved
1200207,701953,101213,2023-05-12,Medicare,6394.76,5322.58,6394.76,Denied
1200208,706479,100647,2021-08-26,Medicaid,1868.8,1230.95,637.85,Approved
1200209,705340,102444,2022-06-24,Medicaid,5332.76,4858.17,474.59,Approved
1200210,703539,100720,2023-07-10,Medicaid,2326.65,2111.36,215.29,Partially Approved
1200211,701699,101070,2025-10-22,Medicare,2015.73,1459.04,556.69,Approved
1200212,702257,100549,2021-05-03,Private,2627.08,2149.7,477.38,Approved
1200213,703402,100245,2021-07-25,Private,5085.54,4639.12,5085.54,Denied
1200214,704932,100485,2024-06-09,Medicare,5457.15,3484.77,1972.38,Approved
1200215,702992,100872,2023-01-25,Private,2475.56,2058.55,417.01,Approved
1200216,703758,100725,2024-08-02,Private,1607.61,1420.5,187.11,Approved
1200217,706273,102145,2022-08-04,Medicare,10060.83,9222.81,838.02,Approved
1200218,704083,102274,2025-07-13,Medicaid,1439.21,1074.05,365.16,Approved
1200219,700071,101453,2024-08-17,Medicare,1558.28,1434.94,123.34,Partially Approved
1200220,706261,100622,2024-04-05,Medicare,2842.43,2604.05,238.38,Partially Approved
1200221,706451,101156,2021-09-18,Medicare,1073.58,936.07,137.51,Approved
1200222,706259,102154,2025-02-11,Private,678.45,519.52,158.93,Partially Approved
1200223,701535,102296,2023-07-23,Private,3755.42,3521.63,233.79,Approved
1200224,700356,100263,2023-10-26,Private,6466.05,5733.63,732.42,Approved
1200225,703414,101640,2024-09-25,Medicaid,4597.84,3689.91,907.93,Approved
1200226,705105,102396,2022-07-06,Medicaid,4594.91,,1067.37,Approved
1200227,702846,101033,2023-08-12,Private,1727.48,1182.51,544.97,Approved
1200228,701659,101941,2025-02-04,Private,5095.02,3131.78,1963.24,Approved
1200229,702421,101001,2024-10-14,Private,3364.55,2400.06,964.49,Approved
1200230,702426,100139,2023-10-27,Medicare,4576.96,2794.93,1782.03,Approved
1200231,700060,102030,2022-02-01,Medicaid,2084.88,1604.62,480.26,Approved
1200232,703293,102473,2022-01-22,Medicaid,1364.19,1042.25,321.94,Partially Approved
1200233,705915,102077,2025-04-10,Medicare,298.24,282.09,16.15,Approved
1200234,700298,100263,2021-07-07,Medicaid,4756.41,4504.63,251.78,Approved
1200235,703015,100479,2024-08-05,Medicare,961.07,812.33,148.74,Approved
1200236,703222,102120,2025-11-05,Private,3597.36,2829.39,767.97,Approved
1200237,706392,100604,2025-09-05,Medicaid,1884.4,1234.34,650.06,Approved
1200238,706025,100659,2022-11-07,Private,1038.25,600.66,1038.25,Denied
1200239,704698,102321,2022-10-02,Medicaid,1186.17,995.09,191.08,Approved
1200240,703053,101721,2022-06-06,Medicare,7334.05,4582.17,2751.88,Pending
1200241,701063,102466,2025-12-06,Private,3498.49,3401.56,96.93,Approved
1200242,701868,100079,2024-11-16,Medicare,2193.21,1503.66,689.55,Approved
1200243,705712,100123,2023-08-28,Private,1073.31,955.54,117.77,Approved
1200244,703796,101193,2025-03-27,Medicaid,4220.31,3119.49,1100.82,Approved
1200245,701441,101756,2023-03-01,Private,2923.43,2151.72,771.71,Approved
1200246,703710,101142,2022-03-08,Medicaid,2636.68,2132.38,504.3,Approved
1200247,705117,100823,2023-06-14,Private,1514.31,974.56,539.75,Approved
1200248,703642,100720,2022-06-04,Medicaid,5467.96,3287.53,2180.43,Approved
1200249,705404,102143,2022-11-29,Uninsured,1540.35,1033.05,507.3,Partially Approved
1200250,700479,100200,2021-02-07,Private,2574.1,2418.92,2574.1,Denied
1200251,700320,101274,2023-04-08,Private,4969.55,2999.83,4969.55,Denied
1200252,706121,101493,2021-08-12,Medicare,5988.61,5192.21,796.4,Partially Approved
1200253,700129,101691,2022-11-10,Private,1668.97,1326.18,342.79,Approved
1200254,702926,101738,2023-05-24,Uninsured,1120.2,779.15,341.05,Partially Approved
1200255,705855,101603,2025-02-05,Private,2940.13,1641.5,1298.63,Pending
1200256,700181,100626,2021-05-21,Private,6808.34,6406.29,402.05,Partially Approved
1200257,700668,101943,2023-04-17,Medicare,807.03,588.53,218.5,Approved
1200258,706464,102477,2025-03-13,Medicare,3917.74,2201.33,1716.41,Partially Approved
1200259,701625,100833,2022-09-23,Medicaid,998.32,923.99,74.33,Approved
1200260,704926,101983,2024-09-25,Private,1459.4,1121.79,337.61,Partially Approved
1200261,705392,100692,2022-04-19,Medicare,2433.9,2216.54,2433.9,Denied
1200262,705322,101498,2021-08-18,Medicare,2527.54,1677.13,850.41,Pending
1200263,702329,100743,2023-09-17,Private,2161.57,1992.33,169.24,Approved
1200264,706384,100148,2025-11-23,Medicare,2402.06,1564.38,837.68,Partially Approved
1200265,703900,100169,2021-10-27,Private,616.93,407.47,209.46,Approved
1200266,703485,102189,2022-09-18,Private,4025.61,2842.97,1182.64,Approved
1200267,705690,102324,2024-04-15,Medicaid,1468.33,1036.04,432.29,Partially Approved
1200268,702499,101102,2021-05-19,Private,19685.72,17714.64,1971.08,Partially Approved
1200269,704249,101401,2024-03-12,Private,3894.24,3126.25,767.99,Approved
1200270,701119,102098,2025-05-16,Medicare,1762.12,1648.37,113.75,Approved
1200271,705287,100254,2022-03-05,Medicaid,5536.27,5150.67,385.6,Approved
1200272,701547,101051,2022-06-07,Private,1724.44,1303.86,1724.44,Denied
1200273,702526,100884,2021-11-15,Medicaid,6763.18,4851.03,1912.15,Partially Approved
1200274,701704,101153,2025-04-19,Medicaid,4564.92,3559.04,1005.88,Approved
1200275,704922,101442,2024-04-04,Medicare,824.69,644.9,179.79,Partially Approved
1200276,702274,100322,2021-01-07,Private,1586.11,922.72,663.39,Pending
1200277,706012,102025,2025-12-13,Medicare,10723.84,7874.18,2849.66,Approved
1200278,703935,100778,2021-10-16,Private,3043.48,2356.48,687.0,Partially Approved
1200279,703018,100494,2023-10-08,Private,2188.87,1664.39,524.48,Partially Approved
1200280,705184,101130,2024-04-09,Medicaid,1814.03,1359.62,454.41,Approved
1200281,706038,100882,2023-03-05,Medicare,3118.0,2210.35,907.65,Approved
1200282,705582,100696,2021-10-18,Medicare,4074.27,3800.57,273.7,Approved
1200283,704553,101827,2024-09-25,Medicaid,1063.92,939.72,124.2,Partially Approved
1200284,700662,101621,2025-03-15,Medicare,1282.27,1137.59,144.68,Approved
1200285,700216,100076,2024-01-13,Medicare,3867.97,3766.37,101.6,Approved
1200286,702082,101937,2023-02-28,Private,2359.29,1491.62,867.67,Approved
1200287,705638,102289,2021-12-27,Medicaid,3365.27,1878.55,1486.72,Approved
1200288,704083,102131,2022-10-08,Private,2057.24,1964.97,92.27,Approved
1200289,705769,101232,2024-06-06,Private,850.79,641.46,209.33,Approved
1200290,701739,100391,2024-08-12,Medicare,1022.38,875.55,146.83,Approved
1200291,701032,100421,2021-02-26,Uninsured,688.75,416.56,272.19,Partially Approved
1200292,704937,101845,2025-12-24,Medicare,6048.71,4609.27,6048.71,Denied
1200293,703094,100170,2024-05-22,Medicare,1254.54,,265.53,Approved
1200294,702638,100785,2024-06-03,Medicaid,3335.69,1840.55,1495.14,Approved
1200295,702522,101175,2022-09-05,Private,1656.53,1561.06,95.47,Approved
1200296,703295,101440,2021-08-31,Medicaid,1222.67,955.64,267.03,Approved
1200297,700411,100521,2024-05-19,Private,2832.77,2320.9,511.87,Partially Approved
1200298,702099,101409,2024-06-21,Private,5325.6,4871.27,454.33,Pending
1200299,700993,100008,2021-07-05,Medicaid,822.57,664.16,158.41,Approved
1200300,706037,100920,2023-10-24,Medicare,440.72,352.03,88.69,Approved
1200301,705723,100525,2021-11-13,Private,236.81,160.45,76.36,Approved
1200302,705763,101028,2022-11-06,Private,3896.36,2283.55,1612.81,Approved
1200303,706103,100780,2021-02-01,Uninsured,3434.77,2755.44,679.33,Partially Approved
1200304,705487,101957,2024-02-19,Private,5963.38,3769.69,2193.69,Approved
1200305,704401,100118,2021-08-29,Private,6240.66,3486.4,2754.26,Approved
1200306,706394,100430,2022-12-29,Private,1371.08,1122.33,1371.08,Denied
1200307,700556,102099,2025-01-09,Medicare,3423.71,3103.18,320.53,Approved
1200308,700842,101292,2023-12-02,Medicare,890.7,515.01,375.69,Approved
1200309,703378,100634,2023-07-02,Medicare,461.17,271.97,461.17,Denied
1200310,703406,100798,2022-06-10,Private,938.24,546.06,392.18,Partially Approved
1200311,700371,100425,2022-05-09,Private,1321.75,991.46,330.29,Approved
1200312,700609,100091,2023-08-27,Medicaid,2403.06,1708.83,694.23,Approved
1200313,704629,100294,2021-05-09,Medicare,824.07,695.77,128.3,Pending
1200314,705109,101531,2025-09-03,Medicare,5475.86,4137.46,1338.4,Approved
1200315,701374,102465,2024-06-28,Private,4487.65,2568.45,1919.2,Approved
1200316,705714,101077,2023-02-11,Medicaid,3784.0,3616.28,167.72,Partially Approved
1200317,703950,101340,2024-02-27,Medicaid,914.9,700.48,214.42,Partially Approved
1200318,702038,102141,2024-07-01,Private,2661.18,1922.82,2661.18,Denied
1200319,705685,100813,2024-04-15,Medicaid,2145.17,1807.99,337.18,Approved
1200320,701136,100313,2024-07-14,Private,9353.69,7039.02,2314.67,Approved
1200321,701523,100756,2021-03-17,Medicaid,2016.08,1452.8,563.28,Partially Approved
1200322,703521,100208,2021-11-18,Medicaid,1524.65,1348.07,176.58,Approved
1200323,701809,100471,2023-06-07,Uninsured,2429.25,1750.2,679.05,Partially Approved
1200324,706424,101776,2025-11-29,Medicaid,2206.64,1398.0,808.64,Partially Approved
1200325,705001,101634,2023-04-01,Private,2285.86,2121.52,164.34,Partially Approved
1200326,703823,100962,2023-02-19,Private,471.75,443.11,28.64,Approved
1200327,700708,100648,2022-09-27,Medicare,1581.37,1029.52,551.85,Approved
1200328,705914,100812,2022-06-12,Medicare,1301.12,908.6,392.52,Approved
1200329,701194,102234,2025-07-02,Uninsured,1813.81,1125.8,688.01,Approved
1200330,702592,100101,2024-03-04,Medicare,3595.74,2866.39,729.35,Approved
1200331,706017,101930,2022-10-31,Medicare,689.69,438.26,251.43,Approved
1200332,706381,102345,2025-05-26,Private,2333.65,1367.57,966.08,Approved
1200333,701519,101426,2025-04-11,Medicare,3392.45,2832.18,560.27,Approved
1200334,703034,100516,2022-07-09,Medicare,4199.95,2733.83,1466.12,Approved
1200335,703886,100840,2025-10-07,Private,2174.97,1653.4,521.57,Approved
1200336,701139,100235,2023-07-29,Private,2453.19,2285.9,167.29,Partially Approved
1200337,701213,102169,2025-12-25,Medicaid,1233.63,931.64,301.99,Approved
1200338,706189,100644,2025-08-31,Medicaid,5758.11,4045.72,5758.11,Denied
1200339,706443,101480,2024-05-28,Medicare,4812.46,3163.81,1648.65,Approved
1200340,700101,100817,2024-08-12,Private,4684.67,3510.23,1174.44,Approved
1200341,700663,101915,2024-07-29,Private,2064.56,1665.7,398.86,Partially Approved
1200342,700763,101235,2025-05-21,Medicare,3868.69,3199.87,668.82,Partially Approved
1200343,700146,100348,2021-11-28,Private,1659.28,1229.36,429.92,Partially Approved
1200344,706180,101344,2022-07-17,Medicare,3168.79,2767.47,401.32,Approved
1200345,706246,101054,2022-11-14,Medicaid,2100.63,1972.53,128.1,Approved
1200346,701433,100261,2021-01-10,Uninsured,1221.82,878.7,343.12,Approved
1200347,700358,102005,2024-10-30,Private,2723.88,2271.29,452.59,Approved
1200348,704882,102093,2023-02-20,Private,5694.32,5125.19,569.13,Approved
1200349,701435,100442,2024-07-15,Private,9517.44,5765.06,3752.38,Approved
1200350,700821,102247,2021-02-15,Private,2745.21,2497.32,2745.21,Denied
1200351,705742,100407,2023-07-18,Medicaid,6862.17,4310.4,2551.77,Approved
1200352,702593,100944,2022-03-13,Private,1121.74,819.35,302.39,Approved
1200353,700213,100091,2024-03-13,Medicare,1803.75,1557.86,245.89,Approved
1200354,703952,100909,2025-03-30,Private,3110.02,2242.73,867.29,Pending
1200355,704507,100250,2021-07-25,Medicare,4239.37,2632.13,1607.24,Approved
1200356,703623,100798,2023-05-19,Private,3236.27,3035.28,200.99,Approved
1200357,704824,100824,2024-03-04,Uninsured,1103.68,1051.4,52.28,Approved
1200358,701563,101917,2025-04-29,Private,1722.17,1409.87,312.3,Approved
1200359,704674,100728,2023-11-30,Medicare,5860.0,4998.67,861.33,Approved
1200360,705112,102146,2024-04-12,Medicare,1997.89,1921.58,1997.89,Denied
1200361,703942,101836,2023-09-07,Medicare,4974.82,2937.62,2037.2,Partially Approved
1200362,701703,101461,2022-02-03,Medicaid,5828.42,4036.42,1792.0,Pending
1200363,703466,101780,2025-04-04,Private,14749.24,9496.83,5252.41,Approved
1200364,700400,102169,2021-02-25,Private,1884.52,1688.24,196.28,Approved
1200365,703996,100027,2024-02-28,Private,1523.79,1314.06,209.73,Pending
1200366,701253,100065,2024-12-03,Private,4147.34,3567.28,580.06,Approved
1200367,703388,100620,2021-09-20,Private,2122.99,1807.45,315.54,Approved
1200368,705028,101296,2022-03-25,Private,6259.51,4957.33,1302.18,Pending
1200369,702049,101003,2024-08-18,Private,1426.23,1149.29,276.94,Approved
1200370,703958,100124,2023-03-16,Medicare,3201.45,3118.58,3201.45,Denied
1200371,705317,100992,2021-05-15,Medicaid,1139.66,861.04,278.62,Approved
1200372,703634,101895,2021-11-23,Medicare,1834.9,1482.73,352.17,Approved
1200373,702274,101614,2024-10-27,Medicare,871.07,634.27,236.8,Approved
1200374,701679,101414,2023-02-23,Medicare,702.01,427.0,702.01,Denied
1200375,701640,100162,2021-02-19,Medicaid,1906.59,1684.19,222.4,Partially Approved
1200376,701690,100258,2024-05-03,Medicaid,3883.95,3109.55,774.4,Approved
1200377,704567,100024,2021-04-02,Medicare,2232.04,1786.57,445.47,Approved
1200378,705213,100901,2025-03-31,Private,1879.84,1499.22,380.62,Approved
1200379,703869,101453,2022-09-04,Medicaid,2503.8,2237.6,266.2,Approved
1200380,701317,100363,2022-09-06,Medicaid,1911.34,1549.44,361.9,Approved
1200381,705317,101001,2021-10-31,Medicare,8723.18,5968.99,2754.19,Partially Approved
1200382,702908,101575,2023-02-08,Medicare,1719.19,1351.34,367.85,Approved
1200383,706254,101217,2021-04-03,Private,1167.01,912.75,254.26,Approved
1200384,702910,101157,2022-03-15,Uninsured,2692.94,1630.91,2692.94,Denied
1200385,701569,101176,2023-06-05,Medicare,7567.04,5111.35,2455.69,Approved
1200386,700783,102326,2023-02-24,Private,602.09,516.7,85.39,Partially Approved
1200387,705233,100359,2024-01-15,Medicaid,11651.1,6619.45,5031.65,Partially Approved
1200388,703905,101124,2021-01-31,Medicare,3202.98,2906.58,296.4,Pending
1200389,701817,101678,2024-03-21,Private,2563.65,2402.82,160.83,Approved
1200390,702367,100964,2024-08-27,Medicare,5902.26,4608.62,1293.64,Approved
1200391,704779,101055,2024-06-24,Private,3201.22,2537.51,663.71,Approved
1200392,703481,101347,2021-11-21,Uninsured,4177.73,3035.3,1142.43,Approved
1200393,701976,100139,2023-12-27,Medicare,2531.39,1929.26,602.13,Approved
1200394,701987,101372,2022-04-28,Medicare,1437.2,975.64,461.56,Approved
1200395,701877,101056,2024-01-05,Private,5291.77,4905.93,385.84,Approved
1200396,702519,100736,2023-11-21,Medicare,1679.74,1213.12,466.62,Approved
1200397,700277,100260,2023-08-27,Private,1054.96,954.91,1054.96,Denied
1200398,701802,102160,2021-09-21,Medicare,3011.75,2019.85,991.9,Approved
1200399,702832,101990,2025-11-05,Medicaid,1557.21,871.94,685.27,Approved
1200400,704367,101401,2024-06-01,Medicaid,3268.61,3189.44,79.17,Approved
1200401,705211,100838,2025-02-10,Medicaid,1454.56,1217.3,237.26,Approved
1200402,706384,101181,2022-12-25,Private,1048.91,710.27,338.64,Approved
1200403,703855,100659,2022-10-09,Private,1125.08,639.11,485.97,Approved
1200404,703663,101391,2024-04-26,Private,1895.42,1603.49,291.93,Approved
1200405,704609,101956,2021-07-25,Medicaid,844.7,663.33,181.37,Approved
1200406,701006,100720,2023-07-12,Private,1308.0,1237.27,70.73,Approved
1200407,704091,101255,2021-07-27,Medicaid,5888.78,4190.09,1698.69,Approved
1200408,700697,101618,2022-01-13,Private,2135.29,1475.51,659.78,Approved
1200409,704245,100598,2023-03-06,Medicaid,2471.83,2317.18,154.65,Approved
1200410,704613,101766,2022-07-13,Private,1758.58,1414.55,344.03,Approved
1200411,704131,101482,2022-05-30,Medicaid,4404.81,2769.36,1635.45,Approved
1200412,705786,100898,2025-02-09,Uninsured,2632.4,1901.55,730.85,Approved
1200413,700492,101786,2023-01-09,Medicare,2861.68,2280.15,2861.68,Denied
1200414,706389,100899,2025-09-08,Medicaid,4193.24,3511.36,681.88,Approved
1200415,700338,100656,2021-07-09,Medicaid,2599.38,1812.56,786.82,Approved
1200416,705571,101247,2021-02-06,Uninsured,981.88,566.97,414.91,Approved
1200417,703852,102037,2024-06-11,Medicare,506.79,325.76,181.03,Approved
1200418,700971,102349,2023-09-19,Private,2074.73,1349.66,725.07,Approved
1200419,705963,100283,2022-01-18,Private,3731.97,2603.77,1128.2,Approved
1200420,705038,100789,2024-04-18,Medicare,871.98,491.08,871.98,Denied
1200421,705350,101031,2023-02-24,Private,2400.46,1569.9,2400.46,Denied
1200422,702733,100135,2024-02-22,Private,3858.75,2420.4,1438.35,Partially Approved
1200423,705488,101962,2021-02-26,Private,2992.59,2463.27,529.32,Approved
1200424,703256,102150,2024-03-16,Private,3166.87,2735.91,430.96,Approved
1200425,703006,101943,2021-08-27,Private,2590.93,2177.52,413.41,Approved
1200426,701710,102036,2022-01-31,Private,534.9,493.13,41.77,Approved
1200427,706292,100283,2025-01-21,Private,6886.08,6624.19,261.89,Approved
1200428,700183,102325,2022-06-23,Private,3172.99,2722.81,450.18,Approved
1200429,701149,102419,2024-04-27,Medicaid,1281.17,965.27,1281.17,Denied
1200430,703466,102079,2023-05-07,Private,2408.44,2321.69,86.75,Approved
1200431,704212,101534,2023-10-15,Private,2857.05,1761.39,1095.66,Approved
1200432,702160,102082,2024-04-17,Private,3768.98,2936.03,832.95,Approved
1200433,701102,102304,2023-07-30,Private,1374.01,1171.96,202.05,Partially Approved
1200434,704197,101976,2022-09-29,Private,4987.39,3528.3,1459.09,Approved
1200435,703588,100853,2025-10-19,Medicare,974.32,576.78,397.54,Approved
1200436,703333,101108,2021-05-26,Medicaid,2233.31,2133.6,99.71,Approved
1200437,702702,100709,2022-06-29,Uninsured,4871.58,4746.25,125.33,Partially Approved
1200438,704876,102270,2024-04-17,Private,1022.24,647.64,374.6,Approved
1200439,702958,101182,2025-03-05,Private,4330.86,2798.66,1532.2,Approved
1200440,702550,100776,2025-04-05,Uninsured,842.93,596.2,246.73,Approved
1200441,705130,100836,2021-04-02,Medicare,2428.86,1744.67,684.19,Partially Approved
1200442,702045,100683,2021-12-18,Medicare,1618.65,1539.01,79.64,Approved
1200443,701162,100635,2022-04-17,Medicare,1141.14,629.83,511.31,Approved
1200444,703136,100038,2024-06-13,Private,2174.83,1710.99,463.84,Approved
1200445,703083,100866,2024-06-12,Private,2507.7,1962.16,545.54,Approved
1200446,702995,100767,2025-10-31,Private,3191.61,1766.15,1425.46,Partially Approved
1200447,704678,101028,2023-06-22,Private,5569.37,3522.66,2046.71,Partially Approved
1200448,705177,101395,2024-02-24,Medicare,2308.84,1274.68,1034.16,Pending
1200449,702166,102440,2023-06-26,Medicare,2924.23,2437.81,486.42,Approved
1200450,702257,100542,2022-10-07,Private,4112.5,3904.66,207.84,Approved
1200451,701977,100841,2024-08-14,Medicaid,5079.67,3470.51,1609.16,Approved
1200452,705342,101631,2025-11-21,Private,5075.25,4218.82,856.43,Approved
1200453,706440,101307,2025-01-12,Private,4767.36,4127.59,639.77,Approved
1200454,700293,100813,2023-09-28,Private,1036.41,938.29,1036.41,Denied
1200455,701308,101799,2023-07-20,Private,5345.56,4424.65,920.91,Approved
1200456,703161,100641,2023-01-24,Private,2531.81,1928.99,602.82,Approved
1200457,702478,102428,2025-03-13,Private,9405.06,7313.73,2091.33,Pending
1200458,704740,101174,2022-05-12,Private,620.94,558.04,620.94,Denied
1200459,702228,100328,2025-07-31,Private,6437.09,4586.33,1850.76,Pending
1200460,703296,101500,2024-08-30,Medicare,1218.51,1130.12,88.39,Pending
1200461,706142,100722,2022-12-19,Medicaid,1951.76,1545.81,405.95,Approved
1200462,701126,102482,2021-11-06,Medicaid,926.59,521.99,404.6,Pending
1200463,703958,101841,2022-01-16,Medicare,1700.93,1164.16,536.77,Approved
1200464,704435,101175,2023-11-01,Private,4434.19,3632.31,801.88,Partially Approved
1200465,704483,101647,2025-06-22,Private,7104.89,5933.33,1171.56,Partially Approved
1200466,700335,100454,2021-05-08,Private,4312.59,3749.06,563.53,Approved
1200467,704240,100793,2024-06-05,Private,1114.9,896.91,217.99,Approved
1200468,706058,102499,2025-08-30,Medicaid,1173.35,1047.62,125.73,Approved
1200469,700791,100229,2023-06-30,Medicaid,6162.19,5576.36,585.83,Approved
1200470,702992,100897,2023-05-26,Uninsured,1254.12,946.84,307.28,Approved
1200471,701783,100036,2025-09-11,Private,3145.24,2220.95,924.29,Approved
1200472,701188,100652,2025-06-16,Medicaid,2251.34,1390.64,860.7,Approved
1200473,704566,100190,2023-02-11,Medicare,5132.28,4669.57,462.71,Approved
1200474,706181,102480,2021-08-04,Private,2182.01,1542.3,639.71,Approved
1200475,705074,101480,2021-03-18,Private,1318.81,1123.49,195.32,Approved
1200476,702051,101311,2025-02-17,Private,1407.13,900.25,506.88,Pending
1200477,700293,101202,2024-11-06,Medicare,3300.78,2029.44,1271.34,Approved
1200478,705642,101250,2022-07-05,Private,1504.99,1082.73,422.26,Approved
1200479,702040,101507,2021-10-02,Medicare,6870.92,4192.76,2678.16,Approved
1200480,702600,101430,2021-05-15,Medicare,748.62,608.83,139.79,Approved
1200481,701004,102003,2021-09-12,Private,8596.79,6457.37,2139.42,Approved
1200482,704913,102281,2022-10-04,Medicaid,7658.35,6065.57,1592.78,Partially Approved
1200483,706327,101923,2025-02-15,Private,3943.88,3212.85,3943.88,Denied
1200484,703498,101567,2021-11-26,Private,13296.6,9693.42,3603.18,Partially Approved
1200485,700744,100031,2024-02-29,Private,3628.18,2196.93,1431.25,Partially Approved
1200486,701350,101309,2021-10-09,Private,2969.66,1712.87,1256.79,Approved
1200487,705663,100586,2024-10-22,Uninsured,3291.84,2542.95,748.89,Approved
1200488,706466,100246,2024-10-20,Medicaid,5910.85,5050.4,860.45,Approved
1200489,700824,101292,2025-08-27,Private,4323.46,2912.95,1410.51,Approved
1200490,700686,101251,2022-07-25,Medicaid,1937.41,1338.97,598.44,Partially Approved
1200491,705106,100107,2023-07-03,Private,4669.74,3440.26,1229.48,Partially Approved
1200492,701837,100905,2025-10-11,Private,498.73,324.68,174.05,Approved
1200493,703112,100758,2025-11-10,Private,4757.05,2802.81,1954.24,Partially Approved
1200494,705998,100243,2022-10-24,Medicaid,3831.29,2643.55,1187.74,Approved
1200495,701686,100474,2022-08-28,Private,745.38,411.24,334.14,Approved
1200496,703308,100028,2021-01-09,Medicaid,448.74,372.43,76.31,Approved
1200497,704244,101793,2024-06-10,Medicare,3171.98,1988.67,1183.31,Approved
1200498,701170,102206,2025-08-23,Private,4721.05,3692.23,1028.82,Approved
1200499,700120,100898,2023-12-15,Private,560.26,468.79,91.47,Approved
1200500,700683,101613,2025-11-29,Medicaid,3323.07,2856.61,466.46,Partially Approved
1200501,704678,102056,2025-02-20,Medicaid,2579.28,2017.81,561.47,Pending
1200502,703039,100770,2023-02-07,Private,2427.82,1571.75,856.07,Approved
1200503,703833,100202,2023-01-29,Medicaid,5309.38,4662.93,646.45,Approved
1200504,702854,102152,2023-03-05,Private,3190.64,2665.78,524.86,Partially Approved
1200505,701389,101130,2021-10-31,Medicare,1623.67,1242.32,381.35,Approved
1200506,701249,101092,2023-10-23,Private,3109.1,2083.12,1025.98,Approved
1200507,702809,101142,2024-10-14,Private,1004.29,948.34,55.95,Partially Approved
1200508,701297,100913,2021-12-28,Medicaid,2554.9,1637.68,917.22,Approved
1200509,702255,100298,2023-10-28,Medicaid,1849.76,1547.08,302.68,Approved
1200510,705692,101719,2023-07-04,Uninsured,9282.19,8263.6,1018.59,Approved
1200511,705327,100936,2021-03-30,Medicare,5078.58,4042.05,1036.53,Partially Approved
1200512,700418,102040,2025-09-29,Medicaid,932.57,534.8,932.57,Denied
1200513,700811,100416,2021-06-16,Private,3277.04,2029.56,3277.04,Denied
1200514,703906,102499,2023-07-07,Medicaid,10071.65,6078.85,3992.8,Approved
1200515,702870,100652,2023-10-29,Private,3590.34,2064.3,1526.04,Approved
1200516,704457,100477,2024-04-20,Private,2614.99,2058.45,556.54,Partially Approved
1200517,703451,100499,2025-12-15,Private,9354.75,6781.42,2573.33,Partially Approved
1200518,705907,100296,2021-11-14,Private,1682.08,1332.22,349.86,Approved
1200519,702346,100048,2023-08-06,Private,667.48,645.46,22.02,Approved
1200520,701231,102227,2022-03-25,Private,2443.07,1813.92,629.15,Partially Approved
1200521,703656,101290,2023-02-20,Private,2725.1,1879.41,845.69,Approved
1200522,700250,100134,2021-07-22,Medicare,2074.53,1723.18,351.35,Approved
1200523,702153,102412,2021-01-30,Medicaid,1210.83,803.06,407.77,Approved
1200524,705449,100616,2021-02-06,Uninsured,492.09,345.9,146.19,Approved
1200525,702922,100465,2023-03-15,Private,2042.3,1266.31,775.99,Approved
1200526,701319,100371,2021-07-05,Private,2437.97,2085.27,352.7,Approved
1200527,702860,100241,2024-08-11,Medicare,8484.21,5213.08,3271.13,Approved
1200528,705447,100975,2024-09-08,Medicare,3236.04,2007.49,1228.55,Approved
1200529,703325,101738,2021-07-22,Private,1086.05,947.68,138.37,Approved
1200530,702602,100470,2024-09-23,Private,4244.85,2787.65,1457.2,Partially Approved
1200531,706257,101511,2024-09-05,Private,4076.91,3165.42,911.49,Partially Approved
1200532,704921,101157,2024-07-15,Uninsured,3293.86,2008.43,1285.43,Partially Approved
1200533,703436,100103,2024-06-20,Medicaid,5481.95,4917.31,564.64,Approved
1200534,703262,100072,2021-05-29,Private,1832.51,1217.26,615.25,Approved
1200535,701199,101149,2025-02-02,Private,1001.98,836.1,165.88,Approved
1200536,703458,100912,2023-02-06,Medicaid,1144.56,894.23,250.33,Approved
1200537,701001,100058,2022-08-10,Medicaid,666.26,564.93,666.26,Denied
1200538,703879,101872,2022-06-10,Private,1056.56,814.83,241.73,Approved
1200539,700665,101542,2022-01-14,Medicare,2129.43,1456.7,672.73,Approved
1200540,702807,101694,2022-12-14,Private,784.41,458.38,326.03,Approved
1200541,704926,100247,2022-12-26,Private,1058.85,1013.27,45.58,Approved
1200542,702663,100844,2022-01-31,Medicare,1837.2,1162.16,675.04,Partially Approved
1200543,702227,100918,2024-03-06,Medicare,1216.74,851.38,365.36,Approved
1200544,702268,101350,2022-12-27,Private,2146.38,1600.15,546.23,Approved
1200545,706465,100584,2024-04-23,Private,1495.7,1392.42,103.28,Partially Approved
1200546,700638,101880,2025-10-15,Private,638.73,566.87,71.86,Approved
1200547,702415,100668,2025-06-03,Medicare,1182.82,938.29,244.53,Approved
1200548,706063,100658,2021-08-22,Medicare,2238.94,1685.58,553.36,Approved
1200549,701662,101042,2023-02-18,Medicaid,1348.05,1249.86,98.19,Approved
1200550,705336,101333,2021-07-28,Medicare,6489.16,6094.6,6489.16,Denied
1200551,700304,102135,2025-09-30,Private,1792.49,1444.45,348.04,Approved
1200552,705050,102063,2023-02-04,Medicaid,903.51,876.82,26.69,Approved
1200553,704442,102224,2021-02-20,Private,2835.67,2453.98,381.69,Approved
1200554,704348,101585,2023-04-13,Private,2469.74,1361.02,2469.74,Denied
1200555,701526,100117,2023-11-20,Private,1330.36,793.71,536.65,Approved
1200556,701594,101025,2022-11-21,Medicaid,3704.05,2859.1,3704.05,Denied
1200557,702019,100716,2023-05-17,Private,1337.03,1267.22,69.81,Approved
1200558,700134,100708,2022-04-30,Medicaid,11203.84,8344.87,11203.84,Denied
1200559,703563,100146,2023-06-27,Medicare,1583.67,1206.06,377.61,Partially Approved
1200560,704258,101580,2023-07-14,Medicare,1850.79,1673.14,177.65,Approved
1200561,700891,100070,2021-03-12,Uninsured,1325.65,1249.83,75.82,Partially Approved
1200562,702934,100557,2022-03-01,Private,4004.72,2218.0,1786.72,Approved
1200563,705465,100034,2023-04-19,Private,3554.92,2027.31,3554.92,Denied
1200564,703167,102340,2025-04-16,Private,1355.26,1302.83,52.43,Approved
1200565,701204,102077,2022-04-01,Medicare,1863.82,1687.48,176.34,Approved
1200566,706311,102354,2022-08-10,Medicaid,27658.48,21472.53,6185.95,Partially Approved
1200567,701106,102159,2021-08-27,Private,2587.32,2125.91,461.41,Approved
1200568,701265,100120,2024-01-19,Private,5507.93,4362.7,1145.23,Approved
1200569,703580,100104,2023-02-05,Medicaid,1916.3,1476.35,439.95,Approved
1200570,701704,101968,2022-01-14,Private,1513.16,948.83,564.33,Approved
1200571,702887,101410,2022-11-29,Private,3699.64,3030.82,3699.64,Denied
1200572,701788,100252,2021-03-31,Medicare,3888.1,2166.48,1721.62,Approved
1200573,700005,101856,2025-12-09,Private,1363.15,825.23,1363.15,Denied
1200574,702843,100015,2023-08-07,Medicare,216.24,175.35,40.89,Approved
1200575,702445,100461,2022-11-26,Private,12552.48,7942.03,4610.45,Approved
1200576,703168,101141,2024-06-07,Private,624.21,428.88,195.33,Approved
1200577,701371,100070,2024-02-01,Medicare,4702.18,3404.14,4702.18,Denied
1200578,701967,100419,2022-02-15,Private,2408.16,1767.07,641.09,Approved
1200579,705567,101590,2024-10-14,Medicare,2115.52,1341.88,773.64,Approved
1200580,704094,100055,2024-11-17,Private,3479.27,3306.85,172.42,Approved
1200581,704865,102328,2024-07-13,Private,4639.73,2587.78,2051.95,Partially Approved
1200582,703628,100830,2023-12-15,Uninsured,3022.67,2263.62,759.05,Pending
1200583,702605,100855,2022-04-12,Private,2252.63,1873.75,378.88,Partially Approved
1200584,701360,101305,2025-04-08,Medicare,1653.22,1427.41,225.81,Approved
1200585,705983,100180,2025-01-31,Private,1476.69,894.37,582.32,Pending
1200586,701866,101319,2024-10-26,Private,1020.11,966.77,53.34,Approved
1200587,706439,100449,2025-12-08,Medicaid,2490.89,2385.77,105.12,Partially Approved
1200588,701721,100464,2024-02-29,Medicare,5306.37,3581.87,1724.5,Approved
1200589,701407,102077,2025-06-18,Private,4043.05,3956.92,86.13,Approved
1200590,705930,101195,2024-02-20,Private,11176.57,10392.31,784.26,Approved
1200591,700915,102268,2024-07-10,Private,2309.43,1905.41,404.02,Approved
1200592,704677,100032,2023-07-17,Medicaid,1236.3,721.72,514.58,Approved
1200593,702389,101201,2021-07-25,Medicare,1833.18,1467.22,365.96,Approved
1200594,700271,101322,2025-05-27,Medicaid,1679.29,1576.31,102.98,Partially Approved
1200595,703520,100965,2024-06-24,Medicare,3478.77,2701.79,776.98,Pending
1200596,703625,100482,2022-03-11,Medicare,1348.82,981.21,367.61,Approved
1200597,703046,102070,2025-08-20,Medicare,2276.5,1583.36,693.14,Approved
1200598,700706,102213,2023-08-15,Medicaid,3508.49,1945.12,1563.37,Approved
1200599,705304,100734,2025-06-28,Private,8528.46,5266.93,3261.53,Approved
1200600,703443,101488,2025-07-30,Medicare,4660.11,4278.68,381.43,Partially Approved
1200601,705570,102247,2025-10-31,Medicaid,4245.72,4133.55,112.17,Partially Approved
1200602,701791,100977,2022-11-08,Private,6213.75,3553.12,2660.63,Partially Approved
1200603,706353,101228,2023-02-01,Private,1641.82,1005.55,636.27,Approved
1200604,704674,100613,2023-04-14,Private,1237.25,785.26,451.99,Approved
1200605,701444,100570,2021-01-06,Uninsured,695.95,485.01,210.94,Pending
1200606,704869,101362,2025-10-26,Medicaid,2121.51,1571.92,549.59,Approved
1200607,704391,101526,2025-11-26,Private,2269.27,1288.25,981.02,Approved
1200608,705068,101314,2023-07-24,Private,3539.36,2712.92,826.44,Approved
1200609,704674,101726,2025-05-01,Private,23340.57,16779.4,6561.17,Approved
1200610,706192,100268,2023-08-01,Private,5722.52,3313.56,2408.96,Approved
1200611,700038,101545,2022-09-04,Private,3437.8,2491.27,946.53,Approved
1200612,700722,100241,2022-06-14,Private,2100.78,1600.97,499.81,Pending
1200613,704823,100133,2024-07-19,Private,1892.37,1633.75,258.62,Approved
1200614,702826,100676,2023-04-05,Private,1045.16,714.74,330.42,Approved
1200615,705727,100150,2023-03-25,Medicare,6040.02,4560.28,1479.74,Approved
1200616,703485,101302,2022-07-16,Private,3165.36,2697.34,468.02,Partially Approved
1200617,702827,101170,2021-11-01,Medicare,3320.55,3202.35,118.2,Approved
1200618,703239,101177,2025-02-19,Private,1599.8,935.64,1599.8,Denied
1200619,703733,101097,2021-10-18,Private,13354.23,10001.54,13354.23,Denied
1200620,700567,101719,2025-12-04,Private,618.57,411.71,206.86,Approved
1200621,705842,102303,2024-05-17,Private,1892.76,1261.49,631.27,Approved
1200622,701449,101705,2022-05-26,Medicaid,5159.95,3806.81,1353.14,Approved
1200623,703824,101329,2022-12-25,Private,2299.1,2050.66,248.44,Approved
1200624,705514,102162,2023-10-02,Private,3201.06,2086.96,1114.1,Approved
1200625,701572,101759,2025-04-17,Medicaid,4611.11,2948.27,1662.84,Partially Approved
1200626,701567,100934,2023-11-04,Medicare,3501.28,2569.65,931.63,Partially Approved
1200627,702444,102195,2022-07-30,Private,1910.28,1818.61,91.67,Approved
1200628,703558,101269,2025-07-31,Medicaid,3864.61,3229.68,634.93,Approved
1200629,704940,100917,2023-05-05,Private,2712.43,2588.33,124.1,Approved
1200630,704224,101345,2024-08-08,Medicare,5649.57,4230.08,1419.49,Approved
1200631,701455,100882,2022-03-04,Medicaid,1827.32,1212.75,614.57,Approved
1200632,701176,100989,2021-05-22,Private,4667.8,3659.46,1008.34,Approved
1200633,700001,101510,2022-10-02,Medicare,2973.95,1861.42,2973.95,Denied
1200634,705293,100175,2021-08-05,Private,629.1,540.42,88.68,Approved
1200635,700330,101897,2022-03-22,Medicaid,4064.8,3411.18,653.62,Approved
1200636,703301,102231,2022-08-20,Medicaid,4842.22,3312.19,1530.03,Pending
1200637,706373,101277,2022-12-16,Medicare,1069.41,706.03,363.38,Approved
1200638,706484,101471,2023-03-15,Medicare,3196.04,3047.77,148.27,Approved
1200639,700248,102167,2021-03-12,Medicaid,922.05,623.41,298.64,Approved
1200640,705937,101303,2022-10-15,Private,3002.27,1940.15,1062.12,Approved
1200641,700807,102471,2023-08-21,Private,10655.97,7060.96,3595.01,Approved
1200642,703192,100656,2023-09-01,Private,3715.59,2367.38,1348.21,Approved
1200643,703376,100619,2021-05-07,Private,1470.51,1004.92,465.59,Approved
1200644,703357,101960,2023-05-20,Uninsured,2407.82,1917.42,490.4,Approved
1200645,706234,102345,2024-01-29,Private,1082.04,1021.7,60.34,Approved
1200646,704196,100051,2025-10-13,Private,5967.92,3442.45,2525.47,Approved
1200647,702300,101128,2024-09-13,Medicaid,3145.13,2629.59,515.54,Approved
1200648,705092,101722,2022-06-18,Medicaid,15377.64,11522.71,3854.93,Partially Approved
1200649,704567,101891,2025-11-01,Private,1042.59,758.41,284.18,Approved
1200650,705444,101276,2022-11-07,Private,6445.43,4110.0,2335.43,Approved
1200651,705792,100767,2021-09-17,Private,2036.78,1803.24,233.54,Approved
1200652,700884,101381,2024-03-29,Private,7429.77,6152.2,1277.57,Partially Approved
1200653,706077,101623,2022-10-11,Private,801.78,498.29,303.49,Approved
1200654,700603,102359,2025-07-25,Medicare,831.45,796.95,34.5,Partially Approved
1200655,705111,101616,2024-11-21,Medicare,3098.13,2260.49,837.64,Approved
1200656,701415,100976,2025-12-27,Medicare,3082.51,2812.5,270.01,Approved
1200657,703751,100095,2022-07-08,Private,1021.32,592.26,429.06,Approved
1200658,705887,101306,2023-04-20,Private,2135.12,1797.38,2135.12,Denied
1200659,706428,102183,2024-12-19,Medicaid,2314.47,1566.61,747.86,Approved
1200660,700008,102436,2021-08-05,Medicare,7726.45,6317.05,7726.45,Denied
1200661,703309,100012,2024-08-04,Medicare,5073.2,4283.35,789.85,Approved
1200662,704832,100935,2021-10-01,Private,1491.88,894.85,597.03,Pending
1200663,703051,102048,2022-12-21,Medicare,2578.43,1695.49,882.94,Approved
1200664,706156,101011,2021-11-03,Private,1393.3,928.38,464.92,Approved
1200665,706202,101110,2023-04-12,Private,3718.51,2287.93,1430.58,Approved
1200666,704394,102378,2021-05-02,Medicaid,5881.03,3888.82,5881.03,Denied
1200667,700356,100065,2023-12-24,Medicare,1484.37,1197.55,286.82,Approved
1200668,703732,101205,2023-02-11,Private,1146.0,990.4,155.6,Approved
1200669,702322,101906,2024-04-25,Private,3361.06,2143.81,1217.25,Approved
1200670,703803,100329,2023-04-14,Private,2194.32,2004.31,190.01,Partially Approved
1200671,703834,100931,2025-04-08,Medicare,379.68,277.39,102.29,Approved
1200672,702622,100144,2024-08-20,Medicare,6097.22,5816.87,280.35,Approved
1200673,701821,102030,2024-07-21,Medicare,5740.97,4932.71,808.26,Approved
1200674,704785,100816,2025-03-04,Private,3042.88,1880.6,1162.28,Approved
1200675,705126,100576,2022-11-08,Medicare,1841.96,1480.01,361.95,Approved
1200676,704747,100449,2021-05-29,Medicare,1519.97,1153.64,366.33,Approved
1200677,704106,100368,2023-04-29,Medicare,1639.0,1085.71,553.29,Approved
1200678,702663,100806,2021-03-13,Medicaid,1812.46,1499.67,312.79,Partially Approved
1200679,701134,101620,2021-05-23,Private,1034.35,793.98,240.37,Approved
1200680,703755,101094,2021-06-25,Private,1725.47,1437.83,287.64,Approved
1200681,704942,101526,2025-09-05,Private,3224.21,2708.7,515.51,Approved
1200682,703747,100079,2023-07-07,Uninsured,2375.2,1540.6,834.6,Approved
1200683,702542,101761,2024-10-09,Medicaid,2450.8,1608.54,842.26,Approved
1200684,700032,101180,2021-06-14,Private,1143.37,662.56,480.81,Approved
1200685,705893,101257,2024-05-24,Medicaid,3342.03,2257.91,1084.12,Approved
1200686,700252,102221,2021-12-05,Medicare,5179.14,4079.01,1100.13,Approved
1200687,701409,100738,2024-05-11,Medicare,1375.62,1093.89,281.73,Approved
1200688,702992,100148,2025-11-10,Medicaid,7833.72,4647.72,3186.0,Approved
1200689,702277,101037,2025-01-27,Private,4628.83,4120.68,4628.83,Denied
1200690,705487,101591,2025-05-13,Private,4955.24,2991.16,1964.08,Approved
1200691,700655,102174,2023-05-22,Private,5152.22,4202.08,950.14,Approved
1200692,702666,100105,2023-03-26,Private,4317.17,2989.01,1328.16,Approved
1200693,704100,101640,2023-12-04,Medicare,2651.78,2396.24,255.54,Approved
1200694,702759,100519,2025-08-06,Medicaid,2361.18,2150.94,210.24,Approved
1200695,701918,101613,2024-10-24,Private,3259.04,2864.31,394.73,Approved
1200696,701397,100424,2023-07-14,Private,9651.24,7542.57,2108.67,Partially Approved
1200697,704329,101021,2025-05-23,Private,1250.73,906.09,344.64,Approved
1200698,700759,100228,2024-12-05,Private,1870.01,1276.07,593.94,Approved
1200699,702388,102117,2023-12-25,Medicaid,3198.69,1890.24,1308.45,Approved
1200700,702230,101607,2022-04-02,Private,5580.61,4692.72,5580.61,Denied
1200701,700844,100254,2023-02-03,Private,1161.57,936.87,1161.57,Denied
1200702,702192,100694,2022-11-09,Private,2733.1,2562.21,2733.1,Denied
1200703,700521,100684,2024-12-16,Medicare,2389.54,2258.15,131.39,Approved
1200704,701368,100108,2024-04-09,Medicaid,798.11,500.72,297.39,Approved
1200705,704966,102410,2024-01-16,Private,1884.83,1672.8,212.03,Partially Approved
1200706,705820,102278,2023-12-24,Private,6415.08,4462.58,1952.5,Approved
1200707,702835,101387,2024-03-27,Medicare,5332.89,3493.81,1839.08,Approved
1200708,703562,100453,2023-11-18,Medicaid,1851.23,1609.29,241.94,Approved
1200709,703201,101829,2021-10-01,Uninsured,3053.27,2949.07,104.2,Approved
1200710,705821,100611,2024-11-30,Medicaid,3567.97,2544.19,1023.78,Partially Approved
1200711,700252,101063,2022-02-21,Private,1176.39,1072.49,1176.39,Denied
1200712,706256,101070,2021-05-06,Private,3437.07,2074.04,1363.03,Approved
1200713,704249,100384,2021-02-26,Medicare,1787.17,1483.99,303.18,Approved
1200714,706202,101416,2023-10-30,Private,2315.83,1871.96,443.87,Approved
1200715,703094,101922,2025-01-11,Private,2609.98,1542.69,1067.29,Approved
1200716,702120,101390,2023-05-22,Private,2443.72,2315.21,128.51,Partially Approved
1200717,702478,102030,2021-02-06,Medicaid,5797.59,4274.51,1523.08,Partially Approved
1200718,700421,101471,2025-01-14,Medicare,844.02,516.08,844.02,Denied
1200719,704179,100228,2025-10-18,Medicaid,2910.73,2582.81,327.92,Approved
1200720,702607,100855,2025-09-17,Uninsured,1708.02,1508.51,199.51,Approved
1200721,701525,100083,2025-01-04,Medicaid,3235.51,2114.94,1120.57,Approved
1200722,700411,101653,2025-04-24,Medicare,1430.13,1329.96,100.17,Approved
1200723,705398,100099,2023-03-27,Medicaid,1203.61,1118.04,85.57,Approved
1200724,704742,101635,2024-08-14,Private,663.0,429.54,233.46,Approved
1200725,705747,100222,2021-08-07,Medicare,1371.88,896.79,475.09,Partially Approved
1200726,700264,100559,2023-12-29,Private,8097.93,4860.77,3237.16,Approved
1200727,702059,101186,2023-09-15,Medicaid,1597.71,1300.67,297.04,Approved
1200728,704540,101193,2022-11-04,Medicare,2594.49,2282.49,312.0,Approved
1200729,706463,100982,2024-09-02,Medicare,2519.93,2320.59,199.34,Partially Approved
1200730,703341,100876,2025-09-24,Private,2575.28,2079.2,496.08,Partially Approved
1200731,702606,102332,2023-09-02,Medicaid,5908.08,4086.0,1822.08,Pending
1200732,704309,102223,2021-03-19,Medicare,4258.68,3880.14,378.54,Approved
1200733,700980,101306,2025-12-19,Medicare,1140.86,968.78,172.08,Approved
1200734,701078,101695,2022-04-12,Medicaid,2293.66,1825.74,467.92,Approved
1200735,704382,102271,2024-04-17,Medicare,2731.61,2213.4,518.21,Partially Approved
1200736,703643,100964,2022-01-27,Private,1729.38,1461.0,268.38,Approved
1200737,702799,100691,2025-08-15,Medicaid,2082.79,1170.7,912.09,Approved
1200738,705099,101972,2023-11-01,Private,4194.23,2330.87,1863.36,Approved
1200739,700950,100238,2021-04-01,Private,4554.28,3866.55,687.73,Approved
1200740,702709,100611,2023-03-31,Medicaid,7328.14,7098.38,229.76,Approved
1200741,704517,101246,2025-03-20,Private,1646.95,1336.94,1646.95,Denied
1200742,702231,101945,2025-05-06,Private,3418.33,3000.53,417.8,Approved
1200743,705550,101231,2024-07-26,Medicare,991.88,849.18,142.7,Approved
1200744,703350,102093,2022-08-08,Private,2688.53,1862.21,826.32,Approved
1200745,703080,100733,2024-02-05,Private,1575.14,1166.81,408.33,Approved
1200746,704623,100348,2021-12-13,Uninsured,1453.5,813.22,640.28,Approved
1200747,703351,100346,2023-10-26,Medicaid,1716.1,1328.31,1716.1,Denied
1200748,705575,101172,2022-05-08,Private,3082.38,2519.46,562.92,Pending
1200749,702761,100359,2024-08-06,Medicare,327.85,308.46,19.39,Approved
1200750,700743,100903,2023-06-01,Private,19837.61,12111.8,7725.81,Approved
1200751,703032,102328,2022-09-19,Medicare,5779.22,5540.65,238.57,Approved
1200752,702598,100299,2023-12-08,Private,1284.33,1177.0,107.33,Partially Approved
1200753,700319,101053,2024-01-23,Private,6460.95,5474.49,986.46,Approved
1200754,700330,101022,2023-05-05,Private,3287.89,1904.2,1383.69,Approved
1200755,702391,100109,2021-07-08,Private,2843.65,1972.13,871.52,Approved
1200756,704884,100658,2025-01-18,Private,1295.43,1220.21,1295.43,Denied
1200757,702427,100575,2022-10-26,Medicaid,2236.9,1509.22,727.68,Approved
1200758,703084,102119,2025-03-02,Medicare,3230.26,2219.89,1010.37,Approved
1200759,703262,100002,2021-09-22,Medicaid,731.63,716.98,14.65,Approved
1200760,700684,100096,2021-02-18,Private,868.35,582.18,286.17,Approved
1200761,703077,102214,2022-08-26,Private,4942.54,4700.14,242.4,Approved
1200762,701708,100314,2024-05-27,Private,1201.95,747.71,454.24,Approved
1200763,705125,101390,2023-04-03,Private,2088.74,1656.36,432.38,Partially Approved
1200764,700701,102448,2022-12-29,Private,2593.27,2062.75,530.52,Partially Approved
1200765,702683,101830,2023-06-16,Medicare,883.18,625.71,257.47,Approved
1200766,701206,101440,2025-01-12,Medicaid,2044.18,1639.99,404.19,Approved
1200767,706164,102118,2021-11-14,Medicare,3655.72,3577.1,78.62,Approved
1200768,705859,100814,2022-04-20,Private,1346.68,1166.81,179.87,Partially Approved
1200769,700798,101148,2023-06-14,Medicare,2990.33,1918.21,1072.12,Approved
1200770,702248,102360,2022-04-24,Uninsured,3655.75,3328.71,327.04,Approved
1200771,705111,102370,2022-08-24,Medicaid,1944.14,1243.38,700.76,Approved
1200772,700377,102112,2025-12-10,Medicaid,1035.93,691.4,344.53,Partially Approved
1200773,703448,102130,2021-05-18,Private,1169.17,748.62,420.55,Pending
1200774,700053,102341,2023-05-20,Medicaid,8957.1,6895.72,2061.38,Approved
1200775,702877,100119,2022-10-13,Private,5720.15,3887.69,1832.46,Approved
1200776,705821,102285,2025-11-19,Private,1356.76,1151.67,205.09,Approved
1200777,701438,100994,2023-07-07,Medicare,1990.26,1396.38,593.88,Approved
1200778,704192,101497,2021-08-05,Private,2121.76,1487.52,634.24,Approved
1200779,705548,101071,2024-12-17,Private,235.85,181.16,54.69,Approved
1200780,705880,102452,2024-03-19,Medicare,1284.24,1186.16,98.08,Approved
1200781,703287,101078,2024-06-03,Medicare,3116.94,2381.35,735.59,Approved
1200782,704902,100657,2021-04-10,Medicaid,5932.64,4433.1,1499.54,Partially Approved
1200783,700133,101868,2023-11-29,Medicaid,1371.16,947.9,423.26,Partially Approved
1200784,702513,101757,2023-08-11,Private,2555.82,2115.88,439.94,Partially Approved
1200785,700551,100618,2022-12-19,Medicaid,3617.06,2078.69,1538.37,Approved
1200786,703134,102189,2022-07-22,Private,10695.5,6609.62,4085.88,Approved
1200787,700438,101515,2024-04-15,Medicaid,2947.18,2176.89,770.29,Approved
1200788,702530,101907,2025-09-06,Medicare,3583.61,3110.36,3583.61,Denied
1200789,705039,102106,2023-08-30,Medicaid,1235.64,963.85,1235.64,Denied
1200790,704684,102492,2023-02-15,Private,980.24,660.13,320.11,Partially Approved
1200791,700802,102360,2024-09-27,Private,6185.3,5697.59,487.71,Partially Approved
1200792,700853,101403,2025-04-21,Uninsured,1795.38,1705.11,90.27,Approved
1200793,705318,100194,2023-12-25,Medicaid,1218.92,775.67,443.25,Approved
1200794,702102,100039,2023-01-24,Medicare,532.42,501.0,532.42,Denied
1200795,701416,101795,2022-02-04,Medicaid,3056.89,2534.24,522.65,Approved
1200796,702093,100033,2025-10-22,Medicare,2285.39,2190.53,94.86,Approved
1200797,702285,101200,2025-03-01,Private,1657.42,1148.51,508.91,Approved
1200798,704833,101486,2025-02-23,Private,1455.3,1256.99,198.31,Approved
1200799,701833,101692,2024-08-21,Private,1853.2,1227.65,1853.2,Denied
1200800,704652,100375,2022-04-28,Private,2968.37,2555.03,413.34,Approved
1200801,702725,101479,2024-06-16,Private,5881.17,5352.42,528.75,Approved
1200802,705751,102432,2022-08-21,Uninsured,2283.87,2145.87,138.0,Pending
1200803,701182,100340,2022-07-14,Private,4057.22,3153.32,903.9,Partially Approved
1200804,700525,100595,2024-10-18,Medicare,3647.97,3168.1,479.87,Approved
1200805,705968,101396,2025-06-07,Private,1400.62,1006.53,394.09,Partially Approved
1200806,701594,101514,2024-04-17,Medicare,2123.11,1852.21,270.9,Approved
1200807,704111,100055,2021-08-29,Private,13828.9,8935.17,4893.73,Approved
1200808,700290,101672,2025-03-29,Private,1554.53,996.95,557.58,Approved
1200809,701478,101585,2022-05-01,Private,2555.81,1849.25,706.56,Approved
1200810,706310,100230,2021-07-13,Private,4461.48,3523.26,938.22,Approved
1200811,703378,102291,2023-12-27,Private,2359.25,1646.84,2359.25,Denied
1200812,702228,100111,2023-11-08,Medicaid,4566.33,2946.27,1620.06,Approved
1200813,704589,101457,2024-02-16,Medicaid,12392.9,11130.74,1262.16,Approved
1200814,705128,101595,2021-09-21,Medicare,2342.86,1712.76,630.1,Approved
1200815,705009,101525,2021-10-05,Medicaid,3242.53,1800.35,1442.18,Approved
1200816,706406,100878,2022-10-27,Medicaid,1987.46,1591.87,395.59,Approved
1200817,704104,101469,2021-09-28,Medicaid,3376.12,2564.97,811.15,Partially Approved
1200818,705800,100046,2025-06-12,Medicaid,1350.41,1181.59,168.82,Approved
1200819,706262,101266,2025-10-29,Medicaid,2510.29,1504.61,1005.68,Approved
1200820,704486,100959,2024-06-15,Private,9419.62,8774.93,644.69,Approved
1200821,700509,101816,2022-05-12,Medicare,3059.28,2890.58,168.7,Pending
1200822,704798,101052,2021-07-09,Private,4966.84,3373.71,1593.13,Partially Approved
1200823,703820,102224,2021-01-24,Uninsured,910.64,690.03,220.61,Partially Approved
1200824,704778,101463,2023-02-13,Private,1710.46,1004.5,705.96,Approved
1200825,700733,100463,2023-05-19,Medicaid,1565.14,973.88,591.26,Approved
1200826,702238,100204,2021-10-22,Private,996.77,965.95,30.82,Approved
1200827,704799,100456,2021-08-28,Uninsured,3464.22,2220.32,1243.9,Approved
1200828,704057,100762,2025-04-13,Medicare,792.39,711.67,80.72,Approved
1200829,704755,101734,2022-05-03,Private,1609.92,1039.26,570.66,Approved
1200830,701330,100468,2023-03-27,Private,1340.98,751.21,589.77,Approved
1200831,702077,101945,2022-04-22,Medicare,2728.94,1685.84,1043.1,Partially Approved
1200832,702311,101484,2021-04-14,Private,1411.18,1175.88,235.3,Approved
1200833,704620,101909,2024-04-11,Medicare,1304.97,1144.93,160.04,Approved
1200834,700616,101953,2024-10-31,Private,5105.43,3855.2,1250.23,Approved
1200835,703856,102006,2022-11-16,Private,1074.92,708.82,366.1,Partially Approved
1200836,706132,102156,2021-05-23,Medicare,2417.73,2147.41,270.32,Approved
1200837,704080,101245,2022-09-14,Medicaid,1621.96,1366.26,255.7,Approved
1200838,700753,100942,2021-04-05,Medicare,1418.82,1017.54,401.28,Approved
1200839,703928,101358,2023-08-29,Private,4607.11,3774.76,832.35,Approved
1200840,706226,100161,2024-10-23,Medicaid,6133.05,3507.29,2625.76,Pending
1200841,705134,101613,2025-12-11,Uninsured,1581.16,1024.04,557.12,Approved
1200842,703646,102228,2022-06-01,Medicaid,1097.67,728.54,369.13,Approved
1200843,704145,100426,2025-04-26,Private,8818.05,7729.73,1088.32,Partially Approved
1200844,702490,101129,2025-06-27,Private,556.04,373.25,182.79,Partially Approved
1200845,706067,100088,2021-07-31,Medicaid,1208.66,729.54,479.12,Approved
1200846,701964,100011,2021-01-06,Medicaid,12750.63,11713.24,1037.39,Approved
1200847,704219,102397,2025-08-02,Medicare,760.43,507.05,253.38,Partially Approved
1200848,704212,101157,2023-11-21,Uninsured,1826.76,1596.8,229.96,Approved
1200849,702682,100247,2024-05-19,Private,2893.63,2698.98,194.65,Approved
1200850,703236,100182,2023-01-30,Private,1363.81,1183.8,180.01,Approved
1200851,700319,100311,2024-03-23,Uninsured,3408.93,1949.38,1459.55,Approved
1200852,704176,100405,2022-06-04,Medicare,1525.33,1005.54,519.79,Approved
1200853,703197,102490,2022-03-02,Private,1944.12,1245.91,698.21,Approved
1200854,702056,101428,2024-01-14,Medicaid,4678.83,4349.9,328.93,Approved
1200855,703342,101062,2025-12-11,Private,1830.12,1602.05,228.07,Approved
1200856,705334,100888,2023-10-11,Private,8257.15,4563.62,3693.53,Approved
1200857,702786,101902,2025-11-17,Private,1284.95,1091.21,193.74,Approved
1200858,701644,101901,2024-01-23,Private,1308.71,1099.54,209.17,Partially Approved
1200859,703297,101421,2025-03-23,Medicare,1362.85,861.42,501.43,Approved
1200860,701175,102048,2023-10-23,Private,3539.55,3016.03,523.52,Partially Approved
1200861,701599,101026,2022-05-10,Medicare,5089.17,3845.19,1243.98,Partially Approved
1200862,703912,102427,2022-04-14,Medicaid,4046.82,2680.67,1366.15,Approved
1200863,702732,102191,2025-11-16,Private,2153.24,2014.07,139.17,Approved
1200864,703706,100262,2024-04-24,Medicare,5838.07,4727.98,1110.09,Approved
1200865,704682,101284,2022-03-01,Medicare,1384.29,890.2,494.09,Pending
1200866,703180,100749,2025-10-21,Medicaid,1568.05,1452.57,115.48,Approved
1200867,705178,100451,2022-05-22,Uninsured,5198.51,3073.99,2124.52,Pending
1200868,703576,102233,2022-06-29,Private,1257.39,950.33,307.06,Approved
1200869,705345,102138,2022-05-05,Uninsured,1526.79,843.67,683.12,Approved
1200870,701374,101436,2023-08-23,Medicaid,405.93,391.37,14.56,Approved
1200871,701976,101579,2023-09-10,Medicaid,1125.28,1026.77,98.51,Approved
1200872,703807,101414,2021-03-06,Private,4100.87,2955.71,1145.16,Partially Approved
1200873,700048,101890,2025-08-11,Private,7826.2,4394.1,3432.1,Approved
1200874,701869,100929,2024-03-23,Medicare,2347.92,1503.43,844.49,Approved
1200875,704771,100192,2022-06-06,Medicaid,814.88,583.27,231.61,Approved
1200876,703100,101944,2021-06-25,Medicare,6578.17,6432.87,145.3,Approved
1200877,700500,101181,2022-05-25,Private,243.26,184.63,58.63,Approved
1200878,705614,102410,2021-03-14,Medicare,4360.51,2750.05,1610.46,Approved
1200879,700787,102174,2025-06-06,Private,1167.51,953.05,214.46,Approved
1200880,702274,102055,2022-11-18,Medicare,7973.57,7594.39,379.18,Approved
1200881,702036,102335,2025-04-05,Private,2354.03,1482.73,871.3,Approved
1200882,706105,100763,2023-02-17,Medicaid,3691.65,2925.95,765.7,Partially Approved
1200883,702659,100552,2022-05-11,Private,2170.9,1420.94,749.96,Approved
1200884,700434,101558,2024-07-07,Uninsured,1163.28,870.19,293.09,Approved
1200885,706125,100874,2021-12-19,Medicaid,2328.58,1675.87,652.71,Approved
1200886,705669,100401,2022-12-02,Medicare,2201.82,2081.56,120.26,Partially Approved
1200887,702240,101850,2022-08-24,Private,1468.31,1079.04,389.27,Approved
1200888,705277,101284,2023-04-04,Medicare,3518.89,2845.46,673.43,Approved
1200889,703386,100469,2023-03-08,Medicare,4711.03,3327.13,1383.9,Approved
1200890,704023,100332,2024-09-16,Private,6224.05,5217.15,1006.9,Approved
1200891,701593,102278,2023-02-02,Private,765.64,707.28,58.36,Approved
1200892,702854,100253,2022-07-26,Private,2012.16,1299.47,712.69,Approved
1200893,704657,100236,2025-11-22,Medicaid,888.33,625.82,262.51,Approved
1200894,702359,101479,2025-01-06,Medicare,5894.04,4910.02,984.02,Approved
1200895,705434,101541,2022-10-25,Medicaid,797.65,573.5,224.15,Approved
1200896,705067,101661,2023-02-20,Medicare,6775.52,6151.75,623.77,Pending
1200897,701096,100720,2021-01-04,Medicaid,2099.63,2034.52,65.11,Partially Approved
1200898,700485,101262,2024-09-15,Medicaid,807.87,510.61,297.26,Approved
1200899,701954,101256,2025-03-12,Medicare,7221.01,4757.6,7221.01,Denied
1200900,706235,100129,2023-01-28,Medicaid,3378.41,2598.45,779.96,Partially Approved
1200901,705230,100957,2024-08-19,Private,724.22,587.5,136.72,Approved
1200902,706143,101693,2021-07-09,Medicare,13010.58,10530.44,13010.58,Denied
1200903,701475,101767,2022-09-23,Medicaid,4993.26,2901.53,2091.73,Approved
1200904,701026,101593,2025-12-14,Private,240.6,199.64,40.96,Approved
1200905,703863,101601,2025-04-20,Private,377.39,232.6,144.79,Approved
1200906,702307,100477,2023-10-10,Uninsured,5778.45,3281.24,2497.21,Partially Approved
1200907,706266,100645,2025-09-25,Medicaid,404.18,297.6,106.58,Approved
1200908,705386,101711,2025-02-02,Private,7521.41,4389.06,3132.35,Approved
1200909,701113,101756,2024-10-31,Uninsured,2724.38,2310.52,413.86,Approved
1200910,703954,101108,2023-10-18,Private,586.03,365.18,220.85,Approved
1200911,701284,100807,2021-11-04,Private,3375.14,2468.13,907.01,Approved
1200912,704451,100794,2022-07-30,Private,4945.41,3879.45,1065.96,Partially Approved
1200913,700523,102341,2021-05-20,Medicare,910.6,604.98,305.62,Partially Approved
1200914,703789,102395,2022-04-26,Medicare,586.26,416.45,169.81,Approved
1200915,701517,101298,2024-02-16,Private,7527.17,5070.43,2456.74,Approved
1200916,702462,101438,2022-08-14,Private,1982.32,1157.54,824.78,Approved
1200917,705847,102476,2022-09-06,Private,1206.51,941.09,265.42,Approved
1200918,701380,101846,2022-02-05,Medicare,2156.27,1999.03,157.24,Approved
1200919,701647,101771,2021-08-30,Private,9082.38,7056.01,2026.37,Approved
1200920,702147,101882,2021-06-01,Private,10993.83,10209.84,783.99,Approved
1200921,701608,100020,2024-10-06,Medicare,2381.16,1689.92,2381.16,Denied
1200922,702886,101593,2023-05-31,Private,550.0,487.95,62.05,Approved
1200923,700740,100654,2025-12-19,Private,1461.7,842.56,619.14,Approved
1200924,701677,101887,2023-09-23,Medicare,2019.47,1352.71,666.76,Partially Approved
1200925,705045,101918,2021-04-09,Private,3225.47,2725.5,499.97,Approved
1200926,704478,100777,2022-10-23,Private,656.54,561.83,656.54,Denied
1200927,702202,100045,2023-06-28,Private,4012.9,3244.99,767.91,Approved
1200928,700742,100688,2021-02-12,Medicare,4106.01,3374.76,731.25,Approved
1200929,702859,100066,2025-02-10,Private,1389.63,1187.95,201.68,Approved
1200930,705223,100684,2025-06-21,Private,3372.59,2439.48,933.11,Approved
1200931,705181,100904,2024-09-11,Private,1467.26,1202.25,265.01,Partially Approved
1200932,702199,100958,2025-08-20,Private,2157.8,1800.3,357.5,Approved
1200933,706001,100220,2025-07-06,Private,10182.78,6648.36,3534.42,Partially Approved
1200934,704686,100803,2022-11-29,Private,4040.37,2585.91,1454.46,Approved
1200935,700373,101112,2024-12-03,Medicare,2543.74,2079.26,464.48,Approved
1200936,700643,100526,2024-07-31,Private,2265.65,1669.29,596.36,Pending
1200937,701573,102074,2024-07-29,Uninsured,1457.28,1359.3,97.98,Approved
1200938,704248,101113,2022-06-05,Medicaid,13054.12,9175.94,3878.18,Approved
1200939,706479,100782,2023-12-16,Medicare,4045.49,2765.18,1280.31,Approved
1200940,703089,101551,2025-07-03,Private,3797.98,2501.46,1296.52,Approved
1200941,706040,101729,2024-10-02,Medicaid,3801.63,2910.08,891.55,Approved
1200942,706289,100859,2025-09-29,Medicaid,2769.79,1913.38,856.41,Approved
1200943,704611,100461,2023-12-28,Private,4214.98,3334.5,880.48,Approved
1200944,704718,102063,2021-11-28,Medicare,3412.28,2584.55,827.73,Approved
1200945,703784,102387,2024-04-20,Medicaid,3969.45,2504.58,1464.87,Pending
1200946,701605,100133,2023-04-29,Private,11382.27,7362.85,4019.42,Approved
1200947,705265,100896,2024-07-30,Private,2845.12,2577.37,267.75,Pending
1200948,705753,102093,2023-03-12,Medicare,724.31,640.74,83.57,Approved
1200949,703338,101297,2021-05-25,Private,10200.55,9474.35,726.2,Approved
1200950,700404,100760,2025-07-22,Medicaid,632.97,483.65,149.32,Approved
1200951,705900,102464,2023-06-08,Medicare,1977.15,1155.84,821.31,Approved
1200952,703028,101393,2022-02-22,Private,11863.61,7377.89,4485.72,Approved
1200953,704377,101773,2024-04-21,Medicare,740.95,583.81,157.14,Partially Approved
1200954,702370,102425,2025-10-10,Medicaid,1119.97,1082.49,37.48,Partially Approved
1200955,701884,101094,2023-03-10,Medicare,7918.56,7313.21,605.35,Approved
1200956,705504,100817,2024-11-30,Private,4354.68,4051.99,302.69,Approved
1200957,700636,100918,2025-06-19,Medicaid,2532.72,2423.89,108.83,Approved
1200958,705847,101360,2023-01-29,Medicaid,1905.1,1245.95,659.15,Approved
1200959,700876,100240,2022-05-28,Private,2582.46,1691.34,891.12,Approved
1200960,705038,102087,2023-10-09,Private,2315.35,,738.23,Approved
1200961,701494,101466,2022-01-01,Medicaid,2296.29,1860.97,435.32,Approved
1200962,701855,102284,2023-03-10,Private,3294.89,2467.95,826.94,Approved
1200963,702750,102244,2022-02-22,Medicaid,1108.03,988.53,119.5,Approved
1200964,705813,100573,2022-01-13,Private,1911.37,1288.22,623.15,Partially Approved
1200965,703390,101853,2023-04-11,Medicaid,5417.16,3266.22,2150.94,Approved
1200966,702141,102001,2021-02-27,Private,1207.69,1082.64,125.05,Approved
1200967,702809,101288,2023-04-01,Medicare,6448.16,4892.13,1556.03,Approved
1200968,701278,102407,2024-01-18,Medicare,731.26,656.8,74.46,Approved
1200969,703033,100100,2022-07-04,Private,1638.98,1519.35,119.63,Approved
1200970,704100,101944,2025-09-30,Private,1894.59,1698.17,1894.59,Denied
1200971,701498,100816,2023-08-05,Medicaid,838.37,704.29,134.08,Approved
1200972,704331,102369,2025-01-08,Private,7734.35,4473.31,3261.04,Pending
1200973,704365,101886,2025-05-09,Medicare,1787.66,993.14,794.52,Approved
1200974,705835,100007,2023-07-06,Private,418.37,232.31,186.06,Approved
1200975,700992,101829,2023-03-12,Medicaid,10158.89,7592.75,10158.89,Denied
1200976,704129,100615,2021-08-31,Medicaid,5428.97,5252.49,176.48,Approved
1200977,706449,100604,2023-03-26,Private,1404.05,1217.43,186.62,Approved
1200978,700173,100455,2023-09-02,Medicare,1336.74,1212.94,123.8,Approved
1200979,704967,101363,2023-10-19,Medicare,2912.85,2384.26,528.59,Approved
1200980,702771,100142,2024-08-07,Medicare,1022.86,590.43,432.43,Approved
1200981,704895,101487,2025-10-27,Private,1495.8,1374.52,121.28,Approved
1200982,702483,100271,2025-01-24,Medicaid,3662.33,2527.17,1135.16,Partially Approved
1200983,703636,101611,2025-12-29,Medicaid,3011.95,2521.16,490.79,Approved
1200984,703270,100711,2021-11-14,Medicare,1917.87,1064.96,852.91,Approved
1200985,704092,100136,2021-01-22,Private,2212.66,1796.34,416.32,Pending
1200986,705396,102114,2023-07-25,Private,3463.47,2014.51,1448.96,Approved
1200987,702527,102232,2021-02-26,Medicare,1062.1,766.55,295.55,Partially Approved
1200988,700399,101363,2024-11-02,Medicare,939.37,746.01,193.36,Partially Approved
1200989,701946,101786,2023-10-25,Private,5325.19,3158.04,5325.19,Denied
1200990,702002,102314,2024-03-12,Medicare,6808.51,6455.07,353.44,Approved
1200991,701582,102419,2024-07-23,Private,2652.52,2461.21,191.31,Approved
1200992,704397,100639,2025-04-07,Private,8338.85,7062.16,1276.69,Approved
1200993,704517,102170,2021-05-11,Uninsured,2265.82,1416.28,849.54,Approved
1200994,704023,100497,2025-03-05,Private,3543.03,2385.55,1157.48,Approved
1200995,701708,102251,2025-07-03,Private,5598.97,3143.57,2455.4,Approved
1200996,702864,102260,2022-07-24,Private,2621.01,1447.79,1173.22,Approved
1200997,703135,100488,2025-10-21,Uninsured,723.92,466.08,257.84,Approved
1200998,704661,101248,2025-04-18,Private,2218.45,2158.74,59.71,Approved
1200999,703390,101705,2023-07-31,Private,1376.18,776.18,600.0,Pending
1201000,700005,100741,2024-01-08,Medicaid,2430.83,1373.53,1057.3,Approved
1201001,704774,101474,2024-07-30,Private,946.83,528.6,418.23,Approved
1201002,701999,100281,2024-12-19,Medicaid,4493.82,3830.93,662.89,Approved
1201003,704428,100444,2024-11-27,Uninsured,3624.58,2045.03,1579.55,Approved
1201004,701756,101850,2023-07-28,Private,2506.08,1762.69,743.39,Partially Approved
1201005,703081,102306,2024-09-15,Medicaid,7757.46,4650.31,3107.15,Partially Approved
1201006,703447,101456,2022-11-09,Private,4141.03,2421.76,1719.27,Approved
1201007,703906,102056,2021-12-07,Medicare,1516.15,1474.82,41.33,Approved
1201008,703022,102231,2025-12-09,Medicaid,4436.26,3576.44,859.82,Approved
1201009,705219,101907,2022-11-19,Medicaid,2324.68,2097.9,226.78,Approved
1201010,702852,100986,2022-07-05,Private,3632.35,3055.47,576.88,Approved
1201011,700203,101062,2023-10-18,Private,3417.83,1970.88,1446.95,Approved
1201012,703170,100559,2022-03-20,Private,4300.25,2407.31,1892.94,Approved
1201013,701501,100802,2022-07-13,Medicare,884.15,729.89,154.26,Approved
1201014,701843,100534,2022-06-18,Medicare,3374.65,2001.22,1373.43,Approved
1201015,705533,101493,2023-10-06,Private,1604.91,1319.46,285.45,Approved
1201016,702296,100583,2021-09-08,Private,3113.95,2010.33,1103.62,Approved
1201017,706340,102105,2021-08-23,Private,3196.09,2674.9,521.19,Partially Approved
1201018,702108,100584,2021-03-05,Medicaid,8978.0,7590.34,1387.66,Approved
1201019,701613,100207,2021-11-24,Private,3117.78,2557.0,560.78,Approved
1201020,703757,100198,2024-10-29,Medicaid,3037.08,2904.37,132.71,Pending
1201021,701646,100456,2025-02-07,Private,3754.07,2421.98,1332.09,Approved
1201022,705676,101297,2024-09-06,Medicaid,2057.56,1330.46,727.1,Approved
1201023,701158,100486,2023-02-18,Medicaid,1418.15,1375.11,43.04,Approved
1201024,702499,100466,2022-12-04,Medicare,1686.67,959.87,726.8,Partially Approved
1201025,702306,101962,2024-01-16,Medicaid,1068.8,693.12,375.68,Partially Approved
1201026,703523,102496,2022-09-23,Medicare,3395.38,2590.63,804.75,Partially Approved
1201027,705395,101432,2023-07-16,Private,3488.75,2462.86,1025.89,Partially Approved
1201028,705209,100818,2021-01-02,Medicare,2142.91,1870.7,272.21,Partially Approved
1201029,703264,100494,2023-01-28,Private,6405.43,5565.1,840.33,Approved
1201030,706128,101715,2025-02-27,Private,595.91,355.56,240.35,Approved
1201031,706292,101529,2022-07-14,Private,6254.31,5070.24,1184.07,Partially Approved
1201032,704036,101516,2024-11-30,Private,2945.51,2314.0,631.51,Approved
1201033,703400,101298,2025-08-19,Medicaid,1808.3,1547.81,260.49,Approved
1201034,702252,100615,2025-04-20,Medicare,2967.75,1974.09,993.66,Partially Approved
1201035,701187,101128,2023-05-12,Medicare,3569.43,3020.99,3569.43,Denied
1201036,703922,101008,2022-05-28,Uninsured,708.1,409.08,299.02,Partially Approved
1201037,704924,101744,2022-11-22,Private,669.62,540.28,129.34,Approved
1201038,702372,100634,2024-03-21,Medicare,1834.8,1728.92,105.88,Approved
1201039,701755,101458,2025-12-18,Medicare,2980.48,1867.15,1113.33,Approved
1201040,704969,101497,2023-09-06,Medicare,4173.3,3286.99,886.31,Pending
1201041,700857,101694,2023-08-06,Private,2857.26,2310.36,546.9,Approved
1201042,702274,100769,2021-05-08,Private,1063.36,1018.12,45.24,Approved
1201043,704207,102113,2022-06-06,Private,2811.21,1912.59,898.62,Approved
1201044,701079,100966,2023-12-11,Medicaid,1821.5,1313.07,508.43,Approved
1201045,703903,101805,2022-10-02,Private,3804.74,2120.67,3804.74,Denied
1201046,705874,100984,2021-08-18,Private,1967.12,1568.46,398.66,Partially Approved
1201047,705741,102123,2025-11-18,Uninsured,4235.04,4052.49,182.55,Partially Approved
1201048,705889,101607,2025-05-23,Private,1154.43,761.41,393.02,Approved
1201049,704199,100577,2024-06-13,Medicare,3037.04,2876.74,160.3,Approved
1201050,705490,102250,2025-08-31,Private,3133.39,2364.12,769.27,Approved
1201051,701164,100688,2024-06-02,Private,2331.0,2020.87,310.13,Approved
1201052,701557,101001,2024-06-27,Medicare,5029.11,3711.95,1317.16,Approved
1201053,700088,101328,2022-04-29,Medicare,10185.0,6229.04,3955.96,Pending
1201054,706040,102283,2025-01-12,Private,891.92,596.66,891.92,Denied
1201055,701417,100933,2025-10-01,Medicare,4519.81,3050.59,1469.22,Approved
1201056,704323,100091,2021-03-31,Private,995.72,843.9,151.82,Approved
1201057,704257,100375,2021-04-04,Private,1744.0,1615.08,128.92,Approved
1201058,704062,102396,2022-04-12,Private,1248.88,1074.64,174.24,Partially Approved
1201059,706498,100991,2024-10-26,Private,868.94,511.15,357.79,Approved
1201060,705505,100205,2023-09-19,Uninsured,2343.43,1977.84,365.59,Approved
1201061,704708,101428,2021-09-15,Private,3788.74,3394.09,394.65,Approved
1201062,703835,102292,2022-05-13,Private,1369.42,1340.98,28.44,Approved
1201063,702803,101640,2022-03-23,Medicaid,3586.0,3176.31,409.69,Approved
1201064,705149,102487,2025-02-25,Private,2756.43,2482.22,2756.43,Denied
1201065,701421,100655,2025-06-05,Medicaid,2090.7,1992.38,98.32,Approved
1201066,705958,100698,2021-06-04,Medicare,1980.26,1743.53,236.73,Approved
1201067,701223,101159,2023-03-01,Medicare,1480.17,1297.66,182.51,Approved
1201068,701655,101329,2021-10-04,Private,498.03,362.9,135.13,Approved
1201069,700971,100814,2024-01-24,Medicaid,1145.66,,322.88,Pending
1201070,704251,101295,2021-05-15,Medicaid,996.64,703.64,293.0,Approved
1201071,705359,100623,2024-02-06,Private,6399.44,4312.4,2087.04,Partially Approved
1201072,702998,102471,2023-03-01,Private,894.54,616.34,278.2,Pending
1201073,706043,100686,2023-12-08,Private,1658.11,1325.03,333.08,Approved
1201074,706126,101532,2023-01-25,Medicare,835.98,576.75,259.23,Approved
1201075,704337,100973,2023-11-25,Private,2961.83,2359.89,601.94,Partially Approved
1201076,702910,100504,2022-07-06,Medicaid,4512.43,3834.88,677.55,Approved
1201077,700523,102174,2022-07-13,Uninsured,13300.92,10940.82,2360.1,Approved
1201078,703470,100955,2023-07-14,Uninsured,4115.78,3594.79,520.99,Approved
1201079,701325,100994,2023-12-14,Private,676.08,502.56,173.52,Approved
1201080,702659,100850,2022-07-02,Private,5654.77,5356.54,298.23,Approved
1201081,704126,101562,2022-12-31,Medicaid,1206.42,1011.75,1206.42,Denied
1201082,702729,101361,2024-09-22,Medicaid,3148.81,2704.63,444.18,Partially Approved
1201083,701860,102479,2023-11-19,Medicaid,4821.78,4511.75,310.03,Approved
1201084,702740,101368,2024-10-16,Medicare,2507.23,1781.53,725.7,Approved
1201085,705860,101667,2021-12-15,Medicare,647.54,476.49,171.05,Partially Approved
1201086,701868,101090,2021-10-27,Private,3043.77,2881.97,161.8,Partially Approved
1201087,701914,101587,2025-05-04,Medicare,3501.38,1925.97,1575.41,Approved
1201088,706022,102488,2024-04-05,Private,4888.98,2715.93,2173.05,Approved
1201089,704388,101835,2021-07-11,Private,3530.41,2522.6,1007.81,Approved
1201090,700647,101803,2023-06-25,Private,4577.01,4142.68,434.33,Partially Approved
1201091,700479,100598,2023-06-17,Medicare,1812.69,1762.59,50.1,Partially Approved
1201092,705162,100432,2021-12-08,Medicaid,3641.53,2109.49,1532.04,Approved
1201093,701417,101435,2021-01-29,Medicaid,1112.25,700.53,1112.25,Denied
1201094,702925,101652,2021-06-02,Medicare,3844.75,2651.59,1193.16,Approved
1201095,701481,100789,2022-07-09,Private,3158.7,2368.01,3158.7,Denied
1201096,704724,101575,2022-10-14,Medicaid,11977.54,8574.69,3402.85,Approved
1201097,704693,101444,2024-07-19,Medicare,1479.76,1067.74,412.02,Approved
1201098,704593,102439,2023-12-27,Private,5886.83,4907.66,979.17,Approved
1201099,701346,101370,2024-09-03,Private,1854.03,1461.6,392.43,Approved
1201100,705900,100575,2021-05-12,Private,2877.26,2032.94,844.32,Approved
1201101,700048,100529,2023-06-29,Private,1406.31,1198.07,208.24,Partially Approved
1201102,701490,101504,2022-02-27,Private,5700.11,3724.67,1975.44,Partially Approved
1201103,704897,101168,2025-12-27,Uninsured,2484.51,1388.85,1095.66,Approved
1201104,704557,102236,2021-09-20,Medicaid,2810.53,2629.37,181.16,Approved
1201105,700226,100433,2022-03-14,Private,6002.87,4732.74,1270.13,Approved
1201106,703086,101509,2021-02-26,Private,3375.3,2337.34,1037.96,Approved
1201107,702291,102136,2022-08-26,Private,4005.1,3706.76,298.34,Approved
1201108,703822,101577,2023-12-16,Medicare,1702.22,1019.84,682.38,Pending
1201109,701561,102098,2022-12-31,Private,3076.45,2748.61,327.84,Approved
1201110,705916,102429,2021-09-07,Uninsured,2310.2,1598.65,711.55,Approved
1201111,701437,100917,2022-06-03,Medicaid,1001.28,835.85,1001.28,Denied
1201112,700556,101119,2025-12-21,Medicaid,2830.1,1885.34,944.76,Partially Approved
1201113,703571,102302,2022-03-17,Private,3995.05,3561.25,433.8,Approved
1201114,705328,100182,2021-07-15,Medicare,2237.2,1462.56,774.64,Approved
1201115,702174,101926,2024-09-05,Medicare,3589.85,3412.7,177.15,Approved
1201116,705402,101578,2022-03-29,Uninsured,1819.79,1273.39,546.4,Approved
1201117,701981,100206,2023-02-11,Private,1819.07,1060.55,758.52,Approved
1201118,701850,100011,2025-07-14,Medicaid,2569.2,1528.67,1040.53,Approved
1201119,700807,101734,2022-04-25,Private,8099.31,7512.41,8099.31,Denied
1201120,706476,100237,2023-06-27,Private,1811.41,1641.65,169.76,Approved
1201121,704448,102095,2025-09-05,Medicaid,2913.5,2153.46,760.04,Approved
1201122,705663,100233,2022-04-18,Private,448.76,410.28,38.48,Approved
1201123,706321,101338,2025-06-26,Private,6359.11,5913.14,445.97,Approved
1201124,700778,101871,2024-02-07,Medicare,2739.19,1885.57,853.62,Partially Approved
1201125,703174,101109,2021-04-19,Medicare,725.03,447.94,277.09,Partially Approved
1201126,703856,101423,2021-04-25,Medicaid,7720.02,6265.16,1454.86,Approved
1201127,704868,101858,2021-11-03,Private,2593.73,1641.88,951.85,Approved
1201128,702166,100272,2025-07-21,Medicare,1406.81,1324.77,82.04,Approved
1201129,704119,101438,2023-11-23,Private,3226.12,1855.12,1371.0,Approved
1201130,705486,100686,2021-07-08,Uninsured,1834.94,1631.84,203.1,Partially Approved
1201131,706208,101788,2024-03-13,Private,1117.46,798.53,318.93,Approved
1201132,705419,100589,2024-09-12,Medicaid,2612.73,1532.03,1080.7,Partially Approved
1201133,705533,102168,2024-11-09,Uninsured,2497.28,1872.37,624.91,Approved
1201134,704219,101407,2025-01-26,Medicaid,982.03,635.05,346.98,Approved
1201135,700548,101522,2024-08-16,Private,1897.29,1146.51,750.78,Approved
1201136,702325,100644,2023-10-16,Private,1372.8,843.35,529.45,Approved
1201137,705747,101759,2025-12-28,Uninsured,1890.08,1789.78,100.3,Approved
1201138,700789,100821,2021-06-27,Medicaid,4410.11,4116.96,293.15,Partially Approved
1201139,703210,100409,2023-09-12,Private,2864.94,2441.57,423.37,Approved
1201140,701834,100941,2021-11-09,Private,6098.7,4314.58,1784.12,Approved
1201141,701184,100954,2024-06-11,Uninsured,2844.6,1997.35,847.25,Approved
1201142,700394,102330,2022-08-05,Medicare,1705.87,979.2,726.67,Approved
1201143,700398,100277,2025-04-30,Private,4287.11,2858.4,1428.71,Approved
1201144,702012,102402,2022-11-16,Private,7635.57,7314.37,321.2,Approved
1201145,706399,102351,2024-11-03,Private,1653.32,1039.48,613.84,Approved
1201146,705672,101541,2023-02-06,Private,3842.97,3349.31,493.66,Approved
1201147,702803,100705,2024-01-10,Medicare,1789.62,1363.95,425.67,Approved
1201148,700217,102414,2025-05-20,Private,3152.48,1798.19,1354.29,Approved
1201149,700089,101370,2022-04-23,Private,379.23,250.52,128.71,Approved
1201150,702152,100989,2021-10-21,Medicare,2174.03,1697.48,476.55,Approved
1201151,702299,101330,2024-01-15,Medicaid,1784.43,1243.06,541.37,Approved
1201152,700977,100928,2025-10-01,Uninsured,1823.15,1044.06,779.09,Approved
1201153,702642,100698,2025-09-10,Private,2667.14,2268.18,2667.14,Denied
1201154,702550,101100,2022-10-25,Private,1291.54,904.16,387.38,Approved
1201155,705124,101874,2024-08-04,Private,824.56,727.16,97.4,Pending
1201156,700166,101718,2023-05-05,Private,614.25,506.4,107.85,Approved
1201157,700790,100584,2023-01-18,Medicare,6654.49,4178.55,2475.94,Approved
1201158,701812,100383,2023-01-04,Medicare,1660.41,1156.86,503.55,Approved
1201159,704230,101850,2021-11-09,Private,2486.42,2340.34,146.08,Approved
1201160,705209,101490,2025-03-20,Medicare,713.07,509.75,203.32,Approved
1201161,702038,101333,2025-01-27,Private,3544.02,2360.47,1183.55,Partially Approved
1201162,701437,102495,2024-01-29,Private,3699.61,3132.53,567.08,Approved
1201163,704728,101194,2025-07-27,Medicaid,5048.52,3247.74,1800.78,Approved
1201164,701458,102286,2025-10-17,Medicaid,2789.56,2245.84,543.72,Approved
1201165,702787,100737,2021-03-06,Private,2250.84,1324.59,926.25,Approved
1201166,703733,100947,2024-12-14,Medicare,1384.83,926.55,458.28,Partially Approved
1201167,700934,102046,2025-08-11,Medicare,3526.28,2166.64,1359.64,Approved
1201168,705706,100697,2022-10-01,Private,5703.44,4421.58,1281.86,Approved
1201169,704011,100930,2023-02-17,Medicaid,1547.3,1098.39,448.91,Approved
1201170,706421,101203,2024-12-15,Medicare,498.82,477.91,20.91,Approved
1201171,702465,101277,2021-10-03,Uninsured,4487.88,3658.44,829.44,Pending
1201172,704758,101445,2024-04-09,Medicare,2201.36,1996.64,204.72,Approved
1201173,704548,102307,2024-03-24,Private,1742.19,1631.32,110.87,Approved
1201174,704174,101404,2022-03-25,Private,3682.64,3270.24,412.4,Approved
1201175,700945,100549,2022-05-14,Private,1266.55,1045.26,221.29,Approved
1201176,703626,100792,2021-01-07,Private,3721.34,3290.32,431.02,Partially Approved
1201177,702724,101346,2024-07-17,Medicaid,4001.22,3067.8,933.42,Approved
1201178,702621,100897,2022-04-03,Private,2600.87,2258.5,342.37,Approved
1201179,703864,101864,2023-05-30,Private,2279.76,2102.68,177.08,Partially Approved
1201180,701114,101387,2024-01-02,Private,1896.63,1288.76,607.87,Partially Approved
1201181,703448,102086,2021-05-15,Medicare,3110.68,2752.01,358.67,Approved
1201182,704782,100616,2023-10-25,Private,1334.59,873.22,461.37,Approved
1201183,700487,101654,2021-02-04,Uninsured,469.29,448.13,21.16,Approved
1201184,701351,101058,2022-07-06,Uninsured,2133.29,1287.31,845.98,Approved
1201185,704958,100967,2023-04-28,Private,1511.32,948.46,562.86,Partially Approved
1201186,700655,102275,2024-07-27,Private,5220.57,3642.05,1578.52,Approved
1201187,701399,100857,2025-11-17,Medicaid,4328.98,3655.48,673.5,Approved
1201188,704798,100359,2022-07-04,Private,6289.6,3650.49,2639.11,Approved
1201189,704022,100120,2023-11-30,Private,2838.32,1661.61,1176.71,Partially Approved
1201190,702522,102421,2025-09-11,Private,4173.59,3439.6,733.99,Pending
1201191,700034,101977,2024-12-23,Medicare,3825.88,3590.05,235.83,Approved
1201192,700234,101754,2025-08-05,Private,1210.26,668.07,1210.26,Denied
1201193,702495,102436,2023-09-03,Private,1783.84,1705.22,78.62,Partially Approved
1201194,705252,101971,2023-10-15,Private,1710.74,1409.12,301.62,Approved
1201195,704760,100308,2021-07-06,Private,1279.35,965.6,1279.35,Denied
1201196,703462,102453,2023-03-11,Private,1092.14,964.15,127.99,Approved
1201197,700625,100510,2024-03-08,Medicaid,2636.61,1578.27,1058.34,Approved
1201198,703904,101509,2024-08-16,Uninsured,2127.39,1808.67,318.72,Approved
1201199,704878,100487,2021-02-24,Private,1994.18,1191.36,802.82,Approved
1201200,700247,101193,2024-11-11,Private,2499.62,1702.9,796.72,Partially Approved
1201201,704955,100601,2022-07-01,Medicaid,3578.76,2827.21,751.55,Partially Approved
1201202,703534,102431,2021-06-07,Private,6494.87,5178.06,1316.81,Approved
1201203,705637,102090,2025-12-10,Medicare,2686.31,1592.49,1093.82,Approved
1201204,704847,101778,2024-04-28,Private,3154.79,2025.73,1129.06,Approved
1201205,701111,100862,2023-01-11,Medicaid,1001.16,816.17,184.99,Approved
1201206,706052,102257,2021-11-25,Private,3247.99,2285.14,962.85,Approved
1201207,703889,101641,2021-06-25,Private,2510.63,1480.08,1030.55,Partially Approved
1201208,705870,101274,2022-05-10,Private,690.77,435.15,255.62,Pending
1201209,703235,101106,2021-05-19,Private,4167.7,2891.56,1276.14,Approved
1201210,701254,100585,2023-09-24,Private,6139.79,4697.05,1442.74,Approved
1201211,700212,101169,2024-05-13,Private,3577.01,2907.29,669.72,Approved
1201212,705824,100072,2022-09-21,Private,1039.08,888.15,150.93,Approved
1201213,704024,101651,2024-08-27,Medicare,3612.39,3207.58,404.81,Partially Approved
1201214,703408,100313,2024-05-14,Private,1864.03,1062.68,801.35,Approved
1201215,700860,101213,2022-05-27,Private,1616.96,1315.13,301.83,Approved
1201216,700637,101145,2024-04-30,Medicaid,1753.68,1294.94,458.74,Approved
1201217,705895,100188,2023-09-27,Private,1382.99,875.07,507.92,Approved
1201218,703277,100345,2021-03-31,Private,1035.95,609.57,426.38,Approved
1201219,703297,100207,2023-01-17,Medicare,999.99,934.21,65.78,Approved
1201220,701282,100498,2022-07-02,Private,2284.62,2182.46,102.16,Approved
1201221,706465,102456,2025-07-27,Medicaid,2882.88,1869.63,1013.25,Pending
1201222,704936,100093,2021-07-25,Medicare,6232.68,5739.99,492.69,Approved
1201223,701575,100382,2025-03-10,Private,1895.44,1056.06,839.38,Approved
1201224,702529,101030,2023-08-15,Medicare,889.51,635.34,254.17,Approved
1201225,704660,100054,2022-08-13,Medicare,2129.84,1210.37,919.47,Partially Approved
1201226,704137,101265,2023-05-31,Uninsured,8329.55,4767.01,8329.55,Denied
1201227,704616,102108,2025-09-04,Medicaid,6365.03,5431.23,933.8,Approved
1201228,701899,100782,2025-06-11,Private,907.15,859.08,48.07,Approved
1201229,702895,100468,2025-03-12,Private,2245.23,1443.79,801.44,Approved
1201230,705183,101870,2021-04-02,Medicare,304.34,273.56,30.78,Partially Approved
1201231,703585,101110,2024-05-27,Private,1802.19,1019.66,782.53,Approved
1201232,702419,101742,2023-03-27,Private,886.67,745.9,140.77,Approved
1201233,700769,102342,2023-03-04,Medicare,2629.35,1750.11,879.24,Pending
1201234,703701,101545,2022-07-04,Private,3353.44,3192.64,160.8,Approved
1201235,705108,100087,2022-02-02,Private,1834.28,1688.2,146.08,Approved
1201236,701944,102342,2024-11-12,Medicaid,1720.49,1628.52,91.97,Approved
1201237,704492,102277,2022-06-21,Medicare,916.13,609.71,916.13,Denied
1201238,705107,100955,2024-03-30,Private,10292.57,6818.81,3473.76,Approved
1201239,701995,100214,2022-02-13,Uninsured,5866.19,4433.08,1433.11,Approved
1201240,702995,100087,2024-12-22,Private,3620.87,3525.05,95.82,Approved
1201241,700318,101598,2022-05-12,Medicare,9893.11,8140.17,1752.94,Approved
1201242,700228,101579,2021-02-04,Medicaid,1953.78,1905.81,47.97,Approved
1201243,700130,101081,2024-12-12,Private,2837.28,2773.03,64.25,Partially Approved
1201244,702559,100662,2025-06-21,Private,1200.14,925.5,274.64,Partially Approved
1201245,701695,101711,2025-12-07,Uninsured,1089.89,654.76,435.13,Approved
1201246,703313,101574,2025-06-22,Medicaid,2883.82,1965.94,917.88,Approved
1201247,704743,100849,2024-11-08,Medicare,972.32,848.66,123.66,Approved
1201248,700923,101516,2022-02-03,Uninsured,797.02,465.47,331.55,Approved
1201249,702654,100263,2024-01-04,Medicaid,7744.23,4495.58,3248.65,Approved
1201250,703945,100381,2024-12-10,Uninsured,6755.64,5376.44,1379.2,Approved
1201251,706477,101370,2021-01-07,Private,2240.55,1550.61,689.94,Approved
1201252,700714,100692,2023-04-06,Private,2917.45,2608.27,309.18,Approved
1201253,704305,100240,2024-02-11,Private,6162.35,4944.9,1217.45,Approved
1201254,703398,101285,2021-05-07,Private,1324.63,849.07,475.56,Approved
1201255,705896,101036,2022-06-15,Medicare,5000.9,4359.62,641.28,Approved
1201256,700398,100009,2021-09-25,Medicaid,5990.74,3327.72,2663.02,Approved
1201257,701818,101251,2022-05-10,Private,3007.39,1700.62,1306.77,Approved
1201258,700334,101019,2023-03-02,Medicare,1650.12,1397.39,252.73,Partially Approved
1201259,701504,102147,2022-02-18,Private,5178.13,3622.11,5178.13,Denied
1201260,703559,101400,2022-03-04,Private,4444.1,3191.75,1252.35,Approved
1201261,705798,100588,2021-08-07,Medicare,7096.15,5177.57,1918.58,Approved
1201262,704589,101888,2025-06-15,Medicaid,1549.35,926.62,622.73,Approved
1201263,706331,101777,2023-12-03,Private,8869.6,6198.58,2671.02,Approved
1201264,702366,100985,2025-01-15,Private,921.47,526.0,395.47,Approved
1201265,703069,101114,2024-03-04,Private,5909.47,5187.15,722.32,Partially Approved
1201266,703954,100477,2023-02-11,Medicare,4073.07,2241.69,1831.38,Approved
1201267,701795,100628,2024-09-26,Medicare,8589.55,6565.33,2024.22,Partially Approved
1201268,701991,102323,2022-12-30,Medicare,4905.55,4330.25,575.3,Approved
1201269,706407,102334,2022-10-02,Medicare,2043.69,1710.67,2043.69,Denied
1201270,702948,101067,2025-09-04,Private,4849.66,3706.95,1142.71,Approved
1201271,705880,101524,2025-02-06,Medicare,1736.21,1691.27,44.94,Pending
1201272,702981,100553,2023-03-02,Medicaid,2665.43,2517.69,147.74,Approved
1201273,704874,102481,2025-10-30,Medicare,2396.96,1774.28,622.68,Approved
1201274,703378,100196,2024-07-26,Medicaid,4803.26,3277.4,4803.26,Denied
1201275,705505,102046,2022-07-16,Private,2661.21,2111.39,549.82,Partially Approved
1201276,705448,102049,2025-05-20,Medicaid,3096.85,2218.58,878.27,Approved
1201277,706240,100448,2025-09-18,Private,1758.81,1693.21,65.6,Approved
1201278,700905,101177,2024-01-24,Private,1510.34,1028.68,481.66,Approved
1201279,704134,101655,2021-05-04,Private,917.39,662.32,255.07,Approved
1201280,702564,101272,2025-03-22,Medicaid,1949.24,1575.8,373.44,Approved
1201281,705976,102035,2025-09-15,Private,1709.98,1225.64,484.34,Approved
1201282,700424,101619,2021-06-29,Medicare,2409.9,2112.05,297.85,Partially Approved
1201283,703817,102415,2025-11-08,Medicare,8638.17,6106.74,2531.43,Approved
1201284,700690,100658,2022-02-07,Private,1662.99,1423.87,239.12,Approved
1201285,702124,100218,2022-05-02,Medicaid,3573.5,2193.65,1379.85,Partially Approved
1201286,705100,100465,2025-03-09,Private,1925.23,1426.08,1925.23,Denied
1201287,700811,102137,2022-11-30,Medicaid,3390.15,1968.5,1421.65,Approved
1201288,703581,100125,2025-03-31,Medicaid,2804.23,2286.38,517.85,Approved
1201289,702851,101061,2022-03-25,Private,5447.33,4372.87,1074.46,Approved
1201290,706310,101505,2025-07-29,Medicare,7095.72,6129.86,965.86,Approved
1201291,704637,101998,2022-09-26,Private,1247.79,1096.99,150.8,Approved
1201292,706352,101610,2025-10-23,Medicaid,652.99,627.59,25.4,Partially Approved
1201293,706366,101709,2021-05-13,Medicaid,1285.9,856.18,429.72,Approved
1201294,702923,100041,2025-11-10,Private,1730.36,1428.06,302.3,Approved
1201295,700341,100214,2021-12-25,Medicaid,3660.26,2365.52,1294.74,Approved
1201296,705913,101160,2021-08-31,Medicaid,1171.34,900.09,271.25,Approved
1201297,704716,100016,2023-12-01,Medicare,1559.52,876.44,683.08,Approved
1201298,702106,101782,2023-03-12,Medicaid,4464.37,3459.41,1004.96,Approved
1201299,702097,101590,2024-11-28,Private,1070.61,938.51,132.1,Approved
1201300,705874,101241,2023-12-17,Private,829.34,812.49,16.85,Approved
1201301,700264,102059,2022-05-02,Medicare,3097.05,2299.41,797.64,Pending
1201302,700258,101890,2022-02-24,Medicare,2670.54,1990.34,680.2,Approved
1201303,702098,100018,2024-10-30,Uninsured,1113.97,914.4,199.57,Partially Approved
1201304,700527,101181,2022-09-01,Medicare,3521.63,2123.97,1397.66,Approved
1201305,704645,102494,2021-11-23,Medicaid,969.24,681.32,287.92,Approved
1201306,702877,100004,2024-08-12,Private,5849.89,5533.77,316.12,Pending
1201307,703313,101412,2021-03-07,Medicare,2524.1,1792.25,731.85,Partially Approved
1201308,703452,101619,2021-05-14,Private,2895.09,2319.53,575.56,Partially Approved
1201309,705987,100250,2024-06-09,Private,4118.12,3678.54,439.58,Approved
1201310,702068,101027,2023-03-01,Medicare,698.31,414.41,698.31,Denied
1201311,700484,100753,2024-10-16,Private,1821.48,1200.86,620.62,Approved
1201312,704836,101235,2021-04-07,Medicare,2071.81,1895.68,2071.81,Denied
1201313,702799,102147,2025-02-13,Private,2080.92,1452.13,628.79,Approved
1201314,702475,102016,2021-12-17,Private,2162.16,1584.98,577.18,Approved
1201315,700349,102196,2022-04-29,Medicaid,2222.97,2121.17,101.8,Pending
1201316,703483,100197,2024-03-05,Medicaid,1812.12,1635.73,176.39,Partially Approved
1201317,700106,100661,2022-02-14,Private,5711.59,3146.67,2564.92,Approved
1201318,700830,102346,2024-08-07,Private,2018.33,1391.54,626.79,Partially Approved
1201319,702096,100658,2021-05-29,Private,2593.76,2248.33,345.43,Approved
1201320,703678,102475,2022-01-09,Private,2422.33,1980.04,442.29,Approved
1201321,702834,100028,2025-11-10,Medicare,3203.98,1975.0,1228.98,Approved
1201322,700005,102178,2021-02-15,Medicaid,1226.31,754.82,471.49,Pending
1201323,702278,100921,2022-01-25,Private,702.03,633.56,68.47,Approved
1201324,702187,102396,2023-11-04,Medicare,4461.5,2895.95,1565.55,Approved
1201325,705928,102054,2023-10-09,Medicare,1773.33,1490.22,283.11,Approved
1201326,704367,100706,2024-07-14,Private,937.99,524.42,413.57,Approved
1201327,704920,100809,2023-04-29,Private,886.33,633.75,252.58,Pending
1201328,702546,101199,2022-08-28,Medicaid,1356.46,1079.44,277.02,Approved
1201329,700224,101075,2023-07-14,Medicaid,2693.26,2506.58,186.68,Approved
1201330,701638,102397,2023-11-08,Private,2444.92,1522.65,922.27,Approved
1201331,700394,101655,2025-09-14,Private,4058.21,3525.74,532.47,Approved
1201332,705982,100472,2025-05-08,Medicaid,647.39,622.45,24.94,Approved
1201333,706243,100610,2022-07-24,Private,1941.04,1201.25,739.79,Partially Approved
1201334,705557,101826,2025-04-09,Medicaid,4722.62,3743.24,979.38,Approved
1201335,703581,101571,2021-06-14,Private,1425.27,1201.8,223.47,Approved
1201336,702081,100180,2025-12-13,Medicaid,4888.99,4442.06,446.93,Approved
1201337,700272,100591,2021-08-13,Private,13306.64,10528.3,2778.34,Partially Approved
1201338,706384,101500,2024-09-21,Private,1583.81,993.56,590.25,Approved
1201339,703340,102196,2024-07-17,Private,4468.1,3839.5,628.6,Approved
1201340,702576,102197,2024-03-13,Private,807.97,671.71,136.26,Pending
1201341,701931,101046,2021-01-14,Private,1593.18,1335.47,257.71,Approved
1201342,703808,100865,2024-11-11,Medicaid,2390.61,2250.63,139.98,Approved
1201343,704617,101575,2025-03-16,Private,9159.86,7688.95,1470.91,Approved
1201344,700239,100851,2021-11-30,Private,360.75,262.89,97.86,Approved
1201345,700228,101273,2021-10-13,Private,4331.35,4209.09,122.26,Approved
1201346,700953,100869,2024-09-28,Medicaid,1896.96,1378.49,518.47,Approved
1201347,700020,102454,2024-04-09,Private,3215.52,2585.66,629.86,Approved
1201348,704660,102185,2021-11-09,Medicaid,1214.9,1168.7,46.2,Approved
1201349,700732,101683,2023-02-22,Private,1739.25,1571.35,167.9,Pending
1201350,704869,100306,2023-12-10,Private,1324.89,857.73,467.16,Partially Approved
1201351,700637,102474,2022-06-24,Medicaid,3029.95,1924.3,1105.65,Approved
1201352,703714,100782,2022-08-28,Medicaid,1685.4,1433.45,251.95,Approved
1201353,703787,100800,2022-01-28,Private,3880.52,2784.5,1096.02,Approved
1201354,700690,101450,2022-09-17,Medicaid,9918.43,6536.08,3382.35,Approved
1201355,704774,100223,2024-03-14,Medicare,3785.17,3433.52,351.65,Approved
1201356,702199,100229,2022-12-06,Medicare,5841.05,4706.98,1134.07,Approved
1201357,706334,100564,2022-09-11,Medicaid,2710.12,1899.26,810.86,Partially Approved
1201358,706119,101990,2025-07-21,Private,2337.0,2248.81,88.19,Approved
1201359,703190,100644,2021-05-10,Private,2887.4,2346.13,541.27,Approved
1201360,703894,100259,2022-05-08,Medicare,1202.13,947.54,254.59,Approved
1201361,701399,102120,2021-12-08,Uninsured,1993.33,1112.47,880.86,Pending
1201362,705836,102414,2021-05-16,Private,1021.33,752.08,269.25,Approved
1201363,702120,101874,2025-01-18,Medicare,412.45,235.77,176.68,Approved
1201364,700371,101525,2022-02-03,Medicaid,6534.13,4809.88,1724.25,Approved
1201365,706348,102015,2025-05-14,Medicare,2658.77,1558.34,1100.43,Partially Approved
1201366,702160,101603,2025-09-06,Medicaid,1173.71,1128.51,45.2,Approved
1201367,701596,100182,2021-05-27,Medicare,3790.75,3112.47,678.28,Approved
1201368,702777,100028,2024-07-31,Medicare,4624.06,4388.14,235.92,Partially Approved
1201369,702634,102015,2024-04-10,Private,2974.36,2536.81,437.55,Approved
1201370,700397,100651,2024-12-23,Medicare,6552.55,4017.01,2535.54,Approved
1201371,705579,101468,2024-11-27,Private,931.35,775.04,156.31,Pending
1201372,705339,102472,2023-02-19,Private,5605.4,4987.72,5605.4,Denied
1201373,702229,101438,2023-02-24,Private,2679.6,1862.02,817.58,Approved
1201374,701120,100543,2023-01-23,Private,869.7,549.64,320.06,Partially Approved
1201375,700629,101678,2022-05-18,Private,9011.65,7241.17,1770.48,Partially Approved
1201376,701393,101682,2024-10-08,Private,3992.79,3349.28,643.51,Partially Approved
1201377,702910,101198,2022-07-14,Medicaid,3828.57,2784.19,1044.38,Approved
1201378,703596,102158,2025-09-18,Medicare,1497.29,1037.28,460.01,Approved
1201379,703620,102165,2024-10-28,Medicare,2003.17,1959.86,43.31,Approved
1201380,701017,100936,2024-10-22,Private,2077.7,1868.99,208.71,Approved
1201381,706264,102093,2022-10-12,Medicare,1939.45,1218.42,721.03,Pending
1201382,704540,100641,2024-11-23,Private,1437.41,818.53,1437.41,Denied
1201383,701726,101243,2022-06-07,Medicare,1982.03,1528.33,453.7,Approved
1201384,703895,100139,2024-01-12,Private,3920.6,2383.7,1536.9,Approved
1201385,704714,102396,2025-08-03,Private,4508.5,3475.81,1032.69,Approved
1201386,704690,101801,2025-04-14,Medicaid,2015.2,1408.53,606.67,Pending
1201387,706375,100361,2022-12-07,Private,2041.37,1277.74,763.63,Approved
1201388,703611,102135,2023-03-25,Private,873.03,681.33,873.03,Denied
1201389,705328,101392,2025-03-02,Private,2474.8,2099.58,375.22,Approved
1201390,702940,102036,2024-06-11,Medicare,9816.88,5742.87,4074.01,Approved
1201391,702657,102241,2023-05-22,Private,5688.69,3935.55,1753.14,Approved
1201392,706442,101996,2022-06-11,Private,1689.42,1128.75,560.67,Approved
1201393,702585,100389,2024-09-22,Private,1102.06,915.08,186.98,Partially Approved
1201394,703426,102423,2025-05-17,Private,1666.54,945.96,720.58,Partially Approved
1201395,704233,100654,2022-07-13,Private,5572.55,3087.98,2484.57,Approved
1201396,704872,100388,2022-10-23,Medicaid,2131.71,1311.22,820.49,Approved
1201397,703503,101878,2025-09-21,Medicaid,2557.19,2403.76,153.43,Pending
1201398,703511,101458,2023-02-19,Medicaid,2829.53,2612.73,216.8,Pending
1201399,702552,101980,2024-05-25,Uninsured,2307.75,1531.65,776.1,Approved
1201400,700921,100683,2024-10-13,Medicaid,3012.75,2465.14,547.61,Approved
1201401,706350,101406,2025-06-23,Medicaid,2435.7,1819.06,616.64,Approved
1201402,705553,101342,2024-09-11,Medicare,1943.12,1538.77,404.35,Partially Approved
1201403,700844,100075,2023-07-14,Medicaid,2272.19,1564.46,707.73,Approved
1201404,702139,101308,2023-01-06,Private,2654.63,1534.07,1120.56,Partially Approved
1201405,701494,101617,2025-08-23,Private,4632.78,4457.82,4632.78,Denied
1201406,704825,100688,2023-12-17,Medicare,1261.31,1053.17,208.14,Approved
1201407,705573,101946,2024-03-04,Uninsured,15098.12,8395.82,6702.3,Approved
1201408,702411,101611,2024-02-09,Private,2841.32,1809.34,1031.98,Partially Approved
1201409,704344,100549,2022-01-27,Medicare,919.41,673.51,245.9,Partially Approved
1201410,701777,100235,2023-05-12,Medicare,1036.07,937.0,99.07,Approved
1201411,706264,101007,2021-02-25,Private,4985.25,4598.06,4985.25,Denied
1201412,704482,100305,2022-03-30,Private,1059.38,1012.14,47.24,Approved
1201413,701541,101828,2023-04-17,Medicaid,3174.84,2717.49,457.35,Approved
1201414,702035,101126,2024-02-15,Private,2812.69,2397.81,414.88,Approved
1201415,700655,101577,2021-11-24,Medicaid,3140.15,2872.87,267.28,Approved
1201416,706229,100298,2021-03-15,Private,3277.28,2374.59,902.69,Partially Approved
1201417,706114,100559,2021-09-27,Private,940.38,652.09,288.29,Approved
1201418,703439,100240,2022-08-22,Private,3515.79,3411.91,103.88,Approved
1201419,702501,101194,2023-11-03,Medicare,2021.45,1627.66,393.79,Approved
1201420,702262,100478,2022-10-31,Medicaid,4408.44,2648.52,1759.92,Approved
1201421,704170,101436,2025-07-01,Medicare,1602.73,1537.18,65.55,Approved
1201422,700075,101162,2023-02-28,Medicaid,10133.52,7467.71,2665.81,Approved
1201423,700860,100150,2025-01-17,Private,2692.62,1856.62,836.0,Approved
1201424,702076,100685,2024-09-05,Medicaid,3927.7,2564.34,1363.36,Approved
1201425,703702,101118,2025-03-13,Private,5325.11,3702.86,1622.25,Approved
1201426,705790,100325,2024-08-12,Private,1370.95,990.74,380.21,Approved
1201427,704254,102177,2025-10-20,Medicaid,4177.15,3190.18,986.97,Approved
1201428,703419,100580,2022-03-02,Private,2544.79,2365.8,178.99,Partially Approved
1201429,702994,101830,2022-09-11,Medicare,3057.89,2786.41,271.48,Partially Approved
1201430,701667,100264,2022-10-21,Medicare,975.03,576.88,398.15,Approved
1201431,706078,101869,2025-11-08,Private,1246.68,1064.18,1246.68,Denied
1201432,700094,100169,2023-01-11,Private,2361.1,1833.24,527.86,Partially Approved
1201433,702432,102384,2024-05-01,Medicare,2050.7,1237.86,812.84,Partially Approved
1201434,700264,101539,2023-03-04,Medicare,1377.59,824.77,552.82,Partially Approved
1201435,701132,102219,2023-07-29,Private,1517.72,1219.02,298.7,Partially Approved
1201436,703378,101857,2022-11-24,Private,2496.83,1978.64,518.19,Approved
1201437,702721,101914,2025-10-12,Medicaid,4303.8,3494.08,809.72,Approved
1201438,701953,101280,2021-02-08,Private,495.25,365.8,129.45,Approved
1201439,705268,102216,2025-08-22,Private,8404.82,6726.49,1678.33,Approved
1201440,702030,102014,2025-11-03,Private,3055.99,2161.51,894.48,Approved
1201441,700476,101518,2023-08-18,Private,2656.96,2177.89,479.07,Approved
1201442,703794,101205,2021-04-08,Medicare,2354.17,1835.17,519.0,Approved
1201443,702177,101758,2023-04-15,Medicaid,2187.0,1482.65,704.35,Partially Approved
1201444,704060,101836,2022-04-17,Private,14911.12,8238.0,6673.12,Approved
1201445,704838,102492,2021-02-14,Private,1919.77,1116.32,803.45,Approved
1201446,703022,102276,2023-11-17,Medicare,1272.84,1217.31,55.53,Approved
1201447,701586,102084,2025-12-25,Medicaid,3136.56,3000.26,136.3,Approved
1201448,705194,102343,2025-09-30,Private,2190.52,1455.99,2190.52,Denied
1201449,701334,101016,2025-05-19,Private,1275.4,978.36,297.04,Approved
1201450,703805,101909,2023-11-26,Private,7631.87,5638.93,1992.94,Partially Approved
1201451,701858,100893,2024-10-26,Private,2451.73,1752.16,699.57,Pending
1201452,701690,100344,2021-12-15,Medicaid,2331.71,1869.67,462.04,Approved
1201453,703210,100691,2021-02-25,Uninsured,1334.66,1240.59,94.07,Partially Approved
1201454,703457,102062,2025-09-27,Private,4673.5,3311.16,4673.5,Denied
1201455,705738,102280,2021-08-05,Private,1355.86,1154.95,1355.86,Denied
1201456,703851,100003,2021-07-26,Private,1339.66,786.67,552.99,Approved
1201457,701831,101366,2025-05-16,Medicaid,1479.83,900.23,1479.83,Denied
1201458,704043,101628,2023-05-28,Private,2103.69,1228.14,875.55,Approved
1201459,704521,102336,2023-04-01,Private,3148.99,3043.92,105.07,Partially Approved
1201460,702020,100994,2024-02-04,Medicare,20441.41,15984.19,4457.22,Partially Approved
1201461,703509,100878,2022-01-26,Private,2776.86,1914.18,862.68,Partially Approved
1201462,703581,100887,2025-08-02,Private,6464.19,6293.21,170.98,Partially Approved
1201463,701845,102197,2024-08-03,Medicare,1483.62,1104.48,379.14,Approved
1201464,700808,101486,2021-10-31,Uninsured,2643.07,1815.35,2643.07,Denied
1201465,704830,100751,2021-02-19,Medicaid,642.27,470.76,171.51,Partially Approved
1201466,701931,101684,2022-09-29,Medicare,8791.09,6096.14,2694.95,Approved
1201467,703443,100765,2022-08-08,Medicare,2840.21,1830.64,1009.57,Partially Approved
1201468,703113,101344,2025-02-04,Medicaid,335.05,280.09,54.96,Approved
1201469,703287,101185,2024-02-16,Private,822.08,481.45,340.63,Approved
1201470,704310,100135,2025-08-05,Uninsured,1220.19,704.55,515.64,Partially Approved
1201471,705338,101330,2024-11-04,Private,975.45,766.47,208.98,Approved
1201472,701752,100922,2022-01-17,Private,1912.14,1325.0,587.14,Approved
1201473,703859,101264,2023-09-07,Private,9647.81,6916.75,2731.06,Approved
1201474,702757,102139,2021-07-21,Medicare,2288.92,1530.88,758.04,Partially Approved
1201475,701006,101204,2023-01-25,Private,2101.32,1157.55,943.77,Approved
1201476,705424,101309,2021-01-30,Medicare,6812.93,5379.48,1433.45,Approved
1201477,706242,102353,2023-03-24,Private,2753.54,1840.05,913.49,Approved
1201478,705775,102138,2021-06-23,Medicare,617.63,421.06,196.57,Approved
1201479,701144,101159,2024-02-27,Private,1166.96,1117.16,49.8,Approved
1201480,703794,100848,2025-11-22,Private,2452.05,1650.06,801.99,Approved
1201481,704241,102111,2022-11-17,Private,5850.01,4175.3,1674.71,Approved
1201482,704427,102262,2023-08-12,Private,2301.91,2049.62,252.29,Approved
1201483,703925,102207,2021-01-23,Uninsured,3272.55,3096.73,175.82,Approved
1201484,705809,101913,2021-05-22,Private,14783.29,13559.85,1223.44,Approved
1201485,705570,100934,2025-10-18,Private,1026.37,816.4,209.97,Approved
1201486,706060,100131,2025-04-27,Private,2740.88,1662.53,1078.35,Approved
1201487,700345,101150,2023-02-24,Medicare,844.12,554.23,289.89,Approved
1201488,706142,101466,2021-01-15,Medicaid,4684.48,,944.63,Approved
1201489,701778,102127,2025-07-24,Medicare,4411.74,4184.85,226.89,Approved
1201490,703648,102134,2024-12-14,Private,1367.97,1157.11,210.86,Approved
1201491,700582,101376,2021-03-27,Private,1959.3,1605.9,1959.3,Denied
1201492,702585,101953,2023-10-26,Private,13779.98,10405.33,3374.65,Pending
1201493,702197,101899,2024-04-12,Medicaid,2670.71,1615.51,1055.2,Partially Approved
1201494,703153,101641,2021-02-27,Medicaid,1145.49,931.08,214.41,Pending
1201495,704641,101086,2025-07-06,Medicare,5545.95,5143.31,402.64,Partially Approved
1201496,704698,101011,2022-07-04,Medicaid,6584.3,5966.74,617.56,Approved
1201497,701732,100298,2021-12-12,Private,2173.85,1837.2,336.65,Approved
1201498,702099,100255,2025-02-27,Medicaid,3212.84,2326.2,886.64,Approved
1201499,701723,102057,2024-10-10,Private,2607.24,1735.21,872.03,Partially Approved
1201500,705725,102429,2023-07-11,Medicaid,2956.99,2214.52,742.47,Pending
1201501,700169,101368,2023-09-30,Medicaid,4069.01,3624.21,444.8,Approved
1201502,706278,101240,2021-02-07,Private,1919.53,1067.54,851.99,Approved
1201503,704714,100956,2024-07-14,Medicare,8267.0,6510.96,1756.04,Approved
1201504,701453,100339,2023-09-04,Private,1941.37,1876.08,65.29,Approved
1201505,701258,100941,2024-07-12,Private,1860.08,1527.18,332.9,Approved
1201506,700466,101421,2022-03-21,Medicaid,2619.34,1730.79,888.55,Approved
1201507,703586,100044,2024-02-14,Private,3546.29,2784.55,761.74,Approved
1201508,701662,100986,2021-07-31,Private,2470.46,1421.14,1049.32,Pending
1201509,703917,101923,2023-02-14,Medicare,2162.94,2103.29,59.65,Approved
1201510,700564,101545,2023-08-21,Medicaid,1160.54,661.47,499.07,Approved
1201511,703957,102439,2022-12-22,Private,3568.09,3473.31,94.78,Pending
1201512,700491,100849,2021-06-17,Medicare,4788.46,3450.14,1338.32,Approved
1201513,705070,100245,2021-04-26,Private,1279.13,1219.91,59.22,Pending
1201514,704838,101310,2022-02-08,Private,3103.28,2672.1,431.18,Approved
1201515,700517,102379,2025-01-14,Uninsured,2572.73,2389.77,182.96,Approved
1201516,706341,102033,2024-06-25,Medicaid,4920.98,3698.13,1222.85,Approved
1201517,700616,101372,2025-02-07,Uninsured,517.61,380.58,137.03,Approved
1201518,702027,101660,2024-02-19,Private,3204.22,2448.42,755.8,Approved
1201519,706025,100475,2023-11-22,Private,5633.34,,2194.27,Approved
1201520,705263,100233,2023-01-30,Medicaid,8404.72,7759.58,645.14,Approved
1201521,703837,100135,2021-02-18,Medicare,5562.32,4695.62,866.7,Partially Approved
1201522,702114,101611,2023-11-15,Medicaid,928.34,536.92,391.42,Approved
1201523,705115,101263,2024-05-15,Medicaid,3435.21,2422.9,1012.31,Approved
1201524,700296,101076,2023-05-22,Private,5024.57,4783.35,241.22,Approved
1201525,701193,102359,2021-07-23,Private,1234.26,926.08,308.18,Approved
1201526,706286,101143,2022-10-30,Private,1260.58,860.69,399.89,Partially Approved
1201527,705352,100364,2023-04-23,Private,4176.13,3833.01,4176.13,Denied
1201528,703648,101623,2025-01-04,Private,9253.32,7276.8,9253.32,Denied
1201529,703293,100370,2021-06-15,Private,1315.3,1049.88,265.42,Approved
1201530,701998,101270,2024-12-21,Medicare,2834.34,2663.77,170.57,Approved
1201531,701260,102372,2021-06-07,Medicaid,8618.28,7489.21,1129.07,Approved
1201532,700047,100851,2024-09-28,Medicaid,709.83,489.71,220.12,Approved
1201533,702106,101071,2022-05-29,Private,1347.4,889.02,1347.4,Denied
1201534,703691,101126,2022-03-25,Medicare,533.19,326.98,206.21,Approved
1201535,702761,100958,2025-05-24,Medicare,3266.99,2393.48,873.51,Approved
1201536,705398,100276,2021-11-08,Medicare,2418.3,1506.57,911.73,Approved
1201537,705151,101506,2021-02-21,Private,1017.07,874.06,143.01,Approved
1201538,702340,100168,2022-09-20,Medicare,1798.14,1106.51,691.63,Partially Approved
1201539,704844,100200,2021-08-25,Private,2454.78,1972.14,482.64,Approved
1201540,702138,101721,2021-03-20,Private,1913.01,1618.71,294.3,Partially Approved
1201541,705651,100607,2023-03-21,Medicaid,1655.3,1239.45,415.85,Approved
1201542,702464,101791,2023-01-08,Medicare,1506.8,1233.68,273.12,Partially Approved
1201543,702798,101590,2021-04-15,Medicare,1771.1,1474.85,296.25,Approved
1201544,705394,102068,2024-02-23,Private,1337.69,1137.42,200.27,Pending
1201545,700048,100186,2022-07-20,Medicare,853.93,487.93,366.0,Approved
1201546,703137,101482,2022-12-22,Medicare,469.83,337.83,132.0,Approved
1201547,702202,101047,2024-05-24,Private,1869.74,1108.25,761.49,Partially Approved
1201548,704050,101744,2022-06-01,Private,1253.25,854.29,398.96,Approved
1201549,704931,102400,2021-07-23,Private,2242.34,1317.94,2242.34,Denied
1201550,706183,102010,2023-05-14,Private,974.41,879.55,94.86,Approved
1201551,706101,101026,2024-07-01,Uninsured,1100.75,974.2,126.55,Approved
1201552,702924,101266,2023-12-22,Uninsured,5401.03,5249.15,151.88,Approved
1201553,702785,100512,2025-01-06,Uninsured,4235.86,2516.73,1719.13,Approved
1201554,700862,102442,2025-06-13,Private,914.16,520.19,393.97,Approved
1201555,705255,101123,2022-03-20,Private,4143.49,2311.16,1832.33,Approved
1201556,702864,102002,2022-06-10,Private,4829.15,4425.35,403.8,Approved
1201557,701228,101976,2021-07-22,Private,1710.07,1112.19,597.88,Approved
1201558,706303,102178,2022-03-20,Medicare,1379.49,1068.51,310.98,Approved
1201559,700716,100170,2024-10-22,Medicare,630.17,535.56,94.61,Approved
1201560,701042,101695,2023-07-11,Medicare,3329.92,2312.94,1016.98,Approved
1201561,704929,100138,2021-06-15,Private,3167.62,2006.22,1161.4,Approved
1201562,701623,100338,2023-03-29,Medicaid,4860.05,3268.85,1591.2,Approved
1201563,705669,102251,2025-01-30,Private,1483.14,1249.65,233.49,Pending
1201564,700743,102233,2023-03-09,Medicaid,3713.7,2437.66,1276.04,Approved
1201565,702678,101585,2025-03-24,Medicare,2503.55,1932.4,571.15,Partially Approved
1201566,703730,101476,2023-03-17,Medicaid,2989.29,2218.99,2989.29,Denied
1201567,705280,100952,2025-07-26,Private,3140.21,2994.96,145.25,Approved
1201568,703433,101372,2023-07-22,Private,1604.19,923.79,680.4,Approved
1201569,700496,101330,2023-12-11,Private,3444.29,2168.39,1275.9,Approved
1201570,706097,101731,2022-08-16,Private,1713.61,1382.88,330.73,Partially Approved
1201571,702571,101875,2022-11-14,Private,18269.07,10185.1,8083.97,Approved
1201572,701844,101095,2025-01-03,Medicare,6552.12,3813.91,2738.21,Approved
1201573,702860,100348,2021-05-31,Uninsured,1054.69,611.81,1054.69,Denied
1201574,702589,100605,2025-11-27,Private,2128.41,1923.69,204.72,Approved
1201575,705975,102441,2025-03-07,Private,1266.09,753.33,512.76,Partially Approved
1201576,706245,100868,2025-07-11,Medicare,5603.32,3453.65,2149.67,Approved
1201577,701505,100597,2024-11-27,Private,2408.06,1838.82,569.24,Approved
1201578,701074,102021,2021-03-24,Medicare,9080.97,7536.88,1544.09,Approved
1201579,701349,101592,2021-10-12,Medicare,7130.88,6481.54,649.34,Approved
1201580,706431,101576,2025-09-16,Private,773.81,498.04,275.77,Approved
1201581,701925,100080,2023-11-05,Medicaid,6777.99,4618.98,2159.01,Approved
1201582,701204,101138,2024-05-02,Medicaid,2451.61,1372.19,1079.42,Partially Approved
1201583,702815,100552,2024-02-10,Private,5702.38,3630.83,2071.55,Approved
1201584,700029,102301,2023-02-04,Private,4856.08,3283.87,1572.21,Partially Approved
1201585,705891,100174,2024-01-04,Medicare,1108.38,682.52,425.86,Partially Approved
1201586,702439,100254,2024-11-25,Private,5726.47,4942.26,784.21,Approved
1201587,704854,100849,2021-01-29,Medicaid,2998.79,2560.41,438.38,Approved
1201588,700267,101398,2025-06-04,Medicaid,2881.41,2608.17,273.24,Pending
1201589,700597,102152,2022-06-28,Private,6747.79,4125.3,2622.49,Approved
1201590,706250,101089,2024-06-17,Medicaid,603.58,526.06,77.52,Partially Approved
1201591,705356,100703,2023-08-24,Medicare,1982.67,1803.41,179.26,Approved
1201592,705055,101679,2024-10-05,Medicare,850.3,619.56,230.74,Approved
1201593,702697,101996,2025-01-19,Private,3921.74,3578.71,3921.74,Denied
1201594,706125,101153,2025-07-16,Medicare,1548.18,1246.06,302.12,Approved
1201595,706263,101424,2023-11-17,Private,5427.77,4374.53,1053.24,Approved
1201596,705978,102323,2025-11-03,Medicaid,7258.79,6972.78,286.01,Approved
1201597,706463,100451,2024-02-15,Medicaid,1099.26,969.51,129.75,Partially Approved
1201598,703509,100582,2023-01-06,Medicare,2006.36,1674.99,331.37,Approved
1201599,705832,100798,2021-05-19,Medicare,1614.37,1464.52,149.85,Approved
1201600,705140,101284,2021-05-01,Private,1793.93,1146.3,647.63,Approved
1201601,705291,100799,2023-05-28,Private,2013.35,1425.51,587.84,Approved
1201602,703450,100627,2022-09-14,Medicare,3722.85,3251.87,3722.85,Denied
1201603,701539,100376,2023-07-07,Private,1404.61,1202.86,201.75,Partially Approved
1201604,705958,100735,2024-04-07,Medicare,10007.05,7182.59,2824.46,Approved
1201605,706059,100124,2025-03-12,Medicaid,1234.21,783.12,451.09,Partially Approved
1201606,701990,101457,2022-05-22,Private,3430.27,2499.97,930.3,Approved
1201607,704970,100088,2023-08-27,Medicaid,2604.45,2480.18,124.27,Approved
1201608,703355,100924,2024-12-28,Medicaid,3140.33,1956.41,1183.92,Approved
1201609,700086,100668,2022-04-08,Medicaid,650.38,435.59,214.79,Approved
1201610,703748,100708,2025-07-17,Medicare,2095.05,1897.69,197.36,Partially Approved
1201611,704861,100814,2024-07-31,Medicare,1983.58,1839.45,144.13,Approved
1201612,706070,101725,2024-06-02,Private,589.07,381.11,207.96,Approved
1201613,703805,100027,2025-01-22,Medicare,1769.55,1038.07,731.48,Approved
1201614,703205,101676,2023-12-09,Medicare,916.96,798.91,118.05,Approved
1201615,704022,101878,2024-10-15,Medicaid,2243.8,1282.94,960.86,Partially Approved
1201616,701169,100096,2024-05-08,Uninsured,3957.08,2723.63,1233.45,Approved
1201617,702278,100200,2023-04-10,Medicare,2060.23,1524.52,535.71,Pending
1201618,700897,102483,2022-05-20,Private,5921.05,4293.39,1627.66,Approved
1201619,700565,100532,2021-11-06,Private,1993.31,1472.49,520.82,Approved
1201620,704423,100096,2022-02-11,Medicare,3372.09,2012.65,1359.44,Partially Approved
1201621,705341,101498,2025-05-04,Private,824.94,714.81,110.13,Pending
1201622,700990,100593,2023-08-07,Private,3219.12,2995.19,223.93,Approved
1201623,706215,101614,2023-11-19,Medicare,1212.53,842.14,370.39,Approved
1201624,700537,100573,2022-03-02,Medicaid,1419.22,1356.23,62.99,Approved
1201625,706015,102342,2022-08-03,Private,937.25,787.76,149.49,Partially Approved
1201626,700747,101665,2023-10-17,Medicare,2300.56,1342.08,958.48,Approved
1201627,706140,102231,2025-10-17,Private,978.41,845.56,132.85,Approved
1201628,703882,100492,2022-08-08,Medicaid,6032.39,5695.92,336.47,Approved
1201629,700899,100822,2024-10-04,Medicare,1777.56,1379.41,398.15,Approved
1201630,701174,101523,2025-04-08,Private,1807.74,1444.17,363.57,Partially Approved
1201631,700681,100304,2021-07-02,Private,8837.48,7006.71,1830.77,Approved
1201632,704603,101162,2022-07-18,Private,2114.84,1251.39,863.45,Approved
1201633,704846,100885,2023-06-27,Private,2107.86,1924.86,183.0,Approved
1201634,706172,101390,2021-01-05,Private,1387.95,1119.83,268.12,Pending
1201635,700835,101335,2021-02-16,Private,4430.92,3962.34,4430.92,Denied
1201636,706362,101034,2024-07-31,Medicaid,4304.46,3397.31,907.15,Partially Approved
1201637,705858,101438,2024-05-03,Private,1463.59,880.69,582.9,Approved
1201638,700071,100136,2024-07-04,Private,1779.88,1600.71,1779.88,Denied
1201639,701945,100609,2023-12-12,Private,3048.24,2071.77,3048.24,Denied
1201640,704740,100943,2024-11-04,Medicare,6034.83,3341.36,2693.47,Approved
1201641,702773,101674,2023-11-21,Medicare,1388.24,1063.79,324.45,Approved
1201642,704570,100302,2021-10-16,Private,2500.01,1423.92,1076.09,Approved
1201643,703999,101962,2021-05-23,Medicare,2245.66,1403.06,842.6,Approved
1201644,702992,100816,2021-10-03,Medicare,2549.02,1840.76,708.26,Partially Approved
1201645,704180,101166,2023-11-02,Private,2245.91,1450.44,795.47,Pending
1201646,705376,101171,2025-06-02,Private,2844.97,2454.77,390.2,Approved
1201647,702637,101240,2023-07-31,Medicaid,2997.69,1899.99,1097.7,Approved
1201648,705441,101705,2022-04-20,Medicaid,12976.62,12665.57,311.05,Approved
1201649,704501,101331,2025-07-23,Medicaid,4308.95,3053.65,1255.3,Pending
1201650,701837,102397,2024-07-31,Medicare,4064.6,3202.47,862.13,Approved
1201651,701281,101757,2023-09-09,Medicare,2032.38,1194.94,837.44,Approved
1201652,700022,100823,2023-06-16,Medicare,7899.54,5561.1,2338.44,Approved
1201653,704494,101519,2021-08-06,Private,10093.39,9816.71,276.68,Approved
1201654,704400,101543,2024-04-17,Private,3917.99,2573.34,1344.65,Approved
1201655,700163,100426,2022-06-05,Medicare,4865.03,3586.79,1278.24,Approved
1201656,700747,100366,2023-02-22,Uninsured,3412.27,2592.51,819.76,Approved
1201657,700311,101286,2021-08-17,Medicare,1417.89,998.72,419.17,Approved
1201658,704044,102130,2024-04-30,Private,3002.17,2029.54,972.63,Approved
1201659,706139,100612,2025-04-08,Private,2245.23,1670.62,574.61,Approved
1201660,701170,100821,2021-04-12,Private,977.55,756.43,221.12,Approved
1201661,702346,100044,2024-06-27,Private,4653.34,4399.41,253.93,Approved
1201662,704189,102233,2023-07-14,Medicare,934.14,691.94,242.2,Approved
1201663,702775,101634,2023-01-09,Private,1977.47,1126.4,851.07,Approved
1201664,702556,101495,2023-01-19,Private,3288.97,2583.95,705.02,Approved
1201665,700950,102397,2025-09-29,Medicare,2451.4,2332.11,119.29,Approved
1201666,704782,102051,2023-02-09,Private,867.5,830.14,37.36,Approved
1201667,701955,101991,2025-12-01,Medicaid,1911.05,1586.37,324.68,Partially Approved
1201668,705761,100742,2024-07-10,Medicaid,1593.1,1510.27,1593.1,Denied
1201669,703981,100430,2022-05-25,Private,3583.14,3159.33,423.81,Partially Approved
1201670,700871,100995,2024-04-18,Private,3170.34,2454.19,716.15,Approved
1201671,704195,100452,2021-04-20,Private,1300.75,1176.69,124.06,Partially Approved
1201672,705062,100901,2023-12-14,Medicaid,1918.27,1118.82,799.45,Approved
1201673,701827,100919,2023-03-18,Private,1339.27,1294.1,45.17,Partially Approved
1201674,706207,102017,2021-12-06,Medicare,2653.79,2017.93,635.86,Approved
1201675,701462,102421,2023-02-03,Private,4979.93,3129.33,1850.6,Approved
1201676,702082,102205,2021-11-18,Uninsured,1011.13,813.04,198.09,Approved
1201677,700358,101357,2025-03-05,Private,4338.03,4186.55,151.48,Pending
1201678,705007,101823,2024-03-21,Private,1073.42,635.63,437.79,Approved
1201679,702473,100504,2023-04-20,Medicare,1137.65,715.86,421.79,Approved
1201680,702029,100043,2021-09-18,Private,7587.46,7369.08,218.38,Approved
1201681,703744,101469,2022-02-19,Private,4096.68,3173.14,923.54,Pending
1201682,701427,101890,2022-03-17,Medicaid,3427.28,2609.93,817.35,Approved
1201683,703140,102438,2023-09-16,Private,2107.17,1739.39,367.78,Approved
1201684,702181,102099,2025-11-06,Private,5442.65,4086.98,1355.67,Approved
1201685,701755,101283,2024-10-12,Private,812.81,785.5,27.31,Pending
1201686,700437,100418,2025-11-13,Medicare,1998.44,1361.97,636.47,Approved
1201687,702143,101016,2022-11-13,Private,3866.74,2249.34,1617.4,Partially Approved
1201688,702301,102246,2024-02-22,Medicaid,4044.15,2866.02,1178.13,Approved
1201689,705258,100144,2024-06-17,Medicaid,2050.35,1694.96,355.39,Approved
1201690,705952,102009,2025-07-05,Private,4260.91,3703.05,557.86,Approved
1201691,702801,101298,2021-04-25,Private,1931.34,1095.42,835.92,Approved
1201692,700271,100384,2022-01-24,Medicare,1033.84,683.01,350.83,Pending
1201693,704640,101471,2022-07-28,Private,3308.55,2994.59,313.96,Approved
1201694,702830,101143,2021-02-27,Medicare,1742.83,1330.43,412.4,Pending
1201695,702624,100240,2021-12-15,Private,1661.8,1569.16,92.64,Approved
1201696,704038,102247,2025-03-11,Private,4961.07,3806.44,4961.07,Denied
1201697,702415,102224,2022-03-05,Private,3220.29,2187.95,1032.34,Pending
1201698,700531,100754,2021-02-13,Medicaid,893.85,599.22,294.63,Partially Approved
1201699,701619,100548,2021-10-06,Private,2105.03,1347.45,757.58,Approved
1201700,700258,101163,2025-12-11,Private,1527.86,986.31,541.55,Approved
1201701,700929,100801,2022-01-16,Medicare,10943.01,10174.58,768.43,Approved
1201702,702362,101608,2025-01-14,Private,5249.78,3961.2,1288.58,Partially Approved
1201703,701008,101571,2025-02-13,Medicaid,4958.93,3395.07,1563.86,Pending
1201704,700093,102406,2023-04-21,Private,15597.89,13372.4,2225.49,Approved
1201705,705848,101020,2022-02-01,Private,2380.11,1356.8,1023.31,Pending
1201706,705013,100094,2022-11-23,Medicare,10785.14,9364.84,1420.3,Partially Approved
1201707,705720,101494,2025-05-28,Medicaid,3603.44,2816.49,786.95,Partially Approved
1201708,706061,102244,2025-11-28,Private,8612.34,7233.55,1378.79,Approved
1201709,706061,101680,2024-10-13,Private,6541.65,4259.75,2281.9,Approved
1201710,701682,102390,2024-01-12,Medicare,3349.97,2587.88,762.09,Approved
1201711,705896,102169,2025-03-17,Private,3110.02,2703.18,406.84,Partially Approved
1201712,701621,102124,2025-06-12,Medicare,7587.72,5162.05,2425.67,Partially Approved
1201713,700232,101932,2022-08-14,Private,2524.13,1857.74,666.39,Approved
1201714,704607,100622,2025-12-05,Private,4832.4,3132.95,1699.45,Approved
1201715,701799,102145,2022-10-29,Medicare,4887.39,4425.16,462.23,Approved
1201716,702222,100449,2023-11-08,Medicare,2022.63,1968.85,53.78,Approved
1201717,700188,100567,2021-06-04,Medicare,8079.59,6334.61,1744.98,Partially Approved
1201718,701105,101735,2021-07-23,Medicaid,1720.13,1045.94,674.19,Approved
1201719,700509,100985,2022-04-18,Private,1830.49,1102.54,727.95,Pending
1201720,702179,100098,2021-02-08,Private,1153.66,888.58,265.08,Partially Approved
1201721,702329,102295,2022-05-05,Medicaid,10507.87,6764.68,3743.19,Partially Approved
1201722,704825,101822,2025-05-10,Private,511.89,359.98,151.91,Approved
1201723,700540,102122,2025-08-16,Private,1739.02,1376.5,362.52,Partially Approved
1201724,702139,100650,2022-03-18,Private,3544.77,2122.39,1422.38,Approved
1201725,702665,100108,2022-02-08,Uninsured,3210.0,2565.0,645.0,Approved
1201726,704820,100197,2024-06-08,Medicare,2221.01,1388.38,832.63,Approved
1201727,701651,100952,2023-05-08,Private,4043.39,2306.53,1736.86,Approved
1201728,705121,100286,2024-06-30,Private,1826.76,1439.21,387.55,Approved
1201729,703601,101197,2025-08-04,Medicaid,2300.93,1393.7,907.23,Approved
1201730,705244,101630,2025-01-31,Private,2750.45,1570.98,1179.47,Approved
1201731,704253,102038,2022-06-22,Uninsured,754.46,446.44,308.02,Partially Approved
1201732,700633,101458,2025-07-20,Private,1049.27,1016.88,32.39,Partially Approved
1201733,701055,100340,2025-04-08,Private,7103.06,6552.39,550.67,Approved
1201734,706479,101917,2021-12-12,Medicare,1160.85,1105.18,55.67,Partially Approved
1201735,705619,102469,2024-07-05,Private,8822.94,6580.86,2242.08,Approved
1201736,704644,101621,2024-02-16,Medicare,1539.28,1166.12,373.16,Approved
1201737,702133,102202,2023-07-28,Private,5637.4,4387.29,1250.11,Approved
1201738,701211,101709,2022-04-16,Private,3247.04,2103.18,1143.86,Approved
1201739,700954,101427,2024-12-02,Private,528.42,394.06,528.42,Denied
1201740,701335,100030,2023-01-21,Medicare,1365.66,773.49,592.17,Approved
1201741,705728,101597,2024-12-25,Private,2781.04,1808.7,972.34,Approved
1201742,704296,101594,2025-01-02,Medicaid,4095.78,3080.71,1015.07,Approved
1201743,705902,101058,2023-10-07,Medicare,4446.03,4222.71,223.32,Approved
1201744,700190,101979,2023-01-31,Private,543.31,531.94,11.37,Approved
1201745,705743,101805,2022-09-19,Medicaid,4596.48,3602.19,994.29,Partially Approved
1201746,701984,101233,2021-10-31,Medicare,2144.73,1345.78,798.95,Approved
1201747,702414,101106,2021-02-12,Medicare,3128.82,2357.19,771.63,Approved
1201748,704746,101026,2023-10-08,Uninsured,2721.13,1736.79,984.34,Approved
1201749,703504,100357,2021-06-18,Private,2251.93,1294.8,957.13,Approved
1201750,703781,100346,2021-07-17,Private,1420.51,1031.91,388.6,Pending
1201751,700222,102112,2023-06-03,Private,2125.92,1406.96,718.96,Approved
1201752,704452,101571,2024-03-26,Medicare,3543.1,3208.42,334.68,Partially Approved
1201753,701752,102361,2025-06-27,Private,1748.12,1384.87,363.25,Partially Approved
1201754,704457,102034,2023-05-15,Private,512.41,288.26,224.15,Approved
1201755,700148,100634,2022-10-15,Private,4197.33,3382.38,4197.33,Denied
1201756,700594,100690,2024-10-01,Medicaid,11323.12,10165.87,1157.25,Approved
1201757,704482,101562,2023-12-31,Medicare,2074.84,1553.55,521.29,Approved
1201758,700992,101169,2024-08-28,Medicare,928.12,701.81,226.31,Partially Approved
1201759,703230,101539,2021-12-27,Medicare,959.25,541.94,417.31,Approved
1201760,703671,102302,2021-03-14,Private,977.76,734.04,243.72,Approved
1201761,705913,100515,2022-10-07,Medicare,6041.59,5378.14,663.45,Approved
1201762,702384,101426,2021-08-28,Private,2836.98,2051.51,2836.98,Denied
1201763,705804,100510,2023-01-19,Private,2276.58,1940.95,335.63,Approved
1201764,701556,100677,2025-02-16,Private,1844.69,1298.01,546.68,Approved
1201765,704016,100795,2023-08-02,Private,4457.29,2969.99,1487.3,Approved
1201766,704850,100796,2024-09-03,Private,3183.06,2931.63,251.43,Approved
1201767,704202,100809,2023-06-10,Medicare,16649.25,13934.75,2714.5,Approved
1201768,706468,100511,2024-03-18,Private,3674.26,3111.14,563.12,Approved
1201769,706233,100746,2025-12-24,Medicaid,930.79,878.57,52.22,Approved
1201770,705087,101077,2024-03-08,Private,2701.23,1540.82,1160.41,Partially Approved
1201771,703831,100126,2022-02-27,Medicaid,801.98,497.82,304.16,Approved
1201772,706405,100099,2025-09-28,Medicare,6502.34,4037.22,6502.34,Denied
1201773,704397,101478,2025-05-09,Private,2865.78,2571.89,293.89,Approved
1201774,705762,101250,2025-05-24,Private,2572.8,1847.89,724.91,Approved
1201775,703264,100630,2025-08-28,Private,6690.39,6223.25,467.14,Approved
1201776,700949,100368,2022-06-18,Medicaid,3320.26,2874.43,445.83,Approved
1201777,704320,101130,2024-10-02,Uninsured,737.66,583.25,154.41,Partially Approved
1201778,703038,100846,2024-09-22,Private,4987.97,3400.09,1587.88,Partially Approved
1201779,704502,100743,2024-08-06,Medicaid,5839.17,4257.31,1581.86,Approved
1201780,703351,102420,2022-11-03,Medicare,1171.86,682.73,489.13,Partially Approved
1201781,703755,102074,2023-07-06,Medicare,2527.32,2284.28,243.04,Approved
1201782,702621,100102,2024-12-24,Medicare,437.19,251.15,186.04,Partially Approved
1201783,705067,101948,2023-07-06,Medicare,2848.7,1922.48,926.22,Partially Approved
1201784,703018,100805,2021-10-10,Private,3219.88,2846.42,373.46,Approved
1201785,702226,101293,2023-03-15,Private,554.65,347.21,207.44,Approved
1201786,702943,100941,2023-11-17,Private,21493.8,15107.28,6386.52,Partially Approved
1201787,704307,102027,2024-07-04,Medicare,5429.51,3711.53,1717.98,Approved
1201788,704579,100986,2025-09-04,Private,6741.51,3945.38,2796.13,Partially Approved
1201789,701406,100272,2025-07-27,Private,584.74,431.31,584.74,Denied
1201790,702973,100047,2022-09-23,Medicare,1850.56,1212.01,638.55,Approved
1201791,703610,100129,2024-01-11,Private,3594.87,2695.15,899.72,Partially Approved
1201792,700215,102368,2022-08-08,Medicaid,1228.85,1183.0,45.85,Approved
1201793,700421,100741,2022-07-18,Private,3309.15,3072.83,236.32,Approved
1201794,705645,102462,2022-10-09,Medicare,1250.45,784.89,465.56,Approved
1201795,706353,102434,2022-02-14,Medicare,955.85,767.52,188.33,Approved
1201796,700725,100449,2022-02-23,Medicaid,12688.79,11676.92,1011.87,Approved
1201797,705065,100225,2023-05-10,Medicaid,998.93,824.49,174.44,Approved
1201798,700608,100926,2023-01-31,Private,4673.71,2974.93,1698.78,Partially Approved
1201799,703638,100893,2021-05-23,Medicare,1520.27,982.03,538.24,Approved
1201800,701972,102193,2021-01-27,Medicare,6679.0,6039.43,639.57,Approved
1201801,700426,101167,2021-09-03,Medicare,2606.19,1783.32,822.87,Partially Approved
1201802,706144,100294,2021-08-06,Private,2434.41,1532.67,901.74,Approved
1201803,703250,101014,2023-08-08,Medicaid,2898.75,2328.94,569.81,Approved
1201804,703170,102141,2023-07-21,Medicaid,957.03,674.87,282.16,Approved
1201805,703500,102129,2025-10-04,Medicare,1011.03,797.53,213.5,Partially Approved
1201806,703294,101318,2023-04-22,Private,1040.66,800.8,239.86,Approved
1201807,705307,102484,2023-07-24,Medicare,3287.38,2207.21,1080.17,Approved
1201808,701678,100648,2021-07-03,Medicare,915.3,580.5,334.8,Approved
1201809,702408,100883,2024-09-02,Medicaid,914.13,705.35,208.78,Partially Approved
1201810,701652,100605,2023-12-04,Uninsured,3424.06,3107.51,316.55,Approved
1201811,704666,100781,2022-11-22,Private,6808.84,6010.56,798.28,Approved
1201812,705598,100384,2025-10-09,Private,3085.87,1838.35,1247.52,Approved
1201813,702583,100380,2021-06-27,Medicaid,1514.74,1064.19,450.55,Partially Approved
1201814,705394,101586,2025-07-17,Private,8035.96,7300.85,735.11,Approved
1201815,703240,100255,2023-01-07,Medicare,2182.99,2012.42,170.57,Partially Approved
1201816,705353,100292,2021-08-01,Private,1372.26,965.15,1372.26,Denied
1201817,701456,100221,2021-12-16,Medicare,3723.04,2449.92,1273.12,Partially Approved
1201818,700244,101355,2023-09-20,Medicare,9015.27,5683.1,9015.27,Denied
1201819,703645,101056,2025-07-02,Medicare,484.02,413.09,70.93,Partially Approved
1201820,705611,100871,2022-05-21,Private,6739.8,5507.22,1232.58,Approved
1201821,701032,101038,2023-10-21,Medicare,5236.6,3192.71,2043.89,Approved
1201822,706368,101184,2022-12-23,Medicaid,1523.84,1282.57,1523.84,Denied
1201823,706127,100807,2024-01-24,Private,1142.4,883.28,259.12,Partially Approved
1201824,705756,100059,2024-05-05,Medicare,2486.15,1555.73,930.42,Approved
1201825,704399,100258,2024-10-25,Medicaid,948.55,762.97,185.58,Partially Approved
1201826,706228,102365,2023-08-06,Medicaid,2183.83,1266.71,917.12,Pending
1201827,705952,100743,2022-03-21,Private,1215.5,905.96,309.54,Approved
1201828,702602,101424,2023-12-27,Private,6488.83,5120.6,1368.23,Approved
1201829,701048,101906,2023-08-16,Medicaid,3104.16,1754.99,1349.17,Partially Approved
1201830,705878,101778,2025-07-29,Private,2191.49,2035.15,156.34,Pending
1201831,702209,100619,2022-01-28,Medicaid,1959.22,1658.06,301.16,Approved
1201832,703457,101437,2021-03-03,Medicaid,2110.37,1693.88,416.49,Approved
1201833,704799,100654,2023-04-26,Medicare,2499.59,1946.73,552.86,Approved
1201834,705877,101065,2024-08-18,Medicaid,5458.34,3956.81,5458.34,Denied
1201835,702130,101216,2022-07-27,Private,4231.44,2921.25,1310.19,Approved
1201836,705104,100301,2021-03-05,Medicare,1342.51,1085.31,257.2,Approved
1201837,701146,100584,2021-05-22,Uninsured,3020.12,2269.59,750.53,Partially Approved
1201838,701863,102281,2021-05-12,Private,3325.25,3103.78,221.47,Approved
1201839,705853,100556,2024-08-02,Medicaid,2020.12,1979.48,40.64,Approved
1201840,700857,101865,2023-08-31,Private,1348.59,1215.96,132.63,Approved
1201841,703201,102183,2021-03-11,Medicare,2707.93,1845.31,862.62,Approved
1201842,703861,102346,2024-09-29,Medicare,3117.99,2544.51,573.48,Approved
1201843,700379,101322,2021-09-15,Private,5817.42,5522.47,294.95,Approved
1201844,700900,101878,2024-06-26,Medicare,3372.72,2193.43,1179.29,Approved
1201845,702474,102271,2021-07-25,Medicaid,1856.98,1220.4,636.58,Approved
1201846,701051,101321,2023-02-20,Medicaid,2514.31,2141.31,373.0,Approved
1201847,700080,100008,2022-04-06,Private,4381.62,3524.34,857.28,Approved
1201848,703837,100433,2022-07-27,Private,1546.24,1000.13,546.11,Pending
1201849,705097,101773,2025-01-17,Medicare,1032.08,829.98,202.1,Partially Approved
1201850,706199,101043,2021-05-29,Medicare,2687.75,2203.82,483.93,Approved
1201851,705152,101851,2021-08-15,Private,4932.34,4253.44,678.9,Partially Approved
1201852,700874,102356,2023-10-10,Private,665.92,488.5,177.42,Approved
1201853,701211,100859,2021-10-19,Private,1343.41,1279.9,63.51,Partially Approved
1201854,706009,102036,2023-07-09,Private,5868.59,4828.4,1040.19,Approved
1201855,701822,102007,2021-11-16,Private,1961.63,1458.15,503.48,Approved
1201856,703304,100606,2022-05-22,Private,908.03,563.77,344.26,Approved
1201857,700276,101285,2024-05-05,Private,1353.22,999.38,353.84,Approved
1201858,703150,100174,2022-09-28,Medicare,414.85,243.75,171.1,Approved
1201859,706293,101208,2023-06-13,Private,1370.45,1099.49,270.96,Approved
1201860,700399,101241,2025-02-10,Private,6260.12,4663.36,1596.76,Partially Approved
1201861,702051,101277,2021-09-02,Private,2626.78,1858.53,768.25,Approved
1201862,705599,100696,2022-09-29,Private,3017.81,2690.71,327.1,Approved
1201863,700088,100819,2024-09-07,Medicaid,1548.63,1269.45,279.18,Partially Approved
1201864,701285,100499,2022-02-23,Medicaid,2728.94,2102.54,2728.94,Denied
1201865,705847,102144,2023-08-21,Private,924.88,781.39,143.49,Approved
1201866,701796,102306,2023-12-13,Medicaid,2977.22,2587.12,390.1,Approved
1201867,703695,101631,2024-09-16,Medicaid,5470.54,3715.73,1754.81,Approved
1201868,701342,101767,2025-08-22,Medicaid,603.17,366.87,236.3,Approved
1201869,701319,100848,2025-08-24,Private,1118.36,1025.66,92.7,Partially Approved
1201870,704583,100711,2021-09-23,Private,1618.73,1296.78,321.95,Approved
1201871,706105,100883,2024-04-01,Private,2177.2,1616.47,560.73,Approved
1201872,703348,100217,2023-11-20,Private,1748.82,1160.08,588.74,Approved
1201873,705639,100775,2024-04-14,Private,12540.81,10298.3,2242.51,Approved
1201874,704986,100085,2025-12-30,Medicaid,1985.72,1908.26,77.46,Approved
1201875,703680,101891,2023-06-02,Medicare,2301.16,1370.54,930.62,Partially Approved
1201876,701171,100140,2025-11-02,Medicaid,449.12,290.25,449.12,Denied
1201877,705697,100474,2022-08-05,Private,2964.04,2067.22,896.82,Approved
1201878,701888,100201,2025-06-23,Private,3521.46,2295.18,1226.28,Approved
1201879,703299,102156,2021-09-07,Medicare,1435.53,956.98,478.55,Partially Approved
1201880,700585,100751,2023-08-04,Medicaid,2947.19,2802.69,144.5,Partially Approved
1201881,702242,102089,2025-09-21,Medicare,610.44,511.11,99.33,Partially Approved
1201882,705435,101804,2025-05-11,Medicare,1224.29,703.4,520.89,Approved
1201883,701680,101682,2025-01-21,Medicaid,2977.04,2487.91,489.13,Approved
1201884,705548,102418,2023-07-07,Private,1474.39,976.67,497.72,Approved
1201885,701632,102383,2025-01-02,Medicare,2331.06,2225.05,106.01,Approved
1201886,705298,102082,2024-08-01,Private,2030.8,1294.52,736.28,Pending
1201887,702135,101723,2023-12-19,Private,776.89,457.28,776.89,Denied
1201888,704384,100276,2021-11-18,Medicaid,3495.96,3196.44,299.52,Approved
1201889,705726,101690,2021-01-16,Private,1552.82,1012.09,540.73,Approved
1201890,701840,101663,2023-03-21,Private,1197.06,1156.38,40.68,Approved
1201891,703984,100825,2021-12-27,Medicaid,3633.99,2330.49,1303.5,Pending
1201892,702892,100755,2021-02-13,Uninsured,5928.93,4232.43,1696.5,Approved
1201893,705465,101302,2021-06-25,Medicare,3597.78,3231.43,366.35,Partially Approved
1201894,701447,102186,2024-03-23,Medicaid,6030.09,3799.0,2231.09,Approved
1201895,701482,101756,2024-09-26,Private,4226.1,3199.58,4226.1,Denied
1201896,701187,100466,2023-12-21,Private,2256.37,1846.77,409.6,Approved
1201897,701415,101089,2023-02-28,Medicare,3776.21,3541.45,234.76,Approved
1201898,704635,101919,2025-05-12,Private,9109.05,5943.57,3165.48,Pending
1201899,705474,102299,2024-09-16,Private,1689.48,1147.18,542.3,Partially Approved
1201900,705384,101130,2022-06-18,Medicaid,8159.06,7367.49,791.57,Partially Approved
1201901,700807,100254,2021-07-11,Medicaid,4352.0,3602.96,749.04,Approved
1201902,703022,100772,2025-02-03,Private,2479.42,1388.23,1091.19,Approved
1201903,704771,100290,2025-08-31,Private,24836.78,18014.53,24836.78,Denied
1201904,703583,100915,2022-03-18,Private,15549.23,14753.93,795.3,Approved
1201905,700033,101397,2025-12-12,Medicare,1978.45,1677.32,301.13,Partially Approved
1201906,705930,100624,2021-07-14,Medicaid,6920.79,5774.55,6920.79,Denied
1201907,701673,100051,2021-09-25,Medicaid,3236.0,2309.82,926.18,Approved
1201908,701065,100304,2025-02-10,Private,3012.13,2383.24,628.89,Partially Approved
1201909,700343,102151,2025-03-25,Medicaid,1913.83,1494.56,419.27,Approved
1201910,700101,101345,2023-04-15,Medicaid,1772.05,1649.81,122.24,Approved
1201911,705830,100726,2022-12-14,Medicare,802.73,759.25,43.48,Approved
1201912,704341,102370,2024-09-18,Private,5313.37,4272.55,1040.82,Approved
1201913,702648,102283,2023-08-19,Medicare,5361.6,2970.32,2391.28,Approved
1201914,700279,102123,2023-03-13,Private,852.3,666.83,185.47,Approved
1201915,701156,101421,2024-04-16,Private,1239.43,957.21,282.22,Approved
1201916,702050,100739,2025-07-07,Private,5498.17,4282.7,1215.47,Approved
1201917,700310,102205,2021-06-16,Private,1816.89,1365.95,450.94,Partially Approved
1201918,702368,100290,2023-07-21,Private,4841.8,3051.65,1790.15,Approved
1201919,701567,101121,2024-03-14,Private,5124.06,4425.49,698.57,Approved
1201920,701171,101900,2022-12-13,Private,11994.36,10441.36,1553.0,Pending
1201921,705034,102233,2023-07-16,Private,1978.3,1372.03,606.27,Approved
1201922,704154,100794,2022-01-06,Private,3908.65,2936.35,972.3,Approved
1201923,704428,101380,2021-11-11,Medicare,1105.9,988.58,117.32,Approved
1201924,704416,101931,2023-10-03,Private,1849.57,1527.26,322.31,Partially Approved
1201925,703990,100148,2025-11-04,Medicaid,1995.37,1758.91,236.46,Approved
1201926,706008,101201,2021-05-06,Medicare,1879.01,1648.06,230.95,Approved
1201927,703353,100703,2024-03-05,Medicaid,9896.05,8549.54,9896.05,Denied
1201928,706345,100992,2023-08-22,Medicaid,1932.12,1885.37,46.75,Approved
1201929,704079,100044,2021-04-23,Medicaid,485.36,300.36,185.0,Approved
1201930,702132,101766,2025-09-25,Private,3445.97,3057.64,388.33,Approved
1201931,706314,102481,2022-09-22,Uninsured,3892.8,2176.64,1716.16,Approved
1201932,700638,101331,2023-07-16,Private,3162.09,1779.26,1382.83,Approved
1201933,700406,100894,2023-08-02,Medicare,7688.12,4747.07,2941.05,Partially Approved
1201934,705575,102385,2022-01-29,Medicare,6169.29,4909.58,1259.71,Pending
1201935,701612,100204,2021-11-11,Private,5072.7,3188.01,1884.69,Approved
1201936,701117,100112,2024-09-09,Medicaid,1840.18,1501.21,338.97,Approved
1201937,704633,100575,2022-02-11,Medicare,21077.71,19468.39,1609.32,Approved
1201938,703282,101677,2023-02-17,Private,6103.55,3543.19,2560.36,Partially Approved
1201939,704718,102221,2022-05-28,Medicaid,711.36,684.9,26.46,Approved
1201940,700630,101439,2022-11-24,Private,4558.57,2622.71,1935.86,Approved
1201941,703661,102127,2024-11-28,Medicare,2112.96,1621.1,491.86,Approved
1201942,704412,100942,2023-07-17,Medicare,2606.94,1956.65,650.29,Partially Approved
1201943,704443,100624,2022-02-04,Medicaid,446.58,326.79,119.79,Partially Approved
1201944,701500,100922,2025-10-08,Private,2172.47,1324.32,848.15,Approved
1201945,702472,101123,2025-12-17,Medicaid,5778.33,3415.65,2362.68,Approved
1201946,704999,101385,2024-11-22,Private,1611.82,1543.66,68.16,Approved
1201947,701353,100626,2021-06-20,Private,588.67,553.36,35.31,Approved
1201948,704196,100946,2024-06-26,Medicaid,1589.03,1464.74,124.29,Approved
1201949,702496,101967,2022-07-22,Uninsured,5857.68,4853.99,1003.69,Approved
1201950,705905,101592,2023-08-14,Uninsured,15791.99,12701.76,3090.23,Approved
1201951,703211,101834,2022-03-27,Private,3831.93,2288.08,1543.85,Partially Approved
1201952,703870,100476,2025-02-16,Medicare,3200.6,,215.9,Partially Approved
1201953,704439,101853,2023-09-22,Medicare,1420.51,1028.73,391.78,Approved
1201954,705391,100553,2025-06-14,Private,1554.54,1413.54,141.0,Approved
1201955,701895,100270,2025-05-29,Private,3911.1,3298.29,612.81,Approved
1201956,705267,100736,2023-05-29,Private,1872.64,1283.91,588.73,Approved
1201957,703031,102017,2022-07-15,Medicaid,6461.94,5519.25,942.69,Approved
1201958,704396,100817,2024-11-14,Private,4009.95,3028.91,981.04,Approved
1201959,704912,102364,2023-01-19,Medicare,3746.98,2591.63,1155.35,Approved
1201960,704245,102500,2025-09-10,Private,773.21,631.78,141.43,Approved
1201961,706357,102324,2024-02-05,Private,2761.56,2578.18,2761.56,Denied
1201962,702650,100793,2024-10-14,Medicaid,4645.92,4201.94,443.98,Approved
1201963,701566,101692,2025-06-12,Private,845.7,517.85,327.85,Partially Approved
1201964,700884,101795,2025-09-24,Medicare,8550.93,4786.54,3764.39,Approved
1201965,704319,101707,2024-08-13,Medicare,1185.91,1001.33,184.58,Approved
1201966,700048,100023,2021-07-30,Medicaid,1122.11,691.36,430.75,Partially Approved
1201967,703164,102230,2022-06-27,Medicaid,609.29,562.94,46.35,Approved
1201968,706301,100444,2024-01-18,Private,4206.54,3556.1,650.44,Approved
1201969,702996,101305,2021-09-22,Private,5319.77,3929.5,1390.27,Approved
1201970,701278,101768,2025-09-02,Private,823.14,677.21,145.93,Approved
1201971,701326,102419,2024-04-12,Medicare,4663.99,3886.4,777.59,Pending
1201972,702163,101519,2024-09-13,Medicare,1120.77,941.38,179.39,Partially Approved
1201973,705934,101027,2023-12-30,Private,1055.94,770.73,1055.94,Denied
1201974,702055,102170,2024-01-11,Private,5266.79,2953.95,2312.84,Approved
1201975,702327,100881,2025-05-12,Uninsured,4923.04,3800.78,1122.26,Approved
1201976,701140,102242,2023-06-05,Private,1112.38,616.91,495.47,Pending
1201977,702912,100995,2023-12-10,Private,2062.32,1928.74,133.58,Approved
1201978,704833,100502,2023-01-27,Medicaid,1800.1,1170.87,629.23,Pending
1201979,702591,102183,2024-02-21,Medicare,712.63,487.66,224.97,Approved
1201980,702633,100794,2022-08-12,Medicare,1326.46,1061.99,264.47,Approved
1201981,701710,100976,2021-03-24,Medicare,1487.08,1053.19,433.89,Partially Approved
1201982,703267,101626,2025-03-23,Medicare,14762.26,14250.86,511.4,Approved
1201983,701309,100107,2021-12-24,Medicaid,1015.92,826.54,189.38,Approved
1201984,705121,101314,2025-09-04,Medicare,3216.27,2647.47,568.8,Approved
1201985,704568,101005,2023-04-25,Private,842.23,524.13,318.1,Partially Approved
1201986,704384,100227,2022-07-09,Uninsured,973.23,609.89,363.34,Approved
1201987,701648,100697,2022-08-17,Private,916.7,752.03,164.67,Approved
1201988,701456,102204,2024-08-05,Private,4212.53,2399.22,1813.31,Approved
1201989,704521,101260,2024-03-10,Private,1962.81,1542.75,420.06,Pending
1201990,701229,100719,2021-09-29,Private,1545.03,1132.8,412.23,Approved
1201991,704763,101811,2023-05-25,Private,2167.55,1667.08,500.47,Partially Approved
1201992,700514,100415,2025-04-08,Medicaid,1687.03,996.37,690.66,Pending
1201993,701441,102108,2024-01-04,Medicaid,2307.48,1701.04,606.44,Approved
1201994,700585,101362,2025-11-08,Private,3065.31,2650.92,414.39,Approved
1201995,700049,101412,2024-02-23,Private,1862.95,1287.6,575.35,Approved
1201996,700966,101094,2021-07-03,Private,7703.51,6534.79,1168.72,Approved
1201997,706290,100210,2025-09-12,Private,915.05,753.87,161.18,Partially Approved
1201998,705162,100937,2021-08-11,Medicaid,2997.54,2456.81,540.73,Partially Approved
1201999,702134,102170,2024-09-06,Medicaid,1841.36,1653.83,187.53,Approved
1202000,705676,102205,2023-08-15,Private,978.1,563.68,414.42,Partially Approved
1202001,700982,101484,2025-02-20,Medicare,3494.4,2515.54,978.86,Partially Approved
1202002,705961,100018,2022-03-26,Private,2459.49,2277.97,2459.49,Denied
1202003,705553,100439,2025-07-24,Private,4623.61,3849.49,774.12,Partially Approved
1202004,702094,102245,2024-02-19,Private,3150.48,1796.87,1353.61,Partially Approved
1202005,701777,100597,2025-05-21,Private,2284.65,2211.69,72.96,Approved
1202006,703417,100665,2025-04-08,Private,6668.39,4649.7,2018.69,Approved
1202007,705792,100779,2023-11-22,Medicare,3937.91,3053.57,3937.91,Denied
1202008,706434,101978,2024-11-09,Medicare,2003.64,1471.19,532.45,Approved
1202009,702335,100965,2021-10-06,Private,4174.66,3720.41,454.25,Approved
1202010,706019,101079,2022-06-05,Private,1433.29,1327.75,105.54,Partially Approved
1202011,705173,100837,2022-12-08,Private,2754.99,1785.0,969.99,Approved
1202012,703791,100209,2025-04-26,Uninsured,2314.82,1735.7,579.12,Approved
1202013,701683,102108,2024-04-11,Medicare,2872.13,2786.02,2872.13,Denied
1202014,704915,101062,2023-10-14,Medicare,1342.87,1215.01,127.86,Approved
1202015,702051,100820,2025-04-04,Private,1729.96,1582.44,147.52,Approved
1202016,705688,101281,2021-03-14,Private,3448.69,3042.87,405.82,Partially Approved
1202017,706006,100687,2024-10-08,Medicare,915.3,834.95,80.35,Partially Approved
1202018,703541,101387,2025-01-01,Private,1811.28,1504.09,307.19,Approved
1202019,701739,101962,2025-03-28,Private,1652.01,1332.99,319.02,Approved
1202020,706312,102258,2023-02-03,Private,1242.09,1210.32,31.77,Approved
1202021,705576,101732,2021-04-03,Private,3459.22,2792.64,666.58,Approved
1202022,703971,100050,2024-08-03,Medicaid,2571.91,1768.69,803.22,Approved
1202023,705936,100685,2025-10-11,Private,9432.64,6434.64,2998.0,Approved
1202024,704327,100536,2023-07-28,Medicaid,2405.22,1477.06,928.16,Partially Approved
1202025,702673,101713,2025-01-23,Medicaid,6346.62,5437.49,909.13,Approved
1202026,700523,102165,2023-06-23,Medicare,827.03,656.96,170.07,Approved
1202027,703211,102032,2024-11-01,Private,669.72,429.4,240.32,Approved
1202028,705723,102431,2023-12-21,Medicare,3035.24,2922.95,112.29,Partially Approved
1202029,704023,101512,2022-08-30,Medicaid,2201.93,2023.8,178.13,Approved
1202030,705267,100132,2023-05-12,Medicare,8290.25,7706.77,583.48,Approved
1202031,704820,100938,2022-08-28,Private,11227.66,8591.68,2635.98,Pending
1202032,704021,101837,2023-12-20,Medicaid,670.01,496.43,173.58,Approved
1202033,702952,101805,2021-10-02,Medicare,8412.0,5078.84,3333.16,Partially Approved
1202034,701063,100028,2025-06-05,Medicare,1569.11,975.13,593.98,Approved
1202035,702666,101372,2021-08-28,Private,2050.41,1739.83,310.58,Approved
1202036,702311,101627,2021-04-10,Medicaid,1456.67,844.86,611.81,Partially Approved
1202037,701048,100199,2022-08-12,Medicaid,2578.21,2374.32,203.89,Approved
1202038,700854,101611,2025-11-23,Private,3001.04,2839.0,162.04,Approved
1202039,704751,102412,2025-07-15,Private,4830.33,,1635.37,Approved
1202040,706463,102103,2023-04-12,Private,1418.29,1178.9,239.39,Approved
1202041,702262,101184,2023-08-28,Private,10922.67,9910.73,1011.94,Approved
1202042,702971,102249,2024-07-24,Private,1665.03,1478.69,186.34,Approved
1202043,704292,100297,2021-12-05,Private,1231.81,875.89,355.92,Approved
1202044,704991,102435,2024-01-10,Private,2406.82,1435.69,971.13,Approved
1202045,704064,100568,2021-03-11,Private,751.29,713.61,37.68,Partially Approved
1202046,700407,101351,2025-12-19,Medicare,1377.94,1053.21,324.73,Approved
1202047,704644,100743,2021-05-27,Uninsured,1619.4,1504.41,114.99,Approved
1202048,704935,102302,2025-12-09,Medicaid,2438.05,1746.04,692.01,Approved
1202049,706443,100793,2024-09-09,Private,3552.9,2446.05,1106.85,Approved
1202050,705617,100606,2022-08-29,Medicare,8308.63,4657.23,3651.4,Approved
1202051,700521,102347,2021-06-18,Medicare,2168.52,1527.36,641.16,Approved
1202052,705951,101148,2022-09-29,Private,1237.2,927.03,310.17,Partially Approved
1202053,700774,102265,2024-11-05,Medicare,1610.43,1355.27,255.16,Approved
1202054,700556,100311,2021-11-13,Medicare,1753.51,1051.82,701.69,Approved
1202055,700676,101335,2025-04-14,Private,1368.96,1119.66,249.3,Approved
1202056,705448,100118,2024-01-01,Private,3598.16,3242.65,355.51,Approved
1202057,704051,101502,2024-04-17,Medicaid,6019.63,4501.39,1518.24,Partially Approved
1202058,705828,100130,2021-05-22,Private,2735.01,1678.89,1056.12,Pending
1202059,703719,101735,2023-09-21,Private,11269.95,8779.52,2490.43,Approved
1202060,704755,100441,2022-11-04,Medicare,682.41,573.6,108.81,Partially Approved
1202061,705544,101021,2022-06-02,Medicare,2329.17,1611.67,717.5,Approved
1202062,703759,100530,2023-02-23,Medicaid,3133.51,2316.59,816.92,Approved
1202063,703279,100616,2024-04-16,Private,16343.08,10623.95,5719.13,Approved
1202064,705334,101489,2021-01-28,Private,2979.49,2836.07,143.42,Partially Approved
1202065,701298,101331,2022-02-02,Private,1645.56,1436.23,209.33,Approved
1202066,703640,100322,2023-07-17,Medicaid,4770.66,3264.26,1506.4,Approved
1202067,704727,100528,2023-08-07,Private,3468.76,,869.42,Partially Approved
1202068,705195,102094,2022-12-26,Private,5013.25,3597.86,1415.39,Approved
1202069,704449,101200,2025-01-09,Medicaid,1876.11,1091.14,1876.11,Denied
1202070,701589,100438,2024-11-15,Medicaid,5783.81,3702.9,2080.91,Approved
1202071,702031,102384,2025-11-20,Private,1459.57,1176.32,283.25,Approved
1202072,704018,100758,2021-02-20,Medicare,2469.56,1884.91,584.65,Approved
1202073,701295,101388,2023-01-01,Private,9355.53,5343.59,4011.94,Approved
1202074,702568,101548,2024-12-30,Uninsured,4489.7,2633.26,1856.44,Partially Approved
1202075,705394,101946,2021-04-26,Medicaid,1853.69,1488.47,1853.69,Denied
1202076,701460,102368,2023-06-08,Private,1226.21,710.01,516.2,Partially Approved
1202077,702008,100297,2021-04-15,Medicaid,10540.95,6904.89,3636.06,Approved
1202078,701761,101966,2021-03-09,Private,2700.89,2182.55,518.34,Approved
1202079,701582,100402,2021-07-31,Private,1275.09,720.39,554.7,Partially Approved
1202080,701086,101676,2023-01-10,Medicaid,2385.12,2060.43,324.69,Approved
1202081,701019,101915,2022-11-27,Medicaid,3683.65,2298.2,1385.45,Approved
1202082,702258,100678,2023-11-27,Private,4260.42,2957.82,1302.6,Approved
1202083,706291,100156,2022-04-04,Private,9497.14,6811.23,2685.91,Approved
1202084,705409,100856,2024-07-07,Private,7040.57,4839.87,2200.7,Approved
1202085,700623,102132,2023-04-25,Private,1160.64,768.78,391.86,Partially Approved
1202086,704891,100605,2025-05-26,Private,537.92,356.66,181.26,Approved
1202087,700387,102396,2023-06-11,Private,1681.97,1182.84,499.13,Partially Approved
1202088,704116,102265,2023-06-29,Medicare,1336.1,752.35,583.75,Approved
1202089,701735,100321,2025-04-08,Medicaid,655.28,428.15,227.13,Approved
1202090,704526,100883,2024-08-08,Medicare,5533.85,3389.92,2143.93,Approved
1202091,703088,100028,2024-10-26,Private,1373.6,949.78,1373.6,Denied
1202092,701221,102146,2022-09-03,Uninsured,1786.57,1474.35,312.22,Approved
1202093,705973,101573,2024-05-16,Private,4109.16,3928.55,180.61,Approved
1202094,703633,101786,2021-02-14,Private,16656.48,16160.1,496.38,Approved
1202095,700961,100554,2025-06-10,Medicaid,2085.62,1626.5,459.12,Approved
1202096,700125,102368,2023-09-12,Medicaid,7493.34,5132.1,2361.24,Approved
1202097,705652,102003,2024-01-16,Medicaid,1317.29,1149.06,168.23,Approved
1202098,702648,100573,2025-04-14,Medicaid,4466.8,3371.29,1095.51,Approved
1202099,704311,102355,2022-03-25,Private,2619.9,2456.9,2619.9,Denied
1202100,704512,100761,2023-02-18,Medicaid,1295.88,740.22,1295.88,Denied
1202101,700517,101315,2024-03-04,Uninsured,512.45,398.7,113.75,Approved
1202102,704680,101052,2024-12-13,Private,1240.41,1040.83,199.58,Approved
1202103,701244,100498,2025-08-30,Medicaid,2072.85,1862.43,2072.85,Denied
1202104,705714,101276,2024-04-16,Medicare,1956.63,1611.65,344.98,Approved
1202105,700376,100513,2023-06-07,Medicaid,4516.84,3155.31,1361.53,Approved
1202106,705368,101533,2025-02-23,Medicaid,898.91,501.02,397.89,Approved
1202107,701128,101686,2022-08-21,Medicare,2770.07,2163.72,606.35,Partially Approved
1202108,701467,101438,2021-12-29,Private,3899.66,3444.17,455.49,Approved
1202109,703112,101868,2025-05-25,Medicare,4130.73,3761.65,369.08,Approved
1202110,705426,101317,2022-02-13,Uninsured,9899.92,8976.42,923.5,Approved
1202111,701038,102363,2021-07-12,Medicaid,2083.59,1727.59,356.0,Partially Approved
1202112,701735,100746,2024-04-12,Private,1430.74,1188.84,241.9,Approved
1202113,706457,100944,2025-12-24,Uninsured,2229.78,1276.2,953.58,Approved
1202114,705396,101234,2022-04-23,Private,1285.36,1110.86,174.5,Approved
1202115,700776,100936,2025-07-03,Medicaid,2037.31,1800.85,236.46,Partially Approved
1202116,705445,100706,2022-06-18,Uninsured,4295.09,3488.12,806.97,Partially Approved
1202117,704751,101927,2022-07-28,Uninsured,2254.43,2130.16,2254.43,Denied
1202118,702110,102317,2022-09-07,Medicare,1988.06,1774.22,213.84,Approved
1202119,705165,101190,2022-05-25,Medicare,1352.44,1142.71,209.73,Partially Approved
1202120,701528,100924,2025-06-20,Private,1220.11,812.23,407.88,Partially Approved
1202121,702753,101277,2023-06-03,Private,11689.36,8742.23,11689.36,Denied
1202122,701428,101844,2021-10-25,Private,4424.87,2704.86,1720.01,Approved
1202123,705769,101146,2024-09-13,Private,3717.86,3274.17,443.69,Approved
1202124,702479,102280,2022-06-15,Private,937.38,853.56,83.82,Approved
1202125,700698,101820,2023-06-26,Private,3872.41,2861.28,1011.13,Approved
1202126,705424,100650,2024-04-27,Private,2313.03,1813.42,499.61,Pending
1202127,700392,101378,2024-10-11,Private,4363.24,3349.39,1013.85,Approved
1202128,700502,101586,2024-06-30,Private,795.08,567.24,227.84,Approved
1202129,706474,100595,2024-06-04,Medicare,9210.59,6699.88,2510.71,Approved
1202130,702676,100011,2022-10-01,Medicaid,253.21,195.9,57.31,Approved
1202131,703796,100592,2021-07-13,Private,7827.1,4318.23,7827.1,Denied
1202132,700086,101318,2021-12-04,Private,2661.56,2199.66,461.9,Partially Approved
1202133,701363,102462,2022-06-23,Medicaid,1982.33,1265.43,716.9,Approved
1202134,703470,101183,2022-12-01,Medicare,4321.56,3221.53,1100.03,Approved
1202135,701835,100441,2023-10-20,Private,7904.91,7427.44,477.47,Approved
1202136,703082,101922,2021-11-15,Medicare,1974.3,1727.04,247.26,Approved
1202137,704058,100585,2021-10-27,Private,796.75,626.23,170.52,Pending
1202138,702875,101976,2023-12-22,Medicare,4091.58,,354.34,Approved
1202139,701459,100280,2022-04-15,Private,1124.71,903.12,221.59,Approved
1202140,704838,102467,2021-11-09,Medicare,795.44,753.48,41.96,Approved
1202141,705580,102147,2023-06-19,Medicaid,5923.21,4279.78,1643.43,Approved
1202142,706279,102204,2025-11-18,Private,1556.92,963.5,593.42,Approved
1202143,702355,101619,2023-04-30,Medicaid,2236.17,1514.17,722.0,Pending
1202144,701938,100210,2023-12-10,Medicaid,2766.68,1773.81,992.87,Approved
1202145,704859,102018,2024-10-04,Private,1066.14,631.2,1066.14,Denied
1202146,702200,101960,2025-05-13,Private,1387.26,1126.15,261.11,Approved
1202147,700511,101489,2022-11-02,Medicare,2391.9,1971.81,2391.9,Denied
1202148,703964,101285,2024-06-20,Private,2491.85,2390.42,101.43,Approved
1202149,704874,101426,2024-09-14,Medicaid,1597.97,1178.67,419.3,Approved
1202150,702509,100830,2023-01-08,Private,4518.67,3979.06,539.61,Approved
1202151,701543,100306,2025-01-14,Uninsured,967.32,557.39,409.93,Partially Approved
1202152,704864,100805,2023-06-30,Medicare,1980.27,1910.29,69.98,Approved
1202153,700769,101379,2023-03-13,Medicare,3009.52,2860.05,149.47,Approved
1202154,702285,102094,2021-08-24,Medicare,2981.78,,260.47,Approved
1202155,705674,102463,2025-01-27,Medicare,3312.74,3107.86,204.88,Approved
1202156,704865,100528,2021-01-29,Medicare,3622.67,3459.32,163.35,Partially Approved
1202157,701223,100578,2025-03-03,Uninsured,5290.05,3048.76,5290.05,Denied
1202158,706491,101844,2022-09-25,Private,1150.92,787.78,363.14,Approved
1202159,700906,102238,2023-10-22,Private,2151.05,1222.43,928.62,Approved
1202160,705690,101437,2023-08-29,Medicaid,1757.15,1219.53,537.62,Pending
1202161,706145,102498,2021-05-25,Medicare,2870.15,1805.03,1065.12,Partially Approved
1202162,705278,100111,2024-04-14,Medicaid,1323.12,1189.07,134.05,Approved
1202163,700564,100316,2024-12-19,Medicaid,7768.37,7048.23,720.14,Pending
1202164,700840,101621,2024-06-21,Private,4582.2,4120.52,461.68,Pending
1202165,700801,102219,2023-03-06,Private,17500.1,15934.59,1565.51,Partially Approved
1202166,700381,100610,2024-06-29,Medicare,939.04,909.3,29.74,Approved
1202167,705524,101954,2023-02-18,Private,753.14,584.85,168.29,Approved
1202168,705429,100149,2021-07-11,Private,1537.27,1309.83,227.44,Approved
1202169,702319,100028,2024-08-05,Private,2604.87,2544.13,60.74,Approved
1202170,700535,100340,2023-11-17,Medicare,604.42,337.91,266.51,Approved
1202171,705864,100860,2021-03-23,Private,1079.06,911.84,167.22,Approved
1202172,704497,102269,2021-12-11,Medicare,5627.54,3806.0,1821.54,Approved
1202173,702534,101511,2021-12-24,Private,2605.7,1643.6,962.1,Approved
1202174,703717,100207,2025-06-07,Medicare,888.45,577.05,311.4,Approved
1202175,705672,101027,2023-07-18,Uninsured,3575.44,3052.44,523.0,Approved
1202176,700276,100421,2023-05-16,Medicaid,1170.53,773.37,397.16,Approved
1202177,704498,100782,2024-03-23,Medicaid,3211.57,1890.67,1320.9,Approved
1202178,701190,101070,2024-12-18,Medicaid,24525.86,23320.24,1205.62,Approved
1202179,704188,100520,2021-01-25,Medicare,1436.29,1123.59,312.7,Approved
1202180,702993,101922,2025-03-25,Medicare,4286.45,2996.37,1290.08,Approved
1202181,702466,101350,2025-06-17,Medicare,373.53,275.82,97.71,Approved
1202182,700192,101533,2024-08-05,Medicaid,7781.13,5605.24,2175.89,Approved
1202183,704631,102219,2024-01-06,Private,5278.5,4553.58,724.92,Approved
1202184,704552,100826,2021-03-20,Medicare,1508.22,942.38,565.84,Approved
1202185,703148,102296,2023-10-06,Medicaid,7878.0,7042.52,835.48,Partially Approved
1202186,705598,102256,2022-06-14,Medicaid,3691.4,2993.35,698.05,Partially Approved
1202187,703260,101852,2024-10-06,Private,1130.89,1079.34,51.55,Approved
1202188,702156,100284,2025-09-03,Private,5705.08,3647.61,2057.47,Approved
1202189,705014,100463,2025-07-04,Private,1966.11,1654.82,311.29,Partially Approved
1202190,703046,100810,2025-05-12,Medicaid,3685.03,2759.05,925.98,Pending
1202191,703761,100017,2021-08-06,Medicaid,1800.34,1615.5,184.84,Approved
1202192,703237,102269,2022-07-28,Private,7042.24,6484.85,557.39,Approved
1202193,705423,100409,2021-03-29,Private,814.51,688.47,126.04,Approved
1202194,702163,102298,2021-10-06,Private,1048.86,807.71,1048.86,Denied
1202195,703636,101680,2025-03-13,Medicare,4366.75,3515.93,850.82,Approved
1202196,700786,101613,2025-12-07,Medicaid,1194.75,1120.83,73.92,Approved
1202197,702490,100807,2024-06-07,Uninsured,1593.18,1358.11,235.07,Partially Approved
1202198,705131,102418,2021-05-08,Medicaid,7157.66,5800.43,7157.66,Denied
1202199,706185,100624,2023-06-19,Medicare,1283.53,1101.2,182.33,Approved
1202200,705658,100429,2022-09-03,Private,6813.95,6471.97,341.98,Approved
1202201,705973,102400,2025-09-09,Medicaid,3650.93,3299.13,351.8,Approved
1202202,706444,102334,2024-03-16,Medicare,1284.0,1019.4,264.6,Pending
1202203,701841,100216,2025-11-30,Private,3055.45,2741.97,313.48,Partially Approved
1202204,702324,102054,2025-08-27,Medicaid,1435.62,1103.0,332.62,Approved
1202205,700815,100402,2025-05-27,Private,2073.41,2006.7,66.71,Approved
1202206,705348,100289,2024-09-20,Medicaid,1835.69,1321.32,514.37,Approved
1202207,705183,100740,2022-08-05,Private,4465.2,3907.62,557.58,Partially Approved
1202208,702875,100886,2021-05-08,Uninsured,2022.13,1150.43,871.7,Approved
1202209,703064,101409,2022-06-22,Medicare,6622.13,5944.85,677.28,Approved
1202210,701796,100629,2025-03-15,Medicaid,733.53,593.44,140.09,Approved
1202211,703136,101914,2024-09-11,Medicaid,6238.83,3917.77,2321.06,Pending
1202212,705669,101650,2021-05-23,Private,3445.68,1921.27,1524.41,Approved
1202213,704132,101904,2022-09-07,Private,7481.85,6070.74,1411.11,Partially Approved
1202214,701071,101561,2021-04-26,Private,4863.7,3573.93,1289.77,Partially Approved
1202215,705958,101806,2024-02-02,Medicaid,4258.95,3618.87,640.08,Partially Approved
1202216,701477,101951,2022-08-29,Medicare,5410.91,3071.07,5410.91,Denied
1202217,705968,100005,2024-04-29,Private,3114.39,1715.23,1399.16,Approved
1202218,704410,101913,2023-04-20,Private,1312.47,968.99,343.48,Approved
1202219,703588,102264,2023-11-03,Medicaid,1963.38,1330.31,633.07,Partially Approved
1202220,706426,100905,2022-05-21,Medicare,493.51,456.15,37.36,Approved
1202221,700618,100720,2024-05-21,Medicaid,1668.67,1618.38,50.29,Partially Approved
1202222,701526,100623,2023-07-16,Private,9257.26,8172.78,1084.48,Approved
1202223,705246,100459,2024-04-12,Medicaid,3110.19,2551.78,558.41,Approved
1202224,701957,102394,2022-03-21,Medicare,1821.81,1758.74,63.07,Partially Approved
1202225,701851,101818,2022-04-03,Medicare,2396.13,2047.46,348.67,Approved
1202226,701470,100011,2022-11-25,Medicare,1772.11,1370.6,401.51,Approved
1202227,701433,102329,2022-09-23,Medicaid,4448.55,4080.98,367.57,Approved
1202228,702927,100295,2023-02-26,Private,5550.91,3343.23,2207.68,Approved
1202229,705091,101235,2025-10-11,Private,3564.07,3403.59,160.48,Approved
1202230,701080,102015,2023-08-18,Private,2168.89,2100.08,68.81,Approved
1202231,704547,100101,2024-08-07,Medicare,1641.69,1272.67,369.02,Approved
1202232,703644,102126,2025-07-21,Medicaid,1486.13,1324.55,161.58,Approved
1202233,704506,101303,2024-09-20,Private,8385.49,7191.46,1194.03,Approved
1202234,704447,101915,2023-09-30,Medicaid,526.79,309.99,216.8,Approved
1202235,700142,100354,2025-06-18,Private,1815.56,1274.65,540.91,Pending
1202236,703063,100901,2024-03-01,Medicaid,3253.49,2465.83,787.66,Partially Approved
1202237,701429,102087,2021-04-24,Uninsured,2783.76,2715.05,2783.76,Denied
1202238,703810,101854,2024-04-16,Private,2287.9,1965.94,321.96,Approved
1202239,704988,102105,2023-11-22,Private,1528.95,884.82,644.13,Approved
1202240,702502,102173,2022-07-25,Private,1946.27,1131.0,1946.27,Denied
1202241,705999,101111,2023-03-26,Medicaid,2876.1,2602.59,273.51,Approved
1202242,703992,101907,2025-06-14,Private,2079.51,1670.83,408.68,Approved
1202243,703828,100948,2025-04-07,Private,3293.24,2622.26,670.98,Approved
1202244,702450,102116,2025-12-03,Private,3923.08,2428.75,1494.33,Approved
1202245,701796,100288,2023-06-03,Medicare,636.62,362.74,273.88,Approved
1202246,700403,102147,2023-01-30,Medicaid,11177.47,7980.74,3196.73,Approved
1202247,701592,101859,2024-10-29,Medicaid,2126.44,1513.98,612.46,Approved
1202248,701891,102385,2022-02-08,Medicaid,2226.46,1882.78,343.68,Approved
1202249,700054,100143,2023-07-21,Medicare,2405.42,2286.74,118.68,Approved
1202250,700271,102445,2024-04-28,Private,2593.64,2169.03,424.61,Approved
1202251,706488,100145,2024-06-15,Medicaid,1908.7,1805.64,103.06,Partially Approved
1202252,703566,102223,2022-08-12,Medicare,3759.64,3114.04,645.6,Approved
1202253,704756,102083,2021-05-07,Medicare,4000.59,3641.38,359.21,Partially Approved
1202254,701832,100791,2024-02-06,Medicaid,1505.3,952.45,552.85,Approved
1202255,704749,101221,2022-05-11,Private,11786.75,10608.33,1178.42,Approved
1202256,702835,101909,2022-10-16,Private,3231.18,2002.25,1228.93,Approved
1202257,702285,102168,2023-01-02,Private,2123.12,1715.45,407.67,Approved
1202258,705432,101404,2023-08-18,Medicare,4571.32,3632.82,938.5,Pending
1202259,704286,101285,2023-02-13,Medicaid,13645.04,12650.3,994.74,Approved
1202260,704122,100608,2021-07-21,Medicare,4876.85,3067.91,1808.94,Approved
1202261,703719,100042,2024-03-10,Private,2534.36,1743.35,791.01,Approved
1202262,701124,101578,2021-09-11,Medicaid,1929.88,1272.79,657.09,Approved
1202263,701064,102497,2021-11-13,Medicare,960.52,917.51,960.52,Denied
1202264,702941,101468,2023-01-19,Private,904.35,848.19,56.16,Approved
1202265,703696,101034,2025-08-14,Private,1739.4,1079.12,660.28,Partially Approved
1202266,704878,100472,2021-01-23,Medicare,3935.87,2586.82,3935.87,Denied
1202267,703345,100516,2021-05-20,Medicare,1513.66,1384.57,129.09,Approved
1202268,700090,101917,2023-05-15,Medicaid,1807.51,1512.6,294.91,Approved
1202269,706448,101440,2021-07-27,Medicaid,2359.52,1390.6,968.92,Approved
1202270,706018,101127,2024-05-08,Private,2619.9,2510.99,108.91,Approved
1202271,701995,101187,2024-04-07,Medicaid,5199.6,2860.34,2339.26,Approved
1202272,704614,100662,2022-06-05,Medicaid,4370.02,3924.07,445.95,Approved
1202273,700538,101775,2023-02-20,Medicaid,4308.64,3501.39,807.25,Pending
1202274,703370,100901,2022-06-10,Private,3613.82,2422.55,1191.27,Approved
1202275,705858,100751,2024-12-31,Private,2710.65,2443.74,266.91,Partially Approved
1202276,706106,101389,2025-03-09,Medicare,3846.13,2349.5,1496.63,Approved
1202277,702429,100942,2024-11-06,Medicaid,1243.08,1196.43,46.65,Approved
1202278,703262,102376,2025-07-12,Private,3619.15,2813.7,805.45,Approved
1202279,706261,102459,2022-07-26,Medicare,871.31,628.8,871.31,Denied
1202280,703098,101431,2023-02-24,Medicaid,647.27,517.73,129.54,Partially Approved
1202281,700481,101969,2025-08-02,Private,4786.38,3241.73,1544.65,Partially Approved
1202282,701424,102243,2023-10-02,Private,2163.1,1659.66,503.44,Approved
1202283,703281,102313,2021-07-16,Medicare,4401.68,2919.89,1481.79,Approved
1202284,705653,101297,2024-01-10,Medicare,1541.64,1260.72,280.92,Approved
1202285,703312,102496,2025-06-29,Private,3806.12,2973.28,832.84,Approved
1202286,706477,100586,2022-07-22,Private,1468.08,1016.19,451.89,Approved
1202287,704143,102388,2023-02-27,Medicare,608.86,521.83,608.86,Denied
1202288,700707,102014,2021-12-24,Private,1452.95,1097.29,355.66,Approved
1202289,701294,100972,2023-07-21,Medicare,2570.91,1696.97,873.94,Partially Approved
1202290,704452,100406,2022-07-11,Private,887.47,734.55,152.92,Approved
1202291,701919,102462,2023-07-03,Medicare,6186.26,4941.12,1245.14,Approved
1202292,703057,100157,2021-01-22,Medicaid,1145.6,1028.28,117.32,Approved
1202293,701180,101983,2022-04-07,Medicaid,9717.12,9071.16,645.96,Approved
1202294,702513,101715,2024-11-15,Medicaid,2579.98,1460.77,1119.21,Partially Approved
1202295,705376,102080,2023-07-04,Medicare,827.81,654.66,173.15,Partially Approved
1202296,702342,102439,2022-08-22,Private,4574.04,3465.77,1108.27,Approved
1202297,703098,100807,2023-07-25,Private,1498.65,1065.13,433.52,Approved
1202298,701309,101738,2021-10-12,Private,1471.85,1259.71,212.14,Approved
1202299,705233,101883,2023-01-10,Medicaid,1186.06,1020.32,165.74,Pending
1202300,704131,100100,2025-02-24,Medicare,1691.89,1401.8,290.09,Partially Approved
1202301,705715,101743,2024-04-08,Private,2092.01,1339.28,752.73,Approved
1202302,704621,102418,2023-05-17,Medicare,3883.65,3231.39,652.26,Approved
1202303,702776,100559,2024-06-15,Medicare,2640.32,1710.54,929.78,Approved
1202304,702224,101075,2025-06-24,Private,4248.33,2554.26,1694.07,Approved
1202305,704832,101131,2023-08-01,Medicaid,1646.83,981.46,665.37,Approved
1202306,703717,101835,2024-11-01,Private,904.57,796.09,108.48,Approved
1202307,704634,102067,2024-11-09,Private,2672.76,2173.83,498.93,Approved
1202308,703630,101738,2022-07-26,Medicaid,2548.16,1852.11,696.05,Approved
1202309,701084,102081,2022-05-24,Medicaid,682.14,552.6,129.54,Pending
1202310,704674,100795,2024-04-29,Medicare,2136.65,1811.48,325.17,Approved
1202311,704741,101437,2024-06-04,Medicare,1997.21,1297.79,699.42,Pending
1202312,701821,101148,2021-12-25,Medicaid,1314.81,988.06,326.75,Approved
1202313,702095,100864,2024-02-16,Medicare,1802.48,1031.13,1802.48,Denied
1202314,700006,101751,2021-11-08,Private,1160.33,1080.18,80.15,Approved
1202315,706286,102238,2023-11-25,Medicaid,1017.05,735.6,281.45,Approved
1202316,704090,102336,2025-10-02,Private,1005.9,695.07,1005.9,Denied
1202317,705191,101086,2023-09-03,Private,6671.94,3754.66,2917.28,Pending
1202318,702643,101067,2021-07-30,Private,4921.61,3232.79,1688.82,Approved
1202319,705011,101168,2021-09-10,Medicare,2974.1,2688.91,285.19,Approved
1202320,703035,100015,2023-07-11,Private,2426.64,1821.64,605.0,Pending
1202321,702102,100006,2021-01-22,Private,867.48,822.31,45.17,Approved
1202322,703640,101122,2025-09-20,Private,1099.04,718.99,380.05,Approved
1202323,705415,102412,2022-12-08,Private,3285.57,2173.07,1112.5,Partially Approved
1202324,703803,100827,2021-06-26,Private,1465.88,1045.45,420.43,Partially Approved
1202325,704852,102300,2025-10-01,Medicare,6944.67,3930.13,3014.54,Approved
1202326,706013,101677,2025-01-27,Medicare,5583.09,4332.84,5583.09,Denied
1202327,701998,101023,2022-10-02,Private,5166.87,3720.75,1446.12,Approved
1202328,702040,100046,2025-04-08,Medicaid,2866.47,1876.69,989.78,Approved
1202329,704194,102281,2022-01-10,Private,3183.37,2478.97,704.4,Approved
1202330,705143,101723,2022-07-24,Medicare,551.72,391.11,160.61,Approved
1202331,700736,100473,2025-11-23,Medicaid,1865.39,1504.07,361.32,Approved
1202332,704381,102354,2023-09-04,Medicare,1000.96,764.7,236.26,Approved
1202333,700705,100199,2024-06-26,Medicaid,2116.17,1862.43,253.74,Partially Approved
1202334,704009,102314,2023-06-16,Medicaid,1743.25,1699.67,43.58,Approved
1202335,702617,100817,2022-12-18,Medicare,455.56,395.21,60.35,Approved
1202336,702095,101230,2022-03-31,Medicaid,3141.64,2880.09,261.55,Partially Approved
1202337,702449,101959,2023-07-02,Medicaid,4478.44,3400.47,1077.97,Approved
1202338,700698,102309,2023-05-27,Medicare,8426.33,7894.19,532.14,Approved
1202339,701032,100832,2023-10-21,Medicare,1076.34,723.12,353.22,Approved
1202340,700387,101661,2025-03-14,Medicaid,2981.7,1878.58,1103.12,Approved
1202341,701738,101801,2023-09-09,Private,4377.58,3515.1,862.48,Partially Approved
1202342,700922,100903,2022-07-22,Private,2693.65,2192.96,500.69,Approved
1202343,700204,100625,2022-12-30,Medicare,1158.39,820.76,337.63,Approved
1202344,702836,101630,2024-07-08,Medicaid,1265.22,1039.24,1265.22,Denied
1202345,705862,101673,2022-02-07,Medicare,9185.27,5356.8,3828.47,Approved
1202346,701284,100576,2024-10-07,Medicaid,553.53,336.79,216.74,Pending
1202347,704778,101472,2022-07-28,Private,2352.88,1362.96,2352.88,Denied
1202348,705585,101360,2022-11-25,Private,1515.47,957.66,557.81,Approved
1202349,704631,100582,2021-10-14,Medicaid,394.58,288.64,105.94,Partially Approved
1202350,702616,101665,2021-01-24,Medicare,2985.26,2861.47,123.79,Partially Approved
1202351,705128,100333,2025-06-29,Medicaid,1065.2,811.66,253.54,Approved
1202352,700302,100783,2022-10-22,Medicaid,6225.42,5490.91,734.51,Partially Approved
1202353,705242,100960,2021-09-24,Private,2985.6,2617.17,368.43,Approved
1202354,700415,100763,2023-09-09,Uninsured,523.6,332.78,190.82,Approved
1202355,700676,102373,2021-11-25,Medicaid,2651.98,2172.36,479.62,Pending
1202356,705761,100299,2021-05-27,Medicaid,883.48,620.21,263.27,Partially Approved
1202357,703479,100424,2024-01-01,Medicare,2043.74,1803.33,240.41,Approved
1202358,704801,100210,2022-10-13,Private,9269.91,6699.35,2570.56,Approved
1202359,702019,101792,2025-05-08,Private,8762.98,7649.91,1113.07,Approved
1202360,702205,100476,2025-07-22,Private,4009.25,2618.44,1390.81,Approved
1202361,700099,100040,2025-07-23,Medicare,2547.74,2266.7,2547.74,Denied
1202362,703849,102493,2022-02-24,Medicare,2306.67,1577.14,729.53,Approved
1202363,704151,100458,2024-04-03,Medicare,2581.21,2048.11,533.1,Partially Approved
1202364,703432,100928,2023-12-16,Private,3554.58,2172.76,1381.82,Partially Approved
1202365,701381,101793,2025-03-22,Medicare,2518.81,1436.87,1081.94,Approved
1202366,704765,101247,2022-05-03,Private,819.4,633.97,185.43,Partially Approved
1202367,703759,100286,2024-05-03,Medicaid,1240.85,1038.0,202.85,Pending
1202368,700228,101797,2024-02-07,Uninsured,18174.18,17567.8,606.38,Approved
1202369,702526,101921,2024-02-18,Medicare,1034.72,738.46,296.26,Partially Approved
1202370,703712,101151,2024-06-24,Private,2242.01,1586.92,655.09,Approved
1202371,701325,101288,2022-08-16,Private,1258.81,1188.81,70.0,Approved
1202372,704310,101977,2023-04-22,Private,1923.27,1159.7,763.57,Partially Approved
1202373,700821,101519,2023-06-23,Private,3088.01,2325.57,762.44,Approved
1202374,701488,101413,2021-06-14,Private,4202.84,3320.23,882.61,Approved
1202375,705805,100097,2025-02-18,Medicaid,1787.86,1731.73,56.13,Partially Approved
1202376,706382,101718,2021-02-15,Medicaid,856.78,836.7,20.08,Approved
1202377,705077,100954,2024-09-15,Medicare,2124.03,1639.67,484.36,Partially Approved
1202378,704197,102399,2025-06-19,Medicaid,5079.07,3121.11,1957.96,Approved
1202379,701755,100790,2025-11-03,Private,837.21,542.59,294.62,Partially Approved
1202380,701245,100609,2022-01-08,Medicare,1643.35,1499.69,143.66,Approved
1202381,700348,100572,2025-08-27,Private,1971.78,1519.13,452.65,Approved
1202382,702731,101111,2023-03-16,Private,4141.84,2697.46,1444.38,Approved
1202383,703787,102318,2022-05-25,Private,2811.34,2441.95,369.39,Approved
1202384,706486,101644,2023-08-21,Medicaid,7519.31,6222.47,1296.84,Approved
1202385,705073,101140,2024-06-18,Medicare,2202.89,1966.12,236.77,Approved
1202386,700895,101903,2021-12-22,Medicaid,2427.82,1437.12,990.7,Approved
1202387,702864,101896,2024-05-25,Private,1007.16,875.14,132.02,Approved
1202388,701045,101082,2023-12-31,Private,3836.49,2947.27,889.22,Approved
1202389,704898,100443,2025-02-01,Medicare,3427.54,2975.35,452.19,Partially Approved
1202390,703461,100982,2022-10-11,Private,1596.99,939.1,657.89,Approved
1202391,700906,101881,2025-04-03,Medicaid,3259.83,2375.75,3259.83,Denied
1202392,704696,100673,2023-07-12,Medicare,940.75,831.27,109.48,Pending
1202393,703824,101479,2024-11-03,Medicare,1274.8,785.95,488.85,Approved
1202394,703242,102192,2025-07-08,Private,3172.56,2534.48,638.08,Approved
1202395,701645,101968,2024-05-15,Medicare,1090.15,813.16,276.99,Partially Approved
1202396,702045,101772,2025-04-03,Medicaid,2223.79,1225.7,998.09,Approved
1202397,702055,102381,2022-10-30,Medicare,1642.58,1067.67,574.91,Approved
1202398,702912,102054,2025-10-13,Uninsured,2182.49,1564.86,2182.49,Denied
1202399,702304,101507,2025-07-05,Medicare,727.94,695.45,32.49,Approved
1202400,705717,100625,2024-05-17,Medicare,2178.6,1605.96,572.64,Approved
1202401,703774,101632,2023-01-18,Private,3620.93,2223.75,3620.93,Denied
1202402,702469,100847,2024-03-31,Medicaid,2781.93,2400.94,380.99,Approved
1202403,706015,101771,2022-01-23,Medicaid,5512.57,3697.83,5512.57,Denied
1202404,706193,100866,2022-12-01,Private,2803.7,2590.38,213.32,Approved
1202405,703463,100193,2021-09-17,Medicare,1286.47,1229.39,57.08,Approved
1202406,701343,101366,2025-03-28,Uninsured,1336.3,1007.52,328.78,Approved
1202407,705238,102208,2021-08-21,Medicaid,1382.4,871.07,511.33,Approved
1202408,702079,100433,2022-01-25,Medicaid,3810.07,3102.15,707.92,Approved
1202409,705451,101956,2024-09-11,Private,1940.05,1694.42,245.63,Approved
1202410,705309,100275,2024-06-09,Medicare,2419.24,1624.91,794.33,Approved
1202411,703997,101317,2023-06-20,Medicare,3742.71,3574.78,167.93,Approved
1202412,704362,102203,2023-08-18,Private,1807.11,1132.67,674.44,Approved
1202413,704215,100560,2022-12-24,Medicare,571.59,373.19,198.4,Partially Approved
1202414,704690,101301,2022-05-16,Medicaid,2042.66,1161.22,881.44,Partially Approved
1202415,703738,101875,2024-07-14,Private,804.19,692.83,111.36,Partially Approved
1202416,704411,101618,2023-06-03,Medicaid,3869.47,3325.43,544.04,Approved
1202417,705260,101888,2023-07-12,Private,4755.3,2737.6,2017.7,Partially Approved
1202418,704749,100085,2025-10-29,Medicaid,1289.14,1084.83,204.31,Approved
1202419,703722,101814,2023-10-01,Private,944.31,868.82,75.49,Partially Approved
1202420,703916,100028,2025-03-04,Private,4224.17,3801.06,423.11,Approved
1202421,705134,100852,2021-02-26,Medicare,11406.63,8662.36,2744.27,Approved
1202422,700565,102423,2025-11-07,Private,4489.62,3181.27,1308.35,Approved
1202423,705522,101958,2021-09-18,Uninsured,9454.63,6003.39,3451.24,Approved
1202424,703112,100229,2023-04-02,Medicare,5702.73,3591.62,2111.11,Approved
1202425,702254,101424,2021-06-16,Medicare,1045.46,701.84,343.62,Approved
1202426,700816,100102,2023-05-04,Private,764.47,462.11,302.36,Partially Approved
1202427,701301,101466,2024-09-14,Uninsured,3454.9,3231.76,3454.9,Denied
1202428,704753,100688,2023-03-30,Medicare,2015.89,1245.76,770.13,Partially Approved
1202429,700931,100404,2022-04-09,Medicaid,3551.09,2828.29,722.8,Approved
1202430,704686,100829,2023-11-24,Private,2048.03,1905.66,142.37,Approved
1202431,703536,100834,2023-11-15,Medicare,1400.28,807.74,592.54,Approved
1202432,700374,100237,2022-03-22,Private,876.65,698.21,178.44,Approved
1202433,700049,100887,2023-05-26,Medicaid,1322.24,1219.54,102.7,Approved
1202434,701353,101071,2022-12-28,Medicaid,2643.58,1739.67,903.91,Approved
1202435,705445,100449,2021-02-15,Private,2174.66,1384.02,790.64,Approved
1202436,703542,101340,2021-05-24,Private,3849.8,2747.65,1102.15,Pending
1202437,704358,102224,2024-09-25,Medicaid,10300.72,9436.22,864.5,Approved
1202438,702696,100915,2022-02-17,Private,3459.76,2073.15,1386.61,Approved
1202439,700797,100585,2021-07-28,Medicaid,7076.0,4261.71,2814.29,Partially Approved
1202440,700558,100192,2024-03-31,Private,1730.27,1673.5,56.77,Approved
1202441,705322,102006,2023-11-11,Medicaid,13384.23,9696.73,3687.5,Partially Approved
1202442,705785,101622,2025-10-13,Medicare,13769.09,13387.48,381.61,Partially Approved
1202443,702340,100562,2021-07-13,Private,1698.76,1561.23,137.53,Approved
1202444,701971,101934,2021-09-14,Private,4253.98,3198.87,1055.11,Approved
1202445,705567,100156,2023-10-09,Medicare,2254.46,1540.78,713.68,Approved
1202446,704822,100979,2021-09-01,Medicaid,1903.22,1291.65,611.57,Approved
1202447,701234,100696,2022-03-20,Medicaid,816.93,711.09,105.84,Approved
1202448,705044,102273,2023-06-11,Medicare,9208.39,,455.26,Approved
1202449,704128,100792,2022-12-02,Medicaid,2237.3,1488.05,749.25,Approved
1202450,702344,101021,2025-02-03,Private,2389.93,1575.88,814.05,Approved
1202451,704624,100872,2024-09-11,Medicaid,1814.7,1571.01,243.69,Approved
1202452,703393,100210,2023-04-06,Private,3241.99,2425.07,3241.99,Denied
1202453,706202,100641,2021-12-31,Medicaid,711.42,631.07,80.35,Partially Approved
1202454,703337,101422,2022-06-18,Private,1489.81,994.81,495.0,Partially Approved
1202455,701679,100502,2025-05-20,Private,2859.88,1669.45,1190.43,Approved
1202456,703271,100775,2022-08-31,Medicare,3734.81,3641.33,93.48,Approved
1202457,703236,100237,2024-04-22,Medicare,3091.56,2624.74,466.82,Partially Approved
1202458,701074,102336,2022-05-27,Medicaid,7207.07,6453.29,753.78,Approved
1202459,706072,100892,2022-08-07,Medicaid,3540.09,3414.95,125.14,Approved
1202460,702377,102161,2024-10-23,Private,4528.97,2948.53,1580.44,Approved
1202461,703999,100999,2025-08-21,Medicaid,2038.07,1308.36,729.71,Approved
1202462,700687,101927,2021-04-09,Medicaid,6643.44,6410.17,233.27,Approved
1202463,702655,101967,2025-01-24,Medicare,3204.02,2742.1,461.92,Approved
1202464,705144,100439,2024-07-17,Private,4535.95,3287.94,1248.01,Approved
1202465,703958,100454,2024-11-14,Private,1850.01,1738.54,111.47,Approved
1202466,701983,100452,2022-12-29,Private,3564.95,2574.63,990.32,Approved
1202467,702462,100827,2022-05-03,Private,4021.38,2352.53,1668.85,Approved
1202468,705984,102066,2024-01-12,Private,2997.21,1705.3,1291.91,Approved
1202469,700172,100356,2022-07-05,Medicare,5423.01,4246.7,1176.31,Approved
1202470,703327,101992,2021-07-28,Uninsured,3691.18,2806.88,884.3,Approved
1202471,702439,100869,2025-04-24,Private,3154.61,2686.9,467.71,Approved
1202472,701628,100735,2021-09-30,Medicare,1082.54,869.22,1082.54,Denied
1202473,700513,101799,2024-02-29,Private,7530.56,6786.61,743.95,Approved
1202474,706022,100574,2023-09-17,Private,3062.35,1967.14,3062.35,Denied
1202475,701349,100150,2021-04-13,Medicaid,525.09,467.96,57.13,Partially Approved
1202476,704004,101004,2023-06-27,Medicare,1807.9,1733.47,1807.9,Denied
1202477,703238,101856,2021-05-20,Uninsured,4265.34,2869.86,1395.48,Pending
1202478,705960,100254,2021-02-22,Medicare,2955.35,1807.88,1147.47,Approved
1202479,703144,100840,2021-05-23,Private,2410.82,1352.72,1058.1,Pending
1202480,706499,100382,2024-09-26,Private,4792.67,3856.78,935.89,Approved
1202481,700038,101667,2023-06-08,Medicare,1089.82,621.72,468.1,Approved
1202482,705493,101255,2024-08-27,Medicare,730.37,682.97,47.4,Approved
1202483,700060,101076,2024-01-25,Private,4529.93,3873.14,656.79,Approved
1202484,701999,101178,2025-09-23,Medicare,1334.73,1030.33,304.4,Partially Approved
1202485,700600,100809,2024-03-04,Private,15710.07,8950.18,6759.89,Approved
1202486,701282,101054,2021-03-29,Medicare,873.56,499.96,373.6,Partially Approved
1202487,702687,100531,2024-05-04,Medicare,3444.82,3176.9,267.92,Pending
1202488,700261,101079,2023-08-28,Medicaid,854.22,678.3,175.92,Approved
1202489,701921,100231,2025-04-14,Private,1236.48,1105.25,131.23,Approved
1202490,702842,101221,2023-12-04,Uninsured,4691.29,2737.49,1953.8,Approved
1202491,704084,101261,2025-04-13,Medicare,7570.37,6805.77,764.6,Approved
1202492,702311,100116,2022-01-07,Medicaid,2256.98,2010.52,246.46,Partially Approved
1202493,704254,101373,2021-03-27,Medicare,2654.7,2108.98,545.72,Pending
1202494,705802,100682,2023-07-01,Private,5263.46,4828.48,434.98,Approved
1202495,704086,100172,2021-10-23,Medicaid,6946.83,4284.09,2662.74,Approved
1202496,703026,101457,2021-03-27,Medicaid,20045.75,11027.79,9017.96,Approved
1202497,704184,101682,2023-04-30,Medicaid,3002.49,1813.07,1189.42,Partially Approved
1202498,705935,102333,2021-07-13,Medicare,5416.73,3251.1,2165.63,Approved
1202499,704061,100597,2023-07-17,Private,2066.85,1491.04,575.81,Approved
1202500,701714,100608,2025-04-14,Medicare,1582.44,1173.18,409.26,Pending
1202501,704986,101960,2025-06-24,Private,2084.38,2001.79,82.59,Approved
1202502,704972,100094,2023-07-31,Medicare,914.07,765.45,148.62,Approved
1202503,704158,102007,2021-12-29,Private,634.52,407.5,227.02,Approved
1202504,704852,102108,2021-08-03,Private,599.89,520.99,78.9,Approved
1202505,703199,101780,2024-07-04,Medicare,2520.22,1674.05,846.17,Approved
1202506,705514,100535,2022-12-20,Uninsured,1585.29,1445.18,140.11,Approved
1202507,704248,101494,2023-08-20,Private,7478.86,6747.27,731.59,Approved
1202508,705187,100530,2022-12-26,Private,927.7,869.46,58.24,Approved
1202509,701154,102248,2025-11-07,Private,985.37,665.4,319.97,Approved
1202510,704081,101952,2022-08-10,Private,524.78,363.95,160.83,Approved
1202511,703565,101647,2021-11-30,Medicare,9460.75,5522.99,3937.76,Approved
1202512,703557,102479,2021-10-20,Private,3584.66,3312.48,3584.66,Denied
1202513,700893,100862,2022-11-30,Private,8955.46,6478.22,2477.24,Approved
1202514,700934,101504,2022-12-30,Private,1260.89,1040.47,220.42,Approved
1202515,700554,100248,2021-02-12,Private,2880.69,1918.52,962.17,Approved
1202516,704481,101122,2022-03-15,Medicaid,2845.2,1772.06,1073.14,Approved
1202517,700771,101035,2024-07-17,Private,725.41,483.99,241.42,Approved
1202518,703807,101143,2023-01-18,Medicaid,2331.65,2211.86,119.79,Approved
1202519,702166,101892,2024-05-30,Medicaid,3890.7,3017.41,873.29,Approved
1202520,700221,101943,2024-09-17,Private,1067.14,740.94,326.2,Approved
1202521,701114,102326,2022-06-22,Medicaid,6501.22,4945.63,1555.59,Partially Approved
1202522,705173,102046,2024-08-26,Private,1596.13,952.36,1596.13,Denied
1202523,702887,100769,2022-01-06,Private,1224.66,945.0,279.66,Approved
1202524,704903,100764,2022-09-04,Private,2489.63,1665.05,824.58,Approved
1202525,704688,101846,2024-05-04,Private,1955.61,1444.97,510.64,Partially Approved
1202526,701537,100937,2025-05-15,Medicaid,3493.23,3368.17,125.06,Pending
1202527,701216,101703,2021-01-22,Medicare,1309.6,946.97,362.63,Approved
1202528,703515,100812,2021-11-20,Medicaid,3272.24,2164.7,1107.54,Approved
1202529,705371,101580,2023-10-12,Private,7089.49,5933.14,1156.35,Approved
1202530,704019,100323,2021-08-21,Medicaid,1317.43,1151.69,165.74,Approved
1202531,702366,101157,2022-05-24,Private,1796.32,1613.0,183.32,Approved
1202532,701607,100592,2022-08-14,Medicare,2155.56,1967.95,187.61,Approved
1202533,702214,100245,2025-02-03,Medicaid,3213.42,2706.78,506.64,Partially Approved
1202534,705715,101185,2023-05-02,Private,528.23,321.28,206.95,Approved
1202535,703771,101460,2022-07-09,Medicaid,1463.46,992.69,470.77,Approved
1202536,704460,101026,2023-12-21,Uninsured,7196.17,6855.13,341.04,Approved
1202537,706184,101135,2025-12-12,Private,1361.47,1274.25,1361.47,Denied
1202538,702594,101329,2021-03-12,Uninsured,4798.75,3899.22,899.53,Approved
1202539,704849,100765,2023-05-31,Medicare,786.3,666.69,119.61,Approved
1202540,705062,100292,2025-04-09,Medicare,4779.75,4274.38,505.37,Partially Approved
1202541,704889,100647,2023-12-14,Private,1536.86,869.56,667.3,Approved
1202542,703637,100358,2022-07-06,Medicare,1348.9,771.37,577.53,Approved
1202543,704034,101854,2023-11-14,Private,795.04,517.37,277.67,Approved
1202544,704651,100254,2023-12-02,Private,1861.05,1482.99,1861.05,Denied
1202545,706134,101908,2023-09-14,Medicaid,2199.91,1745.14,454.77,Approved
1202546,702248,100278,2022-04-03,Private,760.09,534.88,225.21,Approved
1202547,702461,102140,2023-01-11,Private,894.09,606.42,287.67,Approved
1202548,705009,102348,2025-07-25,Private,2501.33,2206.38,294.95,Partially Approved
1202549,704499,101466,2021-04-12,Private,4897.12,3393.37,1503.75,Partially Approved
1202550,702615,102035,2023-09-17,Medicaid,5638.97,3836.37,1802.6,Approved
1202551,700402,102267,2022-04-15,Private,1250.04,1026.82,223.22,Approved
1202552,701468,102488,2024-09-09,Private,1526.5,1118.1,408.4,Approved
1202553,703935,100745,2022-12-17,Private,2260.13,1980.4,279.73,Approved
1202554,703306,100269,2024-04-25,Private,2216.84,1289.7,2216.84,Denied
1202555,705296,101816,2023-10-13,Private,2383.13,1993.19,389.94,Partially Approved
1202556,706493,100248,2025-07-26,Private,1730.31,1091.99,638.32,Approved
1202557,700802,100337,2022-10-15,Medicare,1551.88,1519.18,1551.88,Denied
1202558,701914,100956,2024-07-21,Medicare,3168.25,2640.12,528.13,Pending
1202559,705573,102484,2024-10-22,Private,1526.63,906.42,620.21,Pending
1202560,702567,102338,2023-12-02,Medicare,1154.16,703.0,451.16,Partially Approved
1202561,702302,100161,2025-12-27,Private,1608.01,1152.03,455.98,Approved
1202562,701871,100312,2021-09-27,Medicare,1333.78,846.45,487.33,Approved
1202563,700047,101564,2025-01-17,Medicaid,3611.31,2730.49,880.82,Partially Approved
1202564,705621,100574,2021-08-18,Medicaid,5431.41,3532.25,1899.16,Partially Approved
1202565,701474,101358,2024-04-13,Private,3046.36,2265.78,780.58,Approved
1202566,702531,101900,2023-11-19,Private,483.96,472.01,11.95,Approved
1202567,701140,101631,2024-05-20,Private,958.21,875.38,82.83,Partially Approved
1202568,703176,100042,2024-03-28,Medicaid,4242.2,2475.64,1766.56,Approved
1202569,703036,101124,2025-01-03,Medicare,2322.65,1906.89,415.76,Approved
1202570,702733,100892,2021-12-04,Private,7244.86,4897.03,7244.86,Denied
1202571,705363,100444,2022-02-27,Private,1153.13,759.86,393.27,Approved
1202572,705865,101628,2023-01-10,Medicaid,2984.54,2354.74,629.8,Approved
1202573,704179,102165,2022-05-01,Medicaid,4711.51,2854.71,1856.8,Approved
1202574,704367,102290,2023-04-16,Private,4030.97,3272.26,758.71,Approved
1202575,701301,100321,2021-12-12,Medicaid,1113.23,902.86,210.37,Approved
1202576,700371,100540,2025-03-04,Private,7453.53,6678.6,774.93,Approved
1202577,701585,100595,2024-07-17,Private,5961.33,4878.94,1082.39,Approved
1202578,701334,101683,2025-04-02,Private,1701.17,1213.17,488.0,Approved
1202579,705765,101972,2023-03-12,Medicaid,2612.55,1749.81,2612.55,Denied
1202580,701629,101453,2025-01-16,Private,1908.3,1347.49,560.81,Partially Approved
1202581,701448,100666,2023-09-28,Medicaid,9290.4,6843.64,2446.76,Partially Approved
1202582,702585,100874,2021-11-12,Private,3386.2,2671.65,714.55,Approved
1202583,703355,101815,2021-07-11,Medicaid,557.82,429.9,127.92,Approved
1202584,701932,100789,2025-12-23,Private,945.07,798.73,146.34,Approved
1202585,701464,101974,2021-01-04,Medicare,2075.73,1200.39,875.34,Approved
1202586,705728,100415,2023-07-16,Medicare,520.65,320.89,199.76,Approved
1202587,700816,101568,2021-12-10,Medicare,1959.91,1763.0,196.91,Approved
1202588,703894,102001,2023-01-01,Private,4329.79,3837.97,491.82,Approved
1202589,702621,100143,2022-07-29,Medicaid,6888.06,5607.82,1280.24,Approved
1202590,703159,100892,2025-01-04,Medicare,1379.83,1182.72,197.11,Pending
1202591,700402,100628,2023-06-12,Medicaid,1181.34,657.24,524.1,Partially Approved
1202592,700608,102366,2023-05-14,Uninsured,2758.41,2217.0,541.41,Partially Approved
1202593,705489,101390,2022-04-18,Medicaid,9779.59,5672.2,4107.39,Approved
1202594,705756,101862,2021-10-26,Private,9261.9,6819.4,2442.5,Partially Approved
1202595,704600,101926,2023-06-30,Private,884.06,585.21,298.85,Approved
1202596,706135,102004,2023-04-03,Medicaid,4159.78,3321.45,4159.78,Denied
1202597,704628,102053,2023-10-28,Medicare,3700.89,3336.29,364.6,Partially Approved
1202598,705265,102395,2021-02-11,Private,8508.78,7770.9,737.88,Pending
1202599,704324,100503,2024-02-01,Private,1381.9,1191.86,190.04,Approved
1202600,705847,101779,2025-01-15,Private,2532.53,1480.27,1052.26,Partially Approved
1202601,700561,101556,2021-09-22,Medicaid,6408.19,5566.41,841.78,Partially Approved
1202602,705942,101241,2023-10-28,Private,3402.9,2506.75,896.15,Pending
1202603,700279,100841,2023-07-14,Private,1370.25,916.3,453.95,Approved
1202604,706257,101904,2025-04-15,Private,589.3,346.32,242.98,Approved
1202605,700620,100395,2025-12-23,Private,562.57,495.92,66.65,Approved
1202606,700522,100226,2021-04-06,Private,1477.33,1033.48,443.85,Approved
1202607,705968,100732,2021-08-11,Medicare,5550.95,3334.69,2216.26,Approved
1202608,704989,100054,2024-04-25,Medicare,7600.66,4627.8,2972.86,Approved
1202609,702705,101047,2024-06-04,Private,4966.27,4099.9,866.37,Approved
1202610,705545,101508,2025-10-21,Medicaid,2576.92,2288.89,288.03,Approved
1202611,704324,101642,2023-03-26,Medicaid,4090.1,3423.63,666.47,Approved
1202612,700980,102302,2021-12-05,Private,1098.41,1027.68,70.73,Approved
1202613,705551,100565,2022-09-26,Private,1386.98,844.82,1386.98,Denied
1202614,703405,100117,2024-10-05,Private,4376.04,3819.3,556.74,Approved
1202615,704117,101219,2025-11-22,Private,2661.48,1945.34,716.14,Approved
1202616,704192,101588,2025-09-15,Medicare,1145.92,1080.92,65.0,Approved
1202617,701474,100311,2021-05-23,Medicare,17047.23,10452.05,6595.18,Approved
1202618,701941,101878,2023-02-23,Private,4429.96,3220.41,1209.55,Approved
1202619,706460,101067,2021-04-03,Medicare,3372.79,2667.25,705.54,Partially Approved
1202620,700175,101223,2023-07-28,Private,3324.69,3196.31,128.38,Approved
1202621,702543,101134,2023-06-30,Private,3086.08,2702.23,383.85,Partially Approved
1202622,705786,102030,2022-10-29,Medicare,1891.04,1824.24,66.8,Approved
1202623,701527,101916,2024-10-28,Medicaid,3147.99,2713.71,434.28,Approved
1202624,702160,100112,2022-10-09,Private,7962.37,7347.85,614.52,Approved
1202625,700131,101909,2024-11-22,Medicaid,541.67,401.23,140.44,Approved
1202626,700894,102345,2023-08-10,Private,2354.32,1615.78,738.54,Approved
1202627,705884,101514,2022-05-06,Medicaid,1572.33,864.96,707.37,Approved
1202628,705635,102172,2023-10-05,Medicaid,5258.08,4145.49,1112.59,Approved
1202629,705844,100211,2023-04-24,Private,1624.02,1330.74,293.28,Approved
1202630,705429,100718,2025-09-20,Medicare,4253.51,2562.59,1690.92,Partially Approved
1202631,706017,101947,2025-11-26,Medicare,3457.53,2743.53,714.0,Approved
1202632,705039,102425,2024-04-04,Medicaid,895.05,585.58,309.47,Approved
1202633,706255,100595,2025-09-03,Private,602.88,515.4,87.48,Approved
1202634,700767,100102,2024-03-13,Medicaid,1817.19,1219.79,597.4,Approved
1202635,704637,100237,2021-05-06,Private,5595.84,4105.3,1490.54,Approved
1202636,706040,100035,2024-04-08,Medicare,1499.69,1214.13,285.56,Partially Approved
1202637,700500,101525,2023-05-01,Medicare,6843.94,5197.44,1646.5,Partially Approved
1202638,700227,102081,2025-03-24,Uninsured,3852.85,3570.86,281.99,Approved
1202639,700650,101083,2021-10-09,Medicare,2218.27,1858.88,359.39,Partially Approved
1202640,706030,101016,2021-07-27,Medicaid,2521.92,2042.12,479.8,Approved
1202641,703020,100141,2021-04-11,Private,3932.27,2803.83,1128.44,Partially Approved
1202642,702074,101821,2022-03-25,Medicaid,6582.79,5679.66,903.13,Pending
1202643,704316,100657,2022-05-17,Medicare,9394.76,6702.96,2691.8,Pending
1202644,704452,101234,2021-09-02,Private,7802.99,5060.47,2742.52,Partially Approved
1202645,700502,101298,2023-04-24,Medicare,3136.61,2296.14,840.47,Approved
1202646,701186,102399,2021-11-30,Medicaid,10058.73,7909.27,2149.46,Approved
1202647,702114,100071,2024-08-30,Uninsured,672.6,543.08,129.52,Pending
1202648,704311,100266,2023-04-10,Private,2223.55,1781.48,442.07,Approved
1202649,706165,101918,2022-11-15,Private,3017.75,2051.53,966.22,Approved
1202650,702432,100119,2022-10-05,Medicare,5564.75,3885.1,1679.65,Approved
1202651,702409,101654,2022-07-19,Medicare,3811.53,2559.54,1251.99,Approved
1202652,704125,101521,2025-06-17,Private,6798.68,4583.73,2214.95,Partially Approved
1202653,704003,100826,2023-04-10,Private,422.02,290.98,131.04,Approved
1202654,704099,102388,2023-07-09,Private,1795.78,1443.81,351.97,Approved
1202655,704059,102281,2021-04-30,Medicare,1814.45,1705.46,108.99,Partially Approved
1202656,704856,101329,2025-02-19,Uninsured,1822.65,1421.85,400.8,Approved
1202657,706147,100937,2022-10-22,Medicare,3680.01,2271.63,1408.38,Pending
1202658,705836,101323,2022-06-30,Medicare,3346.7,3229.65,117.05,Approved
1202659,706039,101227,2022-03-31,Medicare,6319.09,3992.36,2326.73,Approved
1202660,706051,100803,2022-07-29,Private,1586.56,1073.23,513.33,Approved
1202661,705082,101462,2021-03-03,Uninsured,2546.01,1563.91,2546.01,Denied
1202662,701339,101233,2023-08-29,Private,5198.75,4687.39,511.36,Partially Approved
1202663,701026,102302,2021-08-24,Private,881.02,512.19,368.83,Approved
1202664,704470,101410,2025-08-01,Private,5252.42,3570.15,1682.27,Approved
1202665,704397,100181,2021-08-23,Private,3945.49,2838.26,1107.23,Approved
1202666,706049,102433,2021-10-29,Medicaid,1275.57,1243.63,1275.57,Denied
1202667,705787,101399,2025-04-27,Medicaid,6612.1,4364.45,2247.65,Approved
1202668,702424,102391,2022-12-07,Private,3047.12,2591.25,455.87,Approved
1202669,704597,102162,2025-03-23,Medicaid,1630.77,1577.83,52.94,Approved
1202670,704276,101148,2023-10-17,Medicare,8045.24,5199.1,2846.14,Approved
1202671,704205,101634,2021-05-20,Medicare,732.14,691.27,40.87,Approved
1202672,702779,100003,2021-05-29,Medicaid,8200.09,4598.01,3602.08,Approved
1202673,704170,100824,2022-11-15,Medicaid,1358.03,1220.69,137.34,Approved
1202674,704275,100507,2022-05-21,Medicaid,926.09,699.56,226.53,Approved
1202675,706042,100609,2023-01-03,Private,5140.45,3601.14,1539.31,Approved
1202676,702279,100276,2023-02-28,Medicaid,6940.39,6750.71,189.68,Partially Approved
1202677,705417,100858,2021-07-17,Private,1396.04,1193.06,202.98,Approved
1202678,705720,101958,2023-10-11,Medicaid,3778.69,2942.82,3778.69,Denied
1202679,700019,101744,2022-08-08,Medicaid,3435.04,3088.63,346.41,Partially Approved
1202680,701593,100723,2024-04-10,Medicaid,5836.58,4681.98,1154.6,Approved
1202681,703718,102322,2023-01-18,Medicaid,3059.7,2717.62,342.08,Approved
1202682,705260,100734,2023-05-19,Medicare,4091.26,3890.07,201.19,Pending
1202683,700582,101419,2024-04-01,Medicare,829.08,501.99,327.09,Pending
1202684,701084,101067,2022-06-14,Medicaid,2948.57,,385.47,Partially Approved
1202685,702081,100700,2025-06-17,Private,5536.41,4982.09,554.32,Approved
1202686,705542,102206,2022-01-12,Private,1063.77,599.96,463.81,Partially Approved
1202687,703148,101265,2022-03-17,Medicaid,6369.05,4265.63,2103.42,Approved
1202688,700663,101134,2025-05-20,Medicaid,3615.11,3238.01,377.1,Approved
1202689,704953,101824,2021-01-02,Medicare,896.67,604.96,291.71,Approved
1202690,701167,101571,2025-08-19,Medicaid,1466.57,1027.06,439.51,Partially Approved
1202691,701763,100958,2025-07-16,Private,985.68,785.87,199.81,Approved
1202692,703159,100928,2023-07-31,Private,3069.24,1939.09,1130.15,Partially Approved
1202693,704690,100477,2025-01-07,Private,2049.21,1679.4,2049.21,Denied
1202694,704399,100477,2025-01-28,Medicare,532.64,374.62,158.02,Approved
1202695,705654,102035,2022-04-10,Private,3643.96,2850.36,793.6,Pending
1202696,700615,100664,2023-02-13,Medicare,6485.61,5007.35,1478.26,Approved
1202697,704589,101185,2021-04-02,Private,6168.26,4768.62,1399.64,Approved
1202698,703197,102040,2021-03-01,Medicare,3907.82,3321.2,586.62,Approved
1202699,704496,101941,2022-06-14,Private,1249.26,1078.2,171.06,Partially Approved
1202700,702437,100166,2025-11-25,Medicaid,1326.99,821.2,505.79,Approved
1202701,704786,100424,2024-05-22,Medicaid,1052.28,762.64,289.64,Approved
1202702,703724,100756,2021-05-19,Private,5101.24,4158.72,942.52,Approved
1202703,701054,101479,2022-09-09,Medicaid,8178.62,7152.34,8178.62,Denied
1202704,700168,101582,2025-02-21,Medicare,2348.52,2177.82,170.7,Approved
1202705,701667,100738,2024-06-13,Medicaid,1761.32,1475.69,285.63,Approved
1202706,703752,101778,2025-07-19,Medicaid,6597.8,4329.2,2268.6,Approved
1202707,706085,101955,2025-11-05,Medicaid,1214.17,844.72,369.45,Approved
1202708,701190,100974,2025-01-04,Medicaid,2583.07,2316.46,266.61,Approved
1202709,701068,100470,2023-01-30,Medicaid,6143.76,5874.22,269.54,Approved
1202710,701625,100668,2025-12-23,Medicare,6112.44,4265.31,1847.13,Approved
1202711,701888,100671,2025-10-11,Private,1478.76,827.39,1478.76,Denied
1202712,704357,100906,2022-09-18,Private,695.16,485.74,209.42,Approved
1202713,706405,101793,2024-06-10,Medicare,3125.23,2695.61,429.62,Approved
1202714,704924,101439,2023-08-17,Private,1331.63,1119.33,212.3,Approved
1202715,700852,102215,2022-02-25,Private,4917.72,3349.08,1568.64,Partially Approved
1202716,706235,102004,2025-08-16,Medicare,3527.68,3270.35,257.33,Partially Approved
1202717,704170,101135,2025-12-13,Uninsured,2506.04,1414.02,1092.02,Partially Approved
1202718,701584,102336,2021-10-06,Private,766.82,491.91,766.82,Denied
1202719,700905,101855,2025-06-25,Uninsured,9588.32,5806.99,3781.33,Approved
1202720,701907,101493,2021-08-08,Uninsured,4389.02,2691.33,1697.69,Approved
1202721,703874,101200,2021-05-06,Medicare,2028.39,1188.31,840.08,Approved
1202722,703732,100378,2022-11-28,Medicaid,1539.21,1416.9,122.31,Partially Approved
1202723,705607,101419,2021-10-19,Private,2581.43,2027.46,553.97,Approved
1202724,704943,101396,2025-11-24,Private,701.46,522.17,179.29,Approved
1202725,700433,101387,2023-11-18,Medicare,6474.97,4376.46,2098.51,Approved
1202726,705117,100413,2021-11-19,Private,1224.24,809.86,414.38,Partially Approved
1202727,702077,100757,2024-07-12,Medicaid,6468.0,5023.81,1444.19,Approved
1202728,701939,101404,2021-03-18,Medicaid,1161.13,1044.45,116.68,Partially Approved
1202729,705199,100443,2024-02-21,Medicare,1678.35,1364.12,314.23,Approved
1202730,704592,100483,2025-03-25,Private,3693.71,3324.67,369.04,Partially Approved
1202731,701421,100657,2023-05-21,Private,1157.12,856.78,1157.12,Denied
1202732,705527,100753,2025-11-20,Medicaid,745.32,518.56,226.76,Approved
1202733,705906,100751,2025-04-01,Medicare,5548.87,3621.53,1927.34,Partially Approved
1202734,700299,101490,2025-12-10,Private,2335.84,1544.07,791.77,Partially Approved
1202735,704758,100306,2025-05-07,Private,2428.86,2020.66,408.2,Partially Approved
1202736,702305,100501,2023-12-08,Private,5426.72,3686.05,1740.67,Approved
1202737,704926,100599,2022-07-27,Medicaid,7303.4,5194.92,2108.48,Partially Approved
1202738,705240,100203,2025-08-17,Medicare,2405.35,2083.62,321.73,Partially Approved
1202739,701235,102322,2024-11-11,Medicare,42376.29,23450.7,18925.59,Partially Approved
1202740,700599,101739,2023-08-29,Medicaid,2740.52,1785.67,954.85,Approved
1202741,701593,102274,2025-05-07,Medicaid,1538.75,1040.85,497.9,Partially Approved
1202742,700863,100529,2025-11-01,Private,3231.98,2561.75,670.23,Approved
1202743,704256,101051,2025-07-02,Medicare,1446.14,972.03,474.11,Partially Approved
1202744,704949,101587,2021-10-30,Private,4699.79,4082.81,4699.79,Denied
1202745,705488,102436,2021-09-13,Private,1894.23,1272.15,622.08,Approved
1202746,702930,100226,2021-09-01,Medicare,821.74,462.03,359.71,Pending
1202747,705464,100608,2024-04-30,Private,680.11,517.79,162.32,Approved
1202748,701832,102438,2024-08-15,Medicare,2247.56,2173.0,74.56,Approved
1202749,705036,101133,2022-05-23,Private,4060.19,3314.24,4060.19,Denied
1202750,706399,101515,2024-07-06,Private,4495.42,3361.38,4495.42,Denied
1202751,700315,101808,2024-04-02,Medicare,1164.49,921.06,243.43,Approved
1202752,704087,100227,2023-08-09,Private,2014.49,1867.39,147.1,Partially Approved
1202753,702938,101190,2021-10-08,Medicare,13285.51,7522.05,5763.46,Pending
1202754,703451,100084,2024-10-28,Private,1592.06,1276.24,315.82,Approved
1202755,701314,100743,2025-12-02,Medicare,3126.09,2686.21,439.88,Partially Approved
1202756,703059,102173,2024-01-27,Medicare,5293.21,2986.61,2306.6,Approved
1202757,703840,101197,2024-01-18,Medicare,2976.03,1655.41,1320.62,Approved
1202758,706353,101402,2021-05-02,Medicare,907.04,877.0,30.04,Approved
1202759,700080,100164,2021-06-09,Private,1090.7,798.65,292.05,Approved
1202760,703034,102020,2024-03-25,Medicaid,2286.94,1727.1,2286.94,Denied
1202761,700234,100481,2022-02-25,Private,1184.06,1122.51,61.55,Approved
1202762,701385,102245,2022-12-24,Medicaid,988.22,608.21,380.01,Approved
1202763,701804,100015,2024-05-18,Medicaid,2808.28,2666.87,141.41,Approved
1202764,702295,101712,2025-09-13,Private,1033.84,1000.25,33.59,Partially Approved
1202765,706130,100973,2023-01-16,Private,808.47,705.0,103.47,Partially Approved
1202766,702520,101798,2022-05-30,Private,1203.31,980.7,222.61,Approved
1202767,700966,100004,2022-04-16,Medicare,3557.63,2793.33,764.3,Partially Approved
1202768,703046,100545,2024-05-15,Medicare,2077.15,1764.28,312.87,Approved
1202769,705669,101828,2022-09-07,Private,1695.88,1295.64,400.24,Approved
1202770,704355,101133,2025-09-26,Medicaid,4520.38,4202.04,318.34,Partially Approved
1202771,701448,100449,2022-01-16,Medicare,3509.45,3015.36,494.09,Approved
1202772,705604,100951,2024-10-12,Private,3642.7,3555.75,86.95,Pending
1202773,700808,101573,2024-06-08,Private,1812.44,1049.69,762.75,Approved
1202774,701888,102048,2022-05-18,Medicare,1998.37,1587.6,410.77,Approved
1202775,704321,101187,2021-01-01,Private,655.34,570.81,84.53,Partially Approved
1202776,701801,100357,2024-03-13,Medicare,7405.06,5113.02,2292.04,Pending
1202777,706072,101236,2021-04-20,Private,5518.17,4118.78,1399.39,Approved
1202778,705507,100645,2021-04-26,Medicaid,2527.37,2043.05,484.32,Approved
1202779,704136,101872,2023-10-28,Medicaid,5510.99,3318.88,2192.11,Approved
1202780,702069,102280,2024-12-30,Private,1168.62,914.39,254.23,Partially Approved
1202781,705104,100783,2023-08-24,Uninsured,5638.74,3409.71,2229.03,Approved
1202782,705218,101267,2025-07-20,Private,2538.56,1430.04,1108.52,Approved
1202783,700585,100621,2025-09-29,Private,7506.19,6955.81,550.38,Approved
1202784,701625,102340,2025-12-10,Medicare,8465.88,6421.3,2044.58,Approved
1202785,704762,100451,2023-10-21,Medicaid,2918.77,2027.97,2918.77,Denied
1202786,700488,101779,2024-04-14,Private,746.74,418.35,328.39,Pending
1202787,700360,100340,2025-05-30,Private,2752.13,2606.34,145.79,Approved
1202788,702379,100294,2025-08-09,Private,6710.3,3980.97,2729.33,Approved
1202789,700726,100428,2021-05-06,Medicare,5721.25,,1296.52,Approved
1202790,700051,100570,2025-03-11,Private,1940.17,1196.77,1940.17,Denied
1202791,701657,100569,2024-05-01,Private,1544.04,1164.82,379.22,Approved
1202792,706148,100203,2025-12-21,Uninsured,2278.71,1566.8,711.91,Approved
1202793,700911,102498,2021-04-23,Private,1237.49,1157.48,80.01,Partially Approved
1202794,703056,102242,2023-09-20,Private,1612.51,1243.01,369.5,Approved
1202795,703870,101970,2025-06-26,Medicaid,6865.29,6656.62,208.67,Approved
1202796,704015,101798,2023-01-21,Private,905.22,669.19,236.03,Approved
1202797,705066,102259,2025-08-25,Private,746.92,692.88,54.04,Partially Approved
1202798,700431,100835,2023-03-12,Private,2658.12,1807.28,850.84,Approved
1202799,703730,100123,2021-06-03,Medicaid,4670.03,2590.62,2079.41,Approved
1202800,705790,100227,2024-05-17,Uninsured,2830.4,1682.5,1147.9,Approved
1202801,703821,102049,2022-04-30,Private,2427.05,1414.3,1012.75,Pending
1202802,701214,101651,2024-08-15,Medicare,2752.91,2347.93,2752.91,Denied
1202803,700238,101056,2021-03-24,Private,3103.84,1833.67,1270.17,Approved
1202804,705514,101204,2021-02-24,Private,607.54,395.19,212.35,Approved
1202805,702715,100285,2024-06-23,Private,823.8,753.81,69.99,Partially Approved
1202806,702354,100484,2021-01-24,Private,2464.67,1721.54,743.13,Approved
1202807,700108,101993,2024-04-09,Private,919.69,628.3,291.39,Partially Approved
1202808,702959,101280,2025-06-15,Private,2071.99,1473.68,598.31,Approved
1202809,704545,102199,2022-09-20,Medicaid,466.01,290.96,175.05,Approved
1202810,704183,101284,2025-10-08,Private,1849.6,1545.95,303.65,Partially Approved
1202811,703589,102379,2023-05-19,Private,2933.17,2031.89,901.28,Approved
1202812,704517,102201,2022-05-28,Medicaid,4478.98,2616.83,1862.15,Partially Approved
1202813,702771,101524,2023-03-14,Medicare,1759.53,1382.19,377.34,Partially Approved
1202814,701196,101944,2023-03-22,Private,2931.19,2068.94,862.25,Approved
1202815,701994,100862,2025-03-16,Medicaid,2556.85,2384.8,172.05,Pending
1202816,703215,100572,2021-06-25,Medicare,1443.64,962.34,481.3,Approved
1202817,703757,100384,2025-02-23,Private,1605.34,900.35,704.99,Approved
1202818,702742,102076,2021-10-02,Private,5795.41,5185.06,610.35,Approved
1202819,703135,101153,2024-02-20,Private,1943.84,1788.0,155.84,Approved
1202820,700945,101129,2022-07-28,Medicare,5787.22,3312.58,2474.64,Approved
1202821,704371,101401,2022-12-01,Private,847.12,598.66,248.46,Approved
1202822,705331,100778,2021-04-01,Private,3624.53,2635.09,989.44,Approved
1202823,700719,102287,2021-12-18,Private,5204.82,3570.41,1634.41,Partially Approved
1202824,700725,102104,2022-08-23,Uninsured,2846.39,2241.94,2846.39,Denied
1202825,703915,102222,2021-03-18,Medicare,1585.85,989.23,596.62,Approved
1202826,704673,100905,2023-01-15,Medicare,11686.75,9982.58,1704.17,Approved
1202827,701768,100953,2023-09-13,Medicaid,2993.24,2772.39,220.85,Approved
1202828,700288,101870,2022-09-27,Medicaid,4631.55,2714.31,1917.24,Approved
1202829,703903,102195,2022-12-18,Private,3245.22,1815.41,1429.81,Approved
1202830,706045,100076,2021-12-13,Medicare,4911.05,3795.47,1115.58,Approved
1202831,705893,100793,2025-05-26,Private,1991.6,1240.45,751.15,Approved
1202832,706385,102318,2025-06-04,Private,5998.36,4927.33,1071.03,Approved
1202833,701972,102007,2021-06-21,Private,1372.42,1144.13,228.29,Approved
1202834,704535,100406,2023-09-27,Medicare,6706.1,6229.35,476.75,Approved
1202835,703521,101471,2022-03-03,Private,759.58,659.02,100.56,Approved
1202836,705835,101353,2022-05-22,Private,2245.71,1427.72,817.99,Approved
1202837,703740,100515,2021-08-06,Private,7299.96,4539.52,2760.44,Approved
1202838,703288,101916,2025-02-24,Uninsured,1055.42,609.82,445.6,Approved
1202839,703323,100403,2022-02-25,Private,2774.96,1667.92,1107.04,Partially Approved
1202840,706005,100167,2025-11-16,Private,1668.51,1087.38,581.13,Approved
1202841,703099,101424,2021-02-20,Private,2144.19,1181.54,962.65,Approved
1202842,700623,101013,2023-06-09,Private,1551.13,1197.41,353.72,Approved
1202843,702740,100420,2024-10-28,Medicare,2539.99,1734.08,805.91,Approved
1202844,704259,101558,2025-06-22,Medicare,1743.66,1040.47,703.19,Approved
1202845,705502,101372,2025-12-05,Medicare,2876.1,1965.9,910.2,Approved
1202846,700603,100749,2025-04-21,Medicaid,2135.47,1320.8,814.67,Approved
1202847,703960,102433,2022-07-22,Uninsured,5255.28,3581.54,1673.74,Approved
1202848,703219,100716,2023-02-23,Medicaid,7097.92,4210.21,2887.71,Partially Approved
1202849,700693,100866,2021-06-23,Medicare,2193.43,1406.76,786.67,Approved
1202850,701823,100826,2025-03-16,Private,1394.66,976.2,418.46,Approved
1202851,700512,101593,2021-04-12,Medicaid,359.56,337.6,21.96,Approved
1202852,706334,101056,2022-08-19,Medicaid,1932.34,1167.34,765.0,Pending
1202853,700661,100058,2021-05-29,Uninsured,1347.89,1221.76,1347.89,Denied
1202854,701800,100157,2021-08-08,Medicaid,1144.01,712.4,431.61,Partially Approved
1202855,703916,102281,2021-08-21,Medicare,1683.58,931.82,751.76,Approved
1202856,701021,102270,2025-11-15,Private,1666.31,1382.05,284.26,Approved
1202857,705456,101842,2021-04-23,Medicare,768.74,450.29,318.45,Approved
1202858,706269,100450,2022-12-25,Medicaid,2030.88,1407.75,623.13,Approved
1202859,700596,100406,2024-10-20,Medicare,1631.87,970.81,661.06,Approved
1202860,705286,100091,2025-01-28,Medicare,1235.36,1038.74,196.62,Partially Approved
1202861,701197,102104,2022-07-31,Medicare,2913.13,2426.61,486.52,Approved
1202862,704066,101883,2025-02-03,Private,2123.46,2073.74,49.72,Approved
1202863,701171,101655,2021-09-05,Medicare,2195.59,2105.57,90.02,Approved
1202864,703319,102365,2023-05-14,Private,1776.13,1426.5,1776.13,Denied
1202865,702571,100067,2022-12-14,Private,1678.5,1353.26,325.24,Approved
1202866,704741,100504,2021-07-07,Private,6769.71,4412.45,2357.26,Approved
1202867,701432,100114,2023-04-17,Medicaid,2509.47,2009.98,499.49,Partially Approved
1202868,705230,100140,2022-09-24,Private,2633.74,2298.13,335.61,Approved
1202869,700977,100995,2021-04-24,Medicare,2256.55,2062.76,193.79,Pending
1202870,701412,100894,2024-01-01,Private,6509.67,5168.66,1341.01,Partially Approved
1202871,701089,100433,2021-11-07,Private,1519.55,1485.84,33.71,Approved
1202872,702786,100064,2024-11-14,Medicaid,5954.08,3565.99,2388.09,Approved
1202873,706473,100743,2022-09-17,Medicare,1674.07,1638.03,36.04,Approved
1202874,703474,102499,2024-09-05,Private,5510.68,4101.47,1409.21,Approved
1202875,701243,100896,2024-12-21,Medicare,5436.57,3651.58,1784.99,Pending
1202876,702111,100974,2025-01-16,Private,1343.9,973.91,369.99,Approved
1202877,702302,100510,2021-08-15,Private,4604.35,3725.4,878.95,Approved
1202878,702456,102060,2025-03-12,Private,5486.73,3592.06,1894.67,Partially Approved
1202879,706058,102274,2021-04-24,Medicaid,1607.26,1182.34,424.92,Partially Approved
1202880,700220,100110,2022-05-26,Private,4477.33,2577.73,1899.6,Approved
1202881,701407,100778,2021-02-06,Medicare,4951.77,3851.21,1100.56,Approved
1202882,702427,101618,2022-06-20,Private,4667.65,4384.29,283.36,Approved
1202883,705205,100317,2023-12-04,Medicare,10483.9,8491.89,1992.01,Partially Approved
1202884,704998,102088,2024-01-09,Private,9301.68,6795.89,2505.79,Pending
1202885,704461,101363,2023-12-20,Medicare,1814.37,1141.14,673.23,Partially Approved
1202886,700521,101291,2021-04-15,Uninsured,2306.15,2186.4,119.75,Approved
1202887,700176,100144,2024-10-02,Private,1898.53,1287.16,611.37,Approved
1202888,702191,100353,2022-03-01,Medicaid,1259.66,1088.5,171.16,Approved
1202889,705553,101376,2022-09-29,Private,4082.92,3692.76,390.16,Approved
1202890,702441,101371,2024-04-17,Uninsured,1864.46,1624.29,240.17,Approved
1202891,704189,101694,2022-06-02,Medicare,1945.49,1596.45,349.04,Pending
1202892,700034,102139,2023-06-20,Uninsured,2464.42,1396.97,1067.45,Partially Approved
1202893,704897,102412,2021-05-08,Private,1068.57,647.38,421.19,Approved
1202894,704887,100160,2022-02-10,Private,8170.96,6304.25,1866.71,Partially Approved
1202895,700656,100701,2025-12-03,Private,5434.73,4051.43,1383.3,Approved
1202896,700757,102459,2023-05-28,Private,1837.22,1539.63,297.59,Approved
1202897,702609,100570,2024-02-15,Private,7049.86,5382.97,1666.89,Approved
1202898,703701,100490,2025-05-06,Medicaid,1681.63,1398.98,282.65,Approved
1202899,703860,100791,2022-12-20,Medicaid,2304.88,2008.21,296.67,Approved
1202900,701962,102285,2022-01-20,Private,4206.28,2503.49,1702.79,Approved
1202901,701484,100736,2023-01-06,Private,1482.55,967.39,1482.55,Denied
1202902,703729,102142,2022-02-17,Medicare,2355.14,1680.77,674.37,Approved
1202903,704051,100897,2024-01-25,Medicare,872.81,797.27,75.54,Partially Approved
1202904,702559,100311,2022-03-27,Private,3425.84,2880.7,545.14,Approved
1202905,700781,102293,2023-04-25,Private,1833.17,1507.87,325.3,Approved
1202906,702402,102391,2022-12-01,Private,2534.49,1673.43,861.06,Approved
1202907,701162,101029,2021-08-26,Medicare,2451.79,1962.68,489.11,Approved
1202908,705701,101990,2025-01-16,Private,419.49,389.09,419.49,Denied
1202909,703910,102176,2025-12-01,Medicare,2066.59,1706.71,359.88,Approved
1202910,704804,102457,2023-07-19,Private,2522.74,1514.3,1008.44,Approved
1202911,704904,100446,2024-10-04,Medicare,4047.84,2941.17,1106.67,Partially Approved
1202912,705423,100014,2025-05-30,Medicaid,3481.29,2050.14,1431.15,Partially Approved
1202913,705655,100925,2021-07-17,Private,6220.43,4488.12,1732.31,Approved
1202914,700327,100790,2024-08-21,Private,5622.61,3462.02,2160.59,Pending
1202915,702516,101611,2022-05-07,Medicare,2839.9,2153.03,686.87,Approved
1202916,700953,101593,2024-01-22,Medicaid,853.34,786.37,66.97,Approved
1202917,703028,100601,2023-03-10,Private,2023.81,1333.67,690.14,Approved
1202918,700246,102044,2022-07-16,Medicare,755.7,635.31,755.7,Denied
1202919,705287,100720,2022-11-27,Medicare,3996.74,3153.86,3996.74,Denied
1202920,701343,101362,2023-07-15,Private,1180.33,762.54,417.79,Approved
1202921,702254,102052,2021-04-07,Private,5813.03,5452.89,360.14,Approved
1202922,700703,101421,2024-07-10,Private,2071.34,1287.11,784.23,Partially Approved
1202923,705426,101306,2023-04-17,Private,5133.39,3914.85,1218.54,Approved
1202924,703056,102456,2025-05-24,Private,5278.66,5008.61,270.05,Approved
1202925,704108,101393,2021-01-05,Private,5137.42,3140.3,1997.12,Approved
1202926,704772,100245,2023-07-21,Medicare,1388.59,780.41,608.18,Approved
1202927,704333,102474,2023-12-04,Private,3491.18,2502.98,988.2,Partially Approved
1202928,702153,101176,2023-09-03,Medicaid,2359.65,1901.29,458.36,Pending
1202929,704053,101850,2024-10-27,Medicare,2286.73,1834.75,451.98,Approved
1202930,701497,100425,2021-04-29,Private,1400.91,886.61,514.3,Approved
1202931,702583,101686,2025-05-17,Private,2388.46,1913.26,475.2,Approved
1202932,701578,100652,2021-03-04,Medicaid,3779.96,3365.47,414.49,Approved
1202933,705105,100326,2022-10-30,Medicaid,4931.9,3277.73,1654.17,Partially Approved
1202934,701995,102332,2023-11-01,Medicare,1896.39,1071.72,824.67,Approved
1202935,703561,102348,2023-05-05,Private,1551.24,1504.62,46.62,Approved
1202936,700740,101358,2023-06-10,Private,1313.02,1026.51,286.51,Approved
1202937,706339,101739,2023-09-21,Private,3091.4,1971.0,1120.4,Approved
1202938,700089,101673,2024-07-16,Medicare,1673.75,1368.77,304.98,Approved
1202939,706422,101476,2025-12-04,Medicaid,1019.94,692.07,327.87,Approved
1202940,701133,101761,2023-10-29,Medicaid,2261.28,2086.34,174.94,Approved
1202941,703371,101457,2022-05-14,Medicaid,3252.11,1960.32,1291.79,Approved
1202942,700319,101297,2021-08-27,Medicare,2991.45,2865.46,125.99,Approved
1202943,704084,102075,2025-06-17,Private,2904.72,2723.72,181.0,Approved
1202944,700309,100774,2021-09-22,Medicaid,6024.59,4849.04,1175.55,Approved
1202945,705043,102155,2022-12-13,Medicare,118.16,87.84,30.32,Approved
1202946,704728,100726,2022-10-09,Private,2368.69,1365.17,1003.52,Approved
1202947,701805,102326,2021-06-06,Medicaid,1259.19,821.2,437.99,Approved
1202948,704865,101329,2021-07-30,Medicaid,1554.88,1059.61,1554.88,Denied
1202949,701730,101254,2024-10-29,Medicaid,2614.27,1506.75,1107.52,Approved
1202950,703891,102331,2021-06-11,Medicaid,2757.52,1985.08,772.44,Approved
1202951,700622,101921,2025-08-22,Medicare,966.9,677.5,289.4,Approved
1202952,702232,100172,2025-03-25,Private,883.85,615.34,268.51,Approved
1202953,701594,100857,2025-07-06,Private,1694.38,1250.53,443.85,Approved
1202954,701433,102084,2024-11-26,Private,1488.18,1053.24,434.94,Approved
1202955,706125,100266,2024-12-17,Private,1272.61,1060.92,211.69,Pending
1202956,700087,102293,2023-08-18,Private,4025.44,3371.67,653.77,Approved
1202957,700039,100623,2024-05-07,Medicare,854.83,772.35,854.83,Denied
1202958,701995,100852,2025-07-15,Private,10924.77,9669.39,1255.38,Approved
1202959,701970,100076,2023-12-09,Private,6340.13,4917.26,1422.87,Approved
1202960,701428,101701,2021-10-31,Private,1520.45,1097.58,422.87,Approved
1202961,703103,100016,2023-09-02,Private,2385.77,1859.55,2385.77,Denied
1202962,706347,101812,2023-08-15,Medicaid,3524.61,3152.41,372.2,Partially Approved
1202963,703347,101660,2022-07-04,Private,3278.06,1926.8,1351.26,Partially Approved
1202964,700730,101221,2025-10-29,Medicaid,3213.06,1832.37,1380.69,Approved
1202965,704722,100114,2024-05-19,Private,1172.07,674.04,498.03,Approved
1202966,700388,101756,2024-02-11,Medicaid,934.92,579.28,934.92,Denied
1202967,705371,101538,2021-03-20,Private,3824.19,2224.23,1599.96,Approved
1202968,706413,101640,2021-10-29,Private,1314.63,1225.58,89.05,Approved
1202969,701430,100966,2023-02-24,Uninsured,6750.48,3911.86,2838.62,Approved
1202970,704784,102296,2025-09-11,Private,3479.57,2293.91,1185.66,Approved
1202971,704880,102060,2021-12-28,Private,3908.18,3746.39,161.79,Approved
1202972,705363,100483,2021-04-26,Private,719.26,672.73,46.53,Partially Approved
1202973,701836,101849,2023-09-06,Private,2129.71,1785.47,2129.71,Denied
1202974,701089,100384,2024-09-18,Medicare,2236.98,1676.8,560.18,Pending
1202975,706232,101982,2025-07-28,Medicare,4287.46,3222.59,4287.46,Denied
1202976,700678,101065,2022-07-16,Medicare,3086.12,1787.92,1298.2,Approved
1202977,706483,100454,2023-09-06,Medicaid,7432.07,7078.3,353.77,Approved
1202978,705923,100325,2023-03-02,Medicaid,1178.41,758.61,419.8,Partially Approved
1202979,700575,101470,2021-10-07,Private,1199.52,720.65,478.87,Approved
1202980,703345,100216,2024-08-21,Medicaid,1547.76,1042.47,505.29,Approved
1202981,704256,101016,2024-05-21,Medicaid,711.94,505.48,206.46,Approved
1202982,703637,100805,2023-10-12,Medicare,1504.66,1401.21,103.45,Partially Approved
1202983,702343,101495,2025-06-12,Medicaid,4900.24,2738.11,2162.13,Approved
1202984,703516,100812,2025-07-07,Private,8893.32,8054.22,839.1,Pending
1202985,703803,100999,2021-12-20,Private,3786.38,2919.11,867.27,Approved
1202986,701872,101495,2022-02-02,Private,3922.14,3088.15,833.99,Approved
1202987,704020,102336,2023-09-18,Private,2475.68,2168.59,307.09,Approved
1202988,701371,100541,2023-11-05,Private,797.97,738.94,59.03,Approved
1202989,706001,102025,2022-04-09,Private,2004.98,1360.85,644.13,Approved
1202990,703729,102500,2025-09-11,Medicaid,716.12,409.19,306.93,Partially Approved
1202991,704673,101056,2021-06-17,Private,4936.65,3967.51,969.14,Approved
1202992,702728,101727,2021-12-10,Private,4683.84,3767.73,916.11,Approved
1202993,702933,101869,2023-03-10,Private,5423.32,3907.32,1516.0,Approved
1202994,703295,101515,2022-09-28,Private,2640.11,1547.55,1092.56,Approved
1202995,704012,102169,2021-07-14,Medicare,10705.75,6542.17,4163.58,Approved
1202996,701669,101505,2021-06-29,Medicaid,2561.11,2161.35,399.76,Approved
1202997,700972,100775,2023-09-22,Private,2113.29,1268.89,844.4,Approved
1202998,702729,100616,2022-01-30,Medicare,10650.32,6744.73,3905.59,Approved
1202999,700642,100184,2023-07-20,Private,3654.83,2685.81,969.02,Approved
1203000,700697,102306,2021-02-24,Medicaid,973.55,638.33,335.22,Approved
1203001,701114,100964,2022-04-21,Private,2868.65,1868.14,1000.51,Partially Approved
1203002,701050,100684,2022-10-11,Private,2196.9,2136.86,60.04,Approved
1203003,700346,100052,2023-06-23,Medicaid,8932.53,7081.01,1851.52,Approved
1203004,704264,100936,2021-10-19,Private,2796.99,2350.98,446.01,Approved
1203005,702324,102298,2024-10-31,Medicare,4352.44,3362.42,990.02,Partially Approved
1203006,701694,102149,2025-08-01,Private,3435.89,3176.15,259.74,Approved
1203007,703007,101399,2025-05-28,Private,23050.48,18950.47,4100.01,Approved
1203008,700606,101170,2025-11-17,Medicare,2740.3,2113.24,627.06,Approved
1203009,702047,101548,2021-02-17,Medicare,4414.69,2810.21,1604.48,Approved
1203010,703660,101812,2023-03-22,Medicaid,6182.7,4932.09,1250.61,Approved
1203011,706199,101665,2021-12-03,Private,2353.69,1573.05,780.64,Approved
1203012,703259,100332,2024-10-13,Private,513.24,382.2,131.04,Pending
1203013,702514,101836,2022-04-05,Medicaid,1965.22,1324.86,640.36,Approved
1203014,701738,101110,2022-05-28,Medicare,646.72,481.97,164.75,Approved
1203015,704802,102243,2023-03-30,Private,2373.66,1550.42,823.24,Approved
1203016,705391,100181,2022-03-19,Medicaid,2713.11,1876.83,836.28,Partially Approved
1203017,705524,100155,2024-10-11,Medicare,1699.15,1374.03,325.12,Approved
1203018,702392,100821,2022-07-16,Medicare,3352.92,3238.93,113.99,Approved
1203019,701785,101799,2024-04-08,Private,1765.27,1441.47,323.8,Approved
1203020,704860,100779,2021-11-13,Private,1988.08,1947.2,40.88,Pending
1203021,703157,100214,2022-06-07,Medicare,5442.7,3733.99,1708.71,Approved
1203022,701100,101658,2022-02-06,Medicaid,1354.22,1079.51,1354.22,Denied
1203023,703970,102103,2023-10-30,Medicare,2759.08,2282.65,476.43,Approved
1203024,703809,101438,2025-04-02,Medicare,1806.92,1078.74,728.18,Approved
1203025,705903,100185,2023-12-03,Medicaid,1106.5,640.83,465.67,Approved
1203026,704483,100407,2023-11-30,Medicare,5890.82,4288.85,1601.97,Approved
1203027,704322,100225,2021-10-02,Medicaid,2207.87,1522.24,685.63,Approved
1203028,703284,102086,2025-08-31,Medicare,1838.54,1442.77,395.77,Partially Approved
1203029,700720,101125,2021-06-21,Private,1013.04,686.27,326.77,Approved
1203030,700474,100929,2021-05-07,Private,2013.52,1894.48,119.04,Pending
1203031,703323,102480,2021-10-27,Private,2071.69,1345.61,726.08,Approved
1203032,703346,101236,2024-08-16,Private,2627.49,2334.22,293.27,Approved
1203033,704842,100113,2024-11-04,Private,6056.54,5834.57,221.97,Pending
1203034,701532,100589,2021-10-19,Private,2286.65,2180.12,106.53,Approved
1203035,701073,101468,2021-10-30,Private,2601.38,2483.65,117.73,Approved
1203036,701075,101333,2022-03-24,Medicaid,2249.69,1930.78,318.91,Approved
1203037,704718,102425,2021-10-18,Medicaid,2487.99,1572.58,915.41,Approved
1203038,703077,100553,2021-07-22,Private,1501.63,1439.28,1501.63,Denied
1203039,702083,102447,2024-01-12,Medicare,5161.44,3328.04,1833.4,Partially Approved
1203040,705410,100487,2023-01-26,Private,2191.24,2142.32,48.92,Approved
1203041,705029,101566,2025-03-20,Medicaid,8490.86,8162.47,8490.86,Denied
1203042,702815,101882,2024-06-26,Medicare,1038.04,721.92,316.12,Partially Approved
1203043,703943,102416,2025-01-31,Medicaid,3070.91,2401.94,668.97,Partially Approved
1203044,704486,101344,2021-01-03,Medicaid,8991.56,5283.53,3708.03,Pending
1203045,704245,100974,2024-10-14,Uninsured,4819.19,2955.41,1863.78,Approved
1203046,703375,102099,2021-10-08,Private,690.8,466.89,223.91,Partially Approved
1203047,703340,100051,2021-08-05,Medicaid,8347.65,8015.1,332.55,Pending
1203048,705379,101005,2023-02-01,Private,725.81,633.12,92.69,Approved
1203049,702157,100406,2023-07-18,Medicaid,7622.33,4453.85,3168.48,Approved
1203050,706373,102449,2021-01-06,Private,1421.31,1106.63,314.68,Approved
1203051,700295,102248,2024-08-19,Private,2094.67,1452.87,641.8,Approved
1203052,704843,102098,2021-09-10,Medicaid,191.9,117.05,74.85,Partially Approved
1203053,700887,102416,2021-01-22,Private,3461.74,1920.83,1540.91,Pending
1203054,703076,101822,2021-04-19,Medicaid,1240.51,1115.04,125.47,Approved
1203055,705990,100870,2025-02-03,Medicaid,6813.08,4695.2,2117.88,Approved
1203056,700876,100192,2022-06-13,Private,1208.59,765.18,443.41,Partially Approved
1203057,704963,100154,2025-01-25,Medicaid,5229.58,3116.41,2113.17,Partially Approved
1203058,701496,100022,2021-12-29,Private,3126.23,2200.65,925.58,Approved
1203059,705828,101366,2021-11-08,Medicare,4388.29,4077.76,310.53,Approved
1203060,705294,101599,2021-11-11,Private,28320.88,19942.34,8378.54,Approved
1203061,703130,102350,2021-06-04,Medicare,2830.37,1703.1,1127.27,Partially Approved
1203062,700252,102257,2022-07-13,Private,3515.79,2100.38,1415.41,Pending
1203063,702453,102435,2025-01-23,Medicare,1813.14,1467.4,345.74,Approved
1203064,701486,101600,2023-08-29,Medicaid,1307.49,870.79,436.7,Partially Approved
1203065,700827,100014,2022-12-31,Private,1481.52,903.05,578.47,Approved
1203066,700106,102248,2021-05-18,Private,1086.35,865.24,221.11,Pending
1203067,700989,101934,2022-01-09,Uninsured,2604.78,2501.38,103.4,Approved
1203068,704150,102084,2021-06-03,Medicaid,2971.49,2164.17,807.32,Approved
1203069,703486,100816,2023-04-17,Private,2343.2,1883.21,459.99,Approved
1203070,703235,101138,2024-10-08,Private,1513.89,878.48,635.41,Approved
1203071,702209,102112,2023-08-22,Medicaid,771.75,573.69,198.06,Approved
1203072,704875,102187,2025-02-14,Medicaid,5486.75,4753.6,733.15,Partially Approved
1203073,704355,100169,2025-08-09,Medicare,2568.32,1631.82,936.5,Approved
1203074,700410,101438,2021-04-02,Medicare,2937.96,2067.88,870.08,Approved
1203075,701205,101701,2022-09-22,Private,3135.5,2624.48,511.02,Partially Approved
1203076,700189,101986,2022-12-19,Private,1122.51,863.74,258.77,Partially Approved
1203077,704316,102081,2021-09-08,Medicaid,1329.86,1119.6,210.26,Approved
1203078,703780,102294,2025-05-15,Medicaid,2129.87,1279.55,850.32,Approved
1203079,702174,102314,2021-07-30,Medicaid,4737.14,4027.85,709.29,Pending
1203080,700500,102266,2021-12-24,Private,6600.79,4052.07,6600.79,Denied
1203081,704404,102102,2021-04-09,Private,1681.95,1535.48,146.47,Approved
1203082,705291,101900,2025-03-19,Private,8047.34,7565.14,482.2,Approved
1203083,701620,101650,2023-11-11,Private,5395.33,5032.59,362.74,Partially Approved
1203084,701261,100086,2023-12-18,Private,3290.76,1989.37,1301.39,Approved
1203085,706045,102423,2021-06-13,Private,3166.43,2420.9,745.53,Approved
1203086,703897,102207,2025-05-13,Medicaid,6816.42,3853.94,2962.48,Partially Approved
1203087,701958,100597,2025-08-22,Uninsured,3648.93,3334.57,314.36,Approved
1203088,701578,101587,2024-11-21,Medicaid,1834.24,1064.87,1834.24,Denied
1203089,701546,100712,2022-12-15,Private,776.67,748.37,28.3,Approved
1203090,702002,100540,2023-08-23,Medicaid,2685.15,1739.74,945.41,Approved
1203091,701080,102188,2023-03-27,Private,4515.36,3104.24,1411.12,Approved
1203092,705918,100035,2024-12-15,Private,2681.37,2223.48,457.89,Approved
1203093,703158,102427,2025-08-19,Private,4677.16,3472.75,1204.41,Approved
1203094,700632,101998,2024-01-15,Private,3162.07,2114.72,1047.35,Approved
1203095,706335,100125,2023-09-29,Medicare,1408.16,1109.41,298.75,Approved
1203096,700574,101036,2022-09-08,Medicaid,1341.17,1175.76,165.41,Partially Approved
1203097,705377,101779,2021-08-15,Private,773.96,464.69,309.27,Approved
1203098,702750,100909,2024-01-01,Private,1979.22,1817.75,161.47,Approved
1203099,701583,100177,2025-05-25,Medicaid,2129.53,1759.45,370.08,Approved
1203100,704522,100033,2022-04-30,Medicare,3560.99,2154.0,1406.99,Approved
1203101,702606,100549,2024-11-04,Private,2345.64,1969.33,376.31,Approved
1203102,705413,100829,2021-09-23,Medicare,5044.37,4568.17,476.2,Approved
1203103,705546,100657,2021-04-13,Private,1484.05,1340.84,143.21,Approved
1203104,705517,101535,2025-05-21,Medicaid,2604.33,2070.82,533.51,Partially Approved
1203105,703947,100593,2022-10-16,Uninsured,2237.26,1422.43,814.83,Approved
1203106,700679,100090,2021-06-21,Medicare,3727.09,2477.35,1249.74,Pending
1203107,704200,102348,2024-02-05,Medicaid,4924.43,4512.55,411.88,Approved
1203108,702994,101933,2023-02-27,Medicaid,5503.87,4877.51,626.36,Approved
1203109,702203,100998,2024-09-30,Private,3789.27,2428.65,1360.62,Approved
1203110,700957,100348,2023-07-22,Private,841.76,751.11,90.65,Approved
1203111,704187,101125,2025-02-22,Medicare,2744.14,1771.54,972.6,Approved
1203112,702936,100984,2021-11-13,Medicare,2969.25,2087.04,882.21,Approved
1203113,701812,100084,2025-12-27,Private,4482.22,3714.47,767.75,Approved
1203114,704547,102424,2024-04-13,Private,2860.72,2613.64,247.08,Approved
1203115,703968,102147,2025-07-08,Private,1921.96,1575.55,346.41,Approved
1203116,704450,101638,2024-06-23,Medicare,4889.01,3724.56,1164.45,Partially Approved
1203117,703670,102163,2022-09-20,Private,510.08,360.73,149.35,Approved
1203118,703445,101674,2025-04-12,Private,2921.52,2074.09,847.43,Approved
1203119,705540,100967,2025-06-14,Medicare,5552.03,4621.84,930.19,Approved
1203120,701954,100082,2021-08-21,Private,1140.21,933.79,206.42,Partially Approved
1203121,701752,102337,2025-12-05,Medicaid,2296.62,2028.02,268.6,Approved
1203122,703584,101517,2023-10-30,Medicare,8573.11,5016.26,3556.85,Partially Approved
1203123,703041,100715,2024-04-30,Medicare,12612.71,11453.88,1158.83,Partially Approved
1203124,702162,100172,2023-03-26,Private,1406.21,860.53,545.68,Approved
1203125,702074,101704,2024-05-13,Private,1041.99,707.34,334.65,Approved
1203126,705712,102353,2025-09-30,Medicaid,3013.55,2031.33,982.22,Approved
1203127,706413,102008,2025-01-22,Medicare,1873.2,1817.84,1873.2,Denied
1203128,703866,100756,2023-12-15,Private,4007.88,3718.84,289.04,Approved
1203129,704858,100907,2023-02-19,Private,720.38,532.4,187.98,Approved
1203130,701860,100240,2025-07-05,Medicaid,4676.84,2927.98,1748.86,Partially Approved
1203131,704024,101147,2022-02-25,Medicaid,10235.02,6463.76,3771.26,Approved
1203132,704994,101603,2022-02-15,Medicaid,2705.66,2632.07,73.59,Approved
1203133,701546,102215,2021-07-20,Private,1598.57,1417.46,181.11,Partially Approved
1203134,704170,100860,2025-11-02,Private,1455.9,1034.57,421.33,Approved
1203135,700084,101151,2025-05-16,Private,1069.27,664.82,404.45,Partially Approved
1203136,700788,101204,2024-05-09,Private,2496.14,2371.04,125.1,Approved
1203137,704188,100383,2021-06-09,Medicaid,1665.69,1156.08,509.61,Pending
1203138,706019,102335,2021-07-08,Private,1328.55,1195.36,133.19,Approved
1203139,705951,100356,2023-06-11,Medicaid,2894.65,2172.92,2894.65,Denied
1203140,701795,101505,2024-12-02,Medicaid,5575.98,5167.78,408.2,Partially Approved
1203141,704328,100799,2025-08-18,Uninsured,887.58,852.41,35.17,Approved
1203142,705633,101986,2021-04-28,Medicaid,3156.97,2298.45,858.52,Approved
1203143,703790,102498,2025-01-02,Private,2299.4,2207.04,92.36,Partially Approved
1203144,704933,100293,2023-04-11,Medicare,1944.45,1889.71,54.74,Approved
1203145,704505,100996,2021-10-14,Private,1696.65,1529.78,166.87,Partially Approved
1203146,700502,102408,2021-11-08,Private,1957.06,1225.91,731.15,Pending
1203147,703129,101891,2022-12-09,Private,463.69,448.91,14.78,Approved
1203148,703093,100137,2022-05-08,Private,750.81,628.65,122.16,Approved
1203149,705003,100236,2025-12-20,Medicaid,994.63,834.52,160.11,Approved
1203150,705718,101670,2025-10-02,Private,1342.34,930.36,411.98,Approved
1203151,703659,102114,2023-09-28,Private,11504.3,10185.7,1318.6,Approved
1203152,702956,100783,2021-07-09,Medicaid,3009.5,2179.3,830.2,Approved
1203153,701444,100701,2021-06-25,Medicaid,2322.53,2260.91,61.62,Approved
1203154,702783,101342,2024-04-03,Medicaid,2123.85,1323.16,800.69,Partially Approved
1203155,705989,100976,2022-10-09,Medicare,4597.76,2566.08,2031.68,Pending
1203156,701288,100129,2022-01-25,Private,3672.31,2292.62,1379.69,Approved
1203157,701445,100694,2024-05-06,Medicare,1161.68,1090.02,71.66,Approved
1203158,700910,101486,2024-02-16,Private,4539.07,3818.38,720.69,Partially Approved
1203159,704642,101075,2025-08-17,Medicare,1366.59,1032.92,333.67,Approved
1203160,700759,102259,2024-03-06,Medicaid,1379.49,1338.74,40.75,Approved
1203161,701142,100187,2025-10-25,Private,1810.91,1227.24,583.67,Approved
1203162,704860,100871,2024-12-01,Private,1536.23,857.86,678.37,Approved
1203163,700334,100844,2024-12-17,Medicare,1352.19,977.13,375.06,Partially Approved
1203164,700840,101495,2025-02-11,Private,9475.67,5957.51,3518.16,Partially Approved
1203165,705960,100815,2021-11-29,Medicare,22769.77,20672.37,22769.77,Denied
1203166,700042,102498,2021-12-16,Medicare,7933.63,4719.47,3214.16,Partially Approved
1203167,701012,100982,2024-05-23,Medicaid,1080.79,785.92,294.87,Approved
1203168,703338,101231,2022-11-25,Private,858.73,541.66,317.07,Approved
1203169,702173,101268,2023-01-25,Uninsured,9431.92,5210.61,4221.31,Partially Approved
1203170,701834,100767,2021-12-19,Private,2240.16,1538.33,701.83,Pending
1203171,703355,101151,2024-03-01,Private,2762.4,2605.87,156.53,Partially Approved
1203172,702499,101452,2021-01-22,Medicaid,3017.31,1874.02,1143.29,Approved
1203173,705112,101091,2025-01-31,Private,1460.87,1100.17,360.7,Approved
1203174,701816,102309,2023-05-05,Medicaid,1558.03,938.45,619.58,Approved
1203175,704308,100667,2025-12-11,Medicaid,1901.48,1692.93,208.55,Partially Approved
1203176,704678,101880,2021-06-27,Medicare,3218.15,3047.63,3218.15,Denied
1203177,704766,100674,2024-03-10,Private,3040.58,2232.83,807.75,Partially Approved
1203178,704205,102103,2025-10-23,Uninsured,3142.7,1871.98,1270.72,Approved
1203179,705866,101582,2021-03-05,Medicaid,2541.81,2194.29,347.52,Approved
1203180,703903,100322,2025-10-16,Medicare,1549.38,1296.33,253.05,Approved
1203181,700721,100048,2022-07-30,Medicare,5971.94,5730.99,5971.94,Denied
1203182,705340,100221,2021-06-12,Private,1842.62,1570.3,272.32,Approved
1203183,700729,101832,2021-11-02,Private,487.98,345.99,141.99,Approved
1203184,704498,100647,2021-12-14,Medicaid,1700.07,1427.48,272.59,Approved
1203185,703173,101158,2025-09-12,Medicare,4876.0,3321.44,1554.56,Approved
1203186,704508,100782,2022-07-20,Medicare,5502.91,4248.52,1254.39,Approved
1203187,702952,101106,2023-08-25,Private,3959.37,2558.99,1400.38,Approved
1203188,703875,100467,2021-09-27,Private,7772.47,4940.54,2831.93,Approved
1203189,704492,101538,2022-06-09,Private,5035.93,4245.4,790.53,Approved
1203190,703531,100314,2021-06-10,Private,2587.06,2271.12,315.94,Partially Approved
1203191,702711,101941,2022-11-26,Medicare,9293.68,8380.93,912.75,Approved
1203192,701206,102044,2022-04-14,Private,630.33,448.03,182.3,Partially Approved
1203193,701354,102314,2021-12-04,Uninsured,3668.87,2787.12,881.75,Approved
1203194,700163,102005,2025-08-13,Uninsured,5883.05,3748.05,2135.0,Approved
1203195,703029,102162,2021-05-03,Medicare,1053.64,992.59,61.05,Approved
1203196,706435,100899,2024-12-14,Medicare,1251.84,865.1,386.74,Approved
1203197,704434,101800,2025-01-16,Medicaid,4823.6,3503.63,1319.97,Approved
1203198,706003,100763,2022-01-19,Medicare,2365.75,2298.88,66.87,Approved
1203199,700925,101358,2023-02-12,Private,11837.13,8476.42,3360.71,Approved
1203200,700225,100438,2024-06-23,Medicare,1551.22,890.11,661.11,Approved
1203201,704303,102041,2023-11-27,Private,3749.47,2328.91,1420.56,Approved
1203202,704877,100214,2023-07-29,Medicare,1195.8,684.12,511.68,Approved
1203203,702273,100632,2023-10-12,Medicaid,1142.75,1046.77,1142.75,Denied
1203204,704975,102169,2021-12-22,Private,3703.46,2963.4,740.06,Pending
1203205,701969,100707,2025-07-23,Private,591.63,396.19,195.44,Partially Approved
1203206,701759,101468,2022-03-17,Private,727.33,573.35,153.98,Approved
1203207,706472,102394,2022-11-30,Private,1720.89,1123.03,597.86,Approved
1203208,702481,102498,2021-01-01,Medicare,2301.37,1949.96,2301.37,Denied
1203209,706304,101578,2021-10-20,Medicaid,1711.17,1547.72,163.45,Approved
1203210,700057,101660,2024-06-25,Private,1037.1,1008.56,28.54,Approved
1203211,704027,102078,2022-08-31,Private,1110.87,967.7,143.17,Approved
1203212,706315,102361,2021-02-24,Private,1837.84,1727.33,110.51,Approved
1203213,706098,102252,2021-06-15,Medicare,2304.18,2107.37,196.81,Approved
1203214,701206,101666,2025-07-23,Private,2501.37,1488.47,1012.9,Approved
1203215,700299,101694,2023-01-04,Private,6461.35,6158.57,302.78,Approved
1203216,700436,100536,2025-06-23,Medicare,1650.49,1143.61,506.88,Approved
1203217,700332,101292,2022-12-25,Private,1356.48,1047.1,309.38,Approved
1203218,702650,101420,2022-08-07,Private,3641.03,2431.6,1209.43,Partially Approved
1203219,701262,101925,2022-05-03,Medicaid,11094.14,7419.41,3674.73,Approved
1203220,703796,101739,2024-11-17,Medicaid,1943.35,1489.5,453.85,Approved
1203221,704589,100567,2024-01-26,Private,1109.47,987.99,121.48,Partially Approved
1203222,702244,102449,2024-07-16,Private,2448.26,1799.29,2448.26,Denied
1203223,706466,101726,2023-03-08,Private,4149.96,3472.48,677.48,Approved
1203224,700161,100229,2024-07-01,Medicaid,4232.49,2516.11,1716.38,Approved
1203225,705618,100219,2021-03-06,Private,3878.05,2845.2,1032.85,Approved
1203226,700581,100984,2021-06-24,Private,2956.75,2338.4,618.35,Partially Approved
1203227,702045,101162,2023-10-15,Medicaid,1142.75,723.65,419.1,Approved
1203228,701120,102163,2023-10-01,Medicare,336.29,324.38,11.91,Approved
1203229,704741,101428,2024-07-17,Medicare,2363.36,1613.55,749.81,Partially Approved
1203230,705792,100235,2025-08-13,Medicaid,2994.32,2526.4,467.92,Approved
1203231,706184,101073,2022-08-25,Medicare,7534.97,4231.13,3303.84,Approved
1203232,700421,102478,2021-05-24,Medicaid,1044.22,731.89,312.33,Partially Approved
1203233,704654,100630,2025-10-23,Private,9191.56,7921.53,1270.03,Approved
1203234,701813,102127,2024-04-01,Medicaid,1608.44,1446.79,161.65,Approved
1203235,702624,102270,2022-07-29,Medicare,2900.14,2117.81,782.33,Approved
1203236,705654,101840,2022-01-27,Private,9399.86,6265.12,3134.74,Approved
1203237,701213,101862,2025-04-12,Medicare,2493.91,1862.78,631.13,Approved
1203238,704521,101002,2022-03-02,Private,5095.72,4329.67,766.05,Approved
1203239,703273,100789,2022-09-13,Uninsured,3128.71,1946.39,1182.32,Approved
1203240,702545,101647,2023-08-18,Medicare,6506.8,5465.36,1041.44,Approved
1203241,700086,100642,2021-09-19,Uninsured,1804.08,1499.55,1804.08,Denied
1203242,705578,101756,2023-09-24,Private,1691.64,941.68,749.96,Approved
1203243,702613,100398,2022-10-10,Private,3437.3,2998.62,438.68,Approved
1203244,704559,101116,2021-03-17,Medicaid,3352.39,3024.4,327.99,Approved
1203245,703238,100996,2021-03-04,Private,807.44,484.01,323.43,Partially Approved
1203246,705582,100340,2025-02-27,Medicare,2305.77,1961.4,344.37,Approved
1203247,703375,100935,2023-12-04,Medicaid,242.22,147.87,94.35,Approved
1203248,705177,101845,2022-01-01,Medicare,6501.14,4775.5,1725.64,Approved
1203249,703400,100964,2021-08-15,Private,4497.84,4121.71,376.13,Partially Approved
1203250,703335,102157,2022-01-07,Medicare,1292.53,1240.88,51.65,Approved
1203251,701175,100442,2022-01-03,Medicare,2035.66,1973.82,61.84,Approved
1203252,705898,101417,2022-12-14,Private,3937.79,3387.77,550.02,Approved
1203253,704686,100642,2024-03-13,Medicare,1045.52,936.24,109.28,Partially Approved
1203254,706453,100811,2022-11-04,Medicare,831.62,730.37,101.25,Approved
1203255,704638,100619,2023-04-18,Private,1807.64,1582.8,224.84,Approved
1203256,706142,100942,2022-03-08,Private,2351.18,2130.69,220.49,Approved
1203257,701382,101000,2022-11-14,Medicare,953.4,897.83,953.4,Denied
1203258,700366,101004,2021-04-10,Medicare,396.9,333.21,396.9,Denied
1203259,701590,100294,2025-09-24,Medicare,6179.1,4558.16,1620.94,Approved
1203260,705851,100212,2025-10-20,Private,2756.76,2285.67,471.09,Approved
1203261,704092,100278,2021-11-25,Private,12987.93,11302.55,1685.38,Pending
1203262,705089,101494,2022-08-31,Private,4638.21,3130.33,1507.88,Pending
1203263,701969,102456,2025-10-20,Private,1834.1,1660.44,173.66,Partially Approved
1203264,703747,100551,2025-01-20,Private,6433.86,3776.7,2657.16,Approved
1203265,703506,100133,2025-05-22,Medicare,2511.55,1687.35,824.2,Approved
1203266,701878,101216,2025-01-30,Private,1543.05,1064.91,478.14,Approved
1203267,704602,100028,2025-06-30,Private,3499.74,3003.5,496.24,Approved
1203268,700896,102013,2023-04-18,Medicaid,1208.48,1061.9,146.58,Approved
1203269,704410,100556,2025-09-07,Medicaid,3945.87,3546.66,399.21,Pending
1203270,702465,101431,2022-12-31,Private,1594.88,1209.88,385.0,Approved
1203271,702112,100820,2021-04-20,Private,3376.18,1869.87,1506.31,Approved
1203272,705102,100702,2021-04-03,Medicaid,1332.59,964.09,368.5,Approved
1203273,702202,102402,2024-03-27,Medicare,5210.94,3470.42,1740.52,Approved
1203274,700967,100129,2023-08-14,Uninsured,1068.62,958.71,109.91,Partially Approved
1203275,705468,102495,2022-12-14,Private,3396.98,2531.56,865.42,Approved
1203276,705618,101799,2025-03-02,Medicare,10450.5,6588.09,3862.41,Approved
1203277,702175,102429,2022-04-01,Private,4420.91,4191.0,229.91,Partially Approved
1203278,700772,102006,2021-02-01,Private,1769.33,1640.14,129.19,Partially Approved
1203279,705210,101131,2021-08-28,Private,888.45,693.74,194.71,Pending
1203280,705037,101526,2024-12-27,Private,1063.3,1021.85,41.45,Approved
1203281,704171,100445,2022-03-10,Private,3510.35,1931.86,1578.49,Approved
1203282,702794,100536,2022-12-24,Medicaid,3554.88,2062.84,1492.04,Partially Approved
1203283,703796,101550,2022-10-20,Medicaid,1944.47,1500.02,444.45,Approved
1203284,702312,101980,2022-03-17,Medicare,5464.85,5267.12,197.73,Approved
1203285,706397,101210,2025-08-01,Private,3070.42,2005.94,1064.48,Approved
1203286,703330,102035,2025-08-05,Private,402.75,338.08,64.67,Approved
1203287,700812,102449,2021-10-18,Medicare,1794.82,1051.44,743.38,Approved
1203288,701614,102451,2024-10-20,Medicare,5087.81,3334.39,1753.42,Partially Approved
1203289,703578,102104,2024-01-26,Medicare,821.06,615.51,205.55,Partially Approved
1203290,703742,100744,2024-03-31,Medicare,5657.65,3975.56,1682.09,Approved
1203291,703307,101763,2025-02-12,Private,1102.26,894.94,207.32,Partially Approved
1203292,704416,102011,2023-01-02,Medicaid,937.48,783.81,153.67,Partially Approved
1203293,701714,100286,2023-01-28,Private,1560.24,1379.47,180.77,Approved
1203294,705898,100595,2024-07-14,Medicare,3308.5,2703.49,605.01,Approved
1203295,706164,101406,2022-06-01,Medicare,2035.02,1659.5,375.52,Partially Approved
1203296,700524,101322,2022-02-01,Medicare,5057.81,4243.81,814.0,Approved
1203297,703620,100214,2025-04-09,Private,6243.93,5745.42,498.51,Pending
1203298,704452,100972,2025-01-29,Private,2804.55,2364.76,439.79,Approved
1203299,701410,101589,2025-07-04,Medicaid,1491.21,1423.04,68.17,Approved
1203300,703127,102271,2022-03-03,Medicaid,5782.35,4501.83,1280.52,Partially Approved
1203301,702803,101973,2022-10-16,Private,2321.74,1999.68,322.06,Approved
1203302,700847,100712,2025-11-05,Private,1604.24,1446.51,157.73,Approved
1203303,705226,101380,2022-01-06,Private,2230.01,2154.53,75.48,Pending
1203304,704451,102034,2023-07-15,Medicaid,6039.99,4647.05,1392.94,Approved
1203305,704939,100759,2024-02-21,Medicare,1813.24,1043.82,769.42,Approved
1203306,706349,101128,2022-11-24,Medicare,1792.57,1235.71,1792.57,Denied
1203307,706333,102115,2022-08-04,Medicaid,2899.44,2499.33,400.11,Partially Approved
1203308,705101,100750,2021-05-02,Medicaid,1362.47,810.64,551.83,Approved
1203309,702300,100344,2021-03-17,Medicare,3802.37,2928.19,874.18,Approved
1203310,703303,101088,2024-11-18,Medicare,7866.35,6077.56,1788.79,Approved
1203311,705421,100606,2022-05-05,Private,623.42,429.74,193.68,Approved
1203312,700211,101664,2023-04-23,Medicaid,2668.82,2481.03,187.79,Approved
1203313,702091,102199,2024-04-07,Private,1657.8,973.26,684.54,Approved
1203314,701932,102230,2021-07-22,Private,367.59,251.02,116.57,Approved
1203315,706375,101531,2025-09-12,Medicare,2429.65,2020.42,2429.65,Denied
1203316,701553,100010,2022-07-16,Private,1425.36,1295.2,130.16,Approved
1203317,701798,101554,2022-09-26,Medicaid,3822.31,2768.28,1054.03,Approved
1203318,701782,100707,2023-03-31,Medicare,1276.02,951.39,324.63,Approved
1203319,700338,100710,2025-01-17,Medicaid,3086.08,2635.42,450.66,Approved
1203320,702858,100905,2023-04-07,Private,2821.09,2664.23,156.86,Approved
1203321,700521,101963,2025-12-29,Medicaid,2669.62,1845.68,823.94,Approved
1203322,700237,101246,2025-08-31,Private,1052.0,973.63,1052.0,Denied
1203323,704617,100634,2022-05-11,Medicare,896.47,778.32,896.47,Denied
1203324,704110,102475,2022-11-19,Private,4311.66,3291.02,1020.64,Approved
1203325,702402,100753,2024-08-06,Uninsured,3135.09,2545.5,3135.09,Denied
1203326,706368,100909,2022-06-06,Medicaid,1746.1,1382.9,363.2,Approved
1203327,704216,102257,2024-05-28,Uninsured,1991.07,1166.89,824.18,Approved
1203328,704748,102121,2024-03-24,Medicare,1285.61,1011.76,273.85,Approved
1203329,702252,100469,2023-04-28,Private,22606.61,14485.56,8121.05,Approved
1203330,704351,100402,2025-06-22,Private,1969.77,1776.52,193.25,Approved
1203331,700202,101032,2023-02-07,Medicare,2664.72,2036.32,628.4,Partially Approved
1203332,703455,100310,2021-01-12,Medicare,1712.18,1422.08,290.1,Pending
1203333,705244,100252,2023-03-31,Medicaid,11585.47,8269.72,3315.75,Approved
1203334,705987,101258,2022-06-26,Private,4864.22,4081.5,782.72,Approved
1203335,706177,101956,2023-12-02,Private,2610.74,1779.79,830.95,Approved
1203336,700370,101432,2023-10-04,Private,3760.28,2180.26,1580.02,Partially Approved
1203337,703926,100592,2022-09-02,Private,1469.5,1024.85,444.65,Pending
1203338,705581,101334,2024-03-06,Private,1354.93,920.57,434.36,Approved
1203339,703453,100616,2021-06-05,Medicaid,1807.83,1188.78,619.05,Pending
1203340,706217,101683,2023-10-14,Medicare,1714.9,1447.49,267.41,Pending
1203341,703629,101253,2024-06-17,Private,2473.91,2255.9,218.01,Approved
1203342,705128,101672,2025-04-10,Private,1321.5,747.78,573.72,Partially Approved
1203343,700117,102493,2024-06-20,Private,597.44,470.35,127.09,Approved
1203344,706075,100466,2025-09-29,Uninsured,11100.1,10490.27,609.83,Approved
1203345,700467,101334,2022-10-08,Medicaid,7043.54,4824.98,2218.56,Approved
1203346,703415,101477,2023-01-27,Medicare,2198.42,1813.62,384.8,Approved
1203347,704110,100731,2023-11-25,Medicaid,1078.18,881.74,196.44,Approved
1203348,701364,101976,2025-08-03,Private,1786.9,1621.11,165.79,Approved
1203349,705637,101742,2021-07-16,Private,799.41,675.92,123.49,Approved
1203350,704287,100038,2023-06-01,Private,10966.88,6605.23,4361.65,Approved
1203351,701861,100943,2021-10-07,Medicaid,1475.6,936.13,539.47,Partially Approved
1203352,700776,100359,2023-07-21,Private,2364.59,1731.84,632.75,Approved
1203353,705668,102198,2024-09-27,Medicaid,1313.04,1197.02,116.02,Partially Approved
1203354,702630,101399,2022-12-04,Medicaid,2150.22,1481.0,669.22,Approved
1203355,704214,102009,2021-11-13,Private,1382.34,1310.59,71.75,Approved
1203356,700747,100206,2024-11-03,Private,3439.66,2990.28,449.38,Approved
1203357,703181,100775,2022-05-10,Uninsured,1327.83,778.5,549.33,Approved
1203358,702902,100682,2021-04-16,Private,3607.68,3469.25,3607.68,Denied
1203359,701327,100744,2023-02-22,Medicare,881.59,725.54,156.05,Approved
1203360,701842,100506,2025-11-21,Private,2172.68,1321.23,2172.68,Denied
1203361,706150,102265,2021-02-05,Medicare,2986.95,2254.35,732.6,Approved
1203362,705896,100763,2023-03-07,Medicare,2994.53,1663.64,1330.89,Partially Approved
1203363,705508,100467,2024-11-18,Medicare,2371.77,1669.16,2371.77,Denied
1203364,705865,102177,2023-04-01,Medicare,363.42,207.57,155.85,Approved
1203365,704006,102127,2022-06-21,Private,6851.21,3973.51,2877.7,Approved
1203366,701527,101033,2024-07-18,Medicaid,1052.34,985.97,66.37,Approved
1203367,703065,101731,2025-06-09,Private,2820.05,1821.42,998.63,Approved
1203368,700362,100433,2022-02-28,Private,1148.42,841.68,306.74,Approved
1203369,706320,100241,2025-03-27,Private,4328.73,2769.47,1559.26,Partially Approved
1203370,701134,102425,2022-04-19,Medicaid,3818.34,2380.41,1437.93,Approved
1203371,705799,100599,2024-12-12,Private,1212.93,982.58,230.35,Approved
1203372,703354,100045,2022-08-19,Uninsured,6793.96,5643.81,1150.15,Approved
1203373,701750,101154,2022-06-01,Private,2522.17,1407.64,1114.53,Approved
1203374,705853,102308,2024-12-25,Private,1624.12,950.44,673.68,Approved
1203375,701365,101842,2023-05-09,Private,3174.83,3004.51,170.32,Partially Approved
1203376,701950,100016,2021-02-20,Private,4101.49,3876.36,225.13,Approved
1203377,704335,100812,2022-09-06,Medicare,1038.75,697.89,340.86,Partially Approved
1203378,705558,100077,2021-10-03,Private,2243.76,1502.55,741.21,Approved
1203379,701215,101777,2024-03-24,Medicaid,974.7,842.42,132.28,Pending
1203380,701792,101704,2022-09-02,Medicare,2855.18,2491.25,363.93,Approved
1203381,702917,100730,2025-07-07,Medicare,1274.13,721.44,552.69,Approved
1203382,701533,101965,2023-12-14,Medicaid,1005.54,702.91,302.63,Approved
1203383,704915,100387,2021-01-01,Private,2973.46,2071.17,902.29,Approved
1203384,703529,101831,2022-02-12,Medicaid,1335.18,1304.69,30.49,Approved
1203385,705792,102168,2021-08-29,Medicare,2523.03,1912.02,611.01,Approved
1203386,703294,101477,2021-09-19,Medicare,1216.86,998.38,218.48,Pending
1203387,704235,101192,2023-03-27,Medicare,2141.16,1188.81,952.35,Approved
1203388,705981,102008,2021-10-14,Medicaid,9061.78,8815.39,246.39,Approved
1203389,700835,101361,2024-07-13,Medicaid,1514.37,1286.36,228.01,Approved
1203390,701482,100681,2025-09-20,Medicaid,5862.8,3960.25,1902.55,Approved
1203391,706291,100980,2022-08-28,Medicaid,1288.67,811.87,476.8,Approved
1203392,702958,102328,2021-02-24,Medicaid,782.07,568.86,782.07,Denied
1203393,703511,100152,2025-02-05,Medicaid,2008.36,1837.23,171.13,Partially Approved
1203394,701208,101042,2025-05-22,Medicaid,7205.37,5596.73,1608.64,Approved
1203395,701925,100819,2025-05-25,Medicare,1858.41,1764.5,93.91,Approved
1203396,705685,101808,2022-06-21,Medicare,1779.88,1142.47,637.41,Approved
1203397,705567,101889,2022-02-11,Private,4257.17,3577.25,679.92,Approved
1203398,701921,102145,2025-09-28,Uninsured,3266.41,3160.48,105.93,Partially Approved
1203399,705578,102488,2022-01-23,Medicare,781.66,461.12,320.54,Approved
1203400,701111,101059,2025-12-12,Medicaid,7376.24,6290.89,1085.35,Approved
1203401,705967,100137,2021-11-04,Medicaid,1273.09,853.85,419.24,Pending
1203402,704122,101057,2023-04-04,Medicare,634.01,544.73,89.28,Approved
1203403,704347,102341,2024-07-28,Private,3807.93,2585.94,1221.99,Approved
1203404,700047,101377,2021-06-26,Medicare,1726.82,1677.81,49.01,Approved
1203405,705868,101335,2025-09-21,Private,1807.5,997.73,809.77,Approved
1203406,702406,101941,2021-10-14,Medicaid,2060.03,2013.44,46.59,Approved
1203407,702806,100879,2025-01-07,Private,5427.2,5143.86,283.34,Pending
1203408,703850,100499,2025-02-13,Medicare,2697.74,1668.34,1029.4,Approved
1203409,704336,101153,2024-02-06,Medicare,1146.03,1098.13,47.9,Pending
1203410,702985,100071,2022-01-08,Uninsured,7260.21,5358.25,1901.96,Pending
1203411,701000,101431,2021-03-25,Private,3317.74,2892.38,425.36,Partially Approved
1203412,702346,102375,2022-01-03,Private,1897.17,1331.29,565.88,Approved
1203413,700418,101851,2021-02-20,Private,3462.47,3235.8,226.67,Approved
1203414,701614,101619,2023-12-01,Medicaid,2154.44,1951.02,2154.44,Denied
1203415,703800,101525,2025-12-24,Uninsured,8549.57,4791.48,3758.09,Approved
1203416,703421,101033,2023-07-03,Medicaid,4351.35,4072.96,278.39,Approved
1203417,700615,102364,2021-01-30,Private,5994.88,3764.54,2230.34,Pending
1203418,702116,101962,2024-03-07,Medicare,1984.36,1186.06,798.3,Approved
1203419,704333,101264,2025-01-29,Private,1291.2,1077.8,1291.2,Denied
1203420,706005,101162,2024-08-17,Medicare,1110.61,714.08,1110.61,Denied
1203421,701459,102271,2022-11-15,Private,1483.02,1071.19,411.83,Approved
1203422,700098,102018,2024-01-05,Medicare,4559.84,2687.55,1872.29,Approved
1203423,705479,102368,2022-11-13,Private,2235.08,2068.49,166.59,Approved
1203424,703383,100071,2023-12-29,Medicare,3206.76,2289.1,917.66,Partially Approved
1203425,705007,101235,2021-02-23,Private,4054.06,2799.07,1254.99,Approved
1203426,700158,102301,2021-10-16,Private,2511.57,1926.76,584.81,Approved
1203427,700843,101062,2023-06-10,Medicaid,2606.52,1944.3,662.22,Approved
1203428,705700,102236,2024-09-27,Private,2375.21,2079.35,295.86,Approved
1203429,702897,100956,2025-08-23,Private,2176.26,1829.55,346.71,Approved
1203430,704414,101509,2024-10-25,Medicare,2365.83,1871.7,494.13,Approved
1203431,701477,100348,2025-06-11,Private,961.38,540.82,420.56,Approved
1203432,703323,102030,2024-03-22,Medicaid,6844.64,6108.37,736.27,Approved
1203433,700739,100543,2023-10-12,Medicare,824.52,647.41,177.11,Approved
1203434,702922,100823,2025-01-25,Medicare,880.47,520.05,360.42,Approved
1203435,704106,101712,2023-10-26,Medicaid,2325.67,1716.91,608.76,Pending
1203436,703043,102300,2024-03-08,Medicare,2378.96,1371.64,1007.32,Approved
1203437,702932,101183,2021-03-10,Medicare,4423.8,3674.59,749.21,Approved
1203438,700123,101999,2025-06-21,Private,2922.67,2368.96,553.71,Approved
1203439,705208,101010,2022-04-21,Medicare,3837.01,2400.38,1436.63,Approved
1203440,704123,101873,2022-04-13,Medicaid,1897.09,1713.67,183.42,Approved
1203441,704374,100132,2021-03-13,Medicare,1336.91,920.4,1336.91,Denied
1203442,700642,100934,2022-11-04,Private,3489.59,2774.39,715.2,Approved
1203443,703063,100144,2021-02-10,Private,3169.57,2480.86,688.71,Approved
1203444,705568,100933,2025-04-13,Private,3329.16,2552.21,776.95,Approved
1203445,704036,101835,2023-03-15,Private,2731.35,1866.44,2731.35,Denied
1203446,703667,101837,2023-11-23,Private,1676.74,1598.48,78.26,Pending
1203447,706054,100477,2023-06-05,Private,1474.53,1224.15,250.38,Partially Approved
1203448,704429,100984,2024-05-05,Private,4935.69,3122.69,1813.0,Approved
1203449,704412,100258,2022-04-06,Medicare,609.79,408.57,201.22,Approved
1203450,705885,100027,2025-10-09,Private,1701.22,1402.65,298.57,Approved
1203451,700303,102248,2025-09-23,Medicare,2261.57,1532.03,729.54,Approved
1203452,703222,102242,2024-05-11,Private,2770.06,2069.36,700.7,Approved
1203453,703164,102122,2023-07-09,Medicaid,1567.33,1270.48,296.85,Approved
1203454,702883,102464,2022-04-23,Private,400.17,279.83,120.34,Approved
1203455,700970,101370,2021-09-25,Medicare,3811.54,3532.27,279.27,Approved
1203456,700314,100088,2021-03-22,Private,3283.16,2990.98,292.18,Approved
1203457,703359,100196,2022-06-19,Medicaid,2778.84,1552.18,1226.66,Approved
1203458,702124,101423,2022-09-07,Medicare,3099.05,1832.0,1267.05,Approved
1203459,703843,100727,2024-12-07,Medicare,2959.76,2212.42,747.34,Approved
1203460,704985,101483,2022-11-19,Medicaid,1964.93,1723.26,241.67,Approved
1203461,700947,101201,2025-11-30,Medicaid,6862.48,6656.53,205.95,Approved
1203462,705182,101060,2023-11-11,Medicaid,1929.45,1079.7,849.75,Approved
1203463,703588,102290,2021-08-05,Medicare,2059.01,1600.67,458.34,Approved
1203464,701432,100648,2021-08-03,Medicaid,3265.09,2544.68,3265.09,Denied
1203465,705921,101998,2021-12-11,Private,13547.76,11554.24,1993.52,Approved
1203466,700490,102497,2024-08-14,Private,4913.38,3161.12,4913.38,Denied
1203467,705976,102146,2024-05-17,Private,1436.19,1001.99,434.2,Partially Approved
1203468,703948,102053,2022-05-30,Uninsured,4653.46,3670.03,983.43,Approved
1203469,701919,101070,2021-06-18,Medicaid,3484.73,2665.72,3484.73,Denied
1203470,700572,102471,2021-02-27,Private,1936.57,1505.04,431.53,Pending
1203471,704016,101541,2021-05-28,Private,1612.58,967.03,645.55,Partially Approved
1203472,703633,100272,2025-11-16,Private,2982.31,2763.08,2982.31,Denied
1203473,702347,100101,2023-06-25,Private,3193.12,2596.98,596.14,Approved
1203474,701626,101503,2022-08-08,Medicare,11288.89,11047.82,241.07,Approved
1203475,704678,102170,2023-01-27,Private,5893.94,3388.48,2505.46,Approved
1203476,701558,100996,2021-05-16,Medicare,1521.22,1030.45,490.77,Pending
1203477,701382,102278,2024-04-09,Medicare,593.46,485.71,107.75,Approved
1203478,704215,102363,2025-08-23,Private,9242.1,7469.66,1772.44,Partially Approved
1203479,704573,101939,2025-08-01,Private,2655.85,2353.06,302.79,Approved
1203480,701691,102437,2021-12-03,Medicare,564.53,546.4,18.13,Partially Approved
1203481,706161,101733,2025-11-21,Private,1305.66,859.61,446.05,Approved
1203482,702008,101191,2021-01-10,Uninsured,6852.9,6400.5,452.4,Approved
1203483,701345,101127,2024-04-21,Private,7057.67,5789.43,1268.24,Approved
1203484,704920,100767,2023-09-28,Medicaid,406.6,261.16,145.44,Partially Approved
1203485,703731,101803,2022-09-25,Medicaid,9561.66,6005.69,3555.97,Approved
1203486,701669,102150,2024-08-31,Uninsured,1004.75,567.84,436.91,Approved
1203487,704408,100869,2023-02-26,Private,1118.42,1082.14,36.28,Approved
1203488,700257,101882,2022-08-15,Medicaid,1964.56,1621.16,343.4,Approved
1203489,704500,102365,2023-08-07,Medicaid,2892.98,2111.18,781.8,Approved
1203490,701621,101299,2023-03-10,Private,1808.31,1065.34,742.97,Approved
1203491,700953,101607,2021-11-27,Medicare,2377.42,1494.71,882.71,Pending
1203492,702428,101701,2021-12-27,Medicaid,1160.38,1109.05,51.33,Approved
1203493,704898,101585,2023-03-21,Medicaid,1369.45,1198.65,1369.45,Denied
1203494,703909,102330,2023-05-12,Medicaid,1065.61,919.6,146.01,Approved
1203495,705356,101223,2023-08-09,Private,2035.05,1571.59,463.46,Approved
1203496,705075,102300,2021-10-10,Medicare,2308.65,2196.55,112.1,Approved
1203497,701202,101008,2024-09-26,Private,8952.05,8436.62,515.43,Approved
1203498,705454,101516,2024-03-12,Medicaid,2780.03,1860.03,920.0,Partially Approved
1203499,702665,100636,2021-04-21,Private,1759.12,1068.28,690.84,Approved
1203500,705271,102352,2022-04-13,Medicaid,4315.73,3637.55,678.18,Pending
1203501,700712,102357,2023-07-27,Medicaid,1132.1,699.87,432.23,Approved
1203502,706478,102021,2021-06-23,Medicare,2130.17,1409.7,720.47,Approved
1203503,702991,101531,2025-08-26,Private,4025.36,3213.01,812.35,Approved
1203504,704233,102016,2025-05-25,Medicare,2520.73,2185.35,335.38,Approved
1203505,706471,101988,2025-07-06,Private,1284.89,750.89,534.0,Approved
1203506,704714,100009,2023-07-02,Private,1612.08,973.08,639.0,Approved
1203507,704757,101039,2023-12-20,Private,1753.55,1663.12,90.43,Approved
1203508,700190,101050,2022-08-12,Medicare,3388.56,2289.78,1098.78,Partially Approved
1203509,701616,101275,2024-12-12,Private,888.61,754.19,888.61,Denied
1203510,702589,101105,2023-06-04,Private,1372.73,1032.35,340.38,Approved
1203511,704213,102095,2023-06-29,Private,3599.29,2546.22,3599.29,Denied
1203512,700823,102052,2024-10-16,Medicaid,3421.43,2132.57,1288.86,Approved
1203513,700418,100534,2023-04-12,Medicare,2281.57,1857.56,2281.57,Denied
1203514,705196,101610,2021-07-10,Private,1478.15,1030.9,447.25,Approved
1203515,704153,100937,2024-09-03,Medicaid,2448.77,1672.19,776.58,Approved
1203516,706444,100098,2025-04-17,Medicare,679.69,473.92,205.77,Approved
1203517,703445,100098,2022-06-21,Private,1456.0,1152.81,303.19,Partially Approved
1203518,701416,101931,2024-07-26,Medicare,3458.01,2713.5,744.51,Approved
1203519,704786,100217,2022-10-25,Medicare,1485.17,1127.14,358.03,Partially Approved
1203520,700685,101357,2022-05-03,Private,7706.15,5094.06,2612.09,Approved
1203521,705396,102439,2023-09-01,Private,4632.27,2670.88,1961.39,Approved
1203522,705463,100882,2025-03-23,Private,2048.22,1874.19,174.03,Approved
1203523,703590,102165,2024-12-12,Medicare,1003.83,978.63,25.2,Approved
1203524,702290,101729,2023-07-11,Uninsured,2634.42,2200.61,433.81,Approved
1203525,705438,102351,2022-02-02,Medicare,3142.45,1991.87,1150.58,Approved
1203526,705422,100933,2025-07-23,Private,1449.5,1046.15,403.35,Partially Approved
1203527,701464,101588,2024-06-12,Private,8037.14,6780.04,1257.1,Partially Approved
1203528,701707,101988,2024-09-29,Private,6481.45,4650.54,1830.91,Approved
1203529,702104,102131,2023-02-10,Medicaid,702.02,681.2,20.82,Approved
1203530,701253,101587,2023-05-21,Private,2164.68,1751.27,413.41,Approved
1203531,704960,101785,2021-03-10,Private,2643.28,2213.58,429.7,Approved
1203532,706012,101606,2021-08-13,Medicaid,8380.67,6776.9,1603.77,Partially Approved
1203533,702646,101056,2021-06-28,Private,2752.54,1566.62,1185.92,Partially Approved
1203534,702370,100175,2023-01-08,Private,1790.17,1040.69,749.48,Partially Approved
1203535,704689,101084,2023-10-07,Private,1148.33,767.02,381.31,Approved
1203536,706230,100477,2025-02-09,Medicaid,3457.47,3257.13,200.34,Approved
1203537,701425,100701,2024-09-11,Medicaid,2063.27,1400.49,662.78,Approved
1203538,700466,102186,2021-07-18,Private,1178.22,825.82,352.4,Approved
1203539,704122,101685,2023-09-10,Medicare,3155.21,2786.09,369.12,Approved
1203540,703654,100042,2022-06-17,Private,2299.2,2220.32,78.88,Approved
1203541,704031,102229,2023-09-09,Medicare,2024.94,1721.56,303.38,Partially Approved
1203542,705081,101063,2023-01-16,Private,827.45,808.11,19.34,Approved
1203543,700160,101231,2023-11-04,Private,22671.23,16069.17,6602.06,Approved
1203544,700807,101785,2025-06-28,Private,3088.04,1770.95,1317.09,Pending
1203545,700242,101567,2022-01-31,Private,4766.87,2887.5,1879.37,Approved
1203546,705176,101071,2021-09-17,Private,6481.62,6287.39,194.23,Approved
1203547,704658,102422,2025-03-03,Private,956.09,619.99,336.1,Approved
1203548,702298,101424,2025-06-16,Private,3021.72,2782.49,239.23,Partially Approved
1203549,701743,100298,2022-09-13,Medicare,1585.4,1326.39,259.01,Approved
1203550,703392,100196,2021-11-04,Private,2471.88,2294.62,177.26,Approved
1203551,703451,100207,2024-05-06,Medicaid,1932.68,1293.11,639.57,Approved
1203552,700766,101513,2023-05-19,Private,717.3,561.67,155.63,Pending
1203553,705359,101197,2024-08-16,Medicare,3380.53,2875.92,504.61,Approved
1203554,703461,101604,2023-01-27,Medicare,6237.85,3993.77,2244.08,Pending
1203555,704879,100718,2024-09-08,Private,1044.6,927.15,1044.6,Denied
1203556,705796,102323,2024-06-05,Private,1434.91,1354.07,80.84,Approved
1203557,705162,100460,2021-01-04,Medicaid,3401.48,2073.48,1328.0,Approved
1203558,700493,102046,2022-10-28,Medicaid,802.53,784.77,17.76,Approved
1203559,700875,101298,2025-09-08,Private,5647.27,4353.71,1293.56,Approved
1203560,701119,102148,2023-09-08,Private,999.04,771.58,227.46,Partially Approved
1203561,700372,100574,2022-02-11,Private,3563.34,3433.14,130.2,Pending
1203562,704595,100496,2023-11-20,Medicaid,7648.42,6327.59,1320.83,Approved
1203563,702665,101322,2025-04-08,Medicare,746.1,440.82,305.28,Partially Approved
1203564,700510,101588,2021-06-20,Uninsured,2202.31,1980.83,221.48,Approved
1203565,701943,102051,2021-07-19,Private,5484.28,3342.7,2141.58,Partially Approved
1203566,705154,101382,2021-06-17,Medicaid,3171.74,1901.77,1269.97,Approved
1203567,706029,102060,2024-11-28,Medicare,4866.16,4763.49,102.67,Partially Approved
1203568,701798,101586,2022-11-06,Medicaid,1340.88,1125.13,215.75,Approved
1203569,704746,101259,2021-12-25,Private,887.68,664.92,222.76,Approved
1203570,704783,101478,2021-10-13,Private,1241.26,955.42,285.84,Approved
1203571,702098,102059,2025-03-04,Private,1268.69,1122.39,146.3,Approved
1203572,700278,100561,2024-10-22,Medicare,4485.13,4066.84,418.29,Approved
1203573,703481,101147,2025-02-22,Medicare,683.75,389.67,294.08,Approved
1203574,701987,100130,2024-01-11,Private,849.53,575.02,274.51,Pending
1203575,701238,100219,2025-06-01,Private,2442.86,1756.57,686.29,Approved
1203576,703395,101715,2025-11-13,Medicaid,3897.37,2414.65,1482.72,Partially Approved
1203577,701864,101866,2023-12-29,Private,4884.39,4438.82,445.57,Approved
1203578,702495,101352,2023-10-26,Medicaid,2098.38,1198.7,899.68,Approved
1203579,702199,100288,2021-12-10,Private,6261.92,4715.6,1546.32,Approved
1203580,702731,101578,2021-01-19,Private,4899.66,3271.01,1628.65,Partially Approved
1203581,700659,101116,2023-11-11,Medicare,1845.4,1159.96,685.44,Approved
1203582,705655,101588,2021-12-28,Medicare,1794.27,1739.71,54.56,Approved
1203583,700625,101274,2022-05-19,Private,1058.27,858.01,200.26,Approved
1203584,703000,100521,2024-11-30,Medicaid,5169.91,3089.03,2080.88,Approved
1203585,704721,101110,2022-03-01,Medicaid,2481.76,1442.98,1038.78,Approved
1203586,706250,100294,2023-03-20,Private,646.93,375.53,271.4,Pending
1203587,700824,100078,2022-02-09,Private,1763.28,1719.29,43.99,Pending
1203588,705581,101581,2025-05-08,Medicare,4651.37,2753.8,1897.57,Approved
1203589,705868,100941,2024-05-08,Medicare,683.19,437.44,245.75,Approved
1203590,703780,100259,2021-11-01,Private,2158.96,1710.91,448.05,Approved
1203591,705424,101976,2024-05-17,Medicare,1439.17,1292.69,146.48,Approved
1203592,704493,101040,2024-10-31,Medicare,2927.02,1987.36,939.66,Partially Approved
1203593,704353,101936,2025-02-07,Private,631.75,486.97,144.78,Approved
1203594,700566,102235,2024-01-03,Private,1061.78,763.87,297.91,Partially Approved
1203595,701159,101773,2021-05-25,Medicare,2369.3,1849.1,520.2,Partially Approved
1203596,701138,102126,2023-07-13,Medicare,1099.15,940.87,158.28,Approved
1203597,701017,102416,2024-12-05,Medicare,5365.26,3554.64,1810.62,Approved
1203598,704102,101960,2022-10-24,Private,4101.55,2441.31,1660.24,Approved
1203599,700099,100762,2024-07-30,Medicaid,2211.75,1893.88,317.87,Partially Approved
1203600,702146,100265,2021-12-28,Medicaid,1647.49,927.63,719.86,Approved
1203601,702484,102055,2022-06-30,Private,1340.55,1262.41,1340.55,Denied
1203602,706156,101093,2022-03-03,Medicare,2251.32,1537.74,2251.32,Denied
1203603,703410,100058,2024-04-24,Private,548.11,309.97,238.14,Approved
1203604,701252,100378,2021-07-19,Private,1558.91,939.04,619.87,Partially Approved
1203605,704764,102159,2023-04-05,Medicare,472.51,375.28,97.23,Approved
1203606,701898,100807,2024-12-08,Private,1708.29,949.04,759.25,Approved
1203607,702797,100365,2024-04-22,Medicare,3413.15,2085.95,1327.2,Approved
1203608,705990,100704,2022-03-30,Private,1829.03,1260.52,568.51,Partially Approved
1203609,705196,102050,2025-04-27,Medicaid,2678.29,1817.54,860.75,Approved
1203610,704804,101824,2024-08-08,Medicaid,1318.27,1250.17,68.1,Approved
1203611,702990,100833,2024-12-21,Uninsured,9200.36,8083.32,1117.04,Partially Approved
1203612,704333,101255,2022-09-15,Medicare,467.34,330.33,137.01,Approved
1203613,704293,100465,2021-09-26,Medicaid,378.93,289.45,89.48,Approved
1203614,705291,101582,2024-09-06,Medicare,829.73,788.58,41.15,Approved
1203615,706153,101563,2024-06-14,Medicare,3129.55,2123.12,3129.55,Denied
1203616,706346,101273,2023-07-27,Private,1386.45,764.76,621.69,Approved
1203617,700607,102039,2023-08-09,Uninsured,1071.74,912.22,159.52,Partially Approved
1203618,706345,100587,2021-10-26,Medicare,1151.4,648.87,502.53,Approved
1203619,705045,100368,2024-01-08,Private,4029.78,3591.6,438.18,Partially Approved
1203620,706230,100208,2023-11-16,Medicare,1313.11,969.39,343.72,Partially Approved
1203621,702642,100898,2024-12-04,Medicare,8211.28,6393.36,1817.92,Approved
1203622,700555,102285,2023-08-27,Medicaid,1886.53,1494.96,391.57,Approved
1203623,703369,100552,2023-12-18,Private,4093.43,3797.1,296.33,Partially Approved
1203624,703762,101402,2021-02-15,Private,2800.12,2421.44,378.68,Pending
1203625,700800,101836,2024-03-24,Medicare,1582.09,1124.38,457.71,Approved
1203626,704986,102449,2024-07-22,Medicaid,4054.78,3210.88,843.9,Approved
1203627,702190,102369,2023-12-31,Private,3174.82,2503.42,671.4,Approved
1203628,702738,102286,2024-11-14,Private,3984.73,3807.74,176.99,Approved
1203629,702730,100539,2021-04-08,Private,2516.28,2363.01,153.27,Approved
1203630,701880,101051,2023-08-15,Medicare,5614.33,5054.95,559.38,Approved
1203631,704673,100133,2021-02-26,Private,1930.66,1273.0,657.66,Approved
1203632,704930,102177,2021-09-21,Medicaid,2608.01,1910.57,697.44,Approved
1203633,704755,101142,2023-12-25,Private,3185.86,2064.98,1120.88,Partially Approved
1203634,705322,100215,2021-07-24,Medicaid,3143.75,2285.84,857.91,Partially Approved
1203635,703561,100863,2023-08-22,Medicare,3536.43,3201.16,335.27,Approved
1203636,702833,101051,2023-03-09,Private,4543.81,3001.3,1542.51,Partially Approved
1203637,700945,100900,2025-06-23,Private,1881.41,1830.15,51.26,Partially Approved
1203638,701851,100296,2025-04-02,Uninsured,2229.91,1562.37,667.54,Partially Approved
1203639,705793,100978,2022-12-01,Private,2468.34,2166.63,301.71,Partially Approved
1203640,705088,101792,2021-04-01,Private,5517.72,5213.7,304.02,Approved
1203641,701515,100355,2023-02-20,Medicare,2021.38,1252.63,768.75,Approved
1203642,701046,100131,2022-06-21,Private,1536.46,1160.99,375.47,Approved
1203643,705106,100774,2021-03-07,Medicaid,2133.35,1382.87,750.48,Approved
1203644,705595,102042,2024-10-17,Medicare,5359.17,5192.49,166.68,Approved
1203645,705231,102328,2021-11-19,Private,1903.8,1859.44,44.36,Approved
1203646,700703,101730,2021-06-12,Medicare,1835.53,1500.79,334.74,Approved
1203647,701665,100603,2022-06-14,Medicaid,5768.64,4247.32,1521.32,Approved
1203648,702771,100724,2025-07-31,Medicare,3098.74,2831.46,267.28,Pending
1203649,703907,100348,2025-09-01,Medicare,1258.61,1007.57,251.04,Approved
1203650,702881,100753,2023-01-16,Medicare,2004.52,1224.38,780.14,Partially Approved
1203651,706125,100752,2023-04-06,Medicare,3279.29,2620.48,658.81,Approved
1203652,705406,100736,2024-06-22,Medicaid,1091.81,748.75,343.06,Approved
1203653,703357,100536,2022-01-27,Medicare,3080.12,1989.89,1090.23,Approved
1203654,700603,101617,2024-01-04,Uninsured,1864.71,1437.4,427.31,Approved
1203655,706199,100942,2025-12-21,Medicare,1646.22,1337.38,1646.22,Denied
1203656,703646,101338,2023-05-30,Private,5508.6,4869.11,5508.6,Denied
1203657,702382,101680,2025-01-09,Medicare,2083.74,1487.78,595.96,Partially Approved
1203658,705885,102030,2024-06-01,Medicaid,1519.2,1293.98,225.22,Approved
1203659,703003,101666,2024-12-18,Private,2663.1,2387.97,275.13,Approved
1203660,701274,101066,2024-02-20,Private,920.83,845.68,75.15,Approved
1203661,703729,100095,2022-07-02,Medicare,1563.67,1079.28,484.39,Approved
1203662,706002,101923,2024-11-30,Medicare,8333.19,7002.48,1330.71,Approved
1203663,704814,100325,2023-07-08,Medicare,1248.45,784.7,463.75,Partially Approved
1203664,701745,102442,2023-09-30,Medicare,1114.88,621.49,1114.88,Denied
1203665,705957,101964,2023-02-11,Private,4846.24,4482.51,363.73,Approved
1203666,704537,101463,2022-08-17,Private,2957.45,1915.1,1042.35,Approved
1203667,702429,101666,2024-09-08,Private,2452.84,1847.65,605.19,Approved
1203668,701944,102220,2023-10-30,Private,6270.51,4971.52,6270.51,Denied
1203669,703099,102320,2024-01-02,Private,836.32,782.23,54.09,Approved
1203670,704967,101283,2024-05-07,Private,1554.3,1191.69,362.61,Approved
1203671,702025,102158,2023-08-04,Medicare,1115.41,815.76,299.65,Approved
1203672,700767,100041,2024-02-19,Private,2336.61,2177.95,158.66,Partially Approved
1203673,702662,100155,2025-04-25,Medicare,5649.58,4803.32,846.26,Partially Approved
1203674,700164,100130,2023-09-05,Medicaid,4412.79,3316.15,1096.64,Partially Approved
1203675,703636,100991,2025-03-08,Private,2769.44,2485.48,283.96,Approved
1203676,706431,102207,2024-03-19,Private,6818.03,5211.74,1606.29,Approved
1203677,706482,100314,2022-03-11,Private,2291.59,2084.22,207.37,Approved
1203678,700934,101045,2023-05-28,Private,2409.81,1594.14,2409.81,Denied
1203679,700711,102062,2025-06-16,Medicare,1178.49,1152.94,25.55,Approved
1203680,703444,101294,2022-11-16,Private,1940.92,1718.13,222.79,Approved
1203681,703095,101750,2024-07-16,Private,1287.2,895.28,391.92,Approved
1203682,702785,100388,2021-05-05,Medicare,7080.21,5457.53,1622.68,Approved
1203683,701175,101746,2023-12-28,Medicare,793.05,462.39,330.66,Approved
1203684,706071,101147,2024-11-13,Private,11927.17,9544.4,2382.77,Approved
1203685,701973,100582,2023-08-27,Private,2562.13,2316.71,245.42,Approved
1203686,701811,100175,2021-08-13,Private,2216.01,1289.79,926.22,Approved
1203687,700163,102035,2023-02-25,Medicare,919.76,751.44,168.32,Partially Approved
1203688,705419,100257,2021-12-18,Medicaid,3902.9,3253.67,649.23,Approved
1203689,704042,100827,2021-11-03,Private,2631.29,2076.5,554.79,Approved
1203690,700932,101555,2023-08-04,Medicaid,958.18,783.76,174.42,Approved
1203691,701053,101927,2023-08-29,Private,2079.67,1455.45,624.22,Approved
1203692,705953,101027,2025-05-28,Private,1813.47,1069.89,743.58,Partially Approved
1203693,705882,101625,2025-11-12,Medicaid,3330.98,2786.04,544.94,Approved
1203694,704406,100845,2025-07-03,Private,4774.51,3438.62,1335.89,Approved
1203695,703270,101352,2024-09-16,Medicare,2616.94,2240.26,376.68,Approved
1203696,701763,100569,2021-05-21,Medicaid,1195.55,1084.67,110.88,Approved
1203697,704470,100490,2021-04-05,Uninsured,432.09,303.46,128.63,Approved
1203698,700819,100598,2022-04-07,Private,2660.66,1704.13,956.53,Partially Approved
1203699,704073,100543,2025-01-02,Private,6555.49,5758.44,797.05,Approved
1203700,700191,101004,2023-10-19,Private,5885.48,5085.38,800.1,Approved
1203701,701872,100665,2021-03-01,Private,470.63,451.08,19.55,Approved
1203702,704531,101067,2024-05-25,Medicare,1068.38,868.48,199.9,Partially Approved
1203703,701812,102228,2022-02-26,Medicare,2940.01,2334.64,605.37,Approved
1203704,704317,101714,2022-06-29,Medicare,3220.66,2721.11,499.55,Partially Approved
1203705,705204,101593,2022-09-14,Medicaid,939.32,562.84,376.48,Approved
1203706,703674,101801,2024-11-28,Uninsured,601.56,431.32,170.24,Partially Approved
1203707,701409,100112,2024-09-11,Private,7211.1,6851.68,359.42,Partially Approved
1203708,704794,102137,2022-02-01,Private,7261.67,4567.4,2694.27,Approved
1203709,706188,100204,2021-02-11,Private,4535.49,3105.46,1430.03,Approved
1203710,705184,101497,2025-02-18,Private,1636.74,1582.33,54.41,Approved
1203711,703700,102105,2021-11-25,Medicare,1215.79,760.44,455.35,Approved
1203712,702064,102481,2022-11-20,Private,6408.74,4589.99,1818.75,Approved
1203713,702632,101667,2024-10-02,Medicare,1704.54,1212.23,492.31,Approved
1203714,701609,102133,2021-08-04,Private,1059.85,827.19,232.66,Approved
1203715,701053,100730,2021-09-09,Medicare,8646.41,5562.17,3084.24,Approved
1203716,702134,100666,2025-05-13,Private,3850.89,3692.37,158.52,Approved
1203717,703229,101711,2022-09-04,Medicaid,2252.58,1733.23,2252.58,Denied
1203718,703261,101719,2022-09-01,Private,5448.2,3026.28,2421.92,Approved
1203719,704007,101703,2021-05-06,Private,2190.22,1986.29,203.93,Partially Approved
1203720,701750,100769,2021-01-29,Private,2468.14,1532.61,935.53,Approved
1203721,706420,101439,2024-11-18,Uninsured,1033.64,648.49,385.15,Pending
1203722,702854,100588,2022-09-15,Medicare,2881.51,2194.04,687.47,Partially Approved
1203723,701042,101199,2024-10-02,Private,1010.61,813.37,197.24,Partially Approved
1203724,701953,100461,2024-07-14,Medicaid,2262.23,2111.07,151.16,Approved
1203725,705290,101057,2021-10-26,Private,1590.67,1517.91,72.76,Approved
1203726,701844,100134,2024-04-03,Private,1735.94,1437.33,298.61,Approved
1203727,701231,100406,2021-05-04,Medicaid,2458.16,2206.07,252.09,Approved
1203728,700834,101526,2025-04-24,Private,1837.37,1224.65,612.72,Approved
1203729,706315,102461,2023-05-26,Private,3579.03,2464.78,1114.25,Approved
1203730,700972,102399,2022-04-24,Medicare,2095.15,1847.56,2095.15,Denied
1203731,702685,100398,2021-11-21,Medicaid,4828.31,4662.07,166.24,Approved
1203732,703459,101824,2024-06-26,Uninsured,1353.61,1022.9,330.71,Partially Approved
1203733,704664,102204,2025-03-11,Private,1699.89,1314.2,385.69,Approved
1203734,705186,101247,2024-06-14,Private,1155.17,800.66,354.51,Approved
1203735,705904,102379,2023-10-09,Private,1658.59,1315.16,343.43,Approved
1203736,703715,101815,2021-05-08,Private,2480.09,1654.3,825.79,Approved
1203737,700452,100533,2023-11-15,Private,6477.22,5618.01,859.21,Approved
1203738,703656,100751,2023-01-02,Private,1343.39,1300.29,43.1,Approved
1203739,703541,100098,2024-03-22,Medicaid,6768.09,3984.02,2784.07,Partially Approved
1203740,701231,101359,2023-05-10,Private,5153.64,3513.28,1640.36,Partially Approved
1203741,706232,102413,2023-09-19,Medicare,4628.43,4448.73,179.7,Partially Approved
1203742,705426,100122,2025-01-11,Private,998.62,567.34,431.28,Approved
1203743,703405,100087,2021-10-03,Medicaid,5705.51,3173.77,2531.74,Approved
1203744,705020,101254,2025-10-11,Private,1681.06,1216.69,464.37,Approved
1203745,701907,100732,2023-11-26,Medicare,11288.33,9664.86,1623.47,Approved
1203746,702145,101704,2025-02-27,Medicare,4772.5,3524.3,1248.2,Partially Approved
1203747,700313,101187,2022-12-06,Private,2654.51,2063.07,591.44,Approved
1203748,706257,101112,2022-09-24,Private,1390.15,966.69,423.46,Approved
1203749,706191,102235,2024-07-20,Private,2319.47,1528.98,2319.47,Denied
1203750,705863,102378,2021-05-12,Medicaid,10644.48,8252.03,2392.45,Approved
1203751,704734,100220,2023-06-16,Private,5898.8,5303.36,595.44,Approved
1203752,705462,101926,2023-03-29,Uninsured,818.99,547.41,271.58,Approved
1203753,702450,101976,2024-06-26,Medicaid,1372.84,922.46,450.38,Approved
1203754,701621,100938,2022-06-03,Medicare,3149.29,2564.97,584.32,Pending
1203755,702827,101903,2021-11-21,Private,2719.51,2625.84,93.67,Approved
1203756,702794,101422,2025-08-05,Medicare,1083.52,650.38,433.14,Approved
1203757,700249,101197,2023-11-06,Medicaid,2793.47,2116.3,677.17,Approved
1203758,705597,101646,2023-05-07,Medicare,1092.85,721.04,371.81,Approved
1203759,704884,100061,2023-03-12,Private,5683.76,4832.3,851.46,Approved
1203760,700184,100591,2025-01-02,Medicaid,3682.06,2387.09,1294.97,Approved
1203761,701515,100255,2024-02-19,Medicare,1446.84,1078.12,368.72,Approved
1203762,705582,101716,2024-01-11,Private,683.22,584.24,98.98,Approved
1203763,702793,100508,2025-03-07,Private,4042.69,3380.05,662.64,Approved
1203764,700184,101654,2023-07-03,Medicare,6489.76,3911.37,2578.39,Approved
1203765,700975,101105,2021-05-15,Medicare,1598.59,1316.53,282.06,Partially Approved
1203766,701845,102249,2022-03-01,Medicaid,661.36,595.33,661.36,Denied
1203767,700755,100388,2024-03-15,Private,3344.43,2935.76,408.67,Approved
1203768,705094,102190,2024-05-05,Private,2298.48,1537.27,761.21,Approved
1203769,702245,102277,2025-09-28,Private,1606.81,1406.24,200.57,Partially Approved
1203770,705164,101921,2022-07-07,Private,1879.43,1361.25,518.18,Approved
1203771,704092,100431,2024-06-04,Medicaid,2816.07,2243.95,572.12,Approved
1203772,701183,100652,2021-08-21,Private,11741.11,11061.12,679.99,Approved
1203773,706072,101380,2025-07-27,Medicaid,2987.41,2356.61,630.8,Approved
1203774,700707,101957,2025-01-06,Medicare,18680.38,13825.66,4854.72,Approved
1203775,703933,101567,2021-10-23,Private,3906.56,3667.16,3906.56,Denied
1203776,703587,101725,2022-03-15,Private,3762.94,3565.76,197.18,Approved
1203777,706372,100086,2025-02-11,Private,6463.47,6060.29,403.18,Approved
1203778,704390,101425,2024-03-31,Private,684.11,653.07,31.04,Partially Approved
1203779,701125,100122,2025-10-21,Private,4554.06,3703.29,850.77,Pending
1203780,700281,101746,2021-05-15,Medicaid,1872.06,1689.81,1872.06,Denied
1203781,704472,101426,2023-09-07,Medicaid,571.86,472.65,99.21,Approved
1203782,700397,101133,2021-02-01,Medicare,2142.81,1277.99,864.82,Approved
1203783,701935,102094,2023-07-01,Private,1266.13,994.42,271.71,Partially Approved
1203784,702961,102133,2025-12-30,Medicare,2547.89,2135.98,411.91,Partially Approved
1203785,706286,100707,2024-02-01,Medicaid,2398.2,2274.67,123.53,Approved
1203786,702216,100622,2023-03-07,Private,10992.69,7259.57,3733.12,Partially Approved
1203787,700917,100771,2022-02-17,Medicaid,996.91,685.86,311.05,Approved
1203788,704328,101381,2025-10-25,Private,410.39,272.62,137.77,Pending
1203789,700176,101568,2025-11-03,Medicare,3212.6,2513.66,698.94,Approved
1203790,700077,101205,2022-01-29,Medicare,2894.15,2532.7,361.45,Approved
1203791,701971,100370,2025-11-30,Medicare,1327.09,793.22,533.87,Pending
1203792,702053,102134,2023-03-10,Medicare,3811.91,3216.82,595.09,Approved
1203793,700891,100775,2024-10-28,Medicare,1322.89,892.94,429.95,Approved
1203794,702787,100718,2023-07-15,Private,1179.61,825.45,1179.61,Denied
1203795,701857,102278,2024-03-02,Private,2483.8,1884.61,599.19,Approved
1203796,702050,101804,2023-12-29,Medicaid,443.95,393.0,443.95,Denied
1203797,700007,102291,2021-09-11,Medicare,4169.65,2405.57,1764.08,Approved
1203798,700883,100304,2023-04-04,Private,3491.54,2212.87,1278.67,Partially Approved
1203799,706270,100954,2025-07-18,Private,2287.13,2226.7,60.43,Pending
1203800,700608,101573,2025-05-12,Private,3335.08,2299.79,1035.29,Approved
1203801,705105,102406,2024-02-07,Medicaid,5144.34,3180.68,1963.66,Partially Approved
1203802,704414,101997,2022-09-20,Medicaid,1151.05,957.56,1151.05,Denied
1203803,702628,100363,2024-02-18,Uninsured,2056.14,1622.15,433.99,Approved
1203804,703268,101024,2023-03-26,Private,5291.73,3796.06,1495.67,Approved
1203805,701328,100239,2025-01-07,Private,2308.03,1984.95,323.08,Approved
1203806,706296,100895,2022-12-03,Private,1319.94,1007.33,312.61,Approved
1203807,702171,101355,2025-02-15,Medicare,6321.59,5598.62,722.97,Approved
1203808,704194,101066,2022-01-25,Medicare,5934.96,4333.73,1601.23,Approved
1203809,706429,101958,2024-09-10,Medicare,861.23,538.12,323.11,Approved
1203810,700834,100861,2023-12-19,Uninsured,4478.18,2784.9,1693.28,Approved
1203811,705115,101144,2025-04-03,Medicare,3757.1,3266.63,490.47,Approved
1203812,706411,100428,2023-07-04,Medicaid,1617.67,1541.42,76.25,Partially Approved
1203813,702510,100617,2025-11-21,Private,2599.3,1786.54,812.76,Approved
1203814,701374,100575,2021-07-18,Private,550.09,492.2,57.89,Approved
1203815,704205,100636,2021-03-09,Medicare,2582.55,1780.77,801.78,Approved
1203816,705192,102169,2022-03-19,Private,1570.8,1521.12,49.68,Approved
1203817,701490,100019,2023-01-02,Uninsured,2805.91,2082.9,723.01,Approved
1203818,700179,100051,2023-03-19,Medicare,997.95,631.94,366.01,Approved
1203819,701020,102105,2024-08-21,Medicare,4862.07,3293.2,1568.87,Pending
1203820,700153,102072,2025-07-14,Private,4573.01,4259.82,313.19,Approved
1203821,704515,102483,2023-11-07,Medicaid,2357.08,2010.7,346.38,Approved
1203822,700057,101077,2021-06-07,Private,3260.37,2762.27,498.1,Pending
1203823,702003,102011,2023-06-15,Medicare,2136.72,1495.04,641.68,Partially Approved
1203824,703335,101031,2024-09-02,Private,8962.52,6204.25,2758.27,Pending
1203825,700084,100081,2025-11-14,Medicare,8992.36,5864.33,3128.03,Approved
1203826,705942,102469,2024-12-08,Private,2974.0,2716.73,257.27,Approved
1203827,703589,101930,2022-08-09,Private,2931.32,2286.71,644.61,Approved
1203828,706417,102048,2024-06-15,Uninsured,2706.14,2099.2,606.94,Partially Approved
1203829,702401,102292,2024-02-12,Private,7312.5,5773.21,1539.29,Approved
1203830,701147,102009,2025-10-16,Private,945.9,737.93,207.97,Approved
1203831,705864,100801,2024-07-20,Medicaid,1905.86,1216.72,689.14,Approved
1203832,701854,102001,2025-05-10,Medicare,2609.16,1888.35,720.81,Approved
1203833,703676,100482,2023-07-25,Medicare,2675.83,2000.79,675.04,Partially Approved
1203834,701731,100110,2022-02-05,Medicaid,2009.24,1863.42,145.82,Approved
1203835,705234,100306,2023-10-18,Medicaid,6261.41,4945.98,1315.43,Partially Approved
1203836,704335,100095,2023-05-08,Private,662.19,549.16,113.03,Approved
1203837,700903,100236,2025-04-19,Private,1921.84,1114.54,807.3,Approved
1203838,700017,100767,2023-02-03,Private,2195.76,1374.5,821.26,Partially Approved
1203839,700108,101769,2021-07-13,Private,2302.58,2131.24,171.34,Approved
1203840,702115,102132,2024-11-01,Medicaid,3248.51,2025.9,1222.61,Approved
1203841,703206,101395,2024-11-08,Medicaid,3452.72,3340.49,112.23,Approved
1203842,703423,100994,2023-02-14,Private,4378.32,2776.24,1602.08,Approved
1203843,705322,102257,2024-09-08,Medicare,2336.53,1299.8,1036.73,Partially Approved
1203844,703549,100499,2021-02-23,Medicaid,3254.07,2158.74,3254.07,Denied
1203845,701905,100692,2022-03-10,Private,1011.77,583.12,428.65,Partially Approved
1203846,700179,101904,2024-07-29,Medicaid,5370.45,4111.07,1259.38,Pending
1203847,701055,100916,2021-11-05,Medicare,1161.52,1008.13,153.39,Approved
1203848,703285,100045,2022-06-11,Medicare,2548.57,1761.75,786.82,Approved
1203849,701194,101695,2025-07-20,Uninsured,1951.35,1834.2,117.15,Approved
1203850,705981,100905,2023-07-20,Private,2314.82,1741.31,573.51,Approved
1203851,705095,100610,2023-07-07,Medicare,540.52,306.9,233.62,Approved
1203852,701519,100881,2025-11-17,Private,5401.32,3053.94,2347.38,Approved
1203853,702875,101889,2024-05-27,Private,2910.98,2323.9,2910.98,Denied
1203854,701744,100645,2025-02-03,Medicare,311.36,203.57,107.79,Approved
1203855,706254,100515,2024-12-16,Private,1984.5,1551.15,433.35,Partially Approved
1203856,700617,101262,2023-03-12,Medicaid,1116.68,,223.79,Partially Approved
1203857,705805,100351,2022-01-11,Private,3145.35,2359.73,785.62,Approved
1203858,705053,101590,2021-08-29,Private,7626.09,5974.14,1651.95,Approved
1203859,700888,101905,2022-06-25,Private,2183.65,1369.51,814.14,Approved
1203860,703066,101312,2025-07-25,Private,1906.17,1503.95,402.22,Approved
1203861,702217,100967,2021-06-09,Private,1221.09,1159.86,61.23,Partially Approved
1203862,700219,100542,2025-02-17,Private,1595.46,1129.72,465.74,Approved
1203863,705980,102157,2023-05-28,Medicare,3051.25,2851.74,199.51,Partially Approved
1203864,701946,102116,2025-09-22,Uninsured,2699.54,2472.59,226.95,Pending
1203865,703930,100970,2021-07-11,Uninsured,2847.31,2544.2,303.11,Approved
1203866,701944,102439,2025-02-06,Private,2660.3,2089.88,570.42,Approved
1203867,703964,101935,2022-05-01,Medicare,2729.02,1890.3,838.72,Approved
1203868,704342,100611,2025-12-08,Private,3709.76,2051.43,1658.33,Approved
1203869,704523,102038,2021-01-05,Private,2928.09,2622.33,305.76,Approved
1203870,701190,101265,2024-03-12,Uninsured,5234.77,5116.09,118.68,Partially Approved
1203871,702472,101703,2025-05-09,Medicaid,3944.88,3399.52,545.36,Approved
1203872,703417,101044,2022-05-13,Private,6194.37,5772.27,422.1,Pending
1203873,701022,101399,2021-06-09,Medicaid,816.57,554.05,262.52,Approved
1203874,705951,101686,2023-06-29,Private,1334.55,813.36,521.19,Approved
1203875,704129,101556,2024-05-26,Private,2065.89,1529.87,536.02,Approved
1203876,701284,101055,2023-12-27,Private,5916.02,3779.78,2136.24,Approved
1203877,705482,100822,2023-07-24,Private,4884.83,4517.63,4884.83,Denied
1203878,701425,101567,2023-09-14,Private,8025.67,5460.22,2565.45,Approved
1203879,702981,101034,2021-11-12,Private,6601.5,5873.74,727.76,Approved
1203880,704629,102384,2023-12-26,Private,3843.6,3663.06,180.54,Approved
1203881,701938,100633,2024-09-27,Medicaid,1293.3,1261.96,31.34,Approved
1203882,706454,100883,2025-11-10,Private,1381.2,1163.76,217.44,Approved
1203883,701655,102356,2023-07-03,Private,2814.37,1670.27,1144.1,Approved
1203884,700993,101968,2021-02-16,Medicaid,2224.75,2012.53,2224.75,Denied
1203885,706143,100019,2021-01-21,Medicare,1998.47,1671.77,326.7,Approved
1203886,701160,101524,2023-11-20,Medicaid,4898.44,3630.62,1267.82,Pending
1203887,705533,100015,2025-03-24,Medicaid,2107.61,1553.33,554.28,Approved
1203888,701385,100904,2024-01-14,Private,2466.13,2202.03,264.1,Approved
1203889,704997,100438,2021-09-16,Medicare,6359.07,4999.34,1359.73,Approved
1203890,701235,101544,2024-09-26,Private,7649.07,6685.55,963.52,Approved
1203891,701265,101986,2025-02-05,Private,1123.63,1024.52,99.11,Approved
1203892,702252,102454,2022-03-25,Medicare,3089.13,2538.52,550.61,Approved
1203893,700692,101480,2025-10-31,Medicaid,2917.65,1968.02,949.63,Partially Approved
1203894,704683,101885,2024-02-28,Medicare,4488.05,4068.03,420.02,Approved
1203895,705824,101057,2022-05-01,Medicare,2805.29,1606.3,1198.99,Approved
1203896,702689,101632,2024-08-08,Medicaid,4049.64,2347.52,1702.12,Approved
1203897,702324,101306,2023-01-25,Private,1307.54,1036.78,270.76,Partially Approved
1203898,704316,101750,2022-11-15,Medicaid,2832.99,2338.38,494.61,Approved
1203899,700649,101152,2025-11-30,Medicare,3425.42,3276.55,148.87,Approved
1203900,700185,101808,2025-12-25,Private,3332.88,2671.47,661.41,Approved
1203901,706316,102275,2024-08-21,Uninsured,5991.28,4767.15,1224.13,Approved
1203902,702872,100587,2023-05-11,Uninsured,4703.45,4260.84,442.61,Pending
1203903,700404,100905,2023-08-01,Medicaid,3961.52,2786.68,3961.52,Denied
1203904,702981,100660,2024-10-28,Medicare,1305.48,959.44,346.04,Approved
1203905,700457,101444,2023-12-20,Medicare,3361.24,2909.37,451.87,Approved
1203906,704230,101399,2024-03-13,Private,3110.95,1839.1,1271.85,Approved
1203907,706270,100233,2025-03-22,Private,1298.79,801.17,497.62,Approved
1203908,706178,100282,2023-04-28,Medicaid,4817.52,4418.82,398.7,Approved
1203909,702376,101859,2023-09-18,Medicaid,1828.07,1489.02,339.05,Pending
1203910,704803,101468,2024-01-04,Medicare,5322.29,3080.37,2241.92,Pending
1203911,705426,102467,2022-04-21,Private,1300.23,1098.84,201.39,Approved
1203912,702394,102500,2024-12-29,Medicare,12136.59,11292.3,12136.59,Denied
1203913,700457,101562,2025-07-30,Private,1718.11,1526.52,191.59,Approved
1203914,704279,101426,2024-07-15,Private,4424.2,4138.86,285.34,Pending
1203915,700852,102101,2024-07-22,Private,1232.14,828.85,403.29,Approved
1203916,705449,101590,2023-03-16,Medicaid,2663.09,2560.49,102.6,Partially Approved
1203917,702030,100527,2023-10-24,Medicare,986.4,561.85,424.55,Approved
1203918,701543,101490,2023-09-25,Medicaid,2361.71,1613.18,748.53,Approved
1203919,703540,100686,2024-09-26,Private,4892.32,3367.33,1524.99,Partially Approved
1203920,702627,102365,2025-06-17,Private,1556.1,936.66,1556.1,Denied
1203921,702248,102331,2023-06-03,Medicaid,2764.41,2092.02,672.39,Approved
1203922,701739,101697,2025-04-18,Private,11960.69,9073.8,11960.69,Denied
1203923,704736,102028,2023-08-14,Private,1648.73,1489.03,159.7,Partially Approved
1203924,705978,101358,2021-06-18,Private,4994.32,3251.84,1742.48,Approved
1203925,703348,102175,2023-04-02,Private,2943.7,2468.32,475.38,Approved
1203926,700353,102372,2021-05-21,Private,5512.11,4387.84,5512.11,Denied
1203927,703596,100500,2025-03-07,Medicare,3181.12,2648.4,532.72,Pending
1203928,706315,100372,2024-10-01,Private,9023.28,6336.01,2687.27,Approved
1203929,701189,101247,2021-08-10,Private,2762.11,2173.34,2762.11,Denied
1203930,704193,101537,2024-05-06,Private,1346.58,1042.65,303.93,Approved
1203931,701303,101424,2023-06-30,Medicare,1224.36,723.74,500.62,Partially Approved
1203932,706248,102396,2025-07-06,Private,8027.11,4992.14,3034.97,Approved
1203933,704156,102051,2022-11-18,Private,3237.69,3021.56,3237.69,Denied
1203934,705809,100489,2023-01-20,Private,1875.54,1389.19,486.35,Approved
1203935,705568,102351,2021-12-22,Medicare,2382.54,1786.8,595.74,Pending
1203936,705857,100052,2022-08-29,Medicare,1969.33,1363.46,605.87,Approved
1203937,700258,102079,2021-10-07,Private,5239.95,4979.53,260.42,Approved
1203938,701161,100735,2024-11-22,Medicare,4360.27,3749.96,610.31,Approved
1203939,703398,102169,2021-02-03,Private,4336.65,2537.04,1799.61,Approved
1203940,705965,100435,2024-11-06,Medicaid,5203.97,4954.95,249.02,Partially Approved
1203941,705534,100942,2022-04-02,Private,1551.71,1089.65,462.06,Partially Approved
1203942,701275,101762,2022-07-26,Medicare,3312.05,2697.87,3312.05,Denied
1203943,704361,102186,2023-11-10,Medicaid,9069.94,6666.21,2403.73,Pending
1203944,706099,101794,2023-01-02,Medicaid,2509.58,1983.46,526.12,Approved
1203945,703280,100216,2023-04-07,Medicare,2399.41,1653.85,745.56,Pending
1203946,701553,101904,2023-02-11,Medicaid,2603.54,2361.31,242.23,Approved
1203947,702374,102305,2022-05-09,Medicare,2390.11,1671.5,2390.11,Denied
1203948,702748,101859,2023-02-09,Private,4566.77,3328.19,1238.58,Approved
1203949,703583,100002,2025-01-05,Medicare,2827.53,2134.99,692.54,Pending
1203950,701698,101483,2025-08-25,Private,979.68,557.35,422.33,Partially Approved
1203951,701404,100108,2021-05-10,Medicare,1316.88,1273.83,43.05,Partially Approved
1203952,705580,101988,2024-03-28,Private,1693.44,1450.79,242.65,Approved
1203953,701129,100699,2022-03-13,Private,2466.84,1902.01,564.83,Partially Approved
1203954,700440,100946,2022-09-13,Uninsured,591.22,497.39,93.83,Approved
1203955,701024,101284,2023-03-04,Private,1285.26,806.88,478.38,Approved
1203956,705116,102437,2023-04-24,Medicaid,2623.21,2220.82,402.39,Approved
1203957,706333,101304,2021-09-22,Private,1744.65,1185.98,558.67,Approved
1203958,702402,100681,2024-04-05,Private,1954.69,1557.32,1954.69,Denied
1203959,701988,101783,2021-09-15,Private,3558.95,3199.0,359.95,Approved
1203960,703622,100660,2022-01-04,Uninsured,913.44,632.98,280.46,Approved
1203961,701389,102363,2022-02-14,Medicaid,7708.76,7134.22,574.54,Approved
1203962,702235,101056,2022-05-07,Medicare,2068.41,1793.74,274.67,Approved
1203963,701960,100763,2023-08-26,Medicaid,2577.57,1687.87,889.7,Approved
1203964,700165,101236,2021-03-14,Medicare,2088.54,1784.02,304.52,Approved
1203965,706379,102106,2025-01-05,Private,3145.23,2614.71,530.52,Approved
1203966,704432,102216,2021-03-31,Medicaid,2694.89,1567.85,1127.04,Approved
1203967,705146,101334,2025-11-07,Private,823.88,787.89,35.99,Approved
1203968,702837,102091,2022-02-14,Medicaid,1735.23,1292.64,442.59,Approved
1203969,706272,102183,2023-05-01,Private,1764.22,1477.74,286.48,Partially Approved
1203970,704480,101192,2022-01-22,Medicare,1945.12,1401.67,543.45,Approved
1203971,704645,101732,2023-01-10,Medicaid,9409.78,5684.52,3725.26,Approved
1203972,700349,101891,2022-01-28,Private,1337.78,886.86,450.92,Approved
1203973,706441,100386,2022-10-24,Private,1471.55,1093.28,378.27,Approved
1203974,703643,101842,2021-01-14,Private,1937.0,1732.52,204.48,Approved
1203975,703923,100155,2021-01-17,Medicare,3085.39,2350.78,734.61,Pending
1203976,704142,102265,2025-09-08,Private,2723.58,1520.53,1203.05,Approved
1203977,706383,100350,2022-03-20,Private,2645.97,1603.43,1042.54,Approved
1203978,705535,100167,2024-01-18,Uninsured,3867.65,2609.23,1258.42,Approved
1203979,704463,100675,2023-10-08,Medicaid,1336.39,856.8,479.59,Approved
1203980,703840,101289,2023-01-09,Private,2923.31,2440.67,482.64,Approved
1203981,701668,101709,2022-11-22,Private,1972.19,1445.57,526.62,Approved
1203982,705681,100173,2023-08-08,Private,1888.12,1785.91,102.21,Partially Approved
1203983,701480,100265,2022-09-30,Medicare,799.13,750.1,49.03,Partially Approved
1203984,700811,100532,2023-08-01,Private,2011.24,1393.25,617.99,Approved
1203985,700662,102021,2025-12-16,Medicaid,4273.46,3604.98,668.48,Pending
1203986,700580,101292,2023-12-25,Uninsured,1969.22,1366.24,602.98,Approved
1203987,705794,100618,2025-03-06,Private,2808.05,1718.76,1089.29,Approved
1203988,702552,100202,2024-01-30,Private,1033.99,902.86,131.13,Approved
1203989,703989,101739,2024-04-08,Private,2151.01,1993.96,157.05,Approved
1203990,704016,102373,2023-10-07,Private,655.88,500.15,155.73,Approved
1203991,701071,100528,2022-01-12,Uninsured,1265.29,1120.63,144.66,Approved
1203992,704102,100084,2024-03-16,Medicaid,2660.32,2141.94,518.38,Approved
1203993,701940,100276,2021-01-18,Private,1373.73,780.84,592.89,Pending
1203994,700218,102298,2023-09-08,Private,2464.13,2385.79,78.34,Approved
1203995,702576,102028,2025-07-24,Medicare,4342.7,3528.01,814.69,Approved
1203996,702889,101999,2025-12-27,Medicaid,5377.36,4750.43,626.93,Approved
1203997,701819,101519,2023-07-03,Medicare,1771.36,1692.53,78.83,Partially Approved
1203998,704137,102189,2022-06-18,Medicare,3500.47,2494.25,1006.22,Approved
1203999,703888,100167,2023-05-11,Private,1767.39,1517.72,249.67,Approved
1204000,701430,101584,2024-06-23,Medicaid,23106.97,17761.38,5345.59,Partially Approved
1204001,705854,102241,2024-08-31,Private,756.95,488.44,268.51,Approved
1204002,701098,102036,2022-11-29,Medicare,4472.02,3094.98,1377.04,Partially Approved
1204003,703738,101369,2023-06-14,Private,3188.27,3065.16,123.11,Approved
1204004,700084,100510,2025-11-19,Medicaid,2058.81,1562.68,496.13,Pending
1204005,703841,101109,2021-01-31,Private,11289.04,10719.49,569.55,Approved
1204006,704163,101407,2024-05-14,Medicare,988.52,897.88,90.64,Approved
1204007,704179,102007,2025-11-17,Uninsured,2352.1,1641.68,710.42,Approved
1204008,703186,100933,2024-10-03,Uninsured,5278.29,3460.71,1817.58,Partially Approved
1204009,702124,102162,2021-09-08,Medicaid,2973.24,2465.15,508.09,Approved
1204010,700409,100480,2021-07-29,Private,3308.83,1824.63,1484.2,Approved
1204011,705862,100413,2021-04-10,Private,1804.67,1271.41,533.26,Partially Approved
1204012,703848,101837,2021-04-13,Uninsured,1809.71,1223.06,586.65,Approved
1204013,703638,102426,2025-01-10,Private,5500.7,4930.35,570.35,Approved
1204014,706239,100911,2024-10-02,Medicaid,8185.84,5597.63,2588.21,Approved
1204015,701249,100383,2024-06-13,Medicare,2690.09,2158.28,531.81,Partially Approved
1204016,700330,101167,2024-07-20,Private,5247.27,3724.75,1522.52,Pending
1204017,706137,101206,2024-03-14,Medicaid,1324.34,1213.5,110.84,Approved
1204018,701445,100548,2025-01-22,Private,6774.41,5960.65,813.76,Approved
1204019,704920,101361,2022-03-23,Medicare,2753.97,2408.49,345.48,Approved
1204020,704537,100889,2023-12-15,Medicare,5416.01,3040.35,2375.66,Approved
1204021,703236,101226,2025-11-09,Private,6219.63,3501.85,2717.78,Approved
1204022,705212,100755,2023-09-04,Medicare,2996.27,1836.66,1159.61,Approved
1204023,705976,101870,2023-10-15,Medicaid,1771.17,1423.87,347.3,Partially Approved
1204024,706172,101966,2023-06-14,Private,3364.11,2530.19,833.92,Approved
1204025,704687,101294,2024-03-12,Medicare,659.08,443.09,215.99,Approved
1204026,702356,101040,2021-05-30,Private,1219.29,867.44,351.85,Partially Approved
1204027,704476,100453,2025-10-24,Medicaid,2714.68,1794.21,2714.68,Denied
1204028,704322,100811,2024-07-16,Medicaid,5664.03,3264.02,2400.01,Approved
1204029,704018,102038,2025-01-01,Medicare,1895.82,1573.8,322.02,Partially Approved
1204030,705435,100465,2021-08-14,Private,1555.25,1115.86,439.39,Partially Approved
1204031,702222,100536,2021-07-04,Private,1509.16,1399.08,110.08,Partially Approved
1204032,706488,102323,2025-11-09,Medicare,581.45,556.75,24.7,Pending
1204033,703304,102213,2021-06-17,Medicare,2389.53,1681.83,707.7,Pending
1204034,704658,101410,2023-06-19,Medicaid,6882.54,4907.19,1975.35,Partially Approved
1204035,705313,101026,2021-06-12,Medicare,2536.09,1444.55,1091.54,Approved
1204036,705460,102263,2021-05-31,Private,1413.5,950.12,1413.5,Denied
1204037,703253,102138,2021-06-25,Private,8100.42,6689.28,8100.42,Denied
1204038,702345,102318,2022-11-19,Private,1594.04,1279.45,1594.04,Denied
1204039,702130,102473,2022-08-11,Medicare,1904.92,1530.02,374.9,Approved
1204040,703030,100517,2022-08-04,Uninsured,2804.56,2258.35,546.21,Approved
1204041,700658,100504,2022-08-24,Medicaid,1021.75,931.08,90.67,Approved
1204042,700734,100968,2023-10-21,Uninsured,2584.22,1634.61,949.61,Pending
1204043,702816,101982,2023-04-06,Medicaid,3874.78,2899.84,974.94,Approved
1204044,701398,101168,2022-06-19,Medicare,4586.97,3857.13,729.84,Approved
1204045,705889,101239,2021-02-07,Private,3169.36,1884.73,1284.63,Approved
1204046,705281,100686,2021-12-07,Medicaid,6103.37,5322.76,780.61,Partially Approved
1204047,700874,101937,2023-12-21,Private,1285.69,892.18,393.51,Approved
1204048,704505,100391,2021-12-23,Medicare,2375.79,2182.94,192.85,Approved
1204049,703079,101131,2024-02-07,Private,4406.66,2724.42,1682.24,Approved
1204050,704430,100550,2021-05-16,Uninsured,3444.67,2414.88,1029.79,Approved
1204051,702969,100273,2024-08-06,Medicare,2267.92,1593.31,674.61,Partially Approved
1204052,700561,101696,2022-07-17,Private,1571.93,1495.84,76.09,Partially Approved
1204053,706235,101360,2024-02-02,Private,2852.22,1650.57,1201.65,Approved
1204054,700355,100143,2025-06-02,Private,990.81,955.64,35.17,Approved
1204055,702795,101428,2024-02-24,Private,2815.28,2179.19,636.09,Approved
1204056,706199,100061,2021-07-18,Private,3591.15,2389.94,1201.21,Approved
1204057,704066,102332,2023-12-28,Private,4360.29,3524.26,836.03,Approved
1204058,704479,102293,2021-07-11,Private,4167.52,2586.26,1581.26,Approved
1204059,704442,102187,2022-11-21,Medicaid,718.28,683.8,34.48,Approved
1204060,702894,101518,2022-06-22,Medicaid,1612.09,1068.54,1612.09,Denied
1204061,704122,100268,2024-07-27,Private,1334.08,1230.16,103.92,Approved
1204062,703775,101186,2021-07-31,Medicaid,10391.19,10099.34,10391.19,Denied
1204063,701462,100834,2023-10-12,Private,1590.13,886.06,704.07,Approved
1204064,705800,100121,2022-07-09,Private,1212.01,701.2,510.81,Approved
1204065,705462,101312,2024-03-16,Medicare,3197.19,1813.28,1383.91,Approved
1204066,702864,102356,2025-02-25,Medicaid,829.88,750.04,79.84,Pending
1204067,703195,100390,2021-08-27,Private,1711.87,1579.76,132.11,Approved
1204068,702564,102234,2021-09-15,Private,1581.33,1069.06,512.27,Partially Approved
1204069,703276,100960,2025-09-09,Private,1201.53,810.55,390.98,Approved
1204070,705843,100277,2021-08-21,Private,3639.0,2071.67,1567.33,Approved
1204071,700201,100755,2024-07-06,Medicaid,6190.6,3538.78,2651.82,Approved
1204072,701661,101143,2025-01-28,Private,5125.97,5011.0,114.97,Approved
1204073,705057,100544,2025-02-08,Private,1569.25,1519.09,50.16,Approved
1204074,704859,101685,2022-09-24,Private,1764.12,993.58,770.54,Approved
1204075,701606,101068,2024-01-02,Medicaid,2690.29,1983.26,707.03,Approved
1204076,702129,101874,2021-10-02,Medicare,1091.51,846.69,244.82,Approved
1204077,706299,101346,2025-02-09,Medicaid,1283.58,1076.66,206.92,Partially Approved
1204078,700658,101734,2025-07-06,Medicaid,2027.73,1885.79,141.94,Approved
1204079,706438,100227,2022-11-03,Private,4137.81,3233.46,904.35,Approved
1204080,705159,101542,2023-06-18,Medicaid,1202.55,1147.39,55.16,Approved
1204081,702566,100852,2025-11-26,Medicare,3016.75,2557.8,458.95,Approved
1204082,701574,102129,2025-07-09,Medicare,3632.04,2338.01,1294.03,Approved
1204083,701553,101098,2024-11-22,Uninsured,4236.93,3163.72,1073.21,Approved
1204084,704263,100214,2022-09-16,Medicare,2998.32,2740.46,257.86,Approved
1204085,703410,101274,2023-08-11,Medicaid,3663.06,2393.73,1269.33,Approved
1204086,700625,101900,2024-06-11,Medicare,7231.9,5197.34,2034.56,Partially Approved
1204087,704960,100930,2021-10-04,Medicaid,5715.41,4629.38,1086.03,Approved
1204088,703214,100194,2023-01-18,Medicare,3787.9,2875.9,912.0,Approved
1204089,701641,100345,2021-07-30,Private,9357.61,5941.73,3415.88,Approved
1204090,704971,102362,2025-05-09,Medicare,2575.95,2148.76,427.19,Approved
1204091,701684,101275,2025-05-12,Private,1544.2,1437.48,106.72,Approved
1204092,705962,100226,2025-02-06,Medicaid,2080.91,1909.35,171.56,Approved
1204093,704117,101610,2021-09-20,Medicaid,5010.75,4229.15,781.6,Approved
1204094,706298,101443,2023-12-21,Private,6144.6,4688.73,1455.87,Approved
1204095,705709,101449,2023-04-11,Uninsured,1542.7,1435.02,107.68,Partially Approved
1204096,701940,102080,2024-05-30,Medicaid,9772.46,9217.44,555.02,Approved
1204097,706337,101176,2022-01-10,Medicaid,1774.46,1518.6,255.86,Approved
1204098,706052,102075,2025-05-12,Medicaid,1549.27,1287.48,1549.27,Denied
1204099,706006,101782,2024-08-06,Medicaid,1394.05,1063.93,330.12,Approved
1204100,705603,102427,2025-02-27,Private,2137.73,2056.27,81.46,Approved
1204101,703516,101477,2025-12-29,Medicare,3471.27,2748.94,722.33,Approved
1204102,706111,100578,2024-07-20,Medicaid,1674.66,1258.96,415.7,Partially Approved
1204103,700883,100346,2025-03-25,Medicare,985.09,601.93,383.16,Approved
1204104,703294,100200,2021-09-23,Medicaid,2071.66,1243.99,827.67,Approved
1204105,701913,100677,2023-06-04,Medicaid,2019.49,1945.54,73.95,Partially Approved
1204106,703663,100580,2025-10-25,Private,6283.81,4570.84,1712.97,Partially Approved
1204107,705388,101221,2025-04-29,Medicare,2224.74,1667.71,557.03,Approved
1204108,704640,101730,2023-01-05,Medicaid,1301.82,1018.95,282.87,Partially Approved
1204109,703363,101516,2023-04-22,Private,1935.43,1113.84,821.59,Partially Approved
1204110,704806,100733,2025-12-08,Private,5016.49,3620.69,5016.49,Denied
1204111,701315,101154,2022-11-18,Medicaid,1784.47,1110.94,1784.47,Denied
1204112,702154,100317,2023-06-17,Private,1386.94,948.96,437.98,Partially Approved
1204113,701671,101596,2023-08-02,Private,1537.9,1195.13,342.77,Approved
1204114,701400,100275,2021-11-13,Medicaid,6306.29,5847.41,458.88,Approved
1204115,704309,101535,2025-08-21,Medicare,440.87,404.82,36.05,Approved
1204116,706336,100149,2024-05-09,Medicare,2047.82,1411.0,636.82,Partially Approved
1204117,700468,101159,2022-10-17,Private,2470.43,2192.44,277.99,Approved
1204118,701263,100232,2023-10-15,Medicare,840.39,674.9,165.49,Approved
1204119,705378,101657,2025-08-03,Medicare,2147.33,1550.6,2147.33,Denied
1204120,704019,101627,2022-02-17,Medicare,2013.61,1722.64,290.97,Partially Approved
1204121,704299,100129,2024-05-24,Uninsured,2224.28,1537.12,687.16,Approved
1204122,701846,100596,2024-09-11,Private,1217.56,1181.25,36.31,Approved
1204123,702134,100070,2025-10-05,Private,2287.12,1598.38,688.74,Approved
1204124,705788,100430,2021-09-18,Medicaid,517.95,477.28,40.67,Partially Approved
1204125,705141,102067,2023-11-15,Medicare,1789.64,1746.05,43.59,Approved
1204126,702038,100292,2023-12-10,Medicare,1625.59,1505.65,119.94,Partially Approved
1204127,704200,101580,2025-11-20,Private,14662.49,13371.61,1290.88,Approved
1204128,700208,100671,2023-03-09,Medicare,2857.17,2040.24,816.93,Approved
1204129,701672,100963,2024-11-04,Medicare,1121.01,971.47,149.54,Approved
1204130,702429,100897,2022-05-04,Uninsured,2925.1,2303.63,621.47,Approved
1204131,700213,100931,2022-04-21,Private,2311.24,1946.48,364.76,Partially Approved
1204132,700324,102224,2025-11-10,Private,2980.98,2662.53,318.45,Approved
1204133,703970,100968,2025-12-06,Medicare,9238.41,6357.77,2880.64,Approved
1204134,705002,100949,2024-05-05,Medicare,1440.55,873.99,566.56,Approved
1204135,703255,101994,2021-01-19,Medicare,4729.73,3485.71,1244.02,Approved
1204136,701374,100295,2022-06-07,Medicaid,4181.09,3941.67,239.42,Approved
1204137,701117,101324,2021-10-28,Private,1145.52,651.62,493.9,Approved
1204138,703281,101176,2023-07-11,Medicare,731.42,672.98,58.44,Pending
1204139,700243,101751,2023-02-23,Medicare,530.4,468.3,62.1,Partially Approved
1204140,705555,102342,2021-02-10,Uninsured,2989.32,2300.62,688.7,Approved
1204141,705777,101489,2021-09-04,Private,1721.65,1526.69,194.96,Approved
1204142,705463,102167,2023-12-03,Medicare,2613.27,2193.12,420.15,Approved
1204143,703391,100209,2025-09-22,Private,3594.03,2532.32,1061.71,Approved
1204144,700140,100967,2023-07-19,Private,2805.85,2742.2,63.65,Partially Approved
1204145,701860,100791,2023-10-09,Medicare,2659.43,1861.87,797.56,Approved
1204146,701121,100674,2021-03-08,Private,4705.36,3141.27,1564.09,Approved
1204147,703876,102158,2025-12-29,Medicaid,1494.85,1187.84,307.01,Approved
1204148,700109,101926,2025-01-26,Private,1511.82,,428.33,Partially Approved
1204149,705253,100673,2025-02-26,Medicaid,883.4,588.03,295.37,Approved
1204150,704506,100568,2025-07-16,Private,787.65,642.22,145.43,Pending
1204151,702844,101147,2022-05-19,Medicaid,2237.51,1233.45,1004.06,Approved
1204152,705032,101714,2024-01-20,Private,4432.59,3811.26,621.33,Approved
1204153,702242,102446,2021-05-30,Private,2526.01,2285.45,240.56,Approved
1204154,703152,101463,2023-01-20,Medicare,2949.41,2505.78,2949.41,Denied
1204155,703251,102024,2021-07-03,Private,6670.73,5941.42,729.31,Partially Approved
1204156,706114,101216,2023-12-18,Private,1035.18,940.33,94.85,Approved
1204157,701491,101146,2021-09-28,Medicaid,1287.21,1122.5,164.71,Approved
1204158,701950,101152,2022-12-28,Medicare,2118.89,1466.78,652.11,Partially Approved
1204159,706406,101785,2021-11-05,Medicare,1190.8,955.73,235.07,Approved
1204160,704090,100839,2022-06-07,Medicare,2070.69,1352.76,717.93,Approved
1204161,703935,100739,2022-11-16,Private,481.72,407.86,73.86,Partially Approved
1204162,705948,102110,2021-02-01,Private,1115.72,1038.61,77.11,Partially Approved
1204163,701642,101845,2021-06-22,Private,1931.33,1770.45,160.88,Approved
1204164,704530,102135,2023-12-12,Medicaid,567.02,551.17,15.85,Approved
1204165,705860,100031,2022-10-02,Private,868.69,685.23,183.46,Approved
1204166,702888,102084,2022-07-15,Private,4222.26,3455.63,766.63,Approved
1204167,703974,100095,2022-02-23,Medicare,8837.94,7616.86,1221.08,Approved
1204168,701666,101400,2023-08-09,Private,3644.39,2399.45,1244.94,Partially Approved
1204169,705646,100070,2021-08-28,Medicare,1063.97,1034.76,29.21,Approved
1204170,703492,100078,2022-05-09,Medicare,647.06,428.31,218.75,Approved
1204171,702102,100324,2022-12-03,Medicare,1198.55,869.71,328.84,Approved
1204172,700091,101562,2024-01-11,Private,1891.51,1376.37,515.14,Approved
1204173,701873,102174,2023-08-03,Medicaid,1559.0,1178.6,380.4,Partially Approved
1204174,701853,100910,2025-11-07,Uninsured,2621.41,1720.95,900.46,Partially Approved
1204175,701940,100255,2023-01-09,Medicare,5429.6,3040.25,2389.35,Pending
1204176,705563,100150,2023-01-28,Medicaid,2105.63,1985.39,120.24,Approved
1204177,700751,100580,2023-07-15,Medicare,1593.15,1400.74,192.41,Approved
1204178,703229,101408,2022-09-28,Private,1049.7,648.3,401.4,Partially Approved
1204179,704575,101821,2021-01-22,Medicare,2604.49,2469.05,2604.49,Denied
1204180,703009,101995,2022-07-15,Private,2135.31,1722.1,413.21,Approved
1204181,704952,101045,2021-08-01,Private,2156.06,1434.94,721.12,Partially Approved
1204182,702110,100476,2025-12-18,Private,2262.53,1245.01,1017.52,Approved
1204183,703769,101455,2023-12-23,Private,3471.99,3025.86,446.13,Approved
1204184,706339,101728,2025-06-17,Medicaid,1420.97,939.17,481.8,Approved
1204185,703300,102475,2021-09-26,Medicare,270.26,172.87,97.39,Partially Approved
1204186,704968,101548,2021-05-19,Medicare,4203.52,2813.48,1390.04,Approved
1204187,703926,101928,2023-06-14,Medicare,1549.08,908.86,640.22,Partially Approved
1204188,702167,102416,2023-10-01,Private,4888.6,2724.68,2163.92,Partially Approved
1204189,701372,100144,2021-08-05,Medicaid,2298.32,1412.9,885.42,Approved
1204190,706391,101016,2023-04-13,Private,920.64,556.3,364.34,Approved
1204191,701951,100524,2025-10-26,Private,1289.49,770.58,518.91,Pending
1204192,702021,101488,2023-09-22,Medicare,1880.5,1577.13,303.37,Approved
1204193,703257,101484,2023-10-04,Medicaid,1996.77,1854.59,142.18,Approved
1204194,701411,101439,2023-05-03,Medicare,4436.46,3026.86,4436.46,Denied
1204195,700429,100108,2024-06-27,Medicare,2852.61,1698.28,1154.33,Pending
1204196,701708,100357,2022-04-14,Medicaid,1207.79,1029.28,178.51,Partially Approved
1204197,704279,101788,2025-05-13,Medicaid,824.95,493.74,331.21,Pending
1204198,703230,100022,2025-09-21,Private,1972.49,1521.55,450.94,Partially Approved
1204199,705539,101472,2025-07-05,Medicare,2178.98,1639.85,539.13,Approved
1204200,704214,102078,2022-04-04,Private,2816.93,2367.96,448.97,Approved
1204201,705802,100230,2025-12-08,Private,1619.46,1356.3,263.16,Approved
1204202,704099,100551,2025-07-12,Private,5358.45,3227.93,5358.45,Denied
1204203,700699,100525,2024-07-20,Medicare,5488.47,4524.97,963.5,Approved
1204204,702126,101032,2021-11-30,Medicaid,1507.91,853.4,654.51,Approved
1204205,701134,100756,2022-11-17,Medicaid,6104.08,3771.56,6104.08,Denied
1204206,704208,101848,2025-03-09,Private,7600.5,6193.42,1407.08,Approved
1204207,700328,101965,2024-12-23,Private,905.21,856.69,48.52,Approved
1204208,702021,100186,2023-04-26,Medicaid,7122.63,6682.28,440.35,Partially Approved
1204209,705451,100540,2023-12-13,Private,1367.31,961.03,406.28,Approved
1204210,703400,101462,2025-07-29,Private,2299.77,1741.09,2299.77,Denied
1204211,701727,100652,2025-11-17,Private,3514.39,2890.41,623.98,Approved
1204212,706444,100798,2025-03-14,Medicaid,2055.37,1821.68,233.69,Approved
1204213,702684,100324,2024-05-31,Private,4231.95,3455.35,776.6,Approved
1204214,701387,100207,2021-09-01,Private,1388.09,1084.46,303.63,Pending
1204215,704856,100280,2025-01-31,Private,2437.22,1432.29,1004.93,Approved
1204216,700821,100576,2023-11-16,Medicare,2403.91,2108.47,295.44,Approved
1204217,704321,101832,2024-03-23,Medicare,2830.0,2599.8,230.2,Approved
1204218,704439,100202,2025-01-27,Private,2548.19,1748.48,799.71,Approved
1204219,705065,100946,2023-04-25,Medicaid,4758.9,3163.78,1595.12,Approved
1204220,706260,100766,2024-07-02,Medicaid,4689.76,3043.82,1645.94,Approved
1204221,701514,100990,2021-01-06,Private,791.69,764.61,27.08,Approved
1204222,704841,100428,2025-06-09,Medicare,2817.74,2726.77,90.97,Approved
1204223,700019,101322,2024-11-09,Private,4096.07,3108.96,987.11,Approved
1204224,705371,100441,2023-04-22,Medicare,1353.51,1299.36,54.15,Partially Approved
1204225,704249,101613,2025-11-10,Private,4207.32,2579.21,1628.11,Pending
1204226,705644,101360,2022-03-31,Private,2327.99,1505.03,822.96,Partially Approved
1204227,705554,100183,2025-10-06,Medicare,4633.62,2744.8,1888.82,Approved
1204228,700984,101609,2024-11-07,Medicare,3151.22,2353.19,798.03,Approved
1204229,705334,102082,2021-08-14,Private,2638.81,2121.08,517.73,Approved
1204230,701885,100410,2025-12-23,Private,2987.1,2338.6,648.5,Approved
1204231,702330,100624,2025-05-17,Private,1277.8,814.74,1277.8,Denied
1204232,700337,101537,2024-01-14,Private,1363.37,1244.96,118.41,Approved
1204233,700255,101163,2025-08-05,Private,6103.28,3826.47,2276.81,Approved
1204234,706124,100771,2024-09-01,Medicaid,7587.58,6689.32,898.26,Approved
1204235,705124,101523,2023-04-24,Uninsured,758.38,463.52,294.86,Partially Approved
1204236,700793,101916,2025-01-30,Medicaid,3057.9,2857.98,199.92,Approved
1204237,705248,101587,2022-01-26,Medicaid,2597.51,1473.63,1123.88,Partially Approved
1204238,700349,101345,2022-10-22,Private,681.0,555.23,125.77,Approved
1204239,705751,100966,2021-11-10,Private,344.87,294.74,50.13,Approved
1204240,704767,100008,2023-09-22,Medicaid,2740.86,1958.21,782.65,Approved
1204241,705706,100929,2022-09-25,Private,1656.97,959.93,697.04,Approved
1204242,702152,100228,2022-10-31,Private,2362.39,2038.93,323.46,Approved
1204243,705225,102141,2021-10-02,Medicare,3368.63,2126.78,1241.85,Approved
1204244,702014,101121,2021-05-12,Private,733.37,687.8,45.57,Approved
1204245,700279,100990,2024-04-17,Medicare,852.92,611.49,241.43,Partially Approved
1204246,705756,102234,2022-11-28,Private,1043.69,915.75,127.94,Partially Approved
1204247,700702,102070,2022-01-23,Private,3468.02,2936.94,531.08,Approved
1204248,703381,101980,2024-10-29,Private,1405.87,1316.16,89.71,Approved
1204249,704173,102361,2022-11-06,Private,1501.78,1228.04,273.74,Approved
1204250,703945,101494,2024-10-10,Medicaid,1866.56,1571.59,294.97,Pending
1204251,703195,100144,2025-09-14,Private,2651.48,1975.9,675.58,Approved
1204252,706230,100852,2021-05-25,Medicaid,1305.54,818.79,486.75,Approved
1204253,700536,101471,2022-11-20,Private,1167.83,727.68,440.15,Approved
1204254,703918,101301,2023-07-28,Medicaid,893.03,627.43,265.6,Approved
1204255,700724,101876,2025-07-07,Private,1543.9,1040.36,503.54,Approved
1204256,704528,101875,2025-12-15,Private,3107.62,1933.84,1173.78,Partially Approved
1204257,701371,101227,2024-08-12,Medicare,7676.18,5733.73,7676.18,Denied
1204258,704222,101206,2023-09-07,Private,1703.79,1062.66,641.13,Approved
1204259,701208,101808,2024-01-18,Private,5746.74,,1937.31,Partially Approved
1204260,703207,101745,2025-09-21,Private,861.49,516.36,345.13,Approved
1204261,701184,100914,2025-07-28,Private,328.48,237.92,328.48,Denied
1204262,703259,100510,2021-01-31,Medicare,5127.63,4983.24,144.39,Approved
1204263,701782,100101,2024-12-09,Private,497.52,396.23,101.29,Partially Approved
1204264,706023,100482,2021-12-23,Medicaid,3345.01,2594.08,750.93,Partially Approved
1204265,704037,101535,2021-08-08,Private,5527.83,5381.47,146.36,Approved
1204266,700946,100014,2023-03-04,Private,9590.83,7857.01,1733.82,Approved
1204267,703817,100653,2025-06-01,Medicaid,3387.65,2172.82,1214.83,Approved
1204268,700003,101494,2022-10-06,Medicare,5159.31,4965.22,194.09,Approved
1204269,702590,101198,2023-05-01,Medicare,1700.91,1269.19,431.72,Approved
1204270,706152,101584,2022-01-02,Medicare,2848.95,1584.32,2848.95,Denied
1204271,704431,101818,2023-10-03,Private,2044.8,1409.7,2044.8,Denied
1204272,704205,100319,2025-01-14,Private,348.77,275.58,73.19,Approved
1204273,704283,100332,2023-08-28,Private,1949.78,1512.54,437.24,Partially Approved
1204274,704603,100481,2022-04-16,Medicare,938.58,778.67,938.58,Denied
1204275,702701,101447,2021-06-13,Medicare,2615.18,1672.39,942.79,Approved
1204276,705667,100613,2021-01-17,Private,3118.18,2182.24,935.94,Approved
1204277,704522,101210,2024-12-17,Private,3526.2,3022.28,503.92,Approved
1204278,704383,101099,2021-07-05,Medicare,2561.74,2457.29,104.45,Approved
1204279,704478,100983,2021-10-02,Medicaid,1440.69,1163.83,276.86,Partially Approved
1204280,701374,101246,2023-02-21,Private,6187.02,3748.95,2438.07,Approved
1204281,702113,100737,2023-06-26,Private,970.31,784.27,186.04,Approved
1204282,700208,101063,2025-12-14,Private,1433.27,1067.28,365.99,Approved
1204283,702462,102338,2023-07-04,Medicaid,887.27,845.88,41.39,Approved
1204284,702238,101515,2024-10-18,Private,2121.24,2034.18,87.06,Approved
1204285,701146,100785,2023-11-16,Private,4776.2,2792.71,1983.49,Partially Approved
1204286,704263,100560,2023-05-13,Private,658.58,549.89,108.69,Approved
1204287,705057,100840,2023-08-23,Private,4790.99,4456.09,334.9,Approved
1204288,705594,101147,2023-07-23,Medicare,811.21,749.22,61.99,Approved
1204289,704558,101959,2022-10-13,Private,492.67,312.07,180.6,Approved
1204290,702278,100725,2023-05-04,Private,3810.44,2560.87,1249.57,Approved
1204291,701790,101192,2022-08-12,Medicare,11036.57,7792.57,3244.0,Partially Approved
1204292,704831,102261,2024-03-07,Medicare,5223.59,3580.08,1643.51,Approved
1204293,700770,100681,2025-06-01,Medicaid,1834.29,1257.81,576.48,Approved
1204294,704843,100439,2021-12-24,Private,1342.99,1090.88,252.11,Approved
1204295,705324,101431,2021-04-20,Medicare,3294.18,2319.23,974.95,Approved
1204296,702508,101356,2024-12-13,Private,2912.79,2543.55,369.24,Pending
1204297,705116,101831,2021-07-03,Private,19473.01,15225.33,4247.68,Approved
1204298,704945,101429,2021-09-24,Medicare,2497.39,2321.54,175.85,Approved
1204299,702461,101003,2022-05-07,Medicaid,909.22,714.96,194.26,Approved
1204300,703519,100491,2024-08-01,Private,1965.82,1561.56,404.26,Approved
1204301,703578,102228,2025-02-13,Medicaid,2490.45,2095.19,395.26,Partially Approved
1204302,700704,101375,2025-12-23,Medicare,5106.15,3496.29,1609.86,Approved
1204303,706350,101847,2021-10-14,Private,1184.28,933.88,250.4,Partially Approved
1204304,703105,101369,2025-11-07,Medicaid,3699.32,3611.5,3699.32,Denied
1204305,700049,102349,2021-07-02,Medicare,458.32,367.24,91.08,Approved
1204306,705871,101962,2025-12-10,Private,1693.16,1494.91,198.25,Approved
1204307,702228,101930,2023-11-23,Uninsured,729.96,434.31,295.65,Approved
1204308,700765,102118,2023-03-22,Private,2839.45,2204.69,634.76,Approved
1204309,703693,101705,2024-08-29,Medicaid,523.76,454.63,69.13,Approved
1204310,704687,102355,2021-08-05,Private,5653.43,3858.55,1794.88,Approved
1204311,705316,100167,2024-10-08,Medicare,2840.55,1734.58,1105.97,Approved
1204312,706438,100281,2025-01-31,Medicare,3432.47,2543.93,888.54,Approved
1204313,702937,101274,2021-08-27,Medicaid,1135.67,830.1,305.57,Approved
1204314,703026,101615,2024-06-06,Medicaid,2979.72,1908.47,1071.25,Approved
1204315,703755,101448,2024-12-14,Private,6185.79,4822.43,1363.36,Approved
1204316,704705,102336,2023-04-26,Medicaid,2693.2,1925.2,768.0,Approved
1204317,705124,100810,2024-04-06,Private,6320.28,4248.14,2072.14,Approved
1204318,701779,100381,2024-01-23,Private,1128.52,1046.22,82.3,Approved
1204319,700330,101608,2024-01-24,Medicare,1155.13,650.7,504.43,Partially Approved
1204320,705204,100892,2022-03-29,Private,3108.8,2499.56,609.24,Approved
1204321,701704,100791,2024-06-19,Private,5216.57,5099.35,5216.57,Denied
1204322,706060,102185,2021-01-27,Private,11397.43,11155.58,241.85,Approved
1204323,705805,100076,2021-02-05,Private,894.19,646.62,247.57,Approved
1204324,702292,101685,2024-01-13,Private,2594.0,2326.15,267.85,Approved
1204325,703627,101284,2024-11-11,Medicare,1809.87,1380.26,429.61,Approved
1204326,705487,100715,2021-11-06,Medicaid,1039.31,739.42,299.89,Approved
1204327,706431,100927,2024-01-16,Private,4289.14,3689.99,599.15,Partially Approved
1204328,704891,101477,2025-01-07,Private,6094.47,5433.85,660.62,Approved
1204329,701863,101133,2024-02-24,Medicaid,1211.23,988.97,1211.23,Denied
1204330,700902,101018,2024-05-02,Private,2760.55,2127.02,633.53,Approved
1204331,704885,101190,2025-12-02,Medicaid,1056.58,584.02,472.56,Partially Approved
1204332,702026,102146,2023-10-26,Medicare,2272.52,2049.06,223.46,Approved
1204333,700435,100078,2023-02-17,Private,6500.91,4413.82,2087.09,Approved
1204334,700222,101773,2024-09-04,Medicare,2889.5,2806.53,82.97,Partially Approved
1204335,702751,101189,2023-05-18,Private,2712.15,1823.47,888.68,Approved
1204336,701496,100019,2023-05-01,Medicaid,4643.4,2898.1,1745.3,Approved
1204337,700848,101565,2025-08-28,Medicaid,1080.75,972.79,107.96,Approved
1204338,702248,102377,2025-03-14,Medicare,6504.45,3707.46,2796.99,Pending
1204339,701821,100593,2022-03-24,Medicare,836.61,671.52,165.09,Approved
1204340,703819,100629,2023-07-13,Private,1997.25,1486.26,510.99,Partially Approved
1204341,700320,100665,2021-08-19,Private,2961.27,2249.33,711.94,Approved
1204342,700390,100477,2023-07-03,Private,773.49,681.75,91.74,Approved
1204343,705596,100968,2023-09-06,Private,4297.15,3483.42,813.73,Partially Approved
1204344,700739,101289,2024-01-16,Medicare,1770.98,1424.73,346.25,Approved
1204345,704861,101860,2022-01-21,Private,5121.59,4473.69,647.9,Partially Approved
1204346,705073,101517,2022-09-29,Medicare,958.9,606.42,352.48,Approved
1204347,702406,101760,2021-09-14,Private,1983.9,1855.07,128.83,Approved
1204348,706355,101333,2022-03-31,Private,932.31,900.79,31.52,Approved
1204349,701710,100376,2024-11-20,Medicare,3083.92,2108.57,975.35,Approved
1204350,703935,102407,2025-05-17,Private,2557.88,2264.46,293.42,Approved
1204351,703831,100580,2021-12-16,Medicaid,1853.54,1173.51,680.03,Approved
1204352,705965,101460,2021-06-11,Medicaid,5702.98,3490.96,2212.02,Partially Approved
1204353,705424,101734,2024-01-20,Medicare,1618.52,1260.79,357.73,Pending
1204354,701430,100957,2025-11-21,Private,1517.84,1068.62,449.22,Approved
1204355,702894,100762,2025-11-26,Private,1263.5,892.96,370.54,Approved
1204356,705573,101901,2025-06-09,Private,1482.93,863.67,619.26,Partially Approved
1204357,700884,101397,2023-01-16,Private,1002.76,712.46,290.3,Approved
1204358,706187,102334,2021-10-25,Medicare,5859.25,3325.39,2533.86,Approved
1204359,701691,100650,2021-01-30,Medicaid,3052.67,2128.11,924.56,Approved
1204360,700383,101316,2024-01-14,Medicare,1211.04,1087.91,123.13,Approved
1204361,705508,100092,2021-06-19,Medicaid,2705.28,1748.29,2705.28,Denied
1204362,702344,100783,2025-09-15,Medicare,1427.76,1379.87,47.89,Approved
1204363,704371,100998,2025-02-21,Private,5511.21,4497.93,1013.28,Partially Approved
1204364,704845,101227,2022-09-03,Medicaid,1563.46,877.91,685.55,Partially Approved
1204365,704329,102003,2023-09-22,Medicare,6076.55,3635.5,2441.05,Approved
1204366,704304,100365,2024-04-11,Private,5700.67,4370.13,1330.54,Approved
1204367,704036,100694,2025-12-13,Private,3245.39,2150.4,1094.99,Approved
1204368,700508,100953,2024-05-16,Medicare,10519.95,9572.96,946.99,Partially Approved
1204369,703987,101926,2021-01-02,Medicaid,1321.95,1037.39,284.56,Partially Approved
1204370,705736,100917,2025-06-19,Medicaid,1731.18,1123.48,607.7,Approved
1204371,705683,102283,2025-07-16,Medicaid,4292.83,3004.84,1287.99,Approved
1204372,705632,101164,2022-07-21,Private,3563.12,2369.91,1193.21,Approved
1204373,700006,101121,2023-03-12,Medicaid,2297.0,1917.1,379.9,Approved
1204374,704878,101717,2024-06-30,Medicaid,10831.38,7869.31,2962.07,Approved
1204375,700937,101649,2025-05-24,Medicaid,2022.01,1273.46,748.55,Approved
1204376,700566,102421,2024-05-10,Private,1413.14,937.05,476.09,Approved
1204377,702891,101961,2024-10-08,Medicaid,3030.29,1972.46,1057.83,Approved
1204378,701659,101066,2025-01-01,Private,3031.15,2854.4,176.75,Approved
1204379,702647,100905,2023-06-04,Private,4938.74,3895.1,1043.64,Approved
1204380,702887,100857,2022-03-19,Medicare,10317.06,6539.11,3777.95,Approved
1204381,704569,102435,2022-12-18,Private,1649.34,1303.71,345.63,Approved
1204382,701770,101732,2024-02-09,Private,9455.86,5221.64,4234.22,Partially Approved
1204383,704921,100029,2023-03-25,Medicaid,1831.86,1049.26,782.6,Approved
1204384,700316,100532,2022-08-05,Private,10310.61,9690.94,619.67,Partially Approved
1204385,702143,100530,2025-04-14,Private,2671.96,1746.24,925.72,Approved
1204386,704411,101878,2025-07-22,Private,2628.81,2376.23,252.58,Partially Approved
1204387,701830,100579,2025-11-14,Medicare,5180.61,4430.2,750.41,Pending
1204388,700510,102259,2022-06-19,Private,1177.19,968.51,208.68,Approved
1204389,701120,102179,2024-08-07,Medicaid,2954.24,2863.87,90.37,Approved
1204390,706194,100951,2025-02-22,Medicaid,2822.93,2128.0,694.93,Partially Approved
1204391,702455,101448,2025-04-28,Private,863.61,751.01,112.6,Partially Approved
1204392,702234,101078,2024-07-16,Private,4568.88,3969.42,599.46,Approved
1204393,705668,100989,2023-03-16,Medicare,1507.22,1179.17,328.05,Approved
1204394,701890,101233,2024-08-04,Medicaid,1368.92,806.33,562.59,Pending
1204395,704834,100261,2021-09-20,Medicare,473.91,339.32,134.59,Approved
1204396,706160,100156,2021-04-06,Private,11100.23,9513.47,1586.76,Approved
1204397,703241,102451,2023-09-10,Medicare,2340.14,2034.06,306.08,Approved
1204398,704834,100318,2022-11-27,Private,3506.23,3115.27,3506.23,Denied
1204399,701919,101847,2025-05-29,Medicare,3130.6,2198.37,932.23,Approved
1204400,701675,100528,2025-11-20,Private,3861.63,3531.21,330.42,Pending
1204401,706194,102231,2024-10-01,Medicare,3581.9,2284.54,3581.9,Denied
1204402,700520,100805,2024-04-22,Medicaid,2229.76,1823.05,406.71,Approved
1204403,701496,101210,2025-09-12,Medicare,824.77,502.57,824.77,Denied
1204404,702515,101946,2024-02-21,Private,890.49,729.61,160.88,Approved
1204405,702867,100327,2024-11-02,Medicare,4378.45,3822.04,556.41,Approved
1204406,702629,102393,2021-03-02,Uninsured,3008.36,2121.82,886.54,Approved
1204407,701014,102404,2022-07-03,Private,2168.8,1200.89,967.91,Approved
1204408,705768,100779,2023-06-12,Private,1618.45,926.58,1618.45,Denied
1204409,705887,100502,2024-12-04,Medicaid,2347.45,1342.25,1005.2,Partially Approved
1204410,700367,102077,2023-02-19,Medicare,11097.59,8997.74,2099.85,Approved
1204411,701166,101129,2023-03-15,Medicare,1600.41,1402.76,197.65,Approved
1204412,704389,102040,2022-11-27,Private,936.5,652.25,284.25,Approved
1204413,701910,100355,2021-11-28,Medicaid,2040.07,1559.6,480.47,Pending
1204414,705335,100514,2025-05-13,Private,2012.75,1166.49,846.26,Partially Approved
1204415,701656,101499,2021-01-31,Private,3479.15,3134.58,344.57,Approved
1204416,700952,100670,2021-03-01,Medicare,2135.6,1754.4,381.2,Approved
1204417,705663,101478,2021-11-02,Private,5698.27,3174.81,2523.46,Approved
1204418,702648,101546,2023-10-01,Medicare,1734.81,992.45,742.36,Partially Approved
1204419,701774,101933,2023-04-29,Medicare,3399.55,1981.22,3399.55,Denied
1204420,705931,102162,2023-02-06,Medicare,2469.28,1534.33,934.95,Approved
1204421,701557,100485,2024-09-24,Uninsured,3240.0,2043.87,1196.13,Approved
1204422,701722,100359,2023-04-27,Private,2225.16,1781.65,443.51,Approved
1204423,705838,102500,2023-03-14,Medicare,1982.66,1891.88,90.78,Partially Approved
1204424,702171,101579,2021-10-06,Medicaid,619.86,412.67,207.19,Approved
1204425,703415,101733,2022-06-27,Medicare,3600.56,2325.33,1275.23,Approved
1204426,701804,100750,2025-08-16,Private,2722.37,1896.94,825.43,Approved
1204427,702982,102459,2023-10-22,Private,2126.22,1267.05,859.17,Partially Approved
1204428,704095,101488,2024-03-15,Medicaid,1983.84,1576.39,407.45,Approved
1204429,701405,100167,2023-01-09,Medicaid,2633.93,1506.33,1127.6,Approved
1204430,700785,100088,2024-04-22,Medicare,3758.67,3177.41,581.26,Approved
1204431,704134,100326,2024-06-05,Medicare,2340.87,1488.45,852.42,Approved
1204432,703304,100768,2021-02-19,Private,1285.55,1067.5,218.05,Approved
1204433,704879,101238,2024-11-30,Uninsured,1745.63,,527.68,Partially Approved
1204434,701580,100907,2021-01-14,Medicare,5468.49,4145.62,1322.87,Pending
1204435,703180,102019,2025-07-09,Private,1367.44,878.79,488.65,Approved
1204436,706294,100636,2025-04-16,Private,4782.27,2745.04,2037.23,Approved
1204437,700766,101869,2022-02-13,Medicare,1538.98,1009.31,529.67,Approved
1204438,703743,100104,2025-08-28,Private,5141.55,4523.54,618.01,Approved
1204439,701705,102169,2021-04-14,Private,575.54,416.19,159.35,Approved
1204440,705446,101850,2023-07-01,Medicare,11516.4,8477.75,3038.65,Approved
1204441,706440,101093,2023-07-23,Medicare,8933.38,5413.2,3520.18,Approved
1204442,706420,101228,2024-06-15,Medicare,3316.64,2909.17,407.47,Approved
1204443,700544,101970,2023-12-30,Private,3267.54,1866.32,1401.22,Partially Approved
1204444,704784,102333,2025-08-20,Private,851.74,546.7,305.04,Approved
1204445,706234,100040,2021-09-18,Medicare,3533.55,2868.46,665.09,Approved
1204446,701711,101839,2024-08-23,Private,2205.86,1933.79,272.07,Approved
1204447,705278,100195,2021-03-01,Private,4007.03,2508.91,1498.12,Approved
1204448,704531,100908,2025-07-17,Private,933.87,656.07,277.8,Approved
1204449,701935,100298,2021-01-23,Private,2191.3,1525.71,665.59,Partially Approved
1204450,700128,101262,2025-07-14,Medicaid,2303.04,2101.04,202.0,Approved
1204451,705170,101819,2021-09-12,Medicaid,6309.54,5885.08,424.46,Approved
1204452,700958,101849,2025-11-04,Medicaid,574.72,557.78,16.94,Approved
1204453,700025,101840,2022-10-03,Medicare,1267.57,961.33,306.24,Partially Approved
1204454,704409,101741,2021-11-05,Private,2459.83,2381.32,78.51,Partially Approved
1204455,700811,101885,2025-07-16,Private,1609.36,891.14,718.22,Approved
1204456,705026,101432,2021-02-02,Medicare,857.3,563.64,293.66,Pending
1204457,700163,100083,2023-09-15,Medicare,4138.14,3259.31,878.83,Approved
1204458,700047,101563,2023-12-05,Private,2994.87,1762.9,2994.87,Denied
1204459,704752,100206,2023-06-13,Private,2153.09,1494.7,658.39,Pending
1204460,704190,100231,2023-06-26,Medicaid,1787.33,1305.61,1787.33,Denied
1204461,700563,100314,2023-04-15,Private,1931.04,1340.6,1931.04,Denied
1204462,702543,101973,2023-01-01,Private,2399.87,2257.81,2399.87,Denied
1204463,705870,101121,2024-04-08,Private,2474.07,2368.55,105.52,Approved
1204464,700288,100545,2023-01-22,Medicaid,5000.17,4230.91,769.26,Approved
1204465,701699,100996,2024-11-18,Medicare,3306.45,2280.78,1025.67,Approved
1204466,703747,101521,2022-12-08,Private,6108.58,5336.79,771.79,Partially Approved
1204467,703311,100738,2025-06-03,Private,728.85,601.97,126.88,Approved
1204468,705017,101042,2021-04-11,Private,7449.85,5625.82,1824.03,Partially Approved
1204469,704720,102370,2021-04-21,Medicare,5825.54,4706.14,1119.4,Pending
1204470,704017,102391,2023-02-28,Medicaid,1885.99,1451.04,434.95,Approved
1204471,703241,102272,2025-04-21,Uninsured,927.34,855.16,72.18,Partially Approved
1204472,706255,102098,2023-10-03,Private,1334.01,1171.99,162.02,Approved
1204473,701405,101229,2024-05-28,Medicaid,2874.8,2447.66,427.14,Approved
1204474,705337,100264,2022-10-23,Uninsured,9940.47,7123.97,2816.5,Approved
1204475,706397,101813,2024-11-06,Medicaid,1283.91,864.58,1283.91,Denied
1204476,703545,101792,2025-05-21,Medicare,1915.15,1135.11,780.04,Approved
1204477,706253,102488,2025-03-26,Private,1610.3,1068.13,542.17,Approved
1204478,703660,101136,2023-06-06,Private,3031.33,2111.3,3031.33,Denied
1204479,703359,100950,2024-07-07,Medicare,4964.99,4291.21,673.78,Approved
1204480,702953,101119,2022-12-27,Private,2041.65,1534.8,506.85,Approved
1204481,702587,100368,2023-03-08,Medicare,3855.35,2508.74,3855.35,Denied
1204482,704314,100045,2022-01-23,Medicaid,2690.82,2163.87,526.95,Partially Approved
1204483,705219,102451,2022-02-14,Medicaid,3803.28,3272.88,530.4,Pending
1204484,702755,101460,2025-12-29,Private,2907.07,2100.55,806.52,Approved
1204485,701133,100193,2025-11-13,Private,1533.54,1336.45,197.09,Approved
1204486,705909,100698,2023-08-04,Private,733.22,664.83,68.39,Approved
1204487,706299,101830,2021-09-04,Medicaid,2003.12,1252.91,750.21,Approved
1204488,704932,101330,2021-04-12,Medicaid,2408.95,2059.85,349.1,Approved
1204489,700152,100720,2024-03-19,Private,4708.59,3624.81,1083.78,Approved
1204490,704910,100892,2022-05-07,Medicare,7108.65,3947.01,3161.64,Approved
1204491,705840,100464,2023-04-28,Private,3566.89,2110.57,1456.32,Partially Approved
1204492,705799,100671,2023-04-17,Private,1184.81,786.44,398.37,Approved
1204493,701214,101387,2022-11-03,Private,3532.58,2690.12,842.46,Approved
1204494,704697,101075,2021-08-04,Medicare,815.84,739.39,76.45,Approved
1204495,700035,101199,2021-07-29,Private,1343.64,956.5,387.14,Pending
1204496,705742,101504,2024-11-15,Medicaid,766.24,740.01,26.23,Approved
1204497,701105,101943,2021-03-22,Uninsured,505.52,403.9,101.62,Approved
1204498,702966,100364,2022-11-01,Private,11519.58,7093.84,4425.74,Approved
1204499,701335,101062,2022-12-31,Private,6521.73,4738.54,1783.19,Approved
1204500,701361,102075,2021-06-24,Private,2270.71,1957.28,313.43,Approved
1204501,701079,100451,2022-08-02,Medicaid,2433.24,1480.22,953.02,Approved
1204502,701052,100692,2023-12-04,Private,5615.0,4673.33,941.67,Approved
1204503,702375,101039,2021-10-31,Private,1860.55,1064.11,796.44,Pending
1204504,704578,101280,2024-03-31,Private,1289.22,960.85,328.37,Approved
1204505,704966,100253,2022-11-15,Private,1428.53,1315.42,113.11,Approved
1204506,701738,100537,2021-11-21,Private,5015.87,4569.3,5015.87,Denied
1204507,701675,100731,2022-03-04,Private,2428.91,1835.1,593.81,Partially Approved
1204508,704458,100199,2024-07-27,Medicare,4200.29,2686.8,1513.49,Approved
1204509,702157,100209,2022-08-27,Private,2572.71,1970.72,601.99,Approved
1204510,700825,100847,2023-03-26,Medicaid,1070.88,820.12,250.76,Approved
1204511,704316,101714,2024-12-13,Private,474.65,337.13,137.52,Approved
1204512,701814,101264,2022-04-20,Private,3997.97,3255.3,742.67,Partially Approved
1204513,702515,102000,2024-01-15,Private,1650.62,1546.39,104.23,Approved
1204514,706303,101344,2023-12-17,Private,1746.6,1654.34,92.26,Pending
1204515,704448,100714,2025-03-17,Medicare,4677.23,,448.83,Approved
1204516,704252,101118,2023-12-14,Medicare,1824.45,1351.04,473.41,Approved
1204517,706196,100247,2024-12-07,Medicare,1845.16,1666.81,178.35,Approved
1204518,702434,101542,2024-01-22,Medicare,3622.88,2482.94,1139.94,Approved
1204519,705049,102386,2022-02-05,Private,2393.18,2138.84,254.34,Approved
1204520,704356,101890,2022-11-05,Medicaid,5847.35,4560.21,1287.14,Partially Approved
1204521,701701,101701,2022-06-27,Medicare,2910.65,2247.09,663.56,Approved
1204522,700686,102013,2022-08-29,Private,5812.34,4839.85,972.49,Approved
1204523,700389,102397,2023-06-30,Medicare,5568.18,5301.13,267.05,Approved
1204524,700219,101996,2022-01-01,Private,1681.3,1104.54,576.76,Approved
1204525,706072,100990,2022-12-06,Private,3019.28,2255.76,763.52,Approved
1204526,702828,100767,2023-08-09,Medicare,3617.57,3449.81,167.76,Approved
1204527,703907,101373,2023-12-05,Private,1024.48,989.58,34.9,Approved
1204528,706425,100212,2021-02-12,Uninsured,1752.0,1712.39,39.61,Partially Approved
1204529,700256,100195,2021-02-21,Private,1819.48,1163.81,655.67,Approved
1204530,701012,100402,2023-06-18,Private,1384.07,1321.62,62.45,Approved
1204531,704593,102459,2023-01-14,Medicaid,1914.03,1347.39,566.64,Approved
1204532,705619,101734,2025-06-21,Medicare,2893.13,2080.1,2893.13,Denied
1204533,702455,100610,2023-04-25,Uninsured,1872.03,1781.6,90.43,Partially Approved
1204534,706296,101305,2022-02-17,Private,804.76,464.63,340.13,Approved
1204535,705168,102424,2025-04-28,Private,798.02,,195.66,Approved
1204536,705630,100799,2024-05-26,Private,3542.9,2789.02,753.88,Partially Approved
1204537,700679,100577,2021-07-25,Private,1456.87,861.45,595.42,Partially Approved
1204538,702875,100214,2025-07-11,Medicare,3206.66,2773.66,433.0,Partially Approved
1204539,701359,102063,2023-05-14,Private,2902.45,2153.31,749.14,Partially Approved
1204540,703336,101895,2022-12-03,Medicaid,5343.26,4006.08,1337.18,Approved
1204541,705936,101421,2025-03-02,Medicare,3936.15,3462.21,473.94,Approved
1204542,705082,100407,2022-08-25,Medicaid,1798.03,1235.94,562.09,Approved
1204543,706160,101718,2023-02-05,Medicaid,2042.01,1402.76,639.25,Approved
1204544,702889,100830,2022-12-17,Medicare,6810.4,4226.74,2583.66,Partially Approved
1204545,704958,100173,2021-05-15,Uninsured,2933.01,2385.86,547.15,Approved
1204546,702383,100690,2022-07-17,Medicare,3829.35,2839.76,989.59,Approved
1204547,704660,100758,2025-07-27,Uninsured,1468.43,1378.74,89.69,Pending
1204548,703606,100502,2021-10-28,Medicaid,5383.02,3808.91,1574.11,Partially Approved
1204549,705887,100546,2025-08-17,Medicare,608.11,337.08,271.03,Approved
1204550,700973,101268,2024-10-01,Private,5180.06,2901.45,2278.61,Partially Approved
1204551,701502,101989,2021-10-23,Private,3795.74,3490.67,305.07,Approved
1204552,704245,102422,2025-10-22,Private,2263.52,1706.67,556.85,Pending
1204553,703843,100620,2021-10-30,Medicaid,1835.39,1704.59,130.8,Approved
1204554,702258,100222,2024-09-24,Private,3592.68,2149.19,1443.49,Approved
1204555,704988,100781,2022-08-23,Private,4480.21,3609.3,870.91,Approved
1204556,701885,101196,2022-08-26,Private,2937.68,2575.7,361.98,Approved
1204557,705844,100944,2025-04-10,Medicare,1490.47,1234.38,256.09,Approved
1204558,704087,101890,2024-12-31,Private,5977.51,5195.45,782.06,Approved
1204559,701075,101177,2024-02-01,Medicare,5525.9,3254.68,2271.22,Approved
1204560,705926,100282,2021-06-23,Private,235.52,180.34,55.18,Approved
1204561,704771,100601,2021-12-03,Private,1669.62,1573.14,96.48,Approved
1204562,706314,100053,2023-02-25,Medicare,2468.59,2261.11,207.48,Partially Approved
1204563,701578,102411,2022-08-06,Private,656.31,382.63,273.68,Partially Approved
1204564,706386,100857,2023-06-12,Medicaid,1907.56,1218.26,689.3,Approved
1204565,705942,100020,2021-11-24,Uninsured,2181.45,1820.87,360.58,Approved
1204566,705634,101909,2024-08-18,Private,1535.95,951.03,584.92,Approved
1204567,706199,101334,2024-09-27,Medicare,1931.05,1171.09,759.96,Approved
1204568,706306,100588,2025-05-13,Private,2217.35,1422.03,795.32,Approved
1204569,704794,100796,2023-11-07,Medicare,1818.03,1471.99,346.04,Approved
1204570,705624,102093,2021-11-06,Private,2462.45,2008.56,453.89,Approved
1204571,704497,101227,2024-04-30,Private,1520.46,1030.47,489.99,Partially Approved
1204572,701908,100726,2022-02-17,Medicaid,1884.96,1576.1,308.86,Approved
1204573,705596,102205,2024-10-14,Medicaid,3274.45,2391.83,882.62,Approved
1204574,706439,102305,2023-02-28,Medicaid,1378.41,1070.7,307.71,Pending
1204575,703198,101855,2024-12-18,Private,438.66,395.07,43.59,Approved
1204576,704733,100005,2023-07-19,Private,4624.83,3655.21,969.62,Partially Approved
1204577,704188,102116,2025-08-13,Private,2235.93,1313.41,922.52,Approved
1204578,704022,100567,2021-09-19,Medicaid,7107.45,4203.89,2903.56,Approved
1204579,705953,100548,2024-11-23,Medicaid,5110.3,3351.27,1759.03,Partially Approved
1204580,705025,101057,2025-02-15,Private,2550.7,1688.88,861.82,Approved
1204581,703571,101769,2025-04-11,Medicaid,2021.67,1705.15,316.52,Approved
1204582,700482,102268,2023-08-27,Medicare,2661.15,2137.89,523.26,Approved
1204583,700150,100063,2024-06-15,Medicaid,1708.24,1160.03,548.21,Approved
1204584,705738,101845,2022-07-22,Medicaid,2540.94,2408.65,132.29,Approved
1204585,704001,100097,2022-07-29,Medicaid,3663.11,2472.58,1190.53,Approved
1204586,700182,101599,2025-06-20,Private,1971.78,1590.68,381.1,Approved
1204587,705603,101151,2024-11-15,Private,845.49,632.83,212.66,Approved
1204588,700951,101343,2024-06-05,Medicare,4333.02,3660.35,672.67,Partially Approved
1204589,706160,101672,2022-09-13,Private,1554.69,1008.81,545.88,Partially Approved
1204590,702782,101764,2025-12-15,Medicaid,325.48,313.77,325.48,Denied
1204591,701159,100698,2022-07-26,Medicaid,2633.12,1581.22,1051.9,Approved
1204592,700501,102467,2021-07-30,Private,1663.94,1198.47,465.47,Partially Approved
1204593,704472,102242,2025-07-16,Private,1078.22,721.7,356.52,Approved
1204594,703753,100696,2023-10-17,Medicare,1061.29,702.65,358.64,Approved
1204595,700009,100230,2024-01-02,Medicare,2561.89,2346.65,215.24,Approved
1204596,700443,100273,2021-07-25,Private,3592.05,2606.52,3592.05,Denied
1204597,700318,101448,2023-05-18,Private,1702.31,1031.52,670.79,Approved
1204598,705453,100841,2024-03-04,Private,1112.26,666.11,446.15,Partially Approved
1204599,705294,102387,2024-08-12,Private,3778.27,2306.85,1471.42,Approved
1204600,701388,100753,2023-02-01,Medicaid,4170.39,2967.54,4170.39,Denied
1204601,703769,101614,2024-05-01,Private,2691.79,2176.04,515.75,Approved
1204602,704776,101392,2025-06-24,Medicare,1197.99,1043.18,154.81,Approved
1204603,700449,102290,2024-06-26,Private,5986.63,4710.47,5986.63,Denied
1204604,705903,102036,2022-03-13,Medicare,10878.51,9564.35,1314.16,Approved
1204605,700646,101413,2022-07-06,Uninsured,1383.96,1225.15,158.81,Partially Approved
1204606,703848,101377,2023-11-18,Private,2526.37,2160.06,366.31,Approved
1204607,706162,102038,2022-08-12,Private,2667.36,2153.59,513.77,Approved
1204608,701355,101602,2021-11-20,Private,2989.42,1848.51,1140.91,Approved
1204609,703603,100781,2022-09-29,Medicaid,2018.03,1734.23,283.8,Approved
1204610,703321,101756,2024-05-11,Private,1747.17,1219.35,527.82,Partially Approved
1204611,706090,101765,2022-03-29,Medicare,2542.41,2392.83,149.58,Approved
1204612,701013,100887,2021-11-18,Medicare,4261.78,2656.97,4261.78,Denied
1204613,703120,101553,2025-03-05,Medicare,2178.26,1934.22,244.04,Partially Approved
1204614,705259,101622,2024-04-09,Private,3712.16,2782.31,929.85,Approved
1204615,704836,101683,2023-06-11,Medicare,2433.58,1363.78,1069.8,Partially Approved
1204616,704413,101727,2021-10-18,Private,3004.98,2899.02,105.96,Approved
1204617,705810,100532,2021-08-29,Private,2053.43,1252.97,800.46,Partially Approved
1204618,701561,102363,2022-09-28,Uninsured,3873.4,2767.69,1105.71,Approved
1204619,703787,101041,2023-04-05,Private,2737.58,1732.59,1004.99,Partially Approved
1204620,705242,100445,2024-10-28,Private,983.48,781.22,202.26,Partially Approved
1204621,702341,101895,2024-07-11,Private,1556.5,1158.81,397.69,Approved
1204622,702396,102366,2023-08-28,Medicare,8860.68,5900.85,2959.83,Approved
1204623,702823,100928,2023-09-15,Private,3292.76,2950.86,341.9,Approved
1204624,703294,100509,2021-10-17,Medicaid,1565.07,1353.68,211.39,Approved
1204625,700932,101904,2023-03-28,Medicaid,3527.66,1976.34,3527.66,Denied
1204626,705442,100344,2021-04-01,Medicare,2762.82,2125.61,637.21,Partially Approved
1204627,703243,100011,2022-06-17,Private,2502.99,1847.89,655.1,Approved
1204628,705194,102080,2023-11-20,Private,2734.12,2252.79,481.33,Approved
1204629,703804,101939,2022-02-20,Medicaid,7037.15,6400.21,636.94,Partially Approved
1204630,701192,101341,2022-05-05,Private,1289.29,786.51,502.78,Approved
1204631,706488,101631,2022-08-01,Private,2256.46,2135.49,120.97,Approved
1204632,704404,101611,2023-09-11,Private,3300.53,2322.88,977.65,Partially Approved
1204633,700456,100050,2024-05-16,Medicare,611.16,537.65,73.51,Approved
1204634,706451,100802,2022-04-11,Medicare,1550.84,1433.58,117.26,Partially Approved
1204635,700618,100361,2023-01-27,Private,1671.27,1514.21,157.06,Pending
1204636,702483,101052,2023-02-21,Private,567.22,363.08,204.14,Pending
1204637,706082,102443,2024-12-12,Medicare,1004.01,902.23,101.78,Approved
1204638,702220,100532,2025-06-11,Medicare,719.84,415.07,304.77,Approved
1204639,704304,102402,2022-03-19,Medicare,3032.94,2852.66,180.28,Partially Approved
1204640,705031,102184,2024-06-29,Uninsured,270.94,172.92,98.02,Pending
1204641,704685,100704,2021-02-28,Medicare,1527.91,919.92,607.99,Approved
1204642,700181,101892,2023-02-07,Private,4044.85,2809.61,1235.24,Approved
1204643,700729,101674,2024-05-10,Medicaid,2140.86,2026.97,113.89,Partially Approved
1204644,706277,101207,2023-08-04,Private,3757.57,3123.11,634.46,Partially Approved
1204645,703904,101758,2025-07-17,Private,2547.04,2209.31,337.73,Approved
1204646,704166,102166,2023-12-04,Private,5244.03,4604.26,5244.03,Denied
1204647,700471,100024,2025-02-10,Private,804.88,480.06,324.82,Approved
1204648,705211,100088,2024-02-04,Private,1891.06,1288.81,602.25,Approved
1204649,701130,101805,2024-02-08,Private,1644.09,1204.56,439.53,Approved
1204650,701368,101900,2023-01-09,Medicare,2185.76,1844.18,341.58,Approved
1204651,703172,101233,2023-01-05,Private,2839.66,1621.86,2839.66,Denied
1204652,701283,100979,2023-10-20,Private,5475.14,4217.44,1257.7,Approved
1204653,700664,102290,2021-07-24,Private,4323.25,2976.79,1346.46,Approved
1204654,703655,101628,2023-10-08,Medicare,2488.21,2125.28,362.93,Approved
1204655,703283,102450,2022-05-12,Private,10118.26,6231.33,3886.93,Partially Approved
1204656,704791,100052,2024-01-31,Medicaid,2337.79,1968.68,369.11,Approved
1204657,704705,101766,2025-11-19,Private,1912.91,1079.58,833.33,Approved
1204658,706260,101230,2025-02-11,Medicare,2877.75,2781.22,96.53,Approved
1204659,703558,101516,2021-01-30,Private,5650.02,4367.83,1282.19,Approved
1204660,701219,102135,2021-06-21,Medicare,3854.68,3627.79,226.89,Approved
1204661,701405,101050,2021-06-23,Medicaid,1140.24,1011.65,128.59,Approved
1204662,702300,101661,2024-05-28,Private,22421.45,16739.34,5682.11,Partially Approved
1204663,703747,102190,2024-12-29,Private,1468.14,1153.73,314.41,Approved
1204664,700748,102401,2025-04-03,Private,9296.34,8004.22,1292.12,Partially Approved
1204665,701633,101069,2025-11-12,Medicaid,5507.6,4768.36,739.24,Approved
1204666,700115,101150,2023-10-21,Private,4086.2,2664.84,1421.36,Approved
1204667,706346,101016,2021-08-31,Private,6676.37,4684.46,1991.91,Approved
1204668,706089,101641,2024-06-28,Medicare,2026.0,1204.32,821.68,Approved
1204669,705402,101319,2023-04-17,Private,2137.59,1922.06,2137.59,Denied
1204670,704276,102454,2022-04-24,Medicare,3726.9,2552.33,1174.57,Approved
1204671,705010,102484,2025-04-24,Private,13758.56,10197.85,3560.71,Approved
1204672,703687,100264,2024-11-20,Private,2022.15,1282.3,739.85,Approved
1204673,702053,100227,2024-09-22,Uninsured,3243.54,2071.81,1171.73,Approved
1204674,700343,102334,2021-04-20,Private,5317.28,3433.21,5317.28,Denied
1204675,706332,102216,2023-11-09,Private,1050.7,588.7,462.0,Approved
1204676,700359,101423,2023-06-20,Medicare,3487.39,3198.09,289.3,Approved
1204677,702609,101056,2025-12-25,Private,4112.25,2715.9,1396.35,Approved
1204678,700391,101955,2022-04-23,Medicaid,674.26,451.47,222.79,Approved
1204679,700440,101669,2025-08-04,Medicaid,1338.67,1209.41,129.26,Approved
1204680,703568,100360,2025-06-30,Private,5176.96,4468.83,708.13,Approved
1204681,706112,101394,2021-03-04,Private,1592.3,1391.96,200.34,Partially Approved
1204682,702484,101848,2023-12-31,Private,1779.4,1553.72,225.68,Approved
1204683,701932,100414,2022-04-16,Medicare,1651.73,1187.68,464.05,Approved
1204684,700960,102020,2022-08-19,Private,2002.15,1548.49,453.66,Approved
1204685,702303,101331,2025-01-07,Private,6873.93,5613.62,1260.31,Approved
1204686,705142,101712,2022-06-25,Private,738.65,507.98,738.65,Denied
1204687,701708,101738,2022-08-17,Medicare,1595.0,1253.18,341.82,Approved
1204688,706302,100741,2021-09-12,Private,4215.55,2546.66,1668.89,Approved
1204689,700813,101978,2021-08-28,Private,2549.7,1510.13,1039.57,Approved
1204690,704468,100046,2023-03-20,Medicaid,1133.07,907.33,225.74,Approved
1204691,705353,102223,2025-05-28,Medicaid,2714.76,1908.34,806.42,Approved
1204692,703983,101851,2022-03-20,Medicare,2363.1,1969.53,393.57,Approved
1204693,701606,101313,2023-09-14,Medicare,4334.28,2527.25,1807.03,Approved
1204694,703125,100188,2021-02-07,Medicaid,7807.23,5777.54,7807.23,Denied
1204695,703855,101550,2025-04-17,Private,1668.42,1210.11,458.31,Approved
1204696,705395,102451,2025-11-27,Medicaid,5425.58,3024.45,2401.13,Partially Approved
1204697,704424,101122,2023-02-06,Private,1189.16,817.04,372.12,Partially Approved
1204698,705591,100689,2024-09-13,Private,1912.46,1423.63,488.83,Partially Approved
1204699,704460,101858,2024-08-05,Private,1317.19,937.56,379.63,Pending
1204700,704911,101964,2021-06-17,Private,1106.21,876.46,229.75,Partially Approved
1204701,704693,102467,2022-12-11,Medicaid,2268.93,1871.53,397.4,Approved
1204702,701223,101468,2025-04-03,Medicare,4474.43,2774.44,1699.99,Approved
1204703,706481,102025,2023-05-26,Private,8035.08,4547.02,3488.06,Approved
1204704,701554,102474,2023-04-20,Medicare,1421.55,1256.78,164.77,Approved
1204705,705106,101507,2024-03-24,Medicaid,2223.06,1946.38,276.68,Approved
1204706,705999,100135,2025-09-30,Medicaid,3658.95,2030.52,1628.43,Approved
1204707,703506,100712,2022-03-27,Private,1967.59,1211.56,756.03,Approved
1204708,703322,102427,2021-06-22,Private,6822.42,5975.23,847.19,Approved
1204709,704122,100253,2024-11-04,Private,2382.1,2303.85,78.25,Approved
1204710,701172,102377,2024-04-24,Private,2801.03,1838.86,962.17,Partially Approved
1204711,705178,100118,2021-06-10,Medicare,1827.03,1157.95,669.08,Partially Approved
1204712,701075,102000,2024-11-18,Medicare,3830.27,3504.01,326.26,Approved
1204713,700839,101885,2022-09-09,Medicare,1316.91,769.57,1316.91,Denied
1204714,701645,100768,2021-03-13,Private,1569.99,1366.13,203.86,Approved
1204715,706296,101204,2022-12-06,Private,1361.98,781.68,580.3,Approved
1204716,702442,101026,2025-11-05,Medicaid,4325.44,2708.42,1617.02,Approved
1204717,706049,101257,2022-01-09,Medicare,1145.81,708.28,1145.81,Denied
1204718,700868,102008,2024-10-24,Private,2770.48,2478.53,2770.48,Denied
1204719,701223,102078,2021-05-12,Medicare,964.08,829.56,134.52,Partially Approved
1204720,703663,101804,2024-12-09,Private,4531.34,4424.37,4531.34,Denied
1204721,706038,102246,2021-05-13,Private,2039.2,1616.1,423.1,Pending
1204722,703304,101354,2025-02-08,Private,4798.61,3060.53,1738.08,Approved
1204723,700028,102417,2025-01-16,Private,2718.48,1513.35,1205.13,Approved
1204724,704913,102416,2022-08-21,Medicaid,6705.41,5678.48,1026.93,Approved
1204725,700061,101496,2022-08-15,Private,2900.4,1925.07,975.33,Approved
1204726,704144,100900,2021-01-03,Private,2526.06,2028.11,497.95,Pending
1204727,705344,100533,2023-03-06,Medicare,7545.21,5717.53,1827.68,Approved
1204728,704317,100065,2021-05-03,Medicare,888.49,498.41,390.08,Approved
1204729,703058,102188,2024-04-24,Private,1551.29,1321.42,229.87,Approved
1204730,705494,101871,2023-05-24,Private,5866.96,3862.94,2004.02,Partially Approved
1204731,701472,100665,2022-07-26,Private,3070.51,2389.21,681.3,Approved
1204732,703956,100594,2021-05-15,Medicaid,943.56,741.12,202.44,Partially Approved
1204733,704313,101995,2025-03-03,Private,7702.36,6872.43,829.93,Partially Approved
1204734,700240,102186,2022-10-21,Private,1944.24,1754.21,190.03,Partially Approved
1204735,704874,100692,2023-04-27,Medicaid,1396.56,1144.92,251.64,Approved
1204736,704824,100290,2025-05-10,Medicare,1795.05,1414.32,380.73,Pending
1204737,706254,101014,2025-01-12,Medicare,1807.21,1131.94,675.27,Pending
1204738,703310,100728,2021-08-31,Medicaid,758.54,732.53,26.01,Approved
1204739,706213,102046,2025-07-23,Medicaid,4498.5,3697.53,4498.5,Denied
1204740,700823,100003,2023-09-13,Medicaid,1885.67,1472.79,412.88,Approved
1204741,705599,102469,2025-03-28,Medicaid,5141.23,4108.17,1033.06,Partially Approved
1204742,702758,100803,2025-10-24,Private,1474.1,1427.66,46.44,Approved
1204743,705225,101684,2024-06-25,Medicare,3494.41,2605.69,888.72,Approved
1204744,706064,100148,2024-12-23,Private,2147.47,1701.37,446.1,Partially Approved
1204745,705122,100239,2025-11-04,Medicare,4179.15,3487.06,692.09,Partially Approved
1204746,702858,101316,2025-02-03,Medicaid,940.49,834.66,105.83,Approved
1204747,700144,101423,2023-03-11,Medicaid,2283.75,1503.13,780.62,Approved
1204748,705324,101939,2025-09-08,Medicare,4764.2,4183.75,580.45,Approved
1204749,703299,101967,2022-03-12,Uninsured,4097.91,3635.19,462.72,Approved
1204750,704839,101557,2021-11-18,Private,1238.93,1107.17,131.76,Approved
1204751,700568,101061,2025-02-27,Private,3094.28,2689.27,405.01,Approved
1204752,705640,100013,2024-05-02,Medicaid,2558.36,2128.01,430.35,Partially Approved
1204753,704530,101064,2025-01-02,Private,4611.65,2829.1,1782.55,Partially Approved
1204754,705131,100970,2025-05-29,Private,6858.28,6052.41,805.87,Pending
1204755,700407,100137,2023-03-08,Private,1802.53,1089.54,712.99,Approved
1204756,700857,101985,2024-06-27,Private,8615.55,8197.54,418.01,Approved
1204757,704874,100033,2023-08-25,Uninsured,3572.47,2673.61,898.86,Pending
1204758,703331,100409,2024-08-25,Private,6787.23,6064.2,723.03,Approved
1204759,703822,101877,2024-11-27,Private,585.6,382.19,203.41,Approved
1204760,701209,101524,2023-05-14,Medicaid,2023.31,1648.11,375.2,Partially Approved
1204761,700277,100491,2024-07-18,Private,983.53,861.95,121.58,Approved
1204762,702371,100661,2024-06-22,Private,2065.88,1257.32,808.56,Approved
1204763,700439,101584,2024-07-31,Private,1034.91,734.75,300.16,Partially Approved
1204764,702334,101108,2023-03-21,Medicaid,3667.24,2207.17,1460.07,Partially Approved
1204765,702741,100166,2022-09-04,Private,1457.44,1192.83,264.61,Approved
1204766,705996,102429,2021-11-30,Medicaid,1093.17,690.45,402.72,Partially Approved
1204767,701464,102341,2021-07-21,Private,612.06,519.5,92.56,Approved
1204768,700366,100755,2021-03-21,Private,3162.15,2069.21,1092.94,Approved
1204769,701169,100372,2025-06-07,Private,3239.25,2680.72,558.53,Pending
1204770,704720,101080,2022-05-06,Medicare,5480.54,4632.79,847.75,Approved
1204771,705686,101403,2021-09-05,Private,1286.24,825.02,461.22,Pending
1204772,704671,102288,2021-09-09,Private,775.11,528.43,246.68,Approved
1204773,700703,101801,2023-01-02,Medicaid,623.03,604.75,623.03,Denied
1204774,705424,102354,2024-10-29,Medicaid,1643.34,907.35,735.99,Approved
1204775,700101,101654,2024-11-19,Private,6508.28,6056.82,451.46,Approved
1204776,706037,100685,2022-06-14,Private,1812.94,1301.55,511.39,Approved
1204777,701117,102114,2023-01-04,Private,2461.72,1894.58,567.14,Approved
1204778,701941,100573,2021-02-07,Medicaid,1863.57,1465.73,397.84,Approved
1204779,701907,101648,2021-10-16,Medicaid,4239.14,2591.55,1647.59,Approved
1204780,701860,100349,2022-01-22,Medicaid,2423.22,1837.82,585.4,Approved
1204781,701790,101829,2022-02-02,Private,3569.39,3123.43,445.96,Approved
1204782,703562,101249,2021-09-07,Medicare,5341.66,3553.44,5341.66,Denied
1204783,700916,102084,2021-02-03,Uninsured,4672.49,2677.2,4672.49,Denied
1204784,703274,100934,2022-03-24,Private,628.29,537.92,90.37,Partially Approved
1204785,701534,100387,2024-10-14,Medicaid,3075.93,2227.47,848.46,Approved
1204786,705774,101666,2024-07-20,Private,9731.1,8011.38,9731.1,Denied
1204787,706474,100797,2022-11-13,Private,1471.99,866.37,605.62,Approved
1204788,700190,101859,2021-08-18,Medicare,885.42,702.98,182.44,Approved
1204789,701459,101261,2025-08-31,Private,350.41,284.9,65.51,Partially Approved
1204790,705918,101260,2024-08-27,Private,964.4,868.36,96.04,Approved
1204791,705907,100573,2024-05-05,Private,2728.88,2626.8,102.08,Approved
1204792,700057,100485,2021-03-14,Medicaid,2092.21,1173.58,918.63,Partially Approved
1204793,703827,102208,2022-04-25,Private,4641.68,3968.54,673.14,Partially Approved
1204794,705699,101302,2024-01-28,Private,8985.63,8336.81,648.82,Approved
1204795,705179,102429,2025-02-05,Medicare,1579.14,1401.87,177.27,Approved
1204796,702950,100927,2023-02-03,Private,4366.4,3934.17,4366.4,Denied
1204797,701458,101579,2023-03-07,Medicaid,2142.41,1724.99,417.42,Approved
1204798,701510,100319,2025-06-27,Private,2080.41,1494.5,585.91,Partially Approved
1204799,703443,102292,2022-07-13,Medicare,2298.67,2081.14,217.53,Approved
1204800,700681,102415,2025-06-30,Private,2468.24,1767.44,700.8,Approved
1204801,702805,101151,2021-12-03,Private,1270.26,1069.73,1270.26,Denied
1204802,702159,102446,2023-11-11,Private,2073.11,1513.23,559.88,Partially Approved
1204803,701733,102327,2024-03-25,Medicaid,931.67,553.81,377.86,Approved
1204804,704767,100252,2022-10-02,Private,915.0,865.75,49.25,Approved
1204805,700508,100701,2025-04-25,Private,591.88,466.92,124.96,Pending
1204806,700948,100314,2023-08-08,Uninsured,5337.24,2966.57,2370.67,Partially Approved
1204807,700876,100451,2025-09-09,Private,3921.17,3455.13,466.04,Approved
1204808,703019,100868,2025-08-07,Medicare,2332.96,2184.86,148.1,Partially Approved
1204809,704974,100226,2025-12-04,Medicaid,10358.62,7594.77,2763.85,Approved
1204810,701529,102375,2021-07-21,Private,1654.02,1476.72,177.3,Approved
1204811,703300,101021,2021-10-17,Uninsured,5705.42,5134.43,570.99,Partially Approved
1204812,706127,100254,2023-12-31,Medicare,13550.77,9628.65,3922.12,Approved
1204813,704776,101577,2021-04-21,Medicaid,3221.36,1895.36,1326.0,Approved
1204814,702534,102407,2025-03-25,Medicare,10434.02,6082.67,4351.35,Partially Approved
1204815,704920,101815,2022-09-02,Medicare,2198.85,1462.81,736.04,Partially Approved
1204816,705530,100401,2025-08-27,Private,3152.78,2968.8,183.98,Partially Approved
1204817,703207,101661,2021-12-12,Medicare,1372.66,998.5,374.16,Approved
1204818,701686,101599,2023-10-22,Medicare,2853.29,1610.48,1242.81,Approved
1204819,702216,100788,2022-09-18,Medicare,376.64,342.17,34.47,Approved
1204820,701575,101425,2021-10-12,Private,647.35,605.5,41.85,Approved
1204821,702848,102396,2024-01-03,Medicaid,1769.08,1695.71,73.37,Approved
1204822,700867,101940,2023-05-11,Private,1830.74,1277.26,553.48,Pending
1204823,706139,100028,2024-09-13,Medicare,4827.11,4168.25,658.86,Approved
1204824,703218,101065,2023-06-15,Medicaid,3033.51,1859.03,1174.48,Approved
1204825,703379,102324,2024-12-11,Private,4829.27,3395.15,1434.12,Partially Approved
1204826,703571,101859,2024-02-06,Private,2013.25,1156.38,2013.25,Denied
1204827,702123,100196,2025-05-23,Uninsured,5182.36,5021.4,160.96,Approved
1204828,701980,100306,2025-05-10,Medicaid,3470.93,3085.45,385.48,Partially Approved
1204829,706047,102240,2024-06-11,Medicare,5330.9,5081.05,249.85,Approved
1204830,706304,100942,2025-06-19,Medicare,908.2,880.36,27.84,Approved
1204831,704189,102399,2025-11-08,Medicare,7899.97,6740.42,1159.55,Approved
1204832,705389,101202,2022-05-24,Medicaid,3312.23,2041.21,1271.02,Partially Approved
1204833,705815,101066,2024-06-26,Medicaid,1333.41,744.42,588.99,Approved
1204834,702068,101970,2022-01-24,Medicare,1380.42,1339.53,40.89,Approved
1204835,700670,101357,2025-08-02,Private,5313.83,3198.06,2115.77,Approved
1204836,705659,100899,2022-03-10,Medicaid,5632.83,3878.04,1754.79,Approved
1204837,705174,100997,2021-12-17,Medicare,3083.42,2589.49,493.93,Approved
1204838,701798,100593,2023-10-30,Private,3175.36,2270.36,905.0,Approved
1204839,703937,101567,2024-08-29,Private,6125.94,4183.03,1942.91,Partially Approved
1204840,706107,102443,2025-08-15,Private,1847.0,1055.99,791.01,Pending
1204841,706307,102147,2024-02-21,Medicare,3279.69,1903.81,1375.88,Approved
1204842,703558,101332,2023-03-30,Private,1006.13,978.26,1006.13,Denied
1204843,705957,101307,2024-08-31,Medicaid,4407.11,3310.36,1096.75,Approved
1204844,705042,100309,2022-12-25,Medicaid,2571.46,2000.11,571.35,Approved
1204845,700296,101479,2024-05-07,Private,2628.87,1582.01,1046.86,Approved
1204846,702302,101944,2022-07-12,Private,1788.0,1243.64,544.36,Approved
1204847,702292,102049,2022-01-15,Medicare,997.66,740.65,257.01,Approved
1204848,704794,100290,2024-12-03,Medicare,1807.39,1255.86,551.53,Approved
1204849,700740,100756,2023-04-28,Private,2596.2,1874.29,721.91,Approved
1204850,705651,101734,2024-10-25,Private,4427.84,4283.07,144.77,Pending
1204851,705701,100051,2021-12-02,Private,5426.38,5194.41,231.97,Approved
1204852,700408,102105,2025-03-02,Private,1534.35,874.5,659.85,Partially Approved
1204853,704565,101650,2021-08-06,Medicare,2457.43,1644.95,2457.43,Denied
1204854,700377,100851,2024-07-15,Private,2456.5,1932.78,523.72,Approved
1204855,702777,100850,2025-10-16,Private,3600.73,2994.0,606.73,Approved
1204856,702991,100856,2022-07-10,Private,4404.59,2830.96,1573.63,Approved
1204857,700433,100568,2023-07-14,Private,4182.68,3008.25,1174.43,Approved
1204858,705894,101695,2022-08-22,Private,2775.87,2070.44,705.43,Approved
1204859,706073,101522,2025-04-19,Private,4092.93,2903.07,1189.86,Approved
1204860,702863,100196,2025-12-27,Medicare,2432.77,1524.91,907.86,Partially Approved
1204861,703217,100614,2025-01-26,Medicare,1744.96,963.38,781.58,Approved
1204862,701396,101920,2023-09-30,Medicaid,1122.04,997.28,124.76,Partially Approved
1204863,700918,101964,2024-08-25,Medicare,4560.91,2514.98,2045.93,Partially Approved
1204864,705774,100724,2025-01-05,Private,2131.34,1784.54,346.8,Approved
1204865,701141,101382,2024-01-16,Medicare,397.47,366.09,31.38,Approved
1204866,703506,100757,2021-06-05,Private,2142.05,1650.39,491.66,Approved
1204867,704262,100534,2024-07-28,Medicaid,3362.78,1965.09,1397.69,Partially Approved
1204868,700357,102031,2024-10-24,Private,2141.8,2000.08,141.72,Approved
1204869,701640,101525,2022-04-09,Medicaid,4607.99,3132.33,1475.66,Approved
1204870,704230,102052,2023-09-09,Private,6294.69,5022.85,1271.84,Approved
1204871,701216,101340,2021-04-06,Medicare,2451.92,1452.79,999.13,Approved
1204872,706318,102167,2025-07-24,Private,773.34,626.18,147.16,Approved
1204873,704535,100804,2022-11-12,Medicare,6504.25,5898.55,605.7,Partially Approved
1204874,701524,101462,2022-09-13,Medicaid,1119.25,616.85,502.4,Approved
1204875,703997,101252,2023-09-02,Medicare,475.63,279.48,196.15,Approved
1204876,706323,100829,2022-04-30,Private,3973.03,3212.29,760.74,Approved
1204877,703944,100850,2021-08-24,Medicare,3585.62,2184.7,1400.92,Approved
1204878,700779,100125,2021-04-25,Medicaid,2377.43,2133.01,244.42,Approved
1204879,700637,100293,2025-09-25,Private,1742.28,1506.78,1742.28,Denied
1204880,705974,101148,2025-11-29,Private,1056.14,661.78,394.36,Approved
1204881,701488,100204,2022-04-13,Medicare,1676.52,1414.89,261.63,Approved
1204882,703076,101486,2023-12-01,Private,3835.06,3576.03,259.03,Approved
1204883,706453,100496,2025-05-07,Medicaid,1389.23,1032.7,1389.23,Denied
1204884,703554,101098,2022-08-28,Medicaid,3781.82,2707.65,1074.17,Approved
1204885,700656,100105,2021-07-03,Medicaid,1707.43,1612.67,94.76,Approved
1204886,700270,100370,2023-12-27,Medicare,1098.54,809.91,288.63,Approved
1204887,700147,101128,2022-06-09,Medicare,454.29,283.89,170.4,Approved
1204888,701908,101708,2025-02-18,Private,1535.41,1104.64,430.77,Approved
1204889,700602,100764,2025-11-07,Private,1566.27,1196.69,369.58,Approved
1204890,700233,102000,2022-03-01,Medicare,4555.1,3856.1,699.0,Approved
1204891,702236,101044,2025-11-29,Private,2139.38,1288.41,850.97,Approved
1204892,705540,100503,2022-08-15,Medicaid,6938.06,4012.1,6938.06,Denied
1204893,700265,101312,2022-02-12,Medicaid,3426.65,3165.06,261.59,Approved
1204894,700634,100013,2024-06-04,Medicare,2762.26,2441.9,320.36,Approved
1204895,705220,101387,2023-05-02,Private,747.79,486.96,260.83,Approved
1204896,702249,100765,2024-11-05,Private,997.88,623.29,374.59,Partially Approved
1204897,702095,100358,2021-01-30,Medicare,1085.37,720.13,365.24,Approved
1204898,703816,102267,2021-08-13,Medicaid,3068.64,1942.35,1126.29,Approved
1204899,702419,101744,2025-06-01,Private,3231.06,1931.18,1299.88,Approved
1204900,700995,100228,2023-03-07,Medicare,4143.16,3875.14,268.02,Approved
1204901,702565,101796,2021-06-22,Private,3781.11,3530.79,3781.11,Denied
1204902,705736,101070,2022-03-24,Private,6945.72,6662.88,282.84,Approved
1204903,702720,102294,2024-07-15,Medicaid,3274.94,2315.51,959.43,Approved
1204904,701211,100207,2021-10-03,Private,2210.97,1854.61,356.36,Approved
1204905,705581,102021,2022-07-23,Medicare,2809.12,1596.76,1212.36,Approved
1204906,700053,101442,2025-09-09,Medicaid,3460.69,2893.93,566.76,Approved
1204907,703791,100021,2023-07-24,Medicare,11919.53,7359.22,4560.31,Approved
1204908,704465,102036,2024-07-25,Medicaid,3935.28,3709.5,225.78,Approved
1204909,703599,102320,2023-09-08,Medicare,2365.84,2049.32,316.52,Approved
1204910,704528,100091,2024-02-01,Private,3889.79,2613.98,1275.81,Approved
1204911,704693,102101,2025-09-16,Private,5358.33,3151.11,2207.22,Approved
1204912,703437,101856,2024-08-01,Medicare,2825.71,2733.39,92.32,Approved
1204913,703656,101322,2025-01-25,Private,7976.9,4887.62,3089.28,Approved
1204914,700807,100455,2025-09-27,Medicare,447.04,293.83,153.21,Approved
1204915,703158,101403,2023-05-07,Medicare,2356.29,1961.01,395.28,Approved
1204916,703467,101823,2021-09-21,Private,1374.75,1174.82,199.93,Approved
1204917,702231,102340,2024-07-16,Medicaid,6264.68,3535.0,6264.68,Denied
1204918,706085,102118,2024-06-10,Medicare,1047.64,838.09,209.55,Approved
1204919,703885,100167,2024-03-29,Private,3749.15,2101.8,1647.35,Partially Approved
1204920,700236,102327,2021-02-01,Medicare,3499.38,2796.67,702.71,Approved
1204921,701952,102133,2023-08-10,Medicare,2734.9,2169.64,2734.9,Denied
1204922,702747,100916,2023-06-11,Medicare,2900.84,2229.17,671.67,Approved
1204923,705312,100800,2021-05-10,Private,1916.44,1205.59,710.85,Approved
1204924,702564,102304,2024-06-27,Private,2080.69,1626.95,453.74,Approved
1204925,704841,102059,2023-07-08,Private,1197.23,705.72,491.51,Approved
1204926,700824,100126,2025-01-05,Private,2623.65,1868.21,755.44,Approved
1204927,702041,101735,2024-08-29,Uninsured,643.1,453.55,189.55,Approved
1204928,702364,100801,2021-02-07,Private,4804.85,4119.81,685.04,Approved
1204929,705520,101237,2022-08-24,Private,5731.12,3928.63,1802.49,Partially Approved
1204930,706094,101282,2024-05-26,Medicaid,1926.94,1836.2,90.74,Approved
1204931,701350,102377,2022-11-26,Private,3399.44,2938.07,461.37,Pending
1204932,705003,101288,2024-01-22,Medicaid,1619.85,1285.44,334.41,Partially Approved
1204933,706381,100766,2023-08-20,Private,5556.01,3524.64,2031.37,Approved
1204934,700083,100746,2021-04-28,Medicare,2170.15,2091.04,79.11,Partially Approved
1204935,704700,100048,2021-12-02,Private,4909.95,2963.94,1946.01,Approved
1204936,702539,100789,2021-01-22,Uninsured,2648.92,2285.14,363.78,Approved
1204937,701485,101343,2022-07-10,Medicare,4807.45,4670.84,136.61,Approved
1204938,704706,100461,2021-06-23,Private,4663.92,2710.47,1953.45,Approved
1204939,705803,101198,2022-02-03,Private,2003.29,1361.82,641.47,Approved
1204940,700899,100741,2023-10-26,Private,1397.89,1135.5,262.39,Approved
1204941,703171,102375,2022-01-01,Private,2261.61,2029.89,231.72,Approved
1204942,704976,102029,2022-04-26,Uninsured,1700.99,1464.08,236.91,Partially Approved
1204943,700746,100303,2025-02-24,Medicare,2476.39,2342.49,133.9,Approved
1204944,700431,100694,2023-01-25,Private,2803.31,1565.17,1238.14,Partially Approved
1204945,703083,100638,2023-06-09,Private,5264.08,4941.43,322.65,Approved
1204946,704593,102088,2025-03-21,Medicare,3837.38,3190.67,646.71,Pending
1204947,701894,100765,2025-01-31,Medicaid,753.23,434.34,318.89,Approved
1204948,702087,100056,2021-07-03,Medicare,2292.01,1552.78,739.23,Approved
1204949,705597,100479,2021-02-11,Private,9741.23,7661.26,2079.97,Approved
1204950,704972,100269,2023-12-28,Private,196.22,189.43,6.79,Approved
1204951,702519,101971,2022-03-05,Medicare,1012.27,810.93,201.34,Approved
1204952,702366,100683,2021-10-25,Private,4676.46,2597.53,2078.93,Approved
1204953,702226,102194,2022-12-10,Private,965.01,740.48,965.01,Denied
1204954,705957,101050,2022-11-26,Medicaid,2872.58,2413.94,458.64,Approved
1204955,706375,100864,2023-05-26,Medicare,2643.51,1465.15,1178.36,Partially Approved
1204956,700003,101343,2023-05-21,Private,1372.19,961.35,410.84,Approved
1204957,700493,102366,2024-10-04,Medicare,3355.98,2103.1,1252.88,Partially Approved
1204958,704858,102117,2025-03-23,Medicare,2732.35,1895.3,837.05,Pending
1204959,703597,102300,2025-03-15,Private,6006.02,3866.19,2139.83,Pending
1204960,701477,101340,2021-01-23,Medicaid,3204.9,1904.14,1300.76,Approved
1204961,703129,101640,2025-08-22,Medicare,1547.83,1247.16,300.67,Approved
1204962,704861,101071,2023-07-22,Private,1715.12,1198.22,516.9,Approved
1204963,702122,101068,2021-01-13,Medicare,1450.67,1348.6,102.07,Approved
1204964,706328,100973,2024-02-29,Medicare,1393.3,1030.18,363.12,Approved
1204965,702107,101681,2022-06-02,Private,160.15,105.62,54.53,Approved
1204966,700079,101774,2025-03-16,Private,2305.04,2216.56,88.48,Approved
1204967,705744,100519,2025-03-24,Medicaid,1976.98,1552.75,424.23,Partially Approved
1204968,702913,100245,2023-10-03,Private,12714.55,10453.54,2261.01,Approved
1204969,702950,101605,2021-10-17,Private,817.6,515.82,301.78,Pending
1204970,704023,101650,2023-10-30,Private,7374.79,4197.93,3176.86,Approved
1204971,703698,102309,2025-01-24,Medicaid,1484.74,1064.25,420.49,Approved
1204972,702812,101114,2024-07-21,Medicare,1441.98,1163.83,278.15,Approved
1204973,702487,100371,2025-10-10,Private,4772.49,3693.76,4772.49,Denied
1204974,705746,101224,2024-05-30,Private,2017.16,1164.85,852.31,Partially Approved
1204975,705928,101979,2022-11-18,Private,1686.64,1433.01,253.63,Approved
1204976,701175,101924,2022-02-01,Private,6729.72,5467.98,1261.74,Partially Approved
1204977,706121,100811,2022-01-23,Private,5479.75,5163.01,316.74,Approved
1204978,701924,100504,2021-05-10,Private,11838.16,8507.0,3331.16,Approved
1204979,706335,101551,2025-10-28,Private,2532.21,2439.18,93.03,Partially Approved
1204980,705935,100706,2021-10-31,Private,1258.44,1156.88,101.56,Approved
1204981,702053,101706,2024-08-25,Private,4199.89,3351.1,848.79,Partially Approved
1204982,701042,101224,2023-10-28,Private,2574.35,2337.11,237.24,Approved
1204983,701635,100825,2021-06-20,Private,3506.87,2197.14,1309.73,Pending
1204984,703344,101354,2024-05-02,Medicare,4763.7,3559.51,1204.19,Approved
1204985,703643,100090,2021-06-05,Private,3803.39,3164.3,639.09,Approved
1204986,702147,101332,2024-11-30,Medicare,1959.31,1422.29,537.02,Partially Approved
1204987,703170,100881,2022-12-06,Medicaid,1692.68,1273.59,419.09,Approved
1204988,703333,100524,2021-12-17,Private,25647.67,16427.49,9220.18,Approved
1204989,704254,101782,2025-06-05,Medicare,3344.46,2514.15,830.31,Partially Approved
1204990,703556,101406,2023-01-30,Private,1996.7,1177.56,819.14,Approved
1204991,703942,100923,2024-12-31,Private,334.28,217.81,116.47,Partially Approved
1204992,700305,100107,2021-02-28,Private,1946.97,1794.3,152.67,Partially Approved
1204993,700417,100557,2021-05-06,Private,3272.77,1925.26,1347.51,Approved
1204994,701706,101540,2021-02-19,Private,1440.15,1022.63,417.52,Pending
1204995,703752,100992,2023-03-07,Private,4530.29,3977.96,4530.29,Denied
1204996,701988,101301,2022-01-27,Private,2707.32,1989.44,717.88,Approved
1204997,702359,102276,2023-12-04,Private,8111.31,5454.9,2656.41,Approved
1204998,704008,100347,2022-03-04,Private,3268.66,2858.58,410.08,Approved
1204999,701423,100384,2022-07-13,Private,1528.74,985.17,543.57,Partially Approved
1205000,705881,102398,2023-07-17,Medicare,8319.13,7700.95,618.18,Approved
1205001,703140,100121,2021-10-01,Private,5132.1,4641.19,490.91,Approved
1205002,700619,100567,2025-10-08,Private,2882.39,2719.55,162.84,Partially Approved
1205003,700119,101483,2024-03-10,Medicaid,8328.97,4876.59,3452.38,Approved
1205004,705980,100712,2024-10-19,Private,796.44,718.94,77.5,Partially Approved
1205005,703333,100813,2024-08-23,Private,3081.35,2466.36,614.99,Partially Approved
1205006,702611,101257,2024-08-02,Private,2019.41,1249.12,770.29,Approved
1205007,701411,100683,2022-06-15,Private,2122.32,1868.48,253.84,Approved
1205008,702019,100890,2022-06-16,Private,855.5,689.14,855.5,Denied
1205009,701950,102176,2024-09-05,Medicare,3965.24,2469.01,1496.23,Approved
1205010,703476,100822,2021-05-31,Private,6297.53,4037.96,2259.57,Approved
1205011,704567,101801,2023-01-19,Medicare,4381.0,2418.58,1962.42,Approved
1205012,704311,100697,2025-01-29,Private,6230.05,4472.64,1757.41,Approved
1205013,700913,101979,2025-05-09,Private,3121.65,2331.79,789.86,Approved
1205014,704853,102394,2022-02-01,Private,1795.33,1539.72,255.61,Partially Approved
1205015,706001,100974,2023-07-17,Private,826.32,594.16,232.16,Approved
1205016,701148,101874,2025-01-04,Medicare,532.13,404.03,128.1,Approved
1205017,704155,100888,2025-10-25,Medicare,2004.19,1435.03,569.16,Approved
1205018,706423,101634,2024-05-28,Private,2958.68,1791.71,2958.68,Denied
1205019,704930,100734,2023-06-11,Medicaid,6690.88,6374.46,316.42,Approved
1205020,701845,100007,2023-04-11,Medicaid,2611.04,2122.25,488.79,Approved
1205021,703738,101762,2025-07-04,Private,706.14,620.45,85.69,Approved
1205022,704258,101704,2023-01-27,Private,2576.25,1758.59,817.66,Partially Approved
1205023,701607,100710,2021-11-03,Uninsured,2229.13,2080.15,148.98,Approved
1205024,700730,100979,2021-03-01,Medicare,742.81,680.62,62.19,Approved
1205025,701781,102090,2023-01-11,Medicare,945.51,648.46,297.05,Partially Approved
1205026,705804,101670,2021-06-24,Uninsured,3024.19,2767.95,256.24,Approved
1205027,702738,100060,2022-04-07,Medicare,3823.96,2518.35,1305.61,Approved
1205028,700202,100096,2024-07-27,Private,9720.74,6122.71,3598.03,Approved
1205029,700307,102059,2021-06-19,Medicaid,4686.73,3532.07,1154.66,Partially Approved
1205030,706438,100038,2025-10-27,Medicare,1770.23,1307.21,463.02,Approved
1205031,703101,102437,2022-02-18,Private,1303.6,1240.85,62.75,Approved
1205032,703224,102456,2021-02-22,Uninsured,3162.41,2781.9,380.51,Approved
1205033,702388,100468,2024-10-23,Private,3364.29,3066.4,297.89,Approved
1205034,700282,101143,2024-11-23,Private,1504.0,1359.3,144.7,Approved
1205035,703947,101267,2024-12-13,Private,1415.12,1125.03,290.09,Approved
1205036,701033,100931,2022-09-12,Private,3343.2,1982.45,3343.2,Denied
1205037,703710,100890,2021-02-06,Medicare,2617.23,2284.82,332.41,Approved
1205038,704386,100326,2021-10-22,Medicare,6064.83,5745.49,319.34,Approved
1205039,700890,100189,2023-06-22,Medicare,1709.21,1237.82,471.39,Approved
1205040,703132,101206,2025-11-07,Private,5878.06,4439.31,1438.75,Approved
1205041,702879,100896,2021-10-13,Medicaid,5253.89,4797.81,456.08,Approved
1205042,701750,101088,2025-09-01,Medicare,2246.63,1992.29,254.34,Approved
1205043,703844,100698,2024-09-25,Private,1035.65,735.08,300.57,Approved
1205044,702502,100321,2022-10-10,Private,4677.75,3683.45,994.3,Approved
1205045,703164,102173,2021-12-06,Private,2053.11,1744.05,309.06,Approved
1205046,705082,101462,2023-08-27,Private,9191.36,8597.65,593.71,Partially Approved
1205047,704618,100848,2021-04-14,Medicaid,4586.39,2883.26,1703.13,Approved
1205048,701606,102011,2025-04-15,Uninsured,1610.46,1002.38,608.08,Approved
1205049,701091,102145,2025-09-01,Medicaid,2397.78,1659.77,738.01,Approved
1205050,700741,100214,2022-11-02,Private,2904.1,1663.77,1240.33,Partially Approved
1205051,704623,101489,2025-08-18,Medicaid,1781.7,1367.88,413.82,Approved
1205052,703477,101138,2025-11-23,Private,5557.99,5125.54,432.45,Approved
1205053,701570,100777,2022-10-04,Private,2393.63,1761.61,2393.63,Denied
1205054,701926,102362,2021-08-13,Medicare,1481.48,1411.9,69.58,Pending
1205055,701481,100055,2023-08-23,Private,1453.36,1007.23,1453.36,Denied
1205056,701788,100201,2022-11-16,Medicare,8188.75,7981.55,207.2,Partially Approved
1205057,704396,100525,2025-12-26,Medicaid,4912.17,3904.29,1007.88,Approved
1205058,702279,100138,2021-03-27,Medicaid,926.43,842.48,83.95,Approved
1205059,701328,102225,2022-03-27,Private,2655.19,2198.23,456.96,Partially Approved
1205060,706442,100652,2022-10-26,Private,1819.32,1090.78,728.54,Approved
1205061,705383,100610,2025-08-02,Medicaid,5760.51,4356.53,1403.98,Approved
1205062,704552,101505,2022-10-26,Private,2765.4,1574.53,1190.87,Approved
1205063,701160,100725,2024-02-03,Private,8729.69,6109.28,2620.41,Approved
1205064,704907,101573,2024-10-09,Private,3683.94,3404.15,279.79,Partially Approved
1205065,704702,100707,2021-03-21,Uninsured,4277.99,2893.16,1384.83,Approved
1205066,705537,102110,2021-03-10,Medicaid,3073.26,2497.49,3073.26,Denied
1205067,703746,100153,2025-01-11,Medicare,641.49,364.03,641.49,Denied
1205068,702038,101843,2023-10-22,Medicare,2145.43,2020.8,124.63,Partially Approved
1205069,705164,101455,2022-05-02,Private,2434.98,2280.73,154.25,Approved
1205070,701384,100091,2025-06-11,Medicare,1282.49,911.03,371.46,Approved
1205071,705971,101738,2022-07-02,Uninsured,1174.24,922.34,251.9,Approved
1205072,700211,102245,2024-07-08,Private,2137.59,1823.51,314.08,Approved
1205073,703373,100621,2025-12-04,Uninsured,9621.84,5521.33,4100.51,Partially Approved
1205074,703622,100615,2023-02-26,Medicare,5287.31,3011.53,2275.78,Approved
1205075,702363,102473,2022-05-02,Medicare,1511.02,1242.95,268.07,Approved
1205076,705361,102048,2024-07-11,Private,1459.31,1288.72,1459.31,Denied
1205077,703048,100991,2021-11-26,Private,716.77,533.37,183.4,Approved
1205078,702914,100683,2024-02-01,Medicaid,2767.44,2000.63,766.81,Approved
1205079,705649,101525,2021-03-19,Medicare,3178.81,1777.26,1401.55,Partially Approved
1205080,700305,100434,2023-02-11,Private,5203.09,4179.78,1023.31,Partially Approved
1205081,705840,101704,2021-09-03,Private,3151.83,1900.19,1251.64,Approved
1205082,700394,101632,2025-06-13,Medicare,2160.14,1535.2,624.94,Approved
1205083,700229,101160,2023-03-22,Private,7533.69,6775.85,757.84,Approved
1205084,706306,102457,2022-06-17,Medicaid,4379.21,2563.59,1815.62,Approved
1205085,706245,100984,2021-06-01,Medicaid,4336.73,3501.22,835.51,Approved
1205086,700970,100431,2025-11-04,Medicare,1563.47,1483.62,79.85,Approved
1205087,703548,100566,2021-02-19,Uninsured,3363.71,2210.95,1152.76,Approved
1205088,706015,102102,2023-01-03,Medicaid,3274.37,2235.5,3274.37,Denied
1205089,702888,102231,2021-11-17,Private,9075.32,8469.22,9075.32,Denied
1205090,701504,102145,2025-10-17,Medicaid,3736.43,2193.41,1543.02,Approved
1205091,705404,101650,2023-11-09,Medicare,4197.95,3218.62,979.33,Approved
1205092,705342,100261,2025-07-25,Private,1238.98,1160.3,78.68,Approved
1205093,701088,100286,2025-02-20,Private,1266.11,884.71,381.4,Approved
1205094,704381,102200,2024-03-03,Medicaid,2767.06,1728.75,1038.31,Approved
1205095,701896,100640,2021-06-13,Private,1467.06,1219.66,247.4,Approved
1205096,705975,102024,2024-05-29,Medicare,808.24,545.44,262.8,Approved
1205097,705458,101921,2022-06-19,Medicaid,1428.52,1338.2,90.32,Approved
1205098,702844,100351,2025-12-15,Medicare,2374.49,1558.27,816.22,Partially Approved
1205099,701315,100721,2024-01-16,Private,5045.69,3450.77,1594.92,Approved
1205100,704503,100601,2025-05-16,Uninsured,3678.28,2143.4,1534.88,Approved
1205101,704914,100453,2021-10-07,Medicaid,6568.31,4241.21,2327.1,Partially Approved
1205102,701214,102466,2021-10-04,Uninsured,7189.43,4120.39,3069.04,Pending
1205103,701890,100900,2024-09-16,Private,2946.95,1627.91,1319.04,Partially Approved
1205104,700794,101456,2023-04-19,Private,1529.12,1273.89,255.23,Approved
1205105,700816,101674,2022-09-12,Medicaid,1723.62,1680.74,42.88,Approved
1205106,703108,100970,2024-04-19,Medicaid,2190.87,1901.74,2190.87,Denied
1205107,700570,101580,2021-02-10,Medicare,4827.1,3174.37,4827.1,Denied
1205108,704262,100212,2024-11-21,Medicare,3936.04,3611.27,324.77,Partially Approved
1205109,700451,101224,2021-08-26,Private,3607.17,3387.2,219.97,Approved
1205110,702043,101257,2024-01-08,Private,12513.02,8627.53,3885.49,Approved
1205111,702626,102065,2023-01-01,Private,2456.01,1477.4,978.61,Approved
1205112,706398,100353,2025-12-08,Private,3403.95,3217.76,186.19,Approved
1205113,702167,100294,2023-07-30,Medicare,874.08,819.06,55.02,Partially Approved
1205114,706338,101501,2023-03-23,Private,1816.0,1020.2,795.8,Approved
1205115,701096,102484,2024-11-07,Private,6916.49,4238.29,2678.2,Partially Approved
1205116,701784,101402,2022-11-14,Medicaid,2382.32,1755.76,626.56,Partially Approved
1205117,700671,100863,2022-06-21,Medicare,929.19,522.57,406.62,Pending
1205118,701922,101482,2023-12-05,Private,3278.41,2963.57,314.84,Approved
1205119,703331,101763,2023-10-07,Private,2450.15,2238.42,211.73,Partially Approved
1205120,701008,100679,2024-11-29,Private,1069.46,740.26,329.2,Approved
1205121,703322,100570,2021-05-08,Private,3252.08,2144.63,1107.45,Approved
1205122,701356,100488,2023-01-08,Medicare,1585.72,1517.65,68.07,Approved
1205123,704300,101161,2025-03-06,Private,1977.23,1139.78,837.45,Approved
1205124,700682,100128,2025-09-21,Private,2815.33,1839.68,975.65,Approved
1205125,702702,100194,2022-02-10,Private,2510.01,2140.79,369.22,Approved
1205126,700289,102421,2024-09-29,Private,2201.49,1693.27,508.22,Approved
1205127,704765,101219,2022-08-15,Medicaid,3888.43,3558.49,329.94,Approved
1205128,701248,101610,2022-11-14,Medicare,7836.79,4408.15,3428.64,Approved
1205129,703756,101385,2022-03-27,Private,958.61,,112.94,Pending
1205130,701745,101525,2022-07-27,Medicaid,2043.84,1369.4,674.44,Approved
1205131,701239,100927,2024-10-10,Medicare,6569.25,4765.09,1804.16,Approved
1205132,702554,101874,2025-12-24,Medicare,1129.31,650.24,479.07,Approved
1205133,705967,102115,2023-01-02,Medicaid,2445.04,1348.22,1096.82,Approved
1205134,705256,101643,2023-12-24,Private,2032.06,1430.84,601.22,Approved
1205135,700623,101554,2025-03-18,Private,1230.08,836.08,394.0,Approved
1205136,701853,100596,2023-05-21,Medicare,1179.66,,259.99,Pending
1205137,702320,101597,2024-02-04,Private,806.43,524.74,281.69,Pending
1205138,700777,102340,2025-10-26,Private,1518.52,1198.94,319.58,Approved
1205139,700006,102307,2021-03-20,Private,1482.82,884.69,598.13,Approved
1205140,705277,100141,2024-01-06,Medicaid,2127.18,2013.75,113.43,Approved
1205141,702271,102326,2023-01-04,Private,2428.72,1570.7,858.02,Approved
1205142,702792,100618,2025-04-23,Medicare,471.31,434.5,36.81,Approved
1205143,703664,102320,2024-07-15,Medicaid,5337.84,3500.79,1837.05,Approved
1205144,701830,102415,2023-01-09,Medicare,1327.67,1270.26,57.41,Approved
1205145,703214,101591,2023-09-25,Private,2124.05,2026.9,97.15,Approved
1205146,705637,100141,2023-12-24,Medicaid,1035.32,922.63,112.69,Approved
1205147,706410,102474,2023-03-09,Private,323.94,222.68,101.26,Approved
1205148,706065,101171,2021-04-16,Medicare,3960.57,3840.4,120.17,Partially Approved
1205149,703184,102015,2024-06-14,Uninsured,3361.91,2784.75,577.16,Approved
1205150,700224,100467,2024-05-30,Private,2955.04,2242.28,712.76,Approved
1205151,702924,100650,2024-12-20,Private,2117.7,1562.41,555.29,Partially Approved
1205152,701995,101644,2024-02-23,Private,5216.46,3786.56,5216.46,Denied
1205153,700580,100340,2025-07-27,Medicare,2150.21,2080.46,69.75,Partially Approved
1205154,701505,100353,2022-05-19,Private,2967.41,2063.57,2967.41,Denied
1205155,703219,102300,2022-10-23,Private,3472.89,2438.18,1034.71,Approved
1205156,704501,100565,2023-06-12,Medicaid,3189.26,2318.82,870.44,Approved
1205157,704079,101546,2022-11-05,Private,10451.5,6725.73,3725.77,Approved
1205158,706365,101461,2023-10-23,Private,601.96,363.63,238.33,Approved
1205159,700900,101415,2025-09-24,Medicare,2261.68,1442.81,818.87,Approved
1205160,703108,101512,2024-05-25,Medicare,14847.07,11231.38,3615.69,Approved
1205161,704931,102022,2021-08-26,Medicare,2771.97,2061.41,710.56,Approved
1205162,704888,102105,2024-05-29,Private,565.35,329.3,236.05,Approved
1205163,702897,100411,2021-09-17,Private,1393.56,1153.01,240.55,Partially Approved
1205164,700816,100399,2024-09-30,Medicare,1176.2,846.81,329.39,Approved
1205165,701883,100558,2025-05-15,Medicaid,2315.16,1591.93,723.23,Partially Approved
1205166,701246,101431,2021-10-24,Medicaid,4317.05,4075.96,241.09,Approved
1205167,702512,101018,2021-12-19,Private,674.88,540.53,134.35,Partially Approved
1205168,705170,100369,2025-09-25,Private,3223.97,1852.68,1371.29,Approved
1205169,700941,102206,2025-01-26,Medicaid,2731.35,2031.51,699.84,Approved
1205170,706330,100228,2025-07-29,Medicare,1001.92,978.57,1001.92,Denied
1205171,704202,101215,2021-02-17,Private,2599.52,1588.49,1011.03,Approved
1205172,700214,100324,2022-10-28,Medicare,1628.04,1137.01,491.03,Approved
1205173,704731,101171,2025-08-16,Private,518.78,307.14,211.64,Approved
1205174,705870,100516,2022-12-28,Private,7169.07,4115.38,3053.69,Approved
1205175,700846,100509,2023-04-06,Private,4754.8,3648.6,1106.2,Approved
1205176,703245,102201,2022-07-09,Private,894.32,660.9,233.42,Approved
1205177,701155,101825,2023-04-12,Private,1443.37,977.68,465.69,Approved
1205178,705472,100720,2022-03-16,Medicaid,8250.33,7383.88,8250.33,Denied
1205179,702357,100623,2022-07-31,Private,2687.08,1855.61,831.47,Approved
1205180,701882,100138,2023-11-15,Medicaid,1446.51,1102.15,344.36,Approved
1205181,701994,100408,2021-01-24,Medicare,5543.02,5088.02,5543.02,Denied
1205182,702933,102061,2021-12-11,Medicaid,605.53,534.73,605.53,Denied
1205183,704824,101647,2021-05-08,Medicaid,616.73,399.05,217.68,Partially Approved
1205184,701387,102247,2022-01-09,Private,2665.11,2327.74,2665.11,Denied
1205185,701838,100134,2025-07-08,Medicaid,12039.48,7638.23,4401.25,Approved
1205186,703088,101671,2022-11-01,Uninsured,2662.82,1842.09,820.73,Approved
1205187,703429,101271,2022-09-26,Medicaid,2505.37,2388.07,2505.37,Denied
1205188,705532,101594,2022-06-09,Medicaid,3335.05,1897.12,1437.93,Approved
1205189,704544,101240,2024-03-20,Medicaid,3236.66,2312.76,923.9,Partially Approved
1205190,705622,101574,2022-09-05,Private,1056.83,857.37,199.46,Pending
1205191,706154,102464,2023-05-05,Medicaid,19954.23,15311.53,4642.7,Approved
1205192,703162,101548,2021-04-17,Private,3694.34,,991.44,Approved
1205193,700559,101722,2024-12-05,Private,4432.31,2577.48,1854.83,Approved
1205194,703733,101889,2022-11-12,Private,1225.95,852.63,373.32,Approved
1205195,704294,101997,2024-10-25,Medicaid,2503.98,1434.54,1069.44,Approved
1205196,704199,101243,2021-11-15,Medicare,4455.36,3502.1,953.26,Approved
1205197,706259,102484,2022-08-11,Private,4137.46,3403.55,733.91,Pending
1205198,704433,101464,2022-10-20,Private,1365.94,1002.73,363.21,Approved
1205199,700433,100957,2025-05-01,Private,682.51,466.2,216.31,Approved
1205200,701329,102043,2021-10-22,Private,2016.17,1187.45,828.72,Approved
1205201,700503,100889,2024-08-03,Medicare,268.57,215.87,52.7,Approved
1205202,701405,101799,2025-11-30,Uninsured,1103.46,691.32,412.14,Partially Approved
1205203,702114,101279,2021-05-11,Medicaid,1248.85,1028.68,220.17,Approved
1205204,704883,102240,2021-05-05,Private,3464.81,2651.84,812.97,Approved
1205205,700195,101980,2023-12-18,Private,1742.57,1261.05,481.52,Partially Approved
1205206,706476,100836,2025-08-14,Medicare,4659.19,4154.85,504.34,Approved
1205207,701330,101228,2021-03-16,Private,3397.99,3221.89,176.1,Partially Approved
1205208,700928,100870,2022-08-14,Private,1622.31,1246.01,376.3,Approved
1205209,704458,101530,2024-09-19,Medicare,653.63,584.81,68.82,Pending
1205210,704222,100979,2025-09-10,Private,6330.65,4477.3,1853.35,Partially Approved
1205211,704012,101022,2024-12-03,Private,2361.36,2125.22,236.14,Partially Approved
1205212,703779,101074,2024-01-20,Medicaid,1921.59,1839.69,81.9,Approved
1205213,701676,100122,2024-11-27,Private,6665.46,5701.97,963.49,Approved
1205214,704656,101113,2021-06-20,Medicare,1093.07,926.08,1093.07,Denied
1205215,702101,100766,2024-11-28,Medicaid,3086.54,2568.89,517.65,Approved
1205216,704684,101195,2024-11-07,Private,687.62,636.03,51.59,Approved
1205217,702915,102076,2022-01-04,Medicare,2667.9,1649.24,1018.66,Approved
1205218,705680,102051,2022-10-05,Private,4534.12,3883.11,651.01,Approved
1205219,701102,102264,2024-11-22,Medicare,3170.41,2981.26,189.15,Approved
1205220,702140,101666,2022-07-14,Private,1108.4,737.79,370.61,Approved
1205221,700320,101185,2025-07-21,Medicare,658.54,439.88,218.66,Pending
1205222,702858,101761,2022-05-11,Private,2380.57,1607.64,772.93,Approved
1205223,705259,101374,2024-07-31,Medicare,6784.58,5550.18,1234.4,Approved
1205224,706077,100084,2021-03-16,Private,1130.76,724.48,406.28,Approved
1205225,701974,100624,2021-08-23,Medicare,4134.47,2894.28,1240.19,Partially Approved
1205226,706252,101929,2025-02-09,Medicare,2100.16,1697.82,402.34,Approved
1205227,704174,100262,2022-07-30,Private,3508.02,2233.57,1274.45,Approved
1205228,702532,101959,2025-06-07,Private,3313.9,2037.41,1276.49,Approved
1205229,701203,101674,2025-01-23,Medicare,3734.99,2776.8,958.19,Approved
1205230,705117,100413,2025-09-24,Private,739.73,606.64,133.09,Partially Approved
1205231,701122,102054,2021-08-28,Private,1407.09,1004.06,403.03,Partially Approved
1205232,705519,101076,2021-01-24,Medicare,2630.67,1732.69,897.98,Partially Approved
1205233,704088,102285,2021-07-28,Medicaid,3557.5,2198.5,1359.0,Approved
1205234,702945,102415,2021-04-29,Medicare,394.22,321.58,394.22,Denied
1205235,700345,101751,2024-12-03,Private,7303.73,6615.56,688.17,Approved
1205236,704753,101252,2022-02-16,Medicare,2444.13,1411.9,1032.23,Approved
1205237,700598,102137,2021-09-01,Medicare,1457.83,873.77,584.06,Approved
1205238,703876,101491,2023-11-10,Private,969.12,694.08,275.04,Approved
1205239,705257,101201,2024-05-11,Private,7229.0,4595.89,7229.0,Denied
1205240,700927,100968,2024-02-16,Private,2424.59,2261.46,163.13,Pending
1205241,704441,101513,2024-03-05,Private,1654.53,1116.44,538.09,Partially Approved
1205242,704859,100172,2023-05-02,Private,1303.77,831.94,1303.77,Denied
1205243,704601,101560,2025-09-01,Private,695.12,604.29,90.83,Approved
1205244,702656,101636,2022-08-26,Private,1764.02,1254.76,509.26,Approved
1205245,704999,100876,2025-04-10,Medicare,3424.16,3178.46,245.7,Approved
1205246,700478,102353,2023-09-01,Private,455.58,363.04,92.54,Approved
1205247,702621,100277,2024-12-03,Private,14488.38,9707.36,4781.02,Approved
1205248,704146,101992,2024-05-19,Medicaid,2479.2,1746.04,733.16,Approved
1205249,701435,100232,2023-11-13,Medicaid,1703.36,990.26,713.1,Partially Approved
1205250,701840,100320,2022-02-13,Medicare,2332.32,2216.92,115.4,Approved
1205251,704670,101971,2023-11-26,Medicare,3852.79,3727.75,125.04,Partially Approved
1205252,703599,101240,2024-05-12,Medicare,3564.29,2700.82,863.47,Approved
1205253,704883,100625,2025-01-05,Medicare,1692.32,1232.88,459.44,Approved
1205254,701969,101013,2025-05-15,Medicaid,576.55,393.99,182.56,Approved
1205255,703366,100862,2024-04-20,Private,4714.54,2691.99,2022.55,Partially Approved
1205256,700888,102223,2022-07-10,Private,7385.08,6389.2,995.88,Approved
1205257,702866,100269,2021-08-21,Private,4467.29,3140.33,1326.96,Approved
1205258,703365,101510,2021-07-18,Private,2775.51,2114.92,2775.51,Denied
1205259,703662,102389,2023-01-20,Private,1716.55,1682.02,34.53,Partially Approved
1205260,700676,101749,2021-04-01,Medicaid,1102.62,869.31,233.31,Approved
1205261,703357,100732,2025-10-24,Medicaid,21776.57,12297.03,21776.57,Denied
1205262,702412,102363,2021-07-14,Medicare,13376.24,9236.67,4139.57,Approved
1205263,702643,100263,2022-06-26,Private,8028.99,5749.03,2279.96,Approved
1205264,702628,102135,2021-02-04,Medicare,2622.36,1723.63,898.73,Approved
1205265,706209,101010,2023-06-04,Uninsured,9480.57,5297.46,4183.11,Approved
1205266,705329,101773,2021-05-30,Private,846.99,634.5,212.49,Approved
1205267,701200,100086,2022-01-15,Private,2696.93,1595.72,1101.21,Approved
1205268,705837,101408,2024-11-25,Private,4690.91,3179.95,1510.96,Approved
1205269,701687,101405,2022-01-24,Medicare,2223.48,2069.65,153.83,Approved
1205270,702714,101672,2025-03-22,Private,4306.0,3878.3,427.7,Approved
1205271,702777,102458,2024-10-29,Medicaid,1518.51,867.87,1518.51,Denied
1205272,700061,102439,2024-08-02,Medicare,1772.9,1570.66,202.24,Pending
1205273,705970,100967,2022-10-25,Private,2671.57,1741.77,929.8,Approved
1205274,705282,100961,2025-02-08,Private,4967.49,3738.56,1228.93,Approved
1205275,701362,102039,2023-09-27,Medicare,930.2,736.62,193.58,Partially Approved
1205276,702010,101868,2022-09-22,Private,2548.46,2452.06,96.4,Partially Approved
1205277,700946,101265,2022-07-10,Medicare,595.13,454.62,140.51,Approved
1205278,705775,101895,2025-12-25,Medicare,6175.2,3686.08,6175.2,Denied
1205279,706310,101757,2025-09-18,Uninsured,6725.02,6498.64,6725.02,Denied
1205280,702859,101196,2023-06-24,Private,6516.0,3817.87,2698.13,Partially Approved
1205281,704594,100332,2024-10-09,Private,2473.45,2032.27,441.18,Approved
1205282,700240,101648,2025-05-20,Medicaid,2175.15,1872.14,303.01,Partially Approved
1205283,705370,102146,2025-06-03,Medicaid,2976.38,2241.46,734.92,Approved
1205284,703933,101219,2025-04-10,Private,1535.11,1304.27,230.84,Partially Approved
1205285,701469,102474,2022-08-03,Private,8583.53,5306.47,3277.06,Pending
1205286,704229,100869,2022-07-20,Private,1140.84,685.74,455.1,Pending
1205287,701550,101419,2021-04-23,Medicaid,9403.49,5521.65,3881.84,Partially Approved
1205288,703500,101253,2022-10-29,Medicare,1108.69,746.17,362.52,Approved
1205289,706423,101475,2023-09-30,Private,9683.11,6536.87,3146.24,Approved
1205290,702023,101134,2021-02-08,Private,2091.61,1636.76,454.85,Approved
1205291,705952,100776,2021-07-29,Medicare,5399.37,3919.24,1480.13,Pending
1205292,704652,101315,2021-12-26,Private,7845.24,5195.88,2649.36,Approved
1205293,703327,101401,2024-08-17,Private,10004.62,7927.46,2077.16,Approved
1205294,703877,101413,2025-01-15,Medicaid,4884.4,4639.9,244.5,Approved
1205295,700609,101699,2021-06-22,Private,6258.3,5721.04,537.26,Partially Approved
1205296,703358,101497,2024-12-05,Private,3112.13,2567.86,544.27,Approved
1205297,705691,100159,2022-10-26,Medicaid,2183.84,1535.08,648.76,Approved
1205298,703587,100866,2023-05-21,Private,1124.93,731.08,393.85,Approved
1205299,705583,101578,2025-04-25,Private,924.45,697.42,924.45,Denied
1205300,704981,102263,2021-12-30,Medicaid,5729.92,4658.41,1071.51,Approved
1205301,701859,101763,2022-11-28,Medicare,899.7,873.1,26.6,Approved
1205302,703228,101426,2025-06-11,Uninsured,2897.62,1674.66,1222.96,Approved
1205303,700138,101304,2024-08-21,Private,4912.59,4581.9,330.69,Partially Approved
1205304,700355,100168,2024-01-16,Private,4680.89,3030.56,4680.89,Denied
1205305,700937,100139,2024-07-03,Private,4068.51,3437.39,631.12,Approved
1205306,701948,101363,2021-01-06,Private,1851.62,1548.04,303.58,Approved
1205307,703783,101588,2024-02-18,Medicare,4783.51,3952.29,831.22,Approved
1205308,701701,101552,2021-09-30,Private,6067.98,3632.89,2435.09,Approved
1205309,702848,100325,2023-09-12,Private,4878.4,2875.33,2003.07,Approved
1205310,703822,100181,2024-09-13,Medicaid,3854.1,2919.86,934.24,Approved
1205311,703545,101761,2024-02-24,Medicaid,542.89,344.67,198.22,Approved
1205312,704333,100073,2021-01-02,Private,2062.38,1598.56,463.82,Approved
1205313,706115,101390,2022-10-29,Medicaid,5212.81,3408.11,1804.7,Approved
1205314,702545,101252,2023-09-13,Medicaid,1430.49,1269.85,160.64,Approved
1205315,700730,100130,2025-01-10,Uninsured,1731.22,1320.36,410.86,Partially Approved
1205316,703009,102108,2021-10-06,Medicare,2644.4,2092.34,552.06,Partially Approved
1205317,701144,101703,2024-08-28,Private,3099.38,2460.65,638.73,Approved
1205318,705520,101839,2021-06-28,Private,1759.72,1160.91,598.81,Approved
1205319,700631,100923,2025-04-18,Medicare,2998.26,2444.94,553.32,Approved
1205320,704592,101731,2022-06-09,Private,994.73,722.32,994.73,Denied
1205321,702057,101228,2022-02-20,Medicaid,2175.87,2050.84,125.03,Approved
1205322,702582,101800,2022-01-01,Medicare,3469.34,2708.98,760.36,Approved
1205323,704540,101099,2023-07-23,Medicare,3293.06,2486.53,806.53,Approved
1205324,703836,101563,2024-02-28,Medicare,1594.73,1141.26,453.47,Pending
1205325,705108,100492,2023-01-24,Medicare,6543.63,6352.21,191.42,Approved
1205326,701921,101580,2023-08-11,Medicaid,2380.28,2021.96,358.32,Pending
1205327,706177,101456,2023-01-19,Medicaid,3260.45,3002.24,258.21,Partially Approved
1205328,704615,101686,2025-06-20,Medicare,4099.05,3012.62,1086.43,Approved
1205329,701138,101966,2022-09-05,Private,2797.83,1547.01,1250.82,Approved
1205330,704566,101039,2025-03-10,Medicare,1248.88,750.66,498.22,Approved
1205331,700500,101119,2024-01-18,Private,5518.03,5144.33,373.7,Approved
1205332,700297,102489,2023-07-18,Private,5334.06,3492.7,1841.36,Approved
1205333,701260,100383,2024-12-30,Private,1681.71,1286.27,395.44,Approved
1205334,702631,101805,2022-04-06,Private,1077.42,745.12,332.3,Approved
1205335,704192,101072,2022-11-20,Medicaid,1187.38,744.42,442.96,Approved
1205336,704881,100048,2025-10-01,Medicaid,1026.59,752.58,274.01,Approved
1205337,701743,102395,2022-09-17,Medicare,2114.56,1980.71,133.85,Partially Approved
1205338,705877,101957,2023-02-23,Medicaid,1152.92,936.51,1152.92,Denied
1205339,702366,101282,2025-09-26,Private,2401.84,1949.1,452.74,Approved
1205340,704552,101288,2024-09-15,Private,1766.74,1297.81,1766.74,Denied
1205341,704847,102168,2021-08-09,Private,1112.42,1048.72,63.7,Pending
1205342,701117,101002,2023-05-02,Medicare,2508.06,1503.92,1004.14,Pending
1205343,705012,102067,2023-10-15,Medicare,1424.96,1035.96,389.0,Approved
1205344,704334,101208,2025-04-24,Private,1976.53,1526.61,449.92,Approved
1205345,703023,100283,2021-08-20,Private,6369.32,4078.49,2290.83,Approved
1205346,702977,101046,2023-05-04,Private,1634.37,1317.44,316.93,Approved
1205347,702991,101178,2021-02-06,Private,4786.15,4106.43,679.72,Partially Approved
1205348,705262,100659,2022-11-12,Uninsured,20540.81,14752.29,5788.52,Approved
1205349,701313,101457,2025-06-04,Private,3594.66,2975.53,619.13,Approved
1205350,700108,100599,2022-03-26,Uninsured,2624.72,1905.98,718.74,Approved
1205351,701230,101644,2025-11-24,Medicare,4766.32,3731.06,1035.26,Approved
1205352,700102,100195,2021-08-12,Uninsured,3114.6,1937.08,1177.52,Approved
1205353,702991,100830,2021-06-01,Private,1565.31,1164.14,401.17,Approved
1205354,701952,102344,2021-10-11,Medicaid,8927.67,5761.47,3166.2,Approved
1205355,703633,100406,2023-08-27,Private,1755.37,1077.46,677.91,Approved
1205356,701666,101653,2023-11-26,Uninsured,603.89,403.45,200.44,Approved
1205357,705964,101763,2021-11-25,Uninsured,2907.71,2676.43,231.28,Approved
1205358,700576,100435,2022-02-26,Medicare,989.16,631.93,357.23,Partially Approved
1205359,702591,102019,2022-04-12,Private,1603.53,1499.82,103.71,Approved
1205360,702310,100431,2024-12-27,Private,1058.11,889.14,1058.11,Denied
1205361,703328,102219,2025-10-12,Private,954.9,756.11,198.79,Approved
1205362,706091,100781,2023-09-30,Private,776.04,530.31,776.04,Denied
1205363,700174,101957,2025-07-22,Medicaid,1942.45,1473.28,469.17,Approved
1205364,702878,100377,2023-08-26,Uninsured,3983.5,3274.44,709.06,Approved
1205365,701922,102267,2025-12-04,Medicare,2450.78,1699.85,750.93,Partially Approved
1205366,705562,100058,2024-04-28,Medicare,1358.67,1289.55,69.12,Partially Approved
1205367,704111,100369,2023-11-22,Medicare,3041.44,2329.24,712.2,Approved
1205368,705296,100221,2021-04-08,Private,942.21,606.39,335.82,Approved
1205369,705057,100713,2025-01-12,Medicare,4946.28,2977.45,1968.83,Approved
1205370,705043,102396,2024-09-11,Medicaid,1867.96,1254.51,613.45,Approved
1205371,706000,102435,2021-01-01,Medicaid,393.8,233.68,160.12,Approved
1205372,700038,100359,2025-01-30,Medicare,2580.68,2226.68,2580.68,Denied
1205373,705101,101218,2022-01-22,Medicare,751.93,598.97,152.96,Partially Approved
1205374,705612,101005,2025-11-16,Uninsured,2765.76,2440.86,324.9,Approved
1205375,702869,102455,2024-08-16,Private,1602.93,895.33,707.6,Approved
1205376,706221,102192,2025-12-23,Private,1237.99,1073.55,164.44,Approved
1205377,703934,100719,2023-06-01,Private,1825.37,1329.37,496.0,Partially Approved
1205378,702997,100043,2021-03-22,Medicare,4484.33,4018.8,465.53,Approved
1205379,702789,100948,2024-11-18,Private,4060.47,2602.98,1457.49,Partially Approved
1205380,702346,100115,2024-05-30,Private,856.93,471.67,385.26,Approved
1205381,700200,100143,2023-07-28,Medicaid,980.2,711.17,269.03,Approved
1205382,701691,101642,2024-06-22,Private,6167.11,3761.1,2406.01,Approved
1205383,703906,101687,2025-01-18,Private,3984.71,3698.98,285.73,Approved
1205384,700060,101299,2025-08-19,Medicare,2043.79,1161.67,882.12,Pending
1205385,706494,100687,2022-11-17,Private,4499.12,4041.41,457.71,Approved
1205386,705799,100092,2023-06-27,Medicare,3953.1,3094.25,858.85,Approved
1205387,701875,102222,2023-06-10,Medicare,1282.76,949.69,333.07,Approved
1205388,702694,102282,2021-09-30,Private,748.47,415.62,332.85,Partially Approved
1205389,701511,101845,2025-09-15,Private,3174.29,2442.42,731.87,Approved
1205390,701752,102490,2021-12-13,Private,2268.28,1711.46,556.82,Approved
1205391,700710,100399,2022-10-04,Medicaid,791.75,642.31,149.44,Approved
1205392,701845,100286,2023-01-13,Private,2007.54,1767.87,239.67,Approved
1205393,705342,100427,2024-01-29,Private,2451.42,2318.77,132.65,Approved
1205394,701766,101857,2024-05-05,Medicaid,1522.6,1016.01,506.59,Approved
1205395,705221,100984,2025-11-14,Private,2482.8,1900.7,582.1,Approved
1205396,704189,100068,2023-05-23,Private,606.19,567.86,38.33,Approved
1205397,701887,101626,2025-02-27,Medicare,10812.25,10262.91,549.34,Approved
1205398,706350,101989,2024-08-27,Private,845.48,761.83,845.48,Denied
1205399,705291,100816,2024-08-21,Private,1984.33,1728.19,256.14,Approved
1205400,704166,100176,2021-03-23,Private,2282.08,2063.75,218.33,Approved
1205401,700303,102006,2023-01-12,Medicare,8381.27,7423.92,957.35,Approved
1205402,702937,101473,2024-01-31,Medicare,775.09,439.98,335.11,Approved
1205403,702656,102429,2022-11-30,Private,6159.78,5638.36,521.42,Approved
1205404,702927,101739,2025-04-21,Private,1192.75,879.82,312.93,Approved
1205405,703739,102135,2024-04-28,Private,6622.86,4401.29,2221.57,Approved
1205406,703369,100040,2024-04-18,Medicare,2039.87,1126.12,913.75,Approved
1205407,700980,101922,2022-12-16,Private,2230.03,1331.85,898.18,Pending
1205408,704139,101176,2023-11-16,Private,1401.02,1150.06,250.96,Approved
1205409,706425,101952,2025-01-10,Medicare,3094.2,1951.7,1142.5,Partially Approved
1205410,705316,100677,2025-07-14,Medicare,3218.94,1837.38,1381.56,Partially Approved
1205411,702286,100697,2022-12-02,Medicare,2357.02,1554.88,802.14,Approved
1205412,703983,102133,2022-11-04,Private,8836.25,7344.22,1492.03,Approved
1205413,700136,100634,2023-11-26,Private,4936.4,3345.99,1590.41,Partially Approved
1205414,702495,101630,2023-07-24,Medicare,3161.44,2583.38,578.06,Approved
1205415,705675,101613,2024-05-01,Medicaid,1451.31,811.35,639.96,Approved
1205416,700801,100849,2024-10-23,Private,4373.4,3591.09,782.31,Approved
1205417,706237,101816,2022-04-11,Medicare,5694.52,4063.72,1630.8,Approved
1205418,700733,100676,2022-12-22,Medicaid,2755.16,2580.37,174.79,Partially Approved
1205419,702824,101723,2022-06-23,Medicare,2705.84,1642.47,1063.37,Pending
1205420,701521,101035,2021-06-21,Private,1879.57,1371.85,507.72,Approved
1205421,703803,100621,2025-06-13,Private,1194.87,658.52,1194.87,Denied
1205422,704802,101804,2022-01-26,Medicare,3069.17,1885.65,1183.52,Approved
1205423,703220,101385,2025-11-11,Private,13358.23,7403.55,5954.68,Approved
1205424,705512,102118,2021-10-26,Medicaid,2627.27,1771.13,856.14,Approved
1205425,700679,101324,2025-04-08,Medicaid,1500.76,851.36,649.4,Approved
1205426,704786,102194,2023-05-22,Private,2411.32,2267.72,143.6,Approved
1205427,706369,100784,2021-10-12,Medicare,4741.56,3705.82,1035.74,Partially Approved
1205428,702439,100195,2023-04-17,Private,1866.53,1092.69,1866.53,Denied
1205429,700595,101175,2023-06-10,Private,940.99,790.65,150.34,Approved
1205430,706493,101075,2024-04-21,Medicare,6490.51,4280.8,2209.71,Approved
1205431,703536,101750,2023-07-19,Private,1613.43,1128.76,484.67,Approved
1205432,702039,100902,2024-09-29,Medicare,963.93,557.25,406.68,Approved
1205433,703575,102225,2025-01-01,Private,3809.54,2514.55,1294.99,Approved
1205434,704348,102259,2023-08-15,Medicaid,4709.79,3637.23,1072.56,Approved
1205435,704078,102173,2025-08-14,Medicaid,1294.43,713.43,581.0,Partially Approved
1205436,702735,101882,2024-11-14,Medicare,1499.92,1115.67,384.25,Approved
1205437,705643,101277,2025-05-26,Private,3942.23,3747.48,194.75,Approved
1205438,702437,100997,2021-04-24,Medicare,33962.45,24122.25,9840.2,Approved
1205439,702410,101986,2024-07-03,Private,523.14,463.46,523.14,Denied
1205440,706403,100790,2022-07-09,Medicaid,2640.67,1816.81,2640.67,Denied
1205441,702339,101688,2024-06-05,Medicaid,2707.29,2577.56,129.73,Approved
1205442,705426,101560,2024-04-09,Private,900.39,604.87,295.52,Pending
1205443,702867,101931,2022-05-12,Private,1460.17,963.71,496.46,Approved
1205444,700142,101155,2022-02-04,Medicaid,2244.26,1747.21,497.05,Approved
1205445,705772,100216,2024-12-07,Medicaid,4018.19,3518.88,499.31,Approved
1205446,701257,100060,2021-10-21,Private,797.57,715.41,82.16,Approved
1205447,700962,100113,2025-12-26,Private,5374.71,4668.81,705.9,Approved
1205448,704323,101884,2025-08-28,Private,4112.63,3868.33,244.3,Approved
1205449,700730,102132,2023-09-09,Medicare,3128.97,2976.38,152.59,Approved
1205450,704095,101035,2022-12-05,Private,2622.26,2089.0,533.26,Approved
1205451,700953,101578,2023-08-26,Medicare,935.78,905.13,30.65,Approved
1205452,704166,101042,2025-09-06,Medicare,3130.5,2417.81,712.69,Partially Approved
1205453,701651,100555,2021-11-21,Medicaid,3965.11,2560.7,1404.41,Partially Approved
1205454,705331,101672,2024-01-24,Private,3449.22,3188.24,3449.22,Denied
1205455,703247,101435,2025-04-01,Medicare,1106.77,907.34,199.43,Approved
1205456,703024,101123,2024-12-17,Medicaid,3622.3,3168.9,453.4,Partially Approved
1205457,705148,100144,2022-11-07,Medicare,1713.96,1624.73,89.23,Approved
1205458,700307,101602,2021-09-23,Medicare,3305.99,2944.79,361.2,Approved
1205459,705629,100207,2023-02-20,Medicaid,4177.97,3540.03,637.94,Approved
1205460,701373,100925,2021-12-10,Private,3949.51,2401.09,1548.42,Approved
1205461,705461,102122,2021-01-15,Medicaid,4144.61,3609.27,535.34,Approved
1205462,702205,102061,2022-10-24,Medicare,1788.97,1197.83,591.14,Approved
1205463,701594,101999,2022-11-19,Medicaid,3191.64,3085.72,105.92,Pending
1205464,704036,100207,2021-05-13,Medicaid,1757.67,1031.98,725.69,Approved
1205465,703576,100956,2022-07-14,Medicare,2266.93,1430.73,836.2,Approved
1205466,703775,101286,2023-02-05,Uninsured,1073.27,771.43,301.84,Approved
1205467,706327,102001,2025-02-10,Medicaid,3544.9,2050.13,1494.77,Approved
1205468,703926,102310,2024-11-25,Private,3662.33,2508.39,1153.94,Approved
1205469,701762,100020,2021-05-17,Medicaid,3515.54,2569.24,946.3,Partially Approved
1205470,703080,102441,2025-09-05,Private,2082.85,1962.65,120.2,Partially Approved
1205471,704906,102055,2025-05-22,Uninsured,4342.04,2983.75,1358.29,Approved
1205472,700495,100219,2022-06-12,Medicare,1728.25,1031.29,696.96,Partially Approved
1205473,706021,100647,2024-10-24,Medicare,7192.52,5771.35,1421.17,Approved
1205474,706411,102214,2025-10-11,Medicaid,5813.78,5296.14,517.64,Approved
1205475,705589,100404,2022-03-31,Medicare,984.21,853.31,984.21,Denied
1205476,701081,101201,2023-05-26,Medicaid,4012.47,2447.18,1565.29,Approved
1205477,700718,100527,2022-04-20,Medicare,2252.42,1352.26,900.16,Approved
1205478,705312,100530,2023-10-31,Private,3359.98,2449.26,910.72,Approved
1205479,701409,100984,2024-10-31,Medicare,2340.12,1939.77,400.35,Partially Approved
1205480,705636,100703,2024-11-27,Private,2071.33,1393.91,677.42,Approved
1205481,703131,100918,2024-11-02,Medicare,3748.79,3607.05,141.74,Partially Approved
1205482,704651,101434,2022-10-08,Medicare,3337.08,3011.49,325.59,Approved
1205483,705528,100578,2024-07-19,Private,8910.66,4988.41,3922.25,Approved
1205484,704267,100232,2021-04-26,Medicare,2321.83,1854.37,467.46,Approved
1205485,703445,100905,2023-06-28,Medicaid,1775.15,1731.37,1775.15,Denied
1205486,704327,102067,2022-02-26,Medicare,1506.39,1065.44,440.95,Approved
1205487,703066,102357,2025-04-30,Private,1435.02,,442.86,Approved
1205488,700864,101675,2025-06-19,Medicare,3298.22,2747.19,551.03,Approved
1205489,704188,100909,2024-03-23,Private,973.19,893.01,80.18,Partially Approved
1205490,704554,101312,2025-03-15,Private,798.75,622.48,176.27,Approved
1205491,704871,101699,2024-03-16,Private,1090.23,737.44,352.79,Partially Approved
1205492,701624,101234,2021-01-14,Medicaid,2777.16,1769.98,1007.18,Approved
1205493,706473,102111,2024-11-07,Medicare,2681.45,2436.06,245.39,Pending
1205494,705820,102414,2024-07-27,Medicaid,2866.3,1889.42,976.88,Partially Approved
1205495,703473,100080,2025-04-06,Uninsured,2212.51,1575.47,637.04,Approved
1205496,702090,102144,2021-07-02,Medicare,5636.9,4621.74,1015.16,Approved
1205497,702281,102351,2023-03-08,Private,408.63,275.09,133.54,Approved
1205498,705916,102107,2024-12-14,Medicaid,1607.03,1178.71,428.32,Approved
1205499,701940,101383,2021-06-30,Medicaid,1646.28,1093.71,552.57,Pending
1205500,702787,100212,2024-04-21,Uninsured,4088.97,3840.61,248.36,Approved
1205501,701526,101611,2023-05-12,Medicare,5866.96,3979.46,1887.5,Approved
1205502,701677,102399,2022-03-04,Private,2576.44,1662.23,914.21,Approved
1205503,703040,100415,2023-06-05,Private,1411.2,1027.22,383.98,Approved
1205504,706473,102421,2023-06-16,Private,2063.93,1572.88,491.05,Partially Approved
1205505,706422,101478,2024-04-24,Medicaid,5408.97,3706.68,1702.29,Approved
1205506,703744,101570,2023-03-16,Private,2816.94,2031.39,785.55,Approved
1205507,701485,101119,2024-04-06,Medicare,2863.88,1626.33,1237.55,Approved
1205508,703756,101462,2022-07-29,Private,1929.15,1524.24,404.91,Approved
1205509,703353,102353,2025-12-26,Medicare,548.87,357.45,191.42,Approved
1205510,700712,101051,2025-07-01,Private,938.87,755.57,183.3,Approved
1205511,700873,101609,2025-04-05,Private,2282.34,1600.02,682.32,Partially Approved
1205512,700477,100946,2021-07-24,Private,5606.09,3099.42,2506.67,Partially Approved
1205513,706492,102117,2025-01-05,Medicare,1442.98,854.09,588.89,Pending
1205514,700449,102077,2025-08-25,Medicare,1021.13,,240.67,Approved
1205515,703315,100715,2023-05-14,Private,1123.58,651.11,472.47,Approved
1205516,704083,101809,2023-03-27,Medicare,2210.8,1699.7,511.1,Pending
1205517,700162,100485,2022-09-25,Medicaid,4264.91,3555.05,709.86,Partially Approved
1205518,701390,102302,2024-11-02,Medicare,5393.07,3215.86,2177.21,Approved
1205519,703550,101202,2022-06-18,Medicare,4359.06,3138.94,1220.12,Approved
1205520,706323,102136,2025-06-29,Medicaid,7123.12,5318.14,1804.98,Partially Approved
1205521,704244,102346,2025-11-22,Medicaid,6093.85,3398.91,2694.94,Pending
1205522,702732,102399,2022-05-18,Medicare,3365.46,2051.51,1313.95,Approved
1205523,704846,102451,2025-01-15,Private,1393.6,849.53,544.07,Approved
1205524,704024,101382,2024-06-01,Medicare,2759.28,1916.35,842.93,Approved
1205525,701739,100788,2022-05-25,Medicaid,3680.7,2957.87,3680.7,Denied
1205526,701529,101882,2021-03-16,Medicare,4334.74,3122.56,1212.18,Approved
1205527,705407,101157,2025-06-11,Medicare,1733.01,1391.91,341.1,Approved
1205528,703451,100674,2022-02-04,Medicare,5211.69,4153.94,1057.75,Approved
1205529,700179,100121,2024-08-18,Medicaid,2831.15,2333.38,497.77,Approved
1205530,704401,100251,2024-03-03,Medicaid,972.29,645.83,326.46,Pending
1205531,703041,100460,2023-02-05,Medicare,1710.22,1595.98,114.24,Approved
1205532,706246,102183,2024-02-27,Medicare,1412.3,1279.11,133.19,Approved
1205533,704340,100792,2023-09-20,Uninsured,546.76,464.51,82.25,Approved
1205534,700858,100886,2023-12-22,Medicaid,2454.09,2280.23,173.86,Approved
1205535,703900,101961,2024-12-01,Private,1679.9,1128.34,551.56,Approved
1205536,702518,100601,2024-12-18,Private,1137.58,689.52,448.06,Approved
1205537,703968,100202,2023-03-26,Private,6712.58,3772.07,2940.51,Partially Approved
1205538,700001,101586,2023-08-05,Medicaid,2934.41,2591.53,342.88,Approved
1205539,704292,102026,2021-04-22,Private,4494.11,4279.93,214.18,Approved
1205540,700270,101125,2025-10-11,Medicaid,7885.28,5964.44,1920.84,Approved
1205541,702999,101760,2023-05-08,Medicare,7078.48,4639.71,2438.77,Approved
1205542,702910,101748,2024-06-19,Medicaid,3253.82,2147.91,1105.91,Approved
1205543,700952,100257,2022-07-28,Medicare,7263.45,5693.36,1570.09,Approved
1205544,704637,101249,2022-07-11,Private,2601.95,2398.26,203.69,Approved
1205545,702015,100109,2024-07-27,Medicaid,11482.68,10046.58,1436.1,Partially Approved
1205546,703700,102107,2025-09-16,Medicare,1376.48,1069.55,306.93,Partially Approved
1205547,701723,102146,2023-04-06,Private,2981.37,2609.45,371.92,Partially Approved
1205548,701638,101747,2022-06-07,Private,4213.01,2957.51,1255.5,Approved
1205549,703188,102160,2023-08-15,Medicare,3023.6,2436.04,587.56,Approved
1205550,701773,100077,2024-05-11,Private,5988.02,5774.48,213.54,Partially Approved
1205551,702691,100677,2024-05-10,Medicare,4976.02,4861.39,114.63,Approved
1205552,703068,101080,2025-07-08,Medicaid,936.81,579.16,357.65,Approved
1205553,702066,101987,2024-10-12,Private,2049.04,1469.72,579.32,Approved
1205554,703853,101608,2024-12-01,Private,1084.65,913.1,171.55,Approved
1205555,701442,100928,2025-06-21,Medicaid,2331.39,1803.82,527.57,Approved
1205556,703559,102241,2023-12-30,Medicaid,1292.62,940.42,352.2,Approved
1205557,700444,102439,2023-02-08,Private,7350.8,,2841.08,Approved
1205558,703353,102025,2023-05-13,Medicaid,2035.96,1966.47,69.49,Partially Approved
1205559,702165,102410,2023-05-08,Medicare,2477.12,1874.57,602.55,Approved
1205560,703054,102100,2021-06-06,Medicaid,6644.7,4165.97,2478.73,Approved
1205561,701260,100694,2025-03-17,Medicare,957.06,822.9,134.16,Approved
1205562,704599,101550,2022-01-03,Private,3527.15,2506.5,1020.65,Approved
1205563,705294,100065,2025-08-16,Private,2605.0,2327.24,277.76,Approved
1205564,700643,101668,2025-02-13,Medicare,885.24,584.79,300.45,Partially Approved
1205565,704704,101411,2021-06-16,Private,1871.96,1404.21,467.75,Approved
1205566,702007,101516,2025-11-15,Medicaid,2886.88,2402.82,484.06,Approved
1205567,704311,100405,2024-07-28,Medicare,1183.86,1008.73,175.13,Approved
1205568,702807,101788,2024-08-13,Private,1148.67,917.23,1148.67,Denied
1205569,701656,101281,2024-01-23,Private,4350.6,3097.34,1253.26,Partially Approved
1205570,705691,102335,2023-11-29,Private,1428.22,874.87,553.35,Approved
1205571,703117,100434,2022-03-16,Private,6933.68,5822.41,1111.27,Partially Approved
1205572,700917,101070,2021-06-21,Private,3126.66,2846.25,280.41,Approved
1205573,704913,101089,2023-10-20,Private,3120.8,2302.49,818.31,Partially Approved
1205574,701537,101866,2024-05-08,Uninsured,854.2,551.79,302.41,Approved
1205575,704431,101740,2021-11-27,Medicaid,15387.54,13861.88,1525.66,Approved
1205576,705356,100539,2024-05-03,Medicare,6026.28,4727.03,1299.25,Approved
1205577,705456,101236,2023-11-15,Private,1073.26,742.03,331.23,Partially Approved
1205578,702236,101516,2025-06-03,Medicare,815.43,546.15,815.43,Denied
1205579,702976,101866,2023-12-12,Private,5064.0,3471.25,1592.75,Approved
1205580,700547,102149,2022-10-26,Medicaid,9844.65,6574.26,3270.39,Partially Approved
1205581,703156,101602,2025-03-23,Medicare,4667.36,3812.68,854.68,Approved
1205582,705637,102273,2021-07-05,Private,2425.41,1523.37,902.04,Approved
1205583,701002,101941,2025-04-16,Medicaid,3526.58,2649.75,876.83,Approved
1205584,705149,101312,2023-04-09,Private,2820.07,2108.55,711.52,Approved
1205585,704525,100750,2024-03-13,Medicaid,1125.43,1025.28,100.15,Approved
1205586,705446,102304,2021-07-15,Medicaid,2588.68,2526.2,62.48,Approved
1205587,705597,101885,2025-03-29,Private,3955.8,3371.54,584.26,Pending
1205588,706145,101325,2023-09-04,Medicaid,1228.55,1082.5,146.05,Partially Approved
1205589,702008,102459,2022-02-09,Medicare,1473.43,1427.22,46.21,Pending
1205590,700338,101381,2021-09-18,Private,1598.43,1538.7,1598.43,Denied
1205591,702001,101141,2022-03-05,Private,4469.24,2775.38,4469.24,Denied
1205592,703690,100265,2025-11-26,Medicare,1000.15,908.55,1000.15,Denied
1205593,700260,101352,2023-09-02,Private,8922.29,5789.05,3133.24,Approved
1205594,705018,102354,2023-02-28,Private,1947.67,1576.17,371.5,Partially Approved
1205595,700075,102348,2022-09-14,Medicaid,1006.05,831.09,174.96,Approved
1205596,700896,101581,2025-12-06,Private,734.9,424.5,310.4,Approved
1205597,700932,100069,2023-12-02,Medicare,3136.45,1855.48,1280.97,Approved
1205598,705821,100281,2025-09-08,Medicare,1544.77,929.78,614.99,Approved
1205599,702501,100152,2024-06-02,Uninsured,2204.8,2017.58,187.22,Partially Approved
1205600,701308,101185,2025-02-16,Medicaid,4628.63,4170.46,458.17,Approved
1205601,704826,100858,2023-09-10,Medicare,1624.49,1579.36,45.13,Approved
1205602,701047,102280,2023-04-01,Medicaid,2073.83,1446.76,627.07,Approved
1205603,702688,102030,2024-12-19,Private,680.91,473.01,207.9,Approved
1205604,705012,100325,2022-09-03,Medicare,7397.49,5378.0,2019.49,Partially Approved
1205605,700917,101787,2024-05-12,Private,820.86,645.49,175.37,Approved
1205606,703063,100612,2023-06-10,Private,10137.9,7568.51,10137.9,Denied
1205607,703844,102389,2025-06-03,Private,4003.97,2828.08,1175.89,Approved
1205608,705119,101230,2021-01-28,Private,2667.38,2056.87,610.51,Approved
1205609,700146,101331,2021-06-19,Private,1656.65,1156.74,499.91,Approved
1205610,704748,100558,2024-10-24,Private,2017.06,1947.22,69.84,Approved
1205611,701654,102025,2024-11-30,Private,1216.67,887.69,328.98,Approved
1205612,701125,100026,2023-07-10,Medicaid,7712.48,7023.78,688.7,Approved
1205613,705829,102275,2023-08-10,Medicare,5181.58,4984.34,197.24,Approved
1205614,700265,102178,2025-06-05,Private,3067.63,2373.33,694.3,Approved
1205615,704945,100283,2024-05-31,Private,4051.51,3470.35,581.16,Approved
1205616,701404,100978,2023-05-09,Medicaid,5610.17,4423.3,1186.87,Approved
1205617,706340,101467,2022-11-09,Private,1424.28,1172.92,251.36,Partially Approved
1205618,700338,100280,2024-09-08,Medicaid,1223.87,944.11,279.76,Approved
1205619,702463,101260,2025-01-23,Medicaid,4230.31,3635.75,594.56,Approved
1205620,701959,101896,2022-02-21,Medicaid,787.9,481.85,306.05,Approved
1205621,706379,100196,2022-10-14,Private,2526.81,2186.12,340.69,Approved
1205622,702570,101246,2023-01-20,Medicaid,1111.32,844.79,266.53,Approved
1205623,702730,100794,2021-06-06,Private,5031.29,3505.96,1525.33,Partially Approved
1205624,702253,101768,2021-06-12,Private,7661.44,6135.91,1525.53,Approved
1205625,705246,100613,2023-09-15,Medicare,962.66,730.41,232.25,Approved
1205626,702007,102058,2023-01-11,Medicaid,2523.07,2311.65,211.42,Approved
1205627,705137,101622,2022-10-15,Medicare,501.36,352.64,148.72,Approved
1205628,701953,100631,2022-02-05,Private,7604.55,4447.79,3156.76,Partially Approved
1205629,703759,101280,2022-12-11,Medicare,10098.03,9687.04,410.99,Approved
1205630,702130,101016,2022-08-23,Private,2164.3,1762.12,402.18,Partially Approved
1205631,706458,100562,2023-02-04,Private,2247.88,2092.7,155.18,Approved
1205632,705974,101324,2024-06-07,Medicare,7967.86,6415.63,1552.23,Partially Approved
1205633,700049,101948,2025-09-23,Medicaid,2648.49,2399.3,249.19,Approved
1205634,705280,101264,2021-01-15,Private,5141.67,3390.84,1750.83,Approved
1205635,700994,100005,2025-06-21,Private,4864.98,3521.28,1343.7,Approved
1205636,705762,100105,2024-11-13,Medicare,4203.42,4020.8,182.62,Approved
1205637,703208,101559,2024-10-17,Private,7202.51,5018.75,2183.76,Approved
1205638,701505,102185,2025-08-29,Medicaid,649.38,502.45,146.93,Approved
1205639,701169,101656,2025-09-02,Medicare,2645.59,1974.79,670.8,Approved
1205640,701291,101029,2024-08-20,Uninsured,2833.55,2621.03,2833.55,Denied
1205641,705230,101764,2025-05-20,Private,3889.16,3329.15,560.01,Approved
1205642,701367,100507,2022-07-31,Medicare,2345.98,2007.34,338.64,Pending
1205643,702277,100370,2022-02-28,Medicaid,1927.58,1418.27,509.31,Partially Approved
1205644,706367,102335,2023-05-18,Medicare,1428.85,1034.42,394.43,Approved
1205645,704254,100057,2023-03-07,Medicare,3238.63,1847.82,1390.81,Approved
1205646,703696,101711,2021-05-10,Private,4134.64,3848.14,286.5,Partially Approved
1205647,702317,100883,2021-11-08,Medicare,3804.44,3212.04,592.4,Pending
1205648,705302,101241,2024-01-17,Private,1752.59,1641.43,111.16,Approved
1205649,705454,102241,2024-10-27,Private,2754.2,1735.76,1018.44,Approved
1205650,702485,102341,2024-02-07,Private,537.84,358.83,537.84,Denied
1205651,703150,100928,2023-11-30,Private,4822.58,4273.29,549.29,Approved
1205652,700056,101600,2025-05-09,Private,4406.62,2430.3,1976.32,Approved
1205653,704031,101968,2022-07-16,Medicare,1117.01,827.44,289.57,Pending
1205654,706186,101683,2022-12-01,Medicare,946.34,728.42,217.92,Approved
1205655,704787,102354,2025-10-25,Medicare,1448.08,1151.25,296.83,Pending
1205656,701304,102392,2022-03-24,Private,1052.01,858.02,193.99,Approved
1205657,700649,102421,2023-01-20,Private,2537.82,1891.17,646.65,Partially Approved
1205658,703160,100724,2025-11-05,Private,1691.98,1543.55,148.43,Approved
1205659,705137,100129,2021-05-13,Private,8614.79,8037.1,577.69,Partially Approved
1205660,704067,101532,2023-02-07,Medicare,1917.62,1611.06,306.56,Partially Approved
1205661,701490,101835,2025-03-23,Medicaid,2669.35,2078.21,591.14,Approved
1205662,706248,100766,2024-02-11,Medicaid,4521.12,3871.03,650.09,Approved
1205663,704860,100467,2024-11-14,Medicare,3998.59,3327.8,670.79,Partially Approved
1205664,700018,100218,2023-10-08,Medicare,6374.25,4913.87,1460.38,Partially Approved
1205665,704376,102120,2025-12-27,Private,2352.9,2127.78,225.12,Partially Approved
1205666,704133,102036,2021-05-30,Medicaid,1709.78,1497.8,211.98,Approved
1205667,704642,101800,2023-07-14,Medicare,1196.92,850.47,346.45,Approved
1205668,703003,101722,2023-10-14,Private,6000.94,5137.91,863.03,Approved
1205669,703020,101888,2022-05-28,Private,2838.91,2606.65,232.26,Approved
1205670,700353,101637,2022-08-24,Medicare,5545.75,5166.38,379.37,Approved
1205671,705225,100388,2023-05-12,Medicaid,1485.31,1400.29,85.02,Approved
1205672,703640,100565,2021-06-10,Medicare,35049.17,33921.27,1127.9,Partially Approved
1205673,700785,100212,2021-10-08,Private,1404.03,850.17,553.86,Pending
1205674,701446,100314,2022-01-09,Medicare,3289.66,2377.35,912.31,Approved
1205675,704340,100326,2025-07-20,Private,357.33,303.79,53.54,Approved
1205676,703444,100152,2024-04-02,Medicaid,5889.48,3554.99,2334.49,Approved
1205677,701682,100992,2021-05-16,Private,1945.74,1384.11,561.63,Approved
1205678,704522,100420,2024-02-14,Private,4255.9,3305.54,950.36,Approved
1205679,704194,100037,2024-11-23,Medicare,2696.1,2178.37,517.73,Partially Approved
1205680,703050,101737,2022-06-09,Private,2313.81,1651.92,2313.81,Denied
1205681,700089,100047,2022-10-11,Medicare,2875.87,2374.72,501.15,Approved
1205682,705992,101574,2023-06-13,Medicaid,549.15,346.74,549.15,Denied
1205683,700949,101101,2024-02-20,Uninsured,6684.89,5375.18,1309.71,Approved
1205684,704300,101942,2022-01-27,Medicare,687.16,606.1,81.06,Approved
1205685,706274,102179,2021-06-13,Medicaid,2925.06,2159.24,765.82,Approved
1205686,704741,100105,2022-08-16,Medicaid,6590.64,5764.21,826.43,Approved
1205687,701322,101081,2023-07-03,Private,4170.83,2717.95,1452.88,Approved
1205688,702194,102446,2023-06-05,Private,1590.16,1491.17,98.99,Partially Approved
1205689,703403,101947,2023-06-08,Medicaid,2899.61,2793.71,105.9,Approved
1205690,701102,102107,2025-10-24,Private,2285.08,2198.96,86.12,Approved
1205691,700992,101176,2025-09-14,Medicare,2188.67,1509.9,678.77,Approved
1205692,702500,100727,2021-09-10,Medicare,1603.71,1537.2,66.51,Pending
1205693,700929,100222,2024-01-28,Private,895.17,661.79,233.38,Approved
1205694,700797,100538,2021-10-09,Medicare,3365.19,2146.09,1219.1,Pending
1205695,703776,101204,2021-12-28,Medicare,3860.88,3086.74,774.14,Approved
1205696,703801,101146,2025-05-16,Medicaid,4067.18,2622.17,1445.01,Approved
1205697,700964,101710,2024-05-23,Private,3282.95,1942.84,1340.11,Partially Approved
1205698,704379,101601,2024-06-18,Medicaid,1579.79,1391.9,187.89,Approved
1205699,705533,101477,2024-09-12,Private,704.88,415.81,289.07,Approved
1205700,704413,101730,2022-11-26,Medicare,656.24,569.43,86.81,Partially Approved
1205701,701394,100703,2025-12-04,Private,2195.17,1951.44,243.73,Approved
1205702,700445,101104,2025-08-20,Medicaid,754.29,437.67,316.62,Approved
1205703,705545,101660,2021-04-21,Private,2125.34,1681.53,443.81,Approved
1205704,706078,100603,2021-06-09,Medicaid,3131.33,3033.09,98.24,Approved
1205705,701737,101137,2024-07-09,Private,4108.32,2261.97,4108.32,Denied
1205706,704634,101859,2021-06-09,Private,2116.53,1531.8,584.73,Approved
1205707,701424,100437,2025-01-12,Medicare,6171.3,4261.45,1909.85,Pending
1205708,701795,101880,2023-09-22,Medicare,1860.86,1807.54,53.32,Pending
1205709,704868,102051,2024-12-15,Private,7306.83,4345.23,2961.6,Approved
1205710,703983,100813,2021-12-17,Medicaid,7090.18,4080.52,3009.66,Partially Approved
1205711,706486,100711,2022-06-17,Medicare,3465.49,3150.44,315.05,Partially Approved
1205712,700660,100455,2025-08-21,Medicaid,1396.62,1294.97,101.65,Approved
1205713,702895,100642,2025-08-20,Private,2761.44,2450.79,310.65,Approved
1205714,705403,100155,2021-04-17,Private,681.07,414.64,266.43,Partially Approved
1205715,705678,100068,2024-06-20,Private,1399.31,1254.81,144.5,Approved
1205716,706413,101814,2022-10-24,Private,2336.84,2237.64,99.2,Approved
1205717,703470,101113,2023-08-14,Private,3400.41,2999.01,3400.41,Denied
1205718,705274,100594,2024-09-14,Medicare,3413.65,2115.3,1298.35,Approved
1205719,705504,102442,2025-05-19,Medicare,3037.31,2382.24,3037.31,Denied
1205720,703707,100280,2022-06-25,Private,1030.12,709.22,320.9,Approved
1205721,706260,102041,2021-11-21,Medicare,4563.54,3231.69,1331.85,Approved
1205722,705641,101860,2021-05-16,Medicare,3440.78,2520.34,920.44,Approved
1205723,700269,102340,2023-09-20,Medicaid,3036.67,1719.43,1317.24,Approved
1205724,700151,101130,2025-05-10,Medicare,4232.91,3127.72,1105.19,Approved
1205725,702890,102274,2023-11-10,Private,1732.33,1259.23,1732.33,Denied
1205726,705256,100503,2023-03-17,Uninsured,2865.56,2451.24,2865.56,Denied
1205727,705314,101698,2024-08-11,Private,2956.41,2109.01,847.4,Partially Approved
1205728,705300,102438,2024-01-18,Private,4085.23,3802.4,4085.23,Denied
1205729,704737,100459,2024-10-18,Private,1414.5,801.04,613.46,Approved
1205730,700348,102468,2023-03-25,Private,2948.1,2654.42,293.68,Partially Approved
1205731,706287,102297,2024-12-29,Medicare,478.62,377.61,101.01,Approved
1205732,702148,100154,2023-05-30,Medicaid,6502.42,4946.01,1556.41,Partially Approved
1205733,703224,101378,2023-09-19,Medicare,627.64,354.27,627.64,Denied
1205734,705252,100486,2021-06-13,Private,1531.22,1148.87,382.35,Approved
1205735,700401,100275,2025-05-19,Private,2116.93,1605.24,511.69,Approved
1205736,703752,101238,2022-08-06,Medicare,5039.22,3018.06,2021.16,Approved
1205737,705254,100144,2024-07-06,Medicare,1905.61,1644.61,261.0,Approved
1205738,705805,101494,2023-05-11,Private,8330.22,4989.11,3341.11,Approved
1205739,706094,102385,2021-01-01,Private,4026.5,2770.29,1256.21,Partially Approved
1205740,702880,100237,2024-10-23,Medicaid,8809.46,8617.76,191.7,Approved
1205741,705988,102471,2025-10-13,Medicare,831.69,678.61,153.08,Approved
1205742,701576,102148,2022-01-17,Medicare,2688.55,2340.04,348.51,Approved
1205743,705026,100499,2023-06-22,Private,5242.42,3846.2,1396.22,Approved
1205744,703786,101231,2025-01-15,Medicaid,842.98,683.81,159.17,Approved
1205745,706027,100139,2022-03-07,Private,14282.34,8514.41,5767.93,Approved
1205746,703981,100178,2023-11-02,Private,2341.37,1419.62,2341.37,Denied
1205747,701690,101972,2021-10-27,Medicare,779.68,496.53,283.15,Approved
1205748,704551,102363,2024-12-08,Medicaid,5865.21,4304.28,1560.93,Partially Approved
1205749,704238,102473,2025-05-16,Medicare,2609.15,1622.6,986.55,Pending
1205750,702845,101250,2025-07-14,Private,4730.67,4610.42,120.25,Approved
1205751,705125,102494,2022-09-29,Medicare,1188.47,1030.13,158.34,Partially Approved
1205752,703226,102051,2025-04-16,Private,809.62,741.43,68.19,Approved
1205753,700178,101935,2025-05-09,Medicaid,2702.55,2587.34,115.21,Approved
1205754,701549,101786,2021-02-11,Uninsured,4118.43,3752.62,365.81,Approved
1205755,704898,102052,2025-08-16,Private,2273.63,1339.58,934.05,Approved
1205756,704126,101906,2022-04-25,Private,2033.13,1130.9,902.23,Approved
1205757,701291,102401,2022-01-26,Private,2107.94,1719.51,2107.94,Denied
1205758,700478,101474,2023-09-28,Private,1190.29,823.86,366.43,Approved
1205759,703815,102195,2022-03-31,Private,28365.9,26497.24,1868.66,Approved
1205760,703678,101189,2021-10-25,Medicare,5811.18,3938.89,1872.29,Approved
1205761,703189,100732,2021-12-29,Medicaid,3125.11,2017.67,1107.44,Approved
1205762,701392,102383,2024-12-31,Medicare,985.41,748.55,236.86,Partially Approved
1205763,706468,102464,2025-06-30,Medicare,1530.2,1269.1,1530.2,Denied
1205764,705843,100786,2024-10-24,Medicare,2382.11,1441.75,940.36,Approved
1205765,704026,101909,2025-01-25,Private,4769.73,3421.22,1348.51,Approved
1205766,705629,100690,2023-08-01,Private,16605.23,10802.28,5802.95,Approved
1205767,702417,101131,2025-12-28,Private,1205.2,667.71,537.49,Approved
1205768,703643,102101,2025-05-23,Medicaid,1626.25,1214.53,411.72,Approved
1205769,706421,101153,2024-09-13,Private,1952.09,1437.93,514.16,Approved
1205770,705458,100455,2023-03-01,Private,2775.34,1816.49,958.85,Approved
1205771,705649,100924,2021-07-28,Medicaid,646.76,,54.64,Approved
1205772,703101,102175,2022-12-31,Private,691.68,590.34,101.34,Approved
1205773,706370,101799,2022-06-08,Medicare,1379.37,1257.62,121.75,Approved
1205774,704226,102128,2023-02-22,Medicaid,2205.17,1522.96,682.21,Approved
1205775,702214,100718,2022-12-01,Private,1957.05,1681.19,275.86,Partially Approved
1205776,704380,100081,2024-04-22,Medicaid,1667.72,995.02,672.7,Approved
1205777,705787,102059,2025-07-14,Private,2997.3,2528.7,468.6,Approved
1205778,700229,101634,2023-02-14,Medicaid,1610.7,1472.2,138.5,Approved
1205779,701763,101756,2023-09-04,Medicaid,3694.81,2471.9,3694.81,Denied
1205780,701939,101948,2022-12-05,Medicaid,2386.14,1652.66,733.48,Partially Approved
1205781,702040,102437,2025-08-19,Private,1520.15,1329.08,191.07,Approved
1205782,702107,101559,2021-10-18,Medicare,1225.08,940.22,284.86,Approved
1205783,705034,102213,2025-10-08,Private,2902.9,2385.62,517.28,Approved
1205784,705516,101024,2023-08-01,Private,3795.81,3318.63,477.18,Approved
1205785,700724,100953,2025-11-07,Private,6919.61,5593.31,1326.3,Approved
1205786,703691,102190,2022-02-02,Private,3171.28,2553.67,617.61,Approved
1205787,703922,100221,2024-08-10,Private,1680.4,999.04,681.36,Partially Approved
1205788,700451,100194,2021-07-26,Medicare,1849.61,1071.28,1849.61,Denied
1205789,703556,102297,2021-05-07,Private,2256.09,2064.95,191.14,Approved
1205790,705796,102024,2022-11-05,Medicare,3196.84,2163.14,1033.7,Approved
1205791,704681,101136,2024-01-15,Uninsured,985.19,600.13,985.19,Denied
1205792,700440,101471,2021-08-30,Private,1723.58,1287.37,436.21,Pending
1205793,704418,101363,2024-11-05,Private,1440.1,835.8,604.3,Approved
1205794,703505,101364,2022-08-20,Medicare,892.16,752.32,139.84,Partially Approved
1205795,706119,100531,2022-02-07,Private,4322.21,3938.67,383.54,Approved
1205796,703521,101638,2023-11-12,Private,753.57,700.41,53.16,Approved
1205797,703632,101552,2022-02-06,Private,1199.82,738.2,461.62,Approved
1205798,703856,100083,2021-03-04,Medicaid,2430.94,1593.56,837.38,Approved
1205799,704716,100361,2024-03-20,Medicare,4195.82,3115.19,1080.63,Approved
1205800,700475,100903,2023-12-30,Private,1860.05,1567.55,292.5,Approved
1205801,703885,102058,2025-07-10,Private,630.93,577.53,53.4,Approved
1205802,705668,102030,2022-03-22,Medicare,2652.71,1980.43,672.28,Approved
1205803,701370,102415,2023-09-10,Medicaid,3443.29,2046.72,1396.57,Pending
1205804,701541,101463,2024-05-30,Medicaid,1620.72,1189.36,1620.72,Denied
1205805,700356,101920,2021-04-02,Private,2971.01,2069.69,2971.01,Denied
1205806,700313,100763,2024-05-22,Private,470.74,361.48,109.26,Partially Approved
1205807,703736,101279,2021-12-16,Uninsured,2837.29,2658.63,178.66,Approved
1205808,704768,100310,2024-10-26,Private,5023.31,3513.46,1509.85,Approved
1205809,701462,101304,2023-04-17,Medicare,11838.36,10432.08,1406.28,Approved
1205810,700517,102134,2025-04-27,Private,2496.3,1495.63,1000.67,Approved
1205811,706025,102389,2023-08-17,Private,2114.65,1863.55,251.1,Approved
1205812,706362,101619,2024-06-15,Private,2922.26,1668.77,1253.49,Approved
1205813,700442,100343,2024-01-03,Medicare,1672.62,1078.74,593.88,Pending
1205814,703395,102367,2022-04-01,Medicaid,1626.77,902.51,724.26,Partially Approved
1205815,704645,102184,2023-05-05,Private,4467.06,2955.42,1511.64,Approved
1205816,702479,100232,2023-05-22,Private,2508.18,1384.94,1123.24,Approved
1205817,700259,101298,2024-07-11,Private,2393.41,2157.11,236.3,Approved
1205818,704251,100843,2025-09-14,Medicaid,7243.39,5179.21,2064.18,Approved
1205819,701891,100646,2021-10-04,Private,3752.82,2590.72,1162.1,Approved
1205820,704669,100067,2024-11-12,Private,2373.74,1682.45,691.29,Partially Approved
1205821,705130,101057,2025-04-23,Medicaid,2129.96,1460.36,2129.96,Denied
1205822,703532,100254,2025-04-09,Private,3395.6,2293.36,1102.24,Approved
1205823,700284,102362,2021-11-15,Private,808.18,565.38,242.8,Approved
1205824,700739,102035,2022-09-04,Private,2813.26,1637.0,1176.26,Partially Approved
1205825,705198,100777,2021-12-30,Medicaid,2569.23,1855.53,713.7,Approved
1205826,704085,102228,2024-05-28,Private,2524.61,2166.55,358.06,Approved
1205827,702799,100282,2022-06-08,Private,919.67,646.21,273.46,Approved
1205828,702212,102489,2022-01-09,Private,8186.23,7894.55,291.68,Approved
1205829,705369,101131,2024-05-29,Uninsured,820.47,714.78,105.69,Partially Approved
1205830,706082,100976,2024-02-03,Medicare,1872.53,1575.66,296.87,Pending
1205831,701802,102364,2024-07-29,Medicare,1784.84,1129.21,655.63,Approved
1205832,700524,100858,2023-06-09,Medicare,2081.09,1578.47,502.62,Approved
1205833,702301,101447,2024-11-12,Private,5187.62,3816.62,1371.0,Approved
1205834,700629,101005,2023-03-05,Medicaid,6364.86,3860.48,2504.38,Approved
1205835,701015,102225,2024-12-10,Uninsured,1440.78,1114.17,326.61,Pending
1205836,700148,100889,2021-05-15,Private,3659.07,2018.76,1640.31,Approved
1205837,703347,102148,2024-02-25,Medicare,9859.48,6714.92,3144.56,Approved
1205838,702365,100584,2022-11-20,Private,20357.44,12669.53,7687.91,Approved
1205839,703034,101931,2021-05-07,Private,1928.31,1760.06,168.25,Partially Approved
1205840,703461,100355,2025-05-28,Medicaid,2130.98,1559.75,571.23,Approved
1205841,700537,102397,2025-01-01,Private,2318.86,2140.12,178.74,Approved
1205842,702188,101717,2023-02-23,Medicare,2100.06,1343.12,756.94,Approved
1205843,703172,102196,2021-12-18,Private,6721.61,4325.27,2396.34,Approved
1205844,704006,100919,2021-08-04,Medicare,1365.66,1161.11,1365.66,Denied
1205845,704003,102137,2025-06-19,Private,842.42,482.31,360.11,Approved
1205846,703108,101541,2023-10-25,Private,4510.73,3131.57,1379.16,Approved
1205847,702016,102326,2025-11-07,Private,3813.71,3736.64,77.07,Approved
1205848,706207,100272,2021-10-10,Private,1199.93,908.14,291.79,Approved
1205849,705014,100552,2025-12-29,Medicaid,9482.07,7377.78,2104.29,Pending
1205850,703042,101497,2025-05-30,Medicaid,2157.42,2090.29,67.13,Approved
1205851,702842,101517,2021-02-01,Private,2407.62,2108.44,2407.62,Denied
1205852,703173,102102,2024-11-26,Private,1646.49,1134.59,511.9,Partially Approved
1205853,701236,102426,2024-06-29,Private,2543.6,2156.5,387.1,Approved
1205854,704993,101291,2024-02-24,Private,6765.51,6024.4,741.11,Approved
1205855,701696,100149,2023-11-12,Private,1135.46,1034.82,100.64,Approved
1205856,706372,101872,2025-02-18,Medicare,1454.5,1086.96,367.54,Approved
1205857,704862,102444,2024-05-19,Medicaid,2136.27,1980.96,155.31,Approved
1205858,703304,102123,2025-09-24,Medicaid,3199.14,3015.33,183.81,Approved
1205859,700826,102148,2024-10-15,Private,3659.82,2782.52,3659.82,Denied
1205860,703975,100686,2025-04-18,Medicare,6528.85,5316.68,1212.17,Pending
1205861,702246,101721,2022-10-26,Uninsured,3137.97,3001.78,136.19,Approved
1205862,706355,101197,2024-03-12,Medicare,5996.37,4910.12,1086.25,Approved
1205863,703112,102394,2023-01-25,Private,986.55,757.36,229.19,Approved
1205864,706046,101788,2024-02-06,Private,2817.32,2615.58,201.74,Approved
1205865,704400,102454,2022-08-24,Private,1807.92,1489.85,318.07,Partially Approved
1205866,703868,101155,2024-06-07,Medicaid,1853.02,1680.67,172.35,Approved
1205867,704901,101037,2022-01-08,Uninsured,2530.34,1519.05,1011.29,Pending
1205868,701711,102014,2022-02-25,Medicare,851.45,590.39,261.06,Approved
1205869,700213,101497,2023-05-21,Medicaid,1412.25,981.32,430.93,Approved
1205870,702094,100576,2024-06-19,Private,2922.65,2529.53,393.12,Approved
1205871,701062,100260,2023-06-20,Medicare,2420.64,2128.99,291.65,Approved
1205872,703575,101385,2021-12-30,Private,3067.44,2172.4,895.04,Approved
1205873,701977,101429,2024-12-06,Medicaid,1607.93,1145.98,461.95,Approved
1205874,702580,100675,2022-10-11,Uninsured,10381.73,8197.12,2184.61,Pending
1205875,705534,100940,2024-06-17,Medicaid,2627.52,2149.11,2627.52,Denied
1205876,700476,101878,2024-03-31,Private,7447.37,6031.09,1416.28,Approved
1205877,703183,100470,2024-10-19,Private,343.39,245.42,97.97,Pending
1205878,702768,101023,2022-08-18,Medicare,3133.25,2130.42,1002.83,Partially Approved
1205879,700117,100812,2021-08-16,Private,2298.87,1759.45,539.42,Approved
1205880,702280,100168,2023-01-13,Private,1642.67,986.02,656.65,Approved
1205881,705808,100630,2024-10-21,Medicare,398.14,330.08,68.06,Approved
1205882,704902,101054,2022-05-29,Private,7639.42,5068.3,2571.12,Pending
1205883,700893,100942,2023-09-05,Medicare,2386.88,1375.59,1011.29,Partially Approved
1205884,702467,101484,2025-12-18,Medicare,3309.56,2854.47,455.09,Approved
1205885,701190,100276,2023-10-17,Medicaid,2121.47,1951.47,170.0,Approved
1205886,703892,102124,2025-01-24,Medicaid,1292.55,938.19,354.36,Approved
1205887,706034,102083,2021-05-08,Medicaid,3548.29,2188.31,1359.98,Pending
1205888,702038,102447,2025-04-24,Medicare,1854.64,1273.35,581.29,Approved
1205889,705171,101766,2021-06-16,Medicaid,5144.07,4138.04,1006.03,Approved
1205890,701546,100438,2023-09-14,Private,1712.77,1000.5,712.27,Approved
1205891,706432,101587,2022-07-12,Private,2045.33,1379.14,666.19,Approved
1205892,705840,100151,2022-03-11,Private,3361.48,3112.61,248.87,Approved
1205893,700749,100677,2025-04-09,Private,6795.65,6423.09,372.56,Partially Approved
1205894,704820,100034,2024-10-25,Medicare,2208.67,1687.24,2208.67,Denied
1205895,705854,100800,2022-01-13,Private,3909.4,2259.37,1650.03,Pending
1205896,701862,100462,2025-06-24,Private,694.0,506.06,187.94,Approved
1205897,703537,101828,2021-10-07,Medicare,827.63,,91.92,Approved
1205898,702148,101669,2023-02-13,Medicaid,3334.4,2269.37,1065.03,Approved
1205899,703827,100691,2025-10-07,Private,1693.68,1144.93,548.75,Approved
1205900,700535,101965,2023-05-18,Medicare,4083.75,3453.77,629.98,Approved
1205901,700954,100901,2023-07-01,Private,3358.61,2841.05,517.56,Partially Approved
1205902,702806,101830,2021-09-16,Medicare,2165.22,1263.29,901.93,Approved
1205903,706418,101353,2022-11-22,Private,3438.17,2601.62,836.55,Approved
1205904,700892,100209,2022-10-14,Private,884.5,814.68,884.5,Denied
1205905,706163,101320,2024-02-17,Private,3355.85,2689.36,666.49,Approved
1205906,703369,100435,2021-02-19,Private,2441.23,2129.52,311.71,Approved
1205907,705395,100129,2024-02-14,Private,1620.93,985.85,1620.93,Denied
1205908,705714,101827,2024-05-22,Medicare,6917.53,6091.87,825.66,Approved
1205909,704501,101605,2021-12-22,Private,999.08,697.07,302.01,Approved
1205910,703745,100176,2022-05-31,Medicaid,2627.58,1636.55,991.03,Approved
1205911,705303,101077,2024-04-04,Medicaid,2910.71,2165.22,745.49,Approved
1205912,700352,101816,2025-02-22,Medicaid,3607.89,2559.8,1048.09,Partially Approved
1205913,701270,101672,2023-07-25,Medicare,4190.1,3732.98,457.12,Approved
1205914,701367,101462,2024-05-21,Medicare,3277.65,2563.53,714.12,Approved
1205915,704275,100655,2021-03-19,Medicare,1405.47,989.13,416.34,Pending
1205916,705213,102036,2022-04-19,Medicaid,4000.61,2310.44,1690.17,Approved
1205917,705786,101972,2025-11-10,Medicaid,6014.87,4704.43,1310.44,Approved
1205918,703965,100017,2025-06-09,Private,1532.11,1251.14,280.97,Partially Approved
1205919,701960,101525,2021-11-24,Private,5106.94,4484.94,622.0,Approved
1205920,704102,102032,2024-05-10,Medicare,5859.05,3968.17,1890.88,Approved
1205921,701880,100614,2024-12-03,Private,4973.56,2831.33,2142.23,Approved
1205922,706078,100439,2023-01-23,Private,2050.37,1764.95,285.42,Partially Approved
1205923,701881,101792,2025-07-12,Medicare,1688.31,993.79,1688.31,Denied
1205924,705950,101616,2021-10-18,Private,2571.16,1595.46,975.7,Approved
1205925,701457,100291,2021-04-17,Private,8758.7,5677.97,3080.73,Approved
1205926,706382,101287,2025-09-23,Private,1073.74,886.51,187.23,Approved
1205927,703924,102128,2025-12-16,Medicare,2012.19,1121.53,890.66,Approved
1205928,703515,100270,2024-12-20,Medicaid,1848.91,1337.59,511.32,Approved
1205929,703964,100731,2024-08-05,Medicaid,2045.82,1830.99,214.83,Approved
1205930,705068,101785,2021-03-22,Private,10613.25,6433.48,4179.77,Partially Approved
1205931,700017,101784,2022-07-03,Private,1585.68,1459.6,126.08,Partially Approved
1205932,704456,100884,2024-02-21,Private,3378.26,2084.94,1293.32,Partially Approved
1205933,706151,100115,2025-11-06,Uninsured,1590.47,1211.17,379.3,Approved
1205934,704604,101467,2022-04-22,Medicare,3732.5,2358.49,1374.01,Approved
1205935,701701,100361,2022-12-21,Medicare,829.05,745.61,83.44,Pending
1205936,703703,100295,2022-12-10,Private,4118.36,2584.51,1533.85,Pending
1205937,700100,102464,2024-08-16,Private,3134.19,2563.82,570.37,Partially Approved
1205938,704913,100658,2024-12-18,Private,2264.55,1499.69,764.86,Pending
1205939,703286,101658,2025-04-15,Medicaid,1906.63,1060.92,845.71,Approved
1205940,704421,102471,2022-11-01,Private,5796.65,3545.42,2251.23,Approved
1205941,700411,100513,2022-06-13,Medicare,2581.5,1949.91,631.59,Approved
1205942,704652,100233,2025-05-13,Private,1185.34,1067.76,117.58,Approved
1205943,702099,102074,2021-06-23,Medicare,1616.99,1581.95,35.04,Approved
1205944,702922,101509,2024-12-10,Medicaid,3473.67,,124.26,Approved
1205945,702898,101611,2024-02-02,Private,1769.04,1200.27,568.77,Approved
1205946,704886,101838,2022-08-29,Medicaid,1587.82,1146.4,441.42,Approved
1205947,705516,101599,2021-10-01,Private,1289.61,868.15,421.46,Partially Approved
1205948,704232,101944,2024-11-11,Medicaid,1787.75,1708.16,79.59,Approved
1205949,702069,100481,2025-10-31,Private,8044.05,7232.15,811.9,Approved
1205950,705593,101687,2023-08-09,Medicare,1708.47,1268.49,439.98,Approved
1205951,706292,100314,2023-05-24,Medicare,1263.43,1107.69,155.74,Partially Approved
1205952,701608,101277,2021-12-21,Private,2404.69,1834.83,569.86,Approved
1205953,700721,102109,2023-04-23,Medicare,1440.31,1061.66,1440.31,Denied
1205954,704684,101419,2024-11-06,Private,1370.68,1131.38,239.3,Approved
1205955,702340,100376,2021-01-09,Private,5030.96,3754.84,1276.12,Approved
1205956,700227,100149,2024-09-22,Private,812.25,606.64,205.61,Approved
1205957,705039,101957,2022-11-24,Private,9879.51,6668.66,3210.85,Pending
1205958,702009,100118,2024-03-08,Medicare,9140.71,7987.06,1153.65,Approved
1205959,704430,100780,2021-09-04,Private,2650.15,2194.94,2650.15,Denied
1205960,702178,100192,2021-06-24,Medicare,3723.78,2660.08,1063.7,Approved
1205961,701877,102028,2025-04-20,Medicare,5734.85,3683.69,2051.16,Partially Approved
1205962,705718,101176,2025-10-23,Medicare,4197.33,3737.1,460.23,Approved
1205963,705860,101830,2022-11-30,Medicaid,377.78,242.12,135.66,Partially Approved
1205964,705208,101431,2023-05-10,Medicare,4288.47,2575.2,1713.27,Approved
1205965,705027,101712,2021-03-01,Private,4724.02,3741.3,982.72,Approved
1205966,701722,100023,2023-03-07,Medicaid,1236.91,1056.08,180.83,Partially Approved
1205967,701398,101603,2023-05-31,Medicaid,1200.48,894.71,305.77,Approved
1205968,700873,100951,2023-02-11,Medicare,2229.91,1339.88,890.03,Approved
1205969,700572,100106,2024-02-15,Uninsured,3173.77,2550.58,623.19,Approved
1205970,703279,101785,2021-06-11,Medicare,588.12,363.36,224.76,Approved
1205971,703021,100184,2023-08-30,Medicaid,1970.79,1791.76,179.03,Approved
1205972,700153,101982,2024-11-12,Private,705.91,544.25,161.66,Approved
1205973,704075,100515,2022-03-18,Private,4192.48,2374.86,1817.62,Approved
1205974,701117,101376,2021-03-06,Private,3597.56,3395.89,201.67,Approved
1205975,702127,100107,2025-12-08,Medicare,2394.57,1426.36,968.21,Partially Approved
1205976,702744,100694,2024-04-05,Medicaid,6097.43,3607.03,6097.43,Denied
1205977,705229,101771,2021-02-19,Private,1870.07,1473.34,396.73,Partially Approved
1205978,703545,101170,2024-04-19,Medicaid,3121.5,3034.85,86.65,Pending
1205979,701499,100645,2023-12-19,Medicare,4416.56,3181.62,1234.94,Approved
1205980,703682,102122,2023-07-10,Private,2432.91,1864.82,2432.91,Denied
1205981,704228,100928,2022-10-27,Private,1086.18,827.16,259.02,Approved
1205982,703330,102451,2024-06-12,Medicare,1118.91,727.14,391.77,Approved
1205983,706084,100634,2022-04-28,Private,2124.17,1782.34,341.83,Pending
1205984,705664,101801,2023-07-28,Private,1071.06,998.44,72.62,Approved
1205985,702228,100631,2022-12-25,Private,2574.55,2116.83,2574.55,Denied
1205986,705416,100745,2025-06-25,Uninsured,3492.48,2897.31,595.17,Approved
1205987,704354,100050,2022-09-05,Medicaid,1396.53,1326.97,69.56,Approved
1205988,703803,101297,2024-11-23,Private,3491.42,2989.75,501.67,Pending
1205989,705557,100009,2022-05-02,Medicare,2856.38,2495.9,360.48,Approved
1205990,705916,101934,2021-07-08,Private,2522.55,1460.24,2522.55,Denied
1205991,704029,102289,2023-08-30,Private,2446.55,1868.76,577.79,Approved
1205992,701378,102021,2023-02-25,Medicare,2333.58,2142.39,191.19,Approved
1205993,704151,102315,2022-09-15,Medicaid,3635.85,2963.6,672.25,Pending
1205994,700835,100853,2022-07-29,Private,1794.49,1689.89,104.6,Approved
1205995,704193,100425,2021-11-23,Medicaid,2743.61,2105.59,638.02,Approved
1205996,702132,101484,2025-08-03,Private,5090.29,3041.88,2048.41,Approved
1205997,702875,101234,2023-12-29,Private,1422.48,1081.01,341.47,Approved
1205998,702413,101315,2022-05-19,Private,5601.66,3333.23,2268.43,Approved
1205999,703708,101883,2022-03-16,Uninsured,4021.59,2613.95,1407.64,Approved
1206000,704800,101846,2021-09-15,Medicare,8198.35,5704.34,2494.01,Approved
1206001,705156,101439,2024-03-04,Private,1145.78,863.64,282.14,Approved
1206002,703575,102168,2022-04-23,Medicaid,5149.94,4665.48,484.46,Partially Approved
1206003,705690,101928,2022-06-18,Uninsured,3817.93,3027.05,790.88,Partially Approved
1206004,702977,101109,2025-10-24,Medicare,1575.42,900.04,675.38,Approved
1206005,704536,101123,2022-07-10,Medicare,2780.98,2288.94,492.04,Partially Approved
1206006,704045,102035,2022-01-12,Private,2306.63,1345.86,960.77,Approved
1206007,701898,101330,2022-09-27,Medicare,3982.23,3681.54,300.69,Approved
1206008,701637,101935,2023-07-28,Private,1419.66,987.26,432.4,Partially Approved
1206009,705279,102282,2021-01-23,Uninsured,2503.9,1414.57,1089.33,Pending
1206010,701836,101404,2025-02-13,Private,3030.97,2929.01,101.96,Approved
1206011,704835,102311,2024-05-29,Medicare,2741.34,2174.12,567.22,Approved
1206012,701811,101124,2022-04-12,Medicaid,7282.49,4461.97,2820.52,Approved
1206013,701723,100011,2023-01-28,Medicaid,2170.01,1294.19,875.82,Approved
1206014,706133,102170,2024-04-23,Medicaid,1715.34,1441.57,273.77,Approved
1206015,700986,102120,2025-12-17,Medicare,386.62,328.34,58.28,Approved
1206016,701481,102138,2025-07-23,Private,2948.48,2129.18,819.3,Approved
1206017,700746,101169,2021-02-15,Medicare,880.55,570.29,310.26,Partially Approved
1206018,705581,102270,2025-05-08,Private,2249.91,1404.86,845.05,Approved
1206019,702286,101420,2021-05-15,Medicaid,970.07,665.34,304.73,Approved
1206020,705848,100162,2021-10-06,Medicare,3986.15,2692.58,1293.57,Approved
1206021,700395,101199,2024-02-17,Private,2863.56,2278.51,585.05,Partially Approved
1206022,703894,100318,2025-06-02,Private,4407.75,2627.61,1780.14,Approved
1206023,704952,102392,2022-09-07,Private,3739.23,2297.81,1441.42,Pending
1206024,701055,102016,2025-11-25,Medicaid,2530.3,1976.2,554.1,Pending
1206025,701744,101449,2025-11-04,Medicare,2179.24,2134.17,45.07,Approved
1206026,701350,100209,2024-10-13,Private,4039.09,3529.03,510.06,Pending
1206027,702535,100706,2022-06-02,Private,3477.2,3249.42,227.78,Partially Approved
1206028,706110,101674,2022-03-15,Uninsured,3692.06,2108.46,1583.6,Approved
1206029,706065,101035,2024-12-04,Medicaid,3571.96,2251.47,1320.49,Approved
1206030,704079,100072,2023-09-11,Medicaid,8852.87,5814.94,3037.93,Partially Approved
1206031,705045,102382,2023-01-28,Private,1342.39,1199.72,142.67,Partially Approved
1206032,702535,102270,2024-01-19,Private,5586.93,3254.62,2332.31,Approved
1206033,702632,100132,2022-06-22,Private,425.87,282.67,143.2,Partially Approved
1206034,702852,101129,2021-12-10,Private,1126.64,631.57,1126.64,Denied
1206035,700205,101993,2024-04-14,Medicare,1735.64,1540.72,194.92,Partially Approved
1206036,702222,101689,2021-07-12,Private,1765.95,1045.36,720.59,Approved
1206037,702464,100294,2022-10-07,Private,4894.31,2875.68,2018.63,Approved
1206038,701060,102201,2023-09-16,Private,3895.94,3036.28,859.66,Approved
1206039,704379,100178,2021-01-16,Private,3563.31,3020.32,542.99,Approved
1206040,706377,100770,2022-11-07,Private,2398.1,1349.88,1048.22,Approved
1206041,705140,101678,2021-10-24,Uninsured,1673.88,1084.94,588.94,Approved
1206042,705737,101762,2021-01-10,Medicaid,4322.1,4145.87,176.23,Approved
1206043,703564,100854,2021-03-04,Medicaid,1737.17,1466.15,271.02,Approved
1206044,706188,100756,2022-02-18,Uninsured,25428.59,22650.91,2777.68,Partially Approved
1206045,700213,100468,2023-09-26,Medicare,7453.89,5496.5,7453.89,Denied
1206046,704148,100135,2023-11-03,Private,1742.64,1318.02,1742.64,Denied
1206047,703692,100624,2022-02-21,Medicaid,2843.29,1845.26,998.03,Approved
1206048,705297,100980,2021-06-07,Private,2304.78,1543.7,761.08,Approved
1206049,703534,101159,2023-12-09,Private,17805.4,10852.41,6952.99,Approved
1206050,701843,102311,2024-03-12,Private,1032.46,985.56,46.9,Approved
1206051,704318,101167,2024-02-28,Private,1459.36,1395.52,63.84,Approved
1206052,706397,102427,2021-11-26,Private,7053.06,6193.18,859.88,Approved
1206053,704875,102199,2021-09-04,Medicare,10267.32,9617.13,650.19,Approved
1206054,703356,100070,2025-12-05,Medicare,1112.55,663.6,448.95,Approved
1206055,705265,100244,2021-11-23,Medicaid,1682.21,1142.12,540.09,Approved
1206056,703727,100224,2024-10-23,Medicaid,3427.83,2476.35,951.48,Approved
1206057,700043,100704,2024-11-10,Medicare,1267.88,829.68,438.2,Approved
1206058,702103,102081,2024-08-09,Private,2504.79,1698.09,806.7,Partially Approved
1206059,705040,101032,2025-08-27,Medicare,3582.9,3394.25,188.65,Partially Approved
1206060,706334,100230,2022-03-01,Private,2116.37,1164.35,952.02,Approved
1206061,703238,101370,2021-02-20,Medicare,1307.93,749.57,558.36,Approved
1206062,700846,101362,2021-01-13,Medicare,2735.64,2545.32,190.32,Approved
1206063,701812,102195,2022-04-09,Private,2218.44,1700.39,518.05,Approved
1206064,705781,100775,2022-12-08,Private,3439.58,2647.43,792.15,Approved
1206065,701038,100632,2024-06-10,Uninsured,2999.24,2347.94,651.3,Approved
1206066,703333,100148,2021-11-12,Uninsured,1556.77,1436.42,120.35,Approved
1206067,702805,102451,2022-09-27,Medicare,885.16,627.48,257.68,Approved
1206068,701482,100295,2024-05-24,Medicare,770.09,609.03,161.06,Approved
1206069,706277,102462,2023-05-16,Private,4643.63,3006.57,1637.06,Partially Approved
1206070,702434,101758,2023-01-06,Private,968.33,719.41,248.92,Approved
1206071,700657,100833,2021-04-08,Private,2007.24,1196.69,810.55,Partially Approved
1206072,705490,100683,2023-08-13,Private,5895.42,5516.81,378.61,Approved
1206073,704069,100586,2023-03-01,Medicare,2147.11,1910.31,236.8,Approved
1206074,705359,102257,2024-01-26,Medicare,5748.72,3800.72,1948.0,Approved
1206075,700778,101948,2025-09-05,Medicare,998.34,604.79,393.55,Approved
1206076,700607,100144,2023-01-04,Private,1522.55,994.38,528.17,Partially Approved
1206077,704545,100714,2021-09-13,Medicaid,737.2,508.49,228.71,Approved
1206078,703553,100475,2021-05-27,Medicaid,3593.36,2301.51,1291.85,Approved
1206079,701404,100940,2022-07-10,Medicaid,3302.15,2387.56,914.59,Approved
1206080,705859,102356,2021-08-29,Private,1930.14,1158.63,771.51,Approved
1206081,703327,100223,2021-09-10,Uninsured,2806.53,2091.68,714.85,Partially Approved
1206082,704910,100830,2023-02-26,Private,1102.56,895.79,206.77,Approved
1206083,705816,100394,2025-12-05,Medicaid,3151.63,2625.87,525.76,Approved
1206084,701346,102314,2023-11-25,Medicaid,2521.14,1542.93,978.21,Approved
1206085,706363,100881,2025-02-03,Medicare,4031.22,3727.87,4031.22,Denied
1206086,703276,100242,2024-01-04,Medicaid,2130.53,1381.18,749.35,Approved
1206087,704643,101823,2025-03-20,Private,396.47,240.55,155.92,Approved
1206088,701144,101858,2022-01-26,Medicare,879.39,703.22,176.17,Approved
1206089,700519,100348,2025-06-16,Private,2353.15,1638.51,714.64,Approved
1206090,703254,101026,2022-04-12,Private,2680.92,2077.86,603.06,Approved
1206091,705883,100017,2024-03-26,Private,2686.62,2258.08,2686.62,Denied
1206092,705255,100245,2024-11-03,Private,1439.66,1205.14,234.52,Approved
1206093,701494,101351,2024-10-25,Private,4991.14,3101.72,1889.42,Approved
1206094,700539,100263,2022-07-22,Medicare,469.33,285.27,469.33,Denied
1206095,704602,100017,2024-09-27,Private,1774.01,1539.29,234.72,Approved
1206096,705331,100165,2021-02-07,Medicaid,3167.69,1775.2,1392.49,Approved
1206097,704141,101061,2025-05-08,Private,3754.21,3615.49,138.72,Approved
1206098,703331,100002,2021-01-27,Private,2687.71,1876.13,811.58,Partially Approved
1206099,704297,101305,2024-03-16,Private,30469.53,25403.05,5066.48,Approved
1206100,702572,102174,2022-03-14,Private,2443.42,2293.25,150.17,Approved
1206101,704731,101561,2025-04-09,Medicare,928.11,571.09,357.02,Partially Approved
1206102,700080,100126,2023-05-17,Uninsured,4797.03,4509.41,287.62,Approved
1206103,704640,100448,2021-02-19,Uninsured,1397.72,858.0,539.72,Approved
1206104,706394,100639,2025-07-13,Private,1111.99,736.21,375.78,Approved
1206105,704703,101916,2024-11-09,Private,13945.93,13130.01,815.92,Approved
1206106,705414,101498,2025-09-26,Medicaid,5179.71,3495.11,1684.6,Pending
1206107,705361,101130,2022-11-09,Medicaid,2695.15,1630.31,1064.84,Approved
1206108,704529,101698,2025-06-08,Medicare,1994.18,1559.55,434.63,Partially Approved
1206109,703887,101869,2025-07-25,Medicaid,2372.84,1920.62,452.22,Approved
1206110,703243,102473,2023-12-20,Medicaid,402.38,246.13,156.25,Approved
1206111,704399,102201,2021-01-04,Private,3347.2,2066.53,1280.67,Partially Approved
1206112,704849,100649,2025-08-28,Medicare,3011.12,2306.26,704.86,Approved
1206113,705624,100867,2021-12-03,Private,2940.64,2105.34,835.3,Partially Approved
1206114,703125,100003,2023-03-19,Uninsured,1297.88,744.21,553.67,Partially Approved
1206115,702093,102320,2021-06-18,Private,3163.69,1818.48,1345.21,Approved
1206116,702557,100323,2025-04-12,Medicare,2817.53,2409.1,2817.53,Denied
1206117,702801,101249,2024-12-13,Medicare,1728.52,1312.66,415.86,Approved
1206118,705939,101201,2022-01-16,Private,1905.71,1781.87,1905.71,Denied
1206119,706405,101056,2024-12-18,Private,9007.82,5753.67,3254.15,Approved
1206120,706366,102080,2022-10-14,Medicaid,2492.94,1537.53,955.41,Approved
1206121,702709,100053,2023-10-03,Private,1075.02,734.44,340.58,Approved
1206122,706241,102438,2024-01-27,Uninsured,955.36,764.01,191.35,Approved
1206123,701082,102152,2023-02-15,Private,2818.81,2355.21,2818.81,Denied
1206124,702357,102348,2021-10-21,Private,652.38,467.97,184.41,Approved
1206125,704019,100461,2021-03-10,Medicare,232.3,189.82,42.48,Approved
1206126,702036,101393,2023-02-19,Medicare,3807.72,3339.32,468.4,Approved
1206127,704708,102271,2021-06-27,Private,5622.94,3614.82,2008.12,Approved
1206128,704141,101043,2022-06-22,Private,977.27,798.46,178.81,Approved
1206129,706220,101420,2023-04-19,Medicaid,3246.34,2151.47,1094.87,Approved
1206130,705268,100978,2022-03-14,Private,1658.96,1520.05,1658.96,Denied
1206131,701433,101499,2023-04-11,Private,1359.12,814.42,544.7,Approved
1206132,705730,102073,2023-01-27,Private,1229.87,952.21,277.66,Approved
1206133,702697,101586,2025-03-27,Medicare,7914.91,5315.58,2599.33,Partially Approved
1206134,706422,102476,2021-01-26,Private,870.65,556.25,314.4,Partially Approved
1206135,702241,100581,2022-05-02,Medicare,4354.86,3447.71,907.15,Partially Approved
1206136,704618,100026,2025-03-31,Medicaid,2964.74,2284.55,680.19,Partially Approved
1206137,702076,100025,2025-04-21,Medicaid,3277.96,2036.25,1241.71,Approved
1206138,703407,100621,2022-11-20,Private,484.42,278.39,206.03,Approved
1206139,705250,101120,2022-03-05,Medicare,2229.45,1553.46,675.99,Approved
1206140,702983,102428,2023-11-12,Private,4548.79,3973.19,575.6,Approved
1206141,701783,100257,2022-08-19,Medicare,1351.01,931.83,419.18,Approved
1206142,705255,101644,2023-03-28,Private,2320.12,2050.18,269.94,Approved
1206143,703875,101057,2024-11-15,Medicare,6740.05,4962.86,1777.19,Approved
1206144,701727,101240,2023-10-26,Private,2908.42,2199.04,709.38,Approved
1206145,705725,101149,2022-05-26,Private,1473.72,1381.01,1473.72,Denied
1206146,702461,100904,2023-03-19,Private,2387.99,2140.23,247.76,Partially Approved
1206147,704009,102470,2024-06-17,Medicare,2023.27,1299.24,724.03,Approved
1206148,706282,100284,2023-04-29,Private,3085.21,2349.74,735.47,Partially Approved
1206149,700774,100891,2022-12-21,Medicare,1063.72,923.53,140.19,Partially Approved
1206150,701283,100265,2021-11-14,Medicare,4159.19,3712.05,447.14,Partially Approved
1206151,704609,101903,2023-07-07,Private,3229.91,1837.39,1392.52,Approved
1206152,703437,102347,2021-07-27,Medicare,3283.63,2853.13,430.5,Approved
1206153,700544,100792,2024-05-31,Private,3432.89,3046.38,386.51,Approved
1206154,705217,101010,2024-06-04,Medicare,5003.81,3326.37,1677.44,Partially Approved
1206155,700262,100930,2025-08-07,Private,2175.19,1260.83,914.36,Approved
1206156,704054,101027,2022-10-19,Medicaid,7186.27,6718.52,467.75,Approved
1206157,705898,102190,2021-04-04,Private,1748.0,1239.47,508.53,Approved
1206158,704313,101653,2025-09-03,Private,1533.86,1427.3,106.56,Pending
1206159,702527,101644,2024-01-07,Medicare,912.92,722.11,190.81,Partially Approved
1206160,700079,101957,2021-11-03,Medicare,1857.34,1392.21,465.13,Approved
1206161,706412,100542,2025-10-19,Medicare,646.53,462.11,184.42,Approved
1206162,704400,102352,2021-01-01,Medicaid,3636.45,2110.74,1525.71,Approved
1206163,705768,101513,2025-01-27,Medicare,4403.46,4199.86,203.6,Approved
1206164,705372,101891,2025-07-29,Private,5489.08,4366.04,1123.04,Approved
1206165,702737,101716,2021-06-02,Private,4205.44,3317.27,888.17,Approved
1206166,700310,100093,2024-10-19,Medicaid,2102.53,2040.83,61.7,Approved
1206167,701377,100618,2024-09-02,Medicare,3338.83,1852.27,1486.56,Approved
1206168,704716,100629,2021-03-16,Private,859.08,624.33,234.75,Approved
1206169,704481,100457,2024-12-17,Medicaid,1628.91,1545.14,83.77,Approved
1206170,702074,102059,2025-08-09,Medicare,957.96,636.28,321.68,Approved
1206171,701330,102199,2021-11-19,Private,3400.61,2709.76,690.85,Approved
1206172,700223,100680,2022-09-15,Private,1565.25,1170.53,394.72,Approved
1206173,704509,102120,2023-06-28,Private,3624.72,3249.7,375.02,Partially Approved
1206174,703114,100263,2023-02-14,Medicare,2423.51,1660.61,762.9,Approved
1206175,703440,102237,2023-11-26,Private,4199.48,3006.99,4199.48,Denied
1206176,703507,101634,2022-11-02,Private,1942.48,1689.98,252.5,Approved
1206177,703454,101547,2023-09-04,Medicare,883.08,849.37,33.71,Partially Approved
1206178,705100,101397,2023-06-20,Medicare,2000.73,1234.46,766.27,Approved
1206179,700348,100392,2021-08-21,Medicare,2728.56,1870.52,858.04,Approved
1206180,704382,101322,2024-01-29,Medicaid,6709.62,4339.19,2370.43,Approved
1206181,703421,100928,2024-05-14,Private,3304.06,2647.07,656.99,Approved
1206182,700255,100214,2021-11-18,Private,2915.84,2117.52,798.32,Partially Approved
1206183,702427,102472,2022-11-16,Medicare,2095.0,1728.49,366.51,Partially Approved
1206184,702676,102281,2022-04-21,Private,1472.76,832.86,639.9,Approved
1206185,700154,101242,2025-12-17,Private,2694.5,2118.36,576.14,Approved
1206186,700969,100623,2021-11-21,Private,2578.21,2165.92,412.29,Partially Approved
1206187,701160,102015,2025-09-22,Private,4953.35,3640.99,1312.36,Approved
1206188,702492,101587,2023-07-24,Medicare,2789.96,2669.83,120.13,Partially Approved
1206189,704230,101762,2023-04-25,Private,6878.62,5448.55,1430.07,Partially Approved
1206190,705108,101746,2025-08-17,Private,1377.73,1272.82,104.91,Approved
1206191,701159,102277,2021-04-04,Private,767.55,488.16,279.39,Approved
1206192,705600,102378,2023-05-22,Private,3902.24,3051.09,851.15,Approved
1206193,706324,100874,2025-08-20,Medicaid,9714.77,8940.79,773.98,Partially Approved
1206194,703789,102177,2025-09-16,Private,2349.1,1760.93,588.17,Approved
1206195,706219,101362,2022-04-25,Medicare,3297.23,3152.16,145.07,Approved
1206196,702581,102137,2021-03-08,Medicaid,3744.23,3200.55,543.68,Approved
1206197,704694,101105,2021-10-05,Medicare,4766.44,4361.42,405.02,Approved
1206198,702981,102173,2023-02-17,Medicare,3135.7,2655.51,480.19,Approved
1206199,704453,101170,2022-10-29,Medicare,6764.85,4955.16,1809.69,Approved
1206200,706057,100889,2021-01-20,Private,560.64,393.72,166.92,Approved
