Lab_Result_ID,Admission_ID,Lab_Test_ID,Test_Date,Result_Value,Result_Unit,Abnormal_Flag
1100001,703939,6019,2021-10-29,48.4,mmol/L,Normal
1100002,701336,6006,2024-08-13,20.48,g/dL,Normal
1100003,703176,6003,2025-12-04,6.2,U/L,High
1100004,700518,6003,2025-10-21,21.28,mmol/L,Normal
1100005,700633,6004,2025-09-24,16.19,mg/dL,Low
1100006,705639,6017,2023-06-05,20.28,%,Normal
1100007,700039,6005,2024-11-05,20.46,mg/dL,Normal
1100008,706102,6007,2024-07-05,12.44,g/dL,Normal
1100009,702411,6017,2025-04-04,23.29,mg/dL,Normal
1100010,702671,6018,2022-09-03,6.53,mmHg,High
1100011,706049,6003,2022-07-17,,U/L,Normal
1100012,701413,6001,2022-03-31,31.1,%,Normal
1100013,700229,6011,2025-09-11,10.23,mmHg,Normal
1100014,701306,6013,2025-05-06,73.19,mg/dL,Normal
1100015,705152,6016,2023-02-27,4.05,%,High
1100016,703736,6014,2025-02-11,29.06,g/dL,Critical
1100017,703200,6023,2021-06-02,6.12,mmol/L,Normal
1100018,700983,6014,2023-11-04,94.57,mmHg,Normal
1100019,704146,6024,2021-08-31,75.8,mmol/L,Normal
1100020,703605,6006,2021-10-04,24.5,mg/dL,Normal
1100021,702608,6018,2022-03-28,18.7,g/dL,Normal
1100022,702139,6006,2024-05-21,7.04,mg/dL,Normal
1100023,705818,6003,2023-08-16,16.37,mmol/L,Low
1100024,704161,6011,2023-10-15,38.64,g/dL,Low
1100025,702286,6001,2024-09-28,24.7,mg/dL,Normal
1100026,701089,6001,2025-10-15,14.8,mmHg,Normal
1100027,705555,6025,2022-05-05,5.76,mmHg,Normal
1100028,703601,6024,2024-07-17,17.55,mmol/L,High
1100029,706174,6012,2023-07-14,22.54,g/dL,Normal
1100030,700849,6024,2023-10-17,26.56,mmol/L,Normal
1100031,702234,6019,2023-04-08,17.66,g/dL,Normal
1100032,700518,6003,2024-02-27,36.47,mmHg,Normal
1100033,700171,6017,2023-03-04,20.88,mg/dL,Normal
1100034,702031,6024,2021-09-14,20.44,mg/dL,High
1100035,706162,6021,2021-02-16,33.32,mmHg,Normal
1100036,704494,6014,2022-04-08,23.41,mg/dL,High
1100037,701533,6025,2024-02-06,11.66,g/dL,High
1100038,702013,6015,2022-01-09,22.65,mmol/L,Normal
1100039,700308,6014,2021-03-03,36.0,%,Normal
1100040,700437,6010,2023-08-04,48.49,g/dL,High
1100041,705915,6017,2024-08-09,56.06,mmol/L,Normal
1100042,705953,6016,2021-07-14,10.78,%,Normal
1100043,706214,6008,2023-12-20,24.58,mmol/L,Normal
1100044,705675,6013,2025-02-13,5.57,%,Normal
1100045,703985,6020,2022-08-09,13.56,mmol/L,High
1100046,705863,6010,2025-02-28,18.89,U/L,Low
1100047,700733,6020,2025-02-22,34.66,%,Normal
1100048,704944,6016,2022-06-05,27.91,mg/dL,High
1100049,704237,6009,2023-03-24,32.29,mmol/L,Normal
1100050,706347,6023,2021-11-19,71.98,U/L,High
1100051,702733,6011,2022-03-21,26.42,U/L,Normal
1100052,702310,6013,2024-12-06,19.93,mg/dL,Critical
1100053,702896,6003,2025-07-09,72.93,mmol/L,Normal
1100054,705150,6022,2023-09-11,45.96,mg/dL,High
1100055,704782,6001,2025-03-07,26.79,mg/dL,Normal
1100056,703477,6014,2024-06-15,61.78,mmol/L,Normal
1100057,704665,6023,2021-12-25,45.98,U/L,Normal
1100058,704002,6010,2021-08-23,37.79,mg/dL,Critical
1100059,702672,6011,2023-03-05,19.87,mg/dL,Normal
1100060,702462,6013,2024-11-15,31.68,g/dL,Normal
1100061,706000,6014,2021-09-03,7.12,mmHg,Normal
1100062,703898,6018,2022-07-02,32.02,mmHg,High
1100063,702256,6008,2022-03-06,30.55,mmol/L,Normal
1100064,701631,6024,2025-08-16,13.98,mmol/L,Normal
1100065,700916,6005,2024-08-24,19.3,%,Normal
1100066,704492,6004,2021-09-25,18.36,mmHg,Normal
1100067,702630,6001,2024-12-13,88.0,mg/dL,Normal
1100068,703016,6025,2022-04-21,14.95,%,Normal
1100069,702998,6008,2023-07-26,28.83,%,Normal
1100070,705223,6006,2022-10-11,32.34,mg/dL,Normal
1100071,702506,6008,2022-02-25,33.15,mg/dL,Normal
1100072,700428,6021,2023-02-26,27.82,mmHg,Normal
1100073,703542,6026,2023-10-17,64.94,g/dL,Critical
1100074,705664,6004,2025-07-19,5.48,U/L,Normal
1100075,702990,6025,2023-06-27,13.22,g/dL,High
1100076,704899,6024,2022-04-12,18.46,mmHg,Normal
1100077,704247,6023,2024-01-22,18.46,mmol/L,High
1100078,703331,6010,2023-12-25,12.06,%,Normal
1100079,705417,6010,2021-12-28,27.59,%,Low
1100080,701559,6002,2021-06-02,59.04,%,Low
1100081,702298,6026,2022-04-01,19.96,U/L,Low
1100082,703156,6023,2024-12-15,43.95,%,Normal
1100083,705375,6015,2025-01-16,22.36,mg/dL,Normal
1100084,702659,6009,2024-01-23,15.45,mmol/L,Normal
1100085,700771,6016,2025-11-28,11.11,mg/dL,Normal
1100086,700601,6008,2025-08-02,52.34,mg/dL,Normal
1100087,705591,6005,2024-10-27,10.11,%,Normal
1100088,702907,6004,2021-10-10,31.91,g/dL,Normal
1100089,706314,6010,2022-05-06,13.75,U/L,Low
1100090,702401,6009,2022-10-23,7.98,mg/dL,Normal
1100091,702322,6002,2021-06-16,29.13,mg/dL,Normal
1100092,700028,6013,2025-10-20,35.23,U/L,Normal
1100093,701232,6004,2022-02-27,9.26,mmHg,Normal
1100094,700056,6012,2021-04-08,7.08,mmol/L,Normal
1100095,706476,6012,2025-09-06,17.93,U/L,Low
1100096,705037,6024,2024-05-20,15.95,%,Normal
1100097,701200,6017,2023-11-19,31.22,%,Normal
1100098,706173,6021,2024-06-27,30.97,mmol/L,Normal
1100099,701792,6025,2022-01-13,36.96,%,Normal
1100100,700600,6014,2025-03-26,33.88,mg/dL,Normal
1100101,702630,6021,2024-09-05,19.09,g/dL,High
1100102,704209,6019,2022-05-01,32.4,g/dL,Normal
1100103,700562,6010,2025-06-26,10.74,g/dL,Normal
1100104,700348,6012,2025-10-17,59.79,mg/dL,Normal
1100105,701452,6006,2025-11-26,39.43,mmHg,High
1100106,704949,6022,2024-02-02,20.05,mg/dL,Critical
1100107,702926,6010,2024-12-10,39.14,mmHg,Normal
1100108,700973,6025,2022-11-26,12.93,g/dL,Normal
1100109,701803,6006,2022-07-27,9.0,U/L,Normal
1100110,702187,6005,2022-03-26,10.35,%,Normal
1100111,705505,6009,2025-02-28,25.08,mg/dL,High
1100112,701891,6026,2025-09-15,8.73,mg/dL,Critical
1100113,702101,6024,2021-02-22,15.91,mmHg,Normal
1100114,704670,6002,2022-12-08,23.7,mmHg,Normal
1100115,701755,6003,2021-07-27,13.17,g/dL,High
1100116,703112,6003,2021-11-03,17.04,g/dL,High
1100117,704407,6009,2023-01-23,27.42,%,Low
1100118,700046,6011,2022-04-12,51.04,mg/dL,Normal
1100119,705152,6009,2025-04-04,3.76,mmHg,Low
1100120,701613,6012,2022-12-03,17.84,%,Normal
1100121,705633,6019,2025-06-07,15.57,%,Normal
1100122,705671,6006,2023-04-06,8.23,U/L,Normal
1100123,701885,6015,2021-11-05,49.11,U/L,Normal
1100124,704824,6023,2023-06-15,7.99,g/dL,Normal
1100125,700397,6011,2022-07-06,12.38,mmHg,Critical
1100126,705782,6006,2021-04-13,30.61,mmHg,Normal
1100127,702034,6021,2024-06-18,17.68,g/dL,Critical
1100128,704119,6007,2021-06-06,22.26,g/dL,Low
1100129,703602,6021,2025-06-03,20.52,U/L,Low
1100130,702891,6007,2021-06-13,13.44,mmol/L,Normal
1100131,701935,6021,2021-05-29,21.95,mmol/L,Normal
1100132,702272,6006,2021-07-13,19.75,mmHg,Low
1100133,703116,6008,2021-01-22,6.47,g/dL,Normal
1100134,705147,6016,2024-11-17,15.79,mmHg,Normal
1100135,700032,6012,2023-10-17,82.43,g/dL,Low
1100136,705136,6018,2021-01-30,38.9,mmHg,Normal
1100137,704549,6014,2024-09-28,28.6,g/dL,Low
1100138,701737,6018,2023-09-30,12.32,U/L,Normal
1100139,704406,6024,2022-02-14,7.61,mmol/L,Normal
1100140,702000,6004,2024-08-21,55.57,g/dL,Normal
1100141,703847,6024,2025-11-27,22.16,mg/dL,Normal
1100142,702082,6010,2022-09-01,9.4,g/dL,Normal
1100143,700956,6013,2025-06-27,12.02,mmol/L,High
1100144,703029,6012,2022-06-11,7.0,g/dL,High
1100145,705622,6007,2021-01-16,29.63,%,Normal
1100146,704498,6025,2022-05-06,9.44,mmHg,Normal
1100147,703512,6002,2022-02-06,32.39,%,High
1100148,700691,6017,2025-09-12,12.09,U/L,Normal
1100149,702932,6021,2021-11-29,58.02,mmHg,Normal
1100150,705682,6014,2021-10-28,44.98,mg/dL,Normal
1100151,702780,6025,2021-09-11,4.43,U/L,High
1100152,700683,6007,2024-07-22,17.29,g/dL,Normal
1100153,702388,6013,2022-04-05,18.97,U/L,High
1100154,703483,6007,2021-10-01,11.86,mmol/L,High
1100155,704961,6008,2022-07-26,14.06,mmol/L,Critical
1100156,700122,6001,2024-07-01,35.31,%,Normal
1100157,705948,6010,2025-11-17,10.26,%,Normal
1100158,706103,6002,2025-10-16,20.35,mmol/L,Normal
1100159,704319,6012,2024-06-29,10.28,%,Normal
1100160,701690,6025,2025-11-08,15.43,mmol/L,High
1100161,701995,6013,2021-12-01,45.53,mg/dL,Low
1100162,701537,6001,2025-11-27,6.52,g/dL,High
1100163,701675,6002,2025-03-26,37.88,mg/dL,Low
1100164,704072,6021,2022-03-12,7.7,g/dL,Normal
1100165,701597,6004,2023-02-03,25.88,U/L,Normal
1100166,704451,6001,2025-05-01,29.63,%,Normal
1100167,701132,6019,2022-09-03,30.7,%,Normal
1100168,704820,6018,2023-07-31,39.17,mmol/L,Normal
1100169,706471,6025,2023-02-09,24.35,mmHg,High
1100170,705599,6008,2022-06-18,108.41,mmHg,Low
1100171,702804,6022,2022-07-01,14.75,U/L,Normal
1100172,706260,6008,2022-07-29,12.44,mmol/L,Low
1100173,702827,6023,2024-09-23,11.95,mg/dL,Low
1100174,702902,6026,2021-03-10,13.14,U/L,Normal
1100175,705949,6026,2023-09-14,18.09,%,Normal
1100176,702721,6012,2021-10-03,16.02,g/dL,Normal
1100177,704522,6008,2025-08-29,41.77,mmHg,Normal
1100178,701028,6006,2022-01-26,17.87,mg/dL,Normal
1100179,705362,6020,2022-05-19,35.21,mg/dL,Normal
1100180,705761,6014,2023-02-20,13.34,g/dL,Normal
1100181,702971,6024,2025-07-02,13.07,g/dL,Critical
1100182,702424,6020,2025-03-01,23.11,mmHg,Normal
1100183,700991,6012,2023-05-21,32.15,g/dL,Normal
1100184,705112,6007,2024-10-03,50.95,mmol/L,Normal
1100185,702025,6017,2021-12-29,19.96,U/L,Normal
1100186,706367,6024,2022-02-23,35.31,g/dL,Normal
1100187,705793,6005,2024-03-12,21.1,mmol/L,Normal
1100188,701420,6024,2025-07-15,26.55,mmol/L,Normal
1100189,701839,6003,2025-07-10,40.97,g/dL,Critical
1100190,705074,6023,2024-12-17,10.7,U/L,Normal
1100191,702996,6009,2024-08-21,5.92,mmHg,Normal
1100192,701670,6024,2021-09-30,66.53,%,Normal
1100193,700516,6017,2023-04-24,16.22,g/dL,Critical
1100194,700372,6017,2021-12-24,5.84,mmHg,Normal
1100195,705487,6018,2021-08-22,6.61,g/dL,Normal
1100196,705028,6010,2025-07-03,18.11,%,Normal
1100197,704292,6020,2021-12-07,8.68,U/L,Normal
1100198,702212,6002,2024-01-23,99.68,%,Normal
1100199,701621,6013,2024-03-01,24.65,mmHg,Normal
1100200,705871,6026,2021-11-24,15.95,mg/dL,High
1100201,701094,6022,2022-01-12,18.82,mmol/L,Normal
1100202,701441,6004,2025-03-03,35.51,mg/dL,High
1100203,705773,6009,2025-03-31,8.61,mmHg,High
1100204,706413,6010,2024-06-06,16.29,mmol/L,Normal
1100205,700264,6011,2022-04-09,75.72,%,High
1100206,703107,6019,2024-12-18,19.87,U/L,Low
1100207,705866,6026,2022-05-08,37.05,g/dL,Normal
1100208,702061,6003,2024-03-20,17.2,%,Normal
1100209,701826,6003,2021-08-16,16.28,mg/dL,Normal
1100210,705316,6026,2025-10-05,9.12,mmHg,High
1100211,702559,6020,2022-03-07,8.06,mmHg,Normal
1100212,704043,6006,2022-03-09,20.79,mmol/L,Normal
1100213,706224,6002,2023-08-02,48.18,mg/dL,Normal
1100214,705240,6016,2023-02-16,24.39,g/dL,High
1100215,700788,6015,2021-04-10,12.81,mmol/L,Normal
1100216,700557,6020,2025-09-19,14.55,g/dL,Normal
1100217,702372,6026,2024-08-13,30.51,U/L,Normal
1100218,701184,6013,2025-07-16,12.5,mmol/L,Normal
1100219,700504,6026,2022-10-04,10.84,mmHg,Normal
1100220,705946,6013,2022-08-26,48.25,U/L,Normal
1100221,701265,6010,2024-02-10,14.1,mmHg,Normal
1100222,701705,6011,2023-05-29,15.68,mg/dL,Normal
1100223,701973,6013,2025-09-04,8.88,U/L,Normal
1100224,702956,6016,2025-05-22,13.06,g/dL,Normal
1100225,701680,6025,2022-08-24,34.93,mmHg,Normal
1100226,706057,6022,2022-05-09,18.82,%,Normal
1100227,700440,6001,2024-11-11,26.96,mg/dL,Normal
1100228,701805,6009,2025-01-19,23.95,mmHg,Normal
1100229,704629,6001,2021-09-29,30.56,U/L,Normal
1100230,700519,6010,2022-10-15,50.12,mmol/L,Normal
1100231,704500,6010,2025-10-01,13.85,%,Critical
1100232,702592,6014,2022-03-26,25.36,%,Normal
1100233,700950,6019,2022-07-29,16.14,mmol/L,High
1100234,706336,6004,2024-03-31,11.45,U/L,Normal
1100235,703797,6003,2023-01-16,22.83,g/dL,Low
1100236,701602,6020,2022-03-27,20.09,U/L,Normal
1100237,705857,6025,2023-11-02,23.98,%,Normal
1100238,704598,6018,2021-03-25,23.33,g/dL,Normal
1100239,703761,6025,2025-04-20,41.56,%,Normal
1100240,705457,6002,2024-05-30,44.28,mg/dL,Normal
1100241,702002,6015,2024-04-15,67.6,U/L,Normal
1100242,706012,6020,2023-03-20,23.77,%,Normal
1100243,700560,6005,2022-09-23,23.36,mmol/L,Normal
1100244,705457,6020,2025-07-24,9.88,g/dL,Normal
1100245,702085,6008,2023-04-08,11.71,U/L,Normal
1100246,701345,6014,2025-04-21,75.2,%,Low
1100247,706494,6015,2023-07-01,29.16,mg/dL,Normal
1100248,704579,6001,2024-06-25,10.45,mmol/L,Normal
1100249,704086,6017,2022-12-04,37.85,g/dL,Low
1100250,706022,6023,2024-10-27,11.8,g/dL,Normal
1100251,700446,6015,2024-02-15,28.64,mmol/L,High
1100252,704563,6016,2024-07-19,18.47,mmHg,Normal
1100253,705431,6010,2023-09-16,6.39,mmHg,Normal
1100254,700847,6017,2025-04-14,21.38,mg/dL,Normal
1100255,701928,6022,2024-10-11,34.74,%,Normal
1100256,701766,6022,2025-10-28,26.92,mmHg,Low
1100257,704666,6011,2024-03-28,16.19,g/dL,High
1100258,702076,6010,2021-01-30,17.18,mmol/L,Normal
1100259,702929,6011,2021-03-22,20.98,U/L,Normal
1100260,704657,6007,2024-12-01,19.02,g/dL,Normal
1100261,701601,6021,2025-07-29,15.94,g/dL,Normal
1100262,705772,6023,2025-08-28,10.01,U/L,Normal
1100263,705493,6016,2021-08-27,48.56,U/L,Low
1100264,702971,6012,2021-05-17,60.99,g/dL,Normal
1100265,702242,6014,2025-05-08,31.96,%,Normal
1100266,702152,6005,2023-03-26,10.39,mmol/L,Normal
1100267,701456,6016,2023-01-02,48.55,%,Low
1100268,701171,6025,2024-12-25,23.13,mmHg,Normal
1100269,700317,6021,2024-08-07,14.98,mg/dL,Normal
1100270,705619,6007,2025-11-08,59.86,mg/dL,Normal
1100271,701603,6016,2025-03-23,161.39,%,Normal
1100272,705376,6022,2025-04-06,12.97,%,Normal
1100273,706317,6006,2022-08-31,18.2,mg/dL,Critical
1100274,701802,6024,2022-10-03,16.36,mg/dL,Normal
1100275,703033,6008,2022-05-01,11.72,mg/dL,Normal
1100276,702111,6010,2025-10-04,4.2,mg/dL,Normal
1100277,703753,6015,2025-06-03,26.42,g/dL,High
1100278,703337,6016,2021-12-17,36.85,%,Normal
1100279,700932,6004,2022-03-28,12.2,mmol/L,Normal
1100280,706041,6025,2021-09-29,37.68,U/L,Normal
1100281,705754,6019,2025-07-29,58.54,mmol/L,Normal
1100282,702920,6016,2021-07-18,103.39,mmHg,Normal
1100283,702957,6016,2022-03-27,15.99,g/dL,Normal
1100284,702897,6015,2022-11-18,9.46,mmHg,High
1100285,703841,6002,2025-01-15,34.08,%,Normal
1100286,704223,6007,2023-03-09,41.86,%,Normal
1100287,704231,6015,2024-10-02,46.18,%,Normal
1100288,703744,6004,2021-03-22,17.55,mg/dL,Normal
1100289,702786,6018,2023-08-18,7.61,g/dL,Normal
1100290,702877,6007,2021-01-31,35.36,g/dL,High
1100291,705988,6010,2024-12-07,12.84,%,Normal
1100292,704592,6020,2023-05-02,23.58,%,High
1100293,701122,6026,2022-12-13,7.05,U/L,Critical
1100294,706045,6019,2021-09-19,17.72,mmHg,Normal
1100295,704491,6002,2024-04-01,17.73,g/dL,Normal
1100296,705837,6004,2025-06-18,30.39,mmol/L,Low
1100297,704059,6023,2024-07-18,8.29,U/L,Normal
1100298,702097,6021,2024-10-20,7.45,g/dL,Normal
1100299,704593,6021,2025-10-19,21.49,U/L,High
1100300,701369,6025,2025-09-18,6.26,%,Normal
1100301,706032,6012,2021-04-21,9.45,%,Normal
1100302,704460,6006,2023-09-18,8.1,U/L,High
1100303,704271,6026,2022-04-04,16.47,mg/dL,Normal
1100304,701977,6019,2022-04-27,15.09,mg/dL,High
1100305,703622,6011,2025-11-23,20.78,mg/dL,Low
1100306,703734,6001,2023-01-21,7.17,mmHg,Normal
1100307,704553,6002,2022-08-28,23.14,g/dL,Normal
1100308,702697,6020,2025-04-29,44.99,mg/dL,High
1100309,700955,6004,2024-03-18,17.33,mmol/L,Normal
1100310,702300,6006,2021-12-11,29.89,mmHg,Normal
1100311,701012,6025,2025-01-20,21.44,g/dL,Normal
1100312,705590,6018,2023-11-10,60.82,g/dL,Normal
1100313,704684,6017,2025-01-28,21.06,mmHg,Normal
1100314,701288,6015,2023-03-12,8.22,U/L,High
1100315,704139,6006,2022-12-10,52.48,mmHg,Normal
1100316,700916,6006,2025-03-02,41.86,U/L,Low
1100317,700036,6003,2022-05-29,6.95,g/dL,Normal
1100318,706163,6003,2023-08-31,30.14,g/dL,Normal
1100319,703202,6023,2025-12-23,5.5,mmHg,High
1100320,704627,6002,2024-01-07,74.12,g/dL,Normal
1100321,705111,6013,2022-03-25,8.95,%,Normal
1100322,700717,6016,2023-04-30,36.31,g/dL,Normal
1100323,701722,6023,2025-01-26,15.13,mg/dL,Normal
1100324,700615,6024,2022-07-07,13.57,%,Low
1100325,701261,6020,2023-03-13,20.23,mmol/L,Normal
1100326,705025,6022,2023-10-04,16.06,%,High
1100327,704458,6016,2022-06-07,15.38,g/dL,Normal
1100328,705078,6019,2024-10-01,24.57,g/dL,Low
1100329,701618,6024,2024-07-02,18.4,mmol/L,Normal
1100330,705140,6007,2021-04-01,6.07,%,Low
1100331,701948,6025,2023-01-20,28.24,mmol/L,Normal
1100332,702362,6004,2025-06-08,27.81,mg/dL,Normal
1100333,701351,6025,2023-07-16,10.36,mmHg,Low
1100334,706051,6021,2021-10-13,20.97,g/dL,Normal
1100335,706087,6018,2022-07-09,36.57,mmol/L,Normal
1100336,705230,6023,2025-04-12,31.79,mmol/L,High
1100337,700976,6002,2024-03-23,10.25,mg/dL,Normal
1100338,701078,6008,2023-11-03,24.88,g/dL,Normal
1100339,702904,6022,2022-09-06,10.81,%,Normal
1100340,701495,6024,2022-08-17,35.86,mmHg,Normal
1100341,703151,6009,2023-03-25,30.52,mmHg,Normal
1100342,700296,6012,2022-03-25,14.02,g/dL,Normal
1100343,704695,6010,2021-02-05,12.49,g/dL,Normal
1100344,701409,6025,2022-06-06,14.81,U/L,High
1100345,702472,6006,2025-02-11,52.94,mmHg,Normal
1100346,705652,6009,2024-07-08,84.55,mg/dL,Low
1100347,702336,6026,2022-09-30,54.51,mmol/L,Normal
1100348,700310,6005,2022-12-18,3.78,mg/dL,Normal
1100349,701841,6007,2022-04-17,10.46,mmol/L,Normal
1100350,702506,6001,2023-07-26,67.84,g/dL,Normal
1100351,702780,6022,2021-11-04,23.95,mmHg,Normal
1100352,703904,6008,2023-03-05,15.86,mmHg,Normal
1100353,702712,6006,2025-11-05,29.77,mg/dL,Normal
1100354,704597,6001,2023-03-03,25.43,%,Normal
1100355,700837,6001,2024-01-31,15.05,g/dL,High
1100356,706404,6011,2023-11-29,14.02,mmHg,Low
1100357,702556,6009,2022-05-21,36.33,%,Normal
1100358,703342,6016,2025-03-02,15.97,g/dL,Normal
1100359,702840,6002,2024-08-12,16.65,%,Normal
1100360,700468,6021,2023-06-13,12.03,g/dL,Normal
1100361,702995,6007,2024-11-30,70.0,%,Normal
1100362,704639,6004,2021-11-16,29.51,mmol/L,Normal
1100363,701493,6011,2023-08-30,15.24,%,Normal
1100364,702032,6021,2021-12-16,63.95,mmHg,Low
1100365,705920,6019,2021-08-25,9.26,mmHg,Low
1100366,705679,6008,2023-04-17,5.12,%,Low
1100367,700173,6024,2021-06-26,8.6,%,Normal
1100368,705072,6026,2025-10-05,13.3,g/dL,High
1100369,706241,6015,2023-12-11,5.06,mmol/L,Normal
1100370,702748,6016,2021-07-29,21.51,g/dL,Normal
1100371,706295,6007,2023-09-09,21.47,mmol/L,High
1100372,703867,6015,2023-05-14,13.32,mg/dL,High
1100373,703385,6008,2022-11-20,23.56,mmol/L,Normal
1100374,705491,6013,2024-11-20,32.92,mmHg,Critical
1100375,705259,6022,2024-07-23,59.18,mmHg,Critical
1100376,702087,6010,2022-01-21,40.1,mmol/L,Normal
1100377,704546,6012,2021-10-01,18.76,g/dL,Normal
1100378,702207,6017,2023-01-29,5.92,g/dL,High
1100379,700821,6017,2022-09-04,30.39,%,Normal
1100380,702903,6005,2023-05-17,6.22,mg/dL,Normal
1100381,702258,6001,2023-01-12,49.16,%,High
1100382,705800,6015,2024-12-06,25.99,mg/dL,Normal
1100383,706161,6007,2024-05-12,22.61,mmol/L,Normal
1100384,702150,6023,2025-10-02,15.62,U/L,Normal
1100385,702489,6021,2022-12-20,6.02,%,Normal
1100386,701741,6009,2022-03-26,51.79,mmHg,Normal
1100387,704964,6006,2025-12-20,48.43,mmol/L,Normal
1100388,702918,6004,2021-11-17,18.44,%,Normal
1100389,705455,6014,2024-03-06,11.66,U/L,Normal
1100390,704774,6003,2021-04-10,28.27,mmHg,Normal
1100391,700721,6011,2021-02-04,12.63,g/dL,Normal
1100392,701620,6006,2024-05-22,17.26,mmHg,Normal
1100393,702618,6001,2025-03-27,19.69,U/L,Normal
1100394,705488,6001,2024-08-31,17.45,mg/dL,Normal
1100395,702539,6010,2023-08-15,17.79,mmol/L,Normal
1100396,703331,6006,2023-01-27,23.75,mmol/L,High
1100397,704407,6010,2021-02-06,32.32,U/L,Critical
1100398,705887,6025,2025-07-20,,U/L,Normal
1100399,700445,6024,2023-01-10,11.1,mmHg,Normal
1100400,701754,6001,2021-05-25,26.09,U/L,Low
1100401,700064,6008,2022-03-27,17.8,g/dL,Normal
1100402,703430,6026,2024-07-05,8.53,mmol/L,Normal
1100403,701615,6021,2024-10-10,21.45,mg/dL,Normal
1100404,701375,6024,2024-10-03,36.83,mmHg,Normal
1100405,705063,6007,2025-05-08,8.21,%,Low
1100406,706348,6026,2021-07-01,13.58,%,Normal
1100407,704659,6026,2023-06-15,23.63,U/L,Normal
1100408,705584,6002,2023-08-13,47.6,mmol/L,Normal
1100409,703576,6015,2024-01-08,18.74,U/L,High
1100410,700441,6008,2024-02-15,12.65,%,Low
1100411,705190,6004,2022-07-02,25.82,%,Low
1100412,701820,6020,2023-08-05,35.77,U/L,High
1100413,704510,6019,2023-05-11,29.53,g/dL,High
1100414,705011,6010,2023-05-01,29.56,%,Normal
1100415,701377,6004,2021-09-10,42.4,mmol/L,Low
1100416,700511,6002,2021-04-14,16.78,mmHg,Normal
1100417,706358,6025,2022-12-22,12.23,mmol/L,Low
1100418,703872,6018,2023-11-11,41.92,U/L,High
1100419,703749,6025,2024-12-24,93.83,g/dL,Normal
1100420,700663,6017,2023-04-22,39.45,mmHg,Normal
1100421,704063,6020,2025-02-27,15.29,mmol/L,Normal
1100422,702582,6018,2023-07-18,11.61,mmol/L,Normal
1100423,704299,6006,2022-10-15,20.14,U/L,High
1100424,705148,6003,2021-01-28,56.0,%,Low
1100425,705114,6015,2021-01-15,14.85,mg/dL,Normal
1100426,700803,6016,2022-10-05,7.74,%,Normal
1100427,704760,6003,2024-05-01,27.35,g/dL,Normal
1100428,703771,6026,2024-01-26,26.43,U/L,Normal
1100429,705531,6004,2023-02-15,24.31,g/dL,Normal
1100430,704770,6019,2025-03-16,40.99,mmol/L,Normal
1100431,706386,6023,2023-12-23,28.61,mmol/L,Normal
1100432,700599,6018,2022-11-29,32.31,g/dL,Low
1100433,700917,6026,2023-04-16,21.1,g/dL,Normal
1100434,701908,6016,2023-01-20,23.12,g/dL,Normal
1100435,705766,6024,2025-11-01,17.01,mg/dL,Low
1100436,702005,6020,2022-12-05,12.83,mmHg,Normal
1100437,700860,6006,2024-06-19,12.25,g/dL,Normal
1100438,706276,6021,2022-10-01,24.86,mg/dL,Normal
1100439,701879,6010,2024-02-05,70.82,g/dL,Normal
1100440,700107,6007,2023-11-01,19.48,mmHg,Normal
1100441,703316,6010,2024-03-30,11.68,%,Normal
1100442,703626,6024,2025-09-30,19.57,%,Normal
1100443,700866,6001,2022-12-31,,mg/dL,Normal
1100444,700056,6019,2025-04-05,73.42,U/L,Normal
1100445,702729,6014,2025-06-26,15.78,U/L,Normal
1100446,704513,6014,2023-10-07,16.61,mg/dL,Normal
1100447,705612,6020,2023-07-26,15.01,g/dL,Normal
1100448,702174,6005,2024-01-24,13.61,mg/dL,Normal
1100449,701137,6016,2022-05-12,43.17,%,Normal
1100450,703652,6025,2022-02-19,18.09,mg/dL,Normal
1100451,705819,6004,2023-07-25,4.61,mmHg,Normal
1100452,702536,6019,2022-01-08,16.25,U/L,Normal
1100453,703437,6016,2021-06-10,39.61,U/L,Normal
1100454,701376,6014,2024-06-14,18.93,g/dL,Normal
1100455,702453,6015,2024-07-04,21.16,U/L,Critical
1100456,700048,6004,2022-12-31,105.65,g/dL,Normal
1100457,703714,6026,2024-06-09,20.33,mg/dL,Normal
1100458,700077,6025,2023-04-12,12.73,U/L,Low
1100459,702452,6006,2023-09-08,6.88,mmHg,Normal
1100460,702681,6012,2023-06-07,16.21,%,Normal
1100461,704312,6001,2025-07-22,110.27,g/dL,Low
1100462,705009,6018,2025-10-31,7.71,g/dL,High
1100463,703070,6009,2023-01-17,5.89,g/dL,Normal
1100464,702279,6008,2022-07-23,41.89,mmol/L,Low
1100465,700212,6023,2022-11-18,57.62,mmHg,Normal
1100466,704804,6008,2025-03-23,15.2,U/L,Low
1100467,702583,6016,2023-07-08,28.32,%,Low
1100468,704383,6017,2025-05-13,18.28,mmHg,Low
1100469,705724,6006,2024-09-27,24.32,%,Normal
1100470,706380,6015,2021-10-01,62.68,mmol/L,Normal
1100471,702539,6009,2023-05-19,27.06,U/L,High
1100472,700168,6004,2021-03-01,57.24,mmHg,Normal
1100473,702393,6022,2024-06-30,19.01,%,High
1100474,700531,6008,2021-02-22,19.73,mmHg,Normal
1100475,706166,6002,2025-04-04,20.08,g/dL,Normal
1100476,705043,6004,2023-09-24,5.74,U/L,Normal
1100477,705936,6009,2022-11-12,4.33,g/dL,Normal
1100478,701498,6002,2025-02-04,30.95,mmol/L,Normal
1100479,702995,6004,2021-05-16,28.68,mmol/L,High
1100480,700871,6024,2024-11-23,52.65,g/dL,Normal
1100481,700666,6022,2024-06-03,15.82,%,High
1100482,700563,6021,2025-11-08,58.47,U/L,Normal
1100483,706448,6018,2025-01-09,25.74,mmol/L,Normal
1100484,700004,6009,2021-06-18,26.78,U/L,Normal
1100485,705687,6012,2021-10-09,23.85,%,Normal
1100486,703137,6004,2021-06-20,32.61,mg/dL,Critical
1100487,706433,6023,2024-08-11,35.42,U/L,Normal
1100488,701633,6023,2024-06-24,18.58,%,High
1100489,700770,6008,2021-05-21,18.37,g/dL,Normal
1100490,706368,6020,2022-07-20,59.82,g/dL,Low
1100491,703100,6009,2021-01-23,15.72,mmHg,Normal
1100492,705069,6003,2021-08-18,12.04,mmHg,Low
1100493,703245,6003,2025-05-19,15.54,mg/dL,Normal
1100494,704898,6017,2021-05-28,35.44,g/dL,Normal
1100495,703535,6015,2024-07-31,34.38,mmol/L,Critical
1100496,701240,6021,2021-07-16,6.62,mmHg,Normal
1100497,705737,6026,2024-07-11,25.76,%,High
1100498,706456,6012,2021-09-05,17.93,%,Low
1100499,702053,6024,2023-01-05,67.34,g/dL,High
1100500,700803,6026,2024-08-23,48.11,mmHg,High
1100501,706167,6023,2024-03-02,16.1,mg/dL,Normal
1100502,705284,6020,2024-07-06,49.42,mg/dL,Normal
1100503,704526,6019,2023-07-22,43.72,mmol/L,Critical
1100504,701921,6026,2021-08-09,22.11,mg/dL,High
1100505,701601,6017,2024-12-22,51.57,mmol/L,Low
1100506,705849,6012,2022-12-13,47.58,mmHg,Normal
1100507,703047,6023,2025-08-06,17.94,mg/dL,Normal
1100508,702130,6019,2024-03-29,24.49,mmHg,Normal
1100509,700097,6014,2025-08-09,26.31,%,High
1100510,701288,6012,2021-11-24,23.14,%,Normal
1100511,704031,6006,2023-09-24,23.35,%,Normal
1100512,700354,6008,2023-06-04,7.81,mg/dL,Normal
1100513,700668,6012,2025-01-19,22.34,mg/dL,Normal
1100514,701176,6012,2025-06-21,8.17,U/L,High
1100515,702718,6006,2023-04-02,21.9,mg/dL,Low
1100516,704118,6001,2025-12-30,34.16,mmHg,Low
1100517,701888,6015,2023-12-28,12.2,U/L,Low
1100518,700449,6003,2023-07-24,5.77,g/dL,Normal
1100519,704999,6013,2023-05-24,16.91,g/dL,Normal
1100520,700259,6009,2021-10-15,15.13,U/L,Normal
1100521,704718,6018,2021-07-23,31.56,mmHg,Normal
1100522,703808,6017,2025-11-05,5.66,mmHg,Normal
1100523,703692,6025,2021-06-14,9.28,U/L,Normal
1100524,702856,6010,2024-11-04,18.96,mg/dL,Normal
1100525,705000,6023,2023-03-05,11.55,mmol/L,High
1100526,701206,6002,2022-10-28,10.6,mmol/L,Low
1100527,702328,6010,2025-09-28,41.37,g/dL,Normal
1100528,705131,6005,2022-03-25,9.53,mmol/L,Critical
1100529,703867,6002,2025-08-28,16.25,mg/dL,Normal
1100530,701656,6001,2022-10-08,10.43,mmol/L,Normal
1100531,701107,6021,2022-01-04,14.09,%,Normal
1100532,701132,6005,2024-07-10,31.45,%,High
1100533,706177,6018,2021-01-01,13.94,%,Normal
1100534,705556,6006,2023-05-17,40.13,U/L,Normal
1100535,701237,6023,2024-06-03,9.02,%,High
1100536,701309,6026,2025-06-07,6.63,U/L,Normal
1100537,706136,6024,2021-12-11,,g/dL,Low
1100538,705576,6019,2024-12-15,15.49,mmol/L,Normal
1100539,703281,6005,2024-08-01,36.2,U/L,Normal
1100540,703432,6007,2024-12-22,14.12,mmHg,Normal
1100541,705670,6008,2023-12-24,22.07,mmol/L,Normal
1100542,704426,6006,2023-04-06,18.73,g/dL,Normal
1100543,705752,6006,2025-01-12,44.14,U/L,Low
1100544,703522,6005,2024-06-15,4.73,mmHg,Normal
1100545,700764,6018,2021-10-03,28.86,%,Normal
1100546,701200,6026,2023-05-18,10.17,%,Normal
1100547,703052,6004,2021-12-22,15.43,mmol/L,Normal
1100548,705085,6006,2025-05-25,16.94,g/dL,Low
1100549,704090,6014,2024-06-28,27.35,mmHg,Normal
1100550,702928,6018,2024-08-25,8.85,mmol/L,High
1100551,700554,6020,2025-02-12,23.52,mg/dL,Normal
1100552,702524,6026,2022-10-07,20.4,mmHg,Normal
1100553,701244,6025,2021-06-04,29.68,mmHg,Normal
1100554,704254,6019,2022-03-27,41.39,%,Normal
1100555,700492,6024,2025-11-12,34.6,U/L,Normal
1100556,705631,6009,2021-04-19,9.15,g/dL,High
1100557,700126,6009,2022-05-30,14.23,mmol/L,Normal
1100558,706304,6025,2024-01-11,58.4,g/dL,Normal
1100559,706133,6001,2025-06-11,22.31,g/dL,Normal
1100560,704314,6009,2023-04-10,26.44,g/dL,Normal
1100561,704872,6006,2021-08-12,6.34,g/dL,High
1100562,700416,6014,2025-02-11,18.43,%,Normal
1100563,701868,6021,2025-10-23,30.91,g/dL,High
1100564,701778,6022,2021-08-04,24.66,U/L,Normal
1100565,705657,6011,2021-02-05,12.39,mmHg,Normal
1100566,702124,6007,2021-01-27,15.3,mmHg,Normal
1100567,701103,6018,2023-11-13,12.59,mmHg,Normal
1100568,701003,6006,2022-04-28,15.35,g/dL,Normal
1100569,701198,6008,2025-07-29,41.22,mg/dL,Normal
1100570,703901,6020,2024-04-12,8.61,g/dL,Normal
1100571,701945,6018,2025-08-12,12.85,g/dL,Normal
1100572,703661,6025,2022-08-19,10.87,U/L,Normal
1100573,706317,6002,2024-02-18,45.99,mg/dL,Low
1100574,702644,6022,2022-08-12,28.08,mmHg,Normal
1100575,701557,6006,2023-10-01,57.92,mmHg,High
1100576,705127,6005,2021-12-22,12.01,mmol/L,Normal
1100577,703999,6013,2025-09-22,6.95,mmHg,High
1100578,704116,6016,2021-09-20,39.46,mmHg,Normal
1100579,706108,6001,2024-10-09,41.66,%,Normal
1100580,705333,6012,2021-04-16,38.84,%,High
1100581,706268,6003,2024-11-04,9.34,%,Normal
1100582,703123,6024,2025-05-14,8.14,g/dL,High
1100583,701414,6022,2021-11-10,35.71,g/dL,Normal
1100584,705857,6002,2023-07-17,13.03,mmHg,Normal
1100585,700700,6014,2023-10-06,31.58,mmol/L,Normal
1100586,701912,6023,2025-05-28,58.91,mmol/L,Normal
1100587,704126,6010,2025-09-02,8.35,mmol/L,High
1100588,706204,6011,2022-11-10,43.85,mmol/L,Normal
1100589,704560,6002,2023-12-29,30.58,%,Normal
1100590,703285,6001,2025-08-14,11.19,mmol/L,Normal
1100591,703826,6006,2021-10-12,14.62,U/L,Normal
1100592,705923,6009,2022-09-27,29.21,%,Normal
1100593,702803,6018,2025-05-25,18.87,mg/dL,Normal
1100594,705298,6019,2024-12-07,69.28,mg/dL,High
1100595,704174,6014,2024-08-30,20.38,mmHg,High
1100596,701991,6001,2022-09-08,22.56,mmHg,Normal
1100597,705144,6006,2024-08-01,9.47,mg/dL,Low
1100598,702760,6006,2025-06-14,8.43,g/dL,High
1100599,700495,6015,2021-09-26,10.7,U/L,Normal
1100600,700905,6022,2021-07-10,58.11,mg/dL,Normal
1100601,705104,6023,2023-05-02,6.18,g/dL,Normal
1100602,701771,6022,2021-02-07,18.74,%,High
1100603,700932,6025,2023-07-09,26.43,mmol/L,Normal
1100604,704146,6025,2022-09-04,37.22,mmHg,Normal
1100605,702849,6017,2022-02-27,50.27,mg/dL,Normal
1100606,705583,6026,2025-02-27,29.03,g/dL,Normal
1100607,701320,6009,2022-09-24,5.1,mmHg,Normal
1100608,703761,6010,2022-03-31,21.64,%,Low
1100609,705783,6017,2023-06-28,13.1,U/L,Normal
1100610,702242,6023,2021-02-14,23.75,mg/dL,Normal
1100611,706429,6008,2025-12-05,40.47,%,Low
1100612,702578,6005,2024-03-13,27.75,%,Normal
1100613,703496,6017,2021-06-04,8.92,mmHg,Low
1100614,703833,6024,2025-11-06,41.34,mg/dL,Normal
1100615,702352,6005,2022-11-26,13.6,%,Critical
1100616,706055,6022,2025-10-19,66.4,U/L,Normal
1100617,704588,6009,2023-12-13,16.34,mg/dL,Normal
1100618,700876,6018,2023-08-08,22.3,%,Normal
1100619,700618,6013,2025-04-20,14.95,mmol/L,Low
1100620,701900,6007,2023-01-22,37.32,g/dL,Normal
1100621,704274,6005,2023-07-21,43.01,U/L,Normal
1100622,702302,6024,2022-03-14,21.74,mmol/L,High
1100623,700685,6004,2023-02-12,37.85,mmHg,Normal
1100624,704033,6008,2025-12-22,23.56,mg/dL,Normal
1100625,705149,6008,2021-02-04,32.51,g/dL,High
1100626,701187,6003,2024-05-08,8.28,mg/dL,Normal
1100627,702983,6005,2023-02-13,22.45,U/L,Normal
1100628,704012,6006,2024-03-24,33.53,%,Normal
1100629,704551,6021,2025-07-06,5.72,mmol/L,Normal
1100630,706255,6021,2025-04-25,42.31,mmol/L,Normal
1100631,701729,6018,2024-11-10,25.3,U/L,Low
1100632,706213,6010,2021-09-07,8.83,g/dL,Normal
1100633,702368,6018,2022-03-15,17.54,mmHg,Normal
1100634,703578,6009,2023-04-07,10.01,g/dL,Normal
1100635,703143,6008,2024-07-09,21.0,%,Normal
1100636,700262,6018,2025-12-07,12.72,g/dL,High
1100637,702655,6007,2025-01-06,2.9,%,Normal
1100638,702134,6004,2025-08-14,13.0,mmol/L,High
1100639,701043,6010,2021-06-07,14.81,g/dL,Normal
1100640,704361,6005,2021-03-28,72.14,mg/dL,Normal
1100641,701010,6015,2022-07-23,85.5,mmHg,Low
1100642,701132,6021,2021-01-07,31.23,%,Normal
1100643,706165,6021,2024-04-05,14.07,g/dL,Normal
1100644,705763,6024,2023-04-18,19.65,mg/dL,Normal
1100645,700064,6025,2021-11-07,22.68,mmol/L,Normal
1100646,700315,6013,2022-07-22,25.22,g/dL,High
1100647,701113,6007,2022-04-13,11.24,%,Normal
1100648,701499,6003,2021-06-12,48.46,mmol/L,High
1100649,704826,6015,2024-01-05,12.18,g/dL,Critical
1100650,703634,6007,2022-09-09,21.55,mmol/L,Normal
1100651,700696,6013,2025-01-12,22.33,mg/dL,Normal
1100652,701922,6018,2021-03-05,10.53,mg/dL,Normal
1100653,706449,6009,2025-12-06,9.3,mg/dL,Low
1100654,704662,6021,2023-07-25,5.1,mmol/L,Normal
1100655,702983,6023,2025-04-29,11.08,mg/dL,Normal
1100656,702057,6019,2021-07-17,28.0,%,Normal
1100657,701577,6002,2024-06-02,21.22,g/dL,Normal
1100658,700023,6015,2024-09-09,21.78,mg/dL,Normal
1100659,703814,6007,2024-04-29,20.35,U/L,Normal
1100660,702184,6011,2021-09-16,81.45,mmol/L,High
1100661,702008,6001,2025-09-30,31.51,mmHg,Normal
1100662,700233,6001,2023-09-26,16.79,g/dL,Low
1100663,704217,6024,2025-06-07,11.45,mg/dL,Normal
1100664,703402,6017,2024-01-20,5.29,%,Normal
1100665,701629,6020,2024-09-04,29.22,U/L,Normal
1100666,703273,6016,2025-01-28,20.94,mmol/L,Normal
1100667,703930,6024,2021-01-25,10.31,mmHg,Normal
1100668,701779,6016,2025-12-18,241.4,g/dL,Normal
1100669,703996,6017,2025-05-30,24.19,mmol/L,Normal
1100670,704338,6015,2025-10-20,29.38,U/L,Normal
1100671,701696,6017,2025-05-13,20.34,mmol/L,High
1100672,701779,6010,2025-01-03,25.62,mmHg,Normal
1100673,702804,6011,2021-02-10,41.15,mg/dL,High
1100674,703839,6019,2021-07-17,31.11,mg/dL,Normal
1100675,702459,6008,2024-06-08,35.31,mmHg,Normal
1100676,703414,6008,2021-12-21,39.21,mg/dL,Normal
1100677,706451,6010,2021-12-23,31.2,mmol/L,Normal
1100678,701825,6014,2025-10-17,43.33,g/dL,High
1100679,705257,6017,2021-04-12,37.6,%,Normal
1100680,702764,6014,2025-07-25,18.06,g/dL,Low
1100681,704858,6022,2023-01-05,36.44,U/L,High
1100682,700586,6015,2022-12-04,13.05,%,Normal
1100683,704193,6017,2022-06-03,9.08,U/L,Normal
1100684,704769,6025,2021-03-19,17.81,%,Normal
1100685,705283,6003,2024-05-24,7.03,mmHg,Normal
1100686,701332,6013,2025-07-24,9.33,g/dL,Normal
1100687,703869,6003,2022-09-02,10.45,U/L,Normal
1100688,705525,6005,2024-10-16,42.88,mmHg,Normal
1100689,700660,6004,2022-05-08,21.83,mg/dL,Normal
1100690,704924,6004,2021-04-20,20.88,mmol/L,Normal
1100691,701086,6009,2025-05-15,30.61,mmol/L,Normal
1100692,701775,6018,2023-09-25,20.94,mmHg,Low
1100693,700250,6014,2023-03-08,34.45,mmHg,Normal
1100694,701718,6018,2021-04-18,20.71,g/dL,Low
1100695,702372,6020,2024-04-21,10.94,mmol/L,Normal
1100696,705406,6013,2023-06-08,9.22,U/L,Critical
1100697,704255,6008,2021-10-12,21.88,%,Normal
1100698,705367,6023,2021-04-22,5.37,mmol/L,Normal
1100699,700321,6023,2021-03-07,53.87,mmHg,Normal
1100700,706141,6013,2023-06-02,49.5,g/dL,Normal
1100701,700344,6002,2021-04-30,31.13,mmHg,Normal
1100702,704094,6005,2023-05-09,45.39,mmol/L,Normal
1100703,702917,6011,2024-03-22,19.59,mg/dL,High
1100704,700278,6024,2022-10-29,24.94,mmol/L,Normal
1100705,706134,6018,2021-01-06,11.97,%,High
1100706,700591,6025,2025-01-05,5.91,mmol/L,High
1100707,704528,6004,2022-10-25,8.76,mmHg,Low
1100708,701848,6016,2021-07-09,27.89,mmol/L,Normal
1100709,705630,6003,2024-11-15,9.54,g/dL,Normal
1100710,702077,6002,2021-08-06,27.87,mmol/L,Normal
1100711,703883,6008,2023-11-25,50.99,g/dL,Normal
1100712,703691,6018,2022-08-21,10.2,mg/dL,Normal
1100713,704942,6022,2022-10-17,32.24,mg/dL,Normal
1100714,705367,6017,2025-06-03,24.82,mg/dL,Low
1100715,703410,6005,2024-12-15,5.44,%,High
1100716,705622,6009,2021-03-16,46.45,mmol/L,Critical
1100717,702235,6018,2025-06-21,29.77,%,Low
1100718,701895,6023,2023-05-31,7.09,%,Normal
1100719,701455,6019,2023-06-04,11.79,mmHg,High
1100720,702054,6005,2025-08-30,29.3,%,High
1100721,704133,6018,2025-03-17,27.15,mmHg,Normal
1100722,703577,6024,2021-06-18,19.48,U/L,Normal
1100723,703942,6012,2021-05-30,16.85,U/L,High
1100724,701556,6021,2023-09-06,59.46,%,Normal
1100725,702429,6005,2021-11-13,39.44,g/dL,Normal
1100726,704679,6015,2025-06-29,15.52,g/dL,Normal
1100727,706044,6024,2021-05-09,8.53,mmol/L,Normal
1100728,705676,6005,2021-08-19,39.59,mmHg,High
1100729,703250,6024,2024-11-06,22.14,mmHg,Normal
1100730,701268,6025,2024-02-01,27.4,U/L,Normal
1100731,703053,6017,2022-10-13,19.36,%,Normal
1100732,706214,6011,2023-10-13,36.25,g/dL,Normal
1100733,701737,6018,2022-06-19,9.26,U/L,Normal
1100734,703005,6014,2021-11-04,31.34,mmol/L,Normal
1100735,704822,6006,2024-10-23,28.56,mmHg,Normal
1100736,701097,6020,2025-12-28,19.43,mg/dL,Normal
1100737,700956,6012,2023-11-20,4.3,%,Normal
1100738,703038,6001,2022-05-08,17.74,mmol/L,Normal
1100739,704243,6017,2024-10-17,16.44,mg/dL,Normal
1100740,706153,6020,2021-04-04,45.74,mg/dL,Normal
1100741,704449,6023,2024-03-21,10.82,mg/dL,Normal
1100742,702370,6022,2025-02-24,45.0,U/L,High
1100743,702378,6015,2021-02-12,12.08,mmol/L,Normal
1100744,705703,6008,2022-09-18,32.78,%,High
1100745,702699,6023,2024-03-26,48.17,mmHg,Normal
1100746,700568,6021,2025-08-24,28.37,mmol/L,Normal
1100747,706089,6001,2021-12-04,22.28,mmHg,Normal
1100748,700539,6015,2021-05-21,16.43,mmHg,Normal
1100749,701999,6014,2022-03-18,34.72,g/dL,High
1100750,705204,6003,2023-09-22,21.56,U/L,Normal
1100751,703890,6015,2024-05-08,14.22,mg/dL,Critical
1100752,700782,6026,2021-01-16,30.83,g/dL,High
1100753,703095,6016,2021-11-30,8.49,mg/dL,High
1100754,704970,6007,2022-01-08,51.76,%,Normal
1100755,706325,6006,2025-02-18,57.17,mmHg,Normal
1100756,701209,6018,2024-08-16,32.87,mmol/L,Normal
1100757,705693,6007,2024-12-12,8.23,U/L,Low
1100758,702857,6024,2021-11-11,16.82,U/L,Low
1100759,702659,6010,2024-07-21,13.08,%,Low
1100760,703014,6018,2024-11-19,13.89,g/dL,Low
1100761,703989,6013,2022-11-18,9.64,%,Normal
1100762,701938,6013,2025-08-23,30.93,g/dL,Normal
1100763,702979,6008,2022-03-17,30.37,g/dL,High
1100764,705017,6017,2022-07-15,8.58,mmHg,Low
1100765,705161,6010,2023-11-23,7.32,U/L,Normal
1100766,703870,6010,2024-05-22,12.82,U/L,Low
1100767,705881,6018,2022-09-17,8.39,mmHg,Normal
1100768,704567,6005,2025-11-03,20.95,mmHg,Low
1100769,703594,6024,2025-05-09,41.92,%,Normal
1100770,701559,6013,2024-05-13,22.67,mmHg,High
1100771,701340,6016,2025-07-16,25.41,g/dL,Normal
1100772,704622,6022,2025-11-20,28.52,U/L,Normal
1100773,705710,6020,2022-11-17,8.83,mmHg,High
1100774,705277,6009,2025-08-13,78.75,mmHg,Normal
1100775,706289,6021,2025-12-10,8.81,%,Normal
1100776,704345,6010,2021-12-16,5.29,mmol/L,High
1100777,703209,6022,2023-04-05,13.42,mmol/L,Normal
1100778,702354,6008,2024-01-30,22.71,mmol/L,Normal
1100779,706383,6018,2025-03-05,25.27,U/L,Normal
1100780,700629,6021,2024-12-26,130.76,g/dL,Normal
1100781,705856,6019,2023-02-22,15.89,mmHg,Low
1100782,700600,6012,2023-01-16,40.31,mg/dL,High
1100783,701719,6021,2024-03-12,27.85,g/dL,High
1100784,705288,6025,2025-07-21,52.32,mmol/L,Normal
1100785,703845,6016,2021-09-29,18.24,%,Normal
1100786,702322,6011,2021-09-21,3.75,mg/dL,Normal
1100787,700961,6026,2022-05-11,83.2,mg/dL,Normal
1100788,705946,6001,2025-07-22,28.32,%,Normal
1100789,702565,6019,2022-12-10,15.56,mg/dL,Normal
1100790,702538,6012,2025-06-30,3.97,mg/dL,Normal
1100791,706483,6022,2022-03-24,5.95,U/L,Normal
1100792,700005,6009,2022-03-16,24.15,g/dL,High
1100793,706076,6025,2022-11-30,5.02,g/dL,Normal
1100794,700494,6020,2022-11-27,4.32,mmol/L,Normal
1100795,706497,6006,2021-10-15,37.7,g/dL,Normal
1100796,703473,6019,2021-12-22,27.78,mmHg,Critical
1100797,703900,6006,2022-02-26,21.94,g/dL,Normal
1100798,701528,6011,2024-04-16,23.95,mmHg,Normal
1100799,700539,6001,2022-01-17,36.18,g/dL,Normal
1100800,705519,6005,2021-10-11,19.74,g/dL,Normal
1100801,703904,6007,2021-11-02,9.25,g/dL,Normal
1100802,702891,6017,2025-04-22,15.15,mg/dL,Normal
1100803,703444,6018,2025-08-27,8.8,mmHg,High
1100804,703226,6020,2022-05-17,24.18,U/L,Normal
1100805,702553,6015,2023-10-31,5.08,mmol/L,Critical
1100806,705594,6012,2024-11-28,15.35,mg/dL,Normal
1100807,705462,6003,2023-10-29,26.75,U/L,Normal
1100808,701176,6012,2022-04-16,29.78,g/dL,Normal
1100809,706048,6003,2023-12-19,30.16,mmHg,High
1100810,705831,6009,2024-08-25,13.86,%,Low
1100811,705712,6017,2021-01-01,44.67,g/dL,Normal
1100812,705345,6015,2024-05-05,5.03,U/L,Normal
1100813,701994,6022,2022-09-15,11.62,mmHg,Normal
1100814,704137,6005,2024-09-26,29.63,g/dL,Normal
1100815,700992,6014,2025-05-22,8.69,mg/dL,Normal
1100816,705828,6011,2025-04-21,25.64,mmol/L,Normal
1100817,701851,6020,2021-10-05,72.83,%,Normal
1100818,701653,6004,2021-09-16,9.49,U/L,Normal
1100819,704469,6010,2024-12-07,60.84,mmHg,Low
1100820,703338,6003,2021-11-30,36.98,U/L,Normal
1100821,705821,6003,2021-11-04,14.26,mmHg,Low
1100822,702637,6018,2022-12-25,35.03,U/L,Normal
1100823,703637,6006,2021-08-20,34.81,%,Normal
1100824,701522,6007,2023-11-18,13.25,mmol/L,Normal
1100825,706101,6013,2024-09-08,19.83,g/dL,High
1100826,701106,6015,2021-08-21,26.92,mmHg,Normal
1100827,702284,6016,2023-04-14,27.34,mg/dL,Normal
1100828,705316,6010,2021-12-09,12.75,%,Normal
1100829,702547,6008,2022-07-20,24.23,mmHg,Normal
1100830,702223,6004,2021-01-12,19.74,mmol/L,Normal
1100831,700696,6007,2023-09-22,9.87,mmHg,Normal
1100832,704032,6021,2024-01-18,6.8,%,Normal
1100833,701715,6003,2023-08-10,18.16,mmHg,Normal
1100834,703643,6004,2024-01-29,8.44,g/dL,Critical
1100835,701475,6021,2023-12-22,24.28,%,Normal
1100836,703033,6017,2021-09-07,12.12,U/L,Normal
1100837,700986,6020,2025-09-27,46.97,g/dL,Normal
1100838,703084,6001,2022-10-24,68.94,mg/dL,Normal
1100839,704255,6006,2022-05-03,7.74,mmHg,Low
1100840,701989,6026,2022-10-28,13.77,mmHg,Normal
1100841,705271,6006,2021-09-22,15.58,%,Normal
1100842,700584,6012,2025-01-23,101.66,g/dL,Normal
1100843,700928,6013,2025-06-01,10.9,%,Normal
1100844,704798,6025,2023-10-09,10.27,mmol/L,Normal
1100845,702556,6006,2022-07-09,26.42,g/dL,High
1100846,704215,6019,2025-05-13,,%,Normal
1100847,703639,6010,2023-08-14,45.65,g/dL,Normal
1100848,701227,6015,2024-03-12,12.59,g/dL,Normal
1100849,706241,6024,2025-02-28,17.37,mg/dL,Low
1100850,704061,6023,2023-09-04,19.21,mmHg,Normal
1100851,703906,6020,2025-01-23,10.59,mg/dL,Normal
1100852,701710,6008,2023-02-27,12.88,g/dL,Normal
1100853,706312,6026,2024-03-10,75.19,U/L,Normal
1100854,704504,6009,2025-06-25,18.96,%,Normal
1100855,701853,6024,2021-09-07,21.62,mmHg,Normal
1100856,702862,6020,2023-08-11,78.53,mg/dL,High
1100857,702441,6022,2025-12-28,14.94,mmol/L,Normal
1100858,702839,6007,2021-08-23,3.29,g/dL,Normal
1100859,701956,6022,2021-08-01,19.83,mmol/L,Low
1100860,703405,6011,2023-01-27,16.8,U/L,Low
1100861,703444,6001,2024-03-09,77.77,mmol/L,Normal
1100862,702757,6015,2023-12-10,30.71,mmHg,High
1100863,704694,6002,2023-05-30,7.51,U/L,High
1100864,702969,6026,2021-02-08,20.08,g/dL,Normal
1100865,700070,6021,2024-11-07,4.76,%,Normal
1100866,705660,6022,2021-08-31,11.72,g/dL,High
1100867,703838,6022,2021-10-20,21.42,U/L,Low
1100868,704301,6017,2025-03-09,15.37,U/L,Normal
1100869,702500,6023,2023-03-06,16.75,U/L,Normal
1100870,703005,6003,2022-02-14,25.58,mg/dL,Normal
1100871,703603,6013,2022-07-22,59.89,mg/dL,Normal
1100872,703242,6005,2021-04-19,19.69,mg/dL,Normal
1100873,703168,6004,2023-03-09,31.4,g/dL,High
1100874,700832,6009,2022-05-24,23.28,mmol/L,Normal
1100875,702220,6022,2022-08-08,29.55,g/dL,Normal
1100876,700461,6024,2023-08-26,22.04,%,High
1100877,700368,6020,2024-04-05,21.63,mg/dL,Normal
1100878,705792,6023,2021-01-06,29.96,mmol/L,Normal
1100879,700614,6001,2024-02-09,9.9,U/L,Normal
1100880,704837,6016,2024-05-21,20.24,U/L,High
1100881,703677,6024,2021-02-24,15.23,g/dL,Normal
1100882,705342,6017,2022-07-24,25.05,mg/dL,Normal
1100883,702828,6002,2023-11-22,7.17,mg/dL,High
1100884,704189,6007,2024-01-19,9.63,mmHg,Normal
1100885,704920,6004,2021-01-23,38.92,mmol/L,Normal
1100886,704202,6008,2025-08-06,27.11,%,Normal
1100887,701957,6025,2024-09-06,5.62,%,Low
1100888,703395,6023,2023-04-23,6.52,%,High
1100889,702731,6021,2025-02-19,30.75,mg/dL,High
1100890,701927,6023,2023-05-01,10.81,mmol/L,Normal
1100891,700465,6024,2021-10-04,40.49,%,Normal
1100892,703828,6026,2022-10-10,16.62,U/L,Low
1100893,701601,6023,2025-06-10,9.33,g/dL,Normal
1100894,700858,6011,2024-03-05,10.7,mmHg,High
1100895,700500,6001,2022-07-20,85.37,mmol/L,Low
1100896,701596,6023,2023-06-28,28.06,mmHg,Normal
1100897,700935,6020,2025-10-04,13.71,g/dL,Normal
1100898,703360,6002,2024-05-27,19.73,mmHg,Normal
1100899,704110,6022,2023-03-23,19.28,mmol/L,High
1100900,700105,6019,2021-04-21,37.17,mg/dL,Normal
1100901,705101,6006,2023-03-20,33.61,U/L,Normal
1100902,703139,6002,2023-08-18,17.71,mmHg,High
1100903,702319,6019,2022-08-08,15.39,U/L,Normal
1100904,705315,6025,2022-06-19,29.05,%,Normal
1100905,704426,6024,2021-12-28,5.53,mmHg,Normal
1100906,701976,6006,2021-11-21,17.96,%,Low
1100907,704902,6004,2024-06-02,19.4,%,Normal
1100908,706054,6024,2022-03-13,16.01,mmol/L,Normal
1100909,702359,6006,2023-11-10,19.64,U/L,Low
1100910,702312,6026,2022-07-02,36.71,g/dL,High
1100911,705183,6022,2024-05-01,12.06,g/dL,High
1100912,704198,6017,2021-07-02,20.52,%,Normal
1100913,705689,6018,2023-06-09,23.88,U/L,High
1100914,702226,6010,2021-06-11,29.55,U/L,Low
1100915,701902,6015,2021-05-27,8.09,g/dL,Critical
1100916,704004,6021,2022-10-04,3.37,mmol/L,Low
1100917,704260,6019,2023-07-26,5.26,mmHg,Normal
1100918,705514,6004,2024-10-31,8.17,mmol/L,Low
1100919,701368,6009,2024-08-01,43.79,U/L,High
1100920,701931,6025,2022-05-13,45.72,%,Normal
1100921,704816,6019,2024-08-22,35.83,mmol/L,Normal
1100922,705158,6019,2024-10-30,26.97,U/L,Normal
1100923,701473,6026,2022-04-26,9.76,%,Normal
1100924,704478,6006,2025-01-17,27.43,mmol/L,Normal
1100925,704056,6001,2025-07-24,27.69,mmHg,High
1100926,705675,6007,2023-03-19,13.29,%,High
1100927,704782,6015,2023-02-12,10.99,mmol/L,Normal
1100928,702472,6008,2024-02-09,28.98,mg/dL,Normal
1100929,703982,6006,2025-02-02,27.13,%,Normal
1100930,702793,6012,2021-11-28,19.59,mmHg,High
1100931,702382,6001,2025-06-30,47.81,%,Normal
1100932,700049,6013,2022-12-15,25.9,%,Low
1100933,703913,6023,2021-02-18,20.39,%,Normal
1100934,702856,6019,2022-02-09,65.5,mmHg,Normal
1100935,701160,6018,2022-03-26,9.86,%,Normal
1100936,702760,6022,2024-03-18,8.81,mmol/L,Low
1100937,705047,6008,2022-03-07,8.13,U/L,Normal
1100938,702849,6004,2023-01-08,30.67,mg/dL,Normal
1100939,703156,6009,2024-06-24,8.29,mg/dL,Low
1100940,704736,6009,2025-01-27,14.59,mg/dL,Normal
1100941,702545,6007,2025-06-21,7.22,mg/dL,High
1100942,702566,6023,2022-10-26,29.21,mg/dL,Normal
1100943,700744,6003,2025-10-18,23.78,g/dL,High
1100944,703454,6010,2021-11-06,32.89,mmol/L,Normal
1100945,703793,6019,2024-07-29,27.41,g/dL,High
1100946,704705,6014,2023-06-10,16.22,%,Normal
1100947,704319,6025,2024-07-31,27.57,U/L,Low
1100948,702436,6012,2025-07-12,4.82,mmol/L,Normal
1100949,702744,6001,2021-03-02,30.49,g/dL,High
1100950,701992,6008,2024-05-01,24.22,%,Normal
1100951,700775,6002,2024-08-10,4.94,g/dL,Normal
1100952,702357,6020,2025-04-21,16.11,mmol/L,Low
1100953,701749,6021,2023-09-19,41.77,mg/dL,Normal
1100954,705465,6010,2024-05-13,42.27,mmHg,Normal
1100955,701035,6019,2025-07-12,32.53,mg/dL,Low
1100956,702664,6022,2025-04-25,22.04,mmol/L,High
1100957,704103,6002,2023-08-15,34.77,%,Normal
1100958,706072,6022,2024-05-23,32.01,mmHg,Normal
1100959,704787,6018,2025-06-12,15.86,g/dL,Normal
1100960,705232,6012,2021-01-19,71.02,U/L,High
1100961,705839,6014,2023-06-07,24.36,U/L,Normal
1100962,705817,6015,2025-01-29,17.41,mg/dL,Normal
1100963,701851,6014,2023-03-11,19.75,%,Normal
1100964,704534,6015,2022-06-13,8.41,mg/dL,Normal
1100965,701036,6008,2021-12-11,29.49,mg/dL,High
1100966,706355,6018,2022-07-01,10.8,mg/dL,Normal
1100967,703880,6015,2021-02-27,37.38,%,Normal
1100968,702921,6024,2023-12-01,30.66,mg/dL,Low
1100969,705182,6024,2023-07-11,72.43,mmHg,Normal
1100970,705071,6025,2023-02-18,9.21,U/L,Normal
1100971,705586,6009,2021-05-20,67.38,U/L,Normal
1100972,704797,6023,2021-01-27,44.66,g/dL,Normal
1100973,705434,6006,2023-08-31,17.77,mmHg,Normal
1100974,703957,6006,2023-08-07,26.34,mg/dL,Normal
1100975,703496,6022,2025-09-12,19.63,%,Normal
1100976,700761,6026,2023-05-08,12.1,mmHg,Normal
1100977,705233,6024,2023-02-08,21.17,mg/dL,Normal
1100978,706175,6018,2025-06-13,10.42,%,Low
1100979,701126,6009,2025-12-08,20.81,mg/dL,High
1100980,703698,6017,2022-03-09,15.27,mmol/L,Normal
1100981,702392,6009,2023-09-10,5.42,g/dL,High
1100982,704364,6014,2022-04-06,23.49,g/dL,Normal
1100983,704268,6016,2021-11-06,9.65,%,High
1100984,701588,6025,2021-11-30,15.2,U/L,Normal
1100985,706451,6011,2023-08-06,50.11,U/L,Normal
1100986,704896,6013,2021-11-11,41.77,mmol/L,High
1100987,706308,6004,2025-01-22,72.18,%,Normal
1100988,700481,6015,2023-07-11,11.08,%,Low
1100989,703360,6001,2025-01-22,18.55,%,Normal
1100990,705907,6006,2025-09-13,14.14,mmol/L,Normal
1100991,702713,6020,2025-10-28,18.84,%,Low
1100992,706343,6001,2024-01-07,138.23,g/dL,Normal
1100993,701533,6021,2023-10-24,10.36,mmHg,Low
1100994,704667,6007,2023-12-09,12.79,mg/dL,Normal
1100995,702924,6025,2025-05-12,5.56,mg/dL,High
1100996,704144,6015,2022-02-21,47.31,mmol/L,Normal
1100997,701807,6002,2022-02-07,13.38,g/dL,Normal
1100998,701145,6008,2025-11-21,41.05,%,Normal
1100999,700859,6012,2025-04-13,18.11,U/L,Normal
1101000,702157,6003,2024-03-30,5.74,U/L,Normal
1101001,704924,6005,2022-01-14,9.92,mg/dL,Normal
1101002,705656,6003,2024-03-03,79.74,mmol/L,Critical
1101003,705167,6020,2022-09-13,56.68,mmHg,Normal
1101004,704675,6008,2021-03-12,,U/L,Normal
1101005,704651,6023,2021-08-19,10.01,mmol/L,Normal
1101006,703705,6012,2022-09-21,15.38,mg/dL,High
1101007,702435,6007,2021-03-12,28.83,%,Normal
1101008,704413,6006,2025-07-19,41.08,mmol/L,Normal
1101009,705640,6007,2021-11-14,32.64,mmol/L,Normal
1101010,701781,6016,2022-08-03,28.85,U/L,Normal
1101011,700661,6026,2021-01-30,26.76,mmol/L,Normal
1101012,700074,6006,2023-08-08,27.49,%,Normal
1101013,705089,6003,2024-08-24,21.77,mmol/L,Normal
1101014,705810,6006,2024-03-17,4.84,g/dL,Normal
1101015,705464,6018,2025-06-26,14.3,g/dL,Normal
1101016,701213,6021,2022-08-16,16.41,mmol/L,Normal
1101017,703639,6018,2023-05-03,4.41,mg/dL,Normal
1101018,704222,6001,2025-02-03,18.32,mg/dL,Normal
1101019,701002,6025,2024-11-21,24.61,U/L,Normal
1101020,700956,6006,2023-06-27,13.62,g/dL,Normal
1101021,704281,6007,2024-03-30,53.75,g/dL,Normal
1101022,703290,6026,2024-05-22,8.93,mg/dL,Normal
1101023,701521,6026,2024-08-26,20.24,%,Normal
1101024,703360,6014,2021-06-19,37.22,U/L,High
1101025,702387,6017,2023-04-22,24.36,%,Low
1101026,701964,6025,2025-11-16,61.5,mmol/L,Normal
1101027,706500,6016,2021-07-11,21.79,mmHg,Normal
1101028,705864,6024,2024-12-22,24.34,mg/dL,High
1101029,704423,6022,2024-10-03,12.72,g/dL,Normal
1101030,704624,6021,2022-11-21,15.77,mmHg,Normal
1101031,702734,6006,2023-12-22,12.58,mmol/L,Normal
1101032,704686,6006,2021-02-25,9.1,mmHg,Critical
1101033,701022,6007,2025-03-25,24.11,mmol/L,Normal
1101034,703632,6021,2022-05-27,38.92,mg/dL,Critical
1101035,706167,6012,2024-01-06,5.36,mmHg,Normal
1101036,704509,6014,2023-09-17,5.61,%,Normal
1101037,703231,6025,2024-07-05,26.08,mmol/L,Normal
1101038,701977,6007,2021-10-21,9.23,mmHg,Normal
1101039,702068,6015,2023-10-01,36.83,U/L,High
1101040,704766,6019,2024-01-12,23.11,%,Normal
1101041,700761,6018,2023-09-03,36.75,mmHg,Normal
1101042,706055,6020,2021-05-06,60.58,U/L,Normal
1101043,700296,6025,2021-07-17,26.34,U/L,Low
1101044,700095,6001,2022-05-10,34.98,g/dL,Normal
1101045,704666,6005,2021-10-18,11.85,%,Normal
1101046,701163,6025,2023-04-26,11.61,mmHg,Normal
1101047,704193,6005,2023-02-20,29.69,%,Critical
1101048,706246,6021,2025-10-01,16.42,mg/dL,Normal
1101049,705060,6010,2024-04-08,20.78,mmol/L,High
1101050,700288,6024,2021-04-06,63.83,mmHg,Critical
1101051,706058,6025,2021-09-04,10.2,g/dL,Normal
1101052,705043,6014,2025-07-06,29.07,mmol/L,Critical
1101053,702723,6024,2022-08-05,34.09,U/L,Critical
1101054,705021,6010,2021-11-01,25.55,mmol/L,Normal
1101055,706035,6022,2025-12-24,38.73,mg/dL,Low
1101056,703180,6017,2021-11-04,9.38,mg/dL,Normal
1101057,701115,6026,2021-04-17,10.75,mg/dL,Normal
1101058,700389,6018,2023-09-06,18.24,g/dL,Normal
1101059,700925,6001,2021-06-28,17.56,mmol/L,Normal
1101060,706196,6003,2023-03-26,12.4,mg/dL,Normal
1101061,700123,6021,2024-09-20,69.5,mmHg,High
1101062,701703,6015,2022-04-20,35.96,mg/dL,Normal
1101063,706306,6008,2022-06-10,17.37,mmHg,Critical
1101064,701335,6004,2024-02-20,14.06,%,Normal
1101065,703852,6008,2024-01-20,8.66,mmol/L,Normal
1101066,706307,6009,2021-12-15,3.86,mmol/L,Low
1101067,703623,6018,2024-02-11,24.61,mmHg,Normal
1101068,702867,6024,2021-10-23,10.26,mmHg,Normal
1101069,703945,6021,2022-02-13,11.95,mg/dL,Normal
1101070,700372,6006,2024-10-06,27.76,U/L,Critical
1101071,703769,6016,2021-03-02,17.49,%,High
1101072,703439,6004,2021-08-31,10.74,g/dL,Normal
1101073,700587,6021,2022-11-09,11.37,g/dL,Normal
1101074,701407,6005,2021-07-08,27.32,mg/dL,Normal
1101075,703514,6018,2021-01-05,16.24,U/L,Normal
1101076,701958,6013,2025-11-07,44.97,mmol/L,Normal
1101077,703627,6010,2025-12-07,11.94,mmHg,Normal
1101078,705687,6023,2021-08-29,13.2,mmol/L,Normal
1101079,702521,6008,2021-04-11,17.63,%,High
1101080,702823,6013,2025-04-02,23.23,mmHg,Normal
1101081,700721,6024,2021-08-09,4.88,U/L,Normal
1101082,702472,6003,2021-05-04,36.43,g/dL,Normal
1101083,706170,6022,2022-07-12,16.67,g/dL,Normal
1101084,702852,6018,2024-02-07,21.01,U/L,Normal
1101085,704931,6003,2021-12-27,37.87,g/dL,High
1101086,706369,6007,2025-03-17,22.4,g/dL,Normal
1101087,703677,6022,2023-01-03,10.98,U/L,Low
1101088,700078,6019,2025-09-14,22.93,U/L,Normal
1101089,705378,6013,2023-02-26,20.49,%,Normal
1101090,701413,6023,2022-07-16,26.19,mmHg,Normal
1101091,702818,6016,2024-08-19,15.26,mmHg,Normal
1101092,702013,6008,2024-05-17,6.6,%,Low
1101093,704212,6015,2023-11-21,14.15,mmol/L,Normal
1101094,701087,6021,2025-02-18,58.03,U/L,Normal
1101095,702641,6023,2025-02-18,56.66,%,Normal
1101096,702245,6022,2021-01-05,21.59,g/dL,Normal
1101097,705081,6017,2023-07-14,22.51,%,Low
1101098,703590,6001,2023-11-18,59.38,%,Normal
1101099,700688,6007,2024-05-06,26.87,mmHg,High
1101100,703370,6011,2023-04-28,23.7,%,Normal
1101101,704523,6015,2022-04-01,12.36,mg/dL,High
1101102,700897,6005,2025-08-25,11.09,U/L,Normal
1101103,700102,6011,2022-07-09,3.42,%,Normal
1101104,705629,6018,2023-07-18,24.31,U/L,Normal
1101105,700214,6016,2022-12-24,23.7,g/dL,Normal
1101106,706011,6004,2025-12-17,10.9,U/L,High
1101107,704632,6007,2023-05-18,30.76,mg/dL,Normal
1101108,703729,6025,2023-12-06,22.52,g/dL,Normal
1101109,701299,6004,2023-09-11,19.38,%,Normal
1101110,700606,6010,2025-12-14,96.13,mg/dL,Normal
1101111,705801,6023,2025-08-09,16.71,mg/dL,Normal
1101112,702549,6006,2024-11-27,10.77,mmHg,Normal
1101113,702259,6008,2023-07-02,43.66,U/L,High
1101114,704833,6014,2024-05-15,10.07,mmol/L,Normal
1101115,702972,6015,2025-09-12,7.02,g/dL,Normal
1101116,700696,6001,2024-06-11,24.5,mg/dL,Normal
1101117,704398,6026,2025-07-10,15.6,U/L,Normal
1101118,700598,6014,2024-06-12,45.01,mmol/L,High
1101119,703229,6002,2022-10-01,43.21,U/L,Normal
1101120,701514,6010,2024-07-17,7.31,U/L,Normal
1101121,704326,6024,2021-11-23,153.98,mg/dL,Normal
1101122,702586,6014,2023-12-05,20.74,mg/dL,Normal
1101123,700985,6021,2023-02-22,67.38,mmol/L,Low
1101124,700465,6025,2024-08-03,14.32,U/L,High
1101125,702403,6017,2023-10-16,19.18,mmHg,Normal
1101126,705091,6022,2022-12-27,8.51,mg/dL,Normal
1101127,706475,6011,2025-10-20,44.32,g/dL,Normal
1101128,703335,6026,2023-04-14,36.4,mg/dL,Normal
1101129,706196,6006,2022-07-06,14.71,mg/dL,Normal
1101130,701084,6005,2021-04-09,48.22,mmol/L,Normal
1101131,706123,6017,2024-02-10,22.76,mg/dL,Critical
1101132,702511,6003,2025-01-29,40.26,%,High
1101133,704974,6007,2024-11-26,3.35,mmol/L,Normal
1101134,700100,6020,2022-02-13,7.08,U/L,Normal
1101135,706146,6007,2022-03-20,25.42,mg/dL,Normal
1101136,700908,6021,2025-09-03,14.69,mmHg,Normal
1101137,702415,6019,2023-05-14,18.69,mg/dL,Low
1101138,705350,6021,2021-08-03,25.98,g/dL,Normal
1101139,704683,6024,2024-11-30,23.14,%,Normal
1101140,704838,6011,2025-05-02,31.16,g/dL,Normal
1101141,701283,6008,2021-10-11,9.67,U/L,Normal
1101142,700943,6015,2025-08-31,8.75,mmol/L,Normal
1101143,702316,6014,2022-07-18,27.44,U/L,Normal
1101144,704880,6021,2025-10-18,20.22,g/dL,Normal
1101145,704088,6021,2025-05-25,16.06,mmHg,Normal
1101146,705785,6026,2023-09-25,25.88,mmol/L,Normal
1101147,703973,6013,2024-07-12,16.13,U/L,Normal
1101148,701475,6018,2025-12-03,,mmol/L,High
1101149,700938,6010,2024-06-14,50.94,mmHg,Normal
1101150,704881,6010,2021-04-13,41.34,%,Normal
1101151,701549,6005,2024-09-04,16.74,%,High
1101152,703041,6012,2024-07-17,7.95,mmHg,Normal
1101153,704964,6006,2021-12-10,23.67,mmol/L,Critical
1101154,704176,6019,2022-02-14,22.62,mmol/L,Normal
1101155,705962,6026,2024-11-30,12.05,mmHg,Normal
1101156,703797,6018,2025-08-14,46.0,mmol/L,High
1101157,700093,6020,2025-04-21,17.3,%,Low
1101158,700780,6024,2022-06-03,15.15,%,Normal
1101159,701006,6008,2023-08-14,15.42,U/L,Normal
1101160,700915,6024,2021-05-08,8.09,g/dL,High
1101161,703689,6003,2021-02-22,12.01,g/dL,High
1101162,701465,6023,2023-08-20,11.92,mmHg,Normal
1101163,700621,6020,2021-10-19,31.41,U/L,Normal
1101164,704491,6011,2024-06-22,5.95,mg/dL,Normal
1101165,701770,6002,2021-06-22,18.56,mmol/L,Normal
1101166,701673,6026,2021-06-26,55.22,U/L,Normal
1101167,700276,6011,2025-12-28,22.94,%,High
1101168,701035,6012,2023-02-21,25.47,mmol/L,Normal
1101169,702699,6008,2025-06-05,20.89,mmol/L,Low
1101170,704332,6006,2022-01-17,11.77,g/dL,Normal
1101171,701506,6016,2023-12-18,12.39,g/dL,Normal
1101172,705883,6019,2024-06-16,7.95,mg/dL,Normal
1101173,700600,6008,2023-08-19,35.4,mmol/L,Normal
1101174,703951,6002,2025-05-16,28.68,mmHg,Normal
1101175,706133,6015,2023-10-04,3.72,U/L,Normal
1101176,701985,6002,2024-05-12,29.49,g/dL,Normal
1101177,702476,6011,2021-08-12,13.81,mg/dL,Normal
1101178,704023,6002,2021-08-25,49.84,%,Normal
1101179,701530,6020,2022-03-23,10.05,%,High
1101180,703614,6010,2024-12-22,12.27,U/L,Low
1101181,703851,6013,2021-07-16,46.8,mmHg,Normal
1101182,702950,6003,2022-01-29,27.17,%,Low
1101183,704596,6018,2024-10-10,9.68,%,Normal
1101184,701517,6019,2024-05-22,76.66,%,Normal
1101185,705933,6008,2022-05-21,17.22,mmol/L,Normal
1101186,705824,6002,2023-03-25,30.0,mg/dL,High
1101187,703432,6017,2021-03-16,20.95,mmol/L,Low
1101188,705913,6015,2023-06-01,28.03,mmol/L,Low
1101189,701114,6004,2021-09-15,9.82,%,Normal
1101190,704714,6012,2024-11-08,24.73,U/L,Normal
1101191,705165,6018,2025-10-23,,U/L,Normal
1101192,704491,6001,2024-01-12,6.72,mg/dL,High
1101193,702945,6016,2021-12-20,26.81,mg/dL,High
1101194,700497,6018,2024-07-20,20.04,mg/dL,Normal
1101195,704432,6004,2025-11-19,13.83,g/dL,Normal
1101196,703955,6019,2021-03-27,12.2,%,Normal
1101197,700347,6010,2023-06-03,9.43,g/dL,Normal
1101198,700563,6024,2022-06-29,12.05,mmol/L,Normal
1101199,701138,6003,2022-04-09,64.99,U/L,Normal
1101200,701886,6011,2024-04-08,9.09,%,High
1101201,705859,6026,2022-07-23,24.92,mmol/L,High
1101202,702669,6011,2023-03-07,40.74,%,Normal
1101203,702902,6013,2025-04-06,64.93,%,High
1101204,705533,6001,2024-05-14,14.65,mg/dL,High
1101205,701119,6021,2022-10-08,19.43,mmol/L,Normal
1101206,706170,6016,2022-11-08,102.25,mmHg,Normal
1101207,702875,6003,2023-07-14,15.16,g/dL,Normal
1101208,703545,6015,2025-06-09,30.35,mmHg,Low
1101209,705417,6008,2025-01-01,11.28,mg/dL,High
1101210,700532,6002,2022-12-28,54.57,U/L,Normal
1101211,702253,6013,2025-01-02,43.3,mg/dL,Normal
1101212,705901,6007,2021-01-21,146.49,g/dL,Normal
1101213,704116,6009,2022-06-23,19.07,g/dL,Normal
1101214,701572,6015,2021-01-09,3.0,U/L,Normal
1101215,705511,6016,2021-10-01,20.8,mmol/L,Normal
1101216,703284,6023,2022-07-09,20.24,mg/dL,Normal
1101217,701606,6011,2025-04-21,15.31,U/L,Normal
1101218,703519,6020,2024-06-15,10.69,%,Normal
1101219,706105,6003,2022-04-23,55.01,U/L,Normal
1101220,700550,6013,2021-10-17,22.82,g/dL,Normal
1101221,700962,6008,2025-09-12,4.15,mmol/L,Low
1101222,705836,6024,2021-11-18,24.89,U/L,Normal
1101223,702543,6004,2025-04-17,28.23,g/dL,Normal
1101224,700215,6004,2024-04-17,25.59,mmol/L,Low
1101225,705358,6013,2022-11-07,44.54,mmol/L,Critical
1101226,703760,6017,2023-07-14,32.68,U/L,Normal
1101227,702439,6006,2021-05-17,32.93,mmol/L,High
1101228,701223,6025,2025-12-25,15.19,mmHg,Normal
1101229,704008,6021,2023-01-22,10.41,%,High
1101230,700319,6014,2024-05-27,33.66,mg/dL,Normal
1101231,704535,6023,2023-06-02,29.51,mmol/L,Normal
1101232,701140,6016,2023-08-23,18.68,g/dL,Normal
1101233,703843,6010,2024-02-09,50.63,mmHg,Normal
1101234,701423,6009,2024-11-12,3.82,%,Normal
1101235,703193,6008,2021-07-04,45.97,g/dL,Normal
1101236,702473,6003,2025-02-04,13.03,U/L,Normal
1101237,701522,6010,2025-07-01,28.72,mg/dL,Normal
1101238,702458,6005,2025-09-16,13.19,mmol/L,High
1101239,705102,6009,2021-09-30,5.65,mmol/L,Low
1101240,704184,6012,2023-10-19,7.66,mmHg,High
1101241,702424,6020,2021-03-24,9.98,U/L,Critical
1101242,701422,6007,2021-07-25,11.48,mmol/L,Normal
1101243,703196,6024,2025-10-31,35.35,U/L,High
1101244,704755,6009,2024-06-19,78.3,%,Low
1101245,703765,6007,2021-07-28,13.26,%,Normal
1101246,704061,6015,2023-09-01,3.69,mmHg,Normal
1101247,706459,6013,2022-12-06,11.08,U/L,High
1101248,703349,6020,2025-03-16,42.7,mmHg,High
1101249,703660,6025,2022-09-24,14.96,mmol/L,Normal
1101250,700217,6001,2024-12-17,9.17,g/dL,Normal
1101251,700231,6012,2025-01-10,61.85,mg/dL,Normal
1101252,705654,6004,2025-12-24,14.83,%,Normal
1101253,705525,6008,2021-02-05,28.17,mmHg,Normal
1101254,702646,6024,2022-11-27,45.06,%,Normal
1101255,700275,6023,2023-12-11,20.67,mg/dL,Normal
1101256,706294,6016,2021-11-05,27.64,g/dL,Low
1101257,704332,6007,2021-11-10,11.85,g/dL,Normal
1101258,705548,6023,2022-11-01,34.33,U/L,Normal
1101259,706316,6019,2021-01-01,11.62,mmHg,High
1101260,701749,6010,2021-01-29,2.23,mmHg,Normal
1101261,700055,6014,2021-06-16,13.52,%,High
1101262,702223,6009,2023-02-23,17.86,g/dL,Normal
1101263,704905,6018,2021-07-03,54.67,mg/dL,Normal
1101264,705788,6018,2023-02-13,7.62,g/dL,Normal
1101265,705200,6023,2024-06-04,53.15,mg/dL,Normal
1101266,702496,6002,2025-04-12,17.12,U/L,Normal
1101267,700191,6023,2021-12-25,14.95,mg/dL,High
1101268,701635,6016,2021-01-04,37.01,mmol/L,Normal
1101269,704980,6015,2025-08-06,68.25,mg/dL,Low
1101270,703627,6020,2021-06-06,60.94,mmol/L,Normal
1101271,706271,6024,2024-08-12,15.57,g/dL,High
1101272,704647,6006,2023-03-10,34.76,mmHg,Normal
1101273,705529,6022,2024-07-31,63.88,U/L,Normal
1101274,702130,6020,2024-05-31,18.55,g/dL,Normal
1101275,703048,6026,2022-01-15,60.35,mmol/L,High
1101276,702959,6023,2024-11-29,1.86,mmol/L,Normal
1101277,705228,6023,2023-08-15,18.25,mmol/L,Normal
1101278,702809,6004,2023-03-24,6.3,g/dL,Normal
1101279,704035,6006,2021-04-01,26.55,mmol/L,Normal
1101280,703387,6003,2025-05-21,70.85,g/dL,Normal
1101281,701214,6001,2022-08-29,19.7,mg/dL,Low
1101282,705330,6005,2021-09-26,31.77,mmol/L,Normal
1101283,704630,6013,2025-01-17,11.03,g/dL,Normal
1101284,700398,6022,2023-09-08,25.13,g/dL,Normal
1101285,705858,6002,2021-03-24,41.1,g/dL,Low
1101286,704494,6004,2025-01-02,15.92,%,Low
1101287,704787,6008,2022-09-29,13.93,mmol/L,Low
1101288,701398,6020,2025-02-10,31.52,mmHg,Normal
1101289,705309,6017,2024-07-31,23.92,mg/dL,Normal
1101290,704999,6008,2021-07-09,14.63,U/L,High
1101291,701570,6012,2025-08-01,21.33,mmHg,Normal
1101292,701429,6023,2023-09-19,30.94,%,Normal
1101293,700408,6016,2024-05-01,3.41,g/dL,Normal
1101294,706052,6011,2021-01-02,68.0,mmol/L,Normal
1101295,704753,6004,2023-03-14,16.3,mmHg,Normal
1101296,700361,6004,2024-02-13,21.23,%,Normal
1101297,701492,6015,2024-07-31,8.21,%,Normal
1101298,703299,6021,2024-03-17,8.48,mmol/L,Normal
1101299,705742,6016,2021-12-23,21.66,mg/dL,Normal
1101300,705400,6013,2023-11-04,107.81,%,Low
1101301,704913,6001,2021-10-27,42.27,mg/dL,High
1101302,701125,6018,2023-10-13,12.8,mmol/L,High
1101303,704148,6009,2024-04-16,22.37,%,Normal
1101304,700649,6016,2024-06-17,59.96,mmHg,Low
1101305,703581,6003,2022-07-09,19.27,mmHg,Normal
1101306,706086,6005,2021-10-22,20.46,mmHg,High
1101307,702947,6026,2022-10-25,23.62,mmHg,Normal
1101308,702386,6016,2025-08-07,5.24,%,High
1101309,701217,6023,2021-12-18,28.02,mmHg,High
1101310,706097,6025,2024-03-13,45.06,g/dL,High
1101311,702037,6015,2023-11-15,28.83,mmHg,Critical
1101312,704257,6003,2022-09-01,49.08,mmol/L,High
1101313,704626,6005,2024-07-12,9.36,mmHg,Normal
1101314,700988,6021,2022-05-23,20.51,%,Normal
1101315,704250,6005,2023-07-08,48.1,%,Normal
1101316,700266,6017,2024-08-22,26.97,%,Critical
1101317,702157,6004,2025-12-27,15.53,U/L,Normal
1101318,704436,6009,2023-10-29,25.77,g/dL,High
1101319,704377,6006,2021-10-19,22.66,U/L,Normal
1101320,702174,6020,2023-07-05,69.57,U/L,Normal
1101321,703498,6006,2024-09-25,43.74,mmHg,Normal
1101322,700665,6003,2021-01-31,7.87,U/L,Normal
1101323,701698,6015,2022-04-01,16.67,mg/dL,Normal
1101324,704871,6005,2022-07-18,27.48,U/L,Normal
1101325,705006,6007,2024-12-18,6.36,mmHg,High
1101326,701801,6024,2021-06-21,9.23,mmol/L,Low
1101327,704762,6018,2022-07-12,93.89,mmol/L,Normal
1101328,700688,6026,2024-07-28,36.74,g/dL,Normal
1101329,704904,6006,2025-01-01,54.37,mmol/L,Normal
1101330,700741,6016,2025-08-05,17.34,g/dL,Normal
1101331,704376,6024,2021-12-27,18.73,U/L,Normal
1101332,701724,6003,2025-11-01,23.77,U/L,Normal
1101333,700485,6023,2024-04-20,31.37,mmHg,High
1101334,701448,6010,2023-09-08,43.76,mg/dL,High
1101335,704826,6006,2025-12-16,15.41,U/L,Normal
1101336,700999,6014,2023-09-14,42.76,U/L,Normal
1101337,702908,6015,2021-03-08,18.7,U/L,Normal
1101338,704874,6005,2024-12-03,63.73,mmHg,High
1101339,700390,6005,2021-06-15,24.08,mmol/L,Normal
1101340,705386,6022,2023-10-06,100.78,%,Normal
1101341,701158,6022,2024-08-03,55.69,mg/dL,Normal
1101342,704167,6002,2024-08-28,37.76,U/L,Normal
1101343,702104,6012,2021-02-10,19.81,%,Normal
1101344,703528,6019,2023-07-25,12.14,mg/dL,Normal
1101345,700363,6007,2022-09-21,22.99,%,Normal
1101346,701648,6012,2021-11-13,6.93,g/dL,Normal
1101347,701320,6016,2025-12-23,25.83,%,Normal
1101348,702988,6002,2025-01-09,83.69,U/L,Normal
1101349,703543,6023,2022-07-17,8.68,mmHg,High
1101350,701435,6021,2021-08-30,38.57,%,Normal
1101351,703966,6007,2021-11-06,27.19,g/dL,Normal
1101352,703106,6003,2023-10-05,7.17,mmol/L,Low
1101353,701389,6011,2023-05-18,20.77,mmol/L,Normal
1101354,701892,6004,2024-10-25,14.53,%,Normal
1101355,701116,6004,2022-08-07,16.23,mg/dL,Normal
1101356,700515,6007,2024-11-02,17.91,g/dL,Normal
1101357,700013,6015,2025-12-21,11.32,g/dL,Normal
1101358,706128,6017,2022-01-12,20.29,mmol/L,Normal
1101359,702041,6020,2021-09-07,13.9,mg/dL,Normal
1101360,700214,6002,2021-03-16,60.3,mmol/L,Normal
1101361,703751,6003,2023-07-23,11.67,mg/dL,Normal
1101362,703667,6025,2022-11-12,10.65,%,Low
1101363,702900,6019,2022-11-25,19.92,U/L,Normal
1101364,705014,6001,2024-01-16,29.64,U/L,Normal
1101365,706379,6010,2023-08-17,5.17,mmol/L,Normal
1101366,704384,6006,2023-01-07,13.01,mmol/L,Normal
1101367,702527,6014,2023-09-23,37.86,mmol/L,Low
1101368,702900,6006,2024-11-04,16.41,mg/dL,Normal
1101369,703482,6005,2022-04-18,13.2,g/dL,Normal
1101370,704108,6015,2021-01-20,36.55,g/dL,Normal
1101371,702699,6007,2022-10-23,61.8,mmol/L,Low
1101372,705296,6010,2024-01-28,29.92,g/dL,High
1101373,704534,6011,2024-10-30,67.63,mmol/L,Normal
1101374,705886,6010,2025-06-05,25.56,%,Normal
1101375,704005,6016,2021-06-21,27.86,U/L,Critical
1101376,703080,6025,2023-04-15,22.92,mg/dL,Critical
1101377,705583,6014,2022-11-05,41.89,mmHg,Normal
1101378,701013,6016,2024-05-16,12.3,%,Normal
1101379,706048,6018,2022-01-25,10.12,%,Normal
1101380,701581,6003,2024-01-09,20.18,mmol/L,High
1101381,705373,6004,2023-09-08,23.23,mmHg,Normal
1101382,701707,6001,2023-03-15,12.62,mmHg,Normal
1101383,700729,6010,2022-03-21,10.05,mmol/L,Normal
1101384,703569,6025,2025-03-02,2.14,mg/dL,Normal
1101385,702526,6023,2021-12-28,7.47,mmHg,Normal
1101386,700790,6005,2023-03-06,63.15,mmol/L,Normal
1101387,703314,6025,2024-12-13,16.92,mmHg,Low
1101388,702025,6014,2024-04-21,15.58,U/L,Normal
1101389,703487,6008,2025-01-20,8.84,g/dL,Normal
1101390,702149,6004,2025-10-26,45.37,%,Normal
1101391,706478,6023,2025-06-18,26.71,U/L,Low
1101392,704544,6004,2023-12-19,33.1,g/dL,High
1101393,701827,6008,2024-12-20,9.59,mmHg,High
1101394,705498,6010,2025-01-13,47.54,mg/dL,Normal
1101395,705207,6020,2021-03-02,17.52,mmHg,Normal
1101396,704952,6003,2021-01-27,10.98,%,Normal
1101397,700605,6012,2024-06-16,71.46,mg/dL,Normal
1101398,703850,6019,2023-01-19,27.4,mmHg,High
1101399,701163,6009,2025-03-13,34.77,U/L,Low
1101400,703296,6018,2025-08-18,13.33,mmol/L,Normal
1101401,704362,6013,2023-02-14,11.82,U/L,Normal
1101402,701624,6016,2024-01-07,20.99,mmHg,Normal
1101403,700642,6016,2023-09-27,73.65,U/L,Normal
1101404,701881,6026,2025-04-21,46.95,g/dL,Critical
1101405,700488,6018,2024-05-11,21.44,%,High
1101406,700268,6014,2021-09-07,13.13,%,Normal
1101407,705562,6025,2023-03-04,65.16,U/L,High
1101408,706487,6011,2022-07-17,23.56,%,Normal
1101409,705820,6001,2022-01-10,30.66,g/dL,Normal
1101410,705868,6011,2025-01-29,34.68,mmol/L,Normal
1101411,703383,6023,2024-07-04,21.05,g/dL,High
1101412,700632,6011,2023-10-08,11.73,mmol/L,Normal
1101413,704233,6015,2024-11-04,32.67,U/L,Critical
1101414,705253,6021,2024-06-28,20.06,U/L,Normal
1101415,704076,6022,2024-06-10,5.7,%,Normal
1101416,701536,6012,2022-07-10,30.83,mg/dL,High
1101417,705919,6012,2022-03-31,22.38,g/dL,Normal
1101418,702889,6023,2024-02-22,12.62,U/L,Normal
1101419,703657,6004,2023-09-19,35.37,g/dL,High
1101420,705680,6009,2023-05-30,24.35,g/dL,Normal
1101421,702833,6009,2021-12-11,6.52,g/dL,Low
1101422,702655,6015,2023-12-13,22.75,%,Critical
1101423,704087,6013,2021-08-11,103.92,g/dL,Normal
1101424,700217,6011,2024-02-14,18.57,mg/dL,Normal
1101425,700707,6013,2021-07-08,11.35,%,Normal
1101426,703782,6015,2025-05-25,30.46,%,Normal
1101427,704867,6017,2024-06-01,15.68,mg/dL,Critical
1101428,701540,6009,2023-09-09,9.67,%,Normal
1101429,704025,6010,2023-07-08,36.7,mmol/L,Normal
1101430,700712,6010,2023-12-16,35.18,mmHg,High
1101431,704428,6023,2021-03-06,18.77,mg/dL,Critical
1101432,700667,6015,2024-11-04,27.25,%,Normal
1101433,703206,6012,2023-12-01,8.32,g/dL,Normal
1101434,703590,6023,2022-01-06,5.52,mmHg,Normal
1101435,706140,6001,2021-03-11,4.14,U/L,Normal
1101436,701104,6021,2025-12-16,28.58,mmol/L,High
1101437,702598,6021,2025-10-02,20.26,%,Normal
1101438,705516,6021,2022-11-27,4.35,U/L,Low
1101439,704127,6022,2022-08-09,32.59,g/dL,Normal
1101440,702876,6022,2021-10-13,26.3,mmHg,Normal
1101441,704138,6021,2021-08-17,38.76,U/L,Low
1101442,706042,6007,2022-09-19,13.92,mg/dL,Normal
1101443,704054,6018,2025-01-14,39.1,mmol/L,Low
1101444,706030,6014,2023-02-23,15.36,%,Normal
1101445,705551,6001,2025-06-19,66.11,mg/dL,Low
1101446,701256,6022,2021-02-02,18.14,g/dL,Normal
1101447,705828,6015,2023-09-13,32.99,mmol/L,Normal
1101448,706155,6013,2021-11-02,58.63,%,Low
1101449,702615,6004,2025-12-29,8.43,g/dL,Normal
1101450,704098,6014,2022-05-10,22.1,%,High
1101451,700698,6006,2024-05-04,10.26,mmol/L,High
1101452,704514,6005,2023-04-27,22.15,%,Normal
1101453,700038,6016,2024-03-01,65.54,mmHg,High
1101454,704255,6003,2021-08-23,7.63,mmol/L,Normal
1101455,702291,6017,2021-09-16,11.87,mmHg,High
1101456,701480,6024,2021-05-18,11.41,U/L,Normal
1101457,700214,6021,2024-04-14,27.99,%,Low
1101458,705044,6023,2023-06-15,16.39,%,Normal
1101459,700193,6008,2021-09-05,66.27,mmol/L,High
1101460,700839,6012,2021-12-31,15.17,mmHg,Normal
1101461,703484,6019,2025-05-08,71.29,mmHg,Normal
1101462,700227,6010,2021-03-22,15.26,g/dL,Normal
1101463,700810,6005,2021-05-31,11.42,U/L,High
1101464,702365,6008,2021-11-21,64.07,U/L,Normal
1101465,700375,6007,2025-06-15,19.28,mmol/L,Normal
1101466,700274,6019,2024-02-09,10.58,g/dL,Low
1101467,704355,6019,2025-02-14,59.07,mmHg,High
1101468,703509,6026,2022-06-08,11.3,U/L,Normal
1101469,701187,6007,2021-04-02,17.99,U/L,Normal
1101470,701827,6021,2021-03-10,34.99,g/dL,Normal
1101471,706089,6026,2023-11-16,9.89,mmol/L,High
1101472,705582,6007,2025-10-11,17.49,%,Normal
1101473,702030,6012,2021-06-24,11.04,mmHg,Normal
1101474,703331,6019,2025-09-24,12.65,mmHg,Normal
1101475,700455,6005,2025-03-05,21.49,mg/dL,Normal
1101476,703903,6007,2025-02-20,13.15,mmHg,Critical
1101477,701656,6011,2022-03-26,7.6,U/L,Normal
1101478,702953,6018,2024-11-27,49.76,g/dL,Normal
1101479,704052,6021,2024-09-15,25.46,%,High
1101480,705440,6005,2023-09-17,25.78,%,High
1101481,702307,6015,2025-02-15,15.64,g/dL,Normal
1101482,701255,6023,2022-09-19,148.92,U/L,Normal
1101483,700267,6014,2025-01-18,8.86,mmHg,Normal
1101484,701343,6021,2024-11-04,24.51,%,Normal
1101485,703590,6020,2023-05-06,21.77,%,Normal
1101486,700554,6016,2025-11-14,25.33,mg/dL,Normal
1101487,703917,6024,2021-04-16,12.23,U/L,Normal
1101488,705874,6007,2025-05-24,46.04,mmHg,Normal
1101489,703123,6001,2024-12-31,27.9,U/L,Normal
1101490,704044,6021,2022-05-26,11.69,%,Normal
1101491,703433,6023,2023-12-22,20.68,mmol/L,Low
1101492,706101,6018,2023-11-14,12.88,U/L,Normal
1101493,703735,6012,2022-10-03,32.62,mmol/L,Normal
1101494,705165,6011,2021-08-26,10.83,mmHg,Normal
1101495,704607,6020,2024-08-14,10.07,mmol/L,Normal
1101496,705384,6016,2024-11-15,16.11,mmHg,Normal
1101497,701341,6001,2024-12-23,10.72,%,Normal
1101498,700175,6010,2022-04-19,27.08,%,Normal
1101499,705011,6013,2021-01-07,21.62,U/L,High
1101500,705774,6002,2022-01-13,10.91,mmol/L,Low
1101501,704697,6022,2023-07-08,10.46,mmHg,Low
1101502,702627,6014,2021-09-11,52.04,mg/dL,Normal
1101503,700037,6011,2022-09-25,11.86,%,Normal
1101504,701609,6026,2021-06-26,18.44,mmol/L,Normal
1101505,705027,6010,2024-09-09,16.12,mg/dL,Normal
1101506,703847,6018,2025-06-03,61.19,U/L,Low
1101507,705010,6020,2024-02-25,14.81,g/dL,Normal
1101508,704206,6004,2025-08-05,9.03,mmol/L,Normal
1101509,703432,6005,2023-08-23,19.55,mmHg,Normal
1101510,705706,6016,2024-04-08,82.77,%,Normal
1101511,701523,6006,2025-10-21,86.79,mmol/L,Normal
1101512,706479,6007,2022-12-30,47.44,mmHg,Normal
1101513,701741,6008,2024-03-12,37.33,mmHg,Normal
1101514,702735,6008,2023-05-26,120.24,mmHg,Normal
1101515,706481,6012,2022-01-06,23.46,U/L,Normal
1101516,700588,6001,2023-10-14,14.83,%,High
1101517,705391,6026,2025-04-23,29.8,%,Normal
1101518,704928,6010,2024-03-16,21.98,mmHg,Normal
1101519,701515,6011,2021-02-25,21.04,g/dL,Normal
1101520,700587,6021,2025-12-13,18.35,%,Normal
1101521,700198,6015,2021-03-03,32.77,mmol/L,Normal
1101522,702181,6014,2024-01-30,12.05,mmol/L,Normal
1101523,701146,6012,2021-10-06,27.97,mg/dL,Normal
1101524,701350,6023,2025-10-21,6.45,U/L,Normal
1101525,703453,6013,2025-08-29,26.74,mmol/L,Normal
1101526,701527,6012,2025-07-01,13.86,mg/dL,Normal
1101527,704982,6011,2023-07-13,15.13,g/dL,Normal
1101528,702781,6009,2025-03-03,22.26,mmol/L,Normal
1101529,700737,6026,2025-03-11,25.87,%,Normal
1101530,701755,6026,2021-04-11,26.68,U/L,High
1101531,702118,6025,2024-12-07,12.69,mg/dL,Normal
1101532,705918,6026,2023-11-19,20.6,g/dL,Normal
1101533,703955,6013,2024-01-04,20.22,mg/dL,Normal
1101534,700373,6009,2023-12-10,19.55,mmol/L,Low
1101535,701581,6001,2024-11-17,12.44,mmol/L,Normal
1101536,702807,6001,2023-07-30,14.93,mg/dL,Normal
1101537,703995,6005,2021-02-09,26.7,mmol/L,Normal
1101538,702697,6007,2021-08-29,12.39,%,Low
1101539,704583,6005,2021-05-25,34.28,U/L,Normal
1101540,704159,6009,2021-07-07,14.62,mmHg,Low
1101541,701027,6012,2023-12-11,11.49,g/dL,Normal
1101542,700536,6021,2021-05-24,50.98,mmHg,Normal
1101543,703150,6018,2025-08-03,16.28,mg/dL,Normal
1101544,701065,6005,2025-07-07,11.68,mmHg,Normal
1101545,700154,6003,2022-04-23,32.63,%,High
1101546,702325,6011,2021-03-07,11.54,g/dL,High
1101547,700844,6015,2024-08-07,41.55,mg/dL,Normal
1101548,705359,6015,2021-08-03,15.38,mmHg,Normal
1101549,706186,6013,2023-02-26,21.38,mmol/L,Normal
1101550,702233,6015,2023-03-30,22.19,mmHg,High
1101551,702027,6008,2025-05-27,13.17,mg/dL,Low
1101552,703704,6018,2024-02-03,16.18,U/L,Normal
1101553,702090,6019,2024-09-18,43.45,g/dL,Normal
1101554,703675,6022,2022-09-18,33.78,mmol/L,Normal
1101555,701732,6003,2025-01-20,28.21,mg/dL,Normal
1101556,700174,6010,2021-07-11,2.34,U/L,Normal
1101557,701128,6008,2025-09-25,16.43,mmHg,Critical
1101558,706198,6020,2025-07-03,60.56,%,Normal
1101559,703958,6024,2023-10-29,3.55,mmHg,Normal
1101560,701281,6006,2023-04-23,29.14,U/L,Normal
1101561,701811,6020,2022-10-05,22.3,mmol/L,Normal
1101562,701801,6026,2023-08-07,5.48,mg/dL,High
1101563,703951,6021,2023-06-27,47.01,%,Normal
1101564,700354,6002,2023-07-26,12.14,mg/dL,Low
1101565,705159,6026,2022-04-08,3.77,U/L,Low
1101566,700620,6004,2024-04-19,21.54,%,Normal
1101567,701745,6010,2025-03-26,21.43,mmHg,Normal
1101568,701781,6025,2023-05-07,14.83,%,High
1101569,701250,6009,2023-09-02,14.76,mmHg,Normal
1101570,700503,6012,2025-04-18,27.83,U/L,Low
1101571,705887,6021,2021-02-13,5.66,mg/dL,Normal
1101572,701352,6021,2022-12-13,31.41,mmHg,Normal
1101573,705924,6018,2023-04-07,8.42,g/dL,Normal
1101574,705436,6017,2024-08-13,46.26,mmol/L,Normal
1101575,704834,6003,2023-12-03,16.29,U/L,High
1101576,702926,6008,2024-12-10,44.9,mmHg,Normal
1101577,705918,6011,2024-08-15,2.96,mmol/L,Normal
1101578,705369,6008,2022-04-06,19.22,U/L,Normal
1101579,704009,6006,2022-06-14,14.21,mg/dL,High
1101580,702196,6013,2025-04-13,14.59,mg/dL,Normal
1101581,701550,6001,2021-12-08,19.99,%,Normal
1101582,704040,6002,2021-12-21,17.83,g/dL,High
1101583,702424,6008,2022-07-03,15.52,mmHg,Normal
1101584,701844,6015,2023-11-22,47.07,mg/dL,Normal
1101585,704220,6008,2024-05-14,4.83,mmHg,Normal
1101586,704243,6007,2022-07-04,55.74,mmol/L,High
1101587,705935,6010,2021-11-21,33.8,mmol/L,Normal
1101588,706039,6011,2022-12-08,22.81,%,Normal
1101589,703092,6022,2025-04-13,38.08,%,Normal
1101590,701764,6016,2021-07-30,25.05,U/L,Normal
1101591,702335,6023,2021-08-26,88.23,%,Normal
1101592,703602,6010,2021-11-30,7.43,g/dL,High
1101593,705702,6013,2021-01-03,18.67,g/dL,Normal
1101594,703467,6014,2022-04-11,14.21,mg/dL,Normal
1101595,704828,6010,2021-06-21,75.94,U/L,Low
1101596,700625,6008,2025-05-31,21.45,U/L,Normal
1101597,705866,6010,2021-06-24,31.69,mmol/L,Normal
1101598,703872,6013,2023-07-19,77.11,mmol/L,Normal
1101599,701838,6013,2023-07-23,23.99,g/dL,Normal
1101600,704630,6005,2021-12-25,29.82,g/dL,Normal
1101601,702327,6008,2024-07-02,25.42,mg/dL,Normal
1101602,703567,6023,2023-11-18,14.65,mmol/L,High
1101603,701931,6005,2024-07-08,33.46,U/L,Low
1101604,704868,6017,2021-09-17,67.76,g/dL,High
1101605,706476,6023,2024-11-02,33.88,g/dL,Low
1101606,704675,6021,2024-11-08,17.97,mmHg,Normal
1101607,706133,6014,2023-11-27,28.4,mmol/L,Low
1101608,705989,6015,2025-09-14,19.79,g/dL,Normal
1101609,703040,6024,2022-04-13,37.2,mmol/L,Normal
1101610,703494,6025,2021-02-15,22.65,%,Low
1101611,702943,6017,2021-05-15,17.09,mg/dL,High
1101612,702155,6021,2024-04-27,54.24,U/L,Normal
1101613,705245,6006,2024-02-18,17.42,mmHg,High
1101614,700802,6003,2021-11-07,10.93,%,Normal
1101615,706079,6025,2025-11-21,37.04,mg/dL,Normal
1101616,706457,6013,2025-10-11,39.15,g/dL,Normal
1101617,700680,6014,2021-06-14,27.97,mmol/L,Normal
1101618,700358,6006,2025-06-19,38.78,mmHg,Normal
1101619,706041,6012,2021-03-04,12.92,mmHg,Normal
1101620,700999,6021,2023-06-10,20.66,%,Normal
1101621,701096,6018,2022-03-22,4.31,mg/dL,Normal
1101622,704052,6001,2022-03-24,63.47,%,Critical
1101623,704158,6022,2022-12-13,29.7,g/dL,Normal
1101624,703780,6020,2022-07-20,4.63,%,Low
1101625,702737,6023,2023-05-06,91.63,g/dL,Normal
1101626,703089,6013,2025-01-21,11.89,g/dL,Normal
1101627,700072,6015,2023-08-07,29.02,mmHg,Normal
1101628,700291,6018,2024-09-11,47.35,g/dL,Normal
1101629,702601,6008,2025-01-09,8.22,%,Normal
1101630,704379,6019,2025-12-29,28.87,%,High
1101631,702433,6022,2022-03-23,23.11,g/dL,Normal
1101632,703180,6020,2023-06-28,30.89,g/dL,Normal
1101633,701384,6001,2024-07-01,21.68,mg/dL,Normal
1101634,704127,6024,2021-09-27,27.08,%,High
1101635,703524,6003,2025-10-07,16.99,U/L,High
1101636,705518,6021,2022-12-25,13.47,mg/dL,Normal
1101637,703353,6018,2023-09-20,26.82,U/L,High
1101638,701962,6015,2023-02-11,20.26,%,Normal
1101639,706180,6013,2022-09-24,5.65,%,High
1101640,702699,6018,2024-03-22,19.56,mg/dL,Normal
1101641,701120,6016,2021-05-23,21.54,%,Normal
1101642,702997,6025,2021-02-26,46.48,U/L,Critical
1101643,706347,6020,2024-05-14,19.21,mmHg,High
1101644,703035,6019,2022-03-13,11.58,mmHg,Normal
1101645,704091,6012,2024-04-26,23.46,U/L,Normal
1101646,703417,6021,2024-12-29,20.63,g/dL,Low
1101647,701386,6009,2025-12-30,21.52,g/dL,Low
1101648,701739,6002,2024-09-22,12.47,mmol/L,Normal
1101649,704369,6014,2025-03-05,11.45,%,Normal
1101650,701370,6001,2024-03-03,17.99,%,Normal
1101651,700400,6017,2025-10-11,6.48,mmHg,Normal
1101652,704032,6024,2024-09-27,7.51,U/L,Low
1101653,706436,6006,2024-09-02,2.34,%,Normal
1101654,706257,6011,2021-04-03,32.59,mmol/L,Normal
1101655,706258,6015,2024-12-27,14.03,mmol/L,Low
1101656,700874,6024,2025-01-26,39.49,mmol/L,Normal
1101657,700819,6023,2024-10-29,21.84,g/dL,Normal
1101658,703759,6025,2023-04-25,10.81,mmol/L,Normal
1101659,700732,6018,2025-01-23,20.06,U/L,Normal
1101660,705566,6003,2025-10-08,8.6,mmHg,Low
1101661,702171,6012,2025-01-04,12.93,%,Normal
1101662,700761,6005,2023-01-14,10.22,U/L,High
1101663,703304,6006,2025-03-23,24.18,mg/dL,Low
1101664,700578,6015,2022-02-09,12.03,%,Normal
1101665,702789,6025,2022-01-17,8.61,mmol/L,Low
1101666,701987,6005,2025-01-21,14.91,mmHg,Normal
1101667,700255,6002,2025-08-04,12.39,mmol/L,High
1101668,703171,6014,2023-07-23,19.18,%,High
1101669,703304,6020,2023-06-06,14.27,g/dL,Normal
1101670,700224,6010,2021-07-02,25.47,g/dL,Normal
1101671,705125,6003,2025-06-21,7.53,mg/dL,Low
1101672,703799,6006,2022-09-17,79.76,mmHg,Normal
1101673,704218,6019,2025-11-19,19.59,mmHg,Normal
1101674,704676,6015,2021-12-16,6.56,mmol/L,Normal
1101675,704067,6003,2021-01-01,14.18,g/dL,Low
1101676,705322,6016,2024-01-02,18.54,mmHg,Low
1101677,705157,6011,2025-05-14,10.63,mmol/L,Low
1101678,704687,6022,2023-01-29,40.27,U/L,Normal
1101679,701783,6024,2024-01-02,18.01,U/L,Normal
1101680,704610,6017,2021-01-16,5.54,mmHg,Normal
1101681,702837,6004,2023-02-23,15.95,mmHg,Normal
1101682,703625,6010,2024-10-23,18.62,mg/dL,Normal
1101683,705175,6006,2021-05-25,15.55,mmHg,Normal
1101684,705488,6023,2024-04-27,9.43,mg/dL,Normal
1101685,703567,6010,2022-05-20,20.33,g/dL,Normal
1101686,701274,6011,2025-04-23,11.07,%,High
1101687,700755,6010,2022-07-18,21.81,mg/dL,Normal
1101688,701213,6026,2025-07-03,13.49,mmHg,High
1101689,706279,6021,2024-10-11,26.19,%,Normal
1101690,703544,6019,2025-08-19,12.11,mmHg,Normal
1101691,700415,6004,2022-12-23,68.6,g/dL,Normal
1101692,704158,6018,2024-03-19,16.57,mmol/L,Normal
1101693,701809,6024,2024-06-23,9.82,U/L,High
1101694,703042,6004,2022-01-07,20.64,U/L,Low
1101695,701639,6007,2025-01-16,83.21,mg/dL,High
1101696,704493,6014,2025-04-04,27.67,U/L,High
1101697,705474,6006,2023-02-18,6.01,mmol/L,Normal
1101698,706146,6009,2023-01-05,77.05,mg/dL,Normal
1101699,701233,6005,2021-11-16,7.92,U/L,Low
1101700,703687,6022,2021-08-15,29.02,%,Normal
1101701,705609,6019,2021-05-08,17.38,mmHg,Normal
1101702,704022,6014,2025-03-01,7.4,mg/dL,Normal
1101703,702053,6016,2025-01-09,10.81,mmHg,Normal
1101704,702572,6002,2024-12-09,39.73,mmol/L,Normal
1101705,704916,6025,2022-08-15,10.91,mg/dL,Normal
1101706,704907,6002,2021-04-13,19.64,%,High
1101707,703048,6005,2022-11-17,37.86,%,High
1101708,706032,6026,2022-07-19,35.3,g/dL,Normal
1101709,704658,6010,2022-08-16,18.82,%,Low
1101710,705382,6012,2021-01-08,36.48,mmol/L,High
1101711,706100,6011,2021-11-19,17.07,g/dL,Normal
1101712,703775,6024,2021-06-24,6.95,g/dL,Normal
1101713,700078,6006,2023-12-05,15.23,%,Low
1101714,700057,6020,2022-06-23,23.37,U/L,Normal
1101715,704670,6015,2024-07-06,4.6,U/L,High
1101716,700413,6005,2021-09-30,16.8,mmHg,Low
1101717,700755,6010,2023-09-30,24.9,g/dL,Normal
1101718,700674,6014,2022-06-18,96.2,mg/dL,Normal
1101719,704318,6024,2021-01-27,11.06,g/dL,Normal
1101720,700190,6013,2022-05-08,64.66,mmol/L,Low
1101721,700613,6025,2021-01-16,29.7,mmol/L,Normal
1101722,701156,6020,2025-09-02,15.85,mmHg,Normal
1101723,700280,6018,2025-07-13,9.3,mg/dL,Normal
1101724,706091,6013,2023-05-30,16.1,mmHg,Normal
1101725,700638,6023,2024-12-17,33.26,g/dL,Low
1101726,701992,6005,2023-06-17,4.5,%,Normal
1101727,703735,6005,2023-03-13,18.36,g/dL,Normal
1101728,701488,6017,2022-05-07,14.01,U/L,Normal
1101729,706443,6011,2022-02-10,14.58,g/dL,Normal
1101730,701057,6004,2023-05-31,39.61,U/L,Normal
1101731,702984,6026,2021-05-11,25.38,mmHg,Normal
1101732,704522,6015,2023-03-26,14.88,mg/dL,Normal
1101733,702603,6023,2023-01-13,47.06,mmHg,Normal
1101734,703119,6004,2023-06-13,32.35,U/L,Normal
1101735,704663,6001,2022-10-08,28.87,%,Normal
1101736,705620,6019,2023-12-08,54.95,%,Normal
1101737,702973,6008,2023-05-12,26.38,U/L,Normal
1101738,704475,6016,2023-11-19,12.84,mg/dL,Normal
1101739,701204,6012,2025-09-01,43.56,%,Normal
1101740,702799,6020,2021-05-25,8.23,%,High
1101741,705205,6007,2025-03-30,61.14,%,Normal
1101742,701552,6003,2024-03-14,9.89,mmol/L,Normal
1101743,704622,6006,2023-04-29,8.9,mmol/L,Normal
1101744,703880,6024,2024-05-04,22.31,mmol/L,High
1101745,701622,6021,2024-10-17,17.86,mmol/L,Normal
1101746,704460,6015,2023-02-16,9.23,mmHg,Normal
1101747,702743,6006,2023-04-14,20.08,g/dL,Normal
1101748,705633,6005,2024-12-07,19.32,U/L,Normal
1101749,703353,6007,2022-12-22,12.28,%,Normal
1101750,706138,6017,2025-07-26,21.14,mmol/L,High
1101751,702543,6006,2022-01-22,21.14,mmHg,Normal
1101752,703646,6007,2024-05-02,43.56,mmol/L,Normal
1101753,705831,6023,2023-08-30,6.64,U/L,Low
1101754,706480,6013,2024-03-07,5.4,mmHg,High
1101755,703691,6007,2021-07-29,13.51,mmHg,Normal
1101756,703826,6023,2025-07-27,17.65,%,Normal
1101757,705394,6024,2021-05-20,31.63,%,Normal
1101758,703452,6001,2025-05-02,7.63,%,Normal
1101759,701604,6010,2022-06-21,15.14,mmol/L,Low
1101760,703643,6016,2023-12-25,7.94,U/L,Normal
1101761,701682,6018,2024-05-19,30.36,%,Normal
1101762,702577,6001,2025-08-26,9.03,mmHg,Critical
1101763,705819,6014,2022-05-28,7.08,mg/dL,Normal
1101764,701636,6020,2023-02-07,38.35,U/L,Normal
1101765,703576,6005,2024-03-24,40.5,mmol/L,Critical
1101766,700124,6005,2023-10-10,6.34,mg/dL,Normal
1101767,703776,6006,2023-12-15,18.15,mmol/L,Normal
1101768,701861,6009,2023-10-23,33.06,U/L,Normal
1101769,703551,6004,2025-01-01,25.55,%,Low
1101770,701749,6020,2023-03-19,34.0,U/L,Normal
1101771,706021,6009,2025-07-28,12.44,%,Normal
1101772,700963,6019,2023-05-12,55.1,mmHg,Normal
1101773,702327,6025,2021-12-01,32.14,mmHg,High
1101774,706110,6022,2022-10-29,63.65,%,Normal
1101775,705121,6022,2024-03-17,26.9,g/dL,Normal
1101776,702788,6012,2022-03-06,31.55,mg/dL,Low
1101777,701069,6002,2025-02-22,33.61,%,Normal
1101778,705613,6025,2022-02-16,19.61,mmHg,Normal
1101779,705184,6021,2021-08-22,,mmHg,Critical
1101780,700645,6006,2022-04-09,31.44,mmHg,Normal
1101781,702135,6007,2025-07-13,37.31,mg/dL,Normal
1101782,705201,6013,2025-10-10,13.87,mmol/L,Normal
1101783,704790,6001,2024-03-17,31.02,mmol/L,Normal
1101784,705929,6022,2023-05-21,13.79,g/dL,Low
1101785,703383,6021,2023-12-27,13.01,U/L,Normal
1101786,701233,6007,2023-10-30,21.65,U/L,Normal
1101787,701607,6001,2021-01-06,23.28,U/L,Normal
1101788,702492,6011,2025-02-01,47.01,U/L,Normal
1101789,704823,6016,2022-05-29,8.7,U/L,Normal
1101790,701831,6021,2024-08-14,15.19,%,Low
1101791,701295,6017,2022-01-05,17.57,mmHg,High
1101792,705496,6018,2023-09-18,30.67,g/dL,Normal
1101793,704672,6022,2024-07-31,6.3,%,Normal
1101794,704242,6021,2022-05-16,21.67,g/dL,Normal
1101795,704862,6012,2024-06-05,40.01,mg/dL,High
1101796,705741,6024,2021-03-02,9.82,g/dL,Normal
1101797,702409,6025,2022-02-22,13.86,g/dL,Low
1101798,702098,6010,2021-12-22,70.35,mg/dL,Normal
1101799,703244,6021,2024-07-25,42.92,mmHg,Normal
1101800,702273,6022,2023-01-30,13.9,%,Normal
1101801,701129,6024,2021-11-23,5.86,%,Normal
1101802,700212,6022,2024-05-23,24.28,mmHg,Normal
1101803,701548,6001,2025-10-24,16.92,U/L,Normal
1101804,705465,6019,2023-12-18,13.03,mg/dL,Normal
1101805,703197,6002,2021-08-21,18.66,U/L,Low
1101806,706376,6017,2024-02-06,10.85,mmol/L,Normal
1101807,701557,6017,2025-04-13,10.34,mg/dL,Normal
1101808,704739,6020,2022-10-12,62.61,mmHg,Normal
1101809,700156,6018,2025-07-08,33.76,mmHg,Normal
1101810,702281,6002,2024-02-05,6.03,mmHg,Critical
1101811,706405,6003,2021-05-02,27.91,mmHg,Normal
1101812,700648,6006,2021-07-03,41.54,U/L,Normal
1101813,701534,6019,2024-07-27,32.19,mmHg,Normal
1101814,702602,6022,2022-04-11,62.42,%,Normal
1101815,705063,6002,2023-08-06,23.37,mmol/L,Normal
1101816,703668,6002,2025-10-22,8.49,%,Normal
1101817,704876,6007,2024-01-02,57.09,mmol/L,Critical
1101818,701853,6012,2023-02-16,11.23,%,Normal
1101819,700199,6008,2021-09-28,10.54,g/dL,Normal
1101820,702320,6023,2022-08-13,34.2,g/dL,Normal
1101821,704039,6008,2021-04-09,6.64,g/dL,High
1101822,701966,6018,2021-12-11,40.74,mmHg,Normal
1101823,704711,6009,2025-08-10,31.93,U/L,High
1101824,700548,6025,2024-10-12,14.22,g/dL,Normal
1101825,700959,6023,2024-10-08,34.84,mmHg,Normal
1101826,700280,6011,2025-02-26,39.49,%,Normal
1101827,701711,6019,2022-04-03,27.39,mmHg,Low
1101828,700020,6022,2022-06-10,24.82,%,High
1101829,701449,6005,2022-03-09,45.92,g/dL,Normal
1101830,701197,6004,2024-07-12,6.93,%,Critical
1101831,705815,6022,2023-02-23,15.56,mmHg,Normal
1101832,703274,6023,2024-01-05,37.39,mmol/L,Normal
1101833,700099,6012,2023-03-04,12.03,g/dL,High
1101834,703740,6009,2022-06-08,8.32,%,Low
1101835,701584,6016,2021-04-26,16.7,%,High
1101836,701859,6017,2021-09-01,8.86,mg/dL,High
1101837,705887,6021,2023-04-10,23.6,U/L,Low
1101838,702379,6013,2025-04-28,69.76,g/dL,Normal
1101839,705323,6017,2023-10-22,8.34,mmHg,Low
1101840,706259,6015,2022-05-31,24.21,mmol/L,Normal
1101841,700328,6024,2025-12-02,11.46,mmol/L,Normal
1101842,700379,6001,2023-10-03,35.6,U/L,Normal
1101843,702336,6002,2023-08-21,17.31,U/L,High
1101844,701631,6013,2023-08-19,34.45,mg/dL,Normal
1101845,701257,6026,2022-02-02,7.98,g/dL,Normal
1101846,700196,6026,2022-09-08,21.86,mg/dL,High
1101847,701377,6010,2024-09-12,11.19,mmol/L,Low
1101848,705539,6007,2022-08-06,12.15,mmol/L,Normal
1101849,701047,6001,2022-09-15,62.91,mmHg,Normal
1101850,703998,6020,2021-12-05,12.53,mmHg,High
1101851,704373,6009,2025-04-16,13.53,mmHg,Normal
1101852,706079,6001,2023-09-24,12.1,mg/dL,Normal
1101853,703123,6011,2021-06-22,12.88,%,Normal
1101854,704121,6024,2021-12-17,18.81,U/L,Normal
1101855,705958,6015,2023-02-16,16.78,mmol/L,Normal
1101856,703384,6018,2023-02-17,7.45,%,Normal
1101857,703302,6009,2023-04-20,17.2,mmol/L,Normal
1101858,703464,6022,2021-09-13,8.31,mmHg,Normal
1101859,706353,6026,2022-07-07,19.42,U/L,Normal
1101860,705098,6001,2024-07-22,14.09,%,Normal
1101861,700222,6010,2025-12-28,13.26,mmol/L,High
1101862,705788,6024,2023-08-25,16.2,U/L,Normal
1101863,700434,6006,2022-02-06,22.79,mg/dL,High
1101864,702989,6012,2023-06-04,8.76,mg/dL,Normal
1101865,701823,6008,2023-09-01,19.27,mmHg,Normal
1101866,705079,6012,2021-03-07,16.11,%,Normal
1101867,705623,6006,2025-08-21,11.55,g/dL,High
1101868,705853,6025,2022-03-26,12.62,mmol/L,Normal
1101869,700645,6002,2021-07-15,27.3,%,Normal
1101870,702784,6015,2023-04-02,13.74,%,Normal
1101871,705738,6019,2021-02-23,7.01,%,High
1101872,700781,6011,2025-02-07,17.79,g/dL,Normal
1101873,706032,6011,2021-08-05,52.2,U/L,Normal
1101874,701066,6008,2022-02-06,20.0,mg/dL,Normal
1101875,704628,6019,2022-01-03,27.75,mmol/L,Normal
1101876,703605,6019,2025-10-13,48.69,g/dL,Low
1101877,701006,6005,2023-12-31,44.13,mmHg,Normal
1101878,700830,6006,2023-06-13,8.11,U/L,Low
1101879,700681,6010,2022-09-29,36.11,U/L,Normal
1101880,703454,6006,2024-10-19,13.28,%,High
1101881,703336,6012,2024-02-16,26.19,mmHg,Critical
1101882,704186,6008,2025-05-20,24.83,mmol/L,Normal
1101883,701329,6021,2025-12-08,47.62,%,Normal
1101884,704857,6010,2025-04-18,11.69,%,Low
1101885,705339,6009,2025-10-28,8.66,mmHg,Low
1101886,701693,6023,2025-10-10,22.62,U/L,Normal
1101887,705760,6019,2024-10-31,24.72,g/dL,Low
1101888,705165,6016,2024-08-14,22.63,mmHg,Normal
1101889,701088,6025,2022-01-26,8.61,mmol/L,Normal
1101890,700403,6021,2022-04-12,20.32,U/L,Normal
1101891,702701,6001,2025-12-28,17.45,mmol/L,Normal
1101892,702304,6006,2024-04-17,18.94,g/dL,Low
1101893,702729,6005,2022-01-22,30.25,%,Normal
1101894,705183,6004,2022-03-14,9.56,g/dL,Low
1101895,703942,6020,2021-07-02,25.76,%,Normal
1101896,703467,6009,2021-04-20,13.12,g/dL,Normal
1101897,702070,6022,2025-01-30,9.76,U/L,High
1101898,702486,6016,2025-03-15,20.67,mmol/L,Normal
1101899,704861,6006,2023-06-17,25.51,g/dL,Normal
1101900,702507,6002,2023-05-08,37.76,U/L,Normal
1101901,705201,6007,2024-10-25,24.11,mmol/L,Low
1101902,701616,6001,2021-04-12,7.88,mmHg,High
1101903,700738,6016,2024-06-12,30.58,mmol/L,Normal
1101904,701861,6001,2024-09-13,41.12,%,Normal
1101905,704771,6020,2024-05-17,34.14,%,Normal
1101906,704340,6021,2021-09-11,6.95,mmHg,Normal
1101907,705532,6008,2025-02-05,12.71,mmHg,Critical
1101908,704892,6022,2021-07-28,11.61,U/L,Low
1101909,701256,6024,2021-04-02,25.91,mmHg,Normal
1101910,701144,6022,2024-02-20,45.58,mmol/L,High
1101911,706206,6008,2021-01-05,27.72,g/dL,Normal
1101912,702389,6004,2022-06-25,27.37,mmHg,High
1101913,706249,6020,2024-08-11,17.04,g/dL,Normal
1101914,701995,6021,2024-12-16,30.45,g/dL,Normal
1101915,702240,6006,2022-04-25,18.99,mmHg,Normal
1101916,704236,6008,2021-12-21,16.91,U/L,Normal
1101917,704752,6007,2021-03-12,14.92,g/dL,Normal
1101918,705056,6021,2025-08-22,37.62,mmol/L,Normal
1101919,702977,6020,2025-10-30,68.37,mg/dL,Normal
1101920,703965,6019,2024-05-30,45.55,mmHg,Normal
1101921,705675,6009,2022-04-29,47.73,mmHg,Critical
1101922,702242,6001,2021-10-21,9.23,%,Normal
1101923,702837,6017,2021-01-16,13.47,mg/dL,Normal
1101924,704623,6017,2021-07-03,22.41,U/L,Low
1101925,705221,6025,2023-08-14,42.75,U/L,Low
1101926,705186,6018,2025-05-24,2.54,%,Normal
1101927,701720,6019,2021-02-07,7.9,g/dL,Normal
1101928,701923,6007,2022-11-07,6.34,U/L,High
1101929,703922,6011,2024-04-02,9.29,mmHg,Normal
1101930,701950,6007,2022-11-29,56.08,mmHg,Normal
1101931,703448,6017,2024-01-22,12.69,mg/dL,Low
1101932,706116,6008,2025-10-01,49.15,mmHg,Critical
1101933,700589,6022,2025-04-19,101.17,U/L,Normal
1101934,700335,6005,2021-11-07,11.76,mg/dL,High
1101935,700727,6013,2023-10-24,14.57,%,Low
1101936,702525,6024,2025-09-16,15.26,mg/dL,Normal
1101937,704068,6025,2024-07-27,16.85,mmHg,Normal
1101938,701787,6022,2022-02-16,27.21,U/L,Normal
1101939,703047,6008,2022-04-30,7.41,%,Low
1101940,702852,6012,2025-12-06,23.24,mmol/L,Normal
1101941,705295,6016,2025-02-16,6.78,mg/dL,Normal
1101942,700687,6022,2021-09-22,3.98,U/L,Low
1101943,705314,6023,2022-08-05,16.67,U/L,High
1101944,705863,6022,2025-06-02,22.69,mmol/L,Normal
1101945,705623,6012,2025-11-22,3.7,g/dL,High
1101946,702103,6013,2025-12-11,18.36,mmHg,Low
1101947,704117,6008,2024-09-24,8.78,mmol/L,Low
1101948,701986,6016,2022-07-31,,mmHg,Normal
1101949,704117,6017,2022-12-15,38.15,mg/dL,Normal
1101950,705754,6012,2023-02-25,11.74,U/L,Low
1101951,704643,6020,2024-03-02,26.34,%,Normal
1101952,704879,6005,2022-05-10,18.18,g/dL,Normal
1101953,703896,6007,2023-08-07,18.86,mmHg,Normal
1101954,703317,6010,2022-03-17,63.62,mmHg,High
1101955,702349,6017,2023-03-07,4.95,%,Normal
1101956,701482,6003,2022-11-16,8.69,mg/dL,Low
1101957,704540,6006,2021-07-31,38.97,mmHg,Normal
1101958,705585,6024,2025-06-19,12.59,mmHg,Normal
1101959,704254,6022,2021-06-24,20.84,U/L,Normal
1101960,705141,6008,2021-12-06,18.31,mmol/L,Normal
1101961,702049,6007,2022-08-21,15.49,mmHg,Normal
1101962,704431,6024,2021-08-20,27.41,U/L,Normal
1101963,706233,6023,2024-01-31,14.13,g/dL,Normal
1101964,704058,6009,2021-11-19,77.29,mg/dL,Normal
1101965,706189,6018,2022-11-22,12.98,g/dL,High
1101966,702040,6015,2025-04-03,28.1,U/L,Normal
1101967,700546,6005,2024-03-11,54.95,mmol/L,Normal
1101968,705824,6010,2022-07-17,11.0,U/L,Normal
1101969,700242,6024,2023-05-27,14.55,mmol/L,High
1101970,703444,6025,2022-04-04,20.46,U/L,Low
1101971,705318,6001,2025-10-17,19.77,mmol/L,Normal
1101972,700678,6001,2025-08-02,21.85,mmol/L,High
1101973,701615,6016,2025-01-06,39.29,mg/dL,Critical
1101974,701915,6013,2024-10-13,4.2,g/dL,Low
1101975,702975,6008,2025-08-06,5.47,mmHg,Critical
1101976,702772,6008,2025-10-09,45.51,mg/dL,Normal
1101977,700949,6024,2023-06-15,52.62,mmol/L,Normal
1101978,705516,6025,2023-08-14,30.94,U/L,High
1101979,701815,6021,2025-08-26,26.42,%,High
1101980,704579,6023,2023-03-16,3.85,U/L,Normal
1101981,702366,6003,2023-03-13,14.83,mg/dL,Normal
1101982,705918,6006,2025-08-19,19.73,%,Normal
1101983,700637,6011,2024-09-20,23.04,mg/dL,High
1101984,703072,6009,2022-03-17,11.8,g/dL,Normal
1101985,700748,6010,2025-12-20,4.23,g/dL,Normal
1101986,700347,6012,2024-08-06,35.8,g/dL,Normal
1101987,701793,6018,2023-02-10,14.5,mmHg,Low
1101988,701231,6022,2022-02-11,25.13,U/L,High
1101989,701523,6022,2021-02-28,5.63,g/dL,Normal
1101990,705518,6008,2022-09-16,8.87,mg/dL,Normal
1101991,705231,6024,2023-03-01,21.22,U/L,Normal
1101992,706447,6010,2025-02-27,31.56,g/dL,Critical
1101993,702394,6026,2024-01-13,6.33,U/L,Normal
1101994,702725,6008,2025-02-21,14.76,U/L,Normal
1101995,700749,6001,2025-05-06,21.05,mmol/L,High
1101996,702653,6010,2021-02-13,33.57,U/L,Normal
1101997,701956,6006,2022-07-17,17.6,mmol/L,Normal
1101998,705105,6021,2023-03-23,27.7,%,Low
1101999,703920,6002,2025-04-24,52.11,U/L,Low
1102000,701697,6010,2025-04-07,6.69,%,Normal
1102001,702444,6024,2022-03-01,8.06,U/L,Normal
1102002,706189,6015,2022-05-31,15.81,mmol/L,Critical
1102003,700459,6020,2024-10-13,13.08,g/dL,Low
1102004,701560,6016,2021-02-13,21.69,g/dL,Normal
1102005,702573,6016,2021-03-26,18.91,g/dL,High
1102006,704187,6006,2024-10-27,43.97,mmol/L,Normal
1102007,705499,6026,2022-06-04,144.79,U/L,High
1102008,700630,6023,2025-01-17,26.98,mg/dL,High
1102009,701686,6018,2023-08-04,32.81,U/L,Low
1102010,704225,6009,2025-05-11,19.11,mmHg,Normal
1102011,705680,6005,2024-02-13,36.15,mmHg,Normal
1102012,703625,6020,2024-02-04,39.51,%,Normal
1102013,701414,6020,2025-06-16,14.13,mg/dL,High
1102014,704934,6012,2024-12-28,36.4,mmHg,Normal
1102015,704702,6008,2025-05-15,7.38,U/L,Normal
1102016,702484,6018,2024-06-17,21.46,mmol/L,Normal
1102017,703961,6016,2022-10-10,11.92,%,Normal
1102018,702790,6018,2022-10-05,58.68,U/L,High
1102019,704808,6020,2025-04-13,16.69,%,Normal
1102020,701427,6007,2023-10-11,164.99,%,Normal
1102021,701510,6021,2023-01-11,9.44,g/dL,Normal
1102022,704980,6026,2021-11-24,46.38,U/L,Low
1102023,706401,6023,2025-06-12,17.68,mmHg,Normal
1102024,702384,6009,2022-01-19,17.53,mmol/L,Critical
1102025,702311,6022,2024-08-16,65.58,mg/dL,High
1102026,703855,6010,2025-03-31,12.7,%,Normal
1102027,705159,6018,2025-09-23,15.0,%,Normal
1102028,705039,6014,2023-03-31,21.24,g/dL,Normal
1102029,704235,6003,2025-03-27,12.71,mg/dL,Normal
1102030,706363,6022,2021-12-22,29.1,mmol/L,Low
1102031,700127,6001,2023-09-24,14.09,mmol/L,Normal
1102032,704289,6009,2023-09-22,16.31,mg/dL,Normal
1102033,703843,6008,2024-08-15,9.16,mmol/L,Normal
1102034,702561,6021,2021-03-01,37.75,mmol/L,Normal
1102035,705040,6026,2023-07-10,8.29,mg/dL,Low
1102036,703961,6019,2023-06-23,4.58,mg/dL,High
1102037,705690,6007,2025-12-18,11.25,mmol/L,Normal
1102038,703893,6012,2024-01-21,14.3,mmHg,Low
1102039,703307,6024,2024-04-18,36.96,mmol/L,Normal
1102040,702097,6023,2023-08-13,20.25,mmol/L,Normal
1102041,705049,6012,2024-07-07,5.58,mg/dL,Low
1102042,701578,6012,2022-12-26,14.58,mmHg,Normal
1102043,704165,6014,2022-02-27,23.05,mmHg,Normal
1102044,706129,6001,2024-02-02,87.67,U/L,Normal
1102045,703523,6023,2022-09-28,16.33,mmHg,Critical
1102046,705700,6008,2025-06-02,11.81,g/dL,Normal
1102047,702639,6025,2022-02-19,11.54,%,Normal
1102048,704072,6022,2021-03-08,22.2,mmol/L,Low
1102049,704200,6023,2023-04-18,11.2,mmol/L,Normal
1102050,704623,6022,2023-07-14,7.93,mg/dL,Normal
1102051,705949,6024,2024-07-13,12.04,mmol/L,Low
1102052,706089,6009,2021-12-30,18.41,%,Low
1102053,705258,6001,2022-06-27,20.4,g/dL,Low
1102054,701133,6017,2023-04-02,42.77,mmHg,Normal
1102055,702431,6013,2024-03-18,27.07,mmol/L,Normal
1102056,704037,6018,2025-03-05,5.79,U/L,Low
1102057,704050,6007,2021-03-30,42.54,mmol/L,Normal
1102058,706350,6020,2025-09-25,22.21,U/L,Normal
1102059,705345,6024,2024-11-18,8.38,U/L,Low
1102060,700751,6023,2025-01-21,10.17,%,Normal
1102061,705044,6011,2025-09-10,7.91,%,Normal
1102062,702979,6014,2021-08-20,19.74,mmHg,High
1102063,702263,6006,2023-08-18,18.71,U/L,Low
1102064,704327,6001,2024-06-23,16.16,U/L,Normal
1102065,705328,6021,2024-01-21,14.53,mmol/L,Normal
1102066,705291,6010,2022-01-22,18.25,%,Normal
1102067,702355,6013,2025-10-26,11.22,U/L,Normal
1102068,701618,6019,2023-04-02,7.63,mmHg,Normal
1102069,701607,6002,2023-04-05,5.03,mg/dL,Normal
1102070,702089,6019,2021-09-10,19.67,U/L,High
1102071,704906,6017,2025-06-07,26.93,mmol/L,Normal
1102072,705660,6026,2023-08-20,19.82,U/L,Normal
1102073,705026,6023,2025-11-22,16.95,mmol/L,Normal
1102074,704544,6026,2024-08-14,12.84,g/dL,Critical
1102075,701730,6026,2023-05-27,29.4,mmHg,Normal
1102076,702412,6021,2022-07-02,6.91,U/L,High
1102077,704832,6016,2025-05-03,50.61,%,Normal
1102078,705821,6002,2023-06-17,25.28,mg/dL,Normal
1102079,705808,6009,2021-01-01,42.29,%,Low
1102080,703465,6005,2022-11-14,12.54,mmHg,Normal
1102081,700058,6020,2025-12-11,13.06,mmol/L,Normal
1102082,702140,6013,2021-10-08,13.81,%,Normal
1102083,702289,6011,2023-06-20,26.49,mmHg,Critical
1102084,702753,6018,2023-07-22,3.9,%,Low
1102085,700861,6020,2025-08-23,30.74,%,High
1102086,701541,6003,2021-03-14,9.86,mg/dL,Low
1102087,705674,6002,2025-11-02,30.96,U/L,Normal
1102088,701496,6024,2024-11-08,8.41,U/L,Normal
1102089,702257,6010,2022-04-16,20.93,mmol/L,High
1102090,704548,6022,2024-11-05,34.96,%,Normal
1102091,701323,6025,2023-04-16,13.23,mmHg,Normal
1102092,700245,6015,2023-11-11,12.85,mg/dL,Normal
1102093,706375,6020,2024-06-25,16.17,g/dL,Normal
1102094,700688,6023,2023-07-08,38.86,mmHg,Normal
1102095,702492,6010,2021-03-20,25.07,mg/dL,Normal
1102096,702549,6024,2022-09-05,9.65,U/L,Normal
1102097,700628,6019,2021-01-10,33.04,U/L,Normal
1102098,703283,6023,2022-06-30,8.97,g/dL,High
1102099,702254,6025,2023-08-02,19.71,mmol/L,Normal
1102100,705345,6018,2025-11-23,12.42,mmol/L,Normal
1102101,703816,6001,2022-04-21,12.88,%,Normal
1102102,702843,6003,2022-05-12,31.67,%,Normal
1102103,701881,6019,2023-07-16,17.88,g/dL,Normal
1102104,702154,6007,2024-09-03,34.69,mmHg,Normal
1102105,700733,6002,2022-09-12,8.47,%,Normal
1102106,703644,6004,2025-01-15,9.65,mmHg,High
1102107,704307,6003,2022-07-21,16.1,U/L,Normal
1102108,702908,6004,2021-01-11,58.33,mg/dL,Normal
1102109,701275,6021,2022-12-20,13.44,mg/dL,Critical
1102110,701873,6004,2025-07-10,21.91,mmol/L,Low
1102111,705302,6023,2023-09-04,37.96,mmHg,Critical
1102112,703918,6020,2025-09-05,30.02,mmol/L,Normal
1102113,704858,6010,2025-01-11,170.03,U/L,Normal
1102114,701839,6017,2022-07-25,17.26,mmol/L,Normal
1102115,701820,6023,2021-05-08,34.06,U/L,Normal
1102116,703451,6026,2025-10-06,32.44,mg/dL,Normal
1102117,705176,6011,2023-12-23,20.29,mmol/L,High
1102118,705411,6003,2025-12-30,12.42,g/dL,Normal
1102119,704678,6007,2024-06-26,11.22,mg/dL,Low
1102120,705286,6020,2021-09-28,23.27,%,Normal
1102121,706201,6019,2024-05-21,6.1,%,Normal
1102122,700552,6009,2023-02-23,12.4,g/dL,Normal
1102123,700020,6024,2024-07-28,20.49,mmHg,High
1102124,704701,6011,2022-10-22,14.41,g/dL,Normal
1102125,702030,6023,2024-04-28,6.6,mmHg,Low
1102126,704097,6022,2021-12-04,5.16,mmHg,High
1102127,705498,6017,2024-11-17,14.73,mg/dL,Normal
1102128,702215,6025,2024-09-30,29.57,mmHg,Low
1102129,701745,6022,2022-01-12,5.02,U/L,Normal
1102130,703406,6004,2022-01-07,18.23,%,Normal
1102131,706230,6019,2025-08-30,10.89,g/dL,Low
1102132,704722,6014,2024-01-30,65.22,%,Normal
1102133,700005,6002,2021-12-10,37.84,mg/dL,Normal
1102134,700924,6002,2023-09-02,37.14,g/dL,Normal
1102135,702960,6005,2021-06-06,11.48,mmHg,Normal
1102136,703805,6007,2022-01-28,23.74,g/dL,Low
1102137,700363,6008,2024-05-05,7.46,mg/dL,Low
1102138,703926,6025,2025-03-03,15.49,U/L,Normal
1102139,704829,6013,2025-10-15,51.78,U/L,Normal
1102140,700507,6001,2023-01-18,10.09,%,Normal
1102141,700206,6001,2021-09-08,5.87,g/dL,Normal
1102142,703128,6007,2022-03-04,22.6,mg/dL,Normal
1102143,700270,6017,2022-08-07,20.22,mmHg,Normal
1102144,706173,6011,2023-04-25,12.1,mmol/L,Normal
1102145,701716,6014,2024-02-16,32.36,mmHg,Normal
1102146,702993,6002,2021-11-10,14.97,%,Normal
1102147,704710,6023,2023-09-27,20.94,g/dL,Normal
1102148,704283,6026,2023-05-18,31.12,U/L,Critical
1102149,705885,6022,2025-02-05,6.97,%,Normal
1102150,702486,6025,2021-05-21,13.31,mg/dL,Normal
1102151,704705,6005,2021-11-17,77.39,mmHg,Normal
1102152,701696,6019,2023-12-16,34.23,%,Normal
1102153,705078,6006,2022-02-02,9.25,%,Normal
1102154,705492,6001,2023-05-02,81.99,U/L,Normal
1102155,701825,6014,2021-11-03,33.2,mmol/L,Normal
1102156,705786,6007,2024-09-22,19.06,g/dL,Normal
1102157,702354,6009,2025-01-01,6.81,%,Normal
1102158,706051,6024,2025-09-06,14.83,mmol/L,Normal
1102159,700286,6009,2021-05-01,20.09,g/dL,High
1102160,701578,6001,2022-11-14,25.07,%,Normal
1102161,702139,6003,2025-05-15,16.17,g/dL,Normal
1102162,706477,6019,2021-01-25,32.41,U/L,Normal
1102163,706249,6005,2023-08-05,41.76,U/L,Normal
1102164,704081,6022,2023-04-25,10.33,mg/dL,Normal
1102165,701345,6006,2023-08-06,8.11,mmHg,Low
1102166,701372,6009,2024-01-21,17.88,mg/dL,Normal
1102167,701143,6017,2024-10-13,9.26,U/L,Normal
1102168,701497,6001,2022-01-16,56.1,mmHg,Normal
1102169,704366,6023,2023-10-29,25.83,mg/dL,Normal
1102170,704099,6016,2023-05-17,31.16,U/L,Normal
1102171,703812,6015,2022-12-02,22.77,g/dL,Normal
1102172,706195,6021,2024-04-11,10.9,mmol/L,Normal
1102173,701159,6012,2021-05-16,18.99,mmHg,Normal
1102174,704125,6001,2021-05-15,27.29,g/dL,Normal
1102175,701770,6014,2022-05-21,20.43,%,High
1102176,700327,6017,2022-12-19,77.84,mmol/L,Normal
1102177,704026,6005,2025-10-26,69.46,%,High
1102178,703557,6025,2023-05-20,11.98,%,Normal
1102179,702544,6004,2024-03-04,13.7,mg/dL,Normal
1102180,701216,6003,2023-09-10,13.63,mmol/L,Normal
1102181,702357,6016,2024-01-22,22.37,mg/dL,Normal
1102182,704952,6005,2023-12-27,50.09,mmol/L,Normal
1102183,704067,6002,2022-01-09,6.52,g/dL,Normal
1102184,700137,6013,2022-12-12,9.04,%,Normal
1102185,703650,6005,2024-09-25,3.23,mg/dL,Low
1102186,702729,6010,2021-04-21,12.44,g/dL,Normal
1102187,702587,6021,2021-08-25,41.59,mmol/L,Normal
1102188,703648,6008,2022-12-19,7.23,%,Normal
1102189,705274,6023,2021-11-05,14.45,g/dL,Normal
1102190,702650,6003,2024-03-27,24.63,mmHg,Normal
1102191,704464,6018,2021-11-02,9.29,U/L,Normal
1102192,702797,6011,2022-05-10,10.31,mmol/L,Normal
1102193,700231,6023,2023-08-13,33.24,%,Normal
1102194,705827,6011,2023-07-12,6.7,U/L,Normal
1102195,705157,6013,2023-08-22,11.54,mmol/L,Normal
1102196,701435,6007,2023-03-28,54.85,mmHg,Normal
1102197,703097,6021,2022-05-06,25.64,U/L,Normal
1102198,704508,6004,2025-05-18,8.23,mg/dL,High
1102199,705244,6006,2024-10-20,14.53,mmol/L,Normal
1102200,706395,6007,2022-09-23,27.6,mmHg,Low
1102201,702002,6010,2024-06-05,29.81,U/L,Normal
1102202,701644,6010,2021-05-20,23.05,%,Normal
1102203,705947,6021,2023-05-05,42.74,mmHg,Normal
1102204,701369,6008,2021-07-08,31.71,%,Low
1102205,700034,6015,2025-06-25,21.53,mg/dL,Normal
1102206,703476,6011,2024-03-29,12.97,mmol/L,Normal
1102207,702036,6019,2024-12-23,22.24,mmol/L,Normal
1102208,702115,6015,2022-08-22,15.98,mmHg,Low
1102209,704873,6026,2024-01-03,20.03,%,Normal
1102210,701977,6005,2024-08-10,7.08,U/L,Normal
1102211,704967,6005,2024-03-27,19.54,U/L,Normal
1102212,702779,6006,2021-11-02,29.94,mmHg,Normal
1102213,701525,6012,2023-10-29,66.76,mmol/L,Normal
1102214,705020,6023,2025-04-04,12.52,U/L,Normal
1102215,703391,6015,2025-08-11,14.05,mmol/L,Normal
1102216,702177,6007,2025-06-20,45.16,mmHg,Normal
1102217,702488,6016,2023-05-04,5.89,mg/dL,Normal
1102218,701817,6018,2024-11-17,7.65,%,Critical
1102219,702481,6013,2024-06-23,27.38,mmHg,Normal
1102220,702905,6018,2021-09-07,31.14,mg/dL,Normal
1102221,702486,6001,2024-01-06,23.65,mg/dL,Normal
1102222,701821,6009,2023-07-09,24.12,mmHg,High
1102223,703761,6020,2024-07-10,56.56,U/L,Low
1102224,701616,6018,2025-12-20,40.05,g/dL,Normal
1102225,700569,6008,2022-06-27,41.15,%,High
1102226,704637,6012,2023-02-11,24.18,mmol/L,Low
1102227,705911,6024,2022-11-18,7.99,%,Normal
1102228,704772,6022,2023-05-19,31.54,mg/dL,Normal
1102229,705101,6002,2023-09-17,40.32,mmol/L,Normal
1102230,704512,6007,2024-11-25,9.4,mg/dL,High
1102231,706271,6017,2025-07-19,13.61,g/dL,High
1102232,701267,6023,2024-06-21,25.38,mmol/L,Normal
1102233,704707,6021,2021-08-16,9.29,mmol/L,Normal
1102234,705745,6018,2025-09-13,76.57,mg/dL,Critical
1102235,705879,6017,2025-08-06,24.81,mg/dL,Normal
1102236,706190,6014,2021-04-28,7.44,mmHg,High
1102237,703210,6020,2022-10-09,17.49,mmol/L,Normal
1102238,701790,6006,2025-12-17,,mmol/L,Normal
1102239,703673,6024,2025-08-24,11.28,mmHg,Normal
1102240,705454,6011,2025-02-14,24.35,g/dL,Normal
1102241,700394,6003,2023-11-08,74.69,mmol/L,Normal
1102242,704285,6013,2021-09-03,9.33,mmol/L,Critical
1102243,700704,6003,2025-08-23,10.42,mmHg,Normal
1102244,703197,6003,2022-11-26,8.1,mmHg,Normal
1102245,701695,6012,2025-07-02,103.98,U/L,High
1102246,704675,6008,2022-07-23,13.48,mmol/L,Normal
1102247,702338,6018,2023-06-26,19.26,mg/dL,High
1102248,703027,6009,2025-02-27,28.58,U/L,Low
1102249,703779,6006,2023-01-13,8.24,mmol/L,Normal
1102250,703037,6006,2021-01-27,16.98,U/L,High
1102251,700699,6004,2022-10-08,12.66,g/dL,High
1102252,700348,6023,2023-11-06,9.96,U/L,Normal
1102253,702785,6018,2022-12-17,60.85,%,Normal
1102254,702721,6021,2025-06-06,5.81,%,Normal
1102255,705295,6013,2024-07-16,15.14,%,Normal
1102256,702650,6009,2023-07-30,41.75,mmol/L,High
1102257,706277,6001,2025-10-17,32.17,mmHg,Normal
1102258,703170,6014,2022-08-09,4.45,g/dL,Normal
1102259,702023,6022,2022-10-29,53.77,mmHg,Normal
1102260,704651,6007,2022-11-03,23.75,g/dL,High
1102261,704432,6006,2022-09-13,20.54,U/L,Low
1102262,703787,6014,2025-02-25,41.0,mg/dL,Normal
1102263,706123,6019,2021-02-24,11.71,mg/dL,Normal
1102264,703115,6025,2021-12-14,28.95,mmol/L,Normal
1102265,702627,6013,2021-05-09,11.5,mmHg,Normal
1102266,702211,6017,2021-02-27,13.02,mmol/L,High
1102267,700529,6011,2021-11-14,26.78,%,Normal
1102268,702639,6014,2022-03-23,10.52,mg/dL,Normal
1102269,702973,6010,2022-11-24,20.06,%,Normal
1102270,700531,6026,2024-03-14,9.94,g/dL,Normal
1102271,704049,6023,2021-09-16,34.54,mmHg,Normal
1102272,702365,6017,2025-12-18,9.96,%,Low
1102273,701341,6023,2022-11-02,16.81,mmHg,Normal
1102274,701798,6011,2025-11-22,11.42,g/dL,High
1102275,705692,6021,2024-03-16,16.67,g/dL,Normal
1102276,703360,6020,2023-08-06,37.37,U/L,Normal
1102277,706375,6016,2025-06-01,14.49,g/dL,Normal
1102278,701799,6025,2025-12-29,6.53,g/dL,Normal
1102279,703822,6021,2021-05-07,22.37,mmHg,Low
1102280,702020,6013,2021-11-24,15.08,g/dL,Critical
1102281,704910,6013,2025-08-08,16.97,g/dL,Normal
1102282,701796,6021,2025-01-31,21.78,U/L,Low
1102283,704777,6019,2021-10-11,23.66,g/dL,Normal
1102284,702943,6004,2025-12-14,31.18,%,Normal
1102285,703830,6006,2022-09-20,52.84,mg/dL,High
1102286,702331,6010,2024-05-23,30.88,%,Normal
1102287,701343,6021,2023-04-29,12.62,mmol/L,High
1102288,704900,6015,2021-01-26,25.89,U/L,Normal
1102289,701941,6008,2021-04-05,31.84,%,Normal
1102290,702261,6005,2022-04-11,4.1,%,Low
1102291,703043,6018,2023-03-08,59.24,%,Normal
1102292,701461,6016,2025-12-18,11.8,mg/dL,Normal
1102293,701532,6003,2024-08-29,8.51,mmHg,Normal
1102294,704102,6005,2023-07-05,45.87,mmHg,Low
1102295,703438,6018,2021-03-16,112.74,mmol/L,Low
1102296,704314,6014,2021-07-31,6.63,mg/dL,High
1102297,702159,6020,2025-10-11,24.86,mmol/L,Normal
1102298,705961,6006,2025-06-25,23.98,%,Normal
1102299,702646,6017,2021-04-12,6.28,%,Normal
1102300,700025,6018,2023-12-13,15.62,mmol/L,Normal
1102301,702760,6004,2022-09-24,15.78,U/L,Normal
1102302,701678,6020,2022-05-31,20.8,g/dL,Normal
1102303,703660,6025,2025-09-23,18.69,mmHg,Low
1102304,703226,6025,2022-10-25,9.13,g/dL,Normal
1102305,705527,6019,2022-12-21,52.76,g/dL,Normal
1102306,704315,6006,2025-03-08,55.15,g/dL,Normal
1102307,706205,6016,2021-06-06,6.41,mmHg,Low
1102308,705967,6010,2023-01-06,5.35,g/dL,Normal
1102309,703933,6009,2024-10-27,30.12,mmol/L,Normal
1102310,700347,6022,2025-06-12,12.04,g/dL,High
1102311,700772,6020,2024-10-29,7.78,mmHg,High
1102312,701946,6023,2021-08-15,6.63,mmol/L,Normal
1102313,705917,6020,2022-02-25,36.16,%,High
1102314,705647,6013,2024-05-17,11.98,%,Normal
1102315,700831,6022,2023-08-23,55.31,mmol/L,Normal
1102316,705389,6003,2024-01-15,80.14,mg/dL,Low
1102317,703741,6008,2025-06-28,37.93,mmHg,High
1102318,704674,6019,2025-01-18,27.79,g/dL,Normal
1102319,706380,6012,2021-10-01,47.99,mmHg,Normal
1102320,703552,6019,2025-09-16,27.36,g/dL,Normal
1102321,704663,6005,2024-09-02,4.45,g/dL,Normal
1102322,700085,6020,2022-10-26,17.34,mmol/L,Normal
1102323,702987,6001,2022-11-08,9.31,U/L,Normal
1102324,703242,6005,2024-11-21,53.37,g/dL,Normal
1102325,704051,6015,2021-04-04,14.47,U/L,Normal
1102326,706138,6022,2024-06-18,42.44,mmol/L,High
1102327,705281,6026,2023-02-17,11.8,g/dL,Normal
1102328,702973,6018,2021-09-18,17.4,g/dL,Normal
1102329,703019,6010,2021-10-13,35.68,U/L,Normal
1102330,703072,6004,2023-09-19,10.06,U/L,Normal
1102331,700063,6009,2025-12-10,38.92,mmol/L,Normal
1102332,701057,6014,2025-02-21,10.78,%,Normal
1102333,700906,6009,2025-08-09,42.25,g/dL,Normal
1102334,700239,6022,2023-03-31,18.68,mmol/L,Normal
1102335,702185,6011,2021-08-24,22.75,U/L,Normal
1102336,706067,6019,2021-12-19,10.08,%,High
1102337,702594,6015,2023-11-08,12.49,mg/dL,Normal
1102338,700710,6014,2023-06-05,16.9,mmHg,Normal
1102339,706025,6007,2022-08-03,24.87,U/L,Normal
1102340,704677,6001,2025-05-01,12.31,%,Normal
1102341,700455,6014,2021-05-12,29.43,mmol/L,Low
1102342,700644,6026,2024-12-22,21.81,mmHg,Normal
1102343,700573,6024,2021-03-26,42.29,U/L,Normal
1102344,702920,6023,2023-10-07,6.38,mg/dL,High
1102345,703809,6012,2022-01-16,16.52,U/L,High
1102346,703870,6003,2024-03-12,24.16,g/dL,Critical
1102347,703708,6013,2023-01-11,27.41,g/dL,Normal
1102348,706227,6008,2022-06-02,19.87,%,Normal
1102349,701490,6018,2021-04-09,7.16,g/dL,Normal
1102350,702712,6009,2021-07-18,38.18,g/dL,Normal
1102351,702434,6006,2023-06-06,4.01,mg/dL,Normal
1102352,702429,6002,2022-03-02,15.51,%,Normal
1102353,700758,6002,2024-10-05,9.03,mmHg,Normal
1102354,706168,6012,2023-10-21,10.01,mmol/L,Normal
1102355,705701,6001,2021-04-06,11.87,U/L,Normal
1102356,703240,6019,2025-05-24,15.77,U/L,Normal
1102357,705239,6001,2024-02-11,27.76,mg/dL,Normal
1102358,705345,6019,2024-03-21,34.07,mg/dL,Normal
1102359,702475,6020,2021-06-17,22.4,mmHg,Normal
1102360,704926,6012,2024-03-05,47.18,mmol/L,Normal
1102361,702219,6022,2025-03-30,34.45,mg/dL,Normal
1102362,706184,6022,2024-05-02,42.33,mmHg,High
1102363,704319,6006,2021-08-10,15.14,mmHg,High
1102364,701309,6007,2023-08-11,16.85,mmHg,Normal
1102365,702754,6015,2024-07-04,27.7,mg/dL,Normal
1102366,701643,6020,2025-04-05,33.05,mmHg,Normal
1102367,703804,6007,2024-01-26,4.93,mmol/L,Normal
1102368,704296,6026,2022-07-26,44.63,mg/dL,High
1102369,705369,6012,2021-08-13,6.89,mmHg,Low
1102370,704802,6003,2022-07-02,40.4,U/L,Normal
1102371,705251,6009,2022-10-03,78.21,%,Normal
1102372,705978,6010,2025-07-27,29.32,mg/dL,Normal
1102373,706331,6016,2025-03-30,9.02,mmol/L,Normal
1102374,704702,6001,2023-11-08,54.94,mmHg,High
1102375,705660,6009,2025-07-22,36.49,mg/dL,Low
1102376,702260,6026,2023-11-19,98.79,U/L,Normal
1102377,704841,6014,2024-12-24,6.55,mg/dL,Normal
1102378,704587,6023,2022-08-31,33.21,g/dL,High
1102379,701669,6017,2022-12-22,35.55,U/L,High
1102380,701042,6004,2024-06-14,23.21,mmol/L,Normal
1102381,700141,6014,2025-03-17,10.57,mmol/L,Normal
1102382,701436,6023,2022-01-28,23.95,g/dL,Normal
1102383,704100,6012,2025-05-27,13.39,%,Normal
1102384,704864,6004,2024-02-18,35.22,g/dL,High
1102385,700304,6018,2025-05-29,37.31,g/dL,Normal
1102386,700540,6017,2022-05-11,11.54,g/dL,Normal
1102387,702807,6011,2023-12-25,23.74,mmHg,Normal
1102388,703622,6026,2023-08-24,12.5,mmHg,Low
1102389,704938,6003,2025-05-05,25.41,mmol/L,Low
1102390,702180,6012,2024-08-24,8.53,mg/dL,Low
1102391,704828,6021,2021-06-03,25.54,g/dL,Low
1102392,701184,6007,2024-01-13,28.88,mmol/L,Normal
1102393,703587,6020,2025-07-14,30.8,g/dL,Normal
1102394,701450,6010,2022-02-19,20.96,%,Normal
1102395,701482,6006,2023-06-27,21.01,mmHg,Low
1102396,705443,6020,2025-04-21,25.64,mmHg,High
1102397,700541,6019,2022-06-09,23.32,U/L,Normal
1102398,705117,6025,2023-09-04,10.37,U/L,High
1102399,700595,6001,2021-09-02,9.45,mmHg,Normal
1102400,703568,6025,2024-09-02,5.92,mmHg,High
1102401,702959,6026,2023-12-29,4.95,mg/dL,Normal
1102402,701735,6013,2023-01-01,18.06,g/dL,Normal
1102403,700887,6008,2024-08-18,6.3,%,Normal
1102404,705238,6002,2025-07-18,22.88,mg/dL,Normal
1102405,705932,6020,2025-01-17,19.54,%,Low
1102406,703321,6020,2023-09-24,57.99,mmol/L,Normal
1102407,700452,6025,2025-07-13,65.51,mg/dL,Low
1102408,701409,6007,2025-07-18,47.11,mmol/L,Low
1102409,702808,6007,2023-11-19,29.91,g/dL,High
1102410,700552,6023,2022-06-02,50.36,mg/dL,High
1102411,702721,6010,2025-07-09,11.7,mg/dL,Low
1102412,701908,6011,2023-09-03,40.39,mmol/L,Low
1102413,705141,6002,2021-03-19,12.14,mg/dL,High
1102414,702579,6013,2024-05-30,15.57,%,High
1102415,704302,6022,2022-10-22,18.14,mmHg,Low
1102416,702516,6025,2025-03-08,,mmHg,Normal
1102417,702880,6004,2024-01-02,15.86,mmHg,Normal
1102418,701624,6021,2022-06-15,24.71,mg/dL,Normal
1102419,701170,6024,2021-06-28,39.62,g/dL,High
1102420,706095,6006,2024-02-27,17.86,mmol/L,High
1102421,706147,6008,2024-09-25,19.44,mmHg,Normal
1102422,702563,6013,2021-05-19,49.11,mmHg,Normal
1102423,705456,6003,2022-01-18,36.45,mg/dL,Normal
1102424,701267,6001,2022-11-01,32.7,mmHg,Normal
1102425,704447,6005,2024-04-04,13.07,%,Normal
1102426,703746,6009,2021-05-13,13.54,mmHg,Normal
1102427,702570,6015,2022-09-04,11.18,mmHg,Low
1102428,703146,6009,2025-03-19,17.59,U/L,Normal
1102429,700446,6012,2024-12-07,14.62,%,Normal
1102430,705750,6023,2022-11-20,34.57,mmol/L,Normal
1102431,705755,6019,2024-07-22,35.19,mmol/L,Normal
1102432,705185,6004,2021-06-13,3.49,mmHg,Normal
1102433,705046,6022,2023-03-05,40.29,%,Normal
1102434,706170,6005,2022-01-05,7.59,g/dL,Normal
1102435,701785,6007,2022-10-19,99.87,%,Low
1102436,704980,6005,2021-10-31,7.92,mmol/L,Normal
1102437,706293,6002,2023-01-02,11.96,mg/dL,Normal
1102438,701788,6015,2024-08-02,60.59,%,Low
1102439,700236,6012,2023-08-06,40.29,%,High
1102440,705527,6022,2025-12-06,22.59,%,High
1102441,700559,6014,2024-08-14,77.14,g/dL,Normal
1102442,701456,6009,2025-07-17,20.43,%,Normal
1102443,701619,6007,2022-01-07,35.44,g/dL,High
1102444,706478,6024,2021-01-22,26.86,%,Normal
1102445,704704,6015,2022-06-23,32.93,%,Normal
1102446,704754,6013,2025-02-25,46.86,U/L,Normal
1102447,700898,6012,2023-03-03,28.23,%,Normal
1102448,706088,6018,2022-03-01,72.54,mmHg,High
1102449,704943,6004,2025-02-26,22.49,%,Normal
1102450,706237,6008,2025-10-30,22.91,%,Normal
1102451,703934,6021,2025-08-05,22.83,U/L,Critical
1102452,702665,6011,2025-05-02,23.64,mmHg,Normal
1102453,704961,6020,2025-04-22,17.82,%,High
1102454,701735,6026,2024-05-25,34.1,mmHg,Normal
1102455,702647,6025,2022-06-22,20.3,g/dL,High
1102456,701010,6015,2023-08-30,33.93,mg/dL,Normal
1102457,704442,6008,2021-02-19,12.98,mg/dL,Normal
1102458,704466,6009,2021-01-18,45.35,g/dL,Normal
1102459,706302,6021,2023-08-13,13.76,mmHg,High
1102460,700479,6013,2021-12-16,16.55,g/dL,High
1102461,703113,6016,2023-03-04,21.79,g/dL,High
1102462,703606,6005,2024-06-07,16.71,g/dL,Normal
1102463,705031,6001,2022-06-12,15.26,mmol/L,Normal
1102464,705655,6015,2023-05-15,31.72,U/L,High
1102465,702360,6022,2025-02-28,9.26,U/L,Normal
1102466,705786,6025,2023-09-12,40.56,U/L,High
1102467,705453,6008,2024-01-03,16.29,g/dL,Low
1102468,701625,6019,2023-01-29,79.47,mmol/L,Normal
1102469,705012,6023,2021-11-23,41.5,mmHg,Low
1102470,706264,6023,2023-04-28,13.67,g/dL,Low
1102471,700438,6002,2022-02-12,10.47,U/L,High
1102472,700380,6011,2021-08-24,9.99,mg/dL,Normal
1102473,704871,6011,2022-07-06,10.65,mmHg,Normal
1102474,703585,6002,2021-01-03,29.6,g/dL,Low
1102475,700772,6002,2021-04-07,29.55,mg/dL,Normal
1102476,701900,6019,2024-04-05,83.13,mmHg,High
1102477,701694,6022,2022-03-17,15.28,g/dL,Low
1102478,705243,6015,2022-06-22,7.04,%,Normal
1102479,706371,6024,2025-10-27,12.39,%,Normal
1102480,706175,6011,2024-10-06,25.32,g/dL,Normal
1102481,703666,6022,2021-08-25,17.01,mmol/L,Low
1102482,702836,6002,2021-03-18,41.77,%,Normal
1102483,705726,6021,2024-08-09,26.75,mg/dL,High
1102484,704664,6012,2022-08-30,28.05,%,Low
1102485,703163,6003,2025-02-11,10.33,mg/dL,High
1102486,701301,6012,2021-07-05,22.98,mmHg,High
1102487,702763,6020,2022-01-05,21.81,g/dL,Normal
1102488,706142,6002,2022-05-14,19.89,mmHg,Normal
1102489,700996,6001,2022-08-25,39.02,U/L,Normal
1102490,701153,6024,2021-06-12,8.24,mg/dL,Normal
1102491,703564,6003,2024-08-24,22.77,U/L,Normal
1102492,704993,6019,2025-08-07,19.31,mmol/L,Normal
1102493,705441,6012,2022-04-15,9.07,mmHg,Normal
1102494,702103,6024,2023-04-23,3.8,g/dL,Normal
1102495,702030,6001,2024-05-20,21.38,mg/dL,High
1102496,700126,6014,2025-06-22,26.34,%,Normal
1102497,700426,6023,2025-08-19,35.51,%,Normal
1102498,704614,6001,2024-03-20,37.16,%,Low
1102499,704945,6017,2022-04-06,33.26,U/L,Normal
1102500,701341,6005,2025-04-22,10.22,mg/dL,Low
1102501,705076,6007,2022-04-03,27.61,g/dL,Normal
1102502,703070,6025,2024-02-17,12.02,mg/dL,Normal
1102503,701144,6022,2025-01-07,31.33,U/L,High
1102504,702697,6025,2025-08-27,43.54,%,Normal
1102505,701760,6006,2023-03-07,20.91,g/dL,Normal
1102506,702266,6017,2025-01-11,10.64,%,Normal
1102507,700154,6005,2022-05-20,18.7,U/L,Normal
1102508,702616,6010,2021-04-28,20.07,%,Normal
1102509,705965,6022,2021-09-06,27.84,U/L,Normal
1102510,702562,6012,2021-08-13,10.43,mg/dL,Normal
1102511,702919,6009,2025-11-07,24.12,U/L,Critical
1102512,703053,6008,2021-10-28,8.15,mmHg,Normal
1102513,703805,6021,2025-12-23,7.41,g/dL,Normal
1102514,702942,6022,2024-11-16,20.26,g/dL,Normal
1102515,700141,6019,2025-03-19,182.5,mg/dL,Normal
1102516,706369,6014,2021-01-02,13.93,mmHg,Normal
1102517,704805,6009,2022-04-25,13.76,mg/dL,Normal
1102518,701349,6001,2022-06-08,9.1,U/L,Low
1102519,702101,6017,2024-02-05,17.85,mg/dL,Low
1102520,701291,6007,2023-03-21,9.12,mmHg,Low
1102521,700238,6006,2025-10-08,63.18,mmHg,Normal
1102522,704018,6023,2025-01-04,26.47,%,Normal
1102523,702021,6012,2023-02-26,59.6,%,Normal
1102524,705509,6019,2021-01-16,17.96,%,Normal
1102525,701978,6024,2023-03-28,15.29,mmHg,Normal
1102526,701556,6018,2024-10-17,15.07,mg/dL,High
1102527,700903,6007,2021-09-27,30.43,mmHg,High
1102528,702648,6015,2024-04-17,26.46,mmol/L,Normal
1102529,701885,6018,2024-08-07,7.06,mmHg,Normal
1102530,701298,6021,2022-09-24,14.37,mg/dL,Normal
1102531,705844,6025,2024-01-23,23.85,%,Normal
1102532,706300,6019,2024-02-18,14.37,mmHg,Normal
1102533,700230,6010,2024-01-18,11.51,g/dL,Normal
1102534,702570,6011,2022-01-27,9.73,U/L,Low
1102535,702157,6003,2021-05-10,15.17,%,Low
1102536,702211,6010,2021-01-24,55.28,mmol/L,Normal
1102537,706042,6004,2021-04-23,11.92,mg/dL,Normal
1102538,705110,6014,2025-01-13,11.12,%,High
1102539,702104,6011,2022-03-07,21.06,U/L,Normal
1102540,705091,6006,2024-09-04,21.78,g/dL,Normal
1102541,705114,6020,2021-06-28,14.46,U/L,High
1102542,700384,6010,2022-01-31,25.82,U/L,Normal
1102543,702309,6009,2023-05-27,31.36,%,Normal
1102544,704408,6010,2024-10-28,18.24,%,Normal
1102545,703601,6016,2025-05-05,23.36,g/dL,Normal
1102546,705682,6013,2023-10-29,17.11,%,Normal
1102547,700994,6021,2022-10-28,14.6,%,Normal
1102548,700966,6002,2024-06-08,18.56,g/dL,Normal
1102549,701670,6014,2023-01-29,26.47,mmHg,High
1102550,701609,6008,2023-05-20,67.4,mg/dL,Normal
1102551,700129,6010,2021-08-08,38.3,mmHg,Normal
1102552,702175,6017,2022-06-02,12.85,mmol/L,High
1102553,701301,6025,2022-03-06,49.53,U/L,Normal
1102554,702438,6004,2023-11-28,14.24,g/dL,Normal
1102555,704863,6003,2024-01-01,19.96,mg/dL,Normal
1102556,705640,6025,2025-05-15,4.49,U/L,High
1102557,702866,6019,2022-05-28,35.25,U/L,Normal
1102558,703699,6009,2024-03-18,32.29,mg/dL,Low
1102559,702893,6021,2022-10-07,27.65,U/L,High
1102560,705613,6010,2021-02-07,45.28,%,Normal
1102561,702938,6003,2023-02-10,29.3,g/dL,Normal
1102562,704216,6018,2024-11-24,48.6,g/dL,Normal
1102563,700091,6018,2023-07-13,42.33,U/L,Normal
1102564,700210,6021,2024-09-26,11.14,mmHg,Normal
1102565,704349,6001,2023-05-05,12.17,mg/dL,Normal
1102566,705976,6007,2025-03-14,22.51,g/dL,Normal
1102567,706034,6013,2022-12-12,6.37,mmHg,Critical
1102568,703312,6026,2023-03-31,48.73,mmol/L,Normal
1102569,705552,6004,2023-02-20,20.5,mmHg,Normal
1102570,706325,6023,2021-10-28,14.76,mmHg,Normal
1102571,703829,6014,2022-05-20,67.35,mg/dL,Normal
1102572,700550,6013,2021-02-23,51.52,mmHg,High
1102573,703940,6018,2022-04-05,20.01,g/dL,High
1102574,704084,6004,2021-02-13,44.12,mg/dL,Normal
1102575,704048,6022,2022-02-25,26.49,mmHg,Low
1102576,705569,6013,2021-10-18,51.75,mmHg,High
1102577,701101,6001,2025-08-08,23.67,%,Normal
1102578,701322,6019,2025-05-04,44.93,%,Normal
1102579,700298,6012,2021-08-14,31.95,mmol/L,Normal
1102580,700759,6020,2025-11-05,59.9,mmol/L,Normal
1102581,700207,6009,2022-08-11,21.12,mg/dL,High
1102582,700400,6001,2022-07-16,35.73,mg/dL,Normal
1102583,704246,6001,2022-11-26,16.58,mmHg,Normal
1102584,702289,6001,2021-01-06,11.08,mmHg,Low
1102585,704445,6019,2024-08-05,20.59,g/dL,Normal
1102586,702747,6018,2025-05-24,7.27,mmHg,Normal
1102587,701679,6007,2025-01-25,17.1,%,Normal
1102588,701996,6017,2024-09-02,22.87,mmol/L,Low
1102589,703743,6015,2025-04-27,61.88,%,Normal
1102590,703701,6007,2024-07-19,24.83,mmHg,Normal
1102591,705900,6007,2023-04-09,7.46,%,Normal
1102592,701580,6017,2021-04-03,7.56,mg/dL,Normal
1102593,701264,6007,2021-06-02,18.22,mmHg,Normal
1102594,702482,6011,2021-09-21,11.76,mg/dL,Low
1102595,702046,6020,2021-12-21,10.11,mg/dL,High
1102596,703630,6007,2022-11-18,49.7,U/L,Normal
1102597,702258,6002,2023-09-20,22.61,mmol/L,Normal
1102598,700498,6025,2024-09-09,55.93,mg/dL,Normal
1102599,706208,6016,2021-02-15,36.12,mmol/L,High
1102600,701526,6024,2021-08-12,10.05,mmHg,Normal
1102601,704361,6009,2025-05-12,20.17,U/L,Low
1102602,702947,6024,2025-02-10,27.66,mmol/L,Normal
1102603,701469,6015,2025-04-21,7.08,%,Normal
1102604,702341,6011,2021-08-20,8.62,mmHg,Low
1102605,705945,6024,2023-12-28,22.69,mg/dL,Normal
1102606,704742,6016,2022-06-16,23.61,mmHg,Normal
1102607,702561,6013,2023-11-15,17.96,mmHg,High
1102608,704700,6016,2022-10-10,11.98,U/L,Low
1102609,700782,6004,2024-04-26,5.95,mg/dL,Normal
1102610,703260,6015,2024-02-14,8.23,mmol/L,Normal
1102611,706458,6004,2023-12-15,10.65,mg/dL,Normal
1102612,701003,6005,2025-07-15,32.76,%,Normal
1102613,703036,6014,2023-08-13,4.03,mmHg,Normal
1102614,704243,6017,2023-11-15,28.17,U/L,Low
1102615,702899,6015,2021-03-09,17.98,mg/dL,Normal
1102616,703988,6018,2024-04-12,6.99,g/dL,Normal
1102617,701041,6005,2024-10-17,14.46,mg/dL,Normal
1102618,703607,6020,2022-12-12,5.49,%,Normal
1102619,705699,6018,2022-02-13,30.61,U/L,High
1102620,704844,6017,2024-11-19,42.85,mmHg,Low
1102621,703586,6020,2022-04-25,14.51,U/L,Normal
1102622,700714,6021,2022-02-16,19.67,mg/dL,Normal
1102623,703032,6014,2024-04-17,21.22,%,Low
1102624,703013,6001,2025-11-29,15.83,mg/dL,High
1102625,702079,6001,2024-06-29,31.21,U/L,Normal
1102626,702488,6012,2022-05-05,5.29,mmHg,High
1102627,703151,6001,2023-01-21,93.81,mg/dL,Normal
1102628,703786,6025,2021-12-11,6.78,mmol/L,Normal
1102629,703734,6020,2021-07-31,99.2,mmol/L,Normal
1102630,706375,6004,2022-01-17,14.8,mg/dL,Critical
1102631,705885,6011,2023-05-06,35.44,mmHg,Normal
1102632,702804,6010,2025-05-11,16.78,U/L,Normal
1102633,702667,6008,2023-05-31,38.06,U/L,Normal
1102634,706474,6008,2025-08-29,10.43,U/L,Normal
1102635,702973,6010,2021-03-05,35.03,U/L,Normal
1102636,703693,6013,2021-05-20,48.71,%,Normal
1102637,702450,6013,2021-08-17,49.7,mg/dL,Normal
1102638,704215,6021,2021-03-12,19.68,mg/dL,Normal
1102639,705366,6006,2024-04-30,6.2,%,Low
1102640,705135,6006,2022-02-17,14.14,mmHg,Normal
1102641,701678,6019,2024-06-02,13.38,%,Normal
1102642,702528,6008,2023-03-17,13.35,mmHg,High
1102643,701951,6026,2021-05-04,17.28,g/dL,Normal
1102644,702021,6008,2025-02-25,23.04,g/dL,Low
1102645,700996,6012,2021-06-06,59.5,g/dL,Normal
1102646,704187,6012,2023-04-28,12.15,U/L,Normal
1102647,705874,6010,2021-01-15,26.17,mg/dL,Low
1102648,700641,6007,2022-07-31,6.46,%,Normal
1102649,704855,6019,2022-06-16,30.22,mg/dL,Normal
1102650,702331,6007,2025-10-08,23.38,mmHg,Normal
1102651,703838,6002,2023-05-16,26.4,g/dL,Normal
1102652,703986,6006,2024-02-14,14.56,mg/dL,Normal
1102653,703072,6002,2021-01-25,34.78,U/L,High
1102654,705581,6005,2024-01-01,7.95,mg/dL,Normal
1102655,705860,6016,2022-04-01,29.29,mg/dL,Normal
1102656,705995,6007,2021-09-11,15.07,g/dL,Normal
1102657,703312,6015,2025-06-25,16.36,g/dL,Normal
1102658,702606,6016,2021-11-22,10.99,mmHg,Normal
1102659,700370,6012,2023-01-16,16.15,mmHg,Normal
1102660,702007,6010,2021-02-20,15.52,mmHg,Normal
1102661,704732,6006,2023-10-16,22.82,U/L,Critical
1102662,702763,6006,2022-04-25,24.52,mg/dL,Normal
1102663,704602,6013,2022-04-02,21.22,mmHg,Normal
1102664,701085,6013,2024-01-22,15.54,g/dL,Normal
1102665,706039,6012,2025-10-10,44.31,%,High
1102666,706333,6001,2025-08-26,44.97,U/L,Normal
1102667,703713,6016,2024-05-22,28.3,mmol/L,Normal
1102668,701465,6014,2025-02-19,24.67,%,Normal
1102669,700189,6025,2025-08-16,21.78,g/dL,Normal
1102670,702167,6024,2021-10-18,29.15,mg/dL,Normal
1102671,702834,6022,2023-07-21,57.58,U/L,High
1102672,700886,6004,2024-07-17,12.03,%,Low
1102673,703995,6001,2022-08-25,39.07,mg/dL,Normal
1102674,702987,6005,2021-04-03,11.12,g/dL,Low
1102675,702928,6026,2025-01-18,15.21,U/L,Low
1102676,703497,6016,2021-10-04,27.46,mg/dL,Normal
1102677,703921,6010,2021-09-08,22.67,g/dL,Normal
1102678,700574,6014,2024-02-20,19.19,g/dL,High
1102679,705110,6001,2021-05-15,10.79,mmHg,Normal
1102680,703845,6008,2023-11-02,29.47,mg/dL,Normal
1102681,706131,6022,2023-03-05,15.59,g/dL,Normal
1102682,702711,6008,2025-12-24,4.64,g/dL,Normal
1102683,704784,6005,2022-10-04,54.79,U/L,Normal
1102684,701995,6013,2025-02-27,6.85,mg/dL,Normal
1102685,705426,6024,2022-10-07,18.89,g/dL,Normal
1102686,705392,6020,2023-08-08,13.46,g/dL,Normal
1102687,706281,6015,2021-01-10,32.2,%,High
1102688,702638,6012,2023-02-21,13.04,%,Normal
1102689,703113,6021,2023-04-03,12.74,mmol/L,Normal
1102690,704643,6020,2023-07-30,19.95,%,Normal
1102691,704232,6008,2022-07-14,51.31,g/dL,Low
1102692,702314,6019,2025-04-21,41.12,U/L,Low
1102693,700328,6009,2025-11-30,22.53,mmHg,Normal
1102694,704271,6009,2021-10-15,28.38,%,Normal
1102695,705135,6023,2023-01-16,40.01,g/dL,Normal
1102696,701104,6013,2024-05-22,40.22,mmHg,Normal
1102697,704116,6010,2022-07-14,17.9,mg/dL,High
1102698,700292,6023,2024-09-25,29.3,U/L,Low
1102699,703907,6009,2021-08-20,6.18,g/dL,Normal
1102700,706447,6017,2025-12-10,50.21,%,Normal
1102701,705607,6014,2021-12-01,11.49,mmHg,High
1102702,706205,6005,2025-04-02,33.52,U/L,Normal
1102703,702892,6012,2021-01-19,9.05,g/dL,Normal
1102704,701204,6002,2023-01-18,37.11,U/L,Normal
1102705,700016,6020,2025-07-27,27.69,mmHg,High
1102706,702439,6008,2024-09-20,13.75,U/L,Normal
1102707,702338,6001,2021-07-06,19.43,mmol/L,Normal
1102708,701497,6015,2022-01-27,16.76,mg/dL,Normal
1102709,703633,6021,2024-09-01,18.34,%,Normal
1102710,703825,6003,2021-03-18,19.97,%,Normal
1102711,701333,6017,2024-11-12,22.28,mmHg,High
1102712,704252,6025,2023-07-12,26.75,mg/dL,Normal
1102713,703949,6001,2023-09-04,29.18,U/L,Normal
1102714,702973,6021,2024-02-27,29.82,mmol/L,Normal
1102715,704610,6009,2023-02-26,24.73,mmHg,Low
1102716,702775,6012,2024-02-04,5.92,U/L,Normal
1102717,700373,6024,2024-08-08,83.49,U/L,Normal
1102718,705893,6006,2023-06-20,17.71,mmol/L,Critical
1102719,701638,6008,2022-11-13,25.75,U/L,High
1102720,701007,6017,2021-06-20,12.93,mmHg,Normal
1102721,705499,6020,2025-09-26,33.31,mmHg,Low
1102722,704733,6019,2023-11-15,39.84,U/L,Low
1102723,705477,6001,2023-07-09,91.95,U/L,High
1102724,705803,6003,2025-07-19,51.79,mg/dL,Normal
1102725,702143,6011,2021-11-04,9.45,g/dL,High
1102726,702905,6009,2021-05-04,44.02,U/L,Normal
1102727,703963,6006,2022-01-14,5.98,g/dL,Normal
1102728,700853,6014,2025-04-13,28.84,mg/dL,Normal
1102729,703468,6022,2025-04-29,44.63,mg/dL,Normal
1102730,704623,6010,2023-02-13,65.25,g/dL,Normal
1102731,702458,6014,2022-04-07,9.49,%,Normal
1102732,705944,6009,2021-06-25,22.94,mmHg,High
1102733,701114,6016,2023-01-13,122.05,g/dL,Normal
1102734,701686,6011,2024-11-19,15.31,mmHg,Normal
1102735,702932,6021,2024-08-13,46.29,mmHg,Normal
1102736,703000,6021,2022-11-12,4.53,mmol/L,Low
1102737,703231,6021,2023-11-24,20.43,g/dL,Normal
1102738,700054,6001,2023-06-21,24.79,mg/dL,Normal
1102739,705965,6001,2023-12-22,16.19,mmHg,Normal
1102740,702218,6007,2024-05-09,37.17,g/dL,High
1102741,701994,6011,2021-09-16,6.55,%,Normal
1102742,701120,6007,2021-08-27,40.66,%,Normal
1102743,701327,6012,2023-07-26,154.66,mg/dL,Low
1102744,703919,6026,2021-09-04,20.96,U/L,Low
1102745,704947,6012,2023-03-28,14.57,%,Low
1102746,702339,6019,2025-07-04,6.72,g/dL,Normal
1102747,705203,6016,2024-05-14,20.85,%,Normal
1102748,701951,6025,2023-06-05,8.79,U/L,Normal
1102749,703939,6008,2023-12-29,9.41,mg/dL,Normal
1102750,705102,6013,2024-07-23,21.73,mmHg,High
1102751,702501,6012,2025-05-21,30.31,g/dL,Normal
1102752,704631,6012,2025-12-04,5.66,U/L,Normal
1102753,700005,6024,2021-12-08,10.96,mg/dL,Normal
1102754,703237,6021,2024-06-15,30.32,mmol/L,Normal
1102755,704608,6025,2025-03-02,19.51,g/dL,Low
1102756,701357,6007,2025-05-15,77.66,mmol/L,Normal
1102757,701723,6020,2025-09-12,7.23,mg/dL,Normal
1102758,705378,6014,2025-10-12,15.94,g/dL,Normal
1102759,705239,6012,2021-05-17,16.38,g/dL,Normal
1102760,704856,6021,2024-05-20,3.5,U/L,Normal
1102761,705517,6019,2021-12-19,34.65,mmol/L,Normal
1102762,704564,6013,2024-02-28,7.72,g/dL,Low
1102763,704926,6019,2024-12-16,22.39,g/dL,Normal
1102764,704690,6006,2022-06-07,46.15,U/L,Normal
1102765,705501,6023,2025-09-27,22.43,U/L,Normal
1102766,702351,6015,2021-07-31,16.39,mg/dL,High
1102767,703886,6018,2025-12-27,52.25,g/dL,Normal
1102768,702527,6006,2024-08-05,13.76,mmol/L,Normal
1102769,704749,6011,2022-01-02,23.76,mmol/L,Normal
1102770,702022,6012,2021-10-09,19.78,U/L,Normal
1102771,705942,6007,2023-06-19,4.97,U/L,Critical
1102772,702497,6024,2024-07-29,23.73,mmHg,High
1102773,700933,6020,2025-03-30,19.84,g/dL,Normal
1102774,703931,6002,2022-02-14,9.73,g/dL,Normal
1102775,703814,6019,2025-01-14,51.28,g/dL,High
1102776,703390,6025,2023-04-29,39.01,mmol/L,Normal
1102777,701140,6014,2022-07-14,19.17,g/dL,Normal
1102778,702260,6020,2023-11-03,38.87,mmHg,Normal
1102779,704771,6015,2024-01-26,24.29,mg/dL,Normal
1102780,702453,6017,2021-08-05,45.27,mmol/L,Normal
1102781,700025,6003,2025-08-28,17.82,g/dL,Normal
1102782,701156,6017,2022-04-02,24.17,g/dL,Normal
1102783,704565,6014,2024-07-06,21.69,mg/dL,Normal
1102784,700955,6006,2024-02-15,23.6,%,Normal
1102785,705183,6013,2025-07-12,6.31,mmol/L,Normal
1102786,703825,6015,2025-07-02,12.57,mmHg,High
1102787,702328,6022,2022-11-02,14.64,%,High
1102788,702677,6004,2023-05-09,25.21,U/L,Normal
1102789,704461,6014,2023-09-21,11.5,g/dL,Normal
1102790,701825,6023,2022-04-06,22.26,%,Normal
1102791,701582,6024,2025-08-10,36.36,U/L,High
1102792,704119,6015,2023-11-25,13.89,mmHg,Normal
1102793,702892,6026,2024-12-03,12.42,mmol/L,Critical
1102794,701487,6018,2021-09-04,5.62,%,High
1102795,705015,6005,2024-02-03,17.44,mmHg,High
1102796,703945,6015,2023-08-12,97.57,mmHg,Normal
1102797,701930,6002,2024-08-18,18.48,g/dL,Normal
1102798,705725,6006,2023-12-05,21.73,g/dL,Normal
1102799,705005,6025,2025-05-05,36.86,g/dL,Normal
1102800,701717,6020,2023-04-02,13.37,mmHg,Normal
1102801,701266,6020,2024-12-06,9.84,%,Normal
1102802,702301,6002,2025-11-05,9.56,U/L,Normal
1102803,703167,6011,2022-01-08,26.2,mmHg,Normal
1102804,701383,6011,2023-03-16,24.9,mmol/L,Normal
1102805,704409,6005,2021-01-08,18.32,g/dL,High
1102806,703567,6018,2024-10-25,19.59,mmHg,Normal
1102807,700272,6018,2025-04-21,17.16,mmHg,High
1102808,703696,6002,2024-01-30,85.17,U/L,High
1102809,702102,6006,2024-04-27,58.4,%,Normal
1102810,704971,6024,2025-01-11,30.49,mmol/L,Normal
1102811,701151,6021,2022-04-13,9.93,mmHg,High
1102812,706190,6015,2021-06-23,65.81,mmHg,Normal
1102813,700413,6022,2024-05-07,8.4,g/dL,Normal
1102814,703474,6009,2022-07-16,54.01,mmol/L,Normal
1102815,705486,6006,2021-10-14,23.49,U/L,Low
1102816,703360,6016,2021-08-03,49.56,%,Normal
1102817,703001,6007,2022-09-01,21.12,%,Normal
1102818,705880,6004,2024-06-24,76.62,g/dL,High
1102819,705482,6016,2024-05-25,10.44,mmHg,Normal
1102820,700803,6014,2021-09-28,11.19,%,Normal
1102821,704842,6018,2021-12-12,55.69,U/L,Normal
1102822,701408,6026,2022-01-07,14.29,mmHg,Normal
1102823,703998,6003,2024-04-23,77.99,mg/dL,Normal
1102824,705742,6016,2025-09-17,6.27,mg/dL,Normal
1102825,703282,6021,2023-02-26,4.73,g/dL,Normal
1102826,706188,6013,2025-01-31,10.63,mmHg,High
1102827,702618,6025,2023-03-22,16.25,mmol/L,Normal
1102828,704765,6006,2023-04-09,89.61,%,Normal
1102829,704461,6014,2022-06-10,8.95,mg/dL,High
1102830,704964,6007,2025-10-25,61.72,g/dL,Normal
1102831,703766,6022,2025-03-27,13.93,U/L,Normal
1102832,700223,6005,2023-04-12,4.42,g/dL,Normal
1102833,703463,6019,2022-01-24,17.81,%,Normal
1102834,701460,6022,2025-10-31,60.55,%,Low
1102835,703400,6025,2025-04-01,25.71,g/dL,Normal
1102836,700067,6004,2024-06-02,35.23,mg/dL,Normal
1102837,702070,6009,2021-05-24,28.06,%,Normal
1102838,706101,6012,2025-02-21,10.01,mmHg,Normal
1102839,705413,6014,2022-10-09,12.91,%,Normal
1102840,706456,6002,2024-02-04,12.97,mmol/L,Critical
1102841,700212,6009,2025-04-20,28.11,mg/dL,Normal
1102842,705075,6025,2021-09-11,52.65,g/dL,Normal
1102843,703251,6002,2024-10-11,24.27,g/dL,Normal
1102844,706204,6001,2022-05-09,8.31,g/dL,Normal
1102845,701106,6025,2024-06-24,82.71,mmHg,Normal
1102846,705760,6024,2021-12-03,14.9,%,Normal
1102847,700222,6008,2022-09-04,10.11,U/L,Normal
1102848,704234,6008,2024-06-04,24.63,%,Normal
1102849,704349,6016,2025-01-28,38.54,%,Critical
1102850,703035,6023,2025-02-21,20.02,mmol/L,Normal
1102851,700750,6018,2025-06-07,69.81,%,Low
1102852,702689,6007,2024-04-02,16.48,U/L,Normal
1102853,704926,6014,2024-06-24,27.81,mmol/L,Low
1102854,704491,6011,2023-09-10,32.22,g/dL,Normal
1102855,701987,6017,2023-08-31,6.28,U/L,Normal
1102856,705636,6011,2024-10-14,14.0,mg/dL,Low
1102857,701816,6004,2025-11-01,55.66,mg/dL,Normal
1102858,700971,6011,2022-09-19,9.7,mmol/L,High
1102859,701697,6003,2024-06-08,8.29,g/dL,Normal
1102860,702235,6005,2021-03-03,10.09,mmol/L,High
1102861,704825,6005,2025-12-22,11.63,U/L,Normal
1102862,700095,6009,2022-11-07,27.09,mmol/L,Critical
1102863,700333,6007,2023-04-14,31.93,%,High
1102864,701962,6007,2024-03-23,31.74,mmol/L,Normal
1102865,704812,6017,2024-11-24,23.74,mmHg,Normal
1102866,703148,6003,2023-01-12,24.47,%,Normal
1102867,705558,6012,2024-02-07,30.39,mg/dL,Normal
1102868,705892,6023,2025-12-07,46.06,mmol/L,Normal
1102869,705957,6019,2021-04-20,61.01,%,Normal
1102870,705042,6009,2023-05-25,12.4,mmol/L,Normal
1102871,702097,6013,2025-06-26,14.21,mg/dL,Normal
1102872,702757,6026,2021-09-09,47.63,%,Normal
1102873,704331,6015,2025-09-09,21.56,U/L,Normal
1102874,704765,6020,2021-03-13,10.45,U/L,Normal
1102875,701540,6013,2025-04-12,6.16,%,Normal
1102876,704138,6025,2024-11-10,24.23,%,High
1102877,703686,6005,2022-12-25,89.02,mmol/L,Low
1102878,702321,6025,2024-10-18,138.3,g/dL,Low
1102879,704311,6010,2024-06-15,76.21,mmol/L,Normal
1102880,702762,6012,2022-11-29,16.64,mg/dL,Normal
1102881,702146,6025,2023-03-25,12.4,mg/dL,Normal
1102882,702721,6016,2024-01-17,30.13,U/L,Low
1102883,700732,6012,2024-01-23,34.66,g/dL,Normal
1102884,704589,6001,2024-06-09,32.94,mg/dL,Normal
1102885,704501,6001,2021-02-02,18.02,g/dL,Low
1102886,702719,6003,2022-11-03,13.03,U/L,Critical
1102887,702220,6017,2021-01-31,5.77,mmHg,Normal
1102888,705085,6018,2022-12-26,10.1,%,Normal
1102889,703827,6009,2024-02-21,15.1,mmHg,Normal
1102890,701592,6019,2025-11-12,33.55,mmol/L,Normal
1102891,702296,6024,2024-01-28,15.1,g/dL,Normal
1102892,705940,6007,2024-01-02,8.87,U/L,Low
1102893,702731,6011,2024-12-03,66.52,%,Low
1102894,701798,6003,2022-07-12,16.3,mmol/L,Low
1102895,702634,6010,2022-01-17,60.07,mmHg,Normal
1102896,702987,6012,2023-11-21,,g/dL,Normal
1102897,702656,6001,2022-09-13,29.55,mmol/L,Normal
1102898,704322,6008,2023-09-24,9.9,g/dL,Normal
1102899,702707,6016,2025-08-06,13.69,U/L,Normal
1102900,701438,6015,2022-03-04,12.75,%,Normal
1102901,704008,6001,2021-12-19,14.64,%,High
1102902,700107,6024,2021-07-22,13.97,g/dL,High
1102903,700991,6012,2021-05-21,10.02,%,High
1102904,706203,6026,2022-07-17,18.34,%,Normal
1102905,705065,6019,2023-02-23,17.72,U/L,Normal
1102906,705864,6005,2024-12-09,25.05,mmol/L,Low
1102907,700846,6014,2023-07-03,,U/L,Normal
1102908,700091,6007,2021-02-20,15.32,g/dL,Normal
1102909,706495,6004,2025-05-13,35.42,g/dL,Low
1102910,705647,6016,2025-10-06,16.36,mmHg,Normal
1102911,700732,6025,2023-03-08,13.62,mmol/L,Normal
1102912,705506,6006,2021-03-12,26.43,mg/dL,Normal
1102913,700037,6017,2025-09-26,22.14,g/dL,Critical
1102914,701647,6024,2024-03-06,14.19,mg/dL,Normal
1102915,705756,6001,2022-04-28,19.44,mmHg,Normal
1102916,703551,6023,2022-09-26,7.51,mmol/L,Normal
1102917,705607,6014,2023-03-31,5.51,g/dL,Normal
1102918,700214,6013,2021-02-06,24.12,g/dL,Normal
1102919,702762,6022,2023-02-13,34.84,mg/dL,High
1102920,705972,6017,2024-02-17,39.32,g/dL,Normal
1102921,700098,6005,2024-07-02,16.63,mmol/L,Normal
1102922,703655,6011,2021-12-16,9.61,mg/dL,Normal
1102923,706471,6005,2023-04-15,18.59,%,High
1102924,705182,6005,2025-04-01,28.85,mmHg,High
1102925,706083,6023,2021-08-02,18.22,mmHg,Normal
1102926,703159,6006,2023-02-21,10.21,g/dL,Normal
1102927,704317,6003,2022-08-10,33.04,mmol/L,Normal
1102928,702237,6002,2025-01-25,17.82,mg/dL,Normal
1102929,700270,6006,2022-12-01,43.91,g/dL,Normal
1102930,701777,6008,2021-11-08,20.36,mmol/L,Normal
1102931,701146,6023,2021-02-18,14.89,mg/dL,Normal
1102932,704648,6017,2024-07-31,8.6,mmol/L,Normal
1102933,702576,6005,2025-07-21,24.56,U/L,Normal
1102934,701138,6008,2025-09-16,25.13,U/L,Normal
1102935,705813,6010,2021-07-30,18.45,mg/dL,Low
1102936,705449,6026,2024-11-24,54.9,mmol/L,Normal
1102937,704846,6016,2023-11-25,14.27,U/L,Normal
1102938,701896,6023,2021-11-20,30.37,g/dL,Low
1102939,705549,6003,2021-11-01,24.54,U/L,Normal
1102940,700241,6023,2023-10-09,11.16,g/dL,Normal
1102941,705849,6022,2021-10-31,37.6,g/dL,Normal
1102942,701535,6026,2024-07-05,12.14,U/L,High
1102943,701968,6002,2023-08-02,9.42,mg/dL,Normal
1102944,701964,6026,2021-02-12,19.59,U/L,Low
1102945,703521,6012,2023-05-23,80.08,mg/dL,High
1102946,702552,6020,2022-12-14,17.93,g/dL,Critical
1102947,702712,6018,2024-03-23,40.38,mmol/L,Normal
1102948,702759,6022,2024-06-17,24.61,mmHg,Normal
1102949,703294,6022,2024-06-14,13.33,mmHg,Normal
1102950,700089,6001,2025-06-23,107.94,mg/dL,Normal
1102951,706055,6012,2022-07-06,27.99,U/L,Normal
1102952,703957,6013,2022-09-17,31.63,g/dL,Normal
1102953,706123,6019,2025-12-08,20.01,U/L,Normal
1102954,705042,6003,2025-05-03,20.84,mmHg,Normal
1102955,704159,6005,2021-06-25,30.36,%,Normal
1102956,701124,6002,2022-12-20,7.92,%,Normal
1102957,704492,6012,2024-08-28,7.87,%,High
1102958,705652,6014,2024-04-07,23.45,g/dL,Normal
1102959,701406,6017,2022-06-19,69.43,U/L,Normal
1102960,705084,6002,2024-04-30,9.91,g/dL,Normal
1102961,704415,6020,2023-04-02,20.95,mmHg,Normal
1102962,704772,6015,2025-06-08,34.08,g/dL,Normal
1102963,706306,6009,2023-01-19,20.08,mg/dL,Normal
1102964,703828,6025,2025-03-22,19.87,mmol/L,Normal
1102965,701221,6005,2023-02-12,10.77,U/L,Normal
1102966,706363,6017,2022-02-10,15.25,U/L,Normal
1102967,700355,6016,2023-03-12,10.43,U/L,Normal
1102968,705274,6007,2024-04-21,6.73,mmHg,Normal
1102969,700471,6024,2022-05-20,24.55,g/dL,Low
1102970,700028,6022,2022-06-21,21.4,g/dL,Normal
1102971,704616,6004,2024-09-22,14.16,%,Normal
1102972,700684,6012,2023-11-05,17.43,%,Normal
1102973,701670,6024,2023-07-24,14.87,U/L,Normal
1102974,706472,6024,2024-11-09,25.61,U/L,Normal
1102975,701652,6021,2022-02-19,6.66,%,Low
1102976,704575,6008,2023-07-25,8.79,%,Normal
1102977,700317,6019,2023-07-06,15.27,mmHg,Normal
1102978,702814,6026,2023-10-12,19.11,%,Normal
1102979,706437,6021,2021-06-03,24.51,U/L,Low
1102980,700623,6001,2022-06-30,4.94,g/dL,Normal
1102981,702577,6021,2025-08-04,14.32,g/dL,Normal
1102982,705847,6006,2022-07-31,14.97,mmHg,Normal
1102983,703179,6023,2025-11-19,27.85,mg/dL,Normal
1102984,704538,6021,2024-08-19,6.63,%,Normal
1102985,705830,6019,2023-09-29,22.89,g/dL,High
1102986,701866,6014,2025-12-26,6.82,U/L,High
1102987,702404,6012,2023-12-11,41.52,U/L,Low
1102988,704830,6013,2025-08-21,12.53,mg/dL,Normal
1102989,705938,6005,2023-10-15,25.31,mmol/L,Normal
1102990,701175,6020,2021-02-02,62.31,mmHg,Critical
1102991,702234,6022,2024-12-26,10.35,g/dL,Low
1102992,700731,6013,2024-01-31,18.45,U/L,High
1102993,703016,6017,2022-11-09,5.15,mmol/L,High
1102994,704433,6005,2023-04-30,49.15,g/dL,Normal
1102995,703620,6013,2021-02-21,53.28,mg/dL,Low
1102996,705021,6011,2023-12-26,26.38,%,Normal
1102997,703808,6024,2024-11-02,32.08,%,High
1102998,704180,6024,2025-01-18,43.65,U/L,Normal
1102999,702783,6011,2023-04-15,24.06,U/L,Normal
1103000,701433,6016,2022-10-04,24.75,mmol/L,High
1103001,705109,6015,2021-10-19,27.07,mmHg,Normal
1103002,702814,6007,2025-06-19,35.2,mmol/L,Normal
1103003,700044,6026,2023-01-26,60.2,mmol/L,Normal
1103004,703499,6016,2021-09-21,13.93,%,Normal
1103005,705710,6011,2025-10-05,11.51,g/dL,High
1103006,703954,6016,2024-06-12,35.19,mmol/L,High
1103007,704912,6001,2023-04-04,21.39,mmHg,Normal
1103008,701382,6016,2023-03-15,49.42,mmHg,High
1103009,705418,6005,2025-11-12,6.46,%,Normal
1103010,705576,6014,2022-08-29,13.5,mmol/L,Normal
1103011,700639,6022,2025-12-23,26.72,g/dL,Critical
1103012,702131,6022,2022-01-03,22.07,mg/dL,Normal
1103013,701272,6014,2021-09-05,9.74,g/dL,Normal
1103014,700431,6013,2025-01-27,6.48,mmol/L,Normal
1103015,703195,6009,2021-11-26,31.46,mg/dL,Normal
1103016,700448,6011,2021-04-01,9.02,g/dL,Normal
1103017,704613,6012,2021-06-19,21.38,%,Normal
1103018,702826,6001,2021-06-10,32.75,g/dL,Normal
1103019,704853,6009,2021-06-07,21.0,mmHg,Normal
1103020,703481,6025,2024-11-03,14.78,mmol/L,Normal
1103021,701587,6018,2022-04-14,11.18,mmol/L,High
1103022,703172,6013,2023-07-20,9.29,mg/dL,Normal
1103023,700843,6015,2022-09-26,54.83,U/L,Critical
1103024,706163,6002,2022-12-28,22.48,mmHg,Normal
1103025,704883,6017,2021-03-04,13.91,mg/dL,High
1103026,706365,6001,2021-11-22,9.07,U/L,Normal
1103027,701042,6006,2023-03-24,36.75,mg/dL,Low
1103028,704058,6009,2021-06-23,24.51,mmol/L,Normal
1103029,703855,6008,2021-05-22,21.77,U/L,Low
1103030,705120,6023,2023-04-03,7.38,mmol/L,Normal
1103031,700414,6016,2025-01-18,19.53,mmHg,Low
1103032,704646,6001,2025-05-21,9.91,mg/dL,High
1103033,705415,6023,2023-10-02,31.58,mmHg,Normal
1103034,700470,6020,2022-11-22,12.42,%,Normal
1103035,703887,6006,2024-08-04,20.67,mmHg,Normal
1103036,703284,6001,2023-05-30,15.2,mmol/L,High
1103037,702918,6012,2024-07-13,41.45,U/L,Normal
1103038,700616,6009,2024-10-31,20.41,mg/dL,High
1103039,704823,6012,2022-07-15,9.65,mg/dL,Normal
1103040,702587,6024,2021-01-30,149.41,mmHg,Normal
1103041,702582,6007,2024-09-10,43.35,%,Normal
1103042,700548,6003,2022-03-02,17.84,mmol/L,High
1103043,702152,6012,2022-07-09,37.25,mmHg,Normal
1103044,701759,6009,2022-02-07,13.08,U/L,Normal
1103045,702927,6021,2025-11-02,16.68,mmHg,Normal
1103046,704328,6005,2025-04-02,33.02,%,Normal
1103047,706075,6021,2024-10-05,26.27,g/dL,Low
1103048,706325,6012,2021-06-14,29.46,mmol/L,Normal
1103049,702372,6010,2025-07-11,14.21,U/L,Normal
1103050,703993,6020,2023-10-23,5.12,mg/dL,High
1103051,706339,6022,2021-08-23,,mg/dL,Normal
1103052,705405,6003,2021-10-30,19.77,mg/dL,Normal
1103053,701748,6025,2021-02-18,32.0,U/L,Normal
1103054,706089,6004,2021-08-04,29.15,mg/dL,High
1103055,703902,6012,2025-05-19,25.54,mmol/L,Normal
1103056,703332,6007,2021-07-21,69.87,U/L,Low
1103057,702381,6007,2022-01-31,27.92,U/L,Low
1103058,703868,6016,2022-11-04,40.35,mg/dL,Normal
1103059,702128,6026,2022-04-12,61.82,%,High
1103060,703315,6025,2024-05-30,36.49,U/L,Low
1103061,701546,6001,2024-09-04,22.96,mmHg,Normal
1103062,704674,6017,2023-02-26,8.18,g/dL,High
1103063,705920,6025,2023-03-01,21.66,mmHg,High
1103064,706256,6009,2022-09-15,87.75,U/L,Low
1103065,704071,6020,2021-08-25,118.16,g/dL,Normal
1103066,703395,6021,2024-04-23,95.12,U/L,Normal
1103067,703922,6009,2024-03-12,46.34,mg/dL,Low
1103068,701499,6008,2022-04-04,10.26,U/L,High
1103069,705565,6014,2023-05-23,31.89,mg/dL,Normal
1103070,702669,6009,2021-06-10,23.38,mmol/L,High
1103071,700256,6026,2025-11-05,13.02,mmHg,Normal
1103072,702811,6013,2021-02-20,29.36,mg/dL,Normal
1103073,706130,6004,2021-12-10,38.86,mmHg,Normal
1103074,701869,6026,2021-11-19,40.12,mg/dL,Low
1103075,702577,6024,2021-11-23,7.28,mmol/L,Normal
1103076,701923,6002,2022-04-16,23.57,mg/dL,High
1103077,704849,6023,2021-05-08,49.84,mg/dL,Normal
1103078,703070,6004,2024-07-22,68.77,g/dL,Low
1103079,701177,6002,2024-04-28,55.01,mmHg,Normal
1103080,701546,6002,2021-04-06,32.32,%,Low
1103081,705825,6010,2023-06-23,20.78,U/L,Normal
1103082,704731,6024,2025-12-17,37.11,%,Normal
1103083,702935,6007,2025-02-15,12.21,mmol/L,Normal
1103084,700476,6023,2021-08-04,14.66,%,Normal
1103085,702153,6015,2023-03-26,52.49,mg/dL,Normal
1103086,705669,6020,2025-04-27,100.52,mmol/L,High
1103087,701875,6014,2023-03-02,67.58,g/dL,Normal
1103088,700526,6011,2024-02-29,35.83,g/dL,High
1103089,705369,6005,2022-07-19,12.86,mg/dL,Normal
1103090,700408,6009,2023-02-28,32.58,U/L,Normal
1103091,700162,6023,2024-08-05,17.5,U/L,Normal
1103092,705022,6026,2023-06-06,16.36,U/L,Normal
1103093,705970,6001,2023-10-09,10.44,U/L,High
1103094,702167,6019,2025-06-16,12.83,mmHg,High
1103095,700311,6022,2022-10-21,7.26,mmol/L,Normal
1103096,700349,6023,2025-03-04,16.88,%,Normal
1103097,705043,6003,2024-09-06,23.55,mmHg,Critical
1103098,705338,6003,2025-06-15,30.06,mmol/L,Normal
1103099,704361,6004,2023-09-15,13.24,g/dL,High
1103100,702047,6025,2023-04-05,40.66,g/dL,Low
1103101,702466,6016,2021-09-03,15.66,U/L,High
1103102,706159,6019,2021-09-24,8.95,g/dL,High
1103103,701140,6008,2021-02-12,9.27,%,Normal
1103104,702367,6018,2022-03-16,20.24,%,Normal
1103105,706150,6025,2021-12-28,26.49,mmol/L,Low
1103106,702692,6025,2021-01-19,25.57,mmHg,Normal
1103107,703444,6023,2022-05-31,15.68,mmol/L,Normal
1103108,702017,6006,2024-09-09,8.23,mmHg,High
1103109,705292,6021,2021-05-10,8.6,mmHg,Low
1103110,700501,6021,2025-09-15,22.82,U/L,Critical
1103111,704101,6002,2022-01-29,41.28,g/dL,Normal
1103112,705910,6021,2023-11-25,14.91,g/dL,Normal
1103113,704085,6004,2024-05-06,9.89,mg/dL,High
1103114,703772,6020,2022-03-11,16.51,%,Normal
1103115,701474,6017,2025-03-16,11.42,mmHg,Normal
1103116,704540,6020,2021-04-08,4.94,mg/dL,Critical
1103117,703648,6014,2022-04-19,55.93,%,Low
1103118,701233,6009,2025-06-06,17.27,g/dL,Normal
1103119,700514,6022,2022-01-15,46.31,mmol/L,Normal
1103120,701450,6022,2023-05-19,30.45,%,Low
1103121,705231,6009,2024-08-25,12.13,mmol/L,High
1103122,705038,6026,2025-11-29,12.16,U/L,High
1103123,704182,6023,2024-06-28,76.12,%,Normal
1103124,703912,6018,2021-03-06,9.82,%,Normal
1103125,705417,6013,2025-11-06,6.34,U/L,High
1103126,700966,6015,2024-03-15,13.83,g/dL,High
1103127,704344,6010,2023-03-11,36.04,mmHg,Critical
1103128,704842,6017,2023-07-05,34.52,mmHg,Normal
1103129,700630,6014,2024-04-20,41.09,mmol/L,Normal
1103130,703328,6017,2022-05-16,12.74,mmol/L,Normal
1103131,700403,6019,2022-05-24,15.24,g/dL,High
1103132,701670,6012,2021-05-25,8.83,%,Normal
1103133,705512,6004,2022-02-15,40.69,mmHg,Normal
1103134,705311,6025,2025-11-20,18.8,%,Low
1103135,702955,6019,2022-07-13,34.66,%,Normal
1103136,701906,6016,2022-03-27,26.52,%,Normal
1103137,701346,6006,2023-04-23,15.79,mmol/L,Normal
1103138,704475,6023,2022-10-30,17.26,%,High
1103139,705095,6016,2022-01-08,18.17,mg/dL,Normal
1103140,703593,6020,2023-05-19,11.85,mmHg,Low
1103141,703334,6003,2021-10-15,23.68,U/L,Normal
1103142,703107,6003,2022-02-13,85.38,mmHg,Normal
1103143,704156,6023,2025-02-07,24.3,mmol/L,Normal
1103144,701720,6018,2023-06-29,38.79,mmHg,High
1103145,700389,6004,2025-11-23,10.58,mg/dL,Normal
1103146,703186,6016,2025-03-28,14.74,g/dL,Normal
1103147,705150,6026,2023-06-19,5.67,%,Normal
1103148,704885,6020,2022-06-27,18.98,mmHg,Normal
1103149,702906,6025,2022-10-25,12.82,%,High
1103150,701710,6008,2025-04-16,6.37,mmHg,High
1103151,702788,6018,2022-08-06,20.11,U/L,Low
1103152,705280,6006,2021-03-29,8.5,mg/dL,Low
1103153,701079,6004,2022-01-04,36.77,mmHg,Critical
1103154,700642,6020,2024-01-26,12.74,%,Low
1103155,700745,6019,2024-02-28,46.18,%,Normal
1103156,701749,6020,2023-10-19,10.7,mmHg,Normal
1103157,701522,6009,2023-10-31,46.26,mmol/L,Normal
1103158,702399,6001,2025-06-06,119.1,%,Low
1103159,704411,6021,2024-07-21,18.79,mmol/L,Normal
1103160,706317,6007,2022-02-05,11.67,g/dL,Normal
1103161,704710,6024,2024-09-26,17.36,mmol/L,Critical
1103162,703140,6003,2024-10-09,12.77,mmHg,Normal
1103163,702468,6018,2021-02-16,19.44,g/dL,Normal
1103164,701329,6020,2025-12-13,40.34,U/L,High
1103165,701629,6015,2024-11-23,17.12,g/dL,High
1103166,703670,6025,2022-10-16,15.86,%,Critical
1103167,704166,6011,2021-05-08,11.05,U/L,Normal
1103168,705639,6023,2023-12-12,34.61,%,Normal
1103169,705005,6002,2022-04-16,26.25,mmHg,Normal
1103170,703268,6021,2025-10-19,25.9,g/dL,Normal
1103171,702513,6025,2025-06-07,16.75,g/dL,Normal
1103172,700158,6014,2024-04-22,26.86,mmHg,Normal
1103173,701079,6013,2022-09-12,10.18,%,Normal
1103174,702678,6018,2021-01-10,33.64,mg/dL,Normal
1103175,703202,6023,2024-02-28,29.89,mmHg,Normal
1103176,704507,6024,2022-06-23,18.73,mg/dL,Normal
1103177,700514,6013,2021-12-11,26.07,mmHg,Normal
1103178,703089,6010,2022-05-25,5.26,mmHg,High
1103179,700600,6003,2022-08-14,16.04,mmHg,Normal
1103180,702048,6009,2023-11-12,38.19,U/L,Normal
1103181,700319,6024,2023-01-14,18.5,mmHg,Normal
1103182,704717,6018,2021-07-08,18.24,%,High
1103183,706291,6022,2022-12-23,9.38,U/L,Normal
1103184,704246,6002,2024-01-04,7.04,U/L,High
1103185,703062,6024,2023-08-29,44.77,mg/dL,Normal
1103186,702463,6012,2023-08-07,70.82,mg/dL,Normal
1103187,705408,6009,2024-09-19,21.16,mmHg,Low
1103188,705106,6017,2023-10-26,13.69,U/L,Normal
1103189,705243,6016,2021-07-21,28.66,mg/dL,High
1103190,706253,6004,2025-12-13,16.95,mmol/L,Normal
1103191,701802,6010,2023-06-12,21.81,mmol/L,Normal
1103192,704342,6006,2021-02-09,19.68,U/L,Normal
1103193,701539,6002,2025-10-11,22.73,mmol/L,Normal
1103194,705438,6005,2022-01-24,5.43,mmHg,Normal
1103195,700612,6003,2023-10-25,49.94,mmol/L,Normal
1103196,706274,6020,2024-07-20,10.42,mmol/L,Normal
1103197,702037,6019,2024-09-26,19.05,%,High
1103198,704761,6010,2021-10-19,7.94,%,Normal
1103199,705262,6005,2023-06-01,13.16,mmol/L,Normal
1103200,704939,6008,2021-05-05,16.32,mmHg,High
1103201,701916,6022,2022-01-15,19.03,g/dL,High
1103202,706455,6012,2022-03-02,24.47,%,Low
1103203,700928,6008,2023-02-18,31.97,mg/dL,Normal
1103204,703272,6017,2022-06-27,36.88,g/dL,High
1103205,704636,6020,2024-11-06,38.79,%,Normal
1103206,705490,6008,2024-01-26,23.11,mmHg,Normal
1103207,706202,6008,2022-03-20,15.26,U/L,Normal
1103208,705837,6025,2022-04-25,18.86,U/L,Normal
1103209,705984,6022,2021-12-22,8.8,g/dL,Low
1103210,706408,6012,2022-03-16,50.74,g/dL,Normal
1103211,703854,6017,2022-03-06,6.8,mg/dL,Normal
1103212,700070,6007,2025-09-23,11.5,U/L,High
1103213,702530,6004,2025-08-21,18.1,%,Low
1103214,706060,6015,2025-06-21,24.84,%,Normal
1103215,703188,6021,2025-02-02,18.94,U/L,Normal
1103216,701510,6018,2021-03-06,6.39,mmHg,Normal
1103217,702018,6022,2022-02-24,5.73,U/L,Normal
1103218,701264,6011,2022-05-31,44.68,g/dL,Normal
1103219,702419,6026,2023-05-23,56.16,g/dL,Normal
1103220,705899,6005,2023-03-24,30.42,mmol/L,Low
1103221,702902,6024,2021-11-23,22.51,g/dL,Normal
1103222,700122,6003,2022-08-03,33.31,mmol/L,Normal
1103223,703872,6005,2022-06-18,45.73,U/L,Normal
1103224,700178,6025,2022-09-07,28.49,mmHg,Normal
1103225,704872,6006,2023-07-13,16.58,mmol/L,Normal
1103226,703414,6003,2021-10-10,16.54,mmHg,Normal
1103227,704497,6020,2024-12-23,20.8,mmHg,Normal
1103228,705555,6006,2023-03-03,19.23,mmol/L,Normal
1103229,705246,6015,2025-12-04,13.25,mmol/L,Low
1103230,705593,6003,2021-01-01,39.93,U/L,Normal
1103231,704126,6012,2022-05-09,19.42,mmHg,Low
1103232,705015,6007,2021-12-21,21.09,mmHg,Normal
1103233,705096,6025,2024-05-08,66.1,mg/dL,High
1103234,703837,6011,2021-06-21,12.87,U/L,High
1103235,705646,6022,2024-08-12,28.76,%,Normal
1103236,704198,6010,2021-10-02,14.41,U/L,Normal
1103237,700187,6012,2023-07-10,49.0,mmol/L,Normal
1103238,705177,6023,2023-09-23,44.82,g/dL,Low
1103239,704783,6009,2023-07-28,6.33,g/dL,Low
1103240,700694,6024,2021-09-26,27.0,U/L,Normal
1103241,704183,6017,2022-04-05,23.91,mmHg,Low
1103242,702449,6011,2021-11-19,17.52,mmHg,Normal
1103243,700250,6013,2021-09-01,66.25,mmHg,High
1103244,700091,6010,2024-02-11,27.12,mg/dL,Normal
1103245,704725,6017,2022-04-08,16.31,g/dL,Normal
1103246,701854,6024,2022-09-06,17.79,mmHg,Normal
1103247,700394,6020,2023-05-19,10.96,mmHg,Normal
1103248,703435,6016,2025-08-29,9.53,U/L,Low
1103249,701964,6016,2025-10-13,12.26,U/L,Low
1103250,704219,6017,2021-12-01,9.35,%,Normal
1103251,706057,6008,2021-05-11,11.17,g/dL,Low
1103252,704279,6022,2021-08-04,23.67,mmHg,Normal
1103253,706391,6024,2024-11-12,36.58,mmol/L,Normal
1103254,702497,6011,2023-05-18,12.04,g/dL,Normal
1103255,701182,6005,2022-04-03,51.93,mmHg,Normal
1103256,705312,6025,2022-01-20,105.55,mmol/L,Normal
1103257,705479,6026,2024-01-03,15.52,mmol/L,Normal
1103258,706341,6012,2021-01-11,9.55,g/dL,Normal
1103259,703740,6014,2025-08-23,25.46,U/L,Normal
1103260,704544,6022,2021-01-01,10.11,mg/dL,Normal
1103261,700677,6023,2023-07-26,7.61,mmol/L,High
1103262,705232,6011,2021-11-30,,g/dL,Normal
1103263,701062,6021,2025-11-18,17.19,mg/dL,Normal
1103264,703306,6001,2021-01-18,8.47,mmHg,Normal
1103265,703262,6009,2024-01-29,14.79,mmHg,Low
1103266,703462,6016,2023-01-15,17.08,%,Normal
1103267,703205,6021,2024-02-14,20.28,mmol/L,Normal
1103268,705441,6026,2023-12-07,6.37,g/dL,Normal
1103269,703888,6003,2022-12-04,4.62,mg/dL,Low
1103270,705100,6017,2023-03-07,56.03,U/L,Normal
1103271,702396,6012,2021-04-29,5.93,mmHg,Normal
1103272,703431,6003,2022-12-10,9.4,mmHg,Normal
1103273,701047,6018,2025-11-03,5.93,mmol/L,Normal
1103274,700956,6014,2025-06-20,37.53,mg/dL,Low
1103275,702269,6020,2022-09-24,12.46,U/L,Low
1103276,706109,6024,2025-02-02,6.6,U/L,Normal
1103277,700320,6001,2022-12-18,32.75,mmol/L,Normal
1103278,705677,6025,2023-09-20,43.7,mmHg,Critical
1103279,701597,6025,2021-11-14,17.88,mg/dL,Normal
1103280,703912,6024,2021-09-25,39.25,U/L,Low
1103281,703046,6012,2023-11-18,96.47,mmHg,Normal
1103282,700496,6017,2023-12-19,40.1,mg/dL,High
1103283,703861,6008,2022-11-13,27.62,%,Low
1103284,706265,6009,2025-10-24,18.91,mmHg,Normal
1103285,700231,6016,2024-02-22,12.53,mg/dL,High
1103286,705686,6015,2021-11-04,18.78,mmol/L,Normal
1103287,703107,6009,2023-03-20,7.83,mmol/L,Normal
1103288,704570,6023,2024-12-08,37.28,%,High
1103289,702027,6009,2021-11-07,11.62,U/L,Normal
1103290,700208,6024,2023-04-08,21.17,%,High
1103291,705744,6015,2022-07-22,13.76,U/L,Normal
1103292,700938,6004,2023-07-20,44.18,g/dL,Low
1103293,703591,6002,2025-10-15,5.28,U/L,Normal
1103294,700134,6016,2023-01-01,18.45,mmHg,High
1103295,702238,6014,2022-12-17,11.41,mmol/L,High
1103296,703937,6019,2025-07-08,6.76,%,Normal
1103297,704239,6004,2024-04-08,11.63,mg/dL,Normal
1103298,701857,6007,2021-09-10,17.3,mmHg,Normal
1103299,700218,6011,2023-03-06,16.04,%,High
1103300,700695,6018,2023-10-08,11.71,mmHg,Critical
1103301,706177,6002,2021-06-18,2.47,mmol/L,Low
1103302,705087,6017,2022-09-08,12.97,U/L,Normal
1103303,700306,6017,2024-06-30,14.17,mmHg,High
1103304,704277,6014,2022-02-08,91.54,mmol/L,Normal
1103305,701329,6022,2021-04-28,27.41,U/L,Normal
1103306,700325,6022,2024-05-20,26.45,g/dL,Normal
1103307,706409,6009,2025-09-01,72.31,%,Normal
1103308,702426,6019,2025-07-19,3.03,%,Normal
1103309,700488,6019,2024-07-31,11.04,mmHg,Normal
1103310,700408,6018,2023-07-13,11.93,mmol/L,Low
1103311,703583,6021,2021-06-07,54.89,mmol/L,High
1103312,700343,6011,2023-04-23,46.41,g/dL,Normal
1103313,701204,6003,2025-02-05,13.75,mmol/L,Normal
1103314,705008,6024,2022-10-31,17.2,g/dL,Normal
1103315,703059,6014,2022-04-02,12.36,%,Normal
1103316,700296,6008,2022-04-21,18.17,U/L,Normal
1103317,705260,6023,2021-10-14,8.34,mmHg,Normal
1103318,702086,6023,2024-12-27,22.51,U/L,Normal
1103319,700059,6021,2021-09-07,16.91,mmHg,High
1103320,700953,6024,2022-07-23,26.86,g/dL,Critical
1103321,704062,6014,2024-08-05,29.39,mmHg,Normal
1103322,702166,6007,2024-07-12,10.58,mmol/L,Low
1103323,702574,6010,2024-12-09,33.4,U/L,Normal
1103324,702060,6020,2022-09-17,40.9,g/dL,Low
1103325,706398,6025,2021-08-22,15.75,%,Low
1103326,703600,6012,2021-10-11,4.7,mmHg,High
1103327,702873,6008,2021-08-14,37.8,%,High
1103328,700219,6015,2024-08-08,15.9,g/dL,Normal
1103329,705334,6019,2024-12-02,50.21,g/dL,Normal
1103330,704851,6006,2022-07-16,33.72,g/dL,Normal
1103331,703667,6008,2023-07-04,42.02,g/dL,High
1103332,701384,6021,2024-12-04,15.62,mmHg,Low
1103333,700927,6015,2021-12-04,26.45,mmol/L,High
1103334,700563,6015,2023-04-08,9.46,mmol/L,Normal
1103335,701279,6012,2025-01-14,32.62,mmHg,Normal
1103336,702838,6001,2024-04-24,16.04,g/dL,High
1103337,703164,6010,2024-10-18,59.07,mg/dL,Normal
1103338,701962,6005,2025-05-05,92.67,%,Normal
1103339,702499,6004,2022-10-05,25.87,%,High
1103340,703510,6021,2021-05-19,16.44,g/dL,High
1103341,704384,6001,2025-11-24,17.76,mg/dL,Normal
1103342,700560,6009,2022-12-26,9.3,U/L,Normal
1103343,704284,6001,2021-01-18,9.26,mmHg,Normal
1103344,702258,6026,2024-04-03,23.88,mg/dL,Normal
1103345,700326,6011,2021-06-16,16.93,U/L,High
1103346,703461,6023,2021-11-26,8.28,%,Normal
1103347,700392,6025,2024-04-25,23.28,mmol/L,Normal
1103348,700925,6010,2022-08-18,27.36,%,High
1103349,702484,6015,2024-06-28,70.76,g/dL,Critical
1103350,705089,6019,2022-07-28,13.62,mmol/L,Normal
1103351,703537,6016,2022-10-28,22.25,g/dL,Low
1103352,701786,6011,2023-06-21,103.42,mmHg,Normal
1103353,706358,6015,2024-12-29,41.02,%,Low
1103354,703904,6016,2022-08-20,6.98,U/L,Normal
1103355,704508,6016,2025-08-26,13.19,g/dL,Normal
1103356,705662,6006,2023-02-22,28.44,mmol/L,Normal
1103357,706255,6009,2025-02-12,9.96,mg/dL,Normal
1103358,706264,6021,2021-05-01,27.87,U/L,Critical
1103359,705311,6012,2023-05-26,5.01,mmol/L,Normal
1103360,703070,6010,2025-10-25,67.1,g/dL,Normal
1103361,703699,6021,2022-02-18,26.62,g/dL,Normal
1103362,705658,6004,2024-04-17,39.78,mmol/L,Normal
1103363,706393,6010,2024-12-26,3.11,mg/dL,Normal
1103364,705404,6012,2021-08-31,16.84,mmol/L,Normal
1103365,701341,6015,2021-09-14,11.32,mmHg,Low
1103366,706455,6010,2025-08-16,62.11,U/L,Normal
1103367,706178,6014,2024-12-30,6.14,g/dL,High
1103368,704882,6003,2022-06-04,11.37,mmHg,Normal
1103369,701790,6017,2024-06-24,36.86,mmol/L,Low
1103370,705058,6019,2024-10-13,17.16,U/L,Normal
1103371,702111,6025,2024-09-30,5.57,%,Normal
1103372,703568,6016,2025-01-22,28.99,U/L,Normal
1103373,702554,6013,2023-03-14,3.98,%,Normal
1103374,700321,6024,2024-05-17,29.03,U/L,Normal
1103375,700852,6001,2021-08-29,19.8,U/L,Normal
1103376,700829,6025,2025-04-09,39.74,U/L,Normal
1103377,701553,6009,2023-12-06,57.62,g/dL,Normal
1103378,701305,6019,2024-09-22,33.74,g/dL,Normal
1103379,702872,6010,2024-12-17,15.89,%,Normal
1103380,705436,6011,2023-07-27,45.24,mmol/L,Low
1103381,703351,6026,2021-05-08,12.78,U/L,High
1103382,701236,6011,2025-08-24,4.93,mmHg,Low
1103383,703360,6020,2021-07-08,18.9,mg/dL,Normal
1103384,704354,6008,2021-07-21,67.6,mmHg,Low
1103385,705078,6020,2024-04-28,23.56,mg/dL,Normal
1103386,704189,6020,2025-11-30,18.14,mmHg,Normal
1103387,701063,6005,2025-02-14,29.52,U/L,Normal
1103388,701943,6024,2023-03-28,15.45,mmHg,Normal
1103389,705737,6012,2023-12-03,15.19,mg/dL,Normal
1103390,700792,6026,2022-10-26,9.47,g/dL,Normal
1103391,703470,6007,2023-10-02,28.64,mmol/L,Normal
1103392,705981,6005,2022-12-28,23.01,g/dL,Normal
1103393,703399,6026,2021-02-09,63.1,g/dL,Normal
1103394,703255,6017,2022-10-23,5.72,mmHg,Low
1103395,704810,6008,2023-11-09,35.72,mmol/L,Normal
1103396,700855,6023,2025-03-17,15.05,mmol/L,Normal
1103397,701492,6001,2022-12-01,42.05,%,Normal
1103398,702101,6007,2024-03-10,7.07,mg/dL,Normal
1103399,700476,6007,2022-07-05,20.77,mg/dL,Normal
1103400,705280,6023,2025-01-17,24.32,mmol/L,Normal
1103401,701958,6019,2023-09-06,7.38,mg/dL,Normal
1103402,702943,6004,2025-10-16,10.02,mmol/L,Normal
1103403,702028,6001,2024-06-13,33.69,mmol/L,Critical
1103404,705292,6007,2025-10-20,6.46,mmol/L,Normal
1103405,701399,6009,2023-12-18,10.59,g/dL,Normal
1103406,701829,6009,2023-01-30,29.16,g/dL,Low
1103407,703813,6005,2025-09-30,6.37,mmHg,Normal
1103408,701333,6013,2022-09-24,22.4,%,Normal
1103409,702289,6024,2023-01-16,12.66,U/L,Normal
1103410,701218,6001,2022-07-24,67.93,mmHg,Normal
1103411,704420,6008,2024-01-05,69.06,mg/dL,Low
1103412,704745,6018,2025-01-14,32.42,U/L,Normal
1103413,701487,6025,2025-07-19,35.7,g/dL,Low
1103414,704552,6013,2025-07-21,37.03,mg/dL,Normal
1103415,700747,6011,2021-01-24,27.35,g/dL,Low
1103416,704085,6019,2022-01-17,26.01,U/L,Low
1103417,703969,6004,2024-06-25,36.35,%,Normal
1103418,704658,6020,2023-03-22,9.13,U/L,Normal
1103419,705295,6005,2024-02-23,12.67,g/dL,Normal
1103420,701143,6007,2022-03-08,21.71,mg/dL,Normal
1103421,704805,6003,2022-08-06,23.62,mmol/L,Normal
1103422,705397,6014,2022-04-21,17.01,g/dL,High
1103423,701670,6002,2021-09-30,34.23,g/dL,Normal
1103424,704190,6014,2025-09-05,12.32,%,Critical
1103425,700192,6005,2021-01-08,20.38,U/L,Normal
1103426,701675,6018,2025-12-13,9.47,U/L,Normal
1103427,702617,6018,2021-06-03,42.21,mg/dL,Normal
1103428,700531,6006,2023-12-10,5.03,mmHg,Normal
1103429,705209,6026,2024-01-22,19.07,mg/dL,Normal
1103430,702678,6019,2021-04-04,30.36,mmol/L,Normal
1103431,705657,6007,2022-09-11,5.25,%,Normal
1103432,700156,6022,2021-09-24,44.18,U/L,Normal
1103433,706120,6002,2025-04-11,34.42,%,Normal
1103434,703840,6002,2023-06-29,29.37,mmol/L,Normal
1103435,705537,6022,2024-12-13,43.56,mmHg,Normal
1103436,700804,6025,2022-10-11,25.36,g/dL,Normal
1103437,706000,6017,2023-12-24,65.14,U/L,Normal
1103438,701199,6024,2021-06-02,13.49,%,High
1103439,700586,6017,2021-04-17,11.87,mmHg,Normal
1103440,701897,6007,2022-11-20,18.59,g/dL,Normal
1103441,703767,6019,2021-06-22,19.62,mmol/L,Normal
1103442,703502,6024,2021-10-07,17.77,U/L,Normal
1103443,705502,6015,2022-08-21,48.16,%,Normal
1103444,700664,6003,2025-12-12,4.89,mmHg,High
1103445,703121,6007,2024-09-01,28.25,%,Normal
1103446,703390,6011,2024-10-29,42.66,%,Normal
1103447,706153,6022,2021-05-03,19.58,mmol/L,Normal
1103448,700455,6026,2022-12-06,8.46,g/dL,Normal
1103449,703589,6016,2022-08-04,58.33,mg/dL,Low
1103450,701884,6011,2024-02-28,27.58,mg/dL,High
1103451,701322,6005,2022-10-26,12.65,g/dL,Normal
1103452,701482,6019,2023-07-01,17.24,U/L,Normal
1103453,704628,6018,2024-07-13,14.51,mmHg,Low
1103454,706177,6014,2021-04-17,12.92,%,Normal
1103455,704925,6020,2021-08-21,9.34,%,Normal
1103456,703333,6014,2025-10-25,6.86,%,Low
1103457,704585,6002,2021-11-08,20.95,U/L,Normal
1103458,703106,6024,2021-11-28,5.71,mmol/L,Low
1103459,704896,6019,2024-08-26,6.71,mg/dL,Normal
1103460,706342,6021,2024-06-10,25.01,%,Normal
1103461,703856,6009,2025-11-10,4.12,U/L,Normal
1103462,703946,6013,2022-10-25,32.85,mmol/L,Normal
1103463,700918,6024,2024-06-29,37.39,mg/dL,Normal
1103464,701736,6023,2022-07-22,12.25,mmHg,Normal
1103465,700352,6005,2021-04-23,11.84,mg/dL,High
1103466,700783,6012,2021-07-13,11.4,mg/dL,Normal
1103467,701201,6003,2021-11-04,12.98,%,Normal
1103468,703563,6014,2023-07-15,6.63,U/L,High
1103469,705736,6017,2024-06-22,9.48,%,High
1103470,704182,6020,2023-03-20,8.22,U/L,Normal
1103471,706045,6003,2023-09-09,40.72,mg/dL,Normal
1103472,703991,6008,2024-07-25,23.03,g/dL,High
1103473,705462,6018,2021-10-17,39.18,%,Low
1103474,700955,6006,2022-12-02,9.36,%,Normal
1103475,704489,6023,2021-09-26,13.34,mmol/L,Low
1103476,702815,6026,2024-03-27,8.59,U/L,Low
1103477,705144,6025,2024-01-11,33.12,mmHg,Normal
1103478,701056,6016,2024-04-18,19.07,%,Normal
1103479,706318,6019,2024-01-12,44.05,mmol/L,Normal
1103480,705080,6003,2024-07-13,10.06,mmHg,Normal
1103481,701145,6023,2022-10-29,53.32,mmHg,Normal
1103482,701146,6018,2021-04-24,43.29,%,Normal
1103483,702247,6010,2023-12-06,26.44,g/dL,Low
1103484,700277,6025,2025-10-12,8.43,U/L,Low
1103485,700167,6025,2024-07-23,33.85,mmHg,Low
1103486,702945,6012,2025-08-12,17.6,mmol/L,Normal
1103487,705145,6008,2021-10-25,24.66,g/dL,High
1103488,701014,6011,2024-10-25,9.17,mmHg,Low
1103489,702330,6003,2022-01-15,5.81,mg/dL,Normal
1103490,700288,6006,2022-04-24,50.56,U/L,Normal
1103491,701595,6013,2023-06-05,18.56,mg/dL,High
1103492,701614,6022,2024-11-14,19.84,U/L,Normal
1103493,702525,6018,2022-12-22,36.83,mmHg,High
1103494,705448,6017,2021-12-04,71.62,U/L,Normal
1103495,704560,6007,2022-07-13,23.16,mmol/L,Normal
1103496,703161,6002,2022-09-09,64.58,mmHg,Normal
1103497,701407,6006,2024-05-25,23.87,g/dL,Low
1103498,701370,6012,2022-05-19,11.94,g/dL,Normal
1103499,700007,6024,2022-06-12,12.32,g/dL,Normal
1103500,700834,6009,2024-07-25,35.58,mmol/L,Low
1103501,703975,6016,2022-04-07,95.73,mmHg,High
1103502,704317,6015,2025-11-15,8.1,mmol/L,Normal
1103503,702276,6014,2021-04-19,16.86,%,Low
1103504,705070,6005,2025-04-24,19.55,mmHg,Normal
1103505,704457,6003,2023-02-22,51.28,mmol/L,Normal
1103506,704920,6008,2022-07-08,8.71,mg/dL,Normal
1103507,700317,6014,2023-05-16,16.84,mmHg,Normal
1103508,703904,6016,2025-11-01,15.68,mmHg,Normal
1103509,701209,6024,2024-03-06,8.61,mmHg,Normal
1103510,704105,6013,2022-12-18,78.7,%,Normal
1103511,703785,6013,2024-12-07,12.38,mmol/L,Normal
1103512,704130,6007,2023-11-11,42.99,mmol/L,Normal
1103513,702239,6024,2021-03-19,11.55,mmol/L,Normal
1103514,700416,6025,2022-08-30,7.17,mmHg,Normal
1103515,706027,6012,2025-05-22,12.13,mg/dL,Normal
1103516,702686,6016,2023-06-10,47.03,mg/dL,High
1103517,705997,6008,2024-04-17,16.66,mg/dL,Normal
1103518,701007,6010,2022-04-25,21.4,g/dL,Normal
1103519,703284,6021,2021-11-23,46.02,g/dL,Normal
1103520,705518,6009,2025-08-11,11.65,U/L,Normal
1103521,705853,6008,2021-03-15,49.35,mmol/L,Normal
1103522,702091,6017,2023-10-12,15.04,mg/dL,Normal
1103523,701526,6006,2023-06-28,6.01,mmHg,Normal
1103524,701809,6019,2023-12-06,18.75,U/L,High
1103525,703870,6025,2022-11-11,54.21,mmol/L,Normal
1103526,702952,6019,2023-12-20,12.98,g/dL,Low
1103527,705376,6026,2024-11-20,11.38,mmHg,Normal
1103528,704799,6003,2022-03-11,23.53,g/dL,Normal
1103529,700701,6011,2023-06-07,19.42,mmol/L,Normal
1103530,704017,6019,2025-01-24,8.05,g/dL,Normal
1103531,704084,6010,2025-12-14,36.98,%,Normal
1103532,700229,6005,2025-07-26,12.41,U/L,High
1103533,706210,6002,2022-02-07,5.61,mmHg,Normal
1103534,706472,6013,2025-12-08,16.94,mg/dL,Low
1103535,701495,6018,2022-12-28,8.39,%,Normal
1103536,705587,6023,2025-03-06,12.34,%,Normal
1103537,706258,6001,2022-04-03,26.4,mmol/L,High
1103538,704107,6006,2025-09-10,99.83,mg/dL,Normal
1103539,700583,6023,2023-03-22,27.14,g/dL,Normal
1103540,701223,6017,2023-10-01,16.91,mg/dL,High
1103541,705221,6017,2021-09-13,20.87,mg/dL,Normal
1103542,706419,6022,2022-07-23,5.02,U/L,Low
1103543,700678,6026,2025-07-18,15.99,%,High
1103544,704713,6013,2025-07-31,9.0,g/dL,Low
1103545,702683,6020,2025-09-15,38.52,U/L,Normal
1103546,702033,6018,2025-02-01,20.61,mg/dL,High
1103547,700184,6010,2025-10-11,6.8,%,Normal
1103548,702182,6026,2021-06-18,9.72,U/L,Normal
1103549,700765,6016,2022-05-24,10.94,%,High
1103550,701460,6023,2024-03-06,13.27,g/dL,Normal
1103551,701199,6005,2021-07-01,9.01,%,Normal
1103552,700385,6006,2024-07-30,26.61,U/L,Normal
1103553,703464,6018,2021-10-20,14.67,mg/dL,High
1103554,704750,6006,2022-09-22,32.52,%,Normal
1103555,704299,6006,2022-06-17,11.69,mmol/L,High
1103556,700176,6001,2021-12-03,14.63,mmol/L,Normal
1103557,705774,6001,2023-06-23,16.08,g/dL,Normal
1103558,701747,6023,2023-09-05,36.86,mmol/L,Normal
1103559,700688,6010,2025-11-17,26.08,U/L,Normal
1103560,701449,6004,2021-06-18,23.55,mmol/L,Normal
1103561,701797,6002,2023-06-28,15.8,mg/dL,Normal
1103562,702145,6002,2022-04-02,12.2,mg/dL,Normal
1103563,701073,6019,2024-08-11,28.22,mmHg,Normal
1103564,701591,6025,2023-11-25,13.25,mg/dL,Normal
1103565,703307,6005,2025-06-24,42.3,mg/dL,Normal
1103566,701388,6009,2025-09-09,38.68,mmol/L,Normal
1103567,703775,6002,2025-07-03,10.65,mmol/L,Normal
1103568,700332,6020,2023-11-24,70.05,mmHg,High
1103569,702388,6011,2021-10-26,44.26,U/L,High
1103570,705439,6009,2023-03-11,15.47,%,Low
1103571,704578,6017,2021-12-22,13.64,U/L,Normal
1103572,702463,6018,2023-11-25,13.99,U/L,Normal
1103573,701417,6018,2023-01-19,16.63,mmol/L,High
1103574,700636,6010,2022-07-01,43.98,%,Normal
1103575,703534,6024,2021-10-31,9.3,mmHg,Low
1103576,701674,6023,2025-05-05,31.88,mmHg,Normal
1103577,704602,6020,2023-05-29,21.72,g/dL,Normal
1103578,703621,6024,2022-05-08,4.78,mg/dL,Low
1103579,704798,6016,2022-11-20,25.22,mmol/L,Normal
1103580,703455,6016,2022-01-30,24.53,mmol/L,Normal
1103581,701760,6005,2025-11-15,6.9,g/dL,Normal
1103582,702847,6017,2023-02-22,69.74,U/L,Normal
1103583,703962,6011,2021-07-20,57.69,g/dL,Normal
1103584,702756,6018,2022-06-09,11.37,mmol/L,Normal
1103585,701149,6020,2025-04-23,15.54,U/L,Low
1103586,700311,6021,2022-02-03,4.92,mg/dL,Normal
1103587,703021,6021,2021-11-05,43.62,mg/dL,Low
1103588,704590,6020,2023-05-09,18.72,mmHg,Low
1103589,702519,6006,2021-08-01,98.0,U/L,High
1103590,705118,6020,2024-10-28,38.18,U/L,Normal
1103591,700904,6020,2023-07-24,56.66,mmol/L,Normal
1103592,702526,6009,2023-05-01,16.49,mmHg,High
1103593,701100,6021,2022-05-15,13.74,g/dL,Normal
1103594,703664,6021,2023-10-18,22.23,mmHg,Normal
1103595,706302,6011,2022-08-03,41.51,mmHg,Normal
1103596,702679,6006,2025-03-19,13.48,mmol/L,Low
1103597,704087,6015,2022-01-31,18.11,mmol/L,High
1103598,705390,6002,2023-05-04,6.58,g/dL,High
1103599,700811,6004,2025-07-14,17.82,mg/dL,Normal
1103600,704235,6011,2025-03-29,7.81,mg/dL,Normal
1103601,704025,6022,2022-01-17,36.46,mmol/L,Normal
1103602,700712,6018,2021-10-29,2.32,g/dL,Normal
1103603,703536,6004,2023-10-30,8.81,mg/dL,High
1103604,703934,6013,2022-06-16,13.02,U/L,Low
1103605,700297,6017,2023-07-09,22.76,g/dL,Normal
1103606,704536,6024,2023-06-20,22.65,%,High
1103607,704638,6017,2024-07-29,11.42,mmol/L,Normal
1103608,703116,6008,2024-11-05,25.4,mmol/L,Normal
1103609,703074,6017,2024-12-11,52.33,mmHg,Normal
1103610,701236,6023,2021-02-14,29.64,g/dL,Normal
1103611,700204,6024,2022-04-23,41.01,U/L,Normal
1103612,702831,6005,2025-02-15,46.11,mg/dL,Normal
1103613,701326,6018,2022-06-28,74.38,mmHg,Normal
1103614,702781,6026,2021-07-15,97.3,U/L,Low
1103615,700490,6014,2022-02-05,29.38,mg/dL,Low
1103616,700357,6004,2022-06-05,37.5,U/L,Normal
1103617,703415,6019,2022-10-12,45.72,g/dL,Normal
1103618,705058,6019,2022-12-13,22.45,%,Normal
1103619,703643,6007,2024-03-02,10.42,mg/dL,Normal
1103620,705128,6020,2024-12-20,16.94,mmol/L,Normal
1103621,706096,6019,2024-01-01,38.93,U/L,Normal
1103622,701477,6021,2022-01-28,51.32,g/dL,High
1103623,705355,6021,2022-03-11,7.66,U/L,Normal
1103624,702544,6002,2023-06-06,14.52,U/L,Normal
1103625,703094,6009,2025-08-10,62.45,U/L,High
1103626,700762,6015,2024-07-17,9.15,mmHg,High
1103627,701045,6026,2021-02-02,10.07,g/dL,High
1103628,704299,6004,2025-07-18,27.82,mg/dL,Low
1103629,706205,6017,2023-12-31,14.83,mmol/L,Normal
1103630,700827,6008,2023-10-03,16.31,%,Normal
1103631,705245,6022,2021-02-25,17.37,mmHg,Normal
1103632,700365,6015,2025-11-22,10.48,g/dL,Normal
1103633,703306,6003,2021-08-13,32.86,U/L,Low
1103634,704377,6019,2022-02-06,7.7,mmHg,Normal
1103635,701561,6009,2025-04-15,20.95,U/L,Normal
1103636,702048,6021,2023-06-28,,g/dL,Normal
1103637,706444,6023,2023-01-19,21.03,mg/dL,High
1103638,702244,6012,2022-10-31,33.47,U/L,Low
1103639,701362,6013,2025-10-10,10.84,mmHg,Normal
1103640,702554,6003,2025-03-13,20.81,mg/dL,High
1103641,705301,6014,2022-10-08,13.95,%,Normal
1103642,705157,6017,2023-03-23,51.43,mmHg,Normal
1103643,701046,6026,2024-01-29,18.98,mmHg,Low
1103644,704901,6013,2024-02-15,8.86,U/L,Normal
1103645,703454,6009,2023-12-20,18.08,mmol/L,Normal
1103646,702335,6012,2023-08-07,18.79,mg/dL,Normal
1103647,701297,6015,2023-10-24,18.18,mg/dL,Normal
1103648,703316,6008,2025-02-12,246.47,%,Normal
1103649,704971,6003,2022-03-30,4.99,g/dL,High
1103650,705746,6026,2024-02-13,12.55,U/L,High
1103651,705853,6022,2021-06-20,41.61,%,High
1103652,706431,6001,2022-05-08,11.0,mmHg,Normal
1103653,703289,6019,2025-06-17,23.39,mg/dL,Normal
1103654,701249,6012,2025-09-30,15.16,%,Normal
1103655,700288,6003,2025-11-01,3.6,U/L,High
1103656,705688,6008,2021-09-19,26.64,%,Normal
1103657,700936,6001,2023-01-22,16.97,U/L,Normal
1103658,704263,6013,2021-03-26,17.41,%,Normal
1103659,702939,6018,2021-01-29,7.45,mmHg,Critical
1103660,704164,6017,2022-11-21,15.2,U/L,Normal
1103661,703340,6021,2024-09-07,29.31,mg/dL,Normal
1103662,701642,6015,2021-09-29,10.25,mmol/L,High
1103663,700397,6022,2023-03-11,11.77,g/dL,Low
1103664,705347,6014,2021-09-17,62.08,%,Normal
1103665,700649,6017,2023-01-13,6.95,%,Normal
1103666,706121,6025,2023-08-05,9.57,mg/dL,High
1103667,706354,6003,2021-08-16,5.29,g/dL,Normal
1103668,701928,6020,2022-02-05,11.86,g/dL,Normal
1103669,700770,6026,2022-09-15,20.82,mmHg,High
1103670,702167,6014,2023-06-01,67.22,mg/dL,Normal
1103671,704983,6017,2023-09-08,5.94,g/dL,High
1103672,706335,6022,2025-07-13,6.36,%,Normal
1103673,704455,6011,2022-11-01,41.29,mmol/L,Normal
1103674,700330,6013,2022-10-17,12.27,mmHg,Low
1103675,703128,6018,2023-02-01,10.27,mmol/L,Low
1103676,700506,6008,2021-03-08,13.84,mmol/L,Normal
1103677,700921,6002,2025-05-16,6.22,mg/dL,Normal
1103678,702944,6025,2021-04-03,15.04,mmol/L,Normal
1103679,704447,6001,2025-08-14,22.82,U/L,Normal
1103680,700264,6023,2023-10-12,18.13,U/L,Normal
1103681,706190,6001,2024-07-02,12.56,mg/dL,High
1103682,701073,6024,2023-02-15,21.24,mmol/L,Normal
1103683,704295,6013,2024-01-08,39.71,U/L,High
1103684,705898,6025,2023-06-12,44.32,mmol/L,High
1103685,701828,6005,2023-02-20,44.94,U/L,Normal
1103686,701988,6006,2023-03-25,40.23,U/L,Low
1103687,702170,6022,2024-03-01,7.36,mg/dL,Normal
1103688,706488,6017,2021-04-12,29.61,mmol/L,Normal
1103689,700050,6012,2023-08-22,13.68,g/dL,Normal
1103690,703691,6015,2024-11-03,15.58,mg/dL,Low
1103691,704335,6024,2022-09-07,11.82,g/dL,Normal
1103692,706125,6024,2025-08-05,23.25,%,Normal
1103693,703571,6014,2024-10-07,25.42,mmHg,Normal
1103694,701047,6012,2023-10-29,30.93,%,Normal
1103695,705667,6020,2023-03-02,19.52,mmHg,High
1103696,701673,6019,2023-08-15,26.56,g/dL,Normal
1103697,702666,6010,2022-06-15,11.47,mmHg,Low
1103698,703112,6020,2023-09-14,54.78,%,Normal
1103699,703520,6006,2021-11-15,17.7,g/dL,Normal
1103700,700103,6023,2025-07-30,54.51,U/L,Low
1103701,704203,6012,2023-09-07,44.43,mg/dL,Normal
1103702,703796,6003,2022-11-01,31.38,%,High
1103703,702116,6001,2023-08-20,12.8,g/dL,Low
1103704,705961,6022,2022-12-10,45.6,%,High
1103705,705655,6022,2021-01-06,48.54,U/L,Normal
1103706,701665,6026,2023-10-18,8.23,U/L,Normal
1103707,700489,6011,2023-10-11,21.86,U/L,Normal
1103708,701355,6003,2021-06-20,53.45,mg/dL,Low
1103709,702757,6007,2022-05-15,7.28,%,Normal
1103710,706318,6022,2023-05-25,35.38,mmHg,Normal
1103711,700084,6015,2021-07-01,11.34,U/L,Normal
1103712,703773,6005,2021-04-16,48.32,mmHg,Normal
1103713,701437,6019,2023-09-23,6.2,%,Normal
1103714,705610,6008,2023-05-12,4.6,mg/dL,Normal
1103715,704203,6021,2023-10-07,21.52,mmol/L,Normal
1103716,701343,6017,2025-01-04,4.91,U/L,Normal
1103717,700052,6016,2023-01-11,19.15,mmol/L,Normal
1103718,700732,6004,2023-11-16,30.47,%,High
1103719,702170,6015,2024-12-10,19.02,mmHg,Normal
1103720,703510,6015,2022-04-08,26.43,mmol/L,Low
1103721,705403,6008,2022-05-23,96.12,g/dL,Normal
1103722,706488,6013,2025-05-23,86.25,mg/dL,Normal
1103723,701458,6021,2024-02-23,16.22,U/L,Normal
1103724,700276,6008,2022-09-21,29.68,mmHg,Low
1103725,706400,6021,2024-03-01,13.83,mmol/L,Normal
1103726,704591,6001,2024-08-11,12.0,%,Normal
1103727,703030,6015,2022-08-07,19.59,%,Normal
1103728,704809,6024,2023-03-31,7.07,%,Normal
1103729,700234,6017,2025-03-30,54.66,U/L,Normal
1103730,701468,6026,2023-02-08,6.79,%,Normal
1103731,703234,6024,2025-07-25,15.33,%,Normal
1103732,706185,6007,2023-09-21,34.35,U/L,Normal
1103733,700084,6025,2023-08-24,65.78,mmHg,Normal
1103734,703930,6011,2025-06-27,39.35,U/L,Normal
1103735,704932,6007,2022-07-10,38.86,mg/dL,Normal
1103736,706409,6005,2021-10-22,7.58,U/L,Normal
1103737,705674,6026,2025-09-27,16.19,mg/dL,Normal
1103738,703052,6003,2022-06-24,3.9,U/L,Low
1103739,703635,6001,2021-02-07,16.39,mg/dL,High
1103740,702410,6013,2021-03-31,34.66,%,Normal
1103741,704649,6007,2023-08-13,8.15,mmol/L,Normal
1103742,700309,6006,2021-05-30,18.75,mg/dL,Normal
1103743,702655,6004,2021-04-20,24.79,%,Low
1103744,705476,6024,2025-01-25,18.29,mg/dL,Normal
1103745,702344,6004,2025-07-09,6.07,%,Normal
1103746,701883,6024,2022-11-09,10.0,mmHg,Normal
1103747,701903,6005,2021-12-19,7.04,mmHg,Critical
1103748,701146,6012,2022-09-15,17.12,g/dL,High
1103749,704086,6005,2023-05-25,19.18,mmHg,Normal
1103750,705353,6020,2021-02-26,34.52,%,Normal
1103751,703830,6020,2024-09-28,16.65,mmHg,Normal
1103752,706126,6002,2023-12-09,34.46,U/L,High
1103753,701598,6019,2021-08-22,12.49,g/dL,Normal
1103754,702945,6017,2024-08-12,95.72,mg/dL,Normal
1103755,700080,6006,2022-05-03,33.75,mmHg,High
1103756,702436,6026,2023-12-25,12.17,%,Normal
1103757,702157,6012,2023-02-24,6.76,mmol/L,Normal
1103758,705077,6003,2023-07-30,28.45,U/L,Critical
1103759,702233,6020,2021-03-02,22.06,U/L,Low
1103760,706083,6004,2022-01-28,37.15,U/L,Critical
1103761,702856,6020,2021-07-12,84.37,%,High
1103762,703825,6025,2022-09-01,16.6,mmol/L,Normal
1103763,701549,6007,2021-12-16,14.53,g/dL,Normal
1103764,701301,6001,2023-02-27,41.09,mmHg,Normal
1103765,704726,6021,2024-12-11,8.88,mmHg,Low
1103766,706398,6013,2022-05-08,13.0,mg/dL,High
1103767,701034,6001,2021-12-21,3.85,mmHg,Normal
1103768,701484,6018,2025-08-08,50.9,mg/dL,Normal
1103769,702435,6021,2024-07-11,9.39,U/L,Normal
1103770,700210,6010,2025-05-11,39.75,U/L,Normal
1103771,702363,6009,2023-07-25,24.47,U/L,Low
1103772,701440,6025,2024-10-25,20.91,U/L,Normal
1103773,703094,6003,2021-11-13,30.43,mg/dL,Normal
1103774,702748,6006,2023-09-20,16.26,mmol/L,Normal
1103775,703105,6013,2023-03-16,2.57,U/L,Normal
1103776,705130,6016,2022-07-08,9.68,mmol/L,Normal
1103777,705898,6019,2023-06-05,15.09,mg/dL,Low
1103778,703031,6019,2025-08-26,16.35,U/L,Normal
1103779,703258,6001,2022-04-04,26.26,U/L,Normal
1103780,703400,6007,2022-11-14,9.84,mmol/L,Normal
1103781,702438,6008,2024-09-20,11.36,mmHg,Normal
1103782,705883,6021,2024-05-31,28.37,U/L,Normal
1103783,706187,6007,2023-09-04,20.36,mmHg,High
1103784,700784,6009,2021-05-07,51.23,U/L,Normal
1103785,704996,6007,2025-05-29,5.62,g/dL,Low
1103786,704260,6023,2024-01-25,16.2,%,Normal
1103787,705808,6020,2021-01-21,24.81,mmol/L,Normal
1103788,704232,6002,2021-10-18,29.59,%,Low
1103789,704169,6009,2022-08-03,26.49,mmHg,High
1103790,704567,6018,2021-05-30,8.0,g/dL,High
1103791,701935,6015,2025-09-12,21.12,%,Low
1103792,704978,6012,2023-08-27,52.72,g/dL,Low
1103793,705007,6012,2022-09-25,13.25,%,Normal
1103794,700703,6004,2021-06-26,22.41,mmol/L,Normal
1103795,700456,6014,2021-09-16,10.72,U/L,Low
1103796,701839,6026,2025-03-18,6.48,U/L,Normal
1103797,701507,6001,2024-04-11,32.96,U/L,Low
1103798,706196,6026,2023-02-07,19.12,U/L,Normal
1103799,704203,6002,2021-08-05,14.24,U/L,Normal
1103800,703876,6022,2021-07-12,19.63,mmol/L,Normal
1103801,703818,6016,2025-03-10,17.9,mmHg,Normal
1103802,705972,6001,2021-06-26,20.6,mmol/L,Critical
1103803,703159,6012,2025-11-25,24.01,U/L,Normal
1103804,701653,6010,2023-09-20,18.95,mmol/L,Normal
1103805,704554,6024,2024-07-05,81.21,U/L,Low
1103806,700578,6001,2022-04-25,20.68,mmol/L,Normal
1103807,700157,6015,2023-07-01,6.76,U/L,Normal
1103808,701447,6021,2024-04-11,24.67,%,Low
1103809,700349,6009,2022-01-20,9.5,U/L,Normal
1103810,701102,6008,2024-02-27,12.71,g/dL,Normal
1103811,702634,6002,2024-04-13,66.94,g/dL,Normal
1103812,703587,6024,2021-02-07,24.17,%,Low
1103813,702017,6024,2021-08-02,9.74,mg/dL,High
1103814,700065,6008,2021-01-25,13.83,%,Normal
1103815,704916,6006,2024-03-04,42.21,mmol/L,Low
1103816,705963,6025,2022-10-20,27.77,g/dL,Normal
1103817,704809,6006,2021-05-15,11.32,%,Normal
1103818,703098,6018,2025-06-19,23.01,mg/dL,Low
1103819,704601,6019,2022-07-19,54.91,U/L,Normal
1103820,702976,6003,2021-02-20,59.82,mg/dL,Normal
1103821,702637,6013,2022-04-30,41.97,U/L,Normal
1103822,705847,6024,2023-01-18,53.98,%,Low
1103823,704446,6024,2021-08-20,58.85,g/dL,Normal
1103824,703021,6021,2025-01-18,20.88,mg/dL,Normal
1103825,701201,6017,2024-02-20,5.5,mg/dL,Low
1103826,700939,6020,2021-08-29,13.08,U/L,Normal
1103827,701079,6017,2023-07-27,20.87,%,Low
1103828,701165,6026,2025-04-10,10.45,mmol/L,Normal
1103829,706395,6004,2021-10-22,30.36,g/dL,Normal
1103830,702308,6002,2023-12-02,21.71,mmHg,Low
1103831,702949,6015,2024-04-09,25.66,U/L,Normal
1103832,700854,6018,2021-12-18,26.7,%,Normal
1103833,703907,6002,2025-12-14,52.36,g/dL,Normal
1103834,704772,6006,2021-08-25,12.28,g/dL,Normal
1103835,701265,6011,2025-01-15,21.46,mmol/L,Normal
1103836,706022,6004,2023-08-16,27.03,mg/dL,Normal
1103837,700823,6002,2022-01-03,22.66,U/L,Normal
1103838,702173,6023,2023-03-26,10.22,g/dL,High
1103839,703787,6012,2022-06-23,5.27,g/dL,Normal
1103840,706053,6012,2023-01-20,11.98,U/L,Normal
1103841,701713,6018,2025-11-21,8.68,mmol/L,Low
1103842,701829,6022,2021-12-25,67.25,%,Normal
1103843,703327,6003,2023-05-21,39.27,mg/dL,High
1103844,704158,6014,2025-07-10,7.69,mg/dL,Normal
1103845,705772,6012,2021-09-11,9.18,mmHg,Normal
1103846,700657,6007,2024-12-26,18.25,mg/dL,Normal
1103847,702950,6010,2025-02-02,18.52,mg/dL,Critical
1103848,706113,6002,2025-06-05,13.6,U/L,High
1103849,702081,6005,2025-12-27,43.78,mmHg,Normal
1103850,706155,6017,2023-03-30,12.33,mmHg,High
1103851,703082,6012,2023-07-12,11.12,mmol/L,High
1103852,703692,6023,2022-01-25,44.73,mg/dL,Normal
1103853,701792,6024,2021-09-06,20.2,g/dL,Normal
1103854,701360,6014,2024-11-10,38.94,U/L,High
1103855,703238,6021,2024-05-21,11.86,%,Low
1103856,700046,6025,2025-10-14,87.32,%,Critical
1103857,702952,6025,2024-12-17,12.91,g/dL,Normal
1103858,704619,6005,2025-12-07,31.06,mmHg,Normal
1103859,706343,6016,2022-06-15,6.59,mmHg,Normal
1103860,703584,6025,2022-11-29,18.5,mg/dL,Normal
1103861,705044,6011,2024-11-09,35.29,U/L,Normal
1103862,703444,6008,2025-12-28,13.66,U/L,High
1103863,705455,6014,2021-05-16,13.77,mg/dL,Normal
1103864,704835,6004,2023-09-23,23.97,mg/dL,Normal
1103865,703468,6020,2021-06-24,29.45,U/L,Normal
1103866,700652,6014,2022-12-18,27.91,mmHg,Normal
1103867,705576,6020,2025-11-13,10.35,g/dL,High
1103868,700961,6005,2024-09-03,17.36,%,Normal
1103869,704325,6020,2023-10-11,51.35,g/dL,High
1103870,704003,6001,2025-01-08,9.69,mmHg,Normal
1103871,704243,6006,2025-10-05,14.49,mmol/L,High
1103872,702646,6002,2022-07-23,15.6,U/L,Low
1103873,704988,6004,2021-02-20,36.95,mg/dL,High
1103874,703977,6003,2024-02-12,24.2,mmol/L,Normal
1103875,705916,6017,2025-08-12,20.45,%,Normal
1103876,702373,6012,2022-12-23,15.43,mmHg,Normal
1103877,700050,6014,2022-02-16,9.62,U/L,Normal
1103878,704051,6020,2021-02-27,20.8,mmol/L,Low
1103879,700229,6020,2025-11-23,23.67,mmol/L,High
1103880,702391,6023,2022-04-01,7.36,mmHg,High
1103881,704503,6019,2023-02-10,24.65,mg/dL,Normal
1103882,702638,6015,2022-05-17,24.57,g/dL,Normal
1103883,702734,6017,2023-10-20,40.47,U/L,Normal
1103884,701723,6004,2025-01-13,7.87,g/dL,Normal
1103885,700794,6006,2022-06-27,11.97,mmHg,Critical
1103886,702706,6006,2025-11-24,38.77,mmol/L,Normal
1103887,705669,6019,2022-09-12,37.37,g/dL,Normal
1103888,704382,6004,2025-05-09,12.62,%,Normal
1103889,700950,6011,2024-04-10,23.91,g/dL,Normal
1103890,706054,6012,2025-03-30,20.71,mmHg,Normal
1103891,702378,6013,2022-06-23,59.03,g/dL,Normal
1103892,702652,6018,2024-06-17,22.9,mg/dL,Normal
1103893,703493,6014,2022-09-26,20.27,mmHg,High
1103894,703771,6018,2025-11-22,4.07,mmol/L,Normal
1103895,702361,6004,2023-04-25,12.0,g/dL,High
1103896,700930,6017,2022-12-04,27.06,mg/dL,Low
1103897,705761,6013,2025-07-18,10.54,mmHg,High
1103898,702874,6016,2025-05-12,26.34,mmHg,Normal
1103899,704313,6019,2025-05-26,17.13,g/dL,Normal
1103900,703048,6007,2023-01-10,11.08,U/L,Normal
1103901,703150,6024,2021-11-22,17.85,mmHg,Normal
1103902,705097,6001,2023-08-29,9.53,mmHg,Low
1103903,705976,6002,2023-01-02,15.6,mmHg,Normal
1103904,701695,6001,2023-01-20,16.19,g/dL,Normal
1103905,701227,6016,2021-08-29,10.89,mmol/L,Normal
1103906,700914,6022,2024-10-13,106.05,mmol/L,Low
1103907,702821,6010,2024-11-10,45.75,%,Low
1103908,702147,6008,2023-06-29,20.97,mmol/L,Normal
1103909,702991,6015,2025-07-15,8.28,U/L,High
1103910,704125,6009,2024-12-03,101.47,mg/dL,Normal
1103911,704702,6004,2025-01-30,8.46,U/L,High
1103912,701871,6014,2025-03-29,6.82,%,Normal
1103913,700949,6024,2024-10-29,10.89,g/dL,Normal
1103914,705063,6007,2025-02-27,7.75,g/dL,High
1103915,702803,6014,2025-08-25,25.08,%,High
1103916,700329,6008,2021-10-16,23.88,mmHg,High
1103917,706011,6013,2023-07-20,22.37,mg/dL,Low
1103918,704073,6003,2021-02-10,17.66,%,Normal
1103919,700246,6019,2025-06-01,17.29,mg/dL,High
1103920,704513,6005,2023-03-09,18.82,mmol/L,Normal
1103921,703347,6002,2025-01-02,9.44,g/dL,Normal
1103922,700520,6004,2021-05-23,6.8,%,Normal
1103923,700858,6008,2022-07-14,21.17,mg/dL,Normal
1103924,705503,6015,2022-04-30,11.59,mmHg,Normal
1103925,700424,6016,2021-10-18,16.03,mg/dL,High
1103926,701322,6025,2021-07-17,18.44,g/dL,Critical
1103927,705082,6011,2024-10-11,24.87,%,Low
1103928,704400,6004,2023-05-21,29.68,mmHg,Normal
1103929,706316,6010,2024-10-06,18.49,mg/dL,Normal
1103930,700100,6023,2023-11-20,33.74,mmHg,Normal
1103931,705365,6017,2023-06-08,,mg/dL,High
1103932,704187,6011,2023-03-08,17.08,mmHg,Low
1103933,703759,6012,2022-05-09,50.59,mmHg,Critical
1103934,705478,6022,2023-01-28,4.13,U/L,Normal
1103935,703880,6003,2025-11-06,83.16,mmol/L,Normal
1103936,701213,6006,2021-07-01,16.02,U/L,Normal
1103937,702442,6011,2023-02-06,12.23,mmol/L,Normal
1103938,704110,6026,2021-03-13,24.14,U/L,Low
1103939,704086,6021,2021-12-25,14.76,%,Normal
1103940,701899,6006,2022-01-05,33.55,g/dL,Normal
1103941,703316,6019,2023-01-19,12.69,mg/dL,Normal
1103942,701264,6006,2023-06-18,41.86,mg/dL,Normal
1103943,705927,6025,2025-09-24,15.89,%,Normal
1103944,700523,6020,2025-09-21,13.98,U/L,Normal
1103945,705757,6006,2021-09-15,17.28,mg/dL,Normal
1103946,704319,6019,2021-05-25,19.06,g/dL,Normal
1103947,702156,6010,2023-04-20,30.24,mmol/L,High
1103948,705442,6023,2023-12-01,42.95,%,Normal
1103949,701955,6011,2023-11-17,24.21,U/L,High
1103950,702000,6010,2023-11-14,23.73,mmHg,High
1103951,701510,6015,2021-05-27,48.87,mg/dL,Normal
1103952,704171,6024,2025-10-24,20.53,U/L,Normal
1103953,703355,6013,2023-08-21,21.66,%,High
1103954,701132,6024,2021-10-21,16.37,mg/dL,High
1103955,705318,6019,2023-01-04,24.39,mmol/L,Low
1103956,706355,6003,2024-08-25,11.65,g/dL,Low
1103957,700401,6020,2025-12-04,24.74,%,Low
1103958,701248,6007,2025-06-28,26.93,mmHg,Normal
1103959,700381,6015,2021-01-31,8.74,g/dL,Normal
1103960,706451,6012,2024-05-05,47.59,mmHg,Low
1103961,704578,6017,2025-09-30,5.98,U/L,High
1103962,704752,6023,2024-05-27,12.3,mg/dL,Normal
1103963,701024,6021,2022-07-26,26.11,mmol/L,Normal
1103964,701702,6004,2023-02-13,41.39,mg/dL,Normal
1103965,703317,6017,2021-11-20,16.45,mmHg,Normal
1103966,704119,6007,2025-06-20,30.38,g/dL,High
1103967,706312,6011,2022-05-22,7.85,g/dL,Normal
1103968,705289,6016,2021-04-10,26.24,mmol/L,Normal
1103969,705624,6025,2022-12-19,12.48,mmHg,Low
1103970,700230,6013,2024-10-30,30.57,%,Normal
1103971,701510,6022,2022-03-27,24.8,U/L,High
1103972,701552,6001,2021-07-04,7.1,%,Normal
1103973,700882,6012,2022-03-07,14.19,mmHg,Low
1103974,705494,6018,2024-08-16,23.86,mmol/L,Normal
1103975,702856,6021,2024-03-01,33.15,g/dL,High
1103976,700240,6003,2025-03-14,29.25,%,Normal
1103977,705137,6016,2024-10-02,13.5,g/dL,Normal
1103978,703071,6016,2025-07-14,19.37,U/L,Low
1103979,704217,6023,2023-05-17,36.84,%,Low
1103980,703265,6023,2024-08-14,7.24,mmol/L,High
1103981,705695,6010,2021-01-03,31.85,U/L,Normal
1103982,704635,6017,2022-03-24,41.1,U/L,Low
1103983,703876,6007,2023-05-27,9.69,g/dL,Normal
1103984,703916,6025,2023-05-21,12.92,mmol/L,Normal
1103985,705490,6018,2025-10-01,11.87,%,Normal
1103986,704997,6001,2023-07-24,5.74,mmol/L,Low
1103987,705998,6007,2021-08-12,6.76,mg/dL,Low
1103988,701727,6005,2023-10-03,17.38,mg/dL,Normal
1103989,701887,6012,2022-01-18,15.0,U/L,Normal
1103990,701211,6021,2021-07-26,32.23,mmol/L,Normal
1103991,701033,6016,2024-03-27,13.05,U/L,Normal
1103992,704156,6007,2025-05-31,25.58,%,Normal
1103993,700459,6001,2021-04-20,9.86,mmol/L,Critical
1103994,702378,6022,2025-07-02,50.68,U/L,Normal
1103995,702988,6023,2023-05-24,121.33,g/dL,Normal
1103996,701722,6008,2022-06-17,27.62,mmol/L,Low
1103997,702822,6024,2024-07-31,40.85,mmol/L,High
1103998,700618,6023,2021-09-13,46.62,mmol/L,Normal
1103999,704101,6026,2021-03-19,7.97,U/L,Normal
1104000,701726,6003,2023-09-25,44.39,U/L,Low
1104001,700668,6020,2022-01-20,39.36,U/L,Normal
1104002,702281,6013,2022-01-23,13.98,U/L,Normal
1104003,705501,6014,2021-12-03,15.41,g/dL,Normal
1104004,701706,6001,2021-12-07,17.65,mg/dL,Low
1104005,702509,6005,2024-03-08,15.06,mmHg,Normal
1104006,701711,6007,2024-02-14,16.08,%,Normal
1104007,705495,6008,2023-10-09,3.69,U/L,Low
1104008,705935,6005,2023-07-21,16.3,mg/dL,Normal
1104009,701768,6016,2022-12-28,15.85,mmol/L,Low
1104010,704788,6025,2025-11-17,56.83,mg/dL,Normal
1104011,700292,6024,2022-06-26,24.01,mmHg,Normal
1104012,702773,6025,2025-04-22,23.51,g/dL,High
1104013,700600,6001,2021-03-05,44.88,U/L,Normal
1104014,703198,6022,2024-06-26,9.18,%,High
1104015,700868,6009,2021-05-19,39.87,g/dL,Normal
1104016,703127,6003,2025-02-26,35.51,mg/dL,Normal
1104017,705346,6008,2022-03-14,14.42,U/L,Normal
1104018,701115,6015,2022-02-18,19.87,mg/dL,Normal
1104019,701907,6005,2024-01-11,60.28,mg/dL,Normal
1104020,704779,6021,2023-01-11,15.55,mmHg,Normal
1104021,701891,6018,2022-07-18,78.34,g/dL,Normal
1104022,704915,6004,2025-08-02,8.71,mmHg,Normal
1104023,700031,6022,2025-11-05,22.78,mg/dL,High
1104024,702127,6019,2022-01-11,28.08,mmol/L,Low
1104025,703696,6015,2025-06-30,94.93,mg/dL,Normal
1104026,701889,6004,2025-02-24,43.82,U/L,Normal
1104027,704800,6011,2025-10-30,58.22,mmol/L,High
1104028,703512,6019,2023-03-13,9.95,U/L,High
1104029,700711,6023,2025-04-20,20.61,mmHg,Normal
1104030,705974,6011,2022-04-20,20.72,mg/dL,Normal
1104031,701755,6017,2022-04-25,20.78,mmHg,Normal
1104032,704984,6004,2023-12-04,6.88,mmHg,Normal
1104033,706125,6020,2023-10-18,30.16,mg/dL,Normal
1104034,704561,6010,2025-01-21,70.2,g/dL,Normal
1104035,703299,6008,2023-10-21,27.46,mg/dL,Normal
1104036,703885,6013,2021-07-16,18.55,U/L,Normal
1104037,706208,6002,2024-02-25,64.92,%,Normal
1104038,703747,6013,2024-05-16,3.01,U/L,Normal
1104039,704656,6002,2024-03-31,11.58,mmol/L,Low
1104040,706143,6013,2021-05-14,17.37,mmol/L,Normal
1104041,700236,6017,2021-09-19,38.38,g/dL,Critical
1104042,704622,6019,2024-06-11,83.41,mmHg,Normal
1104043,704340,6025,2024-09-04,57.69,g/dL,Normal
1104044,700718,6021,2023-09-26,30.0,%,Low
1104045,702302,6007,2023-07-26,35.42,%,Normal
1104046,701987,6018,2024-04-24,4.75,mmHg,High
1104047,701110,6014,2024-02-28,15.3,mmol/L,High
1104048,706019,6005,2022-11-04,19.42,U/L,Normal
1104049,701565,6016,2022-09-30,13.19,g/dL,Normal
1104050,703887,6019,2022-08-24,6.23,%,Normal
1104051,702484,6018,2024-07-17,39.51,mmol/L,Normal
1104052,705000,6010,2024-07-04,27.64,g/dL,Normal
1104053,702798,6025,2023-07-15,12.32,mmol/L,Normal
1104054,702290,6010,2021-03-09,16.55,U/L,Normal
1104055,702619,6017,2022-05-28,12.99,U/L,Normal
1104056,705781,6016,2023-07-29,31.96,mg/dL,High
1104057,703841,6009,2023-01-17,32.22,g/dL,Normal
1104058,701445,6024,2025-04-14,15.58,mg/dL,Normal
1104059,702640,6014,2023-01-06,60.21,mmHg,High
1104060,701526,6009,2022-01-19,6.68,%,Normal
1104061,701973,6025,2021-09-23,6.74,U/L,High
1104062,704871,6004,2025-08-30,28.11,g/dL,Normal
1104063,704646,6022,2021-10-02,13.96,U/L,Normal
1104064,706407,6019,2023-06-21,,mmHg,Normal
1104065,705113,6014,2021-11-20,62.08,g/dL,Normal
1104066,701361,6020,2021-11-18,11.98,mg/dL,High
1104067,700687,6012,2021-05-16,88.0,%,Normal
1104068,701149,6002,2025-07-30,13.99,U/L,Normal
1104069,701734,6008,2023-06-04,3.6,%,Normal
1104070,704641,6024,2025-01-25,6.55,mg/dL,High
1104071,704086,6015,2025-06-28,25.16,%,Normal
1104072,704175,6018,2022-01-08,10.95,mg/dL,Normal
1104073,702154,6017,2021-04-08,22.36,mg/dL,Normal
1104074,704498,6008,2022-06-25,130.73,g/dL,Normal
1104075,705364,6011,2024-11-04,26.54,%,Normal
1104076,705254,6014,2025-04-06,18.59,U/L,Normal
1104077,703628,6024,2025-11-25,76.76,mg/dL,Low
1104078,700628,6025,2021-04-20,9.06,%,Normal
1104079,704501,6018,2022-03-01,6.04,mmol/L,Normal
1104080,705843,6018,2021-09-16,17.73,mmHg,Normal
1104081,704520,6022,2022-10-31,9.82,mmol/L,Normal
1104082,702225,6022,2022-06-06,16.09,%,Normal
1104083,701939,6015,2025-09-06,15.69,%,Normal
1104084,701808,6003,2023-09-27,27.24,g/dL,Normal
1104085,702063,6016,2021-11-12,33.17,U/L,Low
1104086,703369,6014,2025-07-01,14.36,mmHg,Normal
1104087,705186,6006,2025-09-03,22.78,%,Normal
1104088,705393,6023,2025-07-29,14.63,g/dL,High
1104089,700584,6017,2024-01-18,13.4,mmHg,Normal
1104090,702425,6016,2022-12-24,12.77,mmol/L,Normal
1104091,704406,6002,2025-05-11,28.32,mmol/L,Normal
1104092,701634,6020,2023-03-17,10.75,U/L,Normal
1104093,704306,6021,2025-03-04,41.97,mmHg,High
1104094,703145,6019,2025-12-27,36.91,U/L,Normal
1104095,704622,6003,2024-01-15,9.73,%,Normal
1104096,702966,6011,2022-10-10,9.23,U/L,Normal
1104097,702331,6022,2024-10-17,21.06,mmHg,Normal
1104098,700215,6019,2024-04-30,5.5,mmHg,Normal
1104099,705875,6007,2024-04-22,11.88,mmol/L,Low
1104100,704437,6010,2025-08-20,6.62,%,Normal
1104101,700634,6014,2024-06-12,16.94,g/dL,Normal
1104102,702309,6004,2025-06-20,20.34,U/L,Normal
1104103,702146,6014,2024-02-14,25.89,%,Normal
1104104,703508,6011,2022-12-16,47.42,mmHg,High
1104105,701412,6013,2025-03-29,7.34,g/dL,Low
1104106,706059,6011,2023-05-13,9.34,%,High
1104107,706096,6025,2022-05-30,26.92,mmol/L,Normal
1104108,701404,6002,2025-09-16,173.56,mmHg,High
1104109,702999,6006,2021-11-20,26.2,mmHg,Normal
1104110,703294,6003,2021-11-12,34.92,mmHg,Normal
1104111,706020,6016,2024-06-13,14.96,mmHg,Normal
1104112,705873,6022,2025-01-26,15.13,g/dL,Normal
1104113,705085,6009,2022-10-17,26.75,mmHg,High
1104114,706221,6014,2023-10-21,15.75,%,Low
1104115,706101,6017,2021-02-25,15.05,mmol/L,Low
1104116,703988,6021,2025-04-10,19.25,mmHg,Normal
1104117,706374,6005,2022-07-20,29.8,%,Normal
1104118,705844,6016,2021-04-26,7.11,U/L,Normal
1104119,703922,6006,2025-09-01,26.22,%,Normal
1104120,706329,6004,2023-07-30,45.62,mmol/L,Low
1104121,703121,6015,2023-01-28,16.3,U/L,Normal
1104122,702948,6010,2023-11-05,14.54,mmol/L,Normal
1104123,704598,6021,2021-02-18,30.58,g/dL,Normal
1104124,702624,6016,2022-12-25,10.27,mmol/L,Normal
1104125,704951,6014,2021-12-04,20.01,mmHg,Normal
1104126,700936,6016,2021-03-08,18.46,mmol/L,Normal
1104127,704732,6007,2024-09-05,25.1,mmHg,Critical
1104128,705765,6022,2021-10-02,11.27,mg/dL,Normal
1104129,701192,6001,2023-02-17,5.68,mmol/L,Normal
1104130,702469,6019,2022-07-13,26.85,%,High
1104131,702098,6002,2025-06-17,16.88,%,Normal
1104132,701530,6005,2021-01-26,96.68,mmol/L,Normal
1104133,701212,6019,2023-07-09,15.21,U/L,High
1104134,703429,6022,2025-04-22,20.38,mg/dL,Normal
1104135,705881,6001,2021-01-17,6.9,mmHg,Normal
1104136,706032,6011,2022-12-14,5.86,mmol/L,Normal
1104137,702784,6008,2023-03-07,31.08,%,Normal
1104138,702743,6009,2025-03-14,23.09,g/dL,Normal
1104139,701206,6021,2025-02-26,14.7,g/dL,Critical
1104140,702862,6009,2021-03-23,6.3,mmHg,Normal
1104141,702622,6007,2023-05-14,9.0,g/dL,Normal
1104142,702505,6008,2022-10-24,10.41,mmHg,Low
1104143,701267,6016,2021-06-13,53.05,mmol/L,High
1104144,701562,6025,2025-03-10,59.05,g/dL,High
1104145,703214,6017,2025-03-10,44.7,mmHg,Normal
1104146,704400,6023,2022-03-08,24.63,mg/dL,Normal
1104147,706480,6011,2024-09-27,6.11,mmHg,Normal
1104148,703912,6011,2024-03-01,6.13,mmol/L,Low
1104149,703759,6016,2025-07-20,40.87,%,Low
1104150,706208,6007,2022-10-15,21.75,mmHg,High
1104151,704010,6014,2024-05-21,10.18,mmol/L,Normal
1104152,704080,6003,2023-01-16,17.04,U/L,Normal
1104153,705231,6003,2021-05-29,10.83,%,Normal
1104154,704462,6024,2025-07-03,17.64,mg/dL,Normal
1104155,705389,6014,2024-11-08,12.68,U/L,Normal
1104156,701600,6004,2022-03-29,22.62,mmol/L,Normal
1104157,701993,6009,2025-12-27,11.55,g/dL,Normal
1104158,703110,6011,2024-02-13,16.13,mmol/L,Low
1104159,701472,6010,2021-01-02,,mmol/L,Normal
1104160,704919,6013,2023-06-05,48.7,mmHg,Low
1104161,700684,6011,2024-07-08,51.96,mg/dL,High
1104162,704925,6023,2025-03-08,6.73,mmHg,High
1104163,701186,6021,2023-11-03,33.02,mmol/L,High
1104164,702024,6022,2025-02-06,17.21,mg/dL,Normal
1104165,703105,6007,2023-03-21,25.65,g/dL,Normal
1104166,703513,6017,2023-06-30,10.76,%,Normal
1104167,701356,6022,2022-12-30,64.08,U/L,Critical
1104168,704553,6015,2025-06-24,14.88,mmol/L,Normal
1104169,705092,6003,2025-04-12,6.98,g/dL,Normal
1104170,703226,6011,2022-05-08,18.59,mg/dL,Normal
1104171,703622,6003,2023-09-19,10.1,mmHg,Normal
1104172,704255,6008,2025-07-09,28.13,mmol/L,High
1104173,706372,6001,2023-03-26,32.94,g/dL,Normal
1104174,701040,6010,2025-12-21,46.14,mg/dL,Normal
1104175,704582,6015,2022-12-22,63.92,mmHg,Normal
1104176,701733,6026,2021-12-29,15.93,%,Normal
1104177,702856,6002,2022-06-02,19.02,%,High
1104178,704366,6008,2022-06-13,17.24,mmol/L,Normal
1104179,704364,6014,2024-03-09,34.85,U/L,Low
1104180,702243,6013,2023-07-23,30.81,U/L,High
1104181,702772,6005,2022-11-18,3.55,mmol/L,Low
1104182,700717,6003,2023-11-09,33.7,U/L,Normal
1104183,705893,6012,2025-11-22,34.65,g/dL,Normal
1104184,704083,6014,2025-08-10,87.1,U/L,Low
1104185,701788,6025,2022-11-26,47.4,%,Normal
1104186,700043,6010,2021-10-08,46.69,U/L,Low
1104187,702393,6007,2023-07-08,,U/L,Normal
1104188,703171,6009,2025-12-21,27.56,mg/dL,Normal
1104189,701128,6014,2023-03-05,20.77,mmHg,Low
1104190,701133,6004,2021-07-08,16.5,mmHg,Normal
1104191,702271,6016,2023-06-23,50.72,mg/dL,Normal
1104192,702192,6015,2022-03-06,40.82,g/dL,Normal
1104193,704203,6009,2023-03-20,18.35,U/L,Normal
1104194,705787,6015,2025-07-23,14.72,g/dL,Low
1104195,702730,6026,2025-04-01,78.01,mmol/L,Low
1104196,702730,6019,2025-04-16,64.21,mg/dL,High
1104197,705154,6025,2025-11-05,18.75,mg/dL,Normal
1104198,705931,6018,2021-06-04,42.18,g/dL,Normal
1104199,702514,6005,2021-04-03,16.53,mg/dL,Normal
1104200,700664,6011,2021-11-22,33.43,%,Normal
1104201,703314,6002,2021-11-26,19.32,mmHg,Normal
1104202,701010,6008,2021-02-14,7.34,mg/dL,Low
1104203,703991,6006,2021-06-14,29.26,mg/dL,Low
1104204,705439,6009,2025-08-15,4.46,U/L,High
1104205,702405,6019,2023-02-14,13.28,mmol/L,Normal
1104206,700207,6001,2023-11-02,16.79,U/L,Normal
1104207,703661,6022,2023-03-19,36.28,mg/dL,Low
1104208,702594,6022,2023-04-22,9.3,mmol/L,Normal
1104209,701720,6022,2021-09-09,23.44,g/dL,Low
1104210,703047,6024,2024-06-03,14.61,%,Normal
1104211,705487,6021,2023-12-09,16.29,mmol/L,Low
1104212,705762,6022,2025-06-20,76.22,mmol/L,Normal
1104213,702144,6018,2022-06-02,32.94,mg/dL,Low
1104214,704926,6016,2023-09-20,5.07,mmol/L,Normal
1104215,702465,6013,2021-12-18,26.27,mg/dL,Normal
1104216,705327,6006,2021-05-11,8.86,mg/dL,Normal
1104217,701193,6021,2022-05-16,50.22,U/L,Normal
1104218,703519,6006,2024-03-14,17.72,mmHg,Normal
1104219,703628,6005,2024-02-19,7.96,mmol/L,Normal
1104220,703391,6001,2025-02-14,15.3,g/dL,Normal
1104221,702131,6008,2023-02-10,18.59,mmHg,Normal
1104222,703463,6025,2025-04-15,30.0,g/dL,Normal
1104223,705375,6023,2024-11-07,31.56,U/L,Normal
1104224,706410,6012,2024-09-02,18.07,%,Normal
1104225,704391,6017,2023-05-01,8.22,mg/dL,High
1104226,705750,6007,2023-01-03,5.73,g/dL,Normal
1104227,701728,6013,2024-01-07,18.64,U/L,High
1104228,700396,6002,2022-03-23,13.58,mmHg,Normal
1104229,702537,6005,2023-03-13,10.78,g/dL,Normal
1104230,700552,6023,2022-08-08,18.72,%,Normal
1104231,703630,6022,2023-03-25,30.97,mg/dL,Normal
1104232,700498,6023,2024-11-17,44.06,U/L,Normal
1104233,702893,6012,2023-04-04,23.3,%,Normal
1104234,702766,6001,2021-05-22,13.84,mmol/L,High
1104235,701462,6001,2023-04-29,30.13,mmHg,High
1104236,701917,6021,2024-02-24,35.08,mmHg,Normal
1104237,702452,6010,2021-09-22,58.78,mmHg,High
1104238,705224,6022,2022-02-01,25.93,U/L,Low
1104239,701325,6010,2021-04-21,30.74,mg/dL,Normal
1104240,705951,6005,2025-09-27,7.05,mmol/L,High
1104241,700846,6016,2022-03-07,18.93,g/dL,Normal
1104242,701855,6021,2023-06-09,54.64,U/L,Normal
1104243,705062,6003,2022-09-06,10.99,%,Normal
1104244,703699,6022,2025-12-02,55.66,mg/dL,Low
1104245,702346,6010,2021-03-08,20.13,mmol/L,Normal
1104246,700810,6010,2022-11-08,9.41,mg/dL,Normal
1104247,703788,6025,2021-10-04,12.13,mmHg,Normal
1104248,700399,6012,2024-06-14,2.54,%,High
1104249,704729,6013,2022-08-21,21.75,U/L,High
1104250,701549,6002,2025-06-24,10.71,mmol/L,Normal
1104251,700576,6012,2024-10-03,14.84,%,Low
1104252,704694,6008,2025-12-08,6.12,mmol/L,Low
1104253,704149,6010,2023-11-11,12.27,mg/dL,Normal
1104254,703419,6009,2021-08-10,5.69,U/L,Low
1104255,703934,6010,2023-10-05,40.48,g/dL,Normal
1104256,705467,6019,2024-07-12,40.16,mmol/L,Normal
1104257,701734,6015,2023-11-03,16.88,U/L,Normal
1104258,704383,6022,2023-06-20,23.01,g/dL,Normal
1104259,701650,6013,2024-03-10,8.96,g/dL,Normal
1104260,701092,6009,2025-11-11,12.83,%,Critical
1104261,703012,6019,2022-06-23,14.98,mmHg,Normal
1104262,705442,6017,2025-12-01,6.24,g/dL,Normal
1104263,705132,6004,2023-06-10,49.93,g/dL,High
1104264,700126,6012,2023-01-25,9.45,U/L,Normal
1104265,705142,6010,2021-01-29,12.85,mg/dL,Normal
1104266,701409,6022,2023-01-22,63.83,%,Normal
1104267,706282,6010,2025-06-26,61.53,mmHg,High
1104268,701152,6023,2023-04-10,25.5,U/L,Normal
1104269,701990,6021,2024-09-04,15.89,%,Normal
1104270,705454,6013,2023-04-03,8.28,U/L,Normal
1104271,703087,6019,2025-01-29,25.9,mmol/L,Low
1104272,705075,6013,2021-07-21,7.01,%,Normal
1104273,702451,6015,2023-03-25,65.99,g/dL,Normal
1104274,704076,6019,2024-01-15,54.52,g/dL,Normal
1104275,701573,6014,2025-09-07,34.78,mg/dL,Normal
1104276,701578,6009,2022-09-22,38.04,U/L,Normal
1104277,701538,6018,2024-09-30,14.72,mmHg,High
1104278,704075,6019,2021-04-05,6.07,%,Normal
1104279,705283,6012,2025-07-13,24.17,mmol/L,Normal
1104280,702217,6025,2021-03-03,7.69,g/dL,Normal
1104281,701146,6001,2021-10-07,7.25,%,High
1104282,704010,6024,2021-12-22,24.61,%,Normal
1104283,702227,6018,2024-09-13,54.28,g/dL,Normal
1104284,702219,6012,2022-05-28,7.79,U/L,Normal
1104285,705707,6012,2023-06-21,51.0,U/L,Normal
1104286,703642,6022,2022-05-23,7.17,U/L,Normal
1104287,703620,6010,2024-08-09,14.34,mmHg,Critical
1104288,702000,6020,2025-05-20,72.77,%,High
1104289,705878,6009,2024-04-17,9.51,%,Normal
1104290,706085,6007,2025-03-09,25.01,mmol/L,Normal
1104291,700955,6021,2025-01-19,5.96,g/dL,Low
1104292,705584,6025,2024-10-30,12.67,%,Normal
1104293,701397,6001,2024-07-12,27.26,mmol/L,Normal
1104294,702862,6024,2023-12-14,25.8,mmol/L,Low
1104295,704077,6026,2023-06-10,9.39,U/L,Normal
1104296,704544,6014,2023-05-26,16.85,mmHg,Normal
1104297,702009,6025,2025-11-07,5.8,%,Normal
1104298,704377,6010,2025-07-09,29.58,mg/dL,Normal
1104299,701520,6014,2022-03-24,13.63,%,Normal
1104300,701241,6009,2021-03-06,3.1,mmol/L,Normal
1104301,704192,6023,2025-06-03,11.61,%,High
1104302,706305,6017,2022-09-10,21.92,%,High
1104303,700827,6019,2022-06-23,24.87,mg/dL,Normal
1104304,700295,6006,2024-01-22,8.86,mg/dL,Normal
1104305,701069,6023,2022-04-02,10.55,%,Normal
1104306,706150,6011,2024-09-06,15.36,mmHg,High
1104307,702213,6019,2023-08-05,3.98,mmHg,Low
1104308,705234,6013,2021-12-08,69.75,mg/dL,Normal
1104309,704935,6014,2025-09-06,31.81,g/dL,Normal
1104310,700240,6003,2024-11-04,41.39,%,Normal
1104311,701913,6007,2023-12-11,20.1,U/L,High
1104312,702589,6009,2024-07-20,47.1,g/dL,Normal
1104313,700464,6021,2024-03-15,7.56,mmHg,Normal
1104314,704050,6007,2021-04-07,30.41,mmHg,Normal
1104315,706204,6013,2021-07-26,23.64,mg/dL,Normal
1104316,700012,6024,2024-09-17,29.61,g/dL,Normal
1104317,702644,6009,2025-03-18,11.2,U/L,Normal
1104318,704741,6015,2022-08-25,11.24,%,Normal
1104319,704767,6021,2025-05-26,18.35,mmol/L,Normal
1104320,703662,6012,2023-12-27,7.97,g/dL,Normal
1104321,700617,6001,2025-05-27,37.08,mmol/L,High
1104322,705040,6014,2021-10-09,14.0,U/L,High
1104323,701073,6004,2024-12-06,24.08,g/dL,Normal
1104324,702302,6026,2022-07-08,3.33,mmol/L,Normal
1104325,701503,6012,2025-03-13,29.41,mmHg,Normal
1104326,700720,6007,2022-04-21,11.29,mmol/L,High
1104327,701822,6012,2024-12-26,22.75,%,Normal
1104328,703037,6014,2025-10-20,10.27,g/dL,Normal
1104329,703278,6019,2025-11-02,24.66,U/L,Normal
1104330,703774,6023,2023-05-15,16.9,mg/dL,High
1104331,700361,6018,2022-03-21,20.45,mmol/L,Normal
1104332,701824,6001,2024-07-31,47.14,mg/dL,Low
1104333,702428,6013,2022-02-27,6.34,mg/dL,Normal
1104334,701342,6009,2023-11-05,13.02,mmHg,High
1104335,703038,6021,2025-12-29,13.19,mmHg,Normal
1104336,704863,6007,2024-09-14,9.75,mmHg,Low
1104337,702481,6001,2024-01-12,10.62,mmHg,Normal
1104338,702267,6024,2025-11-13,146.83,g/dL,Low
1104339,703130,6007,2021-04-19,10.13,U/L,Normal
1104340,702909,6019,2022-07-02,19.09,g/dL,Normal
1104341,703557,6026,2023-05-15,6.71,mmHg,Normal
1104342,701479,6011,2022-03-08,14.21,g/dL,Normal
1104343,706452,6005,2022-02-09,18.79,%,Normal
1104344,706223,6019,2021-02-26,40.91,mmol/L,Normal
1104345,704929,6001,2025-06-11,10.58,g/dL,Normal
1104346,704274,6011,2024-01-18,13.06,%,Normal
1104347,704223,6019,2021-06-25,9.66,U/L,High
1104348,701330,6019,2023-07-16,17.98,mmol/L,High
1104349,700593,6011,2022-09-12,35.1,%,Normal
1104350,701287,6018,2025-01-29,23.21,mmol/L,Low
1104351,700603,6013,2023-04-17,9.24,mg/dL,Normal
1104352,702496,6012,2022-08-22,28.81,mmol/L,Normal
1104353,702017,6022,2023-03-08,17.8,mmol/L,High
1104354,704065,6016,2024-03-05,24.72,mmol/L,Low
1104355,700456,6023,2024-10-15,23.15,g/dL,Normal
1104356,705617,6003,2025-06-03,6.01,g/dL,Normal
1104357,702399,6011,2024-08-22,32.29,mmol/L,Critical
1104358,701631,6013,2021-09-10,15.99,%,Normal
1104359,700528,6001,2024-12-19,15.97,%,Normal
1104360,700788,6003,2023-05-22,15.07,g/dL,Normal
1104361,700484,6001,2023-10-09,111.14,mmol/L,Normal
1104362,704002,6012,2021-12-24,49.69,U/L,Low
1104363,702427,6018,2021-08-14,13.09,mmol/L,High
1104364,705236,6018,2023-12-23,28.43,mg/dL,Normal
1104365,704241,6013,2023-05-08,11.9,U/L,Normal
1104366,705269,6005,2023-06-28,32.67,g/dL,Normal
1104367,705490,6003,2025-02-05,27.23,mg/dL,Critical
1104368,702122,6013,2023-10-20,53.44,mmHg,Normal
1104369,701494,6009,2025-04-15,15.86,U/L,Normal
1104370,704304,6013,2025-07-17,34.8,%,Normal
1104371,700830,6018,2021-08-04,14.43,mmol/L,Normal
1104372,704724,6008,2022-08-22,7.81,U/L,Normal
1104373,706351,6003,2023-10-17,10.08,U/L,High
1104374,702226,6021,2023-03-08,19.88,mmol/L,Normal
1104375,704839,6019,2023-04-09,10.89,%,High
1104376,705155,6023,2024-06-25,9.58,%,Low
1104377,704410,6003,2025-06-01,26.46,%,Normal
1104378,701451,6015,2021-03-09,5.57,%,Normal
1104379,703688,6010,2022-05-21,45.02,mmHg,Low
1104380,705963,6025,2021-12-14,5.21,%,Normal
1104381,703411,6021,2022-06-14,25.37,mmHg,Normal
1104382,700770,6010,2021-10-23,21.36,mmHg,Normal
1104383,700730,6012,2025-07-03,94.87,%,Normal
1104384,704954,6012,2021-01-31,27.0,mmol/L,Normal
1104385,700023,6020,2023-05-10,36.12,%,Normal
1104386,702184,6017,2025-12-21,39.56,g/dL,Normal
1104387,702384,6019,2025-09-21,34.25,mmHg,Normal
1104388,704521,6006,2021-06-01,63.6,mmol/L,Normal
1104389,704307,6019,2021-09-06,34.0,mmHg,Normal
1104390,706221,6024,2023-01-13,15.61,mg/dL,Low
1104391,702028,6005,2024-08-27,40.73,g/dL,High
1104392,702329,6012,2025-06-15,19.16,mmol/L,Normal
1104393,700897,6022,2023-01-22,33.64,mg/dL,High
1104394,700443,6010,2021-06-02,12.45,mmol/L,Normal
1104395,703634,6026,2021-03-17,32.86,g/dL,Normal
1104396,702554,6006,2025-04-03,13.99,U/L,Normal
1104397,706397,6021,2023-08-05,8.02,mmol/L,Low
1104398,705622,6013,2021-06-07,18.5,mmHg,Normal
1104399,704782,6011,2022-05-05,9.9,mg/dL,Normal
1104400,701831,6013,2022-02-23,16.39,mmol/L,Normal
1104401,705889,6021,2022-10-09,26.34,mmHg,Normal
1104402,704986,6007,2023-01-06,15.83,mg/dL,Normal
1104403,705182,6018,2021-12-02,12.74,%,Low
1104404,701919,6005,2021-08-31,6.01,mmol/L,Normal
1104405,705713,6022,2021-10-08,14.93,g/dL,Normal
1104406,704773,6008,2025-05-28,41.76,%,High
1104407,703094,6014,2021-08-03,34.19,mg/dL,Normal
1104408,700119,6023,2023-07-09,35.38,mmHg,High
1104409,705661,6016,2024-11-24,64.57,mg/dL,Normal
1104410,700795,6013,2022-01-08,99.12,%,Normal
1104411,702925,6022,2022-12-17,18.02,mmHg,Normal
1104412,700531,6026,2022-05-29,10.07,mmHg,Normal
1104413,702278,6013,2021-11-17,20.17,U/L,High
1104414,701946,6012,2024-11-05,16.73,mmol/L,Normal
1104415,704338,6025,2023-01-09,34.21,%,Normal
1104416,701498,6005,2023-03-10,30.55,mmHg,Normal
1104417,701726,6004,2022-07-23,53.98,mmHg,Normal
1104418,700494,6020,2025-08-14,25.29,%,Normal
1104419,706399,6017,2022-02-02,18.61,mg/dL,Normal
1104420,701464,6026,2023-09-11,89.29,mg/dL,Low
1104421,702746,6013,2021-03-06,21.95,mmol/L,Normal
1104422,704825,6002,2022-10-02,24.53,mmHg,Normal
1104423,701875,6019,2021-06-07,22.45,U/L,Normal
1104424,702097,6017,2021-06-26,9.46,mg/dL,High
1104425,703878,6023,2023-01-27,19.0,U/L,High
1104426,701890,6024,2022-01-10,22.47,g/dL,Critical
1104427,702373,6005,2022-01-30,20.71,U/L,Normal
1104428,702163,6007,2021-02-26,12.54,mmol/L,Critical
1104429,704605,6026,2021-09-07,21.6,%,Low
1104430,703910,6013,2025-05-24,21.61,mg/dL,Normal
1104431,704896,6014,2024-03-09,38.65,U/L,High
1104432,705105,6007,2022-07-06,6.67,mmol/L,High
1104433,705067,6019,2024-12-05,11.55,g/dL,Low
1104434,703689,6010,2023-02-19,26.76,U/L,Normal
1104435,705481,6018,2022-01-13,5.89,mg/dL,Normal
1104436,705790,6015,2025-04-18,26.85,mg/dL,High
1104437,702641,6024,2022-10-15,29.28,g/dL,Normal
1104438,702369,6017,2025-06-10,15.44,mmol/L,Normal
1104439,705774,6009,2022-01-24,15.49,mg/dL,Low
1104440,706456,6015,2025-10-14,5.22,mg/dL,Normal
1104441,702184,6025,2025-10-02,9.47,%,Normal
1104442,704407,6005,2021-09-14,5.22,U/L,Normal
1104443,706165,6019,2023-07-22,33.39,%,High
1104444,700088,6021,2023-05-08,5.03,U/L,Low
1104445,701647,6002,2025-12-10,15.85,g/dL,Low
1104446,705406,6013,2023-09-29,18.82,mmol/L,Normal
1104447,702247,6004,2023-10-10,24.85,U/L,Normal
1104448,701489,6026,2022-03-09,13.68,mmol/L,Normal
1104449,703723,6007,2021-06-09,53.65,mmol/L,Normal
1104450,703831,6026,2024-11-15,15.62,U/L,High
1104451,702656,6021,2021-10-24,12.23,g/dL,Normal
1104452,702665,6005,2025-03-03,25.1,mg/dL,Normal
1104453,700535,6005,2021-05-05,15.85,mg/dL,High
1104454,704337,6009,2024-01-04,38.24,U/L,Normal
1104455,705099,6026,2025-09-18,3.7,g/dL,High
1104456,701934,6021,2022-09-07,63.6,g/dL,Normal
1104457,705713,6003,2024-04-01,21.62,mmHg,Normal
1104458,704240,6003,2024-05-10,72.04,mmHg,High
1104459,704016,6008,2025-03-01,7.31,U/L,Normal
1104460,700195,6019,2022-06-23,34.86,mmol/L,High
1104461,703710,6013,2025-02-09,9.63,%,Normal
1104462,704024,6012,2025-12-07,3.99,mmHg,Normal
1104463,706234,6011,2025-04-05,24.2,U/L,Normal
1104464,702409,6020,2022-05-09,5.18,mmHg,Normal
1104465,704032,6008,2021-11-04,26.31,mmHg,Normal
1104466,701992,6015,2023-11-14,10.73,U/L,High
1104467,700141,6001,2021-09-13,70.03,%,High
1104468,701288,6014,2025-02-13,78.09,mmol/L,Low
1104469,701287,6019,2023-05-14,46.85,mmol/L,Normal
1104470,700111,6012,2025-07-18,19.11,U/L,Low
1104471,700063,6017,2022-04-24,14.4,g/dL,Low
1104472,700466,6015,2023-10-22,26.4,mmol/L,Normal
1104473,701656,6018,2022-04-25,18.52,mg/dL,Normal
1104474,703712,6020,2025-01-25,5.14,mmHg,High
1104475,705844,6021,2022-06-07,8.33,mmol/L,Normal
1104476,704343,6002,2021-11-13,25.24,U/L,Low
1104477,702293,6007,2023-02-23,16.16,mg/dL,Normal
1104478,706133,6019,2023-06-27,111.26,U/L,Normal
1104479,701748,6009,2023-03-02,9.32,mg/dL,Normal
1104480,702757,6009,2023-04-16,34.85,mmHg,Normal
1104481,701860,6007,2024-12-29,16.88,U/L,Critical
1104482,705258,6018,2024-03-10,14.63,g/dL,Normal
1104483,700283,6013,2021-03-21,41.77,mmol/L,High
1104484,701564,6005,2023-05-08,22.1,%,Normal
1104485,704726,6019,2025-05-23,5.19,g/dL,Normal
1104486,702537,6025,2024-12-29,7.02,mmol/L,Low
1104487,703641,6020,2024-10-03,19.31,mmol/L,Normal
1104488,700522,6006,2025-01-04,11.96,mg/dL,Normal
1104489,702582,6006,2021-07-24,28.29,mmol/L,Normal
1104490,705486,6015,2025-07-07,29.59,mmol/L,Normal
1104491,701012,6025,2024-11-11,27.37,mmol/L,Normal
1104492,701555,6004,2025-07-25,16.9,mmHg,Low
1104493,703482,6026,2021-01-22,38.68,mmHg,Normal
1104494,705080,6025,2021-06-04,4.51,mmol/L,Normal
1104495,706417,6017,2021-05-24,19.5,mg/dL,Normal
1104496,703452,6008,2023-11-08,18.79,mmol/L,Normal
1104497,700352,6001,2024-05-01,40.61,U/L,Normal
1104498,705826,6002,2024-07-15,20.27,mmHg,Normal
1104499,701199,6002,2024-08-22,22.93,g/dL,Normal
1104500,701205,6021,2024-06-28,12.78,mmHg,High
1104501,704267,6018,2021-04-21,50.33,%,Normal
1104502,700187,6010,2021-03-31,31.43,mg/dL,Normal
1104503,704801,6013,2024-06-03,11.5,g/dL,Normal
1104504,702279,6014,2021-10-27,16.7,mmol/L,Normal
1104505,700635,6022,2023-02-02,32.89,mmHg,Normal
1104506,700445,6010,2025-09-03,29.39,g/dL,Critical
1104507,705603,6011,2024-01-03,20.0,mmHg,Critical
1104508,701253,6013,2021-02-20,15.03,g/dL,High
1104509,706147,6004,2021-01-26,17.38,g/dL,Normal
1104510,705944,6012,2021-10-23,18.69,mg/dL,High
1104511,706050,6026,2024-10-16,9.87,mmol/L,High
1104512,703037,6024,2023-04-06,68.15,%,Normal
1104513,703355,6011,2021-01-26,5.79,mmol/L,Normal
1104514,703263,6020,2024-10-30,25.0,mmol/L,Normal
1104515,702697,6003,2021-08-10,16.54,mg/dL,Low
1104516,702545,6025,2025-08-12,12.33,mg/dL,Normal
1104517,705374,6013,2022-09-10,9.52,%,Normal
1104518,705984,6002,2023-04-17,36.24,mg/dL,Normal
1104519,705616,6011,2022-01-01,116.69,%,Normal
1104520,705037,6016,2024-01-17,93.69,mmHg,Critical
1104521,705786,6002,2022-11-01,4.74,%,Low
1104522,703192,6023,2025-01-07,14.97,mmHg,Low
1104523,700497,6026,2021-03-20,11.12,g/dL,High
1104524,702388,6013,2023-12-04,37.75,mg/dL,Low
1104525,704667,6008,2025-08-18,13.07,g/dL,Normal
1104526,706043,6007,2023-11-16,29.5,g/dL,Normal
1104527,704217,6020,2022-09-12,22.63,mmol/L,Normal
1104528,702773,6010,2023-03-08,10.4,%,Normal
1104529,701449,6024,2022-07-09,8.7,U/L,Normal
1104530,705121,6013,2022-06-04,33.5,U/L,High
1104531,702160,6009,2023-09-13,16.46,U/L,Normal
1104532,701137,6009,2024-09-16,20.06,U/L,Normal
1104533,703986,6007,2023-04-09,54.96,mmHg,Normal
1104534,705906,6001,2023-03-24,9.95,mmol/L,Critical
1104535,705301,6017,2022-06-07,25.07,mmHg,Low
1104536,704407,6024,2023-03-18,10.51,g/dL,Normal
1104537,704891,6017,2025-11-23,24.08,g/dL,Normal
1104538,700593,6026,2022-12-04,31.07,mg/dL,Normal
1104539,705812,6005,2023-06-09,39.69,g/dL,Normal
1104540,704963,6016,2024-07-22,8.67,%,High
1104541,702930,6010,2023-10-10,16.3,mmHg,High
1104542,702083,6012,2024-08-05,38.1,g/dL,Normal
1104543,700508,6014,2021-02-23,43.91,%,Normal
1104544,704413,6024,2021-01-19,14.13,mg/dL,High
1104545,702966,6021,2023-11-13,13.55,mg/dL,Low
1104546,705249,6023,2022-12-30,32.56,%,Normal
1104547,704913,6012,2021-04-07,19.85,U/L,High
1104548,706124,6021,2025-04-19,11.79,U/L,Normal
1104549,705893,6015,2024-12-31,91.51,g/dL,Low
1104550,705106,6003,2023-04-13,23.74,g/dL,Normal
1104551,701681,6018,2023-12-31,30.58,mmHg,Normal
1104552,703713,6019,2023-01-09,12.53,%,Normal
1104553,704259,6025,2022-09-01,20.45,mg/dL,Low
1104554,705063,6019,2024-01-28,45.89,mg/dL,Normal
1104555,701001,6024,2023-03-07,5.89,g/dL,High
1104556,703280,6021,2022-07-05,19.09,mmol/L,Normal
1104557,704939,6001,2024-11-28,10.85,g/dL,Normal
1104558,705678,6025,2022-05-05,16.84,mmol/L,Normal
1104559,701343,6011,2023-01-02,46.29,mmHg,Low
1104560,700799,6026,2022-10-21,30.47,%,Normal
1104561,704343,6025,2024-07-30,31.4,mg/dL,Normal
1104562,700699,6018,2021-03-21,29.97,mmHg,Normal
1104563,704108,6009,2024-04-14,35.52,U/L,Normal
1104564,703782,6020,2023-01-28,54.59,mmol/L,Normal
1104565,703982,6005,2021-07-12,12.91,g/dL,Normal
1104566,704564,6003,2023-08-23,5.51,mg/dL,Normal
1104567,700442,6020,2021-10-03,12.03,mmol/L,High
1104568,702996,6024,2022-10-31,29.17,mmHg,Low
1104569,702702,6016,2021-03-07,2.05,mmHg,Normal
1104570,706038,6022,2024-04-18,26.78,g/dL,Low
1104571,700204,6017,2025-08-31,16.36,U/L,Normal
1104572,702251,6023,2021-02-23,42.29,mg/dL,Critical
1104573,701062,6007,2021-08-13,22.82,%,Normal
1104574,705822,6011,2024-12-16,23.14,U/L,High
1104575,703321,6004,2021-09-15,7.01,mmol/L,High
1104576,702985,6023,2023-01-21,5.68,mmol/L,High
1104577,705455,6026,2024-07-22,7.53,%,High
1104578,703186,6024,2023-11-20,10.93,g/dL,Normal
1104579,705250,6003,2022-11-13,4.77,mg/dL,Low
1104580,705648,6010,2023-04-17,17.69,%,Low
1104581,700293,6024,2024-09-04,9.79,U/L,Normal
1104582,700296,6022,2022-08-24,12.41,mmol/L,Low
1104583,705355,6006,2022-10-24,13.52,U/L,High
1104584,705148,6006,2021-06-16,40.72,mmHg,Normal
1104585,704798,6013,2021-02-13,12.66,mmHg,Normal
1104586,700002,6018,2023-12-06,15.69,mg/dL,Normal
1104587,705162,6026,2021-07-26,10.54,%,High
1104588,704074,6021,2022-09-22,27.44,g/dL,Normal
1104589,701396,6013,2024-04-04,11.96,mmHg,Normal
1104590,701655,6006,2025-09-16,22.12,mmol/L,Critical
1104591,701835,6018,2025-02-02,10.27,g/dL,Normal
1104592,704269,6018,2021-05-17,23.95,mmHg,Normal
1104593,702361,6026,2021-04-23,22.84,U/L,Normal
1104594,700724,6009,2023-03-01,9.5,mmol/L,Normal
1104595,700963,6007,2021-05-12,43.55,mg/dL,Normal
1104596,701036,6008,2021-04-25,8.15,mmol/L,Normal
1104597,703019,6006,2024-01-25,9.79,g/dL,Low
1104598,703970,6013,2021-12-09,55.35,mmHg,Normal
1104599,700254,6010,2024-10-12,27.06,mg/dL,Normal
1104600,705799,6004,2023-01-09,26.21,mg/dL,Normal
1104601,706337,6024,2022-01-20,20.89,g/dL,High
1104602,701942,6014,2021-10-28,9.99,mmol/L,Normal
1104603,702755,6011,2025-11-28,13.13,mg/dL,Normal
1104604,706109,6004,2025-11-16,37.02,mg/dL,Normal
1104605,700226,6005,2022-07-23,12.6,mmol/L,High
1104606,702381,6014,2025-08-27,5.01,mmHg,Normal
1104607,700791,6016,2021-03-06,42.6,%,Normal
1104608,703164,6026,2025-06-12,13.34,mmHg,Normal
1104609,701278,6011,2024-12-10,13.87,g/dL,Normal
1104610,702556,6015,2021-03-04,24.98,mg/dL,Normal
1104611,703283,6026,2025-03-21,12.57,mg/dL,Normal
1104612,706399,6022,2021-06-24,17.49,mg/dL,High
1104613,703816,6010,2024-07-21,20.81,mmol/L,Normal
1104614,700974,6019,2023-09-11,20.04,mmHg,Normal
1104615,701801,6023,2022-01-21,5.48,g/dL,Low
1104616,706160,6015,2024-04-06,21.21,U/L,Low
1104617,701765,6016,2025-03-27,129.3,mg/dL,Low
1104618,700802,6004,2022-08-13,26.16,U/L,Critical
1104619,705720,6005,2024-11-02,17.64,%,Normal
1104620,704101,6006,2022-03-30,23.08,g/dL,Normal
1104621,703659,6025,2024-08-12,7.25,mg/dL,Low
1104622,703547,6007,2022-01-01,51.17,g/dL,Normal
1104623,702539,6025,2023-04-30,35.01,mg/dL,Normal
1104624,702544,6001,2022-03-01,6.68,U/L,Normal
1104625,704979,6014,2021-02-14,18.14,%,Normal
1104626,703566,6022,2024-02-18,33.03,mmHg,Low
1104627,700737,6014,2021-04-21,33.63,mmHg,Normal
1104628,701340,6002,2025-11-14,14.42,mmol/L,Normal
1104629,703935,6007,2021-07-11,14.7,mmHg,Low
1104630,701083,6024,2024-07-26,64.39,mmHg,Normal
1104631,700318,6021,2024-07-08,10.27,mg/dL,Normal
1104632,703715,6022,2022-02-13,14.63,mmHg,Normal
1104633,704078,6011,2024-02-12,19.58,U/L,Normal
1104634,701110,6005,2022-10-21,29.62,g/dL,Normal
1104635,700266,6001,2025-03-30,16.99,mmHg,Normal
1104636,706048,6009,2022-12-18,38.55,mmol/L,Normal
1104637,700299,6007,2024-01-05,21.1,mmHg,Normal
1104638,700420,6009,2021-03-25,20.52,mg/dL,High
1104639,701965,6024,2024-05-18,7.86,g/dL,High
1104640,702341,6003,2025-09-30,25.26,mg/dL,Normal
1104641,700234,6013,2023-10-14,37.0,mmol/L,Normal
1104642,701439,6016,2023-07-29,14.14,mg/dL,High
1104643,702558,6025,2022-12-24,7.63,%,Normal
1104644,701186,6016,2025-02-21,70.62,%,Normal
1104645,701696,6010,2025-08-23,19.12,U/L,Normal
1104646,701026,6007,2024-03-29,11.22,mg/dL,Low
1104647,704277,6019,2025-05-29,51.64,%,Normal
1104648,702167,6006,2022-01-10,35.26,g/dL,Normal
1104649,702072,6024,2021-05-02,30.65,mmHg,Normal
1104650,700052,6022,2021-02-03,65.55,mg/dL,Critical
1104651,705073,6010,2024-05-15,34.92,U/L,Normal
1104652,703620,6001,2022-05-13,11.37,U/L,Normal
1104653,702869,6012,2024-03-04,13.53,mg/dL,Normal
1104654,702781,6001,2024-02-09,35.6,mmol/L,Low
1104655,701221,6026,2023-07-13,23.43,mmHg,Normal
1104656,704779,6017,2023-05-09,14.05,U/L,High
1104657,703470,6024,2023-07-17,12.49,U/L,Low
1104658,705857,6025,2025-08-09,6.02,%,Normal
1104659,702604,6019,2021-01-13,7.66,mg/dL,Normal
1104660,703050,6008,2024-08-04,20.75,U/L,High
1104661,704030,6022,2021-03-25,34.62,mmol/L,High
1104662,700227,6008,2021-11-20,13.64,%,Normal
1104663,704805,6007,2024-02-13,68.62,g/dL,Normal
1104664,704296,6020,2022-08-08,15.44,%,Normal
1104665,700580,6014,2024-06-18,19.53,%,High
1104666,702642,6026,2022-05-13,13.47,U/L,High
1104667,705675,6007,2022-09-02,18.29,mmol/L,High
1104668,701361,6018,2025-04-20,56.38,g/dL,Normal
1104669,705206,6001,2025-06-23,25.45,g/dL,Low
1104670,701889,6025,2025-04-24,13.26,%,Low
1104671,704856,6015,2022-03-22,35.49,%,Normal
1104672,704159,6023,2022-06-16,4.36,g/dL,Normal
1104673,701686,6022,2024-01-01,21.11,mmHg,Low
1104674,703710,6023,2021-09-20,31.98,g/dL,High
1104675,705049,6012,2024-01-10,25.98,mmol/L,Normal
1104676,703018,6006,2025-02-05,46.69,%,High
1104677,704649,6011,2024-10-13,30.56,U/L,Normal
1104678,703728,6002,2021-04-20,10.72,mg/dL,High
1104679,701960,6024,2023-04-29,44.93,mg/dL,Low
1104680,702866,6020,2024-10-23,33.43,%,Normal
1104681,700561,6012,2021-08-08,61.52,g/dL,Normal
1104682,700339,6017,2025-08-21,33.26,mmHg,Critical
1104683,703898,6018,2023-04-18,31.11,g/dL,High
1104684,705865,6022,2022-11-03,13.0,mmHg,Normal
1104685,702986,6001,2023-12-18,4.94,mg/dL,High
1104686,702632,6008,2021-07-14,50.04,mmHg,High
1104687,700321,6018,2024-01-08,36.3,mmol/L,High
1104688,700694,6003,2024-08-15,12.96,mmol/L,Normal
1104689,702214,6019,2024-09-14,18.07,U/L,Normal
1104690,700205,6003,2023-01-31,71.93,%,High
1104691,704494,6005,2024-07-29,34.81,mmHg,Normal
1104692,706476,6017,2023-10-27,25.91,%,High
1104693,702887,6015,2023-05-06,28.82,mmHg,Low
1104694,703183,6015,2025-08-18,13.59,mg/dL,Normal
1104695,701011,6019,2023-10-11,26.67,%,Normal
1104696,703231,6010,2022-11-04,26.15,g/dL,High
1104697,703636,6011,2021-05-30,33.32,mmHg,Normal
1104698,702787,6010,2023-04-27,22.26,mmol/L,Normal
1104699,704614,6020,2024-06-22,27.96,mg/dL,Normal
1104700,700982,6023,2023-10-18,4.04,U/L,Low
1104701,700635,6014,2025-09-22,22.25,U/L,Normal
1104702,703153,6013,2021-09-16,11.24,%,Critical
1104703,705551,6026,2023-06-01,20.21,U/L,Normal
1104704,704024,6016,2022-03-09,49.82,mmHg,Normal
1104705,703195,6002,2022-04-03,17.1,%,Normal
1104706,701910,6008,2025-06-11,59.37,mmol/L,Normal
1104707,704145,6004,2022-12-31,13.01,mmol/L,Low
1104708,705208,6005,2022-02-02,17.16,mmHg,Normal
1104709,705138,6013,2021-11-04,32.92,mmHg,Normal
1104710,705328,6023,2023-11-16,53.3,mg/dL,Normal
1104711,700707,6022,2023-02-17,15.71,mg/dL,Normal
1104712,706474,6022,2023-01-31,24.99,U/L,Normal
1104713,705486,6021,2024-07-25,13.82,U/L,Normal
1104714,701963,6010,2022-05-09,39.98,U/L,Normal
1104715,700009,6017,2022-08-23,4.53,mg/dL,Normal
1104716,705569,6009,2021-10-16,16.02,g/dL,Normal
1104717,703046,6005,2021-06-27,33.8,g/dL,Low
1104718,705530,6022,2024-07-13,39.23,g/dL,Normal
1104719,702646,6003,2024-10-24,57.27,mmHg,High
1104720,704663,6020,2022-10-09,8.77,mmHg,Normal
1104721,705302,6010,2021-12-30,49.27,mmHg,Low
1104722,702525,6020,2021-10-21,9.23,g/dL,Normal
1104723,705962,6004,2022-07-16,47.88,mmHg,Critical
1104724,700590,6017,2023-05-15,36.52,mmHg,Normal
1104725,700960,6020,2022-08-05,64.71,mmHg,Normal
1104726,706436,6019,2025-07-16,10.14,g/dL,Normal
1104727,701313,6002,2021-12-27,16.0,U/L,Normal
1104728,702448,6001,2024-10-10,36.49,U/L,Normal
1104729,702464,6006,2024-08-11,21.38,U/L,Normal
1104730,705469,6011,2024-07-03,9.75,g/dL,High
1104731,702786,6016,2023-10-01,5.11,g/dL,Normal
1104732,700645,6021,2022-09-10,45.95,%,Normal
1104733,700897,6023,2023-05-04,27.1,mmHg,Normal
1104734,702880,6009,2025-08-11,13.36,mg/dL,Normal
1104735,700936,6022,2022-01-20,21.55,mmol/L,Normal
1104736,705091,6014,2023-06-28,53.13,mg/dL,Normal
1104737,701300,6002,2022-07-07,50.88,mmHg,Normal
1104738,702118,6012,2025-04-01,37.43,mmHg,Normal
1104739,702253,6007,2025-10-17,20.62,%,High
1104740,705858,6024,2021-09-18,31.38,mmol/L,Normal
1104741,702156,6008,2025-11-02,,%,Normal
1104742,705534,6002,2024-03-21,11.28,mg/dL,Normal
1104743,702135,6016,2023-07-27,21.04,%,Low
1104744,703952,6022,2021-01-17,12.03,g/dL,Normal
1104745,706029,6016,2022-12-24,14.44,g/dL,High
1104746,702972,6016,2021-04-09,42.31,mg/dL,High
1104747,705332,6022,2025-10-03,34.05,U/L,Normal
1104748,705640,6002,2025-05-25,67.44,mmHg,Normal
1104749,701751,6003,2025-07-19,10.75,mg/dL,Normal
1104750,702503,6019,2022-07-16,27.34,U/L,Low
1104751,705066,6021,2024-09-10,19.66,%,Normal
1104752,700566,6025,2023-02-11,10.15,mmol/L,Normal
1104753,700381,6007,2021-04-22,32.15,mg/dL,Normal
1104754,704400,6006,2023-04-10,10.62,g/dL,Low
1104755,705785,6021,2022-03-03,65.93,mmHg,Normal
1104756,702967,6016,2022-12-04,22.92,g/dL,Low
1104757,706358,6021,2022-11-02,48.65,%,Normal
1104758,703044,6004,2022-04-11,11.47,%,Normal
1104759,701137,6003,2025-06-29,9.62,mmol/L,High
1104760,706455,6023,2024-11-02,13.77,mmHg,Normal
1104761,700406,6012,2021-06-18,8.55,%,Critical
1104762,701243,6024,2025-04-03,40.36,%,Normal
1104763,703654,6014,2024-04-27,6.35,mmol/L,Normal
1104764,706229,6016,2025-09-27,30.63,U/L,Low
1104765,703278,6010,2021-08-17,24.23,mg/dL,Normal
1104766,703149,6021,2024-07-16,23.56,%,Normal
1104767,703155,6022,2024-04-18,20.29,mmHg,Normal
1104768,703938,6003,2024-09-27,6.32,mmHg,Normal
1104769,702850,6010,2024-01-11,43.87,mmHg,Normal
1104770,704192,6007,2025-11-28,10.98,mmol/L,High
1104771,701927,6011,2024-06-08,6.82,g/dL,Normal
1104772,704455,6003,2024-08-06,24.28,mmHg,High
1104773,704590,6001,2024-04-17,24.64,mg/dL,Normal
1104774,703058,6026,2023-02-16,11.02,U/L,Critical
1104775,705175,6002,2025-04-04,23.05,mg/dL,Normal
1104776,705740,6005,2024-06-11,33.05,%,High
1104777,705298,6025,2025-12-23,43.19,%,Normal
1104778,701219,6026,2021-06-07,26.89,g/dL,Normal
1104779,702087,6017,2024-07-01,21.13,mmol/L,Normal
1104780,705529,6019,2023-12-28,14.87,mg/dL,Normal
1104781,700334,6018,2025-04-08,17.53,%,Normal
1104782,705836,6004,2025-10-19,10.2,U/L,High
1104783,703419,6024,2022-01-05,40.66,%,Low
1104784,703746,6004,2025-04-29,24.22,%,Normal
1104785,702400,6009,2022-05-18,62.19,g/dL,Normal
1104786,701197,6006,2022-12-10,11.13,mg/dL,Normal
1104787,705180,6004,2022-03-21,7.65,g/dL,High
1104788,704302,6025,2024-11-03,,mg/dL,Normal
1104789,704760,6011,2023-10-13,52.3,%,Low
1104790,703336,6004,2024-11-11,6.98,mmol/L,Normal
1104791,705844,6018,2022-11-13,8.35,mg/dL,Low
1104792,703352,6001,2023-01-07,8.97,U/L,Normal
1104793,700361,6008,2022-12-21,19.6,mmol/L,Normal
1104794,705585,6019,2025-03-25,26.2,mmol/L,Normal
1104795,701277,6003,2025-02-07,23.04,%,High
1104796,704288,6023,2023-08-26,12.95,mg/dL,Normal
1104797,701946,6018,2024-06-30,18.51,g/dL,Normal
1104798,705272,6021,2022-11-07,9.64,mmHg,Normal
1104799,701081,6023,2024-05-16,51.99,mmHg,High
1104800,706050,6006,2023-07-14,32.36,mmHg,Normal
1104801,706124,6002,2023-11-30,11.8,g/dL,Normal
1104802,701273,6001,2023-10-17,38.11,mg/dL,High
1104803,703450,6001,2025-03-24,12.82,mg/dL,High
1104804,703867,6020,2023-03-26,26.24,mmHg,High
1104805,705886,6023,2021-12-20,47.54,mg/dL,Normal
1104806,701762,6020,2022-01-26,125.25,%,Normal
1104807,705293,6002,2021-03-10,40.49,%,Normal
1104808,701305,6015,2021-01-11,7.65,mmHg,Normal
1104809,703792,6022,2025-10-07,7.6,U/L,Normal
1104810,702431,6021,2024-05-26,26.8,mg/dL,Normal
1104811,702075,6026,2021-10-29,37.71,%,Normal
1104812,703973,6013,2025-10-01,14.56,g/dL,Critical
1104813,704008,6014,2021-02-16,51.27,g/dL,Low
1104814,703272,6008,2021-01-22,16.09,mmHg,Normal
1104815,706490,6017,2022-12-07,28.27,mmol/L,Normal
1104816,703468,6009,2021-01-05,26.21,mmHg,Normal
1104817,702405,6010,2025-04-24,22.78,g/dL,High
1104818,702795,6026,2025-01-05,52.28,U/L,Normal
1104819,703665,6017,2021-07-02,18.79,mmHg,Normal
1104820,706489,6019,2023-06-24,35.0,g/dL,Normal
1104821,704327,6026,2025-10-26,18.58,%,High
1104822,705088,6017,2023-02-25,41.0,%,Normal
1104823,704997,6017,2023-05-31,20.51,mmHg,High
1104824,700639,6001,2025-04-25,14.45,mmol/L,Normal
1104825,704240,6001,2023-04-09,7.77,mmol/L,Normal
1104826,705482,6003,2024-04-25,47.83,g/dL,High
1104827,701785,6020,2021-02-26,13.13,mmHg,Normal
1104828,701974,6004,2021-10-29,11.59,U/L,Normal
1104829,701048,6018,2023-02-13,8.68,mmHg,Low
1104830,706040,6013,2021-08-22,28.65,mmol/L,Normal
1104831,701088,6015,2024-04-16,10.88,g/dL,Normal
1104832,705252,6016,2022-03-21,14.44,g/dL,Normal
1104833,703588,6005,2023-02-10,8.71,mmol/L,Normal
1104834,701110,6014,2024-07-04,23.01,U/L,Normal
1104835,701975,6002,2022-10-24,36.33,mmHg,Normal
1104836,701444,6013,2022-05-26,6.81,g/dL,Normal
1104837,700749,6024,2023-11-17,13.05,%,Normal
1104838,701927,6008,2023-08-11,60.9,mg/dL,Normal
1104839,705135,6010,2021-12-16,91.69,mmHg,Normal
1104840,705248,6005,2024-01-15,25.09,%,Normal
1104841,705722,6010,2023-12-23,16.98,mmHg,Normal
1104842,701891,6016,2023-04-15,11.0,mmHg,Normal
1104843,706088,6017,2025-12-10,19.72,mmHg,Critical
1104844,701157,6020,2022-08-08,6.07,U/L,High
1104845,703510,6016,2024-09-02,9.1,mmol/L,Normal
1104846,701486,6023,2023-06-17,6.47,mmHg,High
1104847,704856,6013,2023-08-14,7.18,g/dL,Low
1104848,701701,6019,2024-02-23,33.6,g/dL,Normal
1104849,704170,6012,2021-04-11,8.14,mmHg,Normal
1104850,701471,6015,2021-07-04,8.8,U/L,Normal
1104851,706321,6002,2025-06-20,11.26,%,Normal
1104852,702783,6018,2023-04-16,12.73,U/L,Normal
1104853,704294,6013,2022-05-10,19.65,mmHg,Normal
1104854,706148,6010,2022-07-28,27.62,mmol/L,Normal
1104855,702263,6002,2025-11-30,19.48,mg/dL,Low
1104856,700414,6025,2021-09-17,10.98,mmol/L,Low
1104857,702941,6018,2025-04-27,97.11,mg/dL,Normal
1104858,701260,6017,2022-07-30,24.15,mmol/L,Normal
1104859,701221,6008,2023-12-29,15.94,mmHg,Normal
1104860,703337,6023,2021-06-08,14.68,U/L,Normal
1104861,700234,6011,2024-03-31,5.88,mg/dL,Normal
1104862,704353,6001,2023-04-17,14.15,mmHg,Normal
1104863,704197,6002,2024-08-14,22.63,mg/dL,Low
1104864,705042,6008,2022-08-07,7.88,U/L,Normal
1104865,701428,6018,2021-10-02,8.96,mg/dL,Normal
1104866,702888,6015,2022-03-13,35.46,mmHg,Normal
1104867,702425,6021,2025-06-09,56.13,%,Low
1104868,704455,6025,2024-04-16,3.82,mmHg,Normal
1104869,701833,6009,2025-03-25,31.74,g/dL,Normal
1104870,706227,6010,2024-11-02,52.44,%,Normal
1104871,705571,6006,2023-02-26,108.47,U/L,Normal
1104872,701034,6014,2023-10-14,68.28,mg/dL,High
1104873,704242,6013,2021-08-07,18.14,mmol/L,Normal
1104874,705356,6009,2023-03-28,21.44,mg/dL,Normal
1104875,705252,6026,2021-03-30,10.02,g/dL,Normal
1104876,701332,6021,2024-10-14,9.75,U/L,Normal
1104877,703109,6018,2022-10-27,13.23,mg/dL,Normal
1104878,705256,6015,2022-12-21,20.5,mmol/L,Normal
1104879,701766,6006,2023-03-06,27.34,g/dL,Normal
1104880,705380,6016,2024-11-26,25.39,mmol/L,Normal
1104881,701162,6023,2025-02-19,2.5,g/dL,Normal
1104882,702583,6025,2023-01-25,10.6,%,High
1104883,704755,6001,2021-07-18,5.96,%,High
1104884,700073,6003,2023-11-06,13.25,mmHg,Critical
1104885,704396,6009,2024-11-25,8.11,U/L,Normal
1104886,702901,6001,2023-11-03,27.2,%,Normal
1104887,704790,6013,2024-10-05,17.25,mg/dL,High
1104888,701936,6001,2023-04-11,46.05,g/dL,Normal
1104889,705991,6021,2025-08-31,11.06,mg/dL,Normal
1104890,703504,6009,2024-10-14,27.45,U/L,High
1104891,700522,6023,2025-07-02,42.63,g/dL,Normal
1104892,700865,6008,2024-09-03,17.38,g/dL,Critical
1104893,702544,6002,2024-04-07,20.54,mmHg,Normal
1104894,705190,6005,2021-11-29,127.74,mg/dL,Normal
1104895,703447,6002,2023-10-15,7.46,mmHg,Normal
1104896,702012,6011,2021-07-22,8.87,%,Normal
1104897,704913,6026,2025-08-14,16.06,g/dL,Normal
1104898,701400,6025,2022-08-16,58.6,g/dL,Normal
1104899,701286,6009,2022-11-21,6.3,mmHg,Low
1104900,706472,6015,2025-09-02,8.66,mg/dL,Normal
1104901,705079,6010,2025-11-23,14.76,mmol/L,Normal
1104902,704646,6007,2021-12-20,41.28,mmHg,Normal
1104903,700346,6021,2021-05-11,11.59,mg/dL,Normal
1104904,702923,6010,2021-11-27,28.0,mg/dL,Low
1104905,702819,6024,2022-06-24,20.79,mmHg,Normal
1104906,703784,6022,2025-05-08,22.86,U/L,Normal
1104907,703498,6018,2023-07-22,43.91,g/dL,Normal
1104908,702455,6022,2021-08-13,26.83,mg/dL,Normal
1104909,701495,6020,2022-06-18,64.18,%,Normal
1104910,701351,6019,2025-04-27,60.71,mmol/L,High
1104911,700658,6026,2025-10-16,13.42,mmHg,Normal
1104912,706304,6004,2024-02-28,36.81,%,Normal
1104913,700851,6021,2021-11-16,7.78,%,Normal
1104914,705349,6019,2025-05-15,16.2,U/L,Critical
1104915,700207,6013,2024-02-05,19.29,mmol/L,Normal
1104916,703066,6020,2024-01-03,8.78,mmol/L,Low
1104917,706495,6022,2021-06-30,9.22,%,Normal
1104918,704986,6021,2025-11-20,15.57,mg/dL,High
1104919,703333,6016,2022-10-21,12.71,mmol/L,High
1104920,704140,6010,2025-07-02,44.03,g/dL,Normal
1104921,705543,6016,2022-05-18,174.8,%,Critical
1104922,700219,6025,2024-08-17,13.17,g/dL,High
1104923,705648,6022,2024-12-26,69.67,mmHg,Normal
1104924,706393,6004,2025-07-08,10.31,U/L,Normal
1104925,703332,6022,2024-07-17,22.56,mmol/L,Normal
1104926,700027,6018,2024-05-14,13.84,mmHg,Normal
1104927,701922,6013,2025-10-08,21.06,U/L,Low
1104928,706119,6019,2025-02-20,29.62,mg/dL,Normal
1104929,705696,6008,2023-02-13,8.99,U/L,Normal
1104930,704773,6014,2023-02-17,10.72,mg/dL,High
1104931,705853,6002,2023-06-13,20.67,g/dL,High
1104932,700417,6012,2023-12-14,25.66,mmol/L,High
1104933,701633,6023,2022-03-19,12.35,U/L,Normal
1104934,703401,6017,2023-10-15,21.3,U/L,Normal
1104935,703898,6002,2024-10-14,28.92,mg/dL,High
1104936,700422,6006,2023-07-21,14.63,mg/dL,Normal
1104937,704570,6011,2023-07-11,21.99,U/L,Normal
1104938,705985,6010,2021-11-05,12.11,U/L,Normal
1104939,704271,6019,2024-04-10,19.95,g/dL,Normal
1104940,700176,6011,2021-09-24,,mg/dL,Normal
1104941,702636,6003,2021-02-20,19.25,g/dL,High
1104942,702590,6024,2022-01-03,110.73,mg/dL,Low
1104943,700891,6012,2023-03-15,9.94,mmol/L,Normal
1104944,703197,6005,2025-07-05,30.15,mg/dL,Normal
1104945,705858,6005,2024-11-08,22.76,mmol/L,Normal
1104946,703608,6005,2025-07-18,66.87,g/dL,Normal
1104947,705456,6017,2021-02-04,28.08,g/dL,Normal
1104948,702364,6003,2023-03-19,32.57,U/L,Normal
1104949,703963,6012,2021-07-06,114.12,g/dL,Normal
1104950,701901,6002,2022-01-26,26.13,mg/dL,Normal
1104951,702570,6001,2025-08-12,12.99,%,Normal
1104952,705886,6022,2024-06-29,16.03,%,Normal
1104953,700562,6012,2022-03-08,6.32,g/dL,High
1104954,701607,6019,2025-04-24,36.53,U/L,Normal
1104955,703134,6026,2023-11-15,20.2,mmHg,Normal
1104956,702630,6021,2022-10-04,23.03,%,Normal
1104957,704860,6004,2025-01-07,49.19,mg/dL,Normal
1104958,701164,6003,2023-10-25,8.31,%,Normal
1104959,705541,6016,2025-09-21,18.61,g/dL,Normal
1104960,705286,6022,2023-09-26,15.95,g/dL,Low
1104961,705871,6022,2022-02-14,14.99,g/dL,Normal
1104962,700819,6026,2025-05-02,18.97,mg/dL,Critical
1104963,702899,6003,2024-05-12,9.81,U/L,High
1104964,700181,6015,2022-12-09,13.6,g/dL,Normal
1104965,704712,6015,2022-10-19,27.51,mg/dL,Normal
1104966,701811,6007,2021-07-25,19.04,mmHg,High
1104967,700711,6005,2025-02-10,77.19,mmol/L,Normal
1104968,704566,6002,2022-11-12,45.38,U/L,Normal
1104969,704426,6014,2023-09-10,49.9,mg/dL,Normal
1104970,701697,6007,2025-02-28,59.98,mg/dL,Normal
1104971,700082,6022,2024-08-27,25.4,mmol/L,Normal
1104972,706360,6002,2023-07-07,44.56,g/dL,Critical
1104973,704852,6018,2022-09-17,39.86,U/L,Normal
1104974,701743,6019,2024-05-17,12.22,mmHg,Normal
1104975,703479,6022,2024-09-27,38.17,mmol/L,Normal
1104976,700728,6018,2024-07-30,12.39,mg/dL,Normal
1104977,700792,6008,2024-05-07,36.69,g/dL,Normal
1104978,702817,6021,2025-08-11,21.13,U/L,High
1104979,703761,6002,2025-11-26,9.65,g/dL,Normal
1104980,704644,6024,2024-10-09,11.45,g/dL,Normal
1104981,702899,6019,2024-11-27,8.27,g/dL,Normal
1104982,702495,6013,2021-01-17,29.3,mmol/L,Normal
1104983,700564,6003,2024-12-08,18.06,U/L,Normal
1104984,705378,6024,2023-10-13,30.17,mmol/L,Normal
1104985,700057,6014,2023-09-13,35.4,mmHg,Normal
1104986,700297,6008,2024-12-11,11.04,U/L,Normal
1104987,705133,6002,2024-06-28,27.27,%,Normal
1104988,706399,6003,2023-05-29,26.11,%,High
1104989,702242,6021,2024-09-19,4.34,mg/dL,Normal
1104990,700209,6023,2023-10-31,,g/dL,High
1104991,705261,6021,2023-10-23,20.41,mmHg,Normal
1104992,700470,6018,2024-08-05,20.02,mmHg,Normal
1104993,703608,6025,2025-01-18,43.23,mg/dL,Normal
1104994,701709,6013,2025-10-27,14.03,mmol/L,Critical
1104995,705214,6001,2022-10-29,34.61,mmol/L,Normal
1104996,701360,6016,2023-02-02,16.71,mmol/L,Normal
1104997,702562,6002,2023-09-11,18.08,mg/dL,Normal
1104998,705639,6017,2025-08-26,12.27,%,Low
1104999,705999,6006,2024-04-28,21.0,mmol/L,High
1105000,700787,6026,2023-01-11,23.84,g/dL,Normal
1105001,700698,6023,2024-09-02,32.48,mmol/L,Normal
1105002,705688,6005,2022-04-16,12.12,U/L,Low
1105003,704978,6025,2022-11-18,75.42,mg/dL,Normal
1105004,705747,6022,2021-09-04,15.37,mmol/L,Low
1105005,703191,6019,2024-08-07,7.49,mmol/L,Normal
1105006,704156,6013,2024-10-04,26.58,mmHg,Normal
1105007,702223,6020,2024-06-14,15.45,g/dL,Normal
1105008,703561,6003,2023-01-28,11.04,mmHg,Normal
1105009,703793,6009,2025-12-21,21.78,g/dL,Normal
1105010,706434,6025,2021-07-27,41.69,U/L,High
1105011,700177,6013,2024-03-25,46.57,g/dL,Normal
1105012,701157,6013,2022-10-08,24.95,mmol/L,High
1105013,703551,6010,2025-06-10,14.21,mmol/L,Normal
1105014,701182,6001,2024-01-12,21.21,g/dL,Normal
1105015,706372,6026,2024-03-30,38.17,mg/dL,Normal
1105016,703437,6011,2022-07-30,39.64,mmol/L,Normal
1105017,703070,6016,2023-12-12,33.66,mg/dL,Normal
1105018,704442,6017,2023-05-02,49.28,mmol/L,High
1105019,705604,6007,2025-03-26,9.11,mg/dL,High
1105020,700608,6021,2024-04-19,65.07,g/dL,Low
1105021,705031,6010,2023-07-30,54.91,mmHg,Normal
1105022,700981,6007,2024-10-24,10.74,mmol/L,High
1105023,702489,6001,2025-04-18,23.45,%,Normal
1105024,703981,6012,2025-11-21,25.63,%,Normal
1105025,706058,6004,2023-09-14,27.87,mmol/L,Normal
1105026,701845,6024,2022-09-29,10.44,g/dL,Critical
1105027,706242,6010,2021-11-27,55.8,mmHg,Normal
1105028,705902,6014,2025-08-14,9.09,%,Low
1105029,701277,6024,2022-09-15,12.71,mmol/L,Normal
1105030,705560,6010,2022-12-22,21.43,U/L,Normal
1105031,704089,6022,2024-11-30,33.44,U/L,Normal
1105032,702277,6020,2024-10-08,21.61,g/dL,Normal
1105033,705934,6022,2022-02-13,22.61,mmol/L,High
1105034,706357,6016,2021-02-02,12.04,mg/dL,Normal
1105035,703662,6017,2025-05-12,21.68,%,High
1105036,703296,6025,2025-12-29,24.2,mg/dL,Normal
1105037,705295,6023,2022-03-02,7.09,mmol/L,High
1105038,705807,6012,2023-04-10,14.97,mg/dL,High
1105039,704008,6015,2022-02-18,10.17,mmol/L,Normal
1105040,701750,6005,2024-11-18,23.45,U/L,Normal
1105041,703191,6021,2021-12-09,31.68,g/dL,High
1105042,702450,6012,2021-07-19,49.1,mmol/L,Normal
1105043,700143,6007,2022-09-21,28.39,%,Normal
1105044,704723,6005,2025-06-03,14.68,mmHg,Low
1105045,704984,6021,2025-02-22,6.18,mmol/L,High
1105046,705440,6004,2021-09-23,9.15,mg/dL,Low
1105047,706401,6009,2023-01-05,20.32,mmol/L,Critical
1105048,706370,6018,2021-04-27,16.43,mmHg,Normal
1105049,701303,6023,2025-09-01,21.74,mmHg,Normal
1105050,700440,6004,2024-11-23,32.32,mmol/L,Normal
1105051,706066,6024,2023-09-18,21.37,%,High
1105052,703749,6018,2021-03-02,15.19,mmol/L,High
1105053,700656,6023,2025-02-22,21.09,mmol/L,Normal
1105054,700688,6006,2024-12-05,15.72,mmHg,Normal
1105055,703962,6022,2024-11-26,9.11,mmol/L,Normal
1105056,703591,6002,2023-01-28,25.18,mmHg,Low
1105057,706417,6021,2021-02-16,9.57,mmHg,Low
1105058,704150,6001,2024-12-04,11.62,mmol/L,Normal
1105059,702878,6021,2025-06-02,12.09,%,Normal
1105060,701296,6020,2025-04-08,15.41,mmol/L,High
1105061,703398,6006,2022-01-20,74.0,mmol/L,Low
1105062,704730,6023,2024-03-31,55.72,mmHg,Normal
1105063,701361,6024,2022-12-28,10.9,mmHg,High
1105064,704430,6005,2025-08-11,18.16,mmHg,Normal
1105065,703287,6005,2021-05-29,25.61,U/L,Normal
1105066,703449,6009,2023-03-12,20.97,mmHg,Low
1105067,704033,6020,2021-01-18,9.02,U/L,Normal
1105068,701071,6021,2025-11-21,13.36,mmHg,Normal
1105069,700959,6010,2021-06-11,15.93,mg/dL,Normal
1105070,703384,6003,2023-11-12,8.77,U/L,Normal
1105071,705199,6009,2024-01-30,4.58,%,Normal
1105072,706264,6005,2024-02-17,4.76,mg/dL,Normal
1105073,700418,6002,2021-12-02,23.02,%,Normal
1105074,702328,6007,2025-11-24,28.09,%,Critical
1105075,705522,6026,2024-12-26,17.53,mg/dL,Normal
1105076,703581,6016,2021-04-04,16.39,%,Normal
1105077,701744,6005,2021-05-26,27.4,g/dL,Normal
1105078,703362,6007,2022-01-18,27.47,mmHg,Normal
1105079,706270,6007,2022-10-06,49.86,U/L,Normal
1105080,706086,6023,2022-08-12,5.65,U/L,Normal
1105081,704548,6004,2025-11-01,43.84,%,Normal
1105082,701915,6009,2024-08-23,6.67,mg/dL,High
1105083,700591,6014,2025-09-21,45.07,mmHg,High
1105084,705859,6007,2022-04-27,63.49,mg/dL,High
1105085,700915,6015,2025-03-03,24.98,mg/dL,Normal
1105086,700307,6001,2025-09-29,43.99,g/dL,High
1105087,703705,6001,2023-04-19,16.3,mmol/L,Normal
1105088,703976,6001,2021-07-22,34.31,%,Low
1105089,704321,6012,2021-10-23,26.42,mg/dL,Normal
1105090,703763,6014,2023-02-12,20.34,mg/dL,Normal
1105091,705235,6003,2023-09-29,224.57,mmol/L,Low
1105092,702281,6013,2021-12-09,10.31,mmol/L,High
1105093,700865,6022,2024-03-08,33.53,mg/dL,Normal
1105094,701980,6023,2025-02-26,92.18,U/L,Normal
1105095,705124,6003,2024-03-29,11.53,mg/dL,Normal
1105096,702593,6004,2024-12-28,13.13,mg/dL,Normal
1105097,704292,6002,2022-09-26,82.34,U/L,Low
1105098,702936,6010,2023-07-12,9.9,%,Normal
1105099,704139,6008,2024-06-14,39.65,mg/dL,High
1105100,705705,6014,2022-05-16,50.06,mg/dL,Normal
1105101,701817,6024,2023-11-17,9.59,mg/dL,Low
1105102,705176,6005,2024-05-25,2.45,%,Normal
1105103,702175,6017,2021-05-14,11.98,mmHg,Normal
1105104,701239,6004,2023-03-31,6.54,U/L,Normal
1105105,700625,6003,2021-05-20,25.53,mmHg,Low
1105106,704759,6010,2024-01-28,34.58,mmol/L,Low
1105107,704985,6004,2024-09-06,40.46,mg/dL,Normal
1105108,702411,6015,2023-04-24,5.09,%,Normal
1105109,705670,6003,2021-08-21,15.37,U/L,Normal
1105110,704415,6022,2024-01-11,16.02,mg/dL,Normal
1105111,704363,6009,2024-05-04,21.58,mmHg,High
1105112,700588,6010,2025-07-19,12.24,g/dL,Normal
1105113,705725,6014,2025-10-03,21.56,mmHg,Normal
1105114,705871,6003,2021-03-09,10.4,mmHg,Normal
1105115,705231,6006,2024-04-23,20.7,%,Normal
1105116,703327,6023,2024-10-23,13.76,mmHg,Critical
1105117,703296,6011,2024-02-23,31.34,%,Normal
1105118,703326,6026,2021-06-06,17.26,g/dL,High
1105119,701775,6019,2023-09-11,28.32,mg/dL,High
1105120,702852,6012,2022-09-12,10.03,g/dL,Normal
1105121,701042,6010,2024-10-19,35.91,mg/dL,Low
1105122,702128,6012,2023-04-25,22.23,%,Normal
1105123,701125,6024,2021-04-25,7.38,U/L,Normal
1105124,700709,6019,2022-02-16,30.71,mg/dL,High
1105125,702120,6006,2024-09-15,20.73,%,Normal
1105126,704052,6016,2021-03-20,32.62,mg/dL,High
1105127,704809,6010,2022-11-06,18.76,U/L,Normal
1105128,700722,6014,2024-01-16,16.68,g/dL,Normal
1105129,705452,6013,2021-11-23,30.87,U/L,High
1105130,705913,6013,2024-06-18,10.46,mmHg,Normal
1105131,702997,6009,2023-07-05,26.65,mg/dL,Low
1105132,700993,6011,2024-08-31,9.56,mmol/L,High
1105133,704242,6026,2023-05-08,23.77,mmHg,Normal
1105134,701858,6004,2025-11-08,11.13,mg/dL,Normal
1105135,702339,6002,2021-07-20,8.72,%,Normal
1105136,705800,6025,2023-06-17,73.29,mg/dL,Normal
1105137,700870,6005,2024-02-18,20.48,mg/dL,High
1105138,702315,6006,2023-07-08,58.82,g/dL,Normal
1105139,706065,6009,2021-06-03,21.22,U/L,Normal
1105140,701688,6022,2023-09-05,8.31,mmHg,Normal
1105141,705939,6018,2022-12-21,16.94,U/L,Normal
1105142,703347,6002,2024-10-03,18.43,g/dL,Normal
1105143,702085,6014,2024-12-03,34.37,U/L,High
1105144,702063,6001,2024-04-06,23.21,mg/dL,Normal
1105145,705081,6003,2024-07-28,12.97,U/L,Normal
1105146,706330,6012,2022-10-26,27.8,mmHg,Normal
1105147,700099,6022,2021-01-04,86.51,mg/dL,Normal
1105148,705537,6026,2023-12-22,43.59,U/L,Normal
1105149,700422,6012,2021-12-08,46.32,U/L,Normal
1105150,705388,6022,2023-10-19,13.64,mmHg,Normal
1105151,705908,6003,2024-11-04,25.58,U/L,High
1105152,702483,6012,2021-06-26,42.02,%,Normal
1105153,705326,6014,2023-09-03,45.97,U/L,Low
1105154,701479,6025,2021-03-27,38.94,U/L,Normal
1105155,700780,6011,2023-10-11,10.15,g/dL,Low
1105156,700957,6012,2024-03-21,12.19,mmHg,Normal
1105157,700092,6016,2022-09-21,11.62,mg/dL,Normal
1105158,706174,6011,2023-05-08,8.7,mg/dL,Normal
1105159,706115,6018,2021-07-02,20.85,mg/dL,Low
1105160,704445,6006,2025-04-10,36.88,%,Normal
1105161,702712,6010,2025-11-26,159.63,%,Normal
1105162,701999,6008,2021-09-08,7.36,mmol/L,Normal
1105163,702906,6013,2023-02-08,10.48,mmHg,Normal
1105164,704142,6009,2025-08-18,9.59,g/dL,Normal
1105165,702710,6001,2022-09-05,33.06,g/dL,Low
1105166,705369,6005,2025-06-01,27.24,mg/dL,Normal
1105167,702336,6023,2025-09-11,80.71,g/dL,Normal
1105168,701120,6017,2023-03-16,29.53,mg/dL,High
1105169,705264,6005,2024-11-19,13.25,mmHg,High
1105170,700897,6003,2023-07-25,30.24,U/L,Normal
1105171,704588,6024,2025-01-25,20.19,mg/dL,Low
1105172,701812,6003,2022-04-10,39.66,mg/dL,Normal
1105173,703637,6017,2025-06-25,17.09,g/dL,Normal
1105174,704012,6022,2022-04-10,6.45,%,Normal
1105175,701166,6025,2021-04-25,7.38,mmHg,Normal
1105176,702668,6014,2021-01-13,20.94,U/L,Normal
1105177,705627,6021,2025-11-07,74.61,U/L,Low
1105178,702520,6005,2024-02-16,63.89,g/dL,Normal
1105179,701205,6006,2021-05-05,41.9,mmHg,Normal
1105180,702373,6004,2022-05-27,25.34,mmol/L,Normal
1105181,703085,6021,2023-03-23,19.5,U/L,Normal
1105182,706267,6003,2023-11-11,11.05,mmHg,Normal
1105183,706340,6022,2025-10-13,12.41,mmol/L,Low
1105184,701681,6013,2025-12-29,7.39,g/dL,Normal
1105185,706181,6014,2022-01-18,14.23,U/L,Normal
1105186,703941,6002,2025-04-12,27.49,mmol/L,Normal
1105187,703586,6017,2021-12-08,7.87,mg/dL,Normal
1105188,705119,6005,2023-10-04,15.08,mmol/L,Normal
1105189,703088,6013,2021-12-21,29.5,%,Normal
1105190,701159,6020,2021-12-28,24.44,mg/dL,Normal
1105191,703582,6019,2022-12-02,19.29,mg/dL,Normal
1105192,705772,6005,2021-02-01,52.92,mmHg,Normal
1105193,704539,6024,2025-01-27,92.41,mmHg,Normal
1105194,705422,6005,2024-09-20,29.21,mmol/L,Normal
1105195,704646,6020,2023-02-27,17.94,mg/dL,Normal
1105196,702330,6003,2024-05-23,29.5,%,Normal
1105197,702117,6011,2022-12-23,43.48,mg/dL,Critical
1105198,700054,6022,2024-01-15,6.25,g/dL,Normal
1105199,705162,6018,2025-05-05,17.12,mmol/L,Normal
1105200,702299,6023,2023-08-18,18.79,%,Normal
1105201,700989,6018,2024-04-28,40.18,mg/dL,Normal
1105202,701872,6026,2021-04-24,25.65,U/L,Low
1105203,700157,6015,2023-08-03,37.74,mmHg,Normal
1105204,705068,6005,2025-09-20,14.29,mg/dL,Normal
1105205,704131,6020,2021-11-10,9.17,mmol/L,Low
1105206,704878,6023,2021-08-26,24.44,mg/dL,Normal
1105207,702755,6021,2025-03-02,28.24,g/dL,Low
1105208,700511,6017,2021-03-23,53.32,U/L,Low
1105209,705158,6019,2023-05-16,15.13,%,Normal
1105210,704346,6012,2025-09-19,33.54,mg/dL,Normal
1105211,702555,6002,2024-06-16,14.02,g/dL,Low
1105212,700744,6013,2022-09-04,14.68,mmol/L,Normal
1105213,705622,6015,2022-01-23,10.16,mmol/L,Normal
1105214,701906,6017,2024-03-15,38.74,%,Normal
1105215,700417,6020,2024-01-23,25.41,mmol/L,Normal
1105216,704304,6023,2021-08-09,24.89,g/dL,High
1105217,702447,6001,2024-03-03,30.45,%,High
1105218,701868,6021,2025-09-02,7.62,mmol/L,Normal
1105219,701682,6018,2022-07-18,24.09,mg/dL,Low
1105220,702238,6023,2025-03-29,13.26,U/L,Low
1105221,702118,6013,2021-06-15,21.31,mmol/L,High
1105222,703921,6011,2023-10-03,15.74,g/dL,Normal
1105223,702743,6024,2021-06-29,9.28,mmHg,Normal
1105224,704986,6001,2024-06-30,18.88,mmol/L,Normal
1105225,703150,6005,2021-06-28,16.92,%,Normal
1105226,703076,6012,2023-03-08,6.83,U/L,Low
1105227,704526,6022,2024-03-29,13.45,mg/dL,Normal
1105228,700103,6003,2021-07-06,17.91,%,Critical
1105229,700109,6009,2021-11-30,23.69,%,High
1105230,702024,6007,2023-02-16,7.31,mmol/L,High
1105231,700316,6006,2023-10-24,14.58,mg/dL,Low
1105232,703062,6005,2025-10-27,22.32,%,Normal
1105233,700471,6021,2024-05-28,4.6,mmHg,Normal
1105234,700913,6017,2024-04-15,10.71,U/L,Normal
1105235,700716,6014,2025-08-24,14.86,g/dL,Normal
1105236,701237,6009,2024-04-22,52.38,U/L,Low
1105237,700862,6007,2022-09-14,50.28,mg/dL,Normal
1105238,704356,6019,2023-06-30,14.69,mg/dL,Normal
1105239,705715,6023,2024-12-26,37.59,mmol/L,Normal
1105240,700244,6007,2022-08-11,20.18,g/dL,Normal
1105241,706226,6009,2024-03-31,16.82,mmol/L,Normal
1105242,706056,6025,2021-11-04,19.44,mmHg,Normal
1105243,706496,6001,2023-05-17,8.5,%,High
1105244,701597,6001,2022-11-22,18.31,mg/dL,Critical
1105245,701705,6013,2023-10-19,22.49,mmHg,Normal
1105246,705654,6004,2025-11-10,26.89,U/L,Normal
1105247,705946,6020,2022-06-23,,U/L,Normal
1105248,704335,6012,2023-11-06,24.47,mg/dL,Normal
1105249,705235,6013,2022-06-05,5.33,g/dL,Normal
1105250,704136,6006,2024-03-25,26.01,mmol/L,Normal
1105251,705979,6016,2024-12-10,44.64,mg/dL,Normal
1105252,705019,6026,2025-08-05,12.45,mg/dL,Normal
1105253,700078,6021,2023-02-01,6.95,g/dL,Normal
1105254,701315,6008,2024-03-30,15.58,mmol/L,Normal
1105255,706332,6017,2024-02-03,26.13,%,Normal
1105256,700214,6022,2023-07-26,23.47,g/dL,Normal
1105257,703105,6007,2022-06-07,32.71,U/L,Normal
1105258,700329,6001,2024-01-03,25.28,mmHg,Normal
1105259,702801,6006,2021-03-21,13.98,mmHg,High
1105260,706494,6003,2024-02-07,13.05,U/L,Normal
1105261,701665,6020,2021-11-20,8.5,mmHg,Normal
1105262,705944,6001,2022-08-09,26.2,mmHg,Normal
1105263,700131,6015,2021-02-26,6.45,U/L,High
1105264,706042,6003,2021-04-09,8.9,U/L,Normal
1105265,704629,6021,2024-10-19,36.94,g/dL,Normal
1105266,705653,6026,2022-10-11,23.59,mmol/L,Critical
1105267,703795,6012,2022-04-29,14.29,%,Normal
1105268,705734,6024,2024-09-19,26.95,mmHg,Low
1105269,702531,6003,2023-06-09,28.42,mmol/L,Normal
1105270,704336,6022,2022-11-08,18.13,g/dL,Normal
1105271,701951,6006,2023-12-14,66.23,mmol/L,High
1105272,704053,6011,2025-10-12,52.5,g/dL,Normal
1105273,704198,6002,2023-11-08,10.58,%,Normal
1105274,705473,6017,2023-03-24,28.19,mmol/L,Low
1105275,702266,6019,2024-11-08,34.2,%,Normal
1105276,701836,6016,2021-02-17,30.16,mmHg,Normal
1105277,700180,6023,2024-05-24,33.09,mg/dL,Normal
1105278,703605,6021,2025-01-21,24.14,%,Normal
1105279,701829,6016,2023-01-14,23.21,mmHg,Low
1105280,704778,6010,2025-05-05,134.61,%,High
1105281,702760,6023,2022-12-16,2.33,%,Critical
1105282,702191,6017,2024-01-05,42.41,mg/dL,Normal
1105283,705742,6002,2024-01-10,12.2,mmol/L,Normal
1105284,701889,6023,2022-06-24,13.65,%,Normal
1105285,705563,6023,2021-09-30,43.65,U/L,Low
1105286,701817,6003,2021-09-09,6.45,mmol/L,Normal
1105287,701251,6011,2022-04-01,16.09,%,Normal
1105288,703274,6012,2025-08-20,10.04,U/L,Normal
1105289,700847,6025,2022-08-13,27.31,mmHg,Normal
1105290,704123,6006,2025-04-20,42.33,mg/dL,High
1105291,706083,6020,2021-12-07,26.64,g/dL,Normal
1105292,705752,6002,2021-10-18,8.73,g/dL,Normal
1105293,703385,6005,2025-08-10,12.64,mmol/L,Normal
1105294,703932,6021,2023-11-23,38.82,%,Normal
1105295,705352,6003,2021-06-21,6.31,mmHg,Critical
1105296,704277,6023,2024-07-13,11.7,g/dL,Normal
1105297,702597,6023,2023-02-01,43.1,g/dL,High
1105298,704543,6024,2021-09-26,15.62,mmol/L,Normal
1105299,702416,6005,2022-09-04,18.47,mmol/L,Normal
1105300,702069,6024,2023-02-19,34.69,g/dL,Normal
1105301,700769,6019,2025-02-03,8.53,mmol/L,Critical
1105302,706232,6018,2022-02-23,13.79,U/L,High
1105303,704573,6019,2021-11-16,4.87,mmol/L,Normal
1105304,702250,6013,2024-04-27,32.32,mmHg,Normal
1105305,702077,6019,2024-10-18,11.91,%,High
1105306,704727,6010,2023-09-12,38.23,mmHg,Normal
1105307,703557,6018,2024-01-09,19.53,g/dL,Normal
1105308,701848,6012,2024-02-01,43.08,mmHg,Normal
1105309,700562,6017,2021-07-14,63.55,mg/dL,High
1105310,701722,6013,2021-02-15,107.81,%,Normal
1105311,703448,6011,2024-10-27,25.41,mmol/L,Low
1105312,704079,6014,2021-11-27,59.63,mg/dL,Normal
1105313,704422,6009,2024-04-04,23.49,U/L,Low
1105314,706270,6025,2023-05-14,26.14,mg/dL,Normal
1105315,703012,6011,2021-11-05,36.52,U/L,Normal
1105316,705004,6007,2025-01-09,11.88,g/dL,Normal
1105317,704165,6018,2024-04-01,19.88,g/dL,Normal
1105318,700500,6016,2025-01-05,9.69,mmHg,Normal
1105319,700741,6008,2024-09-26,29.6,mmHg,High
1105320,703824,6022,2025-03-15,12.83,g/dL,Normal
1105321,705827,6011,2021-07-21,11.38,g/dL,Low
1105322,705433,6006,2024-07-25,13.82,mg/dL,Normal
1105323,704924,6005,2023-04-04,14.85,mg/dL,High
1105324,705041,6008,2021-04-19,29.62,mmol/L,Normal
1105325,700847,6025,2023-08-23,16.95,mmol/L,Low
1105326,704534,6023,2024-09-25,47.05,%,Low
1105327,704029,6013,2024-12-16,17.22,mmol/L,Normal
1105328,701490,6012,2025-06-10,15.52,mmHg,Normal
1105329,704824,6018,2024-11-19,25.77,mmol/L,Normal
1105330,705563,6002,2025-08-09,13.8,U/L,Normal
1105331,701105,6013,2022-11-02,8.08,%,Normal
1105332,705268,6016,2021-09-17,5.83,U/L,Normal
1105333,702249,6004,2024-07-15,11.54,g/dL,Normal
1105334,700827,6012,2025-06-11,35.74,mmol/L,Normal
1105335,706188,6014,2025-09-09,5.25,%,High
1105336,705289,6008,2022-01-22,23.15,mmol/L,Low
1105337,701945,6001,2025-07-29,42.33,mmol/L,High
1105338,703728,6019,2022-10-17,11.1,%,Normal
1105339,706075,6026,2025-01-22,14.89,g/dL,Normal
1105340,706074,6004,2024-01-25,5.01,mmHg,Normal
1105341,704669,6015,2025-04-05,17.15,mg/dL,Normal
1105342,702629,6009,2021-09-14,7.35,U/L,Normal
1105343,704706,6006,2022-06-11,34.41,U/L,Normal
1105344,705412,6026,2021-11-29,12.76,mmHg,Critical
1105345,705315,6024,2024-12-04,41.1,U/L,Low
1105346,704660,6006,2024-04-20,19.34,%,Normal
1105347,701841,6004,2021-12-11,81.89,mmHg,Normal
1105348,704417,6024,2021-07-06,24.68,U/L,Normal
1105349,700293,6018,2024-12-12,6.21,mmHg,Normal
1105350,700892,6021,2021-06-22,48.83,%,Normal
1105351,704775,6002,2021-02-13,24.29,mmHg,Normal
1105352,705901,6009,2021-11-16,13.07,mmHg,High
1105353,704851,6024,2021-06-12,74.49,U/L,Normal
1105354,705777,6024,2023-02-26,13.05,mg/dL,Normal
1105355,705223,6008,2025-12-15,14.6,U/L,Low
1105356,704258,6005,2022-01-01,24.38,%,High
1105357,702133,6016,2022-04-11,99.34,mmHg,Normal
1105358,703971,6006,2022-04-20,23.16,mmHg,Normal
1105359,704282,6005,2025-08-27,24.61,%,Normal
1105360,703670,6020,2024-02-01,9.55,%,Low
1105361,701349,6017,2022-08-29,28.58,%,Normal
1105362,700001,6020,2023-09-09,7.5,mmHg,Low
1105363,700319,6002,2021-09-03,54.47,mmol/L,Low
1105364,705405,6020,2023-05-27,17.51,%,Low
1105365,705021,6006,2025-09-19,5.18,mmol/L,Normal
1105366,701096,6008,2023-07-05,15.19,g/dL,Normal
1105367,703330,6006,2023-04-22,11.47,mmol/L,Normal
1105368,705800,6024,2024-03-16,8.48,%,Normal
1105369,703128,6007,2021-05-27,10.63,mmHg,Low
1105370,703502,6018,2023-07-07,17.76,U/L,Normal
1105371,705617,6009,2025-08-28,30.7,mg/dL,Normal
1105372,700718,6021,2022-06-13,5.51,g/dL,Normal
1105373,703790,6026,2025-05-28,40.6,mmol/L,High
1105374,705624,6008,2021-10-13,10.65,mmol/L,Normal
1105375,704052,6003,2022-07-17,18.74,U/L,Normal
1105376,702941,6007,2025-05-14,31.01,mg/dL,Normal
1105377,700879,6006,2021-01-11,3.63,g/dL,Normal
1105378,703397,6002,2025-04-14,44.04,U/L,High
1105379,701070,6001,2025-07-13,20.73,U/L,Normal
1105380,700612,6002,2023-06-30,19.84,%,Low
1105381,702809,6017,2025-07-30,9.83,g/dL,High
1105382,703084,6022,2023-09-03,14.97,%,Low
1105383,706294,6019,2023-03-10,14.86,mg/dL,High
1105384,706051,6009,2024-04-02,32.95,mmol/L,Normal
1105385,701406,6016,2025-05-14,14.78,g/dL,Normal
1105386,703749,6015,2022-12-26,40.0,U/L,High
1105387,701768,6014,2022-05-20,33.73,U/L,Normal
1105388,704918,6024,2022-11-23,12.22,mg/dL,Normal
1105389,701613,6008,2021-03-14,26.38,U/L,Normal
1105390,701853,6025,2023-12-15,5.04,U/L,High
1105391,705940,6011,2024-10-31,42.52,%,Normal
1105392,704730,6020,2022-03-09,92.32,mmHg,Normal
1105393,705099,6011,2021-08-30,20.71,mmHg,Normal
1105394,700883,6002,2023-06-07,40.22,mmol/L,Normal
1105395,700064,6009,2024-08-29,10.7,mg/dL,Critical
1105396,702014,6020,2025-06-14,11.14,%,Normal
1105397,701132,6025,2025-05-12,18.2,g/dL,Normal
1105398,704357,6002,2024-08-17,10.16,g/dL,Low
1105399,703132,6019,2023-09-26,31.38,U/L,Normal
1105400,704968,6023,2024-04-17,18.14,g/dL,Low
1105401,703976,6015,2024-06-19,5.31,mg/dL,High
1105402,702396,6008,2021-03-16,3.1,mmHg,Normal
1105403,703113,6015,2023-08-15,36.75,mmHg,Normal
1105404,702211,6010,2022-03-28,16.6,g/dL,Normal
1105405,704211,6019,2023-01-03,11.35,mg/dL,High
1105406,705080,6019,2024-02-04,17.05,U/L,Normal
1105407,703522,6021,2021-11-19,32.04,g/dL,Normal
1105408,700865,6017,2023-06-24,24.71,mmol/L,Normal
1105409,700805,6010,2024-06-14,11.1,U/L,Low
1105410,703717,6022,2021-11-25,55.52,mg/dL,High
1105411,702661,6001,2023-01-22,21.75,mmHg,Normal
1105412,701958,6020,2023-04-12,13.87,g/dL,Low
1105413,702506,6024,2022-02-15,20.29,%,Normal
1105414,700216,6005,2024-08-31,28.4,mmHg,Normal
1105415,702781,6015,2021-10-27,55.62,g/dL,High
1105416,704857,6005,2021-04-29,28.26,mmHg,High
1105417,702422,6012,2021-09-26,12.12,mmHg,Normal
1105418,701066,6002,2025-12-14,13.27,g/dL,Normal
1105419,700268,6007,2023-08-24,19.58,g/dL,High
1105420,703169,6015,2022-07-08,40.88,%,Normal
1105421,702913,6020,2022-01-05,23.03,g/dL,Normal
1105422,703137,6001,2022-05-23,24.37,mg/dL,High
1105423,702361,6020,2023-04-08,10.62,mmol/L,Normal
1105424,705951,6002,2023-03-30,11.1,%,Normal
1105425,704707,6018,2022-08-03,8.28,U/L,Low
1105426,704993,6005,2023-01-07,23.17,%,Normal
1105427,704047,6009,2025-05-15,14.44,g/dL,Normal
1105428,703123,6018,2022-07-11,11.25,%,Normal
1105429,703678,6006,2025-09-01,,mmol/L,Normal
1105430,706016,6021,2025-11-18,16.56,U/L,Normal
1105431,703946,6004,2023-10-24,60.17,mmHg,Low
1105432,705093,6025,2021-09-19,24.24,%,Normal
1105433,704169,6023,2025-01-04,41.85,mg/dL,Normal
1105434,705759,6009,2021-09-11,6.64,mmol/L,High
1105435,703897,6013,2021-12-12,11.79,U/L,Normal
1105436,706445,6015,2021-09-11,50.26,mmHg,Low
1105437,702724,6013,2021-07-15,17.59,g/dL,Normal
1105438,705065,6007,2021-03-14,153.83,mmHg,Normal
1105439,705896,6024,2023-02-20,45.53,g/dL,High
1105440,701004,6019,2022-09-02,25.81,mg/dL,Normal
1105441,703779,6023,2022-08-04,16.81,U/L,Normal
1105442,702690,6020,2022-03-27,41.81,g/dL,Normal
1105443,700245,6009,2023-07-04,35.48,%,Normal
1105444,704842,6015,2025-11-01,40.54,g/dL,Normal
1105445,702200,6005,2024-03-03,38.86,mmHg,Normal
1105446,705528,6004,2022-10-14,6.92,mmol/L,Normal
1105447,705920,6002,2022-08-21,20.77,g/dL,High
1105448,701406,6007,2024-04-20,8.32,mmHg,Normal
1105449,702323,6015,2022-07-22,15.6,mg/dL,Low
1105450,702268,6012,2021-04-04,6.86,%,Normal
1105451,706107,6026,2024-08-03,15.32,mg/dL,Normal
1105452,704252,6025,2023-06-22,7.93,%,Normal
1105453,704530,6006,2023-11-22,19.51,%,Normal
1105454,701975,6007,2022-04-28,17.01,%,Normal
1105455,704768,6010,2022-10-01,39.59,mmHg,Normal
1105456,700653,6003,2024-10-22,22.46,mg/dL,Normal
1105457,705761,6019,2024-11-29,58.25,g/dL,Low
1105458,703815,6022,2023-11-13,27.65,%,Normal
1105459,701658,6010,2023-02-20,17.62,%,High
1105460,702062,6025,2025-01-20,57.53,mmHg,Normal
1105461,702485,6008,2021-03-28,5.65,mmol/L,Normal
1105462,702723,6020,2022-12-05,21.95,%,Normal
1105463,701557,6006,2024-07-02,8.3,%,Normal
1105464,703368,6023,2025-01-04,48.59,%,Normal
1105465,700856,6009,2023-06-21,21.34,mmHg,Normal
1105466,705911,6011,2021-07-12,32.67,mmol/L,Normal
1105467,704656,6023,2022-08-30,27.93,g/dL,Low
1105468,704064,6022,2024-10-17,22.7,g/dL,Normal
1105469,700660,6016,2025-05-30,23.63,mmol/L,Low
1105470,700065,6011,2023-08-23,4.24,%,Normal
1105471,705336,6020,2023-01-28,10.35,mg/dL,Normal
1105472,706359,6024,2025-10-19,26.31,U/L,Normal
1105473,700444,6016,2024-02-18,4.37,mg/dL,Normal
1105474,703887,6017,2025-06-03,21.45,g/dL,High
1105475,705750,6001,2023-11-03,31.63,mg/dL,Normal
1105476,700439,6008,2023-01-09,29.28,g/dL,High
1105477,700188,6012,2025-12-15,25.98,U/L,Normal
1105478,703887,6016,2022-11-08,9.42,g/dL,Normal
1105479,705018,6018,2021-07-21,26.9,g/dL,Normal
1105480,702323,6016,2021-10-27,22.75,g/dL,Normal
1105481,703679,6014,2024-12-15,6.08,%,Normal
1105482,701800,6020,2022-05-03,8.01,mg/dL,Normal
1105483,700389,6024,2025-12-29,20.34,mmHg,Normal
1105484,705385,6001,2024-12-21,18.68,mg/dL,Normal
1105485,703696,6015,2025-01-07,39.15,g/dL,High
1105486,700138,6022,2021-04-15,47.49,%,Normal
1105487,705674,6014,2025-08-19,17.08,mg/dL,Normal
1105488,705338,6007,2023-05-12,6.9,mmol/L,Normal
1105489,701649,6006,2025-03-07,30.61,U/L,Normal
1105490,701464,6022,2021-03-11,30.9,U/L,Normal
1105491,705738,6003,2025-12-14,10.77,%,Normal
1105492,704545,6006,2022-07-01,7.67,g/dL,Low
1105493,701652,6009,2024-01-09,6.13,mmol/L,Normal
1105494,704476,6005,2025-12-21,32.62,%,Normal
1105495,703523,6018,2023-07-21,26.27,mmHg,Normal
1105496,704768,6005,2025-04-07,19.94,%,Normal
1105497,700080,6024,2023-06-15,6.63,mg/dL,Low
1105498,701255,6007,2021-01-28,51.12,%,Normal
1105499,703452,6008,2022-12-09,30.92,mg/dL,Normal
1105500,701766,6008,2021-12-01,62.24,%,Normal
1105501,704481,6002,2022-02-14,17.42,mg/dL,Normal
1105502,704030,6026,2021-06-25,19.32,%,Normal
1105503,703551,6009,2021-03-17,19.67,mg/dL,High
1105504,702271,6016,2025-08-10,34.9,g/dL,Normal
1105505,705928,6020,2022-11-22,34.38,mmHg,Normal
1105506,704433,6010,2024-11-04,12.6,g/dL,Low
1105507,704453,6025,2022-12-27,9.77,mmHg,High
1105508,705358,6014,2022-08-06,9.63,U/L,Normal
1105509,705256,6017,2023-01-17,29.8,%,Critical
1105510,703634,6008,2024-11-01,15.28,mg/dL,High
1105511,704332,6020,2021-03-18,38.96,mg/dL,High
1105512,700394,6012,2023-07-13,32.56,U/L,Normal
1105513,704928,6020,2021-02-14,60.26,%,Normal
1105514,703742,6011,2021-08-05,21.04,U/L,High
1105515,705591,6002,2023-04-05,7.15,mmol/L,High
1105516,703206,6007,2023-10-08,11.17,g/dL,Normal
1105517,700814,6002,2025-09-01,14.59,mmHg,Normal
1105518,703857,6005,2022-05-05,6.66,g/dL,Normal
1105519,706414,6011,2025-05-06,7.18,U/L,High
1105520,700105,6022,2022-04-22,31.61,g/dL,Low
1105521,701898,6002,2021-09-11,11.86,mmHg,High
1105522,705713,6007,2022-03-28,92.37,mmol/L,Low
1105523,705827,6016,2024-03-03,20.47,U/L,High
1105524,701657,6012,2024-03-31,19.55,U/L,Normal
1105525,703721,6014,2025-09-13,17.28,mmol/L,Normal
1105526,706306,6020,2021-11-11,23.01,mmHg,Normal
1105527,704394,6005,2025-12-22,32.83,mg/dL,Normal
1105528,700677,6024,2022-03-28,56.26,g/dL,High
1105529,704835,6002,2024-04-05,42.25,mmHg,Low
1105530,704574,6017,2021-05-02,17.99,%,Low
1105531,703818,6011,2025-11-30,17.29,mg/dL,Critical
1105532,703530,6019,2024-05-02,24.46,U/L,Normal
1105533,700315,6012,2022-08-14,57.8,U/L,Normal
1105534,705501,6019,2023-06-09,20.52,mmHg,Normal
1105535,702107,6023,2022-05-09,31.83,mmHg,Low
1105536,706416,6002,2024-05-02,30.43,%,High
1105537,700814,6020,2023-05-01,37.7,mmHg,Normal
1105538,706296,6016,2022-03-03,48.39,mmol/L,High
1105539,700477,6009,2025-02-16,19.8,%,Normal
1105540,705562,6022,2024-12-08,13.65,mg/dL,Low
1105541,703699,6015,2022-02-15,13.61,U/L,High
1105542,704991,6004,2025-09-07,47.01,mmol/L,Normal
1105543,704794,6021,2024-03-13,8.49,U/L,Normal
1105544,703180,6023,2025-01-27,3.31,mmHg,Normal
1105545,700092,6010,2021-09-12,9.77,g/dL,Normal
1105546,705073,6004,2022-03-11,2.6,mmHg,Normal
1105547,701108,6005,2025-08-13,39.14,U/L,Normal
1105548,702110,6008,2022-09-06,38.32,mg/dL,Normal
1105549,705420,6011,2021-03-13,9.86,U/L,Normal
1105550,702985,6017,2022-04-13,23.91,mmol/L,Normal
1105551,706072,6023,2022-05-04,14.57,g/dL,Normal
1105552,702301,6019,2024-06-23,42.68,mmHg,Normal
1105553,701577,6006,2025-12-25,7.38,mmHg,Normal
1105554,705131,6014,2023-05-22,10.21,mmol/L,Low
1105555,702515,6001,2024-01-28,9.84,mmol/L,Normal
1105556,705912,6010,2021-12-13,45.16,g/dL,High
1105557,700010,6023,2024-11-02,27.76,mmol/L,Normal
1105558,705039,6004,2022-04-27,21.28,mmol/L,Normal
1105559,700998,6018,2025-07-12,43.64,mg/dL,Normal
1105560,702004,6022,2023-07-20,21.29,%,Normal
1105561,703335,6014,2024-10-13,10.61,%,Normal
1105562,705505,6022,2023-12-22,24.85,mmol/L,Normal
1105563,704302,6020,2025-08-08,29.95,mmHg,Low
1105564,703260,6010,2024-10-03,14.94,mmHg,Low
1105565,705078,6023,2022-07-04,37.02,mmHg,Low
1105566,702093,6011,2024-02-06,45.78,U/L,Normal
1105567,700607,6007,2025-06-17,10.54,mmol/L,Normal
1105568,703854,6023,2024-04-23,9.2,mmol/L,Normal
1105569,706416,6010,2025-04-28,80.2,mg/dL,Normal
1105570,700290,6024,2024-01-15,21.58,mg/dL,High
1105571,701327,6025,2021-10-04,6.79,mmHg,Normal
1105572,700889,6021,2021-12-24,6.68,%,Low
1105573,706382,6025,2024-01-05,21.6,g/dL,Low
1105574,701104,6012,2025-12-29,20.47,mmHg,High
1105575,702310,6008,2021-12-06,39.47,mg/dL,Normal
1105576,703048,6019,2022-10-05,59.71,g/dL,Normal
1105577,701536,6013,2023-10-19,39.39,mg/dL,Normal
1105578,702996,6009,2022-06-06,27.55,mmHg,Normal
1105579,705531,6018,2022-10-12,12.04,mmol/L,Normal
1105580,703443,6017,2022-02-13,17.89,g/dL,Normal
1105581,705326,6023,2024-05-08,6.42,mg/dL,High
1105582,704383,6012,2025-02-11,33.55,mg/dL,High
1105583,704132,6015,2024-02-20,14.84,g/dL,Normal
1105584,702190,6024,2023-06-23,38.48,%,Normal
1105585,705785,6008,2022-02-09,35.84,%,Normal
1105586,701322,6023,2022-05-04,12.51,mmol/L,Normal
1105587,700389,6006,2025-12-10,23.8,mg/dL,Normal
1105588,703027,6006,2022-02-11,54.23,g/dL,Low
1105589,700517,6021,2023-06-02,19.88,mmol/L,Normal
1105590,702745,6023,2024-09-29,20.1,mg/dL,Normal
1105591,701197,6009,2022-12-22,16.16,mmol/L,Low
1105592,705235,6011,2025-12-07,57.27,U/L,Normal
1105593,706078,6025,2022-09-23,20.66,g/dL,Normal
1105594,700300,6004,2021-11-22,13.51,mmol/L,Normal
1105595,701078,6005,2025-03-01,83.77,U/L,Normal
1105596,700565,6020,2023-01-23,13.6,%,High
1105597,705205,6025,2023-07-14,21.82,mmol/L,Normal
1105598,704049,6018,2024-02-17,17.27,mmHg,Low
1105599,703360,6025,2022-10-06,16.92,mg/dL,Normal
1105600,703023,6004,2022-08-14,5.65,mg/dL,Normal
1105601,704098,6009,2023-05-10,78.65,mg/dL,Normal
1105602,705218,6001,2023-04-30,51.89,U/L,Normal
1105603,703794,6026,2021-08-10,13.4,g/dL,Normal
1105604,702131,6013,2025-07-20,41.92,%,Normal
1105605,701671,6004,2024-03-27,23.24,mmol/L,Normal
1105606,701764,6014,2021-08-14,19.0,mmol/L,Normal
1105607,700460,6014,2025-12-01,3.52,U/L,Low
1105608,702929,6021,2022-03-22,58.36,mmHg,High
1105609,701025,6017,2023-12-13,9.26,U/L,High
1105610,703577,6016,2022-11-08,7.97,mg/dL,Normal
1105611,701189,6019,2025-05-16,35.01,mmol/L,Low
1105612,704473,6005,2021-10-02,13.77,U/L,Normal
1105613,702372,6010,2025-09-12,13.92,mg/dL,High
1105614,702407,6022,2025-03-18,149.84,mg/dL,Normal
1105615,700404,6005,2025-02-15,14.88,mg/dL,Normal
1105616,706410,6013,2023-04-12,38.65,mg/dL,Normal
1105617,700169,6024,2022-09-24,34.83,mmol/L,Normal
1105618,704766,6004,2022-04-07,27.1,g/dL,Normal
1105619,702107,6021,2024-04-06,25.66,%,High
1105620,704597,6024,2023-04-09,22.98,mg/dL,Normal
1105621,703872,6019,2025-03-09,9.21,mmHg,Low
1105622,701118,6019,2023-11-12,13.5,%,Normal
1105623,701497,6002,2022-09-12,98.05,%,Normal
1105624,702847,6012,2021-03-04,43.98,mmol/L,Normal
1105625,703783,6020,2023-08-31,17.05,mmol/L,Normal
1105626,701722,6010,2023-06-10,14.96,mg/dL,Normal
1105627,706113,6004,2022-01-04,10.53,mmHg,Normal
1105628,700046,6005,2024-04-15,18.53,mmol/L,Normal
1105629,701428,6014,2022-10-16,25.03,U/L,Normal
1105630,702817,6025,2021-04-07,30.47,mmol/L,Normal
1105631,701452,6024,2025-09-04,24.16,U/L,Normal
1105632,704841,6024,2024-03-07,30.14,mg/dL,Low
1105633,705291,6026,2024-11-26,15.77,g/dL,Normal
1105634,700458,6006,2021-09-24,10.05,mmHg,Normal
1105635,702705,6004,2024-05-19,4.43,U/L,Normal
1105636,702108,6005,2024-07-02,28.97,mmHg,Normal
1105637,704219,6022,2023-11-18,26.48,%,Normal
1105638,704517,6005,2025-12-19,63.34,U/L,Normal
1105639,702887,6006,2025-11-17,30.75,g/dL,Normal
1105640,700540,6015,2022-12-26,63.26,g/dL,Normal
1105641,706456,6007,2024-01-06,14.09,mmHg,High
1105642,703402,6002,2022-04-15,15.55,g/dL,Normal
1105643,702212,6002,2025-09-30,37.98,mmHg,Normal
1105644,700496,6024,2023-02-11,27.1,mmol/L,Normal
1105645,701167,6011,2025-12-14,18.66,mmol/L,Low
1105646,706065,6025,2021-04-27,13.54,g/dL,Normal
1105647,703566,6010,2023-08-23,31.61,mg/dL,Normal
1105648,701276,6016,2022-12-03,26.57,g/dL,Normal
1105649,700622,6019,2021-09-21,38.65,mmHg,Normal
1105650,704492,6019,2021-10-21,14.82,%,Normal
1105651,700229,6016,2024-04-13,12.48,g/dL,High
1105652,705549,6007,2023-04-07,12.28,%,High
1105653,703525,6007,2024-01-07,78.05,mmol/L,Normal
1105654,703505,6019,2022-07-04,11.36,%,Low
1105655,706451,6004,2024-02-25,44.65,mmHg,Normal
1105656,705106,6024,2023-02-12,13.88,g/dL,Normal
1105657,700950,6009,2023-03-11,2.22,mg/dL,Normal
1105658,704608,6002,2025-06-17,33.61,%,Normal
1105659,702762,6019,2022-02-14,15.01,mg/dL,Normal
1105660,705896,6015,2022-07-10,17.96,U/L,Normal
1105661,704091,6020,2021-10-17,23.53,mmHg,Normal
1105662,705011,6019,2023-04-27,33.57,mmol/L,High
1105663,702641,6014,2021-12-18,24.31,mmHg,Normal
1105664,703345,6013,2021-07-31,31.43,%,Normal
1105665,702590,6019,2022-01-05,12.0,mmHg,Normal
1105666,702801,6008,2025-03-19,14.53,%,Low
1105667,705574,6024,2023-08-16,5.93,U/L,Normal
1105668,704504,6023,2022-07-01,21.15,%,High
1105669,703725,6021,2021-07-08,18.24,mg/dL,Normal
1105670,706108,6005,2021-04-06,43.52,U/L,Low
1105671,704160,6014,2022-04-15,18.59,mmHg,Normal
1105672,700037,6013,2025-09-04,24.88,g/dL,Normal
1105673,705200,6012,2023-08-21,55.16,%,Normal
1105674,702935,6001,2022-01-05,13.97,g/dL,Normal
1105675,705667,6019,2025-06-20,7.42,g/dL,Normal
1105676,705660,6022,2024-06-26,14.61,g/dL,Normal
1105677,706026,6023,2025-06-06,68.08,mmHg,Low
1105678,705595,6015,2023-03-22,15.81,mmol/L,Normal
1105679,705546,6019,2025-09-24,15.14,mmHg,Low
1105680,700936,6023,2023-03-10,11.13,mmol/L,High
1105681,704481,6008,2022-10-22,48.4,%,Normal
1105682,703437,6007,2023-06-27,28.71,mg/dL,Normal
1105683,701135,6023,2025-10-15,38.57,U/L,Normal
1105684,701679,6024,2021-04-23,34.18,U/L,Normal
1105685,706062,6003,2025-07-21,37.56,mg/dL,Normal
1105686,702893,6001,2024-11-14,15.37,mg/dL,Low
1105687,705408,6024,2021-04-22,19.49,mmol/L,Normal
1105688,703974,6025,2023-05-09,45.88,%,Normal
1105689,700067,6019,2021-06-23,5.0,%,Normal
1105690,700006,6026,2025-06-12,17.2,g/dL,Normal
1105691,700644,6018,2021-02-19,30.04,g/dL,Low
1105692,703391,6019,2023-05-19,54.23,%,Normal
1105693,703300,6019,2024-05-17,8.04,U/L,Normal
1105694,702690,6015,2022-12-14,54.8,mmHg,High
1105695,702062,6026,2025-08-18,6.52,mg/dL,Normal
1105696,703591,6015,2023-03-12,12.08,mg/dL,Normal
1105697,703972,6022,2021-12-28,12.0,%,Normal
1105698,704497,6009,2025-07-16,70.87,mmHg,Low
1105699,706412,6022,2022-08-30,34.75,U/L,Normal
1105700,704523,6024,2025-07-14,27.36,mg/dL,Normal
1105701,704927,6012,2025-08-02,30.05,U/L,Normal
1105702,700041,6023,2021-02-10,24.1,U/L,Normal
1105703,706404,6017,2023-05-19,11.69,mmol/L,Normal
1105704,703382,6002,2022-09-21,9.96,U/L,Normal
1105705,700246,6013,2023-03-12,28.94,U/L,Normal
1105706,703215,6014,2025-06-04,19.22,g/dL,High
1105707,704718,6012,2025-12-01,49.91,%,Low
1105708,705207,6015,2023-10-16,20.38,U/L,Critical
1105709,702533,6011,2025-08-24,41.55,U/L,High
1105710,703511,6023,2022-10-27,23.63,mg/dL,Normal
1105711,701040,6014,2024-01-24,18.94,%,Normal
1105712,701170,6014,2025-08-21,83.89,U/L,Critical
1105713,700230,6022,2022-09-25,16.33,U/L,High
1105714,702916,6012,2025-09-16,12.77,mg/dL,Normal
1105715,702858,6019,2021-10-07,53.78,mg/dL,High
1105716,701804,6004,2021-04-30,17.81,mmol/L,Normal
1105717,700804,6016,2025-12-24,50.44,g/dL,Normal
1105718,704571,6015,2022-10-28,19.75,%,Low
1105719,704914,6015,2023-02-08,31.37,g/dL,Normal
1105720,703684,6004,2023-01-19,16.69,g/dL,Normal
1105721,702540,6015,2024-09-30,20.38,mmol/L,Normal
1105722,704907,6017,2021-08-04,17.05,g/dL,Low
1105723,705238,6012,2022-10-28,45.11,U/L,Low
1105724,705638,6004,2021-03-17,21.44,mmHg,Normal
1105725,703478,6003,2023-05-01,33.02,mg/dL,Normal
1105726,705403,6002,2025-08-17,14.31,mmHg,Normal
1105727,701317,6003,2022-10-09,48.54,mg/dL,High
1105728,703015,6026,2024-06-08,25.49,U/L,Normal
1105729,706278,6011,2025-07-30,35.27,U/L,Normal
1105730,701392,6016,2022-08-01,34.53,mmHg,Normal
1105731,701993,6022,2025-08-06,26.9,mg/dL,Normal
1105732,703101,6017,2022-11-17,28.62,g/dL,Normal
1105733,701850,6013,2021-05-10,77.96,%,Normal
1105734,704013,6013,2024-04-13,15.49,mmHg,Low
1105735,702505,6018,2021-03-30,25.62,U/L,High
1105736,700451,6016,2024-12-03,24.6,%,Normal
1105737,700169,6022,2024-07-18,4.23,mmol/L,Critical
1105738,702887,6010,2023-11-13,14.63,mmol/L,Normal
1105739,703008,6023,2025-10-12,12.19,mmHg,Low
1105740,704805,6011,2024-05-20,15.73,%,Normal
1105741,700513,6021,2024-04-24,15.55,mmHg,Normal
1105742,704318,6023,2023-09-14,22.49,%,Low
1105743,704860,6013,2025-11-23,10.49,U/L,Normal
1105744,706492,6026,2023-08-10,50.8,mmHg,Low
1105745,701562,6004,2023-05-23,23.41,mg/dL,Normal
1105746,702856,6017,2022-03-01,19.21,mmol/L,Normal
1105747,706463,6014,2025-09-08,72.15,mmol/L,Low
1105748,704662,6003,2023-12-12,11.0,U/L,High
1105749,703840,6016,2021-07-06,22.43,mmol/L,Normal
1105750,701085,6019,2021-11-20,6.74,mg/dL,Critical
1105751,702150,6015,2024-06-14,5.43,U/L,High
1105752,703361,6007,2021-05-07,24.06,mg/dL,Normal
1105753,702761,6008,2025-12-04,19.65,g/dL,Normal
1105754,700608,6025,2021-12-01,13.17,mmol/L,Normal
1105755,701637,6021,2022-08-08,13.27,mg/dL,Normal
1105756,702402,6010,2022-08-28,48.8,U/L,Low
1105757,700052,6018,2022-09-24,9.52,mmHg,Low
1105758,702674,6002,2022-11-27,8.35,mmHg,Low
1105759,700266,6007,2024-07-22,13.56,mg/dL,Low
1105760,700174,6011,2023-11-05,40.78,U/L,Normal
1105761,701801,6008,2022-08-30,5.33,mmol/L,Normal
1105762,700671,6025,2022-02-27,7.11,mmol/L,Low
1105763,705581,6010,2025-06-04,4.74,%,Normal
1105764,705056,6014,2023-11-19,28.88,mg/dL,Normal
1105765,705014,6012,2025-07-29,41.99,mmol/L,High
1105766,702679,6022,2024-08-23,32.71,%,Normal
1105767,700709,6024,2024-08-18,14.28,mmHg,Normal
1105768,705045,6003,2025-11-22,12.34,mmol/L,Normal
1105769,704757,6011,2025-05-06,19.0,%,Normal
1105770,706085,6005,2024-05-21,27.8,mmol/L,Normal
1105771,705579,6017,2021-06-12,22.94,g/dL,Normal
1105772,702128,6014,2024-04-22,19.77,g/dL,Normal
1105773,702727,6002,2025-10-04,21.29,U/L,Normal
1105774,701119,6020,2021-10-18,16.84,%,High
1105775,701546,6024,2025-04-14,8.41,mg/dL,Normal
1105776,706241,6011,2022-04-20,16.45,mg/dL,Normal
1105777,700687,6022,2024-04-13,58.76,%,Normal
1105778,705650,6003,2021-06-24,16.15,mmHg,Low
1105779,706083,6020,2025-01-16,5.4,mg/dL,Normal
1105780,705762,6006,2024-08-28,29.11,mg/dL,Normal
1105781,705070,6011,2021-11-28,14.47,g/dL,Normal
1105782,700898,6012,2023-06-26,12.61,g/dL,Normal
1105783,702910,6020,2022-01-09,13.57,mg/dL,Low
1105784,700051,6001,2022-06-04,7.79,mmol/L,Normal
1105785,704017,6020,2021-01-05,7.9,mg/dL,High
1105786,706399,6007,2023-12-11,9.41,%,Normal
1105787,700567,6020,2023-03-07,21.15,%,Normal
1105788,702349,6014,2023-08-26,18.72,g/dL,Normal
1105789,704594,6017,2025-09-09,7.83,g/dL,High
1105790,703777,6009,2023-07-01,38.38,mmol/L,Normal
1105791,702348,6015,2022-06-13,37.99,U/L,High
1105792,705677,6007,2022-10-08,19.29,mmol/L,Normal
1105793,702441,6021,2024-10-23,33.08,mmol/L,Normal
1105794,702850,6002,2022-04-22,6.35,%,Normal
1105795,706048,6014,2024-05-31,9.62,mg/dL,Normal
1105796,706068,6006,2023-03-28,22.1,mmHg,Normal
1105797,703085,6009,2023-01-06,19.38,mmHg,Normal
1105798,704038,6001,2023-07-23,11.85,mmHg,Normal
1105799,703548,6005,2024-11-13,23.98,U/L,High
1105800,702552,6015,2023-01-10,15.29,mg/dL,Normal
1105801,701909,6007,2023-10-25,20.69,mmol/L,Normal
1105802,702107,6011,2021-11-02,11.79,g/dL,Normal
1105803,702202,6013,2025-05-31,38.55,mg/dL,Critical
1105804,701283,6014,2024-06-05,14.46,mg/dL,Normal
1105805,704746,6014,2025-11-18,10.57,mg/dL,Normal
1105806,703306,6019,2022-10-20,112.25,%,High
1105807,703421,6003,2023-11-20,15.43,mg/dL,Normal
1105808,700594,6007,2022-07-12,14.17,U/L,High
1105809,705798,6020,2025-09-16,12.43,mmHg,High
1105810,703023,6005,2023-09-08,25.99,mmHg,Normal
1105811,705151,6005,2024-10-04,44.56,mmol/L,Normal
1105812,703784,6005,2023-11-17,20.94,mmol/L,Normal
1105813,703878,6019,2024-03-04,42.85,U/L,Low
1105814,705411,6001,2022-11-06,10.14,%,Normal
1105815,705387,6014,2024-06-16,43.05,mmol/L,Normal
1105816,703258,6006,2022-12-24,8.79,mg/dL,High
1105817,702842,6026,2025-11-07,29.32,mmol/L,Normal
1105818,701168,6010,2025-05-07,9.0,%,Normal
1105819,705764,6025,2023-12-11,39.22,mmol/L,High
1105820,703789,6021,2022-05-23,19.55,U/L,Normal
1105821,703560,6015,2022-11-10,15.01,%,Low
1105822,706213,6015,2022-01-14,12.12,mmol/L,Normal
1105823,705083,6020,2023-09-13,33.59,g/dL,High
1105824,700991,6009,2024-06-05,33.2,mg/dL,High
1105825,704444,6012,2025-07-23,53.17,g/dL,Low
1105826,706317,6024,2023-06-09,9.35,mg/dL,Normal
1105827,702536,6005,2024-12-24,161.33,mg/dL,Normal
1105828,701220,6022,2021-03-29,17.02,mmHg,Low
1105829,702522,6003,2025-03-22,3.62,mg/dL,High
1105830,703511,6015,2025-06-15,16.76,g/dL,Critical
1105831,700408,6022,2021-06-09,18.65,mg/dL,High
1105832,701368,6018,2023-11-05,30.46,mg/dL,Normal
1105833,702891,6019,2021-11-05,30.24,U/L,Low
1105834,701976,6015,2021-12-10,8.68,g/dL,Low
1105835,704571,6013,2022-06-07,12.98,%,Low
1105836,701173,6001,2024-10-28,24.94,mg/dL,Normal
1105837,700811,6017,2024-05-16,12.86,%,Normal
1105838,703476,6022,2023-10-04,20.74,U/L,Low
1105839,701787,6002,2025-05-23,18.56,mmol/L,Normal
1105840,706407,6019,2021-02-26,26.72,g/dL,Normal
1105841,706234,6014,2023-05-17,14.13,mg/dL,Low
1105842,702919,6018,2022-03-14,21.61,mg/dL,Normal
1105843,703534,6013,2022-02-04,28.75,mg/dL,Normal
1105844,705552,6011,2025-11-17,7.42,g/dL,Normal
1105845,700363,6001,2023-08-14,42.51,mmol/L,Normal
1105846,700834,6005,2025-09-18,16.02,g/dL,Normal
1105847,702210,6020,2024-01-06,20.39,%,Normal
1105848,700377,6009,2025-09-18,13.11,U/L,Normal
1105849,700713,6023,2025-12-07,6.43,mmHg,Low
1105850,702342,6016,2024-12-12,21.63,%,Normal
1105851,702375,6026,2022-10-15,17.0,%,Normal
1105852,700556,6008,2024-05-20,45.06,U/L,Normal
1105853,701850,6002,2025-05-17,12.62,U/L,Normal
1105854,701819,6018,2021-12-22,27.09,mmHg,Normal
1105855,703545,6019,2022-12-12,23.14,mmHg,High
1105856,702804,6002,2025-05-04,13.41,%,High
1105857,703090,6015,2025-11-02,13.13,%,Normal
1105858,701837,6001,2022-06-28,35.73,mmol/L,Normal
1105859,702154,6019,2021-01-19,28.94,mmHg,Normal
1105860,706024,6006,2021-01-19,8.92,%,Normal
1105861,705235,6012,2022-11-13,10.81,mmHg,Normal
1105862,705054,6011,2024-08-11,38.24,mg/dL,Low
1105863,705229,6012,2023-07-18,30.21,g/dL,Normal
1105864,705374,6003,2025-04-05,28.19,mmol/L,Normal
1105865,702338,6005,2022-02-07,34.89,U/L,Normal
1105866,701585,6013,2024-03-27,28.47,mmHg,Normal
1105867,706217,6006,2025-07-02,30.76,mmHg,Normal
1105868,704821,6004,2023-11-05,18.34,U/L,Low
1105869,701843,6018,2021-09-03,12.41,g/dL,Normal
1105870,701733,6003,2023-07-23,10.03,mmHg,Normal
1105871,705930,6002,2022-01-16,38.8,g/dL,Low
1105872,700144,6024,2022-08-26,14.01,mmHg,Normal
1105873,704469,6012,2024-08-07,44.08,g/dL,Normal
1105874,704798,6021,2021-02-12,21.78,U/L,Normal
1105875,701810,6015,2021-05-17,19.71,mmol/L,Normal
1105876,700865,6016,2024-04-20,47.77,mg/dL,Normal
1105877,703471,6013,2021-06-11,32.43,%,Normal
1105878,702143,6019,2022-10-11,10.0,mmHg,Normal
1105879,704563,6008,2021-04-07,34.84,U/L,Normal
1105880,706432,6018,2023-12-11,6.35,%,Low
1105881,705252,6019,2021-02-06,181.11,mg/dL,Normal
1105882,704901,6011,2021-07-27,18.07,g/dL,Normal
1105883,706336,6022,2022-06-19,57.89,U/L,Normal
1105884,704023,6003,2021-02-05,36.35,g/dL,Normal
1105885,700771,6007,2024-12-12,31.23,mmol/L,Normal
1105886,700541,6010,2021-06-09,21.75,mmol/L,Normal
1105887,704006,6001,2023-05-12,3.91,mg/dL,Normal
1105888,701655,6002,2022-07-22,40.9,g/dL,Low
1105889,700986,6020,2023-01-01,8.56,U/L,Low
1105890,700196,6009,2021-07-21,34.06,%,Normal
1105891,700341,6006,2024-05-04,92.19,mg/dL,Normal
1105892,700450,6021,2021-07-25,33.56,mg/dL,Normal
1105893,705580,6002,2024-04-18,17.16,%,Normal
1105894,702613,6017,2021-01-08,12.66,mg/dL,Normal
1105895,704452,6009,2022-11-20,9.47,mmHg,Low
1105896,702224,6011,2021-10-20,6.82,mg/dL,Low
1105897,700956,6014,2021-11-09,23.25,%,Normal
1105898,703118,6008,2021-07-31,12.55,%,High
1105899,704177,6012,2022-07-25,29.08,mmol/L,High
1105900,702264,6026,2023-08-20,41.73,mg/dL,Normal
1105901,702093,6007,2021-12-31,23.16,mmHg,High
1105902,703206,6025,2024-08-24,61.18,%,Normal
1105903,706190,6013,2024-01-24,17.14,mmHg,Normal
1105904,704458,6017,2025-10-03,33.5,mmHg,Low
1105905,703594,6013,2023-02-08,17.82,mmol/L,High
1105906,702685,6015,2022-06-20,44.79,%,Normal
1105907,700787,6001,2023-10-23,21.55,mmol/L,Normal
1105908,706366,6015,2023-05-05,16.59,U/L,Normal
1105909,700087,6023,2022-01-09,68.47,U/L,Low
1105910,701043,6011,2022-11-09,8.73,g/dL,High
1105911,701630,6023,2024-03-19,15.62,U/L,Normal
1105912,704464,6008,2024-09-26,8.85,%,Critical
1105913,702325,6006,2025-08-03,46.07,g/dL,Normal
1105914,701733,6010,2021-05-04,30.36,mg/dL,Low
1105915,701571,6018,2025-08-14,22.16,mmHg,Normal
1105916,704003,6020,2023-09-18,22.16,mmHg,Normal
1105917,700721,6025,2022-10-14,10.78,%,Normal
1105918,704840,6011,2022-06-15,30.34,U/L,High
1105919,706367,6001,2023-11-02,43.17,%,Normal
1105920,706294,6019,2023-02-19,11.51,U/L,Normal
1105921,705132,6003,2023-04-02,62.23,g/dL,High
1105922,701006,6004,2024-03-24,16.94,mmHg,Normal
1105923,706109,6019,2022-06-22,24.72,U/L,Normal
1105924,702601,6019,2022-07-20,18.16,mg/dL,Normal
1105925,705814,6021,2024-08-25,22.3,g/dL,Normal
1105926,704131,6019,2025-07-05,18.92,U/L,Normal
1105927,701730,6020,2025-08-18,55.34,g/dL,Normal
1105928,701120,6008,2024-08-11,16.02,mmHg,Normal
1105929,700564,6017,2025-05-20,11.92,mg/dL,Normal
1105930,705806,6023,2021-09-02,102.31,mg/dL,Normal
1105931,704799,6017,2023-08-09,23.57,g/dL,Low
1105932,700054,6004,2025-05-23,14.51,mmol/L,Critical
1105933,705527,6024,2021-05-07,27.46,g/dL,Normal
1105934,704835,6018,2023-11-19,49.99,mg/dL,Normal
1105935,705056,6008,2022-11-25,27.29,mg/dL,Normal
1105936,700081,6026,2025-05-26,60.38,U/L,High
1105937,703028,6017,2025-06-29,10.33,g/dL,High
1105938,703863,6008,2024-03-25,14.86,mg/dL,Normal
1105939,702884,6022,2022-03-21,15.18,mmol/L,Normal
1105940,705467,6007,2025-08-18,7.56,mmol/L,Normal
1105941,700437,6010,2023-10-14,24.78,g/dL,Low
1105942,701246,6022,2025-07-31,25.3,mmol/L,Normal
1105943,706048,6022,2023-08-26,62.1,%,Normal
1105944,700972,6003,2023-08-22,31.73,%,High
1105945,703552,6008,2021-08-19,5.47,U/L,Normal
1105946,704008,6016,2021-11-20,7.53,%,Low
1105947,705992,6007,2025-12-29,12.04,g/dL,Normal
1105948,701299,6015,2022-06-10,23.55,%,Normal
1105949,704576,6023,2021-05-01,51.39,mmHg,Normal
1105950,703719,6014,2024-10-07,29.6,U/L,Low
1105951,701735,6011,2021-01-15,12.08,mg/dL,Normal
1105952,702467,6011,2024-10-05,3.54,mg/dL,Normal
1105953,701968,6016,2022-08-18,12.52,mmHg,Normal
1105954,704417,6025,2025-05-22,32.37,mg/dL,Normal
1105955,704587,6003,2021-04-25,23.21,U/L,Normal
1105956,703976,6026,2021-10-03,5.28,mg/dL,Normal
1105957,704080,6008,2021-07-01,16.47,mmol/L,Normal
1105958,705221,6007,2023-05-13,7.89,mmol/L,Low
1105959,700490,6025,2023-05-11,46.11,mg/dL,Normal
1105960,704766,6020,2022-07-22,18.11,U/L,Normal
1105961,705345,6023,2022-01-02,8.86,mg/dL,High
1105962,706038,6014,2024-05-07,10.91,g/dL,Normal
1105963,701771,6014,2023-08-09,79.64,mmol/L,High
1105964,701090,6024,2025-11-12,26.17,mg/dL,Normal
1105965,700939,6024,2021-05-11,3.32,mmHg,High
1105966,705917,6005,2025-04-09,26.73,%,Normal
1105967,700968,6005,2025-06-04,48.79,mg/dL,Normal
1105968,700449,6004,2022-07-02,27.92,U/L,Critical
1105969,703154,6001,2023-01-01,46.95,g/dL,High
1105970,705342,6015,2021-10-02,12.1,g/dL,Normal
1105971,704845,6020,2021-11-13,23.7,%,Normal
1105972,705373,6024,2021-09-10,14.86,%,Normal
1105973,706483,6004,2021-12-30,22.22,mg/dL,Normal
1105974,704978,6004,2021-06-17,36.44,g/dL,Normal
1105975,706446,6017,2023-05-10,35.16,mmHg,High
1105976,704357,6010,2024-10-30,9.04,mmHg,High
1105977,702330,6001,2021-04-06,7.8,mg/dL,Normal
1105978,705084,6022,2021-08-29,69.78,mmHg,High
1105979,703971,6014,2022-06-04,18.69,mg/dL,Low
1105980,704536,6008,2023-08-21,20.46,mg/dL,Low
1105981,706222,6018,2024-05-23,25.86,%,Normal
1105982,701745,6019,2023-05-17,29.2,g/dL,Normal
1105983,700715,6001,2024-10-15,29.1,mmHg,Low
1105984,702268,6023,2023-04-29,45.68,mg/dL,Normal
1105985,705837,6003,2022-09-13,4.9,U/L,Normal
1105986,701205,6006,2025-03-19,79.27,mmol/L,High
1105987,701574,6023,2021-11-13,23.11,U/L,Normal
1105988,703588,6007,2021-09-16,6.39,%,Low
1105989,703817,6005,2021-11-05,9.17,g/dL,Normal
1105990,703688,6021,2025-03-30,32.63,mg/dL,Low
1105991,702584,6017,2024-04-09,27.91,U/L,High
1105992,700753,6015,2021-02-13,15.94,U/L,Normal
1105993,701231,6014,2021-08-28,32.86,U/L,Normal
1105994,703350,6007,2021-09-13,20.34,mmHg,Critical
1105995,701799,6012,2024-11-16,27.12,mg/dL,Low
1105996,705118,6024,2021-11-28,10.86,mmol/L,Low
1105997,701162,6010,2021-09-29,28.55,g/dL,High
1105998,704667,6010,2025-05-06,6.33,mmol/L,Normal
1105999,705177,6022,2023-02-14,62.05,U/L,High
1106000,705590,6003,2023-06-11,48.66,U/L,Normal
1106001,702397,6011,2025-11-16,18.7,mmol/L,Normal
1106002,700156,6019,2025-11-05,18.43,U/L,Normal
1106003,701300,6024,2021-07-12,49.17,g/dL,Normal
1106004,700120,6019,2023-01-18,120.48,mmHg,Normal
1106005,703516,6020,2024-06-17,21.29,%,Normal
1106006,706036,6002,2025-03-24,13.76,mg/dL,Normal
1106007,704733,6008,2023-04-20,27.12,U/L,Normal
1106008,704167,6008,2024-12-11,19.84,%,Normal
1106009,701009,6016,2024-03-05,10.85,mg/dL,Low
1106010,706110,6012,2024-11-12,19.17,mmol/L,Normal
1106011,701842,6005,2022-06-08,28.25,mmol/L,Normal
1106012,703571,6018,2023-09-07,9.93,mmHg,Normal
1106013,704001,6015,2023-10-17,15.37,%,Low
1106014,703766,6015,2021-04-14,28.6,U/L,Low
1106015,706483,6024,2021-06-15,9.65,mg/dL,High
1106016,705487,6011,2025-04-06,58.0,mmHg,Low
1106017,705107,6008,2025-09-28,12.06,%,Normal
1106018,701577,6020,2022-08-30,33.43,%,High
1106019,702206,6009,2023-10-30,90.67,U/L,Normal
1106020,704733,6010,2022-01-28,16.36,mmol/L,Low
1106021,700578,6003,2022-05-25,33.22,g/dL,Critical
1106022,701903,6014,2024-11-20,8.8,mmHg,Normal
1106023,701737,6018,2023-11-14,33.64,g/dL,Normal
1106024,700698,6008,2022-09-26,11.0,g/dL,Normal
1106025,703426,6001,2024-07-05,26.53,%,Normal
1106026,706306,6009,2024-04-28,11.41,%,Normal
1106027,701315,6021,2024-05-30,4.53,g/dL,Normal
1106028,702460,6015,2022-06-18,8.96,mg/dL,Normal
1106029,704051,6006,2023-09-02,51.75,g/dL,Normal
1106030,703128,6016,2024-08-12,12.44,mg/dL,Normal
1106031,702189,6019,2021-11-18,138.9,g/dL,High
1106032,700125,6015,2024-04-12,20.32,mg/dL,Normal
1106033,702352,6019,2023-05-12,66.02,mmHg,Low
1106034,705135,6004,2023-01-26,12.88,U/L,Normal
1106035,700274,6019,2025-09-03,33.01,mg/dL,Normal
1106036,706353,6012,2025-02-11,21.37,g/dL,Normal
1106037,700015,6005,2024-01-05,10.65,g/dL,Normal
1106038,702799,6010,2022-11-27,50.8,%,High
1106039,700037,6014,2025-04-28,42.85,mg/dL,Normal
1106040,702891,6006,2022-05-02,25.81,U/L,Normal
1106041,704508,6012,2021-03-05,24.85,mmol/L,Low
1106042,704449,6009,2025-08-02,27.95,U/L,Normal
1106043,700883,6012,2022-04-14,4.17,mmol/L,Low
1106044,705654,6005,2024-11-25,32.41,mmHg,Normal
1106045,704518,6003,2022-09-25,42.49,g/dL,Normal
1106046,703493,6013,2025-10-12,9.72,g/dL,Low
1106047,700027,6010,2021-02-17,62.33,mmHg,Normal
1106048,702113,6021,2022-11-27,16.9,mmHg,High
1106049,704351,6014,2024-10-04,27.92,mmHg,Normal
1106050,705121,6015,2024-02-17,32.81,U/L,Normal
1106051,702963,6023,2024-03-13,21.9,g/dL,High
1106052,700362,6025,2023-03-26,37.26,%,Normal
1106053,701208,6013,2025-09-22,18.37,%,Low
1106054,701225,6026,2021-05-15,15.04,mmol/L,Low
1106055,701822,6011,2022-07-16,24.2,mmol/L,Normal
1106056,706019,6004,2022-04-17,25.95,g/dL,Normal
1106057,702607,6011,2021-12-20,66.5,mmol/L,Normal
1106058,704277,6025,2022-04-12,10.24,U/L,Normal
1106059,705412,6013,2024-07-03,24.29,mmol/L,Normal
1106060,706004,6020,2024-08-25,30.65,U/L,Normal
1106061,706427,6014,2022-08-13,38.55,g/dL,Normal
1106062,701069,6005,2024-04-26,6.99,mg/dL,Normal
1106063,706432,6026,2022-05-29,24.3,mmHg,Normal
1106064,705069,6002,2021-06-29,23.42,%,Normal
1106065,705874,6014,2022-09-28,10.54,U/L,Normal
1106066,703488,6003,2024-03-15,27.55,U/L,Normal
1106067,703127,6022,2022-12-23,43.85,%,Normal
1106068,702612,6024,2021-03-28,29.6,mmHg,Normal
1106069,703502,6024,2022-12-08,21.11,U/L,Normal
1106070,701569,6006,2021-12-24,42.56,%,Normal
1106071,701525,6016,2022-12-12,15.66,mmol/L,Normal
1106072,700857,6011,2024-07-08,19.19,U/L,Normal
1106073,701825,6025,2021-03-04,20.19,mg/dL,Normal
1106074,704559,6001,2022-02-12,14.7,g/dL,Normal
1106075,703701,6026,2022-05-08,27.23,g/dL,Normal
1106076,701129,6013,2021-11-14,17.38,mmHg,Normal
1106077,701342,6003,2021-03-13,58.79,mg/dL,Normal
1106078,705146,6025,2021-12-15,9.79,%,Normal
1106079,702058,6025,2023-08-31,24.2,mg/dL,Normal
1106080,704248,6009,2025-11-19,28.83,mmol/L,Normal
1106081,701691,6025,2022-05-05,7.13,mg/dL,Normal
1106082,704548,6005,2022-07-05,56.3,mmHg,Normal
1106083,703665,6007,2021-05-20,14.79,%,High
1106084,700715,6025,2024-04-14,38.31,mmol/L,Normal
1106085,704911,6025,2024-11-07,45.76,mmHg,Normal
1106086,704493,6009,2024-02-04,33.9,g/dL,Normal
1106087,706347,6011,2021-10-24,10.16,U/L,High
1106088,704314,6011,2025-06-10,9.21,U/L,Normal
1106089,704884,6023,2024-10-02,5.42,%,Normal
1106090,703249,6018,2025-09-27,18.32,mmol/L,Normal
1106091,702461,6014,2025-11-03,15.55,mmol/L,Normal
1106092,701673,6001,2024-02-11,25.86,U/L,Critical
1106093,705065,6002,2023-01-14,8.31,mmHg,High
1106094,704819,6008,2022-05-31,13.55,%,Normal
1106095,704076,6003,2025-01-17,48.86,U/L,High
1106096,704947,6021,2021-09-20,17.49,g/dL,Normal
1106097,704591,6023,2022-11-22,38.25,mmol/L,Normal
1106098,705260,6019,2023-06-24,12.01,mmol/L,Normal
1106099,703806,6019,2024-04-28,34.78,mmol/L,High
1106100,703915,6011,2022-07-21,35.57,U/L,High
1106101,700277,6018,2021-10-19,23.27,U/L,Normal
1106102,706237,6005,2024-06-29,11.67,mmHg,Normal
1106103,700924,6026,2025-01-31,12.65,mmol/L,Normal
1106104,704981,6003,2023-07-26,14.79,U/L,Normal
1106105,702179,6011,2022-11-05,24.71,mmol/L,Normal
1106106,705258,6023,2021-10-31,7.4,mmol/L,Normal
1106107,705240,6005,2021-12-15,18.29,mg/dL,Low
1106108,703251,6021,2021-05-31,26.94,mg/dL,Normal
1106109,703964,6020,2025-09-27,41.01,mmHg,Normal
1106110,706375,6025,2021-06-17,12.73,mmHg,Normal
1106111,700436,6008,2024-01-15,35.5,mg/dL,Normal
1106112,705176,6015,2024-07-31,17.81,mg/dL,Normal
1106113,706348,6014,2022-09-10,21.94,g/dL,Normal
1106114,705341,6005,2021-02-17,8.85,mg/dL,Normal
1106115,704002,6006,2022-07-25,10.5,mmHg,Normal
1106116,700025,6021,2021-05-19,13.91,mmHg,Normal
1106117,705554,6023,2022-07-14,45.09,U/L,Normal
1106118,700020,6001,2022-11-19,4.7,mmol/L,High
1106119,702569,6013,2024-07-26,18.71,mmHg,Low
1106120,704201,6021,2024-01-18,40.1,mmHg,Normal
1106121,702178,6019,2023-01-06,19.02,mg/dL,Normal
1106122,705611,6010,2025-07-26,18.38,g/dL,Normal
1106123,704146,6022,2024-09-20,25.41,mg/dL,Normal
1106124,705883,6023,2021-12-31,11.6,mmHg,Normal
1106125,702914,6020,2023-11-18,19.84,mmHg,Normal
1106126,705253,6001,2021-12-28,11.95,mg/dL,Normal
1106127,703765,6025,2025-02-18,67.37,g/dL,Normal
1106128,700574,6008,2024-12-30,15.89,mmol/L,Low
1106129,703522,6014,2024-07-02,36.09,U/L,Normal
1106130,704871,6021,2021-10-11,40.18,mmol/L,Normal
1106131,701749,6023,2021-08-06,17.69,mmHg,Critical
1106132,702743,6014,2023-10-15,22.12,%,Normal
1106133,703542,6016,2025-10-22,17.4,mmHg,Normal
1106134,702225,6010,2025-12-09,13.17,mmol/L,Low
1106135,700509,6010,2023-11-20,33.55,mg/dL,Normal
1106136,705483,6015,2025-07-08,60.14,g/dL,Normal
1106137,706063,6004,2023-12-19,6.12,mmHg,Normal
1106138,700610,6007,2021-02-17,14.98,mg/dL,Low
1106139,700060,6001,2025-06-01,8.68,mmHg,Low
1106140,702569,6003,2025-02-23,21.5,mmol/L,Normal
1106141,701908,6002,2022-01-18,75.92,U/L,Low
1106142,704064,6010,2023-09-07,7.67,mmHg,Normal
1106143,701169,6026,2021-05-01,36.25,mmol/L,Low
1106144,700341,6026,2025-08-11,55.43,U/L,Low
1106145,705288,6007,2024-11-02,56.56,mmHg,Normal
1106146,706277,6007,2021-05-25,15.96,mmol/L,Normal
1106147,700062,6023,2023-04-08,48.55,U/L,Critical
1106148,703517,6004,2024-06-16,65.88,g/dL,Normal
1106149,703638,6009,2022-10-30,22.68,g/dL,Normal
1106150,702482,6023,2022-08-07,10.62,%,Normal
1106151,702004,6004,2024-01-28,41.14,mmHg,Normal
1106152,704256,6025,2023-12-31,6.63,%,Low
1106153,705838,6024,2023-03-02,11.8,%,High
1106154,700988,6025,2023-12-14,26.29,g/dL,Normal
1106155,701938,6010,2021-12-06,58.52,g/dL,Normal
1106156,701535,6024,2022-12-03,28.23,mg/dL,High
1106157,701301,6023,2022-05-05,27.3,mmHg,Low
1106158,700446,6013,2025-06-19,31.0,mmol/L,Normal
1106159,704833,6013,2023-11-06,21.6,g/dL,Normal
1106160,706416,6022,2022-08-18,17.95,g/dL,Low
1106161,705786,6007,2023-11-15,33.38,mmHg,Normal
1106162,703531,6017,2025-04-19,16.34,%,Normal
1106163,701716,6020,2024-04-13,29.64,%,Normal
1106164,705733,6005,2024-11-18,19.91,g/dL,Normal
1106165,702968,6011,2023-12-18,48.81,g/dL,High
1106166,704761,6021,2023-04-10,18.23,U/L,Low
1106167,701504,6025,2022-06-14,18.36,%,Normal
1106168,705970,6002,2025-05-18,19.31,%,High
1106169,705634,6002,2024-03-18,52.13,mmol/L,High
1106170,706230,6020,2024-07-05,20.8,mg/dL,Normal
1106171,700894,6013,2024-12-08,10.32,mmol/L,Normal
1106172,701086,6026,2025-11-30,34.54,mmHg,Normal
1106173,701735,6021,2024-08-16,18.77,g/dL,Normal
1106174,705312,6024,2023-08-21,9.9,mmHg,Critical
1106175,703184,6024,2024-10-10,31.12,%,High
1106176,704788,6007,2025-03-29,19.78,mg/dL,High
1106177,702926,6014,2025-07-09,6.05,mmHg,Low
1106178,705907,6026,2021-02-20,7.65,mg/dL,Normal
1106179,701943,6016,2025-06-12,5.49,g/dL,Low
1106180,702758,6011,2021-09-21,4.27,U/L,High
1106181,701718,6021,2021-12-09,21.08,mmHg,Low
1106182,703235,6022,2024-06-13,10.25,mmHg,High
1106183,703660,6008,2022-12-01,13.38,mmol/L,Normal
1106184,700979,6014,2022-01-30,58.37,mmHg,Low
1106185,702211,6003,2021-08-27,18.18,U/L,High
1106186,706238,6024,2023-07-26,29.43,mmol/L,Normal
1106187,702190,6012,2024-12-26,23.48,%,Normal
1106188,700514,6019,2023-03-24,28.19,U/L,Normal
1106189,703624,6016,2025-07-22,2.58,U/L,Normal
1106190,700717,6016,2023-10-20,21.2,g/dL,Normal
1106191,705726,6009,2023-03-16,12.51,%,High
1106192,705381,6003,2021-10-30,15.48,mg/dL,Normal
1106193,701296,6004,2023-09-13,22.94,mmHg,Normal
1106194,701612,6010,2023-10-07,17.41,U/L,Critical
1106195,706082,6017,2025-05-10,13.05,mmHg,Normal
1106196,700032,6023,2022-03-02,34.66,%,Normal
1106197,705503,6018,2025-04-11,6.72,%,Low
1106198,700827,6012,2024-09-16,13.34,U/L,Low
1106199,700296,6006,2021-05-31,17.99,mg/dL,Normal
1106200,704440,6026,2021-03-21,62.38,g/dL,Normal
1106201,704477,6026,2021-02-28,27.64,mg/dL,Low
1106202,703577,6020,2021-02-22,28.76,g/dL,High
1106203,705431,6002,2024-12-16,12.89,%,Normal
1106204,700619,6015,2022-04-20,169.52,mmHg,Normal
1106205,700917,6025,2025-08-08,48.82,U/L,High
1106206,703161,6010,2025-08-29,11.21,U/L,Normal
1106207,701394,6005,2023-10-14,47.23,mmol/L,Low
1106208,705676,6002,2022-08-31,15.75,mg/dL,Normal
1106209,702617,6011,2025-08-31,53.46,mmol/L,Low
1106210,701163,6016,2023-06-06,28.75,U/L,Normal
1106211,701627,6008,2025-05-06,7.86,%,Normal
1106212,703428,6003,2021-01-20,42.93,g/dL,Normal
1106213,706428,6006,2024-01-05,11.49,g/dL,Normal
1106214,700449,6008,2021-07-08,13.14,g/dL,Normal
1106215,705995,6013,2025-08-28,,mmHg,Normal
1106216,701873,6009,2023-01-11,11.1,U/L,Normal
1106217,706416,6020,2024-05-19,28.08,U/L,Normal
1106218,701804,6005,2023-03-20,18.59,mg/dL,Normal
1106219,703597,6003,2023-06-16,33.43,mmol/L,Normal
1106220,701502,6003,2024-07-10,14.38,mmHg,Normal
1106221,702273,6016,2022-03-09,19.11,mmHg,High
1106222,703983,6012,2023-11-26,38.27,%,Normal
1106223,704035,6025,2022-06-17,28.98,mg/dL,Normal
1106224,701709,6017,2024-07-09,18.04,%,High
1106225,703231,6018,2021-03-29,89.98,%,Low
1106226,701997,6020,2022-12-10,17.73,g/dL,Normal
1106227,701637,6013,2024-07-02,84.68,mmol/L,Normal
1106228,702555,6005,2023-09-09,37.45,mg/dL,Normal
1106229,703008,6007,2022-09-22,22.81,mmol/L,Normal
1106230,703381,6019,2021-07-11,6.43,g/dL,Normal
1106231,702588,6016,2023-02-25,17.01,mmHg,High
1106232,706286,6005,2024-01-18,11.56,U/L,Normal
1106233,702681,6007,2024-05-03,11.98,mmHg,Normal
1106234,705902,6014,2023-01-31,2.16,mmol/L,Normal
1106235,705454,6014,2024-12-23,66.39,%,Normal
1106236,702964,6014,2022-12-22,29.44,mg/dL,Normal
1106237,701333,6010,2024-12-27,9.9,mg/dL,Critical
1106238,705132,6003,2025-04-27,8.32,g/dL,High
1106239,700594,6009,2025-05-29,14.17,mmol/L,Normal
1106240,701492,6014,2022-01-07,25.73,%,Normal
1106241,705964,6017,2024-10-09,14.16,U/L,Normal
1106242,706467,6002,2025-09-28,17.85,%,High
1106243,705911,6023,2024-06-26,14.29,g/dL,Normal
1106244,705365,6002,2024-05-24,6.28,mmol/L,Normal
1106245,701264,6009,2023-08-12,7.0,mg/dL,Low
1106246,702859,6024,2023-06-05,9.81,mmol/L,Normal
1106247,701016,6014,2025-01-17,11.23,g/dL,Normal
1106248,704350,6026,2021-12-10,17.98,g/dL,Low
1106249,701559,6022,2024-12-08,9.73,g/dL,Normal
1106250,706438,6015,2025-09-24,20.8,mmHg,Low
1106251,702839,6005,2025-02-28,18.87,g/dL,Normal
1106252,703138,6013,2024-07-29,26.09,%,Normal
1106253,701261,6021,2023-11-16,39.6,mmol/L,High
1106254,702164,6015,2021-10-21,10.33,U/L,Normal
1106255,705001,6024,2021-01-24,25.53,g/dL,Normal
1106256,701548,6009,2022-09-11,20.87,%,Normal
1106257,705061,6020,2023-08-01,10.23,mmol/L,Normal
1106258,700597,6004,2025-09-26,32.57,mmol/L,Normal
1106259,704596,6025,2023-12-29,14.33,U/L,Normal
1106260,701294,6021,2022-08-02,13.09,mg/dL,Normal
1106261,701477,6009,2022-07-23,15.5,U/L,Normal
1106262,702128,6015,2024-08-16,52.98,%,Normal
1106263,701648,6010,2022-03-04,63.32,%,Normal
1106264,704625,6011,2025-11-09,10.55,U/L,Low
1106265,700400,6001,2022-06-05,19.65,mg/dL,Normal
1106266,703153,6009,2025-03-05,19.34,U/L,High
1106267,706476,6005,2022-03-14,24.24,%,Normal
1106268,704721,6003,2022-11-02,19.39,mmHg,Low
1106269,704656,6023,2024-07-18,35.98,g/dL,High
1106270,702923,6009,2023-03-21,45.17,mmHg,Normal
1106271,702632,6024,2021-08-11,8.98,mg/dL,Normal
1106272,703727,6006,2021-10-29,34.42,U/L,Normal
1106273,700359,6002,2023-05-17,17.55,g/dL,Normal
1106274,702772,6005,2024-02-11,21.2,U/L,Low
1106275,701727,6023,2021-01-07,22.92,mmHg,Normal
1106276,700440,6017,2025-12-23,5.5,mg/dL,Normal
1106277,705411,6016,2023-08-24,21.97,%,Normal
1106278,702757,6022,2021-04-14,14.99,U/L,High
1106279,706393,6010,2025-12-21,4.51,mmol/L,Normal
1106280,703232,6021,2022-10-13,16.59,U/L,Normal
1106281,704658,6011,2023-03-19,38.0,mg/dL,High
1106282,703664,6015,2022-06-28,19.44,mg/dL,Critical
1106283,703044,6013,2023-06-06,15.87,mg/dL,High
1106284,700471,6018,2022-01-25,13.91,mg/dL,Normal
1106285,704288,6016,2025-04-08,11.84,mg/dL,Normal
1106286,700939,6006,2025-11-05,11.46,%,Normal
1106287,703143,6015,2023-04-29,67.84,g/dL,Normal
1106288,700916,6007,2023-11-19,18.71,mg/dL,Normal
1106289,705275,6017,2025-03-21,25.59,mmHg,Normal
1106290,703416,6022,2022-01-07,14.41,g/dL,Low
1106291,705505,6026,2021-10-15,17.96,mmol/L,Normal
1106292,704013,6001,2022-11-11,19.98,mmHg,Normal
1106293,700548,6004,2025-12-13,11.22,mg/dL,Normal
1106294,705770,6007,2024-08-25,21.22,mmHg,Normal
1106295,701750,6025,2025-02-03,42.45,U/L,Low
1106296,703779,6004,2024-02-03,20.3,%,Normal
1106297,702695,6021,2024-11-13,27.49,mmHg,Normal
1106298,706343,6023,2022-07-15,25.2,U/L,Low
1106299,700547,6018,2023-08-10,17.96,g/dL,Normal
1106300,700627,6018,2024-08-30,21.42,mmHg,Normal
1106301,701127,6006,2025-07-20,26.18,mmol/L,Normal
1106302,706465,6003,2024-06-05,37.07,U/L,Low
1106303,705410,6011,2025-12-12,16.54,mmol/L,Normal
1106304,704879,6013,2024-03-10,27.85,U/L,Normal
1106305,703396,6009,2023-08-17,49.44,g/dL,High
1106306,704360,6019,2022-04-12,38.88,%,Normal
1106307,700473,6015,2025-03-02,9.82,mmol/L,Normal
1106308,705461,6022,2024-01-08,31.76,g/dL,Normal
1106309,701438,6024,2021-02-25,36.78,U/L,Low
1106310,700347,6002,2025-02-11,20.08,%,Normal
1106311,700910,6022,2024-10-15,15.23,mmHg,High
1106312,706142,6012,2025-03-04,8.19,mg/dL,Normal
1106313,700960,6017,2025-12-04,30.62,mmol/L,Low
1106314,703089,6023,2021-12-21,5.7,mmol/L,Normal
1106315,705635,6003,2021-08-06,61.21,mg/dL,High
1106316,700333,6002,2025-10-20,15.18,mmol/L,Normal
1106317,701072,6010,2021-03-07,24.93,mmol/L,Normal
1106318,702320,6011,2024-06-29,4.31,mmol/L,Normal
1106319,705834,6024,2024-03-11,28.38,mmol/L,Normal
1106320,701487,6021,2025-08-03,35.47,%,Normal
1106321,706176,6011,2021-01-25,3.24,%,Normal
1106322,705011,6026,2023-07-30,16.9,%,High
1106323,700607,6026,2024-02-23,24.17,mmol/L,Low
1106324,705608,6006,2024-04-24,7.11,mmol/L,Normal
1106325,703362,6019,2025-01-17,17.19,U/L,Normal
1106326,702400,6023,2022-07-01,22.02,g/dL,Normal
1106327,700950,6014,2021-09-13,29.43,mg/dL,High
1106328,702783,6026,2024-09-11,46.77,g/dL,Normal
1106329,702843,6017,2024-08-18,40.88,U/L,Normal
1106330,701314,6022,2021-03-28,17.76,g/dL,Normal
1106331,703489,6010,2025-07-25,27.38,%,Normal
1106332,706042,6007,2022-04-01,15.33,g/dL,Critical
1106333,703723,6019,2025-12-23,21.23,mmol/L,High
1106334,703412,6013,2021-10-14,50.3,U/L,High
1106335,701061,6004,2021-04-01,5.61,g/dL,Normal
1106336,701440,6025,2022-02-26,49.07,%,Low
1106337,701686,6024,2025-11-18,12.72,U/L,Normal
1106338,701507,6021,2024-11-29,8.47,g/dL,Normal
1106339,700551,6022,2021-09-16,14.99,U/L,Normal
1106340,703327,6015,2025-07-02,9.2,%,Normal
1106341,700001,6014,2022-08-18,21.01,g/dL,Normal
1106342,704287,6013,2023-10-05,12.89,mg/dL,Low
1106343,701648,6003,2021-01-23,10.14,g/dL,High
1106344,702532,6018,2021-04-02,27.19,mmol/L,Normal
1106345,701729,6004,2022-04-02,3.11,mmHg,High
1106346,702360,6014,2024-08-19,25.78,%,Low
1106347,700737,6008,2023-11-07,45.43,U/L,High
1106348,705915,6007,2024-10-02,30.05,mmol/L,Normal
1106349,705034,6019,2022-09-05,41.83,mmHg,Normal
1106350,703670,6012,2025-01-22,2.66,g/dL,Normal
1106351,701577,6012,2021-10-30,15.13,mg/dL,Normal
1106352,706435,6016,2021-04-16,34.84,U/L,Normal
1106353,704196,6006,2021-03-20,26.89,mmol/L,Normal
1106354,701541,6024,2024-03-25,6.66,U/L,Normal
1106355,704802,6003,2022-01-18,3.7,mmol/L,Normal
1106356,705139,6006,2022-01-11,19.23,U/L,Normal
1106357,704573,6002,2022-06-28,8.22,mmol/L,Normal
1106358,704108,6021,2025-04-25,1.79,mmol/L,Normal
1106359,702184,6020,2023-10-18,23.09,U/L,High
1106360,701519,6001,2022-09-25,12.42,U/L,Normal
1106361,700595,6023,2024-02-04,20.02,U/L,Normal
1106362,703526,6016,2023-12-26,36.08,mg/dL,Normal
1106363,703599,6024,2022-10-25,19.77,%,Normal
1106364,703009,6025,2023-12-14,9.68,U/L,Low
1106365,702455,6007,2024-12-25,32.99,g/dL,High
1106366,702589,6023,2024-09-04,62.79,%,High
1106367,704335,6007,2023-11-09,71.38,U/L,Normal
1106368,705375,6018,2025-06-25,30.61,U/L,High
1106369,705152,6009,2025-11-05,13.29,g/dL,Normal
1106370,703197,6022,2021-05-09,26.51,mmHg,Low
1106371,704768,6026,2023-03-23,33.35,g/dL,High
1106372,705482,6026,2022-06-26,14.41,%,Normal
1106373,703398,6026,2023-03-09,11.4,%,Normal
1106374,700561,6013,2025-09-06,25.08,g/dL,Normal
1106375,705104,6012,2025-05-30,5.09,mmol/L,Low
1106376,702651,6011,2022-04-09,18.8,%,Normal
1106377,705626,6004,2024-11-06,5.43,mmHg,High
1106378,702195,6024,2024-10-10,9.62,mg/dL,Normal
1106379,704059,6023,2025-03-27,8.96,mg/dL,Normal
1106380,701391,6014,2021-08-20,18.64,mmHg,Normal
1106381,702865,6001,2025-07-27,4.6,mg/dL,Normal
1106382,704662,6005,2022-01-26,10.18,mmHg,Low
1106383,706016,6021,2025-02-19,9.38,mg/dL,Normal
1106384,704735,6021,2022-04-02,39.96,mg/dL,Normal
1106385,703839,6012,2024-06-06,14.89,mmol/L,Normal
1106386,705564,6003,2021-06-07,20.08,mmol/L,Normal
1106387,700351,6011,2023-02-12,12.89,U/L,Low
1106388,706085,6020,2022-12-16,13.26,mmHg,Normal
1106389,706424,6007,2022-09-30,17.42,mmol/L,Normal
1106390,705407,6003,2022-01-01,6.43,mmHg,Normal
1106391,702018,6016,2022-04-04,29.55,g/dL,Normal
1106392,703047,6006,2024-12-20,12.15,g/dL,Normal
1106393,704443,6026,2024-02-08,29.7,mmHg,Normal
1106394,705997,6004,2021-07-25,12.31,mg/dL,Normal
1106395,705287,6021,2024-07-14,11.31,mmHg,Normal
1106396,700615,6026,2021-08-01,33.43,mmol/L,Normal
1106397,703409,6024,2023-04-06,2.71,%,Normal
1106398,706462,6024,2025-01-23,13.51,g/dL,Normal
1106399,704178,6013,2021-09-28,32.51,U/L,Normal
1106400,704730,6021,2022-12-07,24.68,mmol/L,Normal
1106401,705903,6006,2023-07-28,68.35,mmol/L,Normal
1106402,700604,6006,2023-08-09,6.17,mg/dL,Low
1106403,700547,6020,2022-05-15,19.88,mmHg,Normal
1106404,700688,6001,2025-09-20,27.88,U/L,High
1106405,704546,6006,2021-10-29,7.0,mg/dL,Normal
1106406,701461,6011,2025-10-03,49.43,mg/dL,Normal
1106407,701480,6011,2022-02-11,13.87,mg/dL,Normal
1106408,700251,6002,2025-02-18,18.41,mmol/L,Normal
1106409,706089,6016,2025-09-04,36.83,%,Normal
1106410,700704,6025,2025-07-07,28.4,U/L,Normal
1106411,701765,6001,2025-01-12,18.15,%,High
1106412,701325,6023,2025-04-27,11.12,g/dL,High
1106413,702865,6008,2021-12-03,31.79,U/L,Normal
1106414,702931,6024,2025-06-21,52.93,mmHg,Normal
1106415,705284,6009,2021-10-28,27.3,mg/dL,Normal
1106416,701057,6004,2025-10-04,17.34,mmHg,Low
1106417,705076,6024,2025-02-04,8.02,%,Normal
1106418,702869,6009,2023-11-14,15.11,U/L,Normal
1106419,705546,6024,2022-07-17,14.35,mmHg,Normal
1106420,702656,6007,2024-03-08,140.48,mg/dL,Low
1106421,704615,6019,2023-03-26,10.6,%,Low
1106422,703745,6009,2023-04-22,43.51,U/L,High
1106423,704886,6026,2025-09-02,13.32,mg/dL,Normal
1106424,705732,6004,2023-02-20,11.2,%,High
1106425,702377,6005,2021-08-11,8.06,%,Normal
1106426,704916,6005,2025-02-17,6.88,%,Normal
1106427,701946,6003,2023-10-13,8.83,mmHg,High
1106428,705704,6010,2023-10-01,25.78,g/dL,Normal
1106429,704194,6012,2025-09-29,13.87,g/dL,Normal
1106430,702460,6023,2022-04-27,21.82,mmol/L,Normal
1106431,700461,6020,2024-09-05,10.05,mmHg,Normal
1106432,701045,6012,2023-11-09,27.23,mmHg,Normal
1106433,701358,6009,2024-09-06,7.48,mmHg,Normal
1106434,702550,6007,2025-08-17,5.74,g/dL,Normal
1106435,703559,6006,2021-01-11,15.92,mg/dL,Normal
1106436,702926,6026,2023-06-17,142.09,mmol/L,Normal
1106437,703454,6003,2021-09-29,12.08,mg/dL,Normal
1106438,701034,6015,2025-05-28,86.77,%,High
1106439,706244,6025,2024-11-21,95.75,%,Critical
1106440,700288,6009,2023-05-09,37.61,mg/dL,Normal
1106441,704039,6017,2021-04-10,15.58,mmHg,Normal
1106442,706041,6003,2023-04-10,23.11,mmHg,Normal
1106443,705277,6025,2023-10-14,26.44,mmHg,Normal
1106444,700325,6024,2025-10-26,7.92,%,Low
1106445,704561,6009,2025-06-05,29.33,mg/dL,Normal
1106446,703428,6001,2022-08-11,25.0,g/dL,Normal
1106447,705597,6021,2023-01-28,9.52,mg/dL,Low
1106448,700556,6016,2025-04-09,13.64,g/dL,Normal
1106449,700796,6025,2023-04-11,35.68,mmol/L,Normal
1106450,701168,6015,2023-03-15,47.25,mg/dL,High
1106451,703404,6004,2022-07-11,59.43,mg/dL,Normal
1106452,702983,6011,2021-05-18,10.52,mmHg,Normal
1106453,701157,6015,2025-10-19,4.63,mg/dL,Normal
1106454,704940,6023,2022-06-01,12.45,U/L,Normal
1106455,704827,6010,2022-07-10,40.12,%,Normal
1106456,704510,6014,2022-10-14,32.8,mmol/L,Normal
1106457,703992,6019,2024-08-22,19.06,mmHg,Normal
1106458,703547,6008,2022-04-06,42.45,mmHg,High
1106459,703257,6012,2025-09-09,6.02,mmol/L,Critical
1106460,705431,6017,2021-04-20,22.58,U/L,Normal
1106461,702118,6014,2023-05-09,10.5,U/L,Normal
1106462,701575,6020,2024-02-11,14.24,U/L,Normal
1106463,700600,6026,2021-07-31,21.83,mmol/L,Normal
1106464,701495,6022,2021-01-16,10.93,U/L,Low
1106465,700718,6020,2023-12-23,15.26,mg/dL,High
1106466,702294,6014,2021-12-21,16.19,mmHg,Normal
1106467,704269,6009,2022-09-12,31.85,mmHg,Critical
1106468,703635,6019,2023-11-03,12.53,mmHg,Critical
1106469,702269,6001,2022-05-27,5.89,mmHg,Normal
1106470,700851,6020,2022-12-17,3.85,mg/dL,Low
1106471,703721,6023,2023-02-07,31.37,mmHg,Normal
1106472,700059,6021,2024-06-29,26.89,g/dL,Normal
1106473,701856,6005,2021-01-03,6.7,mmHg,Normal
1106474,705203,6010,2023-04-27,13.7,mg/dL,Normal
1106475,702645,6026,2024-08-22,10.85,U/L,Normal
1106476,700887,6006,2023-01-26,11.77,U/L,Normal
1106477,703370,6025,2025-10-13,7.26,g/dL,Normal
1106478,700483,6026,2022-08-06,4.19,g/dL,Normal
1106479,704914,6015,2022-09-18,18.16,mmHg,Normal
1106480,704201,6017,2025-10-16,34.49,U/L,Normal
1106481,703830,6018,2021-12-19,41.2,mmol/L,Critical
1106482,700778,6026,2023-01-25,15.23,%,Critical
1106483,703628,6006,2022-09-10,56.47,g/dL,Normal
1106484,706021,6017,2024-11-21,12.88,U/L,Normal
1106485,702955,6025,2024-07-06,6.61,U/L,High
1106486,705399,6014,2024-07-31,9.52,%,Normal
1106487,701212,6013,2022-06-10,22.18,g/dL,Normal
1106488,703393,6005,2022-09-26,19.84,mg/dL,Critical
1106489,704452,6002,2025-02-26,20.94,mmHg,Normal
1106490,705647,6014,2025-05-15,10.27,mmol/L,High
1106491,704256,6003,2024-12-01,14.31,U/L,Critical
1106492,705662,6017,2022-09-13,22.72,%,Normal
1106493,702810,6009,2022-07-04,7.95,mg/dL,Normal
1106494,705888,6017,2025-11-19,12.4,mmHg,Normal
1106495,703692,6002,2021-10-07,30.82,%,Normal
1106496,705182,6003,2022-07-26,19.6,g/dL,Normal
1106497,701433,6014,2024-09-29,8.71,mg/dL,High
1106498,705781,6025,2025-07-15,17.66,U/L,Normal
1106499,700702,6022,2025-07-02,28.86,mg/dL,Normal
1106500,701388,6026,2021-01-09,24.08,g/dL,Normal
1106501,700945,6001,2025-08-09,15.75,%,Normal
1106502,701162,6024,2021-03-26,12.21,U/L,Normal
1106503,703286,6014,2025-06-22,30.67,U/L,Low
1106504,702533,6007,2021-11-18,15.66,g/dL,Normal
1106505,702079,6002,2025-04-28,13.48,g/dL,Low
1106506,706461,6019,2025-02-14,24.39,mg/dL,High
1106507,705711,6016,2021-04-03,5.67,mg/dL,High
1106508,704361,6003,2023-01-30,,%,Low
1106509,700696,6026,2022-03-06,11.59,U/L,Normal
1106510,705673,6004,2025-03-02,55.89,mmHg,Normal
1106511,701909,6025,2024-11-11,6.11,g/dL,Normal
1106512,705556,6006,2024-11-10,49.81,U/L,Normal
1106513,700013,6009,2025-01-28,31.41,mmHg,Normal
1106514,702368,6022,2021-03-01,22.47,g/dL,Normal
1106515,704532,6025,2024-01-16,28.86,U/L,Low
1106516,700924,6007,2025-01-06,46.43,mmHg,Normal
1106517,703382,6017,2024-02-20,13.38,mmol/L,Normal
1106518,705341,6023,2021-11-07,13.57,%,Normal
1106519,703643,6010,2022-03-07,23.78,%,Normal
1106520,700805,6004,2023-10-14,54.43,U/L,Normal
1106521,703060,6008,2021-06-23,73.25,mmHg,Normal
1106522,705420,6005,2023-07-20,16.48,mmHg,Normal
1106523,704299,6026,2024-11-14,16.26,mmHg,Normal
1106524,704734,6019,2025-02-01,71.01,%,Normal
1106525,701550,6015,2022-05-03,23.83,mg/dL,Normal
1106526,706268,6018,2023-01-15,33.0,mg/dL,Normal
1106527,705970,6024,2024-03-11,22.22,%,Normal
1106528,705789,6004,2022-11-09,13.63,mmol/L,Low
1106529,701482,6018,2023-05-20,9.77,mg/dL,Normal
1106530,705926,6017,2023-05-13,5.62,mmHg,High
1106531,703674,6021,2021-01-10,39.82,U/L,Normal
1106532,705941,6018,2022-12-17,54.48,U/L,High
1106533,701063,6021,2023-04-28,11.8,U/L,Normal
1106534,702550,6003,2024-12-27,14.27,mmol/L,Normal
1106535,704761,6006,2023-12-21,9.56,mmol/L,Critical
1106536,702677,6015,2022-06-03,5.02,mmol/L,Critical
1106537,703566,6009,2021-04-01,13.73,mg/dL,Normal
1106538,703982,6007,2021-02-07,29.29,g/dL,Normal
1106539,701788,6011,2021-09-26,26.83,mg/dL,Normal
1106540,701232,6019,2023-09-22,12.66,%,Normal
1106541,705099,6017,2024-11-24,45.47,g/dL,Normal
1106542,706408,6010,2025-02-08,31.9,mg/dL,Normal
1106543,701005,6020,2021-09-15,25.6,mmol/L,Low
1106544,702450,6008,2022-09-11,10.54,%,Low
1106545,701608,6014,2023-10-22,9.1,g/dL,Normal
1106546,700048,6015,2021-03-13,91.19,mmol/L,Normal
1106547,706072,6018,2025-05-30,,g/dL,High
1106548,703221,6007,2023-03-18,57.73,mmHg,Normal
1106549,705426,6001,2021-12-18,35.49,mmHg,High
1106550,705766,6010,2025-06-28,8.38,U/L,Normal
1106551,703451,6006,2022-08-15,36.01,mmHg,High
1106552,704405,6008,2023-12-24,13.95,mmol/L,Normal
1106553,701582,6018,2025-02-04,12.32,mmol/L,Normal
1106554,700849,6025,2025-07-17,6.61,mmHg,High
1106555,703341,6023,2021-10-02,12.46,%,Normal
1106556,703158,6007,2022-12-26,20.37,mg/dL,High
1106557,700535,6019,2021-01-17,100.57,%,Normal
1106558,705636,6015,2024-04-12,29.44,mmol/L,Normal
1106559,703282,6009,2021-06-19,67.38,mmol/L,Normal
1106560,703352,6020,2023-07-29,54.64,mg/dL,Normal
1106561,706418,6005,2021-09-05,21.17,U/L,Normal
1106562,702116,6018,2021-08-06,31.5,U/L,Low
1106563,703013,6020,2025-10-03,13.31,%,Normal
1106564,701867,6023,2025-09-21,6.46,mmHg,Normal
1106565,705199,6023,2023-06-25,43.79,U/L,Normal
1106566,700117,6017,2023-05-04,8.71,mmHg,Normal
1106567,706311,6001,2021-12-22,3.73,g/dL,Low
1106568,705292,6015,2023-04-14,23.74,mg/dL,Normal
1106569,705901,6013,2021-03-06,13.29,mmol/L,Normal
1106570,704857,6009,2025-12-23,77.95,U/L,High
1106571,703756,6025,2023-07-05,18.68,mmol/L,Normal
1106572,704425,6006,2024-07-28,22.13,mg/dL,Low
1106573,702451,6009,2021-04-20,26.95,%,High
1106574,701420,6003,2022-08-26,16.62,g/dL,High
1106575,700852,6001,2025-04-20,15.45,%,High
1106576,704417,6026,2024-04-26,14.37,g/dL,Normal
1106577,702858,6025,2024-02-25,33.96,mg/dL,Normal
1106578,702432,6005,2025-10-13,45.34,mg/dL,Low
1106579,701509,6005,2021-01-20,65.41,mmol/L,Normal
1106580,701898,6023,2023-05-07,31.51,U/L,Normal
1106581,704552,6014,2024-08-14,9.34,mmol/L,Normal
1106582,702866,6010,2025-12-27,5.5,mg/dL,Normal
1106583,701683,6019,2022-08-22,11.1,g/dL,Low
1106584,701343,6003,2022-06-30,9.76,%,Normal
1106585,705451,6006,2022-02-12,45.92,mmHg,Normal
1106586,706340,6014,2021-12-10,35.16,g/dL,Normal
1106587,700598,6023,2023-10-17,11.62,U/L,Normal
1106588,701124,6015,2024-06-21,28.8,%,Normal
1106589,700140,6017,2024-01-25,17.75,%,Low
1106590,702264,6022,2025-05-22,17.22,U/L,Normal
1106591,702063,6017,2021-07-04,38.6,mg/dL,Normal
1106592,701659,6009,2024-03-12,22.21,mg/dL,Normal
1106593,704434,6025,2025-10-09,16.37,g/dL,Normal
1106594,703372,6011,2021-01-29,18.22,mg/dL,High
1106595,704790,6021,2025-03-22,29.32,%,High
1106596,704540,6026,2023-04-29,24.4,mmHg,Low
1106597,702684,6018,2021-10-22,4.34,mg/dL,Critical
1106598,705106,6008,2024-07-06,15.11,mg/dL,Low
1106599,704011,6018,2021-09-05,6.17,mmHg,Normal
1106600,702199,6011,2025-12-01,38.12,mmol/L,Normal
1106601,700882,6016,2022-05-09,12.88,U/L,Normal
1106602,702479,6009,2024-12-14,69.14,mmol/L,Critical
1106603,704385,6002,2022-08-04,9.95,mg/dL,Normal
1106604,705144,6001,2021-05-21,19.38,%,Normal
1106605,702171,6015,2025-02-06,9.74,g/dL,Normal
1106606,703499,6015,2021-03-04,12.55,mmol/L,Normal
1106607,702445,6026,2024-04-17,40.71,mmol/L,High
1106608,701543,6011,2024-06-06,24.73,g/dL,Normal
1106609,701226,6004,2024-04-03,23.12,mmHg,Low
1106610,701336,6002,2022-11-17,31.52,g/dL,Normal
1106611,705171,6013,2025-03-25,21.79,mmol/L,Low
1106612,703051,6001,2024-11-29,31.6,g/dL,Critical
1106613,704441,6020,2024-12-09,35.3,U/L,Low
1106614,702639,6001,2023-09-22,13.44,%,Normal
1106615,701704,6026,2021-05-27,8.85,%,Normal
1106616,702298,6009,2024-12-27,20.32,g/dL,Normal
1106617,702565,6025,2024-12-24,24.4,U/L,Normal
1106618,703410,6010,2021-12-04,15.28,mg/dL,Normal
1106619,702445,6002,2022-11-29,64.73,mmol/L,Normal
1106620,705168,6011,2025-09-14,5.31,U/L,High
1106621,703610,6004,2021-05-02,49.45,mmHg,Normal
1106622,702375,6012,2021-02-05,50.58,mmol/L,Low
1106623,705336,6011,2023-09-07,16.15,mg/dL,Normal
1106624,703326,6022,2022-07-10,25.57,%,Normal
1106625,704082,6015,2022-09-11,18.3,%,Normal
1106626,706106,6007,2023-04-09,22.38,U/L,High
1106627,702308,6004,2023-09-14,50.37,g/dL,Normal
1106628,700984,6014,2025-12-09,57.03,mmHg,Critical
1106629,705678,6002,2025-10-01,65.36,mmHg,High
1106630,706207,6014,2023-12-31,36.2,mmHg,Normal
1106631,705793,6016,2021-11-05,8.63,%,Low
1106632,700795,6010,2021-06-01,31.61,mmol/L,Normal
1106633,705024,6017,2025-10-18,27.67,%,Normal
1106634,704033,6007,2023-05-25,10.77,mmol/L,Critical
1106635,704964,6003,2021-09-16,26.59,mmol/L,Normal
1106636,700985,6020,2023-07-09,37.17,g/dL,Normal
1106637,701276,6016,2024-11-10,11.91,U/L,High
1106638,700549,6013,2025-11-27,64.62,g/dL,High
1106639,705870,6009,2025-03-04,22.12,mmol/L,Normal
1106640,700604,6016,2022-07-28,19.46,g/dL,Normal
1106641,702806,6003,2025-07-22,55.04,%,Low
1106642,704163,6022,2022-10-20,18.76,mmHg,High
1106643,706301,6017,2022-08-09,13.96,mmol/L,Normal
1106644,704915,6001,2024-12-21,25.87,U/L,Normal
1106645,701220,6007,2025-12-01,21.77,U/L,Normal
1106646,702471,6025,2024-09-19,8.74,mmHg,Normal
1106647,704817,6001,2021-01-06,37.76,mg/dL,Low
1106648,700733,6015,2021-11-03,8.66,g/dL,High
1106649,700089,6008,2023-10-08,20.73,g/dL,High
1106650,703356,6020,2025-11-25,16.51,g/dL,High
1106651,701184,6006,2021-07-20,5.77,g/dL,Low
1106652,700021,6019,2025-03-09,30.4,mg/dL,Normal
1106653,704745,6018,2022-06-09,169.76,mmHg,Normal
1106654,703913,6008,2025-06-22,35.19,g/dL,Low
1106655,700461,6017,2023-09-08,32.87,mmHg,Normal
1106656,705187,6023,2021-01-23,10.11,mg/dL,Normal
1106657,704981,6011,2024-07-07,37.91,%,Normal
1106658,705255,6024,2021-01-27,22.37,U/L,Normal
1106659,704912,6005,2021-01-23,13.53,mmHg,Normal
1106660,705643,6026,2023-08-28,18.5,mmHg,Low
1106661,705618,6005,2024-12-20,64.99,g/dL,Normal
1106662,700359,6008,2024-05-01,35.74,mg/dL,Normal
1106663,700396,6012,2022-11-16,42.23,mmHg,Normal
1106664,705208,6009,2023-07-27,14.76,g/dL,Normal
1106665,703696,6018,2025-05-03,7.39,mg/dL,Normal
1106666,704721,6024,2023-01-11,12.5,%,High
1106667,706401,6011,2021-06-12,44.05,mg/dL,Low
1106668,702941,6021,2022-12-10,4.2,%,Normal
1106669,703425,6011,2022-12-20,20.42,mg/dL,High
1106670,702158,6005,2023-08-14,4.09,g/dL,Normal
1106671,701489,6021,2023-01-24,24.76,U/L,Low
1106672,705103,6021,2024-03-19,12.01,g/dL,Normal
1106673,701754,6014,2021-10-23,14.1,mg/dL,Normal
1106674,706292,6012,2024-06-06,4.64,mmol/L,Normal
1106675,704107,6019,2024-10-03,24.6,mmol/L,High
1106676,702554,6010,2025-08-13,18.0,%,High
1106677,701856,6020,2022-10-19,22.37,U/L,Critical
1106678,700690,6005,2024-08-02,16.82,mmHg,High
1106679,702492,6021,2021-07-26,20.8,mg/dL,Normal
1106680,700967,6010,2023-04-12,27.73,mg/dL,High
1106681,702191,6019,2025-09-22,31.61,%,Normal
1106682,702184,6026,2021-01-04,5.69,mmHg,Normal
1106683,700286,6018,2023-07-05,39.02,mmol/L,Normal
1106684,700487,6012,2022-12-04,60.38,mmol/L,Low
1106685,700957,6003,2022-04-15,18.91,g/dL,Normal
1106686,706366,6015,2024-10-14,17.18,U/L,Normal
1106687,703486,6008,2025-05-12,23.0,%,High
1106688,703594,6015,2024-09-02,24.95,%,Normal
1106689,703829,6023,2023-01-19,21.24,mg/dL,Normal
1106690,706110,6021,2025-02-02,113.98,mmol/L,Critical
1106691,702029,6008,2024-03-16,35.6,g/dL,Normal
1106692,704835,6003,2022-05-18,12.06,mg/dL,Normal
1106693,703339,6025,2021-01-25,34.58,mg/dL,Normal
1106694,701043,6011,2025-04-21,29.15,mg/dL,High
1106695,702295,6011,2024-09-19,19.66,g/dL,Normal
1106696,704570,6012,2024-08-10,9.77,mmHg,Low
1106697,702909,6018,2024-08-22,17.03,mmol/L,Normal
1106698,702268,6020,2021-07-31,17.74,U/L,High
1106699,703704,6014,2022-10-01,31.43,U/L,Normal
1106700,704286,6012,2025-05-20,7.77,mmol/L,Normal
1106701,704844,6013,2024-06-15,38.7,mmHg,Normal
1106702,705500,6007,2021-01-14,17.87,%,Normal
1106703,702205,6018,2021-03-11,57.31,%,Normal
1106704,704047,6012,2024-03-14,21.91,mmHg,Normal
1106705,700243,6022,2022-11-08,11.37,mmol/L,Normal
1106706,702696,6017,2024-07-12,16.84,mmHg,High
1106707,704776,6024,2022-12-24,10.94,g/dL,Low
1106708,702985,6005,2025-05-30,113.38,g/dL,Normal
1106709,703912,6021,2022-06-24,14.83,U/L,Normal
1106710,703978,6026,2023-03-30,7.48,g/dL,Normal
1106711,700215,6017,2023-05-15,32.29,mmol/L,Normal
1106712,701639,6001,2022-10-06,19.89,U/L,Critical
1106713,704228,6014,2025-06-08,14.92,mmol/L,Normal
1106714,701692,6011,2021-11-07,80.88,%,Normal
1106715,705274,6012,2021-07-23,12.43,mmHg,Low
1106716,700448,6018,2025-08-26,69.03,mmol/L,Normal
1106717,702377,6025,2023-10-17,34.12,U/L,Normal
1106718,703745,6003,2025-02-19,25.49,g/dL,Normal
1106719,703834,6020,2022-02-07,51.23,%,Normal
1106720,705112,6014,2024-10-27,9.35,g/dL,Normal
1106721,705494,6018,2023-07-17,7.95,mg/dL,Normal
1106722,703395,6002,2022-09-25,29.51,mg/dL,Normal
1106723,705880,6005,2024-04-04,9.86,mmHg,High
1106724,704991,6002,2022-08-13,25.31,g/dL,High
1106725,702944,6026,2022-03-31,18.1,mmHg,High
1106726,701372,6021,2021-03-08,10.57,g/dL,Low
1106727,700934,6006,2022-04-24,6.41,mmHg,Normal
1106728,700466,6011,2022-12-25,13.54,mmHg,Normal
1106729,704239,6021,2025-03-14,27.7,g/dL,High
1106730,701147,6005,2021-04-16,16.7,U/L,Normal
1106731,705317,6013,2025-10-08,18.61,mmol/L,High
1106732,702811,6011,2023-03-22,33.23,mg/dL,Normal
1106733,702044,6004,2024-07-13,10.03,g/dL,High
1106734,700873,6014,2021-03-27,89.87,g/dL,Low
1106735,701863,6002,2021-02-14,17.95,mmHg,High
1106736,700241,6015,2021-09-24,12.24,U/L,Low
1106737,702316,6013,2021-12-19,14.94,%,Low
1106738,703870,6017,2025-12-22,10.49,g/dL,Low
1106739,706317,6013,2022-11-27,60.56,U/L,High
1106740,705092,6015,2022-05-09,29.85,mmol/L,Normal
1106741,700900,6018,2023-01-21,142.48,mmHg,High
1106742,701246,6017,2024-05-10,15.08,mmol/L,High
1106743,703600,6012,2022-02-27,27.0,g/dL,Low
1106744,700054,6024,2023-01-28,15.36,mmol/L,Normal
1106745,701996,6010,2021-10-11,37.74,U/L,Normal
1106746,706073,6006,2025-03-22,12.04,mg/dL,Normal
1106747,701252,6010,2025-11-08,22.42,U/L,Critical
1106748,705952,6020,2021-08-07,51.51,mmHg,Normal
1106749,705560,6010,2021-07-09,21.86,%,High
1106750,702992,6023,2025-08-10,78.07,g/dL,Low
1106751,703116,6009,2025-02-16,56.09,mmol/L,Normal
1106752,700527,6022,2024-03-07,14.14,mg/dL,Low
1106753,703407,6022,2024-03-02,33.86,mmHg,Low
1106754,702850,6025,2022-05-01,21.58,U/L,Normal
1106755,705202,6006,2021-12-06,69.32,%,Low
1106756,701808,6006,2023-07-03,9.92,%,Normal
1106757,704033,6008,2022-07-15,33.51,mmHg,Normal
1106758,706044,6003,2022-06-20,19.56,mmol/L,Normal
1106759,703929,6021,2022-12-01,14.61,%,Normal
1106760,703442,6012,2024-04-30,8.22,mmHg,Normal
1106761,704671,6003,2021-12-03,37.07,mg/dL,High
1106762,702036,6004,2023-06-03,4.58,U/L,Normal
1106763,705458,6014,2021-11-12,12.83,%,Low
1106764,704407,6005,2024-09-02,27.58,mg/dL,Normal
1106765,703860,6013,2022-06-23,34.67,mg/dL,Normal
1106766,701271,6013,2021-04-24,11.87,g/dL,Normal
1106767,706421,6014,2021-05-11,14.06,%,Normal
1106768,704985,6017,2023-03-17,27.73,mg/dL,Normal
1106769,702400,6001,2024-10-24,45.34,mmHg,High
1106770,700313,6022,2025-04-11,44.88,mmHg,Normal
1106771,702502,6021,2022-06-26,24.0,mmol/L,Normal
1106772,706290,6002,2021-01-29,6.08,g/dL,High
1106773,703018,6006,2021-10-11,12.98,g/dL,Normal
1106774,700043,6005,2021-08-08,6.05,mg/dL,Normal
1106775,702974,6019,2025-07-25,55.17,%,High
1106776,704290,6001,2021-03-30,28.74,U/L,Normal
1106777,704118,6008,2024-08-05,17.68,mg/dL,Low
1106778,703535,6003,2023-09-17,11.08,mmol/L,Low
1106779,705910,6002,2024-10-30,18.66,%,Normal
1106780,705201,6026,2025-08-03,28.85,mmol/L,High
1106781,706293,6003,2025-05-26,32.44,mmHg,Low
1106782,704155,6022,2025-03-14,5.94,mg/dL,Normal
1106783,706071,6024,2021-08-28,35.2,mmHg,Normal
1106784,704600,6004,2025-09-21,19.11,mg/dL,Normal
1106785,700248,6019,2023-12-16,19.73,U/L,Normal
1106786,701507,6019,2025-05-16,41.75,%,Low
1106787,700850,6017,2023-08-23,10.13,mmol/L,Normal
1106788,703497,6014,2021-07-04,50.79,mmHg,Critical
1106789,703568,6010,2024-02-29,9.71,U/L,High
1106790,701019,6024,2021-09-09,32.46,mmol/L,Normal
1106791,706337,6009,2021-09-14,28.94,U/L,Normal
1106792,704030,6020,2025-01-07,7.71,mmHg,Normal
1106793,706245,6010,2022-12-06,21.95,mg/dL,Normal
1106794,705315,6011,2022-01-25,44.46,mmol/L,Normal
1106795,702010,6013,2021-01-16,10.51,g/dL,Normal
1106796,704491,6006,2025-06-11,25.0,mg/dL,High
1106797,704526,6017,2022-05-17,26.65,%,Normal
1106798,702737,6020,2023-08-04,26.74,%,Normal
1106799,702007,6012,2023-08-29,13.9,mmol/L,Normal
1106800,703690,6023,2025-08-15,20.81,mmHg,Low
1106801,703585,6023,2025-08-11,11.82,mmHg,Normal
1106802,700700,6007,2025-05-29,19.79,mmol/L,Normal
1106803,700475,6005,2025-07-24,,mmHg,Normal
1106804,705807,6011,2025-03-09,24.97,mg/dL,Normal
1106805,705310,6005,2025-06-22,12.87,g/dL,Normal
1106806,701807,6003,2025-03-15,21.54,mg/dL,High
1106807,705525,6003,2022-09-08,9.32,g/dL,Normal
1106808,703570,6003,2023-10-10,20.8,mmHg,Normal
1106809,703029,6015,2025-07-17,25.14,mg/dL,Normal
1106810,700382,6006,2023-09-22,37.39,%,High
1106811,704496,6002,2025-04-03,5.4,mmHg,Normal
1106812,703497,6006,2024-11-02,41.03,%,Low
1106813,705981,6004,2022-06-09,57.62,mmol/L,Normal
1106814,704501,6015,2021-08-25,7.15,mmHg,Normal
1106815,706119,6002,2024-08-31,15.85,mmHg,Low
1106816,702541,6025,2024-10-05,33.46,mg/dL,Normal
1106817,704755,6001,2022-12-20,173.74,mmHg,High
1106818,704192,6004,2022-02-25,14.07,mmHg,Normal
1106819,700245,6022,2025-02-25,28.52,mmHg,Normal
1106820,702480,6016,2021-07-25,26.09,U/L,Normal
1106821,703243,6010,2022-01-05,37.86,mmHg,Normal
1106822,700796,6023,2022-01-14,26.01,U/L,Normal
1106823,700691,6013,2023-12-16,24.89,g/dL,Low
1106824,704622,6022,2025-03-25,20.74,g/dL,Low
1106825,703309,6005,2022-06-18,13.63,U/L,Normal
1106826,700377,6025,2023-08-10,17.63,g/dL,Normal
1106827,701968,6006,2025-12-10,16.2,g/dL,Normal
1106828,701376,6005,2025-01-13,43.83,mg/dL,Normal
1106829,702079,6012,2024-11-07,7.3,mmHg,Low
1106830,703444,6017,2022-05-04,36.44,g/dL,Normal
1106831,701484,6003,2022-10-04,11.88,mmHg,Normal
1106832,705647,6022,2023-04-14,11.45,%,High
1106833,705149,6006,2022-01-17,15.56,mg/dL,Normal
1106834,704329,6002,2022-01-13,34.99,mg/dL,Low
1106835,700161,6002,2024-08-18,11.67,mmol/L,High
1106836,701970,6002,2024-08-05,101.31,mmol/L,High
1106837,703675,6024,2023-10-24,48.91,g/dL,Normal
1106838,702826,6018,2022-04-22,10.7,mmHg,Normal
1106839,701380,6011,2025-05-17,29.65,%,Normal
1106840,701215,6026,2022-06-13,37.05,mmHg,Low
1106841,704049,6001,2025-07-22,7.9,g/dL,Normal
1106842,703732,6023,2025-10-04,48.81,U/L,Normal
1106843,701953,6009,2024-11-09,52.26,mmol/L,Normal
1106844,702422,6020,2023-11-25,36.84,g/dL,Low
1106845,706019,6009,2024-09-24,21.05,mg/dL,Low
1106846,700352,6025,2025-03-24,51.7,mmHg,Normal
1106847,701551,6016,2023-05-06,26.94,mmol/L,Normal
1106848,701822,6005,2021-02-17,7.3,mmol/L,High
1106849,700520,6025,2023-12-01,18.85,mmol/L,Low
1106850,700384,6009,2023-06-04,30.89,U/L,Normal
1106851,701215,6007,2022-10-24,50.13,mmol/L,Normal
1106852,703492,6014,2024-07-13,29.41,g/dL,Critical
1106853,702125,6018,2022-11-24,67.95,mmHg,High
1106854,701549,6026,2021-01-01,23.92,mg/dL,Normal
1106855,704920,6003,2025-03-18,63.56,mg/dL,Low
1106856,702816,6001,2021-09-27,18.84,%,Normal
1106857,706377,6019,2022-03-06,14.23,mg/dL,Normal
1106858,705447,6024,2024-01-17,29.56,U/L,Normal
1106859,700591,6003,2021-11-08,62.12,%,Normal
1106860,703984,6026,2021-05-23,20.7,mmol/L,Normal
1106861,704274,6011,2024-11-20,16.47,mmHg,Normal
1106862,700789,6011,2025-12-16,55.98,mmHg,Normal
1106863,700738,6005,2024-12-21,11.39,g/dL,Normal
1106864,703503,6014,2024-04-28,50.76,g/dL,Low
1106865,704547,6009,2025-06-12,10.4,mg/dL,Normal
1106866,705137,6026,2024-03-07,12.05,mmHg,Normal
1106867,702532,6001,2024-02-25,17.15,U/L,Normal
1106868,706015,6002,2021-09-02,6.65,mg/dL,Normal
1106869,701185,6011,2022-12-06,22.63,mmHg,Normal
1106870,705803,6003,2025-05-05,6.16,g/dL,Low
1106871,704407,6005,2023-01-01,26.93,g/dL,High
1106872,706340,6009,2025-10-24,31.03,mmHg,High
1106873,706402,6020,2025-11-25,13.5,mmHg,High
1106874,700442,6013,2024-02-19,23.7,%,Normal
1106875,702858,6011,2021-08-25,7.12,g/dL,Normal
1106876,701473,6020,2025-01-19,4.62,mg/dL,High
1106877,703333,6025,2024-04-24,19.65,U/L,Normal
1106878,705009,6015,2022-11-21,31.07,mmol/L,High
1106879,704883,6011,2025-09-12,11.39,U/L,Low
1106880,705627,6021,2025-03-26,18.18,mmol/L,Normal
1106881,703484,6004,2025-06-06,48.36,mmHg,High
1106882,703189,6017,2025-08-10,78.66,mg/dL,Normal
1106883,700980,6023,2024-08-09,38.6,%,High
1106884,701586,6024,2022-01-23,6.82,mmol/L,Normal
1106885,706487,6003,2021-11-25,14.08,%,Normal
1106886,704122,6024,2021-06-28,16.24,mmol/L,Normal
1106887,703616,6005,2021-09-16,14.51,U/L,Normal
1106888,702401,6012,2022-01-06,11.72,mg/dL,Normal
1106889,705739,6009,2024-01-02,23.86,mg/dL,Normal
1106890,705773,6015,2023-11-18,31.18,%,Normal
1106891,705029,6015,2022-07-07,15.14,mmHg,High
1106892,700616,6007,2024-12-06,40.89,mmHg,High
1106893,706493,6020,2025-01-24,8.93,mmol/L,Normal
1106894,705327,6019,2025-11-22,17.02,mmHg,Normal
1106895,704680,6014,2023-12-31,34.28,mmHg,High
1106896,700480,6011,2025-07-17,24.31,mmHg,High
1106897,701792,6017,2023-01-03,20.55,mg/dL,Normal
1106898,705526,6017,2025-11-04,17.71,mmol/L,Normal
1106899,701408,6004,2025-06-07,7.2,%,Normal
1106900,705656,6025,2023-08-16,5.63,mmol/L,High
1106901,703677,6022,2021-10-19,16.51,g/dL,Normal
1106902,700165,6006,2024-06-11,14.41,g/dL,Normal
1106903,701573,6023,2021-09-15,18.38,mmol/L,Normal
1106904,700222,6012,2023-06-09,35.23,U/L,High
1106905,705791,6012,2025-07-06,42.07,%,Low
1106906,705013,6026,2022-03-26,26.36,U/L,Low
1106907,702221,6022,2023-08-12,33.56,%,Normal
1106908,705801,6005,2021-01-08,29.85,%,Normal
1106909,704645,6018,2022-09-18,26.34,g/dL,Normal
1106910,703473,6014,2022-09-20,18.42,mmHg,Normal
1106911,703895,6018,2022-03-06,2.07,mg/dL,Normal
1106912,701905,6015,2021-07-28,20.3,U/L,Normal
1106913,702575,6017,2021-11-05,24.43,mmHg,Low
1106914,706251,6005,2024-07-29,34.57,mmHg,High
1106915,704806,6017,2023-06-20,18.87,mg/dL,Normal
1106916,702488,6018,2021-10-10,8.74,mmHg,Normal
1106917,703684,6010,2023-11-26,54.71,U/L,Normal
1106918,704810,6023,2022-05-14,39.89,mg/dL,Normal
1106919,703670,6021,2021-08-29,15.76,mmHg,Normal
1106920,701629,6010,2025-03-03,10.21,%,Normal
1106921,701345,6012,2023-05-09,21.08,U/L,Normal
1106922,704321,6020,2022-08-28,3.91,%,Normal
1106923,700924,6005,2024-04-03,9.46,mmHg,Normal
1106924,705874,6023,2021-08-30,22.07,U/L,Normal
1106925,703625,6013,2024-01-06,12.15,g/dL,Normal
1106926,701231,6013,2025-02-10,30.26,%,High
1106927,700030,6015,2025-01-22,20.36,g/dL,Normal
1106928,700450,6002,2022-04-16,6.92,mmol/L,Low
1106929,704328,6003,2024-11-01,5.88,mg/dL,Normal
1106930,704343,6003,2022-12-09,102.97,mmHg,Normal
1106931,700483,6021,2024-03-05,14.48,mg/dL,Normal
1106932,704902,6024,2024-07-28,20.54,U/L,Normal
1106933,703824,6013,2023-11-17,25.07,mmol/L,Normal
1106934,701632,6010,2023-03-18,24.19,%,Normal
1106935,702928,6020,2025-05-30,34.69,g/dL,Low
1106936,702029,6025,2021-09-16,10.56,mg/dL,Normal
1106937,700534,6025,2024-02-07,7.9,mmol/L,Normal
1106938,701470,6026,2024-06-15,21.89,%,Normal
1106939,703934,6021,2025-08-25,18.51,mg/dL,Low
1106940,704882,6023,2024-05-01,9.84,mg/dL,High
1106941,705026,6023,2025-02-17,53.94,g/dL,Low
1106942,703257,6019,2022-12-05,11.6,mmHg,Normal
1106943,705411,6005,2022-11-18,34.94,g/dL,Low
1106944,703211,6024,2022-05-04,24.98,mmol/L,Low
1106945,701843,6005,2025-07-02,21.46,g/dL,Normal
1106946,701688,6019,2023-01-31,69.24,mg/dL,Normal
1106947,705130,6018,2024-11-27,85.0,%,Low
1106948,700050,6006,2024-02-17,23.81,U/L,Normal
1106949,705461,6003,2023-02-09,21.29,U/L,High
1106950,700402,6023,2025-10-29,17.84,%,Low
1106951,703981,6003,2021-04-08,22.63,g/dL,Normal
1106952,702408,6020,2023-07-21,16.98,g/dL,Normal
1106953,701093,6019,2022-10-31,5.87,U/L,Low
1106954,704038,6026,2024-03-23,8.84,mmHg,Low
1106955,706463,6003,2023-11-19,39.21,mmHg,Normal
1106956,704260,6013,2023-12-30,18.49,mmol/L,Normal
1106957,706297,6009,2022-10-19,14.93,mg/dL,Normal
1106958,700780,6011,2023-05-17,9.93,g/dL,High
1106959,704421,6002,2025-06-07,48.9,U/L,Normal
1106960,705119,6015,2023-03-01,9.19,U/L,Normal
1106961,705589,6022,2023-07-02,16.98,%,Normal
1106962,704314,6026,2025-08-29,16.94,mmol/L,Low
1106963,700484,6016,2022-05-18,33.8,mmol/L,Normal
1106964,700480,6004,2025-09-12,14.4,g/dL,Normal
1106965,705654,6021,2025-09-18,12.79,%,Low
1106966,705151,6020,2023-07-29,27.7,mg/dL,High
1106967,703217,6018,2022-09-06,6.76,mg/dL,Normal
1106968,704676,6022,2021-01-06,28.8,mmHg,Normal
1106969,701263,6008,2024-07-05,6.08,g/dL,Normal
1106970,703090,6017,2022-02-13,17.85,U/L,Normal
1106971,703458,6020,2022-11-27,35.88,g/dL,Normal
1106972,700645,6013,2023-06-10,13.13,mg/dL,Low
1106973,704431,6012,2021-08-29,15.34,mg/dL,Normal
1106974,703580,6016,2024-08-05,33.97,mmHg,Normal
1106975,705337,6022,2022-06-23,22.35,mmHg,Normal
1106976,705625,6016,2021-01-11,12.69,mmol/L,Normal
1106977,705411,6004,2022-05-19,20.79,U/L,Normal
1106978,702377,6019,2024-08-12,65.88,%,Low
1106979,702053,6004,2023-04-24,31.74,U/L,High
1106980,702236,6023,2024-12-03,23.59,U/L,Normal
1106981,701649,6005,2021-12-26,23.86,mg/dL,Normal
1106982,706329,6026,2025-09-22,11.09,U/L,High
1106983,705710,6010,2025-06-18,33.36,mmHg,Normal
1106984,706328,6024,2021-08-07,11.79,mmHg,Normal
1106985,705555,6014,2021-11-25,45.38,mg/dL,Normal
1106986,706336,6006,2021-10-19,18.66,mg/dL,High
1106987,702065,6016,2021-08-27,29.98,g/dL,Normal
1106988,701936,6014,2023-06-11,11.48,%,Low
1106989,700419,6008,2021-12-16,27.53,%,Normal
1106990,704333,6011,2023-01-01,15.09,mmol/L,Normal
1106991,700587,6007,2024-03-07,15.26,g/dL,Normal
1106992,704185,6004,2023-03-07,30.79,mmol/L,Normal
1106993,702823,6023,2022-04-17,19.58,mmHg,High
1106994,705421,6012,2021-08-29,,g/dL,Normal
1106995,702434,6013,2024-04-18,22.64,mg/dL,High
1106996,701578,6009,2021-07-18,4.38,mg/dL,Normal
1106997,706366,6005,2022-07-04,52.51,mmol/L,Low
1106998,701307,6019,2021-05-22,19.55,%,Normal
1106999,706237,6023,2022-05-14,33.57,mg/dL,Normal
1107000,704490,6016,2024-11-22,7.63,U/L,Normal
1107001,706451,6021,2021-09-15,15.26,U/L,Normal
1107002,701699,6015,2023-09-06,54.06,U/L,Normal
1107003,703538,6017,2023-03-29,23.13,U/L,High
1107004,704583,6005,2022-10-29,31.62,mmHg,Normal
1107005,701353,6008,2025-12-18,25.33,U/L,Normal
1107006,702090,6004,2022-12-31,65.65,U/L,Normal
1107007,705374,6010,2025-12-09,22.81,mg/dL,Normal
1107008,702488,6023,2023-10-16,11.38,g/dL,Normal
1107009,701851,6013,2024-04-20,22.06,g/dL,Normal
1107010,704417,6013,2022-09-25,6.66,U/L,Normal
1107011,702214,6008,2021-11-06,,mg/dL,High
1107012,703942,6023,2025-01-18,7.51,U/L,Normal
1107013,701412,6009,2024-12-31,6.73,mmol/L,Normal
1107014,705557,6024,2023-02-10,12.22,%,Normal
1107015,703257,6020,2023-09-02,44.53,mg/dL,High
1107016,705964,6009,2023-10-14,38.06,%,High
1107017,702757,6017,2022-02-25,21.85,g/dL,Normal
1107018,701257,6010,2024-10-18,62.74,mmol/L,Normal
1107019,704818,6021,2025-02-02,6.0,mmHg,Low
1107020,702153,6021,2024-08-20,22.01,mmHg,High
1107021,701355,6022,2021-01-25,8.74,%,Low
1107022,703869,6008,2024-06-20,4.99,mmHg,Normal
1107023,700283,6003,2022-03-24,9.84,mmHg,Normal
1107024,700829,6012,2025-02-09,6.2,%,Normal
1107025,705270,6016,2021-08-06,4.53,g/dL,Normal
1107026,701247,6013,2024-08-23,34.97,%,Normal
1107027,705279,6022,2021-09-01,23.42,mg/dL,High
1107028,705209,6024,2023-11-26,44.07,mg/dL,High
1107029,700385,6023,2024-12-02,21.14,U/L,Normal
1107030,701040,6025,2023-12-17,26.16,%,Normal
1107031,705363,6023,2024-05-25,23.51,g/dL,High
1107032,704181,6025,2024-09-05,21.91,mmHg,Normal
1107033,705496,6001,2023-09-26,17.67,g/dL,Normal
1107034,702572,6006,2022-07-14,13.16,%,Normal
1107035,704871,6026,2022-07-02,7.81,U/L,Normal
1107036,706102,6009,2023-12-06,21.05,U/L,Normal
1107037,700566,6010,2023-06-07,33.27,mmol/L,Low
1107038,703735,6011,2024-08-15,11.98,U/L,Low
1107039,701473,6023,2025-03-26,7.62,mmHg,Normal
1107040,703244,6020,2025-05-15,9.7,mmHg,High
1107041,702992,6013,2024-07-28,52.59,mmHg,Normal
1107042,701901,6020,2021-09-05,19.8,%,Normal
1107043,704283,6014,2023-09-29,20.33,g/dL,Normal
1107044,701018,6015,2024-06-17,37.59,%,Normal
1107045,705609,6016,2025-11-06,30.68,mmol/L,Normal
1107046,702829,6012,2024-08-24,10.48,mg/dL,Normal
1107047,700797,6019,2023-05-29,113.57,g/dL,Normal
1107048,702078,6009,2024-01-02,24.59,%,Normal
1107049,706083,6015,2024-02-05,29.68,g/dL,Normal
1107050,702652,6021,2022-05-14,23.37,mmol/L,Normal
1107051,704349,6009,2023-09-10,11.79,mg/dL,High
1107052,706162,6004,2023-10-12,11.1,mmol/L,Normal
1107053,700151,6011,2022-10-02,12.04,mg/dL,Normal
1107054,704227,6003,2022-10-27,8.28,mmol/L,Normal
1107055,702808,6005,2023-02-16,7.55,mmol/L,Normal
1107056,701249,6023,2025-10-27,8.71,mmol/L,Normal
1107057,700729,6004,2024-04-10,22.26,%,Normal
1107058,706035,6021,2022-11-15,8.3,U/L,Normal
1107059,703174,6009,2024-11-03,14.84,U/L,Normal
1107060,705631,6014,2021-03-06,7.3,mg/dL,Normal
1107061,700951,6026,2023-03-25,29.2,%,High
1107062,705292,6007,2022-11-23,27.28,g/dL,Low
1107063,706317,6012,2021-04-15,49.29,mmHg,Normal
1107064,703449,6009,2023-10-18,34.57,mg/dL,Low
1107065,705903,6018,2021-05-25,26.47,g/dL,Low
1107066,703786,6011,2022-02-12,28.96,mmol/L,Normal
1107067,703710,6001,2021-11-19,13.17,g/dL,Normal
1107068,701554,6011,2022-06-08,12.17,mg/dL,Normal
1107069,703231,6007,2024-06-01,83.83,mg/dL,High
1107070,706046,6021,2024-05-18,35.76,mmol/L,Normal
1107071,701741,6021,2021-04-26,13.58,%,Normal
1107072,705347,6009,2023-11-23,7.45,%,High
1107073,704477,6018,2024-03-21,54.9,mmHg,Normal
1107074,702052,6023,2022-02-09,46.93,mmol/L,Critical
1107075,701458,6025,2023-10-08,22.35,g/dL,Normal
1107076,701727,6007,2021-11-05,14.72,U/L,Normal
1107077,701653,6007,2022-05-10,9.64,g/dL,High
1107078,706152,6020,2021-06-30,63.11,mg/dL,Normal
1107079,704924,6003,2025-06-21,41.24,%,Normal
1107080,704200,6005,2022-09-25,17.74,U/L,Low
1107081,706203,6009,2021-06-17,59.78,g/dL,Normal
1107082,705817,6013,2021-04-15,26.17,g/dL,Low
1107083,700819,6006,2024-01-17,11.74,mmHg,Normal
1107084,701492,6005,2022-03-02,8.38,U/L,Normal
1107085,704024,6022,2022-09-06,18.2,mmol/L,High
1107086,702882,6026,2024-04-03,11.02,%,Normal
1107087,702059,6008,2021-07-13,8.34,mg/dL,Normal
1107088,706062,6002,2023-10-28,10.71,mmHg,Normal
1107089,705644,6022,2022-06-10,75.71,mg/dL,Normal
1107090,703368,6024,2022-06-11,20.7,%,Normal
1107091,700459,6019,2025-10-03,32.48,U/L,Normal
1107092,701270,6010,2022-05-02,19.85,g/dL,Normal
1107093,702683,6020,2023-02-10,48.11,U/L,Low
1107094,702144,6023,2024-10-19,10.61,mmHg,Normal
1107095,701797,6023,2023-02-16,23.11,mmol/L,Normal
1107096,700183,6004,2022-05-29,13.06,g/dL,Low
1107097,703466,6013,2022-05-05,21.26,mmHg,Critical
1107098,701100,6020,2021-05-23,41.0,U/L,Critical
1107099,703314,6018,2023-11-08,4.26,%,Normal
1107100,703777,6003,2023-01-02,5.96,%,Normal
1107101,700964,6019,2023-09-16,44.92,U/L,Normal
1107102,704438,6013,2021-01-06,22.35,%,Normal
1107103,704890,6014,2025-01-01,51.32,mmol/L,Normal
1107104,705450,6003,2023-05-31,19.65,%,Normal
1107105,700552,6014,2023-01-19,10.33,%,Normal
1107106,701231,6021,2025-02-22,68.91,U/L,High
1107107,704387,6009,2025-11-18,13.88,%,Low
1107108,702046,6014,2022-06-13,20.09,mmHg,Normal
1107109,705055,6010,2023-02-12,18.45,g/dL,Normal
1107110,704901,6011,2024-05-14,10.09,g/dL,Normal
1107111,702834,6009,2021-04-19,29.36,g/dL,Low
1107112,705530,6011,2025-07-25,6.49,mmHg,Low
1107113,705055,6005,2022-01-04,16.77,mg/dL,Normal
1107114,701685,6015,2021-02-13,28.24,U/L,Normal
1107115,700712,6018,2022-12-30,50.19,%,Normal
1107116,704290,6012,2024-05-30,40.15,mmHg,Normal
1107117,701979,6002,2022-05-02,25.13,mmol/L,Normal
1107118,704099,6025,2024-12-01,19.27,mmol/L,Normal
1107119,704042,6024,2025-04-26,32.03,mmol/L,Low
1107120,700016,6021,2021-05-03,8.82,mg/dL,Normal
1107121,704911,6011,2022-05-28,24.23,%,Normal
1107122,705094,6018,2023-09-19,31.03,mg/dL,Normal
1107123,704700,6008,2025-12-07,9.19,%,High
1107124,705299,6023,2023-01-10,32.39,mmHg,High
1107125,705510,6019,2025-07-06,4.54,%,High
1107126,701999,6004,2022-12-14,26.12,mmol/L,Normal
1107127,703727,6025,2021-07-22,9.25,mmHg,Normal
1107128,702540,6019,2023-03-26,19.06,%,Normal
1107129,704116,6013,2021-01-02,25.48,g/dL,Normal
1107130,700855,6007,2024-05-01,8.95,mg/dL,Low
1107131,701852,6017,2023-07-08,17.51,mmHg,Normal
1107132,700486,6013,2023-09-02,11.76,%,High
1107133,702673,6022,2024-01-18,34.02,mg/dL,Normal
1107134,706081,6026,2022-04-01,17.88,mmHg,Normal
1107135,705578,6011,2023-09-28,22.07,g/dL,Normal
1107136,705282,6009,2022-07-23,24.66,g/dL,Low
1107137,700747,6021,2023-01-14,12.93,U/L,Normal
1107138,702513,6017,2024-04-04,69.19,%,Normal
1107139,705234,6016,2023-10-20,37.88,g/dL,Critical
1107140,703384,6020,2025-06-19,16.27,mmHg,Normal
1107141,702842,6018,2022-03-18,20.15,g/dL,High
1107142,702208,6026,2021-01-22,8.62,mmol/L,Normal
1107143,700109,6018,2024-04-01,44.02,mmHg,Normal
1107144,706246,6011,2025-07-01,19.25,U/L,Normal
1107145,705891,6003,2024-04-03,5.21,mmHg,Normal
1107146,701617,6023,2022-08-26,12.62,U/L,Low
1107147,705791,6025,2022-03-05,13.03,g/dL,Normal
1107148,704263,6023,2025-07-20,23.01,mg/dL,Low
1107149,702305,6019,2023-05-03,12.85,mg/dL,Normal
1107150,702485,6026,2021-08-30,17.53,%,Low
1107151,702307,6023,2023-08-03,5.79,mmol/L,Normal
1107152,706383,6002,2023-10-21,8.35,U/L,Normal
1107153,700526,6005,2021-07-14,17.35,mmol/L,High
1107154,705340,6010,2021-05-03,6.52,mg/dL,Normal
1107155,706412,6015,2024-11-22,15.62,mmol/L,Normal
1107156,704670,6004,2024-06-28,44.74,mg/dL,Normal
1107157,703737,6018,2025-06-26,10.49,%,Normal
1107158,701297,6026,2021-11-20,4.95,mmol/L,Normal
1107159,705931,6006,2021-12-05,21.25,g/dL,Normal
1107160,702454,6013,2025-03-06,5.55,mmHg,Normal
1107161,703548,6012,2025-10-31,49.45,U/L,Normal
1107162,700408,6009,2024-02-03,12.28,g/dL,High
1107163,702791,6025,2025-04-07,11.97,%,Normal
1107164,705785,6021,2021-09-30,8.16,g/dL,Normal
1107165,701041,6010,2024-09-13,9.19,g/dL,Normal
1107166,703851,6010,2025-08-04,13.85,g/dL,Normal
1107167,701825,6019,2023-08-28,11.54,U/L,High
1107168,703749,6016,2025-05-13,30.24,%,Normal
1107169,705912,6016,2024-12-21,3.64,mmHg,Normal
1107170,706248,6003,2021-12-03,29.36,mmol/L,Normal
1107171,701362,6006,2023-12-06,40.27,g/dL,Normal
1107172,705309,6013,2025-12-19,13.58,U/L,Normal
1107173,705956,6009,2023-04-26,18.97,U/L,Normal
1107174,703270,6003,2022-08-03,25.4,mg/dL,Normal
1107175,701515,6001,2024-03-27,25.3,mmHg,High
1107176,700313,6015,2021-08-03,9.85,mmHg,Normal
1107177,700087,6018,2025-07-04,30.39,mmol/L,Normal
1107178,705435,6012,2024-05-24,22.27,U/L,Normal
1107179,702852,6025,2021-09-08,13.77,mg/dL,Normal
1107180,704410,6019,2024-07-25,19.82,U/L,Normal
1107181,703163,6017,2022-06-26,26.72,%,Normal
1107182,700668,6001,2021-03-09,3.79,mg/dL,Normal
1107183,705327,6002,2023-01-04,22.81,g/dL,Normal
1107184,705025,6018,2022-02-08,9.26,mmol/L,Normal
1107185,700784,6026,2024-02-27,29.38,mg/dL,High
1107186,705997,6005,2025-11-01,13.6,U/L,Low
1107187,703893,6001,2024-01-29,41.35,%,Normal
1107188,701324,6024,2024-12-05,20.56,mmol/L,Normal
1107189,700595,6001,2022-10-08,10.24,mmol/L,Normal
1107190,702992,6003,2025-03-29,7.01,mg/dL,Normal
1107191,704888,6011,2022-02-14,8.0,mg/dL,Normal
1107192,703960,6018,2022-08-18,27.76,mg/dL,High
1107193,704258,6008,2024-04-10,29.81,mmol/L,Normal
1107194,705399,6026,2024-08-04,11.07,U/L,Low
1107195,703031,6021,2022-09-09,23.5,U/L,Low
1107196,704548,6010,2024-02-20,96.79,mg/dL,Normal
1107197,700524,6013,2023-12-22,43.99,U/L,Normal
1107198,700325,6017,2025-12-01,7.25,%,Normal
1107199,704343,6010,2024-10-17,13.71,g/dL,Low
1107200,700898,6022,2024-12-07,6.81,U/L,Normal
1107201,705549,6006,2021-12-07,4.83,%,Normal
1107202,700555,6016,2025-12-24,10.17,g/dL,High
1107203,704923,6006,2021-07-17,8.41,%,Normal
1107204,704371,6020,2021-12-23,23.23,mmHg,Normal
1107205,705351,6017,2023-03-21,27.72,mmol/L,Low
1107206,705111,6020,2025-11-16,23.26,U/L,Normal
1107207,702532,6002,2025-01-10,18.39,g/dL,Low
1107208,702168,6014,2022-10-26,16.25,g/dL,High
1107209,706052,6002,2024-07-05,21.52,%,Normal
1107210,703615,6015,2024-04-15,19.73,%,Normal
1107211,703542,6007,2025-07-23,46.87,U/L,Critical
1107212,705284,6003,2021-06-15,10.06,%,Low
1107213,705978,6009,2022-01-16,25.55,U/L,Normal
1107214,705500,6001,2024-01-21,6.88,mmHg,High
1107215,705921,6017,2022-11-21,34.15,mmol/L,Normal
1107216,703333,6023,2023-07-28,5.34,g/dL,Critical
1107217,705952,6022,2024-07-16,8.3,mmol/L,Normal
1107218,704035,6010,2025-09-12,20.89,mmHg,Normal
1107219,704375,6008,2022-07-24,29.43,%,Normal
1107220,700752,6026,2021-01-01,16.87,mg/dL,Normal
1107221,702731,6005,2023-02-26,24.14,mmol/L,Normal
1107222,702072,6012,2023-03-02,3.27,g/dL,High
1107223,700798,6009,2024-01-29,20.94,mmHg,Normal
1107224,702632,6005,2022-05-24,39.9,mg/dL,Normal
1107225,700151,6011,2021-05-21,54.22,mg/dL,Normal
1107226,705929,6011,2022-09-08,34.86,%,High
1107227,702532,6003,2024-06-30,7.99,mg/dL,High
1107228,701434,6025,2023-05-05,33.18,g/dL,Low
1107229,702842,6005,2022-12-25,42.75,U/L,Normal
1107230,704151,6019,2025-03-30,5.16,g/dL,Low
1107231,700168,6006,2022-08-23,14.26,mmol/L,Normal
1107232,706157,6019,2025-03-17,14.41,mmol/L,Normal
1107233,703110,6003,2024-03-18,5.57,mmol/L,Low
1107234,704675,6021,2024-03-17,22.16,mmol/L,High
1107235,701118,6005,2024-08-02,88.07,mmHg,Normal
1107236,700592,6025,2024-11-29,49.61,U/L,High
1107237,701297,6022,2022-10-15,56.36,U/L,Normal
1107238,706250,6008,2025-01-09,83.03,mg/dL,Normal
1107239,700582,6014,2025-12-18,7.81,g/dL,Critical
1107240,703635,6006,2024-07-15,4.95,mmol/L,Normal
1107241,703193,6018,2024-11-04,8.2,U/L,Normal
1107242,704355,6020,2022-07-23,25.28,mmol/L,High
1107243,705707,6016,2023-05-01,38.53,g/dL,Normal
1107244,702815,6001,2021-12-24,26.14,g/dL,Normal
1107245,706360,6007,2023-08-03,102.62,%,Normal
1107246,700669,6019,2023-09-17,18.56,g/dL,Low
1107247,705191,6018,2025-05-18,13.92,g/dL,Normal
1107248,700448,6019,2021-08-07,4.84,%,Normal
1107249,706053,6016,2024-01-28,33.63,mmHg,Normal
1107250,706358,6013,2021-10-08,11.38,mmHg,Normal
1107251,701522,6020,2023-12-27,5.63,mg/dL,Normal
1107252,702079,6022,2024-02-23,32.12,mg/dL,Normal
1107253,700111,6015,2025-01-05,43.56,g/dL,Normal
1107254,705569,6003,2022-02-12,11.38,g/dL,Normal
1107255,702995,6011,2022-03-18,13.15,U/L,Normal
1107256,705136,6026,2025-04-03,35.88,g/dL,Normal
1107257,700721,6011,2024-02-25,21.17,mg/dL,Normal
1107258,705577,6021,2024-10-16,16.18,mg/dL,Low
1107259,700890,6017,2024-05-09,6.63,g/dL,Normal
1107260,703066,6015,2021-01-04,7.52,mmHg,Normal
1107261,702981,6006,2021-06-21,23.19,mmHg,High
1107262,704047,6004,2023-05-16,32.82,U/L,Normal
1107263,704460,6010,2022-05-18,7.25,mmol/L,High
1107264,705890,6010,2023-10-20,8.28,mmHg,High
1107265,702003,6020,2025-06-10,4.85,mmHg,Normal
1107266,703460,6005,2024-10-29,25.91,mg/dL,Normal
1107267,702526,6011,2025-09-27,36.66,mg/dL,High
1107268,705435,6021,2023-06-18,16.24,%,Normal
1107269,702846,6003,2021-01-11,8.59,mmol/L,Low
1107270,705504,6003,2021-09-22,19.17,g/dL,Normal
1107271,705677,6010,2021-07-07,24.15,U/L,Normal
1107272,704614,6018,2022-01-07,40.3,g/dL,Normal
1107273,700836,6010,2025-12-04,36.79,mmol/L,High
1107274,702071,6001,2024-03-08,12.18,U/L,Normal
1107275,701390,6021,2021-11-09,,%,High
1107276,702240,6011,2024-08-11,10.17,mmHg,Normal
1107277,703301,6020,2023-12-20,44.75,mmol/L,Normal
1107278,701532,6007,2024-01-06,22.59,g/dL,High
1107279,701065,6007,2022-01-26,7.54,%,Normal
1107280,704076,6013,2021-06-28,24.65,mg/dL,Low
1107281,701397,6023,2021-02-10,37.17,g/dL,Critical
1107282,700709,6007,2025-03-01,32.08,mmol/L,Critical
1107283,704314,6019,2021-10-27,18.02,mmol/L,Normal
1107284,702407,6025,2025-02-16,15.67,mg/dL,Normal
1107285,701925,6001,2025-12-13,24.53,g/dL,Low
1107286,703613,6025,2024-03-05,27.45,mmHg,Normal
1107287,702063,6020,2025-09-30,55.07,mmHg,Normal
1107288,705569,6003,2022-03-30,12.13,mmol/L,Normal
1107289,704151,6010,2022-12-31,61.69,U/L,Normal
1107290,702207,6013,2025-05-20,17.15,U/L,Normal
1107291,703616,6013,2024-09-08,77.76,%,Normal
1107292,702158,6015,2023-07-27,42.05,mg/dL,Normal
1107293,704775,6007,2025-04-11,22.3,mg/dL,Normal
1107294,700664,6001,2022-04-13,15.73,mg/dL,Normal
1107295,700208,6007,2024-02-09,20.2,%,Normal
1107296,705704,6016,2025-10-21,12.85,mmHg,High
1107297,702028,6014,2025-07-28,77.66,mmHg,Low
1107298,700580,6017,2024-08-30,73.4,U/L,Normal
1107299,700754,6026,2021-11-22,40.46,%,Normal
1107300,700399,6009,2021-02-08,103.95,mmol/L,Normal
1107301,703225,6020,2021-04-28,2.93,mmol/L,Normal
1107302,702275,6023,2025-03-01,32.29,U/L,Normal
1107303,700592,6022,2021-12-13,13.72,U/L,Normal
1107304,705686,6025,2021-10-09,19.2,mmHg,Normal
1107305,703028,6018,2021-04-11,21.34,mmol/L,Low
1107306,701259,6025,2021-12-29,2.02,%,Critical
1107307,703434,6023,2021-01-22,11.26,mmHg,Normal
1107308,703239,6004,2024-11-01,13.95,mmol/L,High
1107309,700065,6016,2025-08-08,32.03,U/L,Low
1107310,701506,6007,2025-04-22,29.33,g/dL,High
1107311,704716,6002,2021-03-22,32.57,mmol/L,Low
1107312,700693,6020,2023-04-11,38.01,U/L,Low
1107313,703775,6014,2025-01-31,42.57,g/dL,High
1107314,701402,6014,2023-09-30,11.22,g/dL,Normal
1107315,702736,6018,2023-12-09,51.48,mmol/L,Normal
1107316,702517,6006,2022-06-11,11.21,mmHg,Low
1107317,705064,6016,2025-11-30,35.3,U/L,Normal
1107318,701049,6011,2025-02-22,36.54,mmol/L,Normal
1107319,702561,6024,2025-01-19,23.05,mmol/L,Normal
1107320,705681,6001,2023-03-23,8.92,mg/dL,High
1107321,702167,6006,2023-06-21,11.26,U/L,Normal
1107322,703463,6012,2022-08-04,12.63,g/dL,Normal
1107323,706042,6025,2023-11-28,8.46,g/dL,Critical
1107324,702674,6007,2025-08-31,38.31,%,Normal
1107325,705418,6024,2022-09-09,21.12,g/dL,High
1107326,704337,6011,2022-07-12,16.5,%,Normal
1107327,706306,6019,2024-09-27,42.6,U/L,Low
1107328,702640,6022,2024-12-29,14.01,%,Normal
1107329,706388,6024,2021-10-12,53.3,mg/dL,Normal
1107330,702278,6014,2022-05-05,44.86,mmHg,Low
1107331,702403,6023,2024-10-17,37.21,U/L,Normal
1107332,701786,6007,2022-03-03,31.57,%,High
1107333,702479,6011,2025-04-06,33.06,%,Normal
1107334,705668,6022,2022-09-11,14.45,%,Normal
1107335,702493,6017,2021-10-20,8.46,mmol/L,Normal
1107336,701670,6005,2023-03-26,9.01,g/dL,Normal
1107337,703627,6021,2025-08-13,21.35,U/L,Normal
1107338,702605,6019,2025-03-12,24.33,g/dL,Normal
1107339,704740,6011,2021-10-02,7.09,U/L,Normal
1107340,705654,6016,2022-08-13,35.94,U/L,Normal
1107341,705493,6021,2025-05-08,27.4,mmHg,High
1107342,703090,6022,2024-11-10,66.62,%,Normal
1107343,701379,6005,2022-02-16,32.84,mmol/L,Low
1107344,702143,6007,2025-12-29,18.08,mmHg,Normal
1107345,701495,6021,2025-03-17,43.66,U/L,Low
1107346,701169,6005,2025-01-14,47.03,U/L,High
1107347,703124,6017,2023-08-12,18.14,U/L,Normal
1107348,701048,6009,2021-06-19,23.17,mg/dL,Normal
1107349,704768,6015,2023-02-01,10.8,%,Normal
1107350,700889,6002,2023-11-11,64.54,mmol/L,Normal
1107351,705493,6003,2023-12-05,13.07,U/L,Normal
1107352,703762,6010,2023-01-23,16.69,%,Normal
1107353,701994,6013,2021-08-29,108.82,mg/dL,Low
1107354,704131,6024,2022-04-14,17.03,U/L,Low
1107355,705774,6019,2022-12-16,19.08,g/dL,Normal
1107356,700959,6026,2021-08-31,6.88,U/L,Normal
1107357,700222,6024,2022-01-16,22.47,%,Normal
1107358,704869,6003,2022-10-04,37.17,%,Normal
1107359,705327,6004,2023-03-21,45.88,mmol/L,Normal
1107360,703260,6024,2021-01-30,13.94,g/dL,Critical
1107361,703363,6017,2021-12-31,22.28,g/dL,Normal
1107362,705874,6009,2024-07-11,64.83,mmol/L,Normal
1107363,700369,6013,2022-02-05,19.34,%,Low
1107364,705469,6018,2022-11-27,29.05,%,Normal
1107365,706307,6007,2023-06-05,13.74,mg/dL,Low
1107366,700055,6009,2024-08-09,22.44,%,Normal
1107367,703812,6009,2023-09-04,5.04,%,Normal
1107368,702110,6004,2022-04-19,16.95,mmol/L,Normal
1107369,701713,6009,2023-03-18,16.19,mmol/L,Normal
1107370,700677,6014,2024-06-10,58.5,mmHg,Low
1107371,702311,6023,2022-02-08,7.97,mmol/L,High
1107372,701204,6007,2025-03-08,49.04,mg/dL,Critical
1107373,706157,6003,2022-02-11,32.63,mg/dL,High
1107374,700477,6001,2023-04-20,25.36,g/dL,High
1107375,703901,6026,2025-12-22,11.9,U/L,Normal
1107376,702001,6011,2022-04-02,22.14,%,Low
1107377,703583,6006,2025-09-17,20.33,mg/dL,Normal
1107378,702049,6008,2022-03-14,87.79,mmol/L,Normal
1107379,702131,6009,2025-03-20,6.34,%,High
1107380,703831,6021,2025-03-25,38.18,g/dL,Normal
1107381,705953,6024,2022-11-30,59.48,mmHg,Low
1107382,702160,6016,2023-09-11,23.51,mg/dL,Normal
1107383,703011,6001,2022-06-02,23.32,mmol/L,Normal
1107384,704556,6020,2021-03-21,19.12,U/L,Low
1107385,702832,6026,2023-05-11,38.54,mmHg,Normal
1107386,705985,6008,2021-02-25,81.97,U/L,High
1107387,702747,6006,2022-07-26,22.15,U/L,Normal
1107388,703966,6013,2025-11-30,15.79,mmol/L,Normal
1107389,702316,6012,2024-08-29,30.19,mg/dL,High
1107390,703811,6026,2021-11-23,44.4,U/L,Normal
1107391,706291,6022,2023-09-01,62.66,mmHg,Low
1107392,703306,6006,2021-01-05,19.02,mmol/L,Normal
1107393,702756,6007,2024-05-11,15.9,mmol/L,Normal
1107394,700067,6013,2025-05-30,15.58,mmol/L,High
1107395,703426,6016,2025-03-21,17.34,mg/dL,Normal
1107396,703134,6026,2023-11-26,44.08,mmHg,Normal
1107397,706077,6019,2025-01-07,23.8,g/dL,Normal
1107398,701719,6003,2023-09-11,12.81,mmHg,High
1107399,706166,6002,2023-06-26,27.75,%,Normal
1107400,701067,6004,2024-05-19,34.44,mmol/L,Normal
1107401,702454,6016,2021-12-20,79.15,%,Normal
1107402,701312,6018,2023-04-21,177.33,g/dL,High
1107403,700116,6023,2024-07-09,46.66,g/dL,Normal
1107404,700115,6017,2022-02-12,31.86,U/L,Normal
1107405,704347,6014,2021-06-13,21.75,mmol/L,Normal
1107406,703311,6004,2022-03-06,18.47,g/dL,Normal
1107407,702330,6017,2023-05-27,13.36,mmHg,High
1107408,704306,6016,2024-06-03,79.11,g/dL,Low
1107409,703064,6012,2023-10-21,24.7,mmol/L,High
1107410,701870,6005,2023-06-28,4.86,mg/dL,Normal
1107411,700735,6022,2025-07-17,15.93,g/dL,Normal
1107412,701262,6020,2023-07-12,11.03,g/dL,Normal
1107413,701425,6023,2022-06-12,22.55,mmHg,Low
1107414,700590,6025,2022-12-28,33.47,mg/dL,Normal
1107415,703583,6005,2024-01-08,16.19,mmHg,Normal
1107416,701353,6016,2023-07-10,10.06,mmHg,Normal
1107417,700315,6016,2023-06-21,11.64,U/L,Normal
1107418,702023,6026,2021-01-15,22.17,mmHg,Normal
1107419,704033,6023,2024-01-01,42.31,mg/dL,Normal
1107420,701056,6015,2025-02-26,34.91,g/dL,Critical
1107421,701865,6020,2023-07-08,22.27,U/L,Normal
1107422,705198,6012,2024-12-15,15.47,mmol/L,Normal
1107423,701123,6002,2025-03-16,4.6,mmHg,Normal
1107424,702622,6005,2021-02-02,23.16,%,Normal
1107425,700143,6018,2022-01-20,32.01,g/dL,Normal
1107426,705394,6011,2025-02-21,19.38,mmHg,Normal
1107427,704062,6014,2021-05-15,11.99,mg/dL,Normal
1107428,700874,6017,2022-11-27,37.17,mmHg,High
1107429,702722,6016,2025-04-23,24.96,mmol/L,Low
1107430,701565,6015,2024-11-20,38.28,mmHg,Normal
1107431,703649,6004,2021-11-25,5.64,mmol/L,High
1107432,705270,6024,2023-07-28,6.54,mmol/L,Normal
1107433,700328,6025,2025-09-16,8.31,mmHg,Low
1107434,701068,6018,2024-07-11,5.41,U/L,High
1107435,702363,6018,2025-07-11,27.13,U/L,Low
1107436,701344,6025,2024-12-08,16.3,mg/dL,High
1107437,702156,6015,2024-01-16,8.59,mmHg,Normal
1107438,701707,6004,2025-04-12,23.73,mmHg,Normal
1107439,701183,6007,2025-09-20,10.17,U/L,Normal
1107440,702649,6016,2024-11-12,40.52,mmol/L,Normal
1107441,704621,6025,2023-07-04,26.69,%,Normal
1107442,702950,6026,2022-09-17,8.48,mmol/L,High
1107443,701881,6017,2024-08-09,14.47,U/L,Normal
1107444,705820,6014,2022-07-25,16.69,g/dL,High
1107445,702827,6006,2021-01-17,26.11,U/L,Normal
1107446,703513,6008,2024-02-10,4.9,U/L,Normal
1107447,705954,6019,2024-10-12,20.83,%,Normal
1107448,703248,6011,2021-03-30,63.77,mmHg,Normal
1107449,703137,6020,2021-01-19,24.77,mmHg,Normal
1107450,704148,6023,2023-03-25,8.29,mg/dL,Normal
1107451,701071,6024,2025-04-26,11.84,g/dL,High
1107452,700954,6023,2023-08-25,7.04,U/L,High
1107453,705323,6017,2024-01-28,6.96,g/dL,Normal
1107454,702538,6002,2024-07-26,6.42,g/dL,High
1107455,704943,6018,2023-12-31,38.64,mmol/L,Normal
1107456,705162,6024,2022-03-07,37.89,U/L,Low
1107457,700938,6014,2023-02-13,16.7,mmol/L,High
1107458,700502,6008,2023-12-07,15.01,mg/dL,Normal
1107459,700165,6020,2021-04-17,29.72,mmHg,Normal
1107460,704699,6010,2022-02-26,6.59,mg/dL,High
1107461,705366,6007,2022-03-22,25.49,mg/dL,Normal
1107462,705770,6022,2024-08-24,20.87,%,Normal
1107463,703407,6009,2022-05-19,88.29,mg/dL,Low
1107464,703372,6001,2021-03-15,7.95,U/L,Normal
1107465,705716,6013,2022-11-15,10.85,U/L,Normal
1107466,701549,6013,2025-12-16,6.29,%,Normal
1107467,703261,6009,2021-01-14,12.77,%,Normal
1107468,700178,6003,2023-01-09,29.4,g/dL,Normal
1107469,700959,6012,2024-04-27,56.75,U/L,Normal
1107470,701259,6002,2024-04-11,21.12,g/dL,Normal
1107471,704167,6013,2025-09-04,7.31,U/L,Critical
1107472,701081,6002,2022-01-17,23.48,mmHg,Normal
1107473,704478,6013,2024-05-04,16.88,mmol/L,Critical
1107474,703933,6020,2022-06-21,58.75,mmol/L,High
1107475,700339,6004,2022-03-23,43.41,%,Normal
1107476,701369,6016,2024-01-25,61.4,mmol/L,High
1107477,705893,6002,2024-12-30,46.28,mg/dL,Normal
1107478,704844,6024,2022-03-05,6.99,mmol/L,Low
1107479,700956,6016,2022-03-05,41.45,%,Normal
1107480,701708,6015,2023-06-27,17.01,%,High
1107481,703985,6012,2023-10-03,14.46,mmol/L,High
1107482,701836,6024,2021-07-10,34.96,mg/dL,Normal
1107483,705885,6002,2024-09-29,42.8,mg/dL,Normal
1107484,701343,6016,2025-06-08,27.38,mmol/L,Normal
1107485,705128,6010,2021-12-31,24.2,%,Normal
1107486,700479,6003,2022-04-13,21.84,mg/dL,Normal
1107487,705662,6004,2021-12-07,39.07,mg/dL,Low
1107488,704770,6011,2022-12-30,45.49,U/L,Normal
1107489,704020,6011,2024-10-04,18.11,mmol/L,High
1107490,703969,6016,2025-05-19,17.42,mg/dL,Normal
1107491,704237,6018,2022-03-27,23.31,mg/dL,Normal
1107492,702937,6023,2024-06-10,46.31,mmHg,Normal
1107493,701309,6001,2021-09-16,39.76,%,Normal
1107494,704016,6002,2024-07-04,11.36,%,Normal
1107495,700448,6006,2021-08-26,18.92,mmol/L,Normal
1107496,704589,6021,2024-02-15,5.35,mmol/L,Low
1107497,700942,6021,2022-11-06,22.89,%,Normal
1107498,705048,6018,2023-01-17,68.23,%,Normal
1107499,704410,6018,2022-01-02,3.63,g/dL,Low
1107500,705776,6011,2022-04-03,14.57,mmHg,Normal
1107501,704278,6021,2022-02-03,15.2,%,Normal
1107502,700882,6026,2021-01-30,27.59,mmol/L,Normal
1107503,703289,6006,2024-12-23,9.47,%,Normal
1107504,703970,6008,2022-11-06,16.43,g/dL,High
1107505,705313,6005,2021-07-29,45.65,mg/dL,Normal
1107506,703295,6012,2023-04-09,8.86,mmHg,High
1107507,703292,6019,2025-06-16,9.49,g/dL,High
1107508,704533,6010,2025-04-12,17.88,g/dL,Normal
1107509,706416,6015,2022-08-31,44.15,mg/dL,Normal
1107510,700246,6014,2023-06-15,22.44,U/L,High
1107511,701716,6002,2024-12-19,82.76,mmol/L,High
1107512,702552,6015,2025-10-24,16.87,mmol/L,Normal
1107513,706023,6026,2021-09-13,10.12,g/dL,High
1107514,701654,6016,2025-08-19,12.19,mmHg,Low
1107515,705117,6011,2024-09-14,39.62,mmHg,Low
1107516,705724,6018,2022-12-04,26.44,mg/dL,Low
1107517,706367,6016,2021-12-25,64.56,U/L,Normal
1107518,703301,6006,2025-09-06,14.92,mmHg,Normal
1107519,703556,6020,2022-02-18,36.71,%,Normal
1107520,703570,6015,2022-03-09,23.26,mg/dL,Normal
1107521,706435,6001,2023-11-10,95.72,mmHg,Low
1107522,701065,6011,2022-04-08,8.43,mg/dL,Critical
1107523,702539,6002,2023-10-29,80.16,mmHg,Normal
1107524,700146,6009,2022-08-13,10.94,%,Normal
1107525,703155,6022,2024-08-21,22.16,U/L,High
1107526,701512,6017,2025-08-20,35.96,g/dL,Low
1107527,701892,6024,2023-04-04,13.18,g/dL,Normal
1107528,702022,6017,2025-03-31,12.07,mg/dL,Normal
1107529,705132,6004,2022-08-27,52.72,%,Normal
1107530,701681,6022,2021-07-09,3.15,g/dL,High
1107531,703819,6016,2024-08-15,8.32,mmol/L,Low
1107532,706311,6003,2024-10-21,10.55,U/L,Normal
1107533,700399,6018,2024-04-29,64.9,U/L,Normal
1107534,703220,6024,2023-11-04,23.31,g/dL,Normal
1107535,704276,6011,2025-02-02,7.03,U/L,Normal
1107536,705829,6016,2021-01-02,41.33,mmol/L,Normal
1107537,705422,6021,2024-04-17,11.27,g/dL,Normal
1107538,701221,6016,2022-01-29,20.94,mmol/L,Normal
1107539,704069,6024,2025-06-27,22.62,mmHg,Normal
1107540,704191,6005,2022-05-16,13.49,mmol/L,Normal
1107541,700340,6018,2021-07-06,45.56,mg/dL,Normal
1107542,705792,6006,2021-12-28,33.1,g/dL,High
1107543,703281,6014,2023-07-29,12.44,mmol/L,Normal
1107544,700701,6016,2023-01-01,16.53,U/L,Normal
1107545,700592,6020,2021-08-06,31.21,mg/dL,Normal
1107546,702026,6009,2022-12-10,27.41,mmHg,Normal
1107547,701122,6007,2025-09-01,16.76,g/dL,Normal
1107548,701462,6007,2022-09-06,9.36,mg/dL,Low
1107549,703807,6015,2023-07-15,51.38,mmHg,Normal
1107550,704496,6026,2024-11-22,30.03,g/dL,Normal
1107551,702713,6010,2024-03-07,98.66,U/L,Normal
1107552,700655,6011,2024-02-03,5.39,g/dL,Critical
1107553,700350,6026,2021-08-22,29.22,mmHg,Normal
1107554,701778,6001,2021-05-31,13.27,g/dL,Normal
1107555,702900,6014,2021-12-22,8.84,mmol/L,High
1107556,702518,6018,2025-06-03,5.59,mmol/L,Low
1107557,704333,6008,2025-04-02,9.63,mmol/L,High
1107558,700913,6012,2023-09-22,35.25,%,Normal
1107559,701370,6018,2024-04-02,9.63,mmHg,Normal
1107560,702461,6019,2021-12-15,22.11,%,High
1107561,701304,6006,2021-01-24,22.86,U/L,Normal
1107562,706155,6003,2021-11-04,28.48,%,Normal
1107563,702644,6021,2021-03-27,15.51,mmol/L,Critical
1107564,701555,6012,2021-03-11,23.86,%,Normal
1107565,706043,6002,2023-10-26,11.17,mmHg,Low
1107566,701674,6011,2023-03-18,17.53,mmHg,Normal
1107567,702893,6026,2025-08-02,78.68,mg/dL,High
1107568,703607,6011,2023-03-14,14.43,mg/dL,Normal
1107569,703496,6004,2024-05-23,13.14,g/dL,Normal
1107570,705715,6023,2022-09-30,35.51,mmHg,Normal
1107571,703653,6019,2022-08-20,18.08,mmHg,Normal
1107572,700183,6023,2022-05-17,17.33,mmol/L,Low
1107573,703626,6020,2024-04-23,10.17,mmHg,Normal
1107574,704909,6024,2025-11-07,10.32,mmol/L,Normal
1107575,705075,6014,2024-03-05,13.52,U/L,Normal
1107576,705442,6003,2023-03-14,80.02,mmHg,Normal
1107577,700327,6023,2025-06-19,59.75,mmol/L,Normal
1107578,705385,6013,2021-05-31,13.21,%,Normal
1107579,704798,6006,2024-06-22,26.41,mmol/L,Normal
1107580,701983,6008,2022-08-19,4.05,U/L,Normal
1107581,701712,6001,2023-02-25,8.72,mmol/L,Normal
1107582,701487,6026,2024-11-24,66.34,%,Normal
1107583,702393,6019,2023-04-11,6.48,mmol/L,Low
1107584,704011,6026,2025-04-14,15.62,mmHg,Normal
1107585,700694,6002,2021-05-10,10.51,mg/dL,Normal
1107586,700439,6015,2024-08-12,25.82,mmol/L,Low
1107587,704554,6006,2025-06-29,28.25,mmHg,Normal
1107588,704503,6020,2022-12-10,9.16,mg/dL,High
1107589,705035,6002,2024-02-18,11.04,U/L,Normal
1107590,706338,6002,2022-01-08,6.87,mmHg,Normal
1107591,705322,6005,2024-02-22,14.71,mg/dL,Normal
1107592,705522,6009,2024-01-08,15.93,mmol/L,Normal
1107593,705866,6026,2024-12-22,31.9,g/dL,Low
1107594,701983,6021,2024-09-13,13.9,U/L,Low
1107595,703159,6011,2025-02-12,27.81,mg/dL,Normal
1107596,704298,6004,2025-01-01,38.47,%,High
1107597,701293,6013,2025-02-17,20.11,U/L,Normal
1107598,705677,6012,2023-09-29,6.76,g/dL,Low
1107599,700920,6019,2025-06-23,6.55,mg/dL,Normal
1107600,700614,6021,2023-11-16,26.88,mmHg,Low
1107601,705262,6023,2025-01-18,11.18,mmHg,Normal
1107602,702653,6006,2025-03-05,5.06,mg/dL,Normal
1107603,704467,6015,2022-07-24,13.91,mmHg,Low
1107604,706354,6003,2025-03-04,11.86,%,Normal
1107605,700678,6023,2021-09-05,27.85,mmol/L,Normal
1107606,702830,6022,2021-08-23,36.03,%,Normal
1107607,703086,6022,2023-09-02,20.48,U/L,Normal
1107608,702224,6010,2025-05-18,46.34,g/dL,Normal
1107609,703937,6006,2025-09-09,4.15,mmol/L,Normal
1107610,705111,6003,2025-01-05,6.32,mmHg,Normal
1107611,703966,6017,2021-01-13,13.02,mmol/L,Normal
1107612,701605,6001,2022-05-17,34.52,mmHg,Normal
1107613,706105,6017,2025-07-13,12.14,mmHg,High
1107614,702065,6014,2022-05-10,8.13,U/L,Low
1107615,702199,6013,2021-01-12,10.4,g/dL,Normal
1107616,700316,6007,2023-03-29,95.04,%,Normal
1107617,702368,6014,2024-03-24,27.47,U/L,Low
1107618,702048,6008,2023-06-14,54.71,mmHg,High
1107619,701206,6024,2025-09-19,6.28,mmol/L,Normal
1107620,704087,6004,2024-01-11,11.89,mg/dL,Critical
1107621,704669,6007,2022-06-12,13.25,%,Normal
1107622,700394,6012,2024-02-10,12.49,mg/dL,Low
1107623,704010,6026,2023-08-20,14.37,%,Normal
1107624,701501,6010,2025-05-11,40.44,%,Critical
1107625,700394,6016,2021-03-08,13.85,g/dL,Normal
1107626,704541,6011,2021-07-20,13.51,U/L,Normal
1107627,703689,6003,2021-08-18,32.02,mg/dL,Normal
1107628,704470,6010,2023-06-11,14.85,%,Normal
1107629,702694,6023,2022-05-02,26.44,mmol/L,High
1107630,702265,6025,2025-02-20,7.27,g/dL,Critical
1107631,704969,6026,2022-06-03,24.22,%,Normal
1107632,701647,6015,2025-09-07,33.3,mmol/L,Low
1107633,701763,6018,2021-05-17,9.89,%,Normal
1107634,702462,6015,2025-12-01,25.58,mmHg,Normal
1107635,703806,6007,2021-02-08,15.68,g/dL,Normal
1107636,703328,6018,2021-11-13,8.7,U/L,Normal
1107637,706054,6020,2021-11-17,17.9,mmHg,High
1107638,705561,6025,2023-08-17,41.98,mg/dL,Normal
1107639,703931,6018,2021-08-06,18.59,g/dL,High
1107640,703555,6016,2021-09-25,14.97,U/L,High
1107641,701553,6004,2025-04-17,11.67,mmHg,High
1107642,704080,6026,2021-03-21,19.65,mmHg,Low
1107643,703847,6014,2024-08-03,43.41,mmHg,Low
1107644,701956,6023,2024-10-17,27.76,mmol/L,High
1107645,702206,6011,2023-11-07,20.89,U/L,Normal
1107646,703405,6026,2022-02-01,48.62,U/L,High
1107647,705753,6017,2025-03-16,21.9,mmHg,Normal
1107648,703733,6009,2024-02-10,66.67,U/L,Low
1107649,703376,6017,2021-12-24,42.43,mmHg,High
1107650,700957,6019,2025-05-11,34.07,mg/dL,Low
1107651,704210,6005,2021-09-06,27.56,mg/dL,High
1107652,705354,6007,2021-11-26,20.2,mmol/L,High
1107653,701528,6008,2022-02-08,24.96,U/L,Normal
1107654,701869,6011,2022-08-03,9.93,mmHg,Normal
1107655,705051,6021,2022-11-24,9.86,g/dL,Normal
1107656,703236,6011,2024-04-04,35.03,mmol/L,Normal
1107657,706292,6016,2025-04-13,20.79,mg/dL,Normal
1107658,701593,6015,2022-01-27,37.84,mmHg,Normal
1107659,705492,6013,2024-10-10,21.25,mg/dL,High
1107660,701950,6010,2025-05-24,40.44,U/L,Normal
1107661,700761,6012,2021-11-18,28.44,mmol/L,Normal
1107662,700903,6023,2024-07-12,21.41,g/dL,Normal
1107663,705344,6006,2024-01-04,4.14,g/dL,Normal
1107664,701265,6019,2021-05-25,,mmol/L,Low
1107665,702926,6010,2025-03-12,11.53,g/dL,Normal
1107666,700572,6005,2023-05-22,33.01,U/L,High
1107667,705428,6025,2022-03-27,86.88,%,Normal
1107668,705920,6002,2024-06-20,40.63,mmol/L,Normal
1107669,706168,6023,2022-01-24,21.5,U/L,High
1107670,702212,6017,2024-12-02,16.84,g/dL,Normal
1107671,703802,6018,2022-08-19,29.75,mmHg,Normal
1107672,705891,6013,2023-06-06,62.48,%,Normal
1107673,705678,6012,2023-02-05,61.5,mg/dL,Normal
1107674,701030,6025,2025-09-30,19.59,mg/dL,Normal
1107675,704884,6008,2021-03-19,7.13,mg/dL,Normal
1107676,703359,6020,2023-07-11,22.98,g/dL,Low
1107677,703464,6017,2023-02-26,13.34,mmol/L,Normal
1107678,705783,6002,2025-02-21,13.73,mg/dL,Normal
1107679,700842,6012,2023-05-02,13.55,mmHg,Critical
1107680,700571,6025,2023-03-19,7.43,mmol/L,Normal
1107681,700310,6002,2024-05-05,21.61,mg/dL,Normal
1107682,702407,6015,2024-02-06,8.97,mg/dL,Normal
1107683,704392,6020,2025-08-01,34.02,U/L,Normal
1107684,702967,6020,2024-04-14,37.82,U/L,High
1107685,702140,6017,2022-04-28,10.63,g/dL,Normal
1107686,703551,6002,2024-12-02,44.37,g/dL,High
1107687,704215,6024,2024-08-01,19.62,mmol/L,Normal
1107688,700071,6009,2022-07-04,11.83,%,Normal
1107689,702967,6007,2022-09-25,10.74,mg/dL,Normal
1107690,700423,6021,2024-02-09,7.98,mg/dL,Low
1107691,703657,6002,2025-01-02,36.42,%,Normal
1107692,704817,6019,2021-12-05,33.97,U/L,Normal
1107693,706260,6020,2024-04-28,93.54,%,Normal
1107694,703477,6011,2023-02-27,28.2,mmol/L,Normal
1107695,705842,6016,2023-05-20,31.07,g/dL,Normal
1107696,701207,6007,2024-03-12,17.41,%,Normal
1107697,706319,6009,2024-09-19,130.5,mmHg,Normal
1107698,702092,6026,2021-06-23,13.96,U/L,Normal
1107699,701511,6015,2022-08-18,25.56,%,Normal
1107700,705627,6025,2025-05-28,15.02,mmol/L,Low
1107701,704766,6012,2023-08-20,22.18,U/L,High
1107702,706339,6004,2023-01-27,5.82,mg/dL,Normal
1107703,701395,6004,2025-08-22,6.16,%,Normal
1107704,704472,6018,2023-08-22,13.81,mmHg,Normal
1107705,700819,6018,2022-03-09,26.22,mg/dL,Normal
1107706,703878,6014,2023-04-09,16.22,g/dL,Normal
1107707,700851,6005,2023-01-06,4.23,mmol/L,Normal
1107708,705569,6022,2021-06-24,72.22,%,Normal
1107709,704122,6007,2023-03-12,17.52,mmol/L,Normal
1107710,701389,6010,2025-12-14,20.22,mmHg,Normal
1107711,706492,6009,2024-03-21,22.8,g/dL,Normal
1107712,704697,6020,2022-01-11,7.49,%,High
1107713,701163,6013,2022-12-29,27.9,U/L,Normal
1107714,704121,6013,2025-09-19,37.8,g/dL,Normal
1107715,701395,6017,2022-08-05,74.97,mg/dL,Normal
1107716,702111,6023,2022-03-31,36.06,mmHg,Normal
1107717,705106,6012,2022-03-12,22.36,mmHg,Normal
1107718,704311,6018,2021-09-14,24.26,U/L,Normal
1107719,705819,6020,2024-04-28,8.01,mg/dL,Normal
1107720,704553,6004,2023-06-26,83.94,mg/dL,Normal
1107721,704387,6004,2022-02-21,15.83,mg/dL,Normal
1107722,702016,6001,2022-05-05,47.8,U/L,Normal
1107723,706280,6022,2024-11-29,7.88,g/dL,Normal
1107724,704014,6022,2022-11-19,11.04,mmol/L,Low
1107725,700163,6018,2024-06-26,9.51,mmHg,Normal
1107726,701279,6014,2021-01-16,8.88,mmHg,Normal
1107727,700742,6023,2021-09-05,6.37,%,Normal
1107728,702921,6002,2024-09-08,43.36,U/L,Normal
1107729,703492,6022,2021-09-01,13.05,U/L,Low
1107730,705699,6021,2022-09-01,12.5,g/dL,Normal
1107731,702682,6025,2025-08-23,13.67,mmol/L,Normal
1107732,703485,6021,2024-06-23,26.03,%,Normal
1107733,702862,6001,2023-01-21,9.61,%,Normal
1107734,703743,6005,2023-01-07,13.18,U/L,Normal
1107735,703913,6006,2024-05-22,12.81,U/L,Normal
1107736,702994,6005,2023-11-16,4.52,mmol/L,High
1107737,700731,6014,2023-08-15,15.94,mmHg,Normal
1107738,701451,6023,2021-04-29,21.38,mmHg,Low
1107739,704886,6003,2022-09-25,121.85,%,Normal
1107740,703506,6002,2023-06-01,42.92,mmHg,Normal
1107741,701502,6009,2025-01-01,15.5,g/dL,Normal
1107742,704132,6008,2024-02-11,9.25,g/dL,Low
1107743,706495,6012,2024-02-13,28.74,mg/dL,Low
1107744,705947,6015,2024-04-27,45.86,%,Low
1107745,700119,6012,2023-12-16,23.43,mmHg,Normal
1107746,704487,6026,2025-08-11,8.21,mmol/L,Normal
1107747,705053,6003,2022-07-04,6.43,mg/dL,High
1107748,700156,6003,2024-05-27,20.59,mmol/L,Low
1107749,705482,6020,2024-01-31,19.8,mg/dL,Normal
1107750,700175,6007,2022-05-03,7.52,g/dL,High
1107751,704498,6006,2024-05-09,29.78,%,Normal
1107752,703302,6017,2024-02-23,57.47,mmol/L,Normal
1107753,700681,6008,2023-01-04,41.5,mg/dL,High
1107754,701311,6020,2025-07-18,11.85,mmHg,High
1107755,705081,6026,2021-09-16,24.41,mg/dL,Normal
1107756,701550,6003,2021-08-15,19.05,g/dL,High
1107757,704909,6020,2021-01-18,11.88,%,Normal
1107758,704215,6015,2023-04-10,9.62,U/L,Normal
1107759,701818,6002,2021-11-03,21.84,%,Normal
1107760,706411,6021,2021-12-10,12.13,mmol/L,Normal
1107761,705857,6016,2021-11-10,58.68,%,High
1107762,703955,6014,2024-10-25,75.6,mmol/L,Normal
1107763,706434,6023,2021-08-08,8.6,mmHg,Normal
1107764,704981,6016,2021-01-30,2.4,mmHg,Normal
1107765,702410,6022,2025-04-10,21.51,g/dL,Low
1107766,704625,6017,2024-08-04,13.9,mg/dL,High
1107767,706059,6021,2025-07-24,14.17,U/L,Normal
1107768,704420,6013,2023-02-04,13.65,%,High
1107769,700053,6015,2024-09-18,14.02,mmol/L,High
1107770,702296,6009,2022-10-08,19.07,mg/dL,Normal
1107771,700668,6009,2023-06-07,5.88,%,High
1107772,702442,6010,2023-09-18,32.63,%,Normal
1107773,704542,6008,2023-02-03,4.72,mg/dL,Low
1107774,701558,6012,2024-03-03,8.6,mmol/L,Normal
1107775,703056,6008,2023-12-01,21.6,g/dL,High
1107776,701710,6024,2023-07-13,86.45,mg/dL,Normal
1107777,700319,6014,2024-05-18,26.39,mmHg,Normal
1107778,704712,6020,2023-08-01,54.59,mmHg,Normal
1107779,701739,6007,2025-07-14,16.29,mmHg,Normal
1107780,701724,6020,2021-11-20,53.27,g/dL,High
1107781,705875,6025,2025-07-01,18.19,g/dL,High
1107782,700440,6023,2023-08-26,19.92,mg/dL,Low
1107783,701157,6006,2021-08-11,25.36,U/L,Low
1107784,702079,6002,2023-07-16,14.91,mmHg,Normal
1107785,700931,6018,2024-05-10,7.57,g/dL,Normal
1107786,705433,6006,2025-03-21,20.16,%,Normal
1107787,704116,6001,2022-12-17,28.41,%,Low
1107788,704895,6013,2024-01-15,58.29,mmol/L,Normal
1107789,702333,6001,2023-01-22,9.84,U/L,Normal
1107790,704931,6014,2025-01-08,91.7,U/L,Normal
1107791,702954,6023,2022-08-24,18.46,mmHg,Normal
1107792,706377,6024,2021-10-24,28.31,U/L,Normal
1107793,701555,6004,2021-10-13,28.8,mg/dL,Normal
1107794,704522,6001,2021-05-17,12.42,mmHg,Normal
1107795,701296,6017,2025-12-01,14.17,mmol/L,Normal
1107796,700140,6001,2024-12-31,40.12,%,Normal
1107797,704170,6013,2025-02-09,21.37,mmHg,Normal
1107798,706495,6007,2021-02-17,37.28,mg/dL,Normal
1107799,703491,6001,2024-05-24,4.92,mmHg,Low
1107800,701615,6017,2023-12-19,8.35,mmHg,Normal
1107801,700662,6007,2025-03-29,26.3,g/dL,Normal
1107802,704800,6014,2024-06-06,37.28,U/L,Low
1107803,706318,6019,2023-02-28,38.15,mmol/L,Low
1107804,700253,6018,2025-08-29,13.16,mmol/L,Normal
1107805,704431,6017,2021-11-28,18.85,mmHg,Normal
1107806,701091,6013,2022-08-04,32.2,g/dL,Normal
1107807,701138,6012,2024-05-02,11.74,g/dL,Normal
1107808,702101,6022,2025-05-06,35.36,%,High
1107809,706404,6021,2022-08-11,68.03,U/L,Normal
1107810,706355,6007,2023-09-01,55.03,U/L,Low
1107811,703169,6015,2022-09-24,26.56,U/L,Normal
1107812,706116,6020,2025-07-02,6.88,U/L,Normal
1107813,705731,6011,2023-12-13,43.77,%,Low
1107814,703755,6022,2024-01-14,22.55,g/dL,Normal
1107815,702548,6022,2022-04-23,17.84,U/L,Normal
1107816,704220,6019,2025-08-02,45.65,mmol/L,Normal
1107817,702610,6017,2025-12-10,46.19,mmHg,Critical
1107818,704839,6026,2024-05-28,17.9,mmHg,Normal
1107819,705764,6025,2023-12-15,16.22,mmHg,Critical
1107820,702187,6020,2023-04-10,47.43,U/L,Normal
1107821,702453,6015,2022-08-10,117.91,mg/dL,High
1107822,705301,6001,2024-11-24,13.22,%,Critical
1107823,700471,6004,2022-06-09,9.45,mmol/L,Normal
1107824,706462,6001,2022-07-17,6.44,%,High
1107825,701722,6025,2022-10-23,6.77,%,Normal
1107826,705364,6025,2021-08-26,17.81,%,Normal
1107827,705794,6018,2025-12-26,76.19,g/dL,High
1107828,703372,6002,2024-08-15,14.22,mmol/L,High
1107829,704495,6024,2022-09-11,15.22,%,Normal
1107830,704862,6021,2025-07-31,65.74,mmol/L,Normal
1107831,706295,6001,2022-06-18,24.4,mmHg,Normal
1107832,703069,6016,2023-04-18,12.59,mmHg,Low
1107833,705439,6020,2021-03-12,26.08,%,Low
1107834,703885,6011,2023-03-05,7.16,%,High
1107835,700171,6026,2022-01-03,30.71,mg/dL,Low
1107836,701236,6001,2025-02-22,17.81,g/dL,Normal
1107837,702904,6017,2022-04-24,20.48,mg/dL,Normal
1107838,700234,6001,2022-12-23,45.69,g/dL,Normal
1107839,702044,6012,2024-04-27,57.31,mmol/L,Normal
1107840,701080,6013,2024-11-28,29.26,%,Normal
1107841,700074,6005,2022-09-05,16.87,mmHg,Normal
1107842,700343,6024,2025-07-20,,mmHg,Low
1107843,703713,6020,2021-04-02,28.56,mmHg,Normal
1107844,702446,6020,2023-12-04,10.72,mmHg,Normal
1107845,700914,6019,2022-04-25,19.25,g/dL,Normal
1107846,701948,6025,2024-11-18,11.81,mmol/L,Normal
1107847,705699,6003,2022-12-31,48.76,%,High
1107848,700964,6026,2021-10-15,29.85,mg/dL,High
1107849,704453,6008,2025-07-21,16.34,mg/dL,Normal
1107850,701905,6001,2025-04-04,31.04,mmHg,Normal
1107851,704323,6018,2025-01-22,89.56,U/L,Normal
1107852,702145,6018,2021-01-08,26.65,mg/dL,Normal
1107853,704894,6016,2025-03-01,43.35,g/dL,Low
1107854,702003,6006,2023-09-10,11.72,%,Normal
1107855,701717,6011,2024-08-22,3.9,mmol/L,Normal
1107856,701358,6026,2025-04-24,11.28,%,Normal
1107857,702036,6021,2023-04-20,128.86,g/dL,Normal
1107858,700611,6007,2023-11-13,24.39,mmHg,Low
1107859,704483,6021,2024-03-23,8.58,U/L,Low
1107860,700463,6016,2024-01-08,50.01,%,Normal
1107861,706264,6011,2025-12-26,5.97,mg/dL,Normal
1107862,704198,6018,2023-10-23,34.43,mmHg,Normal
1107863,703701,6012,2022-08-01,18.97,mg/dL,Normal
1107864,701068,6018,2025-02-11,15.51,mmHg,High
1107865,706131,6003,2022-03-30,7.14,U/L,Normal
1107866,704689,6020,2022-05-23,16.4,U/L,High
1107867,700948,6009,2025-05-13,16.9,mg/dL,Normal
1107868,702632,6026,2024-10-14,53.11,g/dL,Normal
1107869,704875,6010,2022-12-09,6.61,%,Normal
1107870,702610,6015,2023-03-15,9.06,U/L,Normal
1107871,703052,6022,2023-05-04,40.63,U/L,Normal
1107872,703272,6007,2025-08-08,12.35,mmHg,Low
1107873,701169,6006,2023-10-30,24.54,mmol/L,High
1107874,701887,6005,2021-09-19,10.23,g/dL,Normal
1107875,701723,6006,2024-01-14,12.92,g/dL,High
1107876,705144,6007,2025-05-21,53.85,mmol/L,High
1107877,704200,6025,2024-11-20,7.51,%,Normal
1107878,703482,6002,2024-04-02,28.34,mmHg,Normal
1107879,700444,6022,2022-03-27,6.65,mg/dL,Low
1107880,703188,6006,2025-09-20,16.94,mmHg,High
1107881,703792,6005,2023-12-26,15.51,%,Low
1107882,704584,6005,2025-11-18,15.04,g/dL,Low
1107883,701861,6017,2024-05-14,51.95,mmHg,Low
1107884,704979,6016,2023-08-19,8.82,%,Normal
1107885,700539,6007,2024-12-24,26.81,mg/dL,Normal
1107886,703995,6008,2021-04-04,11.9,g/dL,Normal
1107887,700868,6024,2025-05-15,15.66,g/dL,Normal
1107888,701165,6002,2021-03-22,25.84,mmol/L,High
1107889,706072,6021,2025-10-11,56.34,%,Normal
1107890,700215,6011,2024-03-07,17.37,%,High
1107891,704586,6015,2022-07-22,20.02,mmol/L,Low
1107892,704572,6011,2025-07-09,15.08,mmol/L,Normal
1107893,702971,6005,2021-01-21,35.44,mmHg,High
1107894,704106,6016,2024-04-10,22.73,mmol/L,Normal
1107895,703454,6026,2023-12-08,11.29,mg/dL,Normal
1107896,704289,6014,2023-12-25,6.88,mg/dL,Critical
1107897,705457,6005,2022-08-21,25.31,g/dL,Normal
1107898,705196,6016,2023-10-09,13.57,U/L,Normal
1107899,704585,6007,2024-06-28,8.86,mmHg,Normal
1107900,705659,6020,2021-11-12,14.06,mmHg,Normal
1107901,705124,6021,2024-07-30,6.68,mmol/L,Normal
1107902,702756,6022,2022-10-27,29.85,mmHg,Normal
1107903,706199,6026,2021-07-17,9.75,U/L,Normal
1107904,703785,6015,2024-11-30,28.5,mmHg,Normal
1107905,702459,6004,2022-07-27,12.55,U/L,High
1107906,700654,6007,2025-09-19,12.49,mmHg,Normal
1107907,701532,6011,2024-06-18,37.3,mg/dL,Critical
1107908,701606,6003,2025-07-30,34.52,g/dL,Normal
1107909,701604,6012,2022-05-08,29.74,mmHg,Normal
1107910,703688,6006,2021-11-08,10.34,%,Normal
1107911,700465,6023,2023-07-18,8.03,mmHg,Normal
1107912,706491,6024,2023-01-07,25.81,mg/dL,Normal
1107913,704415,6019,2023-06-07,10.72,U/L,Normal
1107914,706236,6015,2023-06-21,54.01,mmHg,Normal
1107915,701583,6014,2025-09-20,48.6,%,Critical
1107916,701577,6011,2024-08-06,19.8,mmHg,Low
1107917,705098,6024,2021-06-09,23.51,mmol/L,Low
1107918,700346,6016,2021-11-07,48.65,mg/dL,Normal
1107919,702004,6003,2021-05-03,31.63,g/dL,Critical
1107920,700791,6026,2024-12-22,15.66,mmHg,Low
1107921,701904,6019,2022-03-07,11.34,U/L,High
1107922,700961,6016,2025-02-18,55.78,g/dL,Normal
1107923,702684,6009,2024-04-02,21.19,mg/dL,Normal
1107924,702676,6005,2021-08-20,25.68,g/dL,Normal
1107925,700651,6012,2021-04-15,8.12,mg/dL,High
1107926,703185,6001,2023-08-15,17.26,mmol/L,Low
1107927,701195,6011,2023-03-15,10.83,mmHg,High
1107928,704847,6002,2022-12-20,23.42,mg/dL,Normal
1107929,700417,6026,2021-07-15,10.95,mmol/L,Normal
1107930,701152,6004,2022-04-23,14.37,U/L,High
1107931,704234,6014,2022-11-22,20.53,mmHg,Normal
1107932,702806,6019,2022-12-22,38.64,mg/dL,Normal
1107933,701393,6012,2021-11-29,22.71,mmHg,Normal
1107934,701939,6015,2025-01-16,61.25,g/dL,Low
1107935,700478,6025,2024-08-05,31.12,g/dL,Normal
1107936,704192,6001,2023-02-09,20.31,g/dL,Normal
1107937,703060,6017,2022-12-21,7.47,mmol/L,Normal
1107938,701532,6016,2024-09-18,12.07,g/dL,Normal
1107939,703325,6003,2025-11-23,11.8,mmol/L,High
1107940,702671,6025,2023-08-05,88.45,g/dL,Normal
1107941,703176,6005,2024-04-21,16.96,%,Critical
1107942,704518,6014,2023-05-29,10.78,mmol/L,Normal
1107943,703112,6018,2024-05-29,12.36,mmHg,Low
1107944,700569,6004,2022-06-03,46.88,mg/dL,Normal
1107945,705320,6001,2023-01-04,4.64,U/L,Normal
1107946,702602,6015,2023-09-18,26.52,mmHg,Low
1107947,704641,6014,2024-03-13,40.15,mmHg,Normal
1107948,702056,6001,2021-03-23,14.03,mmHg,Normal
1107949,701971,6017,2024-01-25,27.26,U/L,Normal
1107950,702439,6005,2025-05-17,41.65,mmol/L,Normal
1107951,701785,6011,2023-09-18,37.29,mg/dL,Normal
1107952,701399,6002,2022-03-29,8.44,U/L,Low
1107953,704851,6004,2022-12-04,32.26,%,Normal
1107954,700487,6005,2021-03-25,10.12,g/dL,High
1107955,702334,6019,2023-10-15,56.12,mmol/L,Normal
1107956,705149,6003,2023-12-15,21.54,g/dL,Normal
1107957,704584,6023,2023-07-06,26.5,mmol/L,Normal
1107958,700194,6023,2022-12-29,5.32,g/dL,High
1107959,704342,6019,2024-04-20,25.16,U/L,Normal
1107960,704440,6025,2021-05-14,31.52,U/L,Normal
1107961,701108,6022,2023-12-11,32.73,mg/dL,Low
1107962,702034,6024,2024-11-21,27.8,mmol/L,High
1107963,700521,6010,2024-10-07,17.81,mmHg,High
1107964,700650,6013,2025-12-18,8.82,U/L,Normal
1107965,706118,6021,2022-03-04,18.43,mmHg,Normal
1107966,703646,6004,2024-09-03,17.14,%,Normal
1107967,702415,6016,2025-01-01,7.91,mmHg,Normal
1107968,702040,6019,2023-05-12,22.88,mmol/L,Normal
1107969,702008,6025,2022-01-05,44.19,mmHg,Normal
1107970,706045,6001,2022-05-09,8.9,g/dL,Low
1107971,700649,6003,2025-03-07,19.85,mmol/L,Normal
1107972,700015,6008,2021-11-02,16.48,%,Normal
1107973,706417,6016,2023-08-18,6.46,g/dL,Normal
1107974,701471,6021,2021-09-04,22.86,U/L,High
1107975,705154,6001,2021-12-04,15.37,mmHg,Normal
1107976,700889,6010,2021-04-11,26.2,%,Normal
1107977,702804,6019,2022-10-06,18.77,U/L,Normal
1107978,704507,6010,2023-12-28,8.01,%,Normal
1107979,706339,6010,2022-07-06,37.92,mmHg,Low
1107980,704397,6006,2023-10-07,24.81,mmol/L,Normal
1107981,704087,6025,2021-10-21,22.06,g/dL,Normal
1107982,701626,6019,2023-05-30,19.82,mmol/L,Normal
1107983,705243,6004,2022-07-11,17.63,U/L,High
1107984,701676,6016,2021-02-14,33.08,%,Normal
1107985,705488,6005,2025-11-17,23.23,mmHg,Normal
1107986,706160,6008,2021-03-18,10.38,%,Low
1107987,702295,6022,2025-12-27,24.21,U/L,High
1107988,702415,6015,2022-05-31,23.19,%,Low
1107989,700358,6009,2023-04-06,59.39,mg/dL,High
1107990,705251,6016,2021-12-04,18.97,mmol/L,Normal
1107991,705092,6017,2024-08-27,36.71,mmol/L,Normal
1107992,702506,6006,2023-12-05,11.05,g/dL,Normal
1107993,701131,6022,2025-05-04,33.96,mmol/L,Normal
1107994,704959,6007,2024-12-31,30.42,%,Normal
1107995,702578,6005,2021-12-21,2.3,mmHg,Normal
1107996,701846,6004,2021-11-23,8.82,%,Normal
1107997,701456,6014,2022-01-02,57.91,mmol/L,Normal
1107998,702914,6010,2025-07-17,36.83,mmHg,High
1107999,702037,6006,2024-09-21,29.1,U/L,Normal
1108000,704752,6002,2024-05-28,11.15,mmol/L,Normal
1108001,700821,6003,2022-12-21,21.71,mmol/L,Critical
1108002,701686,6020,2021-02-13,8.6,mmol/L,Low
1108003,702534,6008,2025-08-10,13.58,mmol/L,Normal
1108004,705681,6013,2023-11-12,36.53,%,Critical
1108005,701140,6007,2022-04-06,32.66,mmHg,Low
1108006,700916,6026,2025-12-09,1.51,mmol/L,High
1108007,700403,6012,2024-08-24,29.59,mmHg,Normal
1108008,701281,6011,2024-10-02,22.4,g/dL,Normal
1108009,706386,6019,2025-04-19,30.33,%,Normal
1108010,703194,6001,2022-06-28,10.04,%,Normal
1108011,702727,6026,2024-08-29,3.81,mmHg,Normal
1108012,706049,6026,2024-02-19,44.3,U/L,Low
1108013,704962,6025,2024-05-30,17.42,mmol/L,Normal
1108014,705801,6011,2024-03-24,23.5,%,Normal
1108015,700279,6016,2021-08-23,9.08,%,Normal
1108016,706053,6007,2024-05-17,27.2,mg/dL,Normal
1108017,703566,6019,2022-07-17,10.71,mg/dL,High
1108018,700528,6001,2022-03-13,21.99,%,Normal
1108019,706411,6016,2025-05-12,22.07,mg/dL,Normal
1108020,701291,6006,2023-11-24,54.07,%,High
1108021,705066,6013,2021-10-09,90.0,U/L,Normal
1108022,701160,6004,2024-02-17,20.89,g/dL,Normal
1108023,704013,6010,2021-04-18,49.92,g/dL,Low
1108024,702267,6013,2022-09-04,9.03,mmHg,Normal
1108025,705729,6012,2025-10-06,30.77,mmHg,Normal
1108026,705666,6007,2023-05-07,7.64,U/L,Normal
1108027,705891,6017,2021-12-23,3.74,mg/dL,Low
1108028,701278,6006,2022-07-21,35.57,g/dL,Normal
1108029,703264,6015,2022-06-30,27.54,%,Normal
1108030,702662,6005,2025-06-08,12.64,mg/dL,High
1108031,702580,6003,2021-12-08,3.89,%,Low
1108032,700700,6007,2024-09-26,51.1,g/dL,Normal
1108033,701828,6012,2025-04-07,9.82,U/L,Normal
1108034,706491,6016,2023-02-23,22.26,mg/dL,Low
1108035,700740,6025,2023-05-20,9.0,%,Normal
1108036,704421,6002,2022-01-09,26.12,mmol/L,High
1108037,703236,6012,2023-04-28,42.18,g/dL,Normal
1108038,703115,6014,2025-05-28,14.9,mmHg,Normal
1108039,701946,6020,2022-11-24,17.58,U/L,Normal
1108040,703618,6008,2021-08-24,35.23,mmol/L,Normal
1108041,700585,6020,2025-08-27,,g/dL,Normal
1108042,700305,6021,2024-05-12,21.31,mmol/L,Normal
1108043,706173,6020,2021-02-24,8.16,%,High
1108044,701177,6019,2024-01-21,16.05,%,High
1108045,704109,6006,2021-05-27,5.86,g/dL,Normal
1108046,703419,6013,2025-11-17,28.58,g/dL,High
1108047,701964,6023,2022-04-29,10.0,mmol/L,Normal
1108048,703522,6016,2022-09-21,22.47,mg/dL,Low
1108049,703975,6023,2023-06-07,27.27,%,Normal
1108050,700443,6014,2021-07-14,19.95,mg/dL,Normal
1108051,703281,6008,2025-06-07,43.53,g/dL,Normal
1108052,703154,6006,2025-06-11,38.48,mmHg,High
1108053,702463,6015,2025-04-05,19.99,U/L,Normal
1108054,702652,6014,2024-06-01,49.29,g/dL,Normal
1108055,703501,6024,2022-08-19,35.55,%,Normal
1108056,702149,6013,2021-10-21,11.9,%,Low
1108057,704028,6011,2023-01-06,36.5,mmol/L,Normal
1108058,704878,6009,2025-02-03,12.84,%,Low
1108059,702035,6008,2021-04-23,14.96,mmol/L,Normal
1108060,701223,6019,2024-02-26,37.77,%,Normal
1108061,705831,6014,2022-12-15,8.36,mmol/L,Normal
1108062,703859,6003,2025-08-01,58.8,g/dL,Low
1108063,705751,6007,2023-09-14,17.65,mg/dL,Normal
1108064,705320,6018,2021-02-24,4.4,g/dL,Normal
1108065,705574,6011,2024-08-24,9.68,%,Critical
1108066,702339,6023,2022-04-13,26.11,g/dL,Normal
1108067,703180,6006,2022-02-21,17.7,mmol/L,Normal
1108068,700480,6020,2025-05-02,6.79,mg/dL,Normal
1108069,703522,6005,2024-05-26,221.8,mg/dL,Low
1108070,702257,6015,2023-02-04,15.92,mmol/L,Normal
1108071,706482,6002,2021-08-26,11.68,mmHg,Low
1108072,703994,6024,2021-07-06,23.98,%,Normal
1108073,700356,6014,2024-08-03,78.99,g/dL,High
1108074,703500,6002,2025-06-14,46.68,g/dL,Normal
1108075,704944,6003,2024-01-05,9.93,mmHg,Low
1108076,704140,6016,2021-06-21,16.69,%,Normal
1108077,700429,6026,2023-05-22,35.26,mmHg,Normal
1108078,703849,6007,2023-03-11,28.62,mmol/L,Normal
1108079,703716,6022,2023-12-13,12.48,mmol/L,High
1108080,703542,6017,2022-02-14,22.95,g/dL,Normal
1108081,703551,6023,2024-02-12,8.82,mg/dL,Normal
1108082,703714,6003,2023-09-05,27.99,mmol/L,Normal
1108083,700327,6005,2022-07-06,13.57,mmHg,Normal
1108084,702386,6009,2021-05-08,15.29,mmol/L,Normal
1108085,705275,6020,2023-11-21,21.35,%,Normal
1108086,700301,6003,2024-08-20,16.24,mmHg,Normal
1108087,704815,6015,2021-01-06,8.37,mg/dL,Normal
1108088,702952,6005,2022-03-06,11.71,mg/dL,Normal
1108089,700841,6010,2024-11-18,20.07,mmol/L,Normal
1108090,703100,6025,2023-01-30,20.12,mmol/L,Low
1108091,706125,6017,2023-02-19,9.5,%,Critical
1108092,701710,6004,2025-08-14,41.55,U/L,Normal
1108093,703603,6022,2022-10-03,33.03,%,Normal
1108094,701641,6006,2021-09-11,17.25,U/L,Normal
1108095,703642,6015,2025-11-21,18.08,mmHg,Normal
1108096,704240,6002,2023-11-17,11.29,mg/dL,Normal
1108097,701784,6022,2023-03-27,14.08,mmol/L,Normal
1108098,703322,6019,2024-11-02,7.74,mmHg,Normal
1108099,700149,6006,2025-09-11,22.6,U/L,Normal
1108100,705282,6005,2024-04-11,13.34,mmHg,Normal
1108101,704770,6019,2022-06-12,50.1,mmHg,Normal
1108102,704633,6022,2025-09-17,23.14,%,Normal
1108103,705654,6016,2023-12-27,2.66,U/L,Normal
1108104,704889,6003,2024-03-05,7.02,%,Low
1108105,700148,6020,2022-08-30,21.68,mmHg,Normal
1108106,700859,6012,2023-10-29,9.65,mmHg,Normal
1108107,705922,6016,2024-05-18,25.78,mmol/L,Normal
1108108,704134,6017,2023-08-03,17.24,mmol/L,Normal
1108109,704686,6005,2025-08-24,16.63,mmol/L,Low
1108110,704418,6018,2025-11-20,18.62,mg/dL,Normal
1108111,706009,6009,2025-01-15,12.69,mmHg,Normal
1108112,703625,6020,2025-06-27,5.55,g/dL,Normal
1108113,700178,6010,2023-04-10,30.94,%,Normal
1108114,705930,6010,2021-02-13,21.58,mg/dL,High
1108115,702120,6010,2025-02-19,14.93,mg/dL,High
1108116,706477,6006,2023-10-03,10.66,g/dL,High
1108117,702980,6013,2023-08-31,11.14,mmHg,Normal
1108118,702150,6010,2021-03-01,23.48,g/dL,High
1108119,700192,6022,2021-02-10,51.83,g/dL,Normal
1108120,702682,6025,2023-02-28,24.82,%,Normal
1108121,702925,6006,2021-06-19,29.0,%,Normal
1108122,704498,6012,2025-06-02,10.07,g/dL,Normal
1108123,703421,6024,2025-03-25,29.68,mmol/L,Normal
1108124,705510,6016,2022-03-23,58.71,mmol/L,High
1108125,703382,6007,2021-10-08,11.87,mmHg,High
1108126,706240,6018,2023-04-25,22.57,mg/dL,Low
1108127,701454,6001,2024-07-25,21.12,mmHg,Normal
1108128,704768,6010,2021-11-19,16.03,%,Normal
1108129,706100,6020,2023-02-04,12.06,mmol/L,Normal
1108130,704083,6021,2022-12-18,12.41,mmHg,Normal
1108131,704003,6007,2022-02-11,15.79,%,Normal
1108132,706474,6019,2024-11-08,21.03,%,Normal
1108133,701415,6008,2025-02-01,12.36,mmHg,High
1108134,704680,6002,2025-04-15,20.97,mg/dL,Normal
1108135,701931,6026,2023-11-18,19.54,U/L,High
1108136,705723,6006,2024-09-27,10.87,g/dL,Normal
1108137,703228,6014,2025-01-24,37.13,mg/dL,Low
1108138,700605,6026,2024-02-27,20.89,g/dL,Low
1108139,706494,6019,2022-01-06,19.64,mmol/L,Normal
1108140,702327,6026,2021-01-22,7.46,mg/dL,Normal
1108141,701013,6019,2025-08-28,12.32,mmol/L,Normal
1108142,702967,6024,2023-10-07,9.31,mmHg,High
1108143,702446,6017,2023-10-28,14.29,mmHg,Normal
1108144,701198,6010,2024-03-27,25.83,%,Normal
1108145,700630,6025,2024-10-04,21.97,mmHg,High
1108146,701074,6021,2021-09-23,37.26,mg/dL,Normal
1108147,704120,6004,2021-03-04,27.76,mg/dL,High
1108148,700599,6003,2022-02-21,37.63,%,Normal
1108149,700173,6006,2022-01-22,18.7,mmHg,Normal
1108150,703882,6020,2022-12-09,17.05,mg/dL,Normal
1108151,702405,6021,2025-11-16,13.49,g/dL,Normal
1108152,705042,6008,2022-01-18,18.01,U/L,Normal
1108153,700185,6003,2025-07-04,30.38,g/dL,Normal
1108154,705168,6018,2023-07-14,26.59,mmol/L,Normal
1108155,700324,6018,2022-07-09,16.38,mg/dL,Normal
1108156,703793,6017,2022-05-24,5.82,mg/dL,High
1108157,701580,6006,2025-11-30,5.01,%,Normal
1108158,701930,6012,2024-09-06,7.81,mg/dL,Normal
1108159,700962,6019,2021-12-25,40.49,g/dL,Normal
1108160,703928,6023,2023-01-16,12.92,mg/dL,Normal
1108161,700064,6012,2024-12-25,26.08,U/L,Normal
1108162,704061,6022,2023-04-26,10.92,%,Normal
1108163,705972,6020,2023-06-07,22.06,%,Normal
1108164,702705,6008,2025-10-15,16.16,mg/dL,Normal
1108165,706362,6010,2025-11-26,20.29,mmol/L,Low
1108166,700622,6024,2023-04-22,12.37,U/L,Normal
1108167,705454,6002,2021-09-20,,%,Normal
1108168,705970,6020,2024-02-08,31.05,%,High
1108169,702800,6003,2025-09-10,19.13,U/L,Low
1108170,703795,6008,2021-06-10,12.05,g/dL,Normal
1108171,700852,6002,2022-09-23,6.35,mmHg,High
1108172,701320,6006,2021-10-29,21.5,U/L,Low
1108173,702303,6022,2022-01-17,65.52,U/L,Low
1108174,705420,6022,2022-05-03,33.37,U/L,Normal
1108175,704909,6004,2025-09-23,6.51,g/dL,Normal
1108176,702650,6004,2022-04-03,9.86,U/L,Normal
1108177,704099,6023,2024-04-21,64.69,mmHg,Normal
1108178,703587,6004,2025-10-04,25.27,mmol/L,Normal
1108179,700561,6007,2021-05-18,11.48,U/L,Normal
1108180,703274,6001,2021-10-26,22.36,U/L,Low
1108181,700488,6009,2021-07-21,24.63,U/L,Normal
1108182,700426,6019,2025-09-27,18.32,%,Low
1108183,702126,6016,2022-10-14,35.09,g/dL,High
1108184,703697,6013,2023-11-02,32.66,mmHg,Normal
1108185,702690,6012,2023-03-18,33.81,%,Normal
1108186,705714,6016,2024-02-05,10.55,mg/dL,Normal
1108187,700024,6011,2023-10-23,18.52,mmHg,Low
1108188,706177,6016,2024-05-31,13.58,%,Normal
1108189,704944,6007,2021-09-24,9.24,U/L,Normal
1108190,701834,6005,2023-10-09,5.95,mmHg,High
1108191,706447,6001,2021-06-14,31.25,mmHg,Normal
1108192,706367,6022,2024-08-24,19.65,g/dL,High
1108193,701878,6022,2024-07-28,5.83,mg/dL,Normal
1108194,703365,6010,2024-09-12,7.73,U/L,Normal
1108195,702144,6024,2023-10-12,4.57,g/dL,Normal
1108196,703924,6013,2025-08-30,32.27,mmol/L,Normal
1108197,700712,6001,2021-10-11,12.84,mmol/L,Normal
1108198,706377,6004,2023-09-25,14.88,mmol/L,Normal
1108199,702036,6012,2025-12-11,11.26,%,Normal
1108200,705754,6025,2025-02-21,29.55,U/L,High
1108201,704576,6010,2022-10-25,18.33,mmHg,Normal
1108202,706378,6025,2021-08-07,18.5,mmHg,Normal
1108203,702420,6023,2021-04-01,37.59,%,Normal
1108204,705726,6015,2023-06-04,13.25,mmol/L,Low
1108205,703369,6010,2025-08-19,23.97,g/dL,Normal
1108206,700283,6022,2022-11-08,11.41,%,Low
1108207,704579,6009,2024-02-19,27.88,mg/dL,Normal
1108208,705775,6019,2023-04-19,10.89,mmHg,High
1108209,704703,6010,2024-02-06,159.07,mg/dL,Critical
1108210,701174,6007,2023-08-21,24.83,mmol/L,Normal
1108211,700301,6023,2025-06-10,27.26,%,Critical
1108212,704586,6026,2022-07-21,19.99,mmol/L,High
1108213,701286,6015,2021-01-22,23.83,%,Normal
1108214,706089,6009,2025-02-20,18.69,U/L,High
1108215,704297,6022,2021-06-26,20.35,U/L,Normal
1108216,702014,6022,2022-12-07,27.17,U/L,Low
1108217,703253,6014,2025-08-24,4.59,U/L,Low
1108218,700803,6011,2022-03-10,25.77,mmHg,Low
1108219,703144,6009,2021-10-12,69.31,mmHg,Low
1108220,701898,6010,2021-01-27,39.94,mg/dL,Normal
1108221,700356,6019,2022-09-16,36.83,mg/dL,Normal
1108222,701491,6014,2024-06-05,10.57,U/L,Low
1108223,701732,6021,2024-04-26,13.03,%,Normal
1108224,701507,6002,2022-08-03,36.66,mmHg,Normal
1108225,705702,6010,2022-01-28,22.64,mmol/L,Normal
1108226,701666,6015,2023-09-09,16.07,%,Normal
1108227,703936,6010,2024-05-17,19.92,mg/dL,Normal
1108228,706348,6014,2023-08-29,56.73,mmol/L,Normal
1108229,704424,6022,2023-09-01,10.53,mmHg,Normal
1108230,704117,6024,2025-10-08,9.92,g/dL,Normal
1108231,703836,6007,2023-03-07,3.61,mg/dL,High
1108232,700090,6014,2023-04-28,11.73,mmHg,Normal
1108233,706123,6017,2022-12-12,23.34,g/dL,Normal
1108234,701020,6004,2023-05-20,36.89,mg/dL,Normal
1108235,702702,6020,2022-09-13,27.77,mmol/L,Normal
1108236,706302,6023,2024-06-05,37.72,mg/dL,High
1108237,705851,6011,2023-10-23,31.81,U/L,High
1108238,702566,6013,2021-06-18,9.54,U/L,Low
1108239,703743,6020,2025-10-29,18.49,g/dL,Normal
1108240,705507,6006,2022-10-19,8.55,mmHg,Normal
1108241,706225,6011,2023-04-13,10.39,mg/dL,Normal
1108242,700601,6019,2022-12-13,23.24,U/L,High
1108243,700646,6002,2025-11-08,14.46,mmHg,Normal
1108244,701894,6003,2022-09-10,36.17,g/dL,Normal
1108245,700125,6014,2025-12-09,19.34,%,Normal
1108246,703622,6008,2021-05-08,20.03,%,Normal
1108247,700937,6019,2021-04-07,7.89,mmol/L,High
1108248,703805,6020,2022-08-11,71.61,mg/dL,Normal
1108249,700428,6014,2021-08-11,12.62,mmol/L,High
1108250,700075,6003,2022-05-06,43.02,g/dL,Critical
1108251,700837,6001,2021-02-12,12.14,%,Normal
1108252,700581,6021,2022-05-04,17.48,mmol/L,Normal
1108253,702367,6019,2025-08-28,6.29,U/L,Low
1108254,702005,6006,2022-12-25,40.65,U/L,Normal
1108255,702082,6002,2022-01-10,24.01,mg/dL,High
1108256,700453,6008,2022-01-31,4.58,g/dL,Normal
1108257,705123,6001,2023-11-02,29.27,%,Low
1108258,704970,6017,2024-07-02,15.7,mg/dL,High
1108259,705541,6015,2022-12-08,75.04,mmHg,Normal
1108260,706407,6010,2022-01-05,12.07,mmHg,High
1108261,701510,6020,2021-08-21,10.45,mmHg,Normal
1108262,700081,6018,2022-08-18,31.93,U/L,Low
1108263,703680,6002,2024-10-27,21.5,mg/dL,Normal
1108264,700972,6016,2024-01-31,17.64,U/L,Normal
1108265,702312,6013,2022-09-19,16.42,%,Normal
1108266,700154,6026,2021-09-06,20.45,mmHg,High
1108267,701219,6007,2025-08-24,13.0,U/L,Normal
1108268,701184,6011,2024-09-18,4.75,U/L,Normal
1108269,701010,6024,2023-06-24,12.76,mg/dL,Normal
1108270,700697,6025,2022-12-13,15.7,mmHg,Normal
1108271,701020,6003,2025-06-04,26.05,mmol/L,Normal
1108272,703687,6016,2023-01-09,15.53,mmol/L,Normal
1108273,700646,6013,2023-12-13,18.56,%,Critical
1108274,702090,6024,2023-09-22,53.88,mmHg,Normal
1108275,703538,6024,2025-03-17,20.53,mmol/L,Normal
1108276,700119,6007,2023-04-03,22.33,mg/dL,Low
1108277,705867,6016,2022-10-20,38.24,mmol/L,Normal
1108278,702866,6023,2021-01-13,16.08,mmol/L,Normal
1108279,700779,6015,2023-07-27,13.15,mmHg,Low
1108280,700383,6016,2024-05-07,8.05,mg/dL,Normal
1108281,702966,6022,2025-12-04,32.71,U/L,High
1108282,703778,6026,2023-04-12,11.4,U/L,High
1108283,705722,6007,2025-11-11,33.98,g/dL,High
1108284,702571,6025,2023-12-27,51.37,g/dL,Normal
1108285,702835,6022,2024-05-22,12.01,mmHg,Low
1108286,700455,6022,2023-06-08,13.33,g/dL,Normal
1108287,701112,6017,2021-07-16,24.73,mmol/L,Normal
1108288,705993,6010,2025-05-17,49.64,U/L,Normal
1108289,702657,6011,2023-01-14,19.98,g/dL,Low
1108290,704792,6019,2024-11-27,39.64,%,Normal
1108291,701284,6025,2024-01-11,26.63,mmol/L,Normal
1108292,700464,6024,2024-10-27,10.33,mg/dL,Normal
1108293,701941,6024,2023-04-11,10.75,mmol/L,Normal
1108294,705258,6002,2021-08-23,63.43,mmol/L,Low
1108295,702523,6023,2021-07-10,43.94,mmol/L,Normal
1108296,705681,6021,2021-05-10,21.06,mmHg,Normal
1108297,701826,6007,2023-09-06,20.8,mmHg,Normal
1108298,703721,6003,2022-05-27,27.95,g/dL,Normal
1108299,704530,6003,2025-02-15,27.04,g/dL,Low
1108300,703958,6008,2024-06-24,24.27,mmol/L,Normal
1108301,705911,6007,2024-03-07,9.78,mg/dL,High
1108302,702097,6021,2023-03-10,34.17,U/L,Normal
1108303,704374,6001,2021-03-01,12.62,mg/dL,Normal
1108304,706318,6001,2022-08-02,47.87,U/L,Normal
1108305,705884,6015,2022-07-26,39.33,g/dL,Normal
1108306,704406,6013,2025-12-07,38.55,U/L,Low
1108307,705381,6013,2024-03-08,46.53,mg/dL,Normal
1108308,703218,6019,2022-07-09,6.96,g/dL,High
1108309,705871,6020,2025-08-02,22.65,U/L,Low
1108310,701142,6026,2024-04-04,7.48,%,Normal
1108311,703412,6013,2023-05-06,18.91,g/dL,Normal
1108312,701899,6013,2023-08-22,71.28,U/L,High
1108313,703781,6006,2024-09-23,43.59,mmol/L,Normal
1108314,703880,6018,2022-08-01,17.9,g/dL,Normal
1108315,704909,6006,2023-08-30,7.88,%,Normal
1108316,705277,6025,2021-09-15,41.35,mmol/L,High
1108317,704218,6015,2021-06-05,13.04,mmol/L,Normal
1108318,706273,6011,2025-03-26,21.82,%,Normal
1108319,702735,6005,2025-03-13,33.79,mmHg,Normal
1108320,704458,6022,2024-07-15,28.32,g/dL,Normal
1108321,705885,6010,2021-12-25,15.72,mmHg,Normal
1108322,703871,6024,2025-07-30,13.51,mmHg,Low
1108323,702569,6025,2022-07-01,8.6,mmol/L,Normal
1108324,703799,6016,2021-12-13,7.99,g/dL,Normal
1108325,702437,6024,2021-08-06,14.84,%,Normal
1108326,704063,6011,2025-04-11,7.4,U/L,High
1108327,703603,6012,2022-06-05,5.19,U/L,Normal
1108328,702630,6002,2024-09-03,19.8,mmHg,Low
1108329,703369,6014,2024-04-02,16.23,mmHg,Normal
1108330,700030,6024,2024-03-09,77.68,%,Normal
1108331,705213,6023,2025-09-01,7.62,mmHg,Normal
1108332,705659,6004,2023-01-19,33.13,%,Normal
1108333,704006,6022,2025-10-06,25.91,%,Low
1108334,702985,6008,2024-04-18,47.4,U/L,Normal
1108335,700049,6019,2024-02-10,42.06,mg/dL,Normal
1108336,705576,6006,2024-05-09,51.52,mmol/L,Normal
1108337,702891,6011,2025-01-20,15.88,mg/dL,High
1108338,701442,6024,2023-04-06,2.89,mg/dL,Normal
1108339,704295,6012,2022-08-24,30.98,mmol/L,Normal
1108340,704934,6021,2022-11-07,42.19,%,Normal
1108341,705887,6008,2022-02-22,19.92,mg/dL,Normal
1108342,700318,6014,2023-10-23,17.22,mg/dL,Normal
1108343,703345,6004,2021-12-27,72.96,mmHg,Normal
1108344,701410,6009,2023-09-19,30.98,%,Normal
1108345,704210,6018,2021-01-22,6.43,U/L,Normal
1108346,704989,6013,2021-10-15,10.58,mmol/L,Normal
1108347,702558,6003,2024-04-14,46.07,mmHg,Normal
1108348,703242,6003,2024-12-02,11.51,%,High
1108349,700694,6003,2024-06-17,9.88,mmol/L,Normal
1108350,702454,6021,2025-10-16,29.21,g/dL,Normal
1108351,706149,6021,2025-12-07,14.18,U/L,Normal
1108352,704560,6023,2022-01-04,24.06,g/dL,Low
1108353,704123,6012,2022-08-17,,mmHg,Normal
1108354,702376,6021,2021-11-27,8.51,g/dL,Normal
1108355,700505,6025,2025-11-16,22.47,mmol/L,Normal
1108356,705556,6022,2025-07-19,7.48,g/dL,Normal
1108357,702068,6021,2022-03-10,9.05,mmHg,Normal
1108358,703912,6002,2023-06-15,32.37,U/L,Normal
1108359,705993,6017,2021-03-14,9.26,%,Low
1108360,706477,6002,2024-08-13,56.38,%,High
1108361,702760,6008,2022-10-12,11.8,U/L,Low
1108362,706315,6005,2025-06-19,13.08,g/dL,Critical
1108363,700011,6012,2021-01-04,13.55,%,Low
1108364,700815,6009,2024-06-10,48.41,U/L,Normal
1108365,702532,6006,2024-04-23,29.98,%,Normal
1108366,705647,6020,2025-09-18,36.75,mmHg,Normal
1108367,702406,6005,2023-06-29,34.38,g/dL,Normal
1108368,702883,6012,2025-11-03,14.29,%,High
1108369,704400,6024,2023-10-19,48.45,g/dL,Normal
1108370,705360,6013,2025-12-19,13.11,g/dL,Normal
1108371,700850,6013,2022-06-14,15.76,mmHg,Normal
1108372,705067,6026,2023-01-06,105.88,g/dL,Normal
1108373,703009,6003,2022-03-23,11.26,U/L,Normal
1108374,706345,6011,2022-05-23,3.07,mmol/L,Normal
1108375,704650,6019,2025-01-07,37.99,mg/dL,Low
1108376,702028,6014,2024-02-16,38.98,mmHg,Normal
1108377,704025,6006,2022-07-11,18.07,g/dL,Low
1108378,702057,6016,2022-03-15,9.14,mg/dL,Normal
1108379,705502,6024,2021-08-31,32.63,mmol/L,Normal
1108380,703134,6018,2021-06-04,51.33,g/dL,High
1108381,705043,6021,2024-02-26,6.09,mmHg,Normal
1108382,701114,6006,2023-09-20,50.41,mmHg,Low
1108383,701446,6001,2024-02-01,7.71,U/L,Normal
1108384,701893,6026,2021-07-08,29.65,g/dL,Low
1108385,703198,6025,2022-04-09,16.05,%,Critical
1108386,703300,6001,2022-03-29,7.21,mg/dL,Normal
1108387,700243,6015,2025-06-29,24.01,mg/dL,Low
1108388,704148,6005,2021-11-29,24.15,%,High
1108389,702472,6011,2021-08-05,18.93,mmol/L,Normal
1108390,702645,6012,2025-01-06,6.52,mmol/L,Normal
1108391,704963,6002,2021-10-16,22.76,mmHg,Normal
1108392,706024,6002,2022-06-21,16.39,%,Normal
1108393,700375,6007,2024-06-02,34.43,mmHg,Critical
1108394,705107,6026,2023-03-23,23.15,%,High
1108395,700923,6020,2023-04-27,25.87,g/dL,Normal
1108396,705076,6026,2025-08-08,16.09,%,Normal
1108397,706166,6021,2023-11-28,25.13,g/dL,Critical
1108398,700946,6017,2023-10-08,60.55,mg/dL,Normal
1108399,704322,6011,2021-01-25,46.29,mg/dL,Normal
1108400,700616,6026,2021-04-21,10.11,g/dL,High
1108401,705949,6013,2022-07-16,16.05,U/L,High
1108402,703699,6025,2025-08-08,27.85,mmol/L,Normal
1108403,700824,6013,2021-08-15,47.04,mmol/L,High
1108404,704230,6007,2024-09-11,35.52,mmol/L,High
1108405,702933,6020,2024-03-15,54.32,mmHg,Normal
1108406,701075,6025,2024-11-21,1.72,mmol/L,Low
1108407,704359,6006,2022-10-03,5.04,g/dL,High
1108408,706226,6007,2022-06-16,17.45,mg/dL,Normal
1108409,703030,6012,2022-12-23,32.21,%,Normal
1108410,706355,6008,2021-04-16,25.51,mmHg,Normal
1108411,701146,6014,2025-01-31,40.41,mg/dL,Normal
1108412,705383,6008,2024-01-22,30.22,U/L,Normal
1108413,702322,6010,2022-09-05,12.74,mmol/L,Normal
1108414,703378,6017,2025-07-10,36.53,mmHg,Normal
1108415,704594,6017,2025-07-15,18.69,mmol/L,Normal
1108416,700137,6016,2022-08-20,47.15,mmHg,Normal
1108417,703561,6025,2022-02-11,31.6,mmol/L,Normal
1108418,701200,6002,2022-06-23,38.21,g/dL,Normal
1108419,703753,6009,2022-07-13,25.49,U/L,Normal
1108420,702569,6004,2021-07-29,31.87,mg/dL,Normal
1108421,703985,6018,2021-11-02,23.36,mmol/L,High
1108422,703720,6003,2021-05-09,41.28,mmHg,High
1108423,700450,6013,2021-09-18,32.15,g/dL,High
1108424,701365,6002,2025-12-18,17.05,mg/dL,Normal
1108425,701114,6002,2025-01-03,16.7,U/L,Low
1108426,703874,6025,2021-05-07,75.52,mmol/L,High
1108427,704531,6021,2021-04-07,5.05,mmHg,High
1108428,703883,6004,2023-04-11,18.92,U/L,Normal
1108429,700276,6020,2021-07-27,36.91,g/dL,Normal
1108430,704594,6025,2025-07-22,18.29,mmol/L,Normal
1108431,704780,6010,2021-02-10,13.03,g/dL,Normal
1108432,702098,6016,2021-07-06,28.82,mmHg,Normal
1108433,703833,6022,2025-07-07,19.48,mg/dL,High
1108434,702473,6009,2024-04-04,49.06,U/L,Normal
1108435,700858,6022,2022-11-30,12.76,mmHg,High
1108436,704445,6008,2022-06-12,9.96,U/L,Normal
1108437,705579,6021,2023-03-07,55.76,U/L,Normal
1108438,700176,6013,2022-04-15,7.88,g/dL,Normal
1108439,705938,6024,2021-01-15,62.39,mmHg,Normal
1108440,700302,6019,2023-05-10,35.58,g/dL,Normal
1108441,704199,6006,2022-11-21,32.25,mmHg,Normal
1108442,704936,6015,2023-07-24,35.57,mmHg,Normal
1108443,702782,6009,2022-05-03,24.1,mg/dL,Normal
1108444,705405,6007,2021-01-09,11.25,mmHg,Normal
1108445,703807,6006,2021-06-10,7.52,mmol/L,Normal
1108446,704927,6021,2023-03-17,3.64,%,Low
1108447,701080,6013,2022-09-29,6.25,%,Normal
1108448,706016,6012,2024-07-23,5.94,%,Low
1108449,705019,6023,2025-01-10,65.93,mmol/L,Normal
1108450,705074,6024,2022-07-25,45.57,U/L,Normal
1108451,702181,6006,2023-07-02,11.75,mmol/L,Normal
1108452,705860,6015,2024-09-12,12.21,%,Normal
1108453,703332,6022,2022-08-27,6.26,mg/dL,Normal
1108454,703308,6022,2024-10-15,30.76,U/L,Low
1108455,702517,6012,2025-08-04,6.22,U/L,Low
1108456,700450,6025,2025-03-25,7.33,g/dL,Normal
1108457,705054,6020,2021-01-23,102.71,U/L,Critical
1108458,701224,6024,2025-04-26,10.81,mmHg,High
1108459,702234,6007,2022-01-28,32.29,%,Normal
1108460,700303,6011,2024-02-08,35.46,U/L,Critical
1108461,704942,6018,2022-01-08,12.02,U/L,Low
1108462,702625,6017,2024-01-23,6.66,U/L,High
1108463,701348,6004,2023-08-27,9.2,U/L,Normal
1108464,703793,6017,2021-02-13,29.1,mmHg,Normal
1108465,701848,6025,2021-02-14,12.11,mg/dL,Normal
1108466,702646,6016,2024-06-20,6.49,%,High
1108467,703527,6016,2021-06-15,12.64,mmol/L,Normal
1108468,704072,6023,2022-03-25,13.86,mg/dL,Normal
1108469,704177,6010,2024-10-23,23.28,mmol/L,Normal
1108470,701858,6006,2022-03-13,34.77,U/L,Normal
1108471,703392,6012,2022-11-29,8.04,mmol/L,Normal
1108472,704022,6010,2025-02-01,28.01,mmol/L,Normal
1108473,706404,6006,2022-11-29,12.34,%,High
1108474,703602,6008,2021-08-18,29.7,mmHg,Normal
1108475,702500,6002,2022-09-17,33.23,g/dL,Normal
1108476,704746,6016,2024-02-13,40.28,mg/dL,Low
1108477,704351,6026,2023-06-25,14.82,mmHg,Normal
1108478,703018,6006,2022-06-01,32.7,g/dL,Normal
1108479,704102,6026,2024-10-19,66.07,mg/dL,Low
1108480,704312,6026,2025-08-10,7.61,mmHg,Normal
1108481,701240,6026,2025-03-06,51.43,g/dL,Normal
1108482,705841,6007,2022-07-09,24.67,%,Normal
1108483,702163,6009,2024-07-29,2.95,g/dL,Normal
1108484,700470,6014,2025-05-18,21.39,U/L,Normal
1108485,700139,6002,2023-05-18,14.96,mmHg,High
1108486,704353,6011,2022-09-22,20.01,mg/dL,Normal
1108487,705849,6012,2022-05-05,19.6,mmol/L,Normal
1108488,701763,6014,2023-09-23,24.34,mmHg,Normal
1108489,702146,6010,2024-03-26,8.39,g/dL,Normal
1108490,703242,6006,2024-03-20,16.97,mmHg,Normal
1108491,703157,6009,2025-10-15,32.21,mmol/L,Low
1108492,706233,6004,2023-06-29,34.78,U/L,Normal
1108493,701006,6010,2021-02-15,23.55,%,High
1108494,703522,6001,2024-09-11,16.09,U/L,Low
1108495,704946,6012,2022-08-30,36.49,%,Low
1108496,701404,6020,2023-07-30,4.78,mmol/L,High
1108497,700777,6006,2024-06-14,32.49,mg/dL,Normal
1108498,705056,6002,2021-03-12,21.31,mg/dL,Normal
1108499,702629,6009,2024-04-09,16.86,g/dL,High
1108500,702887,6001,2024-08-05,14.0,mg/dL,Normal
1108501,702687,6011,2023-03-22,14.94,mmHg,High
1108502,701019,6020,2022-06-19,8.31,U/L,High
1108503,704003,6019,2024-02-13,14.89,mg/dL,Normal
1108504,705530,6011,2023-02-04,21.71,mmol/L,Normal
1108505,705816,6026,2023-01-22,23.41,g/dL,High
1108506,705289,6020,2021-10-17,15.43,mmHg,Low
1108507,705180,6006,2024-09-11,59.53,mg/dL,Normal
1108508,703369,6012,2025-06-15,26.15,mg/dL,Normal
1108509,702156,6003,2023-07-29,22.01,U/L,High
1108510,703071,6011,2025-10-09,57.0,mg/dL,Normal
1108511,705237,6007,2024-03-24,24.24,g/dL,Normal
1108512,702404,6007,2022-07-05,18.74,mg/dL,Normal
1108513,701147,6015,2024-09-10,6.35,U/L,Normal
1108514,703745,6019,2025-08-05,21.81,%,Normal
1108515,703795,6011,2024-05-19,16.58,U/L,Normal
1108516,704514,6006,2022-04-02,27.43,mg/dL,Normal
1108517,701288,6025,2022-03-22,20.67,g/dL,Normal
1108518,703252,6009,2023-12-14,16.82,U/L,High
1108519,704753,6018,2022-06-14,131.11,mmol/L,Normal
1108520,705388,6013,2025-12-15,23.7,mmol/L,Low
1108521,703389,6021,2021-10-05,18.22,mmHg,Normal
1108522,705472,6012,2024-12-08,15.9,%,Normal
1108523,702897,6018,2022-09-13,21.67,U/L,High
1108524,701761,6020,2023-02-22,61.75,%,Normal
1108525,704924,6011,2021-12-01,21.06,g/dL,Normal
1108526,701950,6007,2025-06-24,22.71,g/dL,Normal
1108527,703343,6023,2025-07-26,32.83,g/dL,High
1108528,701883,6004,2022-05-27,72.47,U/L,Normal
1108529,702626,6023,2022-07-03,21.61,mg/dL,Normal
1108530,703397,6026,2025-04-27,32.64,mmHg,High
1108531,700148,6016,2024-09-11,24.03,mmHg,High
1108532,703876,6024,2024-04-01,128.53,U/L,Normal
1108533,703203,6016,2022-04-18,25.59,mmol/L,Normal
1108534,703520,6020,2022-09-27,24.94,g/dL,Normal
1108535,706023,6020,2024-01-21,7.47,U/L,Low
1108536,702390,6011,2024-01-30,16.52,mmol/L,High
1108537,706015,6011,2025-11-01,23.7,%,Normal
1108538,704459,6008,2025-06-25,37.88,mmHg,Normal
1108539,702130,6014,2022-05-11,24.91,g/dL,Normal
1108540,700390,6020,2021-12-10,13.89,g/dL,Normal
1108541,703065,6014,2021-08-01,50.52,%,Normal
1108542,704035,6010,2022-11-07,6.36,g/dL,Normal
1108543,704394,6005,2023-04-08,27.69,%,Normal
1108544,703550,6014,2025-12-23,11.62,mmol/L,Normal
1108545,700760,6009,2023-07-08,29.07,mg/dL,Normal
1108546,704598,6001,2023-04-20,49.16,g/dL,Low
1108547,703623,6005,2025-03-15,9.67,mg/dL,Normal
1108548,703619,6004,2024-01-11,31.49,U/L,High
1108549,700635,6021,2023-12-07,15.97,mg/dL,Normal
1108550,701588,6011,2023-02-15,22.54,g/dL,Normal
1108551,703910,6014,2025-01-21,35.86,g/dL,Normal
1108552,704397,6003,2024-01-05,22.08,U/L,Normal
1108553,701644,6020,2022-06-21,43.66,g/dL,Normal
1108554,702845,6007,2023-07-14,75.58,U/L,High
1108555,705667,6022,2021-05-12,32.09,mg/dL,Normal
1108556,700329,6015,2022-09-16,17.96,U/L,Normal
1108557,701624,6006,2023-10-12,51.92,mmol/L,Normal
1108558,706128,6019,2022-06-21,18.05,mmol/L,Normal
1108559,700948,6025,2025-10-12,7.93,U/L,Normal
1108560,706499,6003,2024-05-24,28.97,g/dL,Normal
1108561,702554,6016,2023-11-23,12.65,U/L,Normal
1108562,701698,6001,2024-10-10,69.65,%,Normal
1108563,700207,6018,2024-07-19,14.33,mg/dL,Normal
1108564,705832,6013,2023-11-26,12.99,U/L,High
1108565,702243,6012,2024-01-02,57.49,%,Normal
1108566,702116,6018,2022-12-16,44.26,%,Normal
1108567,700163,6005,2022-05-17,15.26,mg/dL,Normal
1108568,706438,6012,2022-12-30,19.76,%,Normal
1108569,705739,6023,2021-09-09,18.2,mmol/L,Normal
1108570,702852,6010,2021-07-18,28.15,mg/dL,High
1108571,701873,6019,2022-02-03,15.03,mg/dL,Critical
1108572,701394,6016,2025-07-25,16.34,mg/dL,Critical
1108573,700708,6017,2025-08-29,38.37,U/L,Normal
1108574,701801,6007,2025-09-22,9.16,mg/dL,Low
1108575,705363,6014,2021-01-16,48.97,g/dL,Normal
1108576,703986,6001,2025-03-19,19.2,%,Normal
1108577,700462,6025,2024-06-18,9.8,mmol/L,Normal
1108578,705279,6020,2024-01-07,20.2,mg/dL,Normal
1108579,703037,6014,2024-02-02,29.72,mmHg,Normal
1108580,702232,6003,2025-08-15,44.22,mg/dL,High
1108581,706017,6002,2023-11-27,8.5,mmHg,Normal
1108582,704032,6014,2022-07-02,34.2,mg/dL,Normal
1108583,706179,6002,2022-08-04,13.94,U/L,Normal
1108584,703706,6006,2021-09-23,46.75,mg/dL,Low
1108585,704427,6021,2024-12-23,25.51,U/L,Low
1108586,704947,6007,2025-06-08,12.67,g/dL,High
1108587,705796,6022,2021-04-28,7.62,mg/dL,Critical
1108588,704703,6016,2024-07-31,9.16,g/dL,Normal
1108589,704254,6010,2024-07-07,27.14,mg/dL,Normal
1108590,706321,6025,2023-09-10,9.85,mmol/L,Normal
1108591,702339,6021,2024-11-15,7.31,mmHg,Normal
1108592,701579,6010,2025-04-10,15.03,mmol/L,Normal
1108593,700940,6019,2023-05-05,18.98,mg/dL,High
1108594,703867,6017,2025-05-26,30.75,U/L,Normal
1108595,704009,6022,2025-12-09,27.42,mg/dL,High
1108596,706437,6013,2022-01-03,22.76,mmol/L,Normal
1108597,703914,6016,2021-10-28,47.35,mg/dL,Low
1108598,702674,6008,2023-04-17,17.09,g/dL,Normal
1108599,706259,6016,2025-11-29,4.82,mg/dL,Low
1108600,702636,6006,2021-07-25,11.36,g/dL,High
1108601,700409,6021,2025-04-14,16.83,%,Normal
1108602,705431,6012,2021-08-17,43.19,U/L,Normal
1108603,703461,6020,2023-10-05,19.42,mg/dL,Normal
1108604,701960,6006,2021-03-22,51.89,mg/dL,Normal
1108605,702423,6005,2024-05-15,30.55,mmol/L,Normal
1108606,703933,6015,2024-11-12,33.04,mg/dL,Low
1108607,704199,6013,2021-08-27,20.32,U/L,Normal
1108608,705514,6003,2022-07-19,8.36,mg/dL,High
1108609,706282,6023,2021-04-29,15.45,g/dL,Normal
1108610,703246,6004,2024-08-27,33.56,mmHg,High
1108611,703004,6017,2022-07-19,23.83,mg/dL,Normal
1108612,703027,6011,2021-06-18,40.47,U/L,Normal
1108613,704843,6008,2021-03-12,31.66,mmHg,Normal
1108614,702654,6005,2025-08-07,48.54,U/L,Normal
1108615,700306,6002,2023-01-16,9.28,mmol/L,Normal
1108616,702987,6012,2021-03-05,14.98,%,Normal
1108617,703379,6023,2025-08-28,12.46,mmHg,Normal
1108618,700781,6003,2024-08-22,18.38,mmol/L,Low
1108619,706359,6001,2023-09-29,46.65,U/L,Normal
1108620,702024,6002,2025-09-23,22.86,U/L,Normal
1108621,705230,6012,2021-06-19,13.44,mg/dL,High
1108622,702853,6010,2021-11-30,63.5,U/L,Critical
1108623,705461,6026,2024-04-16,16.15,mmol/L,High
1108624,704825,6009,2024-01-15,8.12,g/dL,Normal
1108625,705985,6025,2021-10-06,16.05,mmHg,Normal
1108626,705749,6007,2023-08-22,11.75,%,Normal
1108627,701036,6012,2021-03-16,17.3,mmHg,Normal
1108628,703371,6013,2021-09-26,6.95,U/L,High
1108629,703296,6014,2025-06-08,19.42,mmol/L,Normal
1108630,700187,6007,2024-06-09,39.51,mmHg,High
1108631,702757,6024,2023-07-17,20.0,g/dL,Low
1108632,704696,6005,2021-11-14,28.29,g/dL,Normal
1108633,704285,6010,2021-03-16,14.62,U/L,Normal
1108634,701047,6026,2022-01-11,35.04,g/dL,Normal
1108635,706358,6016,2025-12-19,6.82,mmHg,Normal
1108636,705659,6011,2023-06-28,12.48,mg/dL,Normal
1108637,702323,6008,2025-07-23,11.93,mmHg,Normal
1108638,700931,6026,2022-05-04,24.12,g/dL,Normal
1108639,703538,6002,2022-01-10,13.58,mmol/L,Normal
1108640,702541,6007,2022-01-11,9.48,%,Low
1108641,701543,6003,2021-09-11,15.39,g/dL,High
1108642,700110,6015,2022-02-14,16.03,%,Normal
1108643,700400,6013,2024-03-22,10.83,%,Normal
1108644,705477,6014,2024-06-02,25.86,mmol/L,Normal
1108645,701317,6002,2021-05-01,22.04,mmHg,High
1108646,702199,6006,2021-07-28,10.36,mmHg,Low
1108647,702442,6014,2021-02-07,8.49,mmol/L,Normal
1108648,704500,6001,2022-08-12,23.88,mmol/L,High
1108649,705952,6025,2024-08-09,,mg/dL,High
1108650,701807,6023,2021-10-31,18.34,mmHg,High
1108651,701715,6003,2024-02-14,16.56,g/dL,Normal
1108652,700230,6022,2021-12-08,14.52,g/dL,Low
1108653,706353,6008,2025-12-07,17.65,mmHg,Normal
1108654,700032,6018,2021-04-08,10.12,g/dL,Low
1108655,701551,6026,2022-03-28,32.21,mg/dL,Normal
1108656,706306,6013,2022-07-29,41.28,U/L,Normal
1108657,703370,6011,2023-09-23,9.98,mmol/L,Normal
1108658,702290,6023,2022-05-18,45.14,mmHg,Normal
1108659,705929,6004,2023-08-07,9.53,U/L,Normal
1108660,701938,6012,2023-03-13,45.04,g/dL,Normal
1108661,704432,6019,2024-11-30,,mmHg,High
1108662,705124,6012,2025-07-19,39.71,mg/dL,Normal
1108663,702710,6024,2023-11-01,25.23,%,Normal
1108664,702952,6013,2021-07-07,9.6,U/L,Normal
1108665,700455,6005,2021-03-09,11.75,mmHg,Low
1108666,701401,6013,2025-05-11,9.15,g/dL,Normal
1108667,702937,6022,2024-07-17,39.76,g/dL,Normal
1108668,704489,6024,2022-09-26,27.6,mg/dL,Normal
1108669,700363,6008,2023-07-23,17.52,%,Normal
1108670,701134,6006,2024-04-18,21.68,U/L,Normal
1108671,703379,6007,2021-03-25,15.02,U/L,Normal
1108672,702940,6009,2022-02-28,9.68,mmHg,High
1108673,704133,6016,2022-10-26,9.34,mmHg,Normal
1108674,700936,6015,2023-04-29,11.5,%,Normal
1108675,704953,6001,2022-07-24,7.05,%,Normal
1108676,705050,6019,2021-09-07,7.97,U/L,Low
1108677,703176,6022,2024-11-27,14.87,U/L,Normal
1108678,703902,6024,2025-10-16,12.33,%,Normal
1108679,702009,6017,2023-08-03,8.85,%,Normal
1108680,701993,6021,2021-11-05,27.11,mmol/L,Normal
1108681,704637,6005,2021-06-14,5.97,mmHg,Normal
1108682,704684,6016,2025-10-24,54.18,mmol/L,High
1108683,704533,6023,2024-04-15,39.84,g/dL,Low
1108684,703186,6018,2021-11-12,6.35,mmHg,Low
1108685,704099,6011,2023-05-14,6.34,U/L,Critical
1108686,702929,6023,2023-07-19,15.61,mmol/L,Low
1108687,705391,6026,2021-07-27,10.19,g/dL,Low
1108688,704657,6022,2023-11-02,18.89,mmol/L,High
1108689,700683,6018,2021-07-08,38.03,mg/dL,Low
1108690,700424,6002,2021-03-29,24.81,U/L,Normal
1108691,704540,6001,2022-06-30,8.98,U/L,Critical
1108692,703516,6025,2021-06-13,28.52,mmHg,Normal
1108693,702434,6016,2022-10-10,16.41,%,Normal
1108694,700559,6016,2023-11-08,29.74,%,Low
1108695,701762,6015,2023-07-15,35.76,%,High
1108696,705224,6008,2022-10-06,24.03,mg/dL,Normal
1108697,700583,6003,2021-06-02,38.98,mmol/L,High
1108698,704408,6022,2025-09-20,18.62,mmol/L,Normal
1108699,704343,6022,2025-01-08,13.04,mg/dL,High
1108700,701583,6016,2025-09-23,11.75,%,Normal
1108701,701981,6021,2025-05-27,19.21,mg/dL,Normal
1108702,700841,6005,2021-08-17,11.68,mmHg,High
1108703,702249,6026,2023-04-07,6.32,mmHg,Normal
1108704,701303,6019,2021-12-05,8.77,U/L,Normal
1108705,703060,6011,2022-03-15,42.67,mmol/L,Normal
1108706,700396,6008,2022-07-16,10.97,mmHg,Normal
1108707,704602,6022,2022-01-09,7.28,%,Normal
1108708,702311,6007,2023-11-30,12.71,mg/dL,Low
1108709,701040,6010,2021-04-04,21.9,U/L,Normal
1108710,700855,6024,2022-03-01,14.52,U/L,Normal
1108711,704659,6014,2021-12-07,47.73,mg/dL,Low
1108712,704269,6006,2021-09-24,30.04,%,Low
1108713,704263,6021,2025-02-14,66.89,mmHg,Normal
1108714,700282,6026,2021-06-25,7.29,mg/dL,Low
1108715,705590,6019,2023-09-20,10.89,U/L,Low
1108716,703527,6019,2024-03-03,10.54,g/dL,Normal
1108717,702747,6013,2024-05-09,10.83,%,Low
1108718,705343,6001,2025-03-28,16.46,U/L,High
1108719,704901,6026,2025-07-22,36.07,mg/dL,Low
1108720,701585,6009,2023-02-19,35.13,g/dL,Normal
1108721,702056,6008,2022-03-16,20.43,U/L,Normal
1108722,700387,6016,2021-04-19,49.45,mmol/L,Normal
1108723,704989,6005,2024-12-01,43.44,g/dL,Normal
1108724,701751,6023,2025-05-27,44.88,U/L,Low
1108725,705589,6015,2023-03-14,6.85,U/L,Normal
1108726,702415,6019,2023-07-23,46.6,mg/dL,Normal
1108727,701112,6021,2025-12-19,22.09,U/L,High
1108728,705125,6006,2023-07-22,18.87,U/L,Normal
1108729,700634,6016,2021-10-16,26.64,mmol/L,Normal
1108730,701748,6008,2021-01-14,23.16,g/dL,Normal
1108731,706099,6005,2021-03-15,50.14,U/L,Normal
1108732,701179,6016,2024-02-03,38.31,U/L,Low
1108733,701655,6016,2023-09-03,8.54,mmHg,Normal
1108734,700072,6004,2024-12-27,38.1,mmHg,Normal
1108735,703846,6012,2024-06-28,12.23,g/dL,Low
1108736,706396,6013,2021-11-22,5.37,mmol/L,Normal
1108737,702297,6008,2023-11-17,27.5,mg/dL,Low
1108738,703129,6009,2023-05-14,12.7,mmHg,Normal
1108739,702353,6008,2025-03-28,24.11,g/dL,Normal
1108740,701888,6006,2022-06-18,24.96,mmHg,Normal
1108741,700269,6010,2023-07-21,100.23,mg/dL,High
1108742,703586,6024,2021-06-10,4.19,%,Normal
1108743,700698,6013,2023-02-21,12.83,%,High
1108744,701255,6014,2024-12-30,9.93,g/dL,Normal
1108745,702862,6009,2022-10-16,14.11,U/L,Normal
1108746,702796,6008,2025-07-01,46.57,g/dL,Normal
1108747,701491,6020,2025-10-23,18.38,mmol/L,Normal
1108748,700557,6006,2024-01-08,10.61,%,Normal
1108749,701705,6025,2021-02-26,15.02,g/dL,High
1108750,702101,6005,2025-09-05,44.31,U/L,Normal
1108751,702048,6008,2024-10-15,26.21,g/dL,Normal
1108752,705795,6025,2022-06-14,6.19,%,Normal
1108753,700563,6005,2024-02-23,19.66,g/dL,Normal
1108754,703990,6024,2021-01-20,27.22,mg/dL,High
1108755,706117,6025,2023-03-24,9.7,g/dL,Normal
1108756,703477,6009,2021-07-31,8.78,mmol/L,Normal
1108757,706440,6018,2023-09-25,7.5,mg/dL,Normal
1108758,705765,6004,2021-02-21,32.62,%,Low
1108759,703963,6012,2021-12-08,15.18,mmHg,Normal
1108760,705668,6012,2021-09-14,27.75,g/dL,Normal
1108761,705790,6017,2021-04-16,18.53,g/dL,Normal
1108762,702462,6021,2025-03-09,30.97,g/dL,Normal
1108763,701790,6026,2023-10-10,109.45,mmHg,Normal
1108764,705171,6025,2022-01-01,11.78,U/L,Normal
1108765,701473,6008,2022-08-06,28.44,%,Low
1108766,706377,6014,2022-11-27,8.57,U/L,Normal
1108767,703589,6015,2021-04-08,9.25,mmHg,Low
1108768,702899,6019,2025-08-27,10.46,mg/dL,Normal
1108769,701760,6005,2023-05-01,26.2,g/dL,Normal
1108770,701188,6023,2023-08-04,9.85,%,Normal
1108771,701822,6020,2025-04-03,11.15,U/L,Low
1108772,705618,6024,2021-07-31,36.04,mmHg,Low
1108773,705056,6014,2021-12-05,8.71,%,Normal
1108774,702548,6019,2024-10-29,25.7,mg/dL,Normal
1108775,705952,6022,2024-08-25,4.99,mmol/L,Normal
1108776,704387,6006,2025-03-19,17.55,g/dL,Normal
1108777,704884,6005,2021-11-17,20.3,g/dL,Normal
1108778,704159,6025,2025-11-24,11.06,mmol/L,High
1108779,701470,6007,2025-09-23,19.86,g/dL,High
1108780,706371,6017,2023-06-08,41.69,mmHg,Low
1108781,703745,6005,2024-08-23,113.16,g/dL,Normal
1108782,701585,6017,2022-07-02,44.1,mg/dL,Low
1108783,705052,6015,2025-11-29,10.57,mmHg,Normal
1108784,705234,6005,2021-11-11,20.24,g/dL,High
1108785,705913,6020,2022-10-08,17.9,mg/dL,Normal
1108786,701684,6008,2024-10-08,15.22,mmol/L,Normal
1108787,700278,6019,2022-12-08,29.44,mmol/L,Normal
1108788,701126,6001,2022-04-17,21.41,%,Normal
1108789,705663,6009,2025-01-26,21.84,g/dL,Normal
1108790,700108,6022,2022-04-04,33.05,mg/dL,Low
1108791,704461,6024,2023-01-10,20.06,mmHg,Normal
1108792,703446,6014,2021-03-28,107.14,mmHg,Normal
1108793,701760,6007,2022-07-07,20.83,mmHg,Low
1108794,705520,6003,2025-11-18,15.99,%,Normal
1108795,701003,6008,2024-06-30,14.9,mg/dL,Normal
1108796,706207,6012,2022-04-02,23.76,mmol/L,Normal
1108797,700523,6012,2025-05-06,50.52,U/L,Normal
1108798,701694,6005,2021-07-31,8.12,mmol/L,Low
1108799,701620,6018,2023-11-08,12.55,g/dL,Normal
1108800,703213,6001,2022-02-10,4.74,g/dL,Normal
1108801,704394,6019,2022-04-25,35.57,U/L,Normal
1108802,700826,6025,2024-05-13,16.79,mg/dL,Normal
1108803,701637,6010,2024-11-19,18.9,%,High
1108804,703452,6014,2021-04-24,190.21,mmHg,Normal
1108805,700720,6011,2025-04-16,20.58,mg/dL,Normal
1108806,700449,6025,2023-09-20,34.61,g/dL,Normal
1108807,702032,6023,2022-05-25,77.48,mmHg,Normal
1108808,703717,6019,2024-01-11,30.8,U/L,Low
1108809,704278,6017,2022-06-10,28.5,U/L,High
1108810,702734,6012,2023-11-01,98.98,%,Normal
1108811,705494,6024,2024-12-08,4.8,mmol/L,Low
1108812,706158,6024,2023-08-16,34.73,U/L,Normal
1108813,700477,6005,2024-11-01,19.5,g/dL,Normal
1108814,700525,6002,2022-05-13,34.22,mg/dL,Normal
1108815,702173,6004,2025-01-01,68.86,U/L,Normal
1108816,702585,6022,2025-09-14,29.02,mg/dL,Normal
1108817,702871,6008,2025-09-02,2.79,U/L,Low
1108818,706185,6016,2024-06-25,30.94,%,Normal
1108819,700904,6018,2025-08-21,12.26,mg/dL,Normal
1108820,703834,6005,2023-10-03,14.46,%,High
1108821,705509,6026,2023-05-26,14.74,%,Normal
1108822,703228,6025,2024-12-25,25.03,mmol/L,High
1108823,705554,6011,2022-10-02,12.11,mmol/L,Normal
1108824,705106,6009,2024-05-24,12.36,mmol/L,Normal
1108825,702259,6014,2025-05-19,32.65,g/dL,Normal
1108826,706206,6025,2022-03-28,33.0,U/L,Low
1108827,701126,6003,2022-07-21,14.7,%,Low
1108828,701881,6003,2025-12-19,111.23,mmol/L,Normal
1108829,706370,6011,2025-11-26,13.24,%,Normal
1108830,706482,6018,2024-12-03,15.54,g/dL,Normal
1108831,701598,6001,2021-06-30,11.98,mmHg,Normal
1108832,704025,6010,2025-03-06,66.78,mg/dL,Critical
1108833,700856,6013,2022-07-06,5.9,mg/dL,Normal
1108834,705370,6024,2022-06-09,47.21,mg/dL,Normal
1108835,700576,6024,2021-07-18,13.15,g/dL,Normal
1108836,706054,6009,2023-01-27,23.24,%,High
1108837,702998,6026,2023-02-15,17.58,mmol/L,Normal
1108838,704624,6005,2023-12-06,5.19,g/dL,Normal
1108839,701262,6010,2025-01-03,15.34,mmol/L,High
1108840,706140,6026,2022-08-24,22.5,U/L,Normal
1108841,705536,6011,2022-12-25,20.73,%,High
1108842,702230,6003,2024-03-06,27.52,mmol/L,Low
1108843,701657,6011,2023-01-04,59.09,mmol/L,Low
1108844,705853,6025,2022-05-26,21.11,mg/dL,Low
1108845,700272,6023,2021-06-11,10.11,mg/dL,Normal
1108846,706241,6020,2023-11-26,32.2,%,Normal
1108847,705378,6003,2021-02-23,6.23,g/dL,Normal
1108848,702166,6009,2025-01-25,26.48,g/dL,Normal
1108849,705561,6022,2025-12-04,16.7,mmHg,Normal
1108850,704921,6001,2023-03-21,53.0,mmol/L,Normal
1108851,701144,6024,2024-08-02,20.49,mmHg,Normal
1108852,701976,6017,2023-08-16,25.78,mmol/L,Normal
1108853,704673,6005,2021-12-19,14.32,g/dL,Low
1108854,701155,6006,2022-09-07,15.76,g/dL,High
1108855,706359,6024,2021-08-28,40.92,g/dL,Normal
1108856,703887,6009,2023-12-13,7.44,%,Normal
1108857,704056,6014,2022-11-12,6.4,mg/dL,Normal
1108858,702608,6024,2023-09-12,13.01,mmHg,Normal
1108859,700986,6001,2021-08-19,22.3,mg/dL,Normal
1108860,700242,6002,2023-10-07,20.31,mg/dL,Normal
1108861,704795,6012,2021-06-03,19.11,mmHg,Normal
1108862,705559,6024,2022-10-13,17.95,mg/dL,Normal
1108863,701197,6009,2023-08-27,62.22,g/dL,Normal
1108864,706183,6003,2023-01-07,29.29,mg/dL,Low
1108865,700195,6003,2025-10-20,53.15,%,Normal
1108866,704321,6005,2024-11-02,17.92,mmol/L,Low
1108867,703207,6022,2024-10-27,13.11,g/dL,Normal
1108868,703753,6016,2024-02-13,4.86,mmHg,Normal
1108869,703755,6015,2021-07-18,18.66,g/dL,High
1108870,705212,6025,2023-11-04,24.28,mg/dL,Normal
1108871,701452,6011,2021-01-28,10.51,mmol/L,Normal
1108872,702661,6016,2024-05-29,25.37,mmHg,Normal
1108873,700900,6005,2023-11-30,8.81,mmHg,Normal
1108874,702333,6021,2024-10-31,38.24,mmol/L,Normal
1108875,700972,6021,2023-07-23,38.26,g/dL,Low
1108876,702844,6006,2023-04-30,17.58,g/dL,Low
1108877,706487,6007,2024-12-26,47.27,%,Normal
1108878,701814,6017,2022-04-09,16.7,g/dL,Normal
1108879,704336,6026,2025-02-14,21.05,mmol/L,Normal
1108880,703996,6015,2022-12-27,11.35,%,Normal
1108881,704863,6012,2024-02-02,25.45,mmol/L,Normal
1108882,700485,6018,2025-11-06,41.23,%,High
1108883,700627,6007,2025-12-28,27.62,mg/dL,Normal
1108884,705969,6004,2024-07-20,18.86,mmHg,Normal
1108885,702561,6017,2021-11-30,41.94,mmHg,Normal
1108886,703701,6026,2024-08-28,7.31,mg/dL,Low
1108887,702527,6020,2024-01-13,11.31,%,Normal
1108888,703415,6016,2025-11-26,47.13,U/L,Normal
1108889,700469,6001,2025-11-26,5.04,U/L,Normal
1108890,704929,6007,2021-02-19,47.81,g/dL,Normal
1108891,700620,6002,2023-11-05,91.75,mg/dL,Normal
1108892,706392,6005,2023-02-08,16.41,mmHg,Normal
1108893,701597,6009,2024-06-15,5.95,%,Normal
1108894,702431,6003,2024-05-27,6.89,g/dL,Normal
1108895,704155,6005,2021-09-16,13.18,mmol/L,Normal
1108896,705853,6024,2022-04-15,17.66,U/L,Normal
1108897,702067,6023,2025-04-27,21.54,%,Low
1108898,705065,6022,2025-10-03,22.12,U/L,Normal
1108899,705809,6025,2024-08-14,64.41,g/dL,Normal
1108900,703758,6004,2022-11-03,19.87,mg/dL,Low
1108901,701048,6025,2025-10-09,30.57,mmol/L,Low
1108902,700760,6017,2024-09-22,13.73,mg/dL,High
1108903,705413,6010,2021-03-29,20.85,mg/dL,Normal
1108904,704551,6014,2021-07-12,13.88,%,Normal
1108905,701788,6004,2025-07-26,40.43,g/dL,Normal
1108906,700218,6010,2023-09-06,16.17,mg/dL,Low
1108907,700825,6010,2024-10-31,16.74,g/dL,Normal
1108908,704408,6006,2023-10-31,9.91,mmHg,Low
1108909,704754,6007,2022-08-12,,g/dL,Normal
1108910,701349,6015,2022-08-24,8.07,mg/dL,Normal
1108911,703804,6018,2021-08-03,3.65,mg/dL,Low
1108912,703740,6026,2023-03-03,23.13,U/L,Normal
1108913,700758,6004,2024-06-18,31.43,mmHg,Normal
1108914,706450,6021,2022-08-17,31.24,%,Normal
1108915,703964,6006,2021-11-20,6.86,mmHg,Normal
1108916,706397,6003,2024-04-03,27.98,g/dL,Normal
1108917,701061,6013,2025-03-02,30.45,mmHg,Low
1108918,703021,6001,2021-11-17,11.36,mg/dL,Low
1108919,700786,6021,2024-01-30,5.37,g/dL,Normal
1108920,705981,6026,2021-02-16,34.19,mmHg,Normal
1108921,704041,6026,2021-02-22,37.34,%,Normal
1108922,706245,6001,2021-01-01,66.22,mg/dL,Normal
1108923,700832,6026,2024-09-04,46.46,mg/dL,Normal
1108924,705594,6018,2023-11-21,11.82,mg/dL,High
1108925,703148,6001,2022-07-05,64.74,mg/dL,Normal
1108926,702429,6007,2022-10-16,10.76,mmHg,Normal
1108927,705717,6020,2021-02-13,8.96,mmol/L,Normal
1108928,703410,6025,2023-02-13,6.1,mmHg,Normal
1108929,705226,6018,2023-04-16,24.31,%,Normal
1108930,702544,6015,2023-03-17,30.84,mg/dL,High
1108931,705800,6019,2022-10-05,34.92,mmHg,Normal
1108932,703296,6008,2023-09-29,27.82,U/L,Normal
1108933,705977,6014,2021-10-08,21.15,mmHg,High
1108934,700886,6026,2022-07-05,19.99,g/dL,Normal
1108935,701271,6005,2021-01-12,31.08,g/dL,Normal
1108936,700571,6003,2025-11-16,5.42,g/dL,Normal
1108937,704751,6022,2023-10-13,38.13,g/dL,Normal
1108938,702008,6008,2021-04-20,7.71,mmol/L,High
1108939,704451,6022,2021-01-31,9.27,mmHg,Normal
1108940,706019,6007,2023-12-20,36.03,mmHg,Normal
1108941,702030,6023,2025-07-25,17.71,mmHg,Normal
1108942,704647,6026,2025-04-20,8.67,mmHg,Low
1108943,705761,6005,2023-02-16,26.4,%,Normal
1108944,705254,6015,2024-02-12,19.8,mg/dL,Low
1108945,701101,6020,2025-05-22,34.91,mg/dL,High
1108946,702451,6014,2025-03-03,14.13,mmHg,Low
1108947,701700,6008,2022-12-04,41.32,U/L,Critical
1108948,705088,6011,2022-06-09,16.16,mmol/L,High
1108949,701911,6023,2022-07-03,10.77,U/L,Normal
1108950,702428,6024,2022-05-02,19.39,mg/dL,Normal
1108951,700319,6001,2025-10-24,11.01,g/dL,Normal
1108952,701021,6020,2024-05-29,,%,Low
1108953,702633,6026,2024-12-06,14.49,mmol/L,High
1108954,705082,6015,2021-02-13,31.78,g/dL,Normal
1108955,702555,6002,2021-05-15,10.07,mg/dL,High
1108956,700962,6003,2025-05-27,13.61,mg/dL,Low
1108957,700884,6020,2022-08-22,19.19,mmol/L,Normal
1108958,701705,6020,2023-11-07,79.38,%,High
1108959,701396,6012,2021-10-30,8.25,mg/dL,Normal
1108960,700970,6010,2023-02-09,26.1,mg/dL,Normal
1108961,700548,6023,2023-03-28,18.0,U/L,Low
1108962,701823,6009,2024-11-14,78.48,mg/dL,Normal
1108963,701664,6004,2023-08-02,19.14,%,High
1108964,701266,6024,2021-09-10,11.81,mmHg,Normal
1108965,702000,6014,2025-12-13,26.89,g/dL,High
1108966,701069,6019,2021-07-25,23.3,g/dL,Normal
1108967,702901,6025,2025-02-05,18.95,mmHg,Normal
1108968,700185,6019,2023-11-06,27.49,U/L,Normal
1108969,703606,6005,2024-10-06,42.23,%,Normal
1108970,702601,6013,2021-05-07,23.36,mg/dL,Normal
1108971,700568,6020,2025-01-09,38.09,mmHg,Normal
1108972,702419,6014,2025-09-14,76.34,%,Normal
1108973,705415,6015,2024-10-29,16.71,mmol/L,Normal
1108974,705013,6004,2022-07-11,21.17,U/L,Normal
1108975,702801,6004,2023-12-29,5.39,mmol/L,Normal
1108976,701897,6003,2024-04-26,21.76,mmol/L,Normal
1108977,702357,6006,2025-02-22,15.0,mmHg,High
1108978,704185,6003,2023-05-27,28.55,%,Normal
1108979,706240,6007,2025-04-20,14.7,mmHg,Normal
1108980,705880,6020,2023-08-31,62.02,U/L,Normal
1108981,704051,6010,2022-08-21,17.26,mmol/L,Normal
1108982,700306,6025,2021-01-18,48.27,mmol/L,High
1108983,705784,6013,2024-03-11,6.17,%,Normal
1108984,703705,6007,2023-11-01,32.35,g/dL,High
1108985,703843,6008,2025-12-09,6.48,mmHg,Normal
1108986,702240,6014,2024-04-23,17.75,mg/dL,Normal
1108987,704504,6025,2022-09-26,45.18,mmol/L,Normal
1108988,700285,6012,2023-11-15,23.88,mg/dL,High
1108989,705503,6016,2023-06-01,37.65,%,High
1108990,700643,6005,2025-11-29,34.7,%,Normal
1108991,703995,6006,2024-04-07,44.19,mg/dL,Low
1108992,702942,6013,2022-04-06,13.98,%,Low
1108993,705713,6007,2021-08-11,11.85,%,Normal
1108994,700014,6005,2021-08-14,21.85,mg/dL,Normal
1108995,704089,6001,2022-04-19,29.74,%,High
1108996,705587,6002,2024-02-27,7.88,mg/dL,Low
1108997,701972,6018,2025-09-23,8.31,mmol/L,Normal
1108998,706025,6005,2023-05-23,15.38,U/L,Normal
1108999,700078,6015,2022-01-13,13.51,mg/dL,Normal
1109000,706037,6014,2025-03-11,11.72,mmHg,Normal
1109001,700163,6006,2021-01-04,14.36,U/L,Normal
1109002,703502,6018,2024-02-06,25.89,mmol/L,Low
1109003,704763,6020,2025-11-19,24.31,mmol/L,Normal
1109004,703351,6023,2021-04-04,18.2,g/dL,Normal
1109005,700623,6002,2025-04-17,16.85,mmHg,High
1109006,704809,6017,2021-07-15,24.47,mmol/L,High
1109007,703078,6015,2023-02-01,12.87,mmol/L,Normal
1109008,700202,6024,2021-12-04,30.51,%,Normal
1109009,701973,6017,2023-06-16,6.06,g/dL,Normal
1109010,702189,6004,2021-12-25,31.99,g/dL,Normal
1109011,705940,6023,2025-08-15,19.08,g/dL,High
1109012,702226,6009,2021-08-09,28.54,mmHg,Normal
1109013,700948,6010,2021-02-05,73.27,g/dL,Normal
1109014,701746,6019,2021-11-09,11.97,U/L,Low
1109015,702440,6009,2022-04-21,9.32,U/L,High
1109016,701903,6014,2024-04-07,13.86,mmHg,Normal
1109017,703022,6009,2023-02-08,23.03,%,Normal
1109018,706328,6003,2021-11-23,11.91,mg/dL,High
1109019,706492,6004,2023-03-18,5.73,g/dL,Normal
1109020,703610,6017,2024-09-27,21.18,U/L,Normal
1109021,705260,6023,2023-12-15,9.27,mmol/L,Low
1109022,701525,6001,2022-04-08,28.37,mmHg,Normal
1109023,702061,6018,2022-05-21,69.13,mg/dL,Normal
1109024,704497,6020,2025-10-16,26.19,U/L,High
1109025,702033,6018,2025-09-03,7.53,U/L,High
1109026,705697,6015,2022-10-04,32.29,U/L,Normal
1109027,703685,6017,2024-10-29,32.86,U/L,Normal
1109028,702168,6026,2024-12-21,46.05,mmHg,Normal
1109029,704880,6001,2025-05-07,15.15,mmHg,Normal
1109030,704869,6017,2025-03-27,4.24,%,Normal
1109031,700855,6016,2023-12-28,27.58,mmHg,Low
1109032,701581,6012,2023-10-06,40.11,%,High
1109033,701901,6019,2023-07-02,8.39,U/L,High
1109034,702621,6021,2021-12-28,10.01,%,High
1109035,702088,6011,2023-11-20,11.14,%,High
1109036,704547,6021,2025-07-25,12.86,g/dL,Normal
1109037,704358,6021,2023-05-26,34.14,mmol/L,Normal
1109038,701781,6012,2024-01-31,27.58,%,Normal
1109039,703757,6022,2023-11-19,15.56,mmHg,Normal
1109040,705837,6003,2022-01-27,89.98,%,Normal
1109041,704337,6009,2025-03-15,9.79,U/L,Normal
1109042,701483,6024,2022-12-29,21.34,g/dL,Normal
1109043,704775,6013,2023-06-27,28.03,mg/dL,Low
1109044,700107,6009,2022-08-24,22.49,mg/dL,Normal
1109045,702775,6013,2024-08-09,13.12,U/L,Critical
1109046,702931,6004,2023-12-09,88.25,mg/dL,High
1109047,700990,6012,2024-03-06,14.95,mmol/L,Low
1109048,702866,6008,2023-10-07,18.14,U/L,Normal
1109049,704797,6009,2022-12-01,23.58,g/dL,Normal
1109050,703916,6026,2023-10-18,22.59,mg/dL,High
1109051,702990,6009,2023-06-30,38.81,g/dL,Normal
1109052,702877,6015,2024-06-22,10.72,%,Normal
1109053,706360,6013,2022-11-21,110.58,g/dL,Normal
1109054,702746,6025,2021-01-27,21.42,U/L,Normal
1109055,704788,6023,2022-07-03,13.61,mg/dL,Low
1109056,700317,6001,2021-03-31,23.74,mmol/L,High
1109057,700762,6011,2021-08-06,35.85,mmHg,High
1109058,700986,6013,2024-07-05,42.0,mmol/L,Normal
1109059,700412,6022,2023-03-24,65.86,mmol/L,Normal
1109060,706302,6018,2024-09-14,43.38,g/dL,Low
1109061,703675,6021,2023-06-10,42.69,%,Normal
1109062,704514,6023,2024-03-27,29.92,mg/dL,Normal
1109063,703870,6007,2021-04-30,19.78,g/dL,Low
1109064,702564,6002,2025-11-25,34.47,mmol/L,Normal
1109065,706394,6003,2023-07-29,16.94,%,Normal
1109066,705724,6023,2023-09-04,8.91,g/dL,Normal
1109067,702787,6001,2023-06-08,94.15,mg/dL,Normal
1109068,702283,6012,2025-04-01,58.44,%,Normal
1109069,703301,6012,2024-05-08,16.05,mmHg,High
1109070,701114,6003,2024-01-08,79.66,mmol/L,Normal
1109071,705658,6005,2022-08-28,11.18,U/L,Normal
1109072,703236,6020,2024-02-26,32.13,g/dL,Normal
1109073,700785,6014,2025-08-06,11.09,mmHg,Normal
1109074,704856,6017,2025-10-31,14.26,mmHg,Normal
1109075,700952,6018,2022-01-28,6.16,U/L,Normal
1109076,701591,6006,2022-04-28,44.7,g/dL,Normal
1109077,704913,6024,2023-07-15,25.0,mmol/L,Normal
1109078,702842,6023,2023-02-12,22.25,g/dL,Normal
1109079,702572,6017,2021-08-21,62.54,g/dL,Low
1109080,701106,6024,2024-08-12,13.15,%,Normal
1109081,702620,6006,2025-08-27,55.41,mmol/L,Normal
1109082,703428,6007,2022-07-01,14.26,mmHg,High
1109083,704935,6001,2023-05-02,18.08,mg/dL,Normal
1109084,705105,6026,2024-10-12,16.87,U/L,Normal
1109085,703869,6011,2023-01-14,32.98,mmHg,Normal
1109086,701517,6013,2024-04-15,13.01,g/dL,Normal
1109087,703704,6008,2023-09-20,26.49,g/dL,Normal
1109088,701286,6011,2025-08-06,25.5,mmol/L,High
1109089,706152,6001,2023-07-23,33.79,U/L,High
1109090,702800,6011,2025-11-01,10.18,U/L,Low
1109091,706285,6009,2021-05-22,18.08,g/dL,Normal
1109092,705833,6025,2021-01-20,13.57,mmHg,Normal
1109093,700596,6001,2024-04-18,8.51,%,Normal
1109094,701045,6002,2022-02-08,16.66,g/dL,Normal
1109095,700777,6021,2024-06-29,31.85,mmol/L,Low
1109096,703838,6007,2023-12-13,17.42,U/L,High
1109097,703269,6026,2024-06-25,13.71,mg/dL,Normal
1109098,702914,6021,2025-08-16,48.94,mmol/L,Normal
1109099,701642,6020,2025-10-07,6.4,mmol/L,Normal
1109100,700815,6018,2021-05-11,9.59,g/dL,High
1109101,701400,6025,2023-05-13,30.42,mmol/L,High
1109102,701584,6022,2024-07-04,10.31,%,Normal
1109103,706422,6026,2022-10-02,9.19,mmol/L,High
1109104,704693,6006,2025-07-30,9.84,g/dL,Normal
1109105,703918,6022,2023-06-25,29.88,U/L,Normal
1109106,701684,6020,2023-05-06,14.64,mg/dL,Low
1109107,704320,6002,2024-07-20,18.01,g/dL,High
1109108,701628,6023,2025-08-16,12.03,g/dL,Normal
1109109,700511,6002,2025-04-22,17.64,mg/dL,Low
1109110,702758,6010,2023-12-24,36.78,mmol/L,Normal
1109111,705837,6001,2024-11-03,11.61,mmHg,Normal
1109112,704530,6019,2024-05-04,8.35,U/L,Normal
1109113,701162,6013,2022-02-16,22.05,mg/dL,Normal
1109114,705880,6008,2021-06-23,9.55,%,Normal
1109115,700623,6001,2024-03-26,15.19,U/L,High
1109116,706459,6013,2024-01-19,44.73,mmol/L,Normal
1109117,704039,6003,2023-09-26,28.44,mmHg,Normal
1109118,705065,6003,2021-08-30,64.99,mmHg,Low
1109119,701036,6008,2023-02-28,32.99,mg/dL,Normal
1109120,703237,6007,2023-12-20,26.9,mmol/L,Normal
1109121,701227,6005,2022-11-07,15.9,mg/dL,Normal
1109122,702824,6022,2022-06-16,33.23,mg/dL,Normal
1109123,704520,6010,2024-05-20,27.67,mg/dL,Normal
1109124,703896,6021,2024-10-14,29.43,%,Normal
1109125,704042,6007,2024-09-28,32.9,mmol/L,Normal
1109126,704558,6020,2023-09-25,11.35,mmHg,Normal
1109127,703775,6009,2021-07-05,34.98,mmHg,Normal
1109128,704149,6013,2022-11-27,17.74,g/dL,Normal
1109129,704512,6006,2023-08-23,13.17,U/L,High
1109130,706184,6003,2024-09-23,30.31,mmol/L,Low
1109131,705819,6020,2023-09-23,9.71,%,Normal
1109132,701967,6014,2024-02-08,17.13,mmol/L,Normal
1109133,705848,6005,2021-02-08,4.84,mmHg,Normal
1109134,705774,6019,2023-06-11,54.19,%,Normal
1109135,701164,6006,2025-05-16,13.6,g/dL,Low
1109136,704032,6007,2022-01-09,11.92,g/dL,Normal
1109137,706463,6023,2023-04-16,25.39,U/L,Normal
1109138,702520,6013,2021-04-15,51.14,U/L,Normal
1109139,704592,6008,2022-12-15,38.89,U/L,Low
1109140,702235,6023,2023-07-22,29.84,mmHg,Normal
1109141,702592,6017,2023-08-18,10.23,%,High
1109142,703141,6021,2023-06-26,9.17,mmol/L,Low
1109143,706344,6018,2021-09-06,16.34,%,Low
1109144,702272,6011,2023-02-26,40.48,mmol/L,Low
1109145,701552,6016,2022-03-30,12.71,g/dL,Low
1109146,702559,6021,2025-01-01,21.76,mmol/L,Normal
1109147,703871,6009,2025-12-15,25.46,g/dL,Normal
1109148,703908,6008,2025-12-11,21.31,g/dL,Normal
1109149,702364,6019,2023-11-18,14.85,mmol/L,High
1109150,701837,6024,2021-07-02,21.97,g/dL,Normal
1109151,705091,6015,2021-02-01,31.52,%,Normal
1109152,705649,6015,2024-07-21,40.38,mmHg,Normal
1109153,700206,6006,2024-01-08,11.44,g/dL,Normal
1109154,702508,6002,2023-05-31,28.22,mmHg,Normal
1109155,700832,6024,2025-05-07,8.46,mmol/L,Normal
1109156,705814,6016,2021-08-18,18.19,mg/dL,Normal
1109157,703981,6023,2022-09-12,30.36,mg/dL,Normal
1109158,704426,6019,2022-11-13,16.08,U/L,Normal
1109159,703797,6008,2025-07-08,91.02,g/dL,Normal
1109160,705467,6004,2022-09-05,12.74,mmHg,Low
1109161,700105,6004,2023-02-17,31.19,mmol/L,Low
1109162,706499,6010,2021-11-27,11.03,mmHg,Normal
1109163,706421,6024,2023-11-30,27.8,mg/dL,Normal
1109164,705743,6021,2022-12-17,50.15,%,High
1109165,704530,6017,2024-02-21,29.29,mmHg,Normal
1109166,701332,6002,2022-03-31,26.19,mg/dL,Normal
1109167,702090,6013,2022-08-25,23.49,U/L,Normal
1109168,705932,6022,2024-09-14,87.07,mmol/L,Normal
1109169,701910,6004,2025-07-25,59.94,mmHg,Normal
1109170,704210,6024,2025-03-02,8.92,mmol/L,Normal
1109171,703906,6007,2025-03-20,41.38,mg/dL,Normal
1109172,702046,6020,2024-03-25,10.71,g/dL,Low
1109173,701595,6019,2021-05-15,18.73,mmHg,Normal
1109174,703335,6013,2025-12-13,25.17,mmHg,Low
1109175,704128,6022,2021-09-19,94.49,mmHg,Normal
1109176,700905,6011,2022-02-02,26.64,U/L,Normal
1109177,704489,6015,2022-10-08,11.35,%,Normal
1109178,703903,6004,2021-12-20,17.84,%,Normal
1109179,703968,6017,2024-06-20,26.03,mg/dL,Normal
1109180,702580,6006,2023-01-25,15.02,mg/dL,Low
1109181,706451,6014,2025-06-22,33.31,mmol/L,Normal
1109182,703233,6006,2021-08-26,56.13,g/dL,Normal
1109183,705650,6007,2024-09-08,17.21,g/dL,Normal
1109184,705656,6001,2025-11-14,15.97,mmHg,Normal
1109185,701577,6001,2022-03-12,19.29,mg/dL,Normal
1109186,700060,6001,2024-11-16,96.28,g/dL,High
1109187,700065,6020,2025-05-26,53.19,U/L,Normal
1109188,702588,6015,2022-03-25,17.07,U/L,Normal
1109189,706028,6021,2023-09-20,12.8,mmHg,Normal
1109190,701151,6010,2021-06-11,19.42,%,Normal
1109191,702470,6023,2024-01-13,12.12,mmHg,Normal
1109192,703001,6016,2025-08-01,25.1,mg/dL,Normal
1109193,703850,6016,2021-05-28,66.88,mmol/L,Normal
1109194,700708,6026,2023-06-04,30.23,mg/dL,Normal
1109195,704271,6014,2023-06-27,37.29,g/dL,Low
1109196,701456,6010,2023-03-23,34.28,mmHg,High
1109197,704572,6001,2021-09-06,41.88,mg/dL,Normal
1109198,704411,6023,2024-08-09,19.24,U/L,Normal
1109199,705218,6002,2023-07-28,62.32,mg/dL,Critical
1109200,701823,6006,2023-04-26,41.62,U/L,Normal
1109201,704396,6025,2023-06-22,6.64,mg/dL,Normal
1109202,704516,6018,2021-12-24,6.32,mmol/L,Normal
1109203,702147,6023,2021-08-26,20.67,mmHg,Normal
1109204,703990,6020,2024-05-18,43.17,g/dL,High
1109205,705374,6011,2021-02-04,18.03,U/L,Normal
1109206,702945,6004,2021-10-12,18.14,mmHg,Normal
1109207,705035,6009,2023-12-08,13.49,g/dL,High
1109208,706439,6013,2025-11-22,4.48,mmHg,Normal
1109209,703159,6019,2024-06-23,15.16,mg/dL,Normal
1109210,700550,6013,2023-08-13,12.54,g/dL,Normal
1109211,704371,6018,2021-11-14,19.4,U/L,Normal
1109212,702604,6009,2022-09-23,31.33,mmol/L,High
1109213,700508,6018,2024-02-04,64.63,mmol/L,Normal
1109214,705761,6017,2022-04-02,12.2,%,Normal
1109215,703620,6018,2023-09-01,12.66,mmHg,Normal
1109216,702674,6002,2023-06-26,47.31,mmHg,Normal
1109217,706334,6008,2021-03-02,24.88,U/L,Normal
1109218,703416,6025,2023-11-21,22.93,mmol/L,Low
1109219,704168,6023,2024-12-05,25.78,mmHg,Normal
1109220,704157,6018,2021-02-02,44.41,U/L,High
1109221,701049,6022,2025-04-26,13.83,g/dL,Low
1109222,701959,6018,2021-05-05,22.8,mg/dL,Normal
1109223,704457,6015,2021-11-07,13.95,mg/dL,Normal
1109224,705691,6024,2021-12-04,19.09,g/dL,Normal
1109225,703240,6006,2024-03-07,15.43,g/dL,Low
1109226,704781,6018,2021-04-14,16.46,g/dL,Normal
1109227,706010,6026,2023-11-23,20.54,%,Normal
1109228,700070,6022,2024-07-13,13.07,U/L,Normal
1109229,702576,6013,2024-01-17,45.45,mmHg,Normal
1109230,700806,6011,2022-11-05,30.49,mmHg,Normal
1109231,703187,6014,2024-11-25,15.91,%,Normal
1109232,703645,6011,2024-09-13,17.1,mg/dL,Normal
1109233,701851,6006,2022-11-08,52.9,mmHg,High
1109234,700407,6016,2023-05-10,17.24,%,Critical
1109235,702227,6004,2021-08-04,28.05,U/L,Normal
1109236,700041,6015,2023-11-03,6.88,%,Normal
1109237,705400,6024,2023-06-27,16.43,mmol/L,High
1109238,704771,6022,2021-04-17,31.74,mmHg,Normal
1109239,703154,6010,2024-10-16,22.81,mmol/L,High
1109240,701966,6013,2024-08-24,24.57,mmHg,Normal
1109241,702712,6009,2024-02-24,7.25,mg/dL,High
1109242,701042,6011,2025-01-22,7.98,mmol/L,Normal
1109243,702216,6017,2024-05-22,21.53,mmHg,High
1109244,700562,6001,2022-01-07,22.12,mg/dL,Normal
1109245,700032,6023,2022-11-30,11.8,%,High
1109246,705407,6024,2024-04-20,38.94,%,High
1109247,702300,6003,2023-10-01,10.67,g/dL,Normal
1109248,703092,6025,2022-01-28,37.12,mmHg,Normal
1109249,704846,6010,2022-11-02,182.24,mmol/L,Normal
1109250,705734,6003,2021-10-20,14.92,g/dL,Normal
1109251,701740,6010,2022-08-07,20.95,%,Low
1109252,705598,6014,2023-08-24,34.48,mmol/L,Normal
1109253,700047,6023,2021-05-24,15.52,U/L,Normal
1109254,704374,6019,2025-07-04,4.51,mmol/L,Normal
1109255,700693,6006,2021-06-02,17.47,mmHg,Normal
1109256,703945,6014,2023-06-19,28.9,mg/dL,Normal
1109257,701427,6002,2023-07-28,14.18,%,Low
1109258,705254,6002,2025-02-11,14.82,%,Normal
1109259,702484,6008,2021-12-16,43.52,mmHg,Normal
1109260,702994,6024,2024-05-13,1.46,mmHg,Normal
1109261,701775,6004,2023-02-28,7.8,mg/dL,Normal
1109262,702778,6005,2023-12-13,15.13,mmHg,Normal
1109263,705032,6023,2021-09-21,7.08,U/L,Normal
1109264,702847,6001,2025-01-29,12.4,mmol/L,Low
1109265,700707,6012,2025-02-19,14.49,g/dL,Low
1109266,704019,6011,2025-09-27,26.86,g/dL,Normal
1109267,705649,6004,2023-03-10,34.31,mg/dL,Normal
1109268,705333,6013,2022-08-11,18.71,mg/dL,Normal
1109269,701696,6022,2021-08-27,28.51,mmol/L,Normal
1109270,702357,6023,2023-01-11,7.78,mg/dL,Normal
1109271,704693,6004,2025-11-29,13.94,mmol/L,High
1109272,700035,6021,2025-11-23,9.83,mmHg,Normal
1109273,704621,6009,2022-10-12,21.59,mmol/L,Normal
1109274,705816,6010,2021-08-27,29.1,U/L,Normal
1109275,701184,6008,2025-05-20,5.74,g/dL,Low
1109276,706056,6016,2023-05-11,6.94,mmHg,Normal
1109277,703490,6021,2025-02-09,16.87,mg/dL,Normal
1109278,705303,6021,2025-12-02,14.17,%,Normal
1109279,701781,6001,2023-03-20,15.14,mmHg,Normal
1109280,700979,6007,2021-05-07,32.61,mmol/L,Normal
1109281,700916,6002,2025-07-18,14.86,mmHg,Normal
1109282,702206,6007,2021-01-31,20.53,%,Low
1109283,704096,6009,2023-10-26,10.27,U/L,Normal
1109284,702508,6006,2024-08-05,9.28,mmHg,Normal
1109285,701751,6026,2025-02-17,36.31,mmHg,Low
1109286,702813,6007,2023-09-26,18.37,g/dL,Normal
1109287,700519,6015,2025-08-22,42.83,mmHg,Normal
1109288,703552,6017,2021-11-24,12.57,mmol/L,Low
1109289,701969,6021,2023-07-17,23.51,mg/dL,High
1109290,702646,6016,2024-09-23,14.31,mmHg,Normal
1109291,705229,6005,2021-12-01,3.71,U/L,Normal
1109292,700890,6024,2025-06-13,8.71,mmol/L,Normal
1109293,702702,6003,2023-07-23,10.62,mmol/L,Normal
1109294,705323,6019,2022-03-12,11.78,U/L,Normal
1109295,706160,6018,2025-10-21,22.35,mmHg,Normal
1109296,704751,6003,2021-06-12,50.89,U/L,Normal
1109297,702488,6018,2022-08-05,15.88,mg/dL,Normal
1109298,706483,6017,2024-08-14,65.77,mg/dL,Normal
1109299,704235,6005,2022-01-13,15.3,mmol/L,Normal
1109300,705516,6013,2024-03-28,42.83,%,Normal
1109301,704560,6023,2022-02-27,22.17,mmol/L,Normal
1109302,702498,6006,2025-09-16,17.6,mmol/L,Normal
1109303,705344,6003,2024-01-10,13.15,mg/dL,Normal
1109304,701924,6026,2023-05-19,49.79,%,Normal
1109305,704100,6019,2024-12-30,5.83,mmol/L,Normal
1109306,704604,6013,2022-12-06,26.39,mmHg,Normal
1109307,701657,6017,2025-04-20,5.55,mmHg,Normal
1109308,706048,6008,2022-02-02,17.12,U/L,Normal
1109309,704601,6008,2021-10-06,13.31,g/dL,Normal
1109310,705664,6007,2025-08-07,25.82,%,Normal
1109311,700702,6003,2022-10-04,19.89,U/L,High
1109312,700125,6024,2024-08-17,24.34,mmHg,Low
1109313,700421,6006,2025-06-02,44.04,mmol/L,Normal
1109314,700953,6025,2025-05-07,22.06,g/dL,Normal
1109315,706104,6025,2021-09-29,19.42,g/dL,Normal
1109316,702972,6016,2024-10-15,19.24,mmHg,Normal
1109317,701967,6017,2024-11-09,21.76,mmol/L,Low
1109318,705641,6025,2025-05-14,46.85,mg/dL,High
1109319,704430,6009,2022-03-20,5.6,mg/dL,High
1109320,701291,6004,2023-12-26,36.23,%,High
1109321,703125,6016,2023-11-26,13.02,mmol/L,Normal
1109322,702605,6012,2022-11-24,13.91,%,Normal
1109323,700670,6017,2024-05-28,35.03,%,Normal
1109324,701638,6012,2025-10-11,16.16,g/dL,Low
1109325,703684,6005,2021-06-29,30.67,g/dL,Normal
1109326,703309,6021,2025-01-06,,mmol/L,Low
1109327,704924,6007,2025-11-23,9.23,mmol/L,Normal
1109328,700244,6013,2025-06-02,23.98,mmHg,Normal
1109329,703891,6005,2025-10-19,8.62,mg/dL,Normal
1109330,701610,6015,2022-04-08,4.06,mmHg,Normal
1109331,705547,6018,2025-09-10,8.26,mmol/L,Low
1109332,706080,6016,2024-01-23,18.73,mmHg,Normal
1109333,705155,6023,2023-06-28,19.45,g/dL,Normal
1109334,702753,6010,2022-06-11,17.48,%,High
1109335,706477,6009,2025-05-14,9.94,%,Normal
1109336,703153,6024,2024-12-23,46.7,g/dL,Low
1109337,701588,6010,2024-05-23,19.27,mmol/L,High
1109338,705884,6006,2024-01-15,18.33,mmHg,Normal
1109339,705655,6012,2023-06-27,46.09,U/L,Normal
1109340,703967,6001,2024-12-31,10.53,%,High
1109341,704834,6025,2025-11-28,17.25,g/dL,Critical
1109342,705343,6012,2025-09-11,25.46,mg/dL,Normal
1109343,702162,6002,2025-09-07,54.71,mmHg,Normal
1109344,706234,6007,2025-05-27,20.49,mg/dL,Normal
1109345,706015,6006,2021-06-07,12.94,mmHg,High
1109346,704463,6019,2025-12-14,26.55,%,Normal
1109347,701957,6005,2023-08-28,7.16,mmol/L,Normal
1109348,703288,6009,2025-07-26,6.01,%,Normal
1109349,703007,6014,2022-05-27,15.28,mmol/L,Normal
1109350,705038,6003,2023-06-18,19.52,%,Normal
1109351,701834,6026,2021-03-16,19.99,mmHg,Normal
1109352,703340,6002,2022-12-04,43.08,mmol/L,Normal
1109353,704048,6014,2022-02-10,10.88,%,Low
1109354,701845,6004,2024-02-29,63.01,mg/dL,Normal
1109355,704951,6018,2021-09-19,20.31,mmHg,Normal
1109356,706283,6021,2022-06-19,6.81,g/dL,Normal
1109357,702834,6008,2021-01-05,49.02,g/dL,Normal
1109358,703656,6019,2022-12-03,5.14,mmHg,Normal
1109359,703637,6018,2022-06-02,2.74,g/dL,High
1109360,700783,6003,2023-03-27,18.33,g/dL,Critical
1109361,703810,6012,2023-04-30,25.43,U/L,Normal
1109362,700950,6019,2024-06-12,32.17,mg/dL,Normal
1109363,705170,6001,2023-12-16,5.76,mmHg,Critical
1109364,704718,6016,2021-06-29,15.73,%,High
1109365,704068,6014,2025-08-06,10.13,mg/dL,Normal
1109366,700739,6026,2022-09-29,16.35,mg/dL,Low
1109367,701368,6004,2022-08-23,,mg/dL,Normal
1109368,700701,6012,2022-04-08,12.48,mmol/L,Normal
1109369,700215,6007,2023-04-05,31.83,mmol/L,Normal
1109370,704353,6005,2021-12-19,5.38,g/dL,Normal
1109371,701669,6014,2025-11-23,54.98,mmol/L,Normal
1109372,700443,6025,2024-02-19,12.25,U/L,Low
1109373,704044,6022,2023-10-31,21.69,mmHg,Normal
1109374,702951,6018,2021-08-28,22.15,U/L,Normal
1109375,705799,6004,2024-04-16,57.3,mg/dL,Normal
1109376,702599,6023,2023-06-30,32.65,mmHg,Low
1109377,700507,6018,2021-08-12,38.1,g/dL,Normal
1109378,702774,6003,2022-05-06,14.83,%,Normal
1109379,701238,6023,2021-09-27,44.38,%,Normal
1109380,703373,6025,2023-07-17,28.14,%,Normal
1109381,703614,6021,2022-10-31,17.98,g/dL,Low
1109382,702693,6020,2022-07-19,41.43,mmHg,Normal
1109383,705431,6019,2023-01-22,18.04,%,Normal
1109384,705152,6015,2024-04-20,35.2,mmol/L,High
1109385,700692,6016,2021-10-02,20.74,mmHg,Normal
1109386,704824,6016,2022-12-30,17.05,%,Low
1109387,704864,6011,2024-06-22,12.83,%,Normal
1109388,704491,6022,2022-06-19,60.83,mg/dL,Normal
1109389,702820,6011,2021-01-23,10.82,mmol/L,Normal
1109390,703754,6011,2024-03-25,20.21,mg/dL,Normal
1109391,705044,6025,2025-04-29,20.23,%,High
1109392,704432,6008,2022-09-18,7.01,%,High
1109393,700379,6009,2022-08-30,35.86,U/L,High
1109394,705438,6022,2022-03-24,8.87,g/dL,Normal
1109395,704927,6003,2022-03-27,23.43,mmHg,Low
1109396,704555,6011,2021-12-20,54.0,%,High
1109397,702439,6008,2021-03-22,66.35,mg/dL,High
1109398,700117,6022,2022-08-21,10.11,mg/dL,Normal
1109399,702168,6026,2023-11-12,29.88,mg/dL,Normal
1109400,704270,6020,2022-04-29,25.52,g/dL,Normal
1109401,703442,6006,2025-05-10,11.36,mg/dL,Normal
1109402,703213,6014,2022-05-10,21.48,mmol/L,High
1109403,703560,6015,2023-05-25,19.19,g/dL,Normal
1109404,704175,6015,2021-09-10,9.61,mmol/L,High
1109405,701210,6019,2024-06-29,33.39,mg/dL,High
1109406,700566,6007,2024-02-04,10.6,%,Normal
1109407,705439,6013,2025-10-14,5.96,mmol/L,Normal
1109408,700532,6025,2024-11-10,18.59,mg/dL,Normal
1109409,700294,6003,2021-06-04,85.52,g/dL,Normal
1109410,702703,6001,2025-03-18,17.32,mg/dL,Normal
1109411,704131,6017,2021-05-03,31.09,mmol/L,High
1109412,705820,6012,2023-12-15,7.52,%,Critical
1109413,702991,6019,2021-07-29,42.07,mg/dL,Normal
1109414,702997,6010,2025-10-03,25.34,mmHg,Low
1109415,704083,6025,2023-06-27,39.11,mmHg,High
1109416,700223,6025,2021-10-30,7.29,U/L,Normal
1109417,700444,6004,2022-03-04,9.6,%,Normal
1109418,702812,6007,2022-11-04,14.58,U/L,Low
1109419,702361,6004,2022-10-13,41.09,mmHg,Low
1109420,700877,6002,2023-04-12,18.39,mmol/L,Normal
1109421,705024,6023,2025-01-01,44.66,mg/dL,Normal
1109422,700576,6016,2023-12-26,4.67,g/dL,Normal
1109423,704389,6025,2024-08-23,45.54,%,Low
1109424,700117,6017,2022-11-15,40.42,mmHg,Normal
1109425,705528,6016,2021-10-10,18.56,%,Normal
1109426,700324,6008,2024-10-17,17.09,g/dL,Critical
1109427,705263,6012,2021-07-06,7.13,g/dL,High
1109428,703043,6021,2024-12-05,12.49,mmol/L,Normal
1109429,704807,6008,2022-08-31,8.55,mg/dL,Normal
1109430,705463,6008,2025-03-15,9.45,mmHg,Normal
1109431,705171,6021,2021-11-13,29.63,mmHg,Normal
1109432,700707,6015,2021-09-22,65.23,%,Normal
1109433,704461,6018,2023-03-11,23.2,mmHg,Normal
1109434,706376,6024,2025-06-26,36.62,mmol/L,Normal
1109435,705353,6025,2025-02-03,22.01,mmHg,Low
1109436,704575,6025,2022-08-21,25.68,%,Normal
1109437,705493,6008,2024-01-04,20.67,mmHg,Low
1109438,702651,6021,2024-10-08,7.03,mmol/L,High
1109439,702247,6001,2025-07-01,20.45,mg/dL,Normal
1109440,705306,6004,2022-07-16,17.68,%,Low
1109441,706131,6009,2023-02-27,17.61,mmol/L,Normal
1109442,701193,6023,2021-10-14,8.12,mmHg,Normal
1109443,705391,6005,2022-04-16,30.91,mmHg,Normal
1109444,701338,6012,2025-03-26,38.24,mmol/L,High
1109445,701794,6020,2023-08-20,22.5,mg/dL,Normal
1109446,703292,6003,2022-12-08,10.13,g/dL,Normal
1109447,700834,6009,2024-04-14,14.07,mmHg,Normal
1109448,702996,6023,2023-02-16,5.68,mmol/L,High
1109449,704241,6024,2024-02-15,24.79,%,High
1109450,704259,6001,2022-07-08,15.45,%,Normal
1109451,703070,6011,2024-11-15,11.97,mg/dL,Normal
1109452,703373,6007,2024-09-12,7.21,U/L,Low
1109453,705836,6018,2024-10-17,5.69,mg/dL,High
1109454,701294,6017,2024-02-22,14.07,mmHg,Normal
1109455,703553,6024,2023-12-24,19.63,U/L,High
1109456,706289,6019,2025-10-01,133.05,mmHg,Normal
1109457,700966,6019,2021-03-27,12.15,mmHg,High
1109458,705265,6001,2021-09-17,26.25,mmol/L,Low
1109459,706380,6005,2023-11-24,10.03,U/L,Normal
1109460,705659,6010,2022-08-10,6.55,%,Normal
1109461,701585,6011,2021-12-22,31.33,mg/dL,Low
1109462,703500,6003,2024-06-29,34.99,%,Normal
1109463,702837,6007,2022-06-10,17.55,mg/dL,Normal
1109464,701818,6003,2023-06-11,71.32,U/L,Normal
1109465,702755,6014,2024-04-22,49.24,g/dL,Normal
1109466,700927,6006,2023-01-04,7.99,%,Normal
1109467,702990,6010,2021-08-10,18.27,mg/dL,Normal
1109468,703900,6010,2025-04-05,15.86,mg/dL,Normal
1109469,700910,6016,2021-08-08,17.73,g/dL,Normal
1109470,705618,6011,2022-05-28,7.0,U/L,Normal
1109471,703247,6014,2023-08-22,13.96,mg/dL,Low
1109472,704635,6014,2022-11-17,21.11,mmHg,Normal
1109473,703951,6020,2024-10-03,13.78,U/L,Normal
1109474,705295,6024,2024-04-27,11.82,mmol/L,High
1109475,700488,6001,2021-03-25,22.73,g/dL,Normal
1109476,706308,6021,2023-03-09,13.91,U/L,Normal
1109477,705087,6010,2022-01-07,6.56,U/L,Normal
1109478,704413,6006,2023-09-30,11.24,g/dL,Normal
1109479,700360,6008,2022-06-04,20.51,g/dL,High
1109480,701760,6004,2025-07-13,17.32,mg/dL,Normal
1109481,700421,6006,2023-04-11,31.15,mg/dL,Normal
1109482,700730,6003,2021-05-13,33.79,U/L,Low
1109483,703433,6013,2025-01-12,24.77,g/dL,Normal
1109484,700488,6004,2021-03-17,36.84,U/L,Normal
1109485,705620,6003,2022-07-28,21.12,mg/dL,High
1109486,701667,6012,2024-11-08,11.44,%,Normal
1109487,703304,6011,2025-01-03,20.27,g/dL,Normal
1109488,700956,6025,2025-10-07,16.35,mg/dL,Normal
1109489,701769,6014,2021-12-25,9.63,mg/dL,Normal
1109490,706483,6020,2022-05-21,29.7,mg/dL,Low
1109491,705470,6024,2022-08-13,12.17,%,Low
1109492,703582,6002,2023-01-19,18.22,mg/dL,Low
1109493,704137,6009,2021-07-31,20.11,mmHg,Normal
1109494,705898,6007,2021-08-28,9.55,mmHg,Normal
1109495,705083,6007,2024-09-12,17.7,g/dL,Low
1109496,701858,6010,2021-03-16,35.1,%,Normal
1109497,704368,6014,2023-04-24,31.79,U/L,Normal
1109498,700371,6026,2025-10-02,43.09,mmol/L,Normal
1109499,702673,6020,2024-03-22,35.32,mmol/L,Low
1109500,701655,6012,2021-12-28,58.01,mmol/L,Normal
1109501,704800,6003,2023-10-30,14.72,U/L,High
1109502,706303,6022,2023-06-02,34.1,U/L,High
1109503,702988,6007,2022-09-12,41.22,mmHg,High
1109504,701848,6021,2025-06-06,21.84,mg/dL,Normal
1109505,703921,6025,2024-07-01,39.12,%,Normal
1109506,705051,6021,2022-05-01,36.19,mmHg,Normal
1109507,705027,6008,2023-05-07,12.29,U/L,Normal
1109508,704241,6015,2022-11-18,35.76,%,Normal
1109509,701615,6019,2021-05-29,25.81,%,Normal
1109510,705570,6010,2022-08-07,8.84,mmHg,Normal
1109511,705363,6008,2021-10-30,10.68,mmHg,Low
1109512,704729,6020,2022-01-28,46.53,mg/dL,Normal
1109513,700310,6009,2024-12-15,40.27,mg/dL,Normal
1109514,705246,6021,2022-01-13,68.56,U/L,Low
1109515,705944,6005,2021-03-10,20.69,%,Normal
1109516,705022,6004,2023-10-30,17.03,mmHg,Normal
1109517,702628,6005,2023-07-18,4.86,mmHg,High
1109518,705720,6008,2022-10-13,33.25,mg/dL,Normal
1109519,704334,6008,2021-06-10,11.22,U/L,Normal
1109520,701295,6025,2021-04-20,13.4,g/dL,Low
1109521,704998,6013,2025-04-23,62.88,mg/dL,Normal
1109522,702111,6018,2021-08-08,5.27,mmHg,High
1109523,700868,6013,2024-09-01,26.31,mmHg,Normal
1109524,700562,6026,2025-04-08,22.26,mmHg,Low
1109525,700640,6010,2024-10-04,15.02,%,High
1109526,705787,6012,2024-10-06,27.32,mmol/L,Normal
1109527,704292,6004,2024-09-10,23.18,g/dL,High
1109528,700873,6016,2023-06-09,15.41,mg/dL,Normal
1109529,704435,6015,2023-10-21,23.83,mmol/L,Normal
1109530,700775,6007,2025-06-30,18.08,g/dL,Normal
1109531,703207,6006,2021-05-01,9.37,U/L,Normal
1109532,705666,6024,2023-05-05,28.85,mg/dL,Low
1109533,701045,6021,2022-04-19,22.14,U/L,Normal
1109534,705182,6022,2025-01-11,19.62,U/L,Normal
1109535,702877,6009,2021-11-14,15.19,mmHg,Normal
1109536,705458,6012,2022-12-21,49.87,mmol/L,Normal
1109537,706079,6022,2022-04-24,14.72,g/dL,Normal
1109538,702995,6007,2025-10-01,15.06,mmHg,Low
1109539,700404,6026,2022-04-27,14.79,mmol/L,Normal
1109540,704045,6012,2023-08-09,33.7,mg/dL,Normal
1109541,704636,6013,2021-10-13,13.15,g/dL,Normal
1109542,706121,6011,2023-06-22,8.35,mg/dL,Normal
1109543,701089,6022,2021-06-18,22.7,mg/dL,Normal
1109544,705338,6021,2024-02-20,19.21,%,High
1109545,702838,6004,2024-03-23,9.09,g/dL,Normal
1109546,706043,6013,2023-02-10,21.27,%,High
1109547,701451,6015,2025-02-11,20.7,mmHg,High
1109548,700288,6003,2022-11-29,8.48,g/dL,Normal
1109549,705436,6004,2024-05-27,6.43,%,Normal
1109550,706185,6016,2025-08-08,36.57,g/dL,Critical
1109551,702276,6009,2023-06-29,8.14,U/L,Normal
1109552,700427,6014,2022-07-29,10.49,mmol/L,Normal
1109553,706366,6025,2021-10-09,24.07,mg/dL,Normal
1109554,703345,6023,2025-10-09,25.51,U/L,Normal
1109555,702223,6002,2023-06-20,31.46,mmol/L,Normal
1109556,702642,6004,2022-03-23,45.19,mmHg,Normal
1109557,701465,6020,2022-06-11,13.69,%,High
1109558,706269,6001,2021-09-24,75.61,mmol/L,High
1109559,700073,6018,2024-08-27,6.2,mmHg,Normal
1109560,705820,6006,2021-09-02,27.25,g/dL,Normal
1109561,702905,6008,2023-02-17,10.65,%,Normal
1109562,705685,6005,2022-05-14,35.55,U/L,Normal
1109563,704231,6014,2024-03-15,15.29,mg/dL,High
1109564,700536,6009,2022-05-22,13.09,g/dL,Normal
1109565,706366,6018,2024-06-22,26.4,g/dL,Normal
1109566,703129,6001,2024-03-22,69.05,mmol/L,High
1109567,706089,6016,2021-10-05,99.29,mmHg,Normal
1109568,704296,6009,2025-12-21,23.4,mmol/L,High
1109569,701156,6010,2025-03-10,20.39,mmHg,Normal
1109570,701949,6016,2025-05-08,9.74,mmol/L,Low
1109571,702642,6015,2025-07-12,14.84,mmHg,Normal
1109572,701796,6007,2022-06-06,,mmHg,High
1109573,701301,6022,2024-06-28,25.39,mg/dL,Normal
1109574,704503,6020,2021-01-25,19.24,mmol/L,Low
1109575,706290,6020,2021-02-08,13.04,mmol/L,Normal
1109576,703762,6015,2022-04-09,33.95,mg/dL,Normal
1109577,704154,6019,2022-05-15,32.3,U/L,Normal
1109578,705351,6008,2023-02-15,22.29,%,Normal
1109579,702005,6020,2022-10-07,17.76,U/L,Low
1109580,701177,6020,2024-04-08,26.62,mg/dL,Low
1109581,703712,6004,2022-05-22,5.06,U/L,Normal
1109582,701153,6024,2022-11-15,43.51,mmHg,Low
1109583,702540,6003,2022-04-05,17.83,%,Low
1109584,700640,6022,2024-01-13,40.85,mg/dL,Critical
1109585,700822,6002,2025-11-11,29.53,mmHg,Low
1109586,700059,6001,2021-09-24,13.21,U/L,High
1109587,702484,6026,2024-11-12,29.88,g/dL,High
1109588,701348,6017,2022-08-10,9.13,mg/dL,Normal
1109589,705018,6017,2022-10-03,37.08,mg/dL,Normal
1109590,702133,6005,2023-11-14,34.88,mmHg,Low
1109591,705320,6004,2023-06-23,7.24,%,Normal
1109592,703853,6016,2022-04-27,7.65,%,High
1109593,703835,6024,2021-10-15,17.22,U/L,Normal
1109594,706409,6022,2023-01-07,82.99,%,Normal
1109595,704375,6017,2024-09-10,16.61,mmol/L,Normal
1109596,702599,6026,2025-09-26,38.63,g/dL,Normal
1109597,705477,6002,2021-07-05,29.11,mmHg,Normal
1109598,702955,6018,2024-11-21,26.67,mmol/L,High
1109599,703869,6001,2024-05-30,6.99,U/L,Normal
1109600,706465,6015,2025-05-30,32.63,g/dL,Normal
1109601,702639,6017,2023-06-09,14.9,g/dL,Normal
1109602,705656,6002,2022-11-10,65.51,mg/dL,Normal
1109603,704747,6025,2022-05-17,18.45,mmol/L,Normal
1109604,700490,6013,2024-12-25,10.72,mg/dL,Normal
1109605,704476,6019,2024-04-13,6.12,U/L,Normal
1109606,702403,6007,2023-10-23,21.18,%,Low
1109607,702708,6015,2024-09-03,76.18,mmol/L,Normal
1109608,700482,6002,2024-11-05,38.03,g/dL,Low
1109609,704062,6022,2025-05-14,12.78,mg/dL,Normal
1109610,703630,6003,2024-08-14,14.55,g/dL,Normal
1109611,700575,6007,2025-03-05,38.21,%,Normal
1109612,701717,6003,2022-09-07,17.17,g/dL,Normal
1109613,703154,6022,2023-12-30,86.66,%,Normal
1109614,700893,6011,2025-06-11,14.54,U/L,Normal
1109615,702044,6005,2021-11-05,30.17,mmHg,Normal
1109616,703855,6024,2025-11-05,34.01,g/dL,High
1109617,703568,6006,2022-09-15,3.87,%,Normal
1109618,705586,6016,2025-04-14,15.36,mmol/L,Low
1109619,701815,6020,2025-10-25,38.09,mmol/L,High
1109620,700049,6006,2023-03-01,11.22,U/L,Normal
1109621,703213,6005,2022-09-16,14.24,mmol/L,Low
1109622,705247,6002,2023-01-31,45.62,U/L,Normal
1109623,702143,6024,2024-02-07,,mg/dL,Normal
1109624,700593,6025,2024-01-20,18.07,g/dL,Critical
1109625,702388,6020,2025-01-25,,mmol/L,Normal
1109626,702005,6021,2024-01-14,25.69,mg/dL,Normal
1109627,704038,6017,2021-02-17,25.61,g/dL,High
1109628,704396,6013,2025-04-02,25.34,mmol/L,Low
1109629,705819,6014,2025-01-16,14.32,mg/dL,Normal
1109630,703036,6001,2025-05-11,23.37,mmol/L,Normal
1109631,701542,6020,2022-06-03,21.79,mg/dL,Normal
1109632,704147,6025,2022-04-12,28.42,mg/dL,Normal
1109633,705882,6001,2023-09-15,16.59,%,Normal
1109634,700340,6015,2025-09-30,17.73,g/dL,Normal
1109635,703037,6017,2021-02-26,10.79,mmol/L,High
1109636,701388,6001,2021-03-29,32.16,mmol/L,Normal
1109637,705574,6015,2025-05-07,6.21,U/L,Low
1109638,703056,6011,2025-08-18,78.36,mmol/L,Normal
1109639,701480,6004,2023-08-03,38.08,mmHg,Normal
1109640,702137,6014,2024-11-06,8.98,mmol/L,Normal
1109641,703087,6015,2023-07-15,9.09,g/dL,High
1109642,702502,6015,2025-09-27,18.95,%,Normal
1109643,704447,6023,2023-05-31,9.41,U/L,Normal
1109644,704109,6006,2022-07-26,16.4,%,Normal
1109645,700468,6021,2023-03-27,7.1,%,Normal
1109646,705544,6008,2023-08-01,51.55,%,Normal
1109647,704278,6025,2022-04-15,9.74,mmol/L,Low
1109648,701880,6025,2023-07-08,7.86,g/dL,Normal
1109649,703905,6010,2024-06-06,9.39,g/dL,Normal
1109650,701005,6012,2023-08-15,28.94,%,Normal
1109651,706271,6023,2021-07-03,98.15,mmHg,Low
1109652,700953,6004,2023-10-27,28.64,U/L,High
1109653,705756,6018,2024-08-02,11.7,mmHg,Normal
1109654,703777,6018,2024-05-02,48.36,g/dL,Normal
1109655,705035,6018,2024-03-31,8.86,g/dL,High
1109656,700303,6023,2022-01-22,15.03,g/dL,Normal
1109657,701612,6015,2025-10-21,26.51,mmHg,Normal
1109658,705829,6020,2023-04-05,19.28,mmol/L,Normal
1109659,705020,6008,2021-12-24,27.79,mg/dL,Normal
1109660,700502,6025,2022-05-29,8.8,U/L,Normal
1109661,701882,6021,2021-02-05,7.9,mg/dL,Normal
1109662,703318,6009,2021-11-03,4.26,U/L,Normal
1109663,700478,6006,2024-08-08,35.65,mmol/L,Normal
1109664,705232,6018,2022-04-17,22.93,U/L,Low
1109665,706426,6005,2023-10-27,20.0,mg/dL,High
1109666,704593,6005,2024-09-28,11.29,mmHg,High
1109667,700400,6001,2024-05-19,24.97,%,Normal
1109668,701286,6020,2024-09-01,21.85,mg/dL,Normal
1109669,705602,6022,2024-03-03,11.92,U/L,Normal
1109670,701702,6010,2022-10-17,9.18,mmol/L,Normal
1109671,700389,6024,2021-02-14,10.96,mg/dL,Normal
1109672,704521,6004,2022-12-23,36.99,mg/dL,Normal
1109673,706199,6024,2025-02-16,17.6,g/dL,Normal
1109674,700160,6016,2021-09-04,12.13,%,Normal
1109675,700573,6022,2025-01-22,23.63,mmol/L,Low
1109676,700684,6026,2025-11-09,40.48,mg/dL,Normal
1109677,702817,6015,2021-01-08,8.08,%,Normal
1109678,703888,6020,2024-01-18,34.65,U/L,Normal
1109679,704915,6007,2023-07-08,18.08,mmHg,Critical
1109680,702423,6001,2025-09-03,19.36,mg/dL,Normal
1109681,702006,6006,2022-04-24,53.11,U/L,Normal
1109682,700990,6014,2024-01-23,28.64,g/dL,Normal
1109683,702172,6015,2023-04-15,10.33,mmHg,Normal
1109684,701645,6017,2025-05-21,61.52,g/dL,Normal
1109685,705399,6016,2023-03-23,21.07,g/dL,Low
1109686,706446,6011,2021-09-05,41.65,U/L,High
1109687,704129,6026,2021-09-08,22.32,U/L,Normal
1109688,701240,6001,2022-11-16,16.04,mg/dL,Normal
1109689,703914,6022,2025-11-07,18.37,g/dL,Normal
1109690,705531,6003,2021-05-29,9.13,U/L,Normal
1109691,703650,6023,2023-01-19,10.44,mmHg,Normal
1109692,701742,6002,2025-01-12,38.35,mg/dL,Normal
1109693,704588,6007,2022-03-31,38.24,g/dL,Normal
1109694,701484,6017,2025-06-27,13.18,mg/dL,High
1109695,704683,6019,2023-04-13,92.18,U/L,Normal
1109696,700633,6012,2021-09-13,20.84,mmol/L,Critical
1109697,705891,6021,2023-07-24,10.21,g/dL,Normal
1109698,702789,6011,2021-06-14,4.12,mg/dL,Normal
1109699,705217,6026,2022-04-10,28.42,%,High
1109700,700591,6006,2023-08-05,12.68,mg/dL,Normal
1109701,702299,6007,2022-06-28,17.65,g/dL,Low
1109702,704060,6026,2023-09-16,5.04,U/L,Normal
1109703,702733,6012,2023-10-30,36.9,%,Normal
1109704,705863,6016,2025-09-29,5.58,mmol/L,Normal
1109705,704083,6015,2023-03-23,3.36,mmHg,Normal
1109706,705078,6025,2021-02-13,61.14,mmHg,High
1109707,700358,6008,2024-07-11,83.93,U/L,Critical
1109708,704502,6004,2025-01-11,37.67,%,Normal
1109709,706481,6025,2021-03-24,16.6,g/dL,Low
1109710,703223,6003,2023-10-09,7.65,g/dL,Low
1109711,700421,6023,2024-04-27,22.12,%,Normal
1109712,700838,6006,2022-02-23,37.14,g/dL,High
1109713,703396,6003,2021-07-22,20.03,g/dL,Critical
1109714,700257,6002,2022-10-03,36.84,mg/dL,High
1109715,701883,6016,2021-06-22,10.84,U/L,Normal
1109716,705626,6002,2023-09-24,62.57,mmHg,Normal
1109717,704614,6023,2025-04-12,14.99,U/L,Low
1109718,703502,6020,2022-04-09,22.43,mg/dL,Normal
1109719,705256,6013,2024-02-06,12.17,mmol/L,Normal
1109720,702480,6018,2021-03-21,57.36,mmHg,Normal
1109721,702090,6024,2024-09-23,43.5,mmol/L,Low
1109722,703275,6006,2024-02-11,85.4,%,High
1109723,704789,6018,2025-05-23,68.89,mmol/L,High
1109724,700339,6005,2024-05-06,23.39,g/dL,Normal
1109725,704563,6020,2025-06-25,13.3,mmHg,Normal
1109726,705064,6023,2023-12-07,10.62,mmHg,Normal
1109727,703597,6006,2024-06-06,11.56,%,Normal
1109728,703732,6023,2025-06-23,25.11,mg/dL,High
1109729,703767,6002,2025-08-08,33.3,mg/dL,Normal
1109730,704473,6022,2022-01-18,8.46,mg/dL,High
1109731,704580,6008,2025-11-27,59.88,%,Normal
1109732,706423,6005,2022-09-17,11.96,mmol/L,Normal
1109733,706405,6020,2025-07-01,15.83,mg/dL,Normal
1109734,704186,6002,2022-07-17,17.08,mmol/L,Normal
1109735,704351,6004,2021-07-19,20.98,mg/dL,Normal
1109736,703954,6015,2021-12-18,26.67,g/dL,Normal
1109737,700461,6018,2024-07-03,33.06,mmHg,Normal
1109738,701841,6024,2023-04-28,12.49,U/L,Low
1109739,704483,6011,2024-04-26,21.0,mmol/L,Normal
1109740,702442,6015,2024-09-22,26.26,mmHg,Normal
1109741,704878,6026,2022-10-11,28.71,g/dL,Critical
1109742,701920,6008,2025-09-06,13.8,mg/dL,High
1109743,701569,6006,2023-11-13,20.22,g/dL,Normal
1109744,706194,6017,2024-10-07,13.48,mg/dL,Normal
1109745,703004,6020,2025-05-21,105.11,U/L,Low
1109746,701850,6025,2022-11-05,46.99,mmol/L,Normal
1109747,700872,6022,2025-09-13,86.84,%,Normal
1109748,703315,6016,2023-06-25,21.66,U/L,Normal
1109749,704147,6021,2022-10-04,11.96,U/L,Normal
1109750,704375,6015,2024-01-18,27.82,%,Normal
1109751,701846,6024,2025-05-14,22.0,g/dL,Normal
1109752,702745,6023,2024-04-04,29.26,mmol/L,High
1109753,702623,6013,2021-11-11,,mmol/L,Normal
1109754,701216,6001,2023-05-23,12.87,mg/dL,Normal
1109755,706352,6003,2025-04-20,19.89,U/L,Low
1109756,700021,6017,2024-09-01,46.33,g/dL,Normal
1109757,704846,6025,2024-08-24,16.15,g/dL,Normal
1109758,702174,6012,2023-12-07,17.67,mg/dL,Normal
1109759,706148,6022,2021-02-04,9.8,mg/dL,Normal
1109760,700641,6009,2021-12-24,28.16,U/L,Normal
1109761,705416,6006,2022-12-16,17.29,g/dL,Normal
1109762,705092,6020,2023-02-26,8.78,g/dL,Normal
1109763,700908,6008,2024-10-08,14.21,mmol/L,Normal
1109764,703577,6024,2023-01-28,19.68,mg/dL,Normal
1109765,703196,6001,2025-03-27,21.7,mg/dL,High
1109766,702781,6019,2025-03-29,42.01,U/L,Normal
1109767,704319,6024,2022-08-27,5.15,%,Low
1109768,705936,6012,2021-07-10,9.24,U/L,High
1109769,702796,6014,2025-11-22,7.4,g/dL,Normal
1109770,704706,6002,2023-12-22,13.24,g/dL,Normal
1109771,702271,6006,2025-04-04,9.37,mg/dL,Normal
1109772,701297,6004,2023-05-20,30.89,U/L,High
1109773,702655,6011,2022-09-05,34.08,%,Normal
1109774,703442,6010,2023-04-28,36.96,mmHg,Low
1109775,703415,6012,2025-02-09,10.85,g/dL,Normal
1109776,704636,6001,2022-03-19,14.66,U/L,Normal
1109777,705433,6024,2022-09-11,103.5,U/L,Normal
1109778,701428,6021,2022-07-21,23.55,g/dL,Normal
1109779,704898,6010,2022-02-11,4.47,U/L,Normal
1109780,706120,6004,2023-08-23,24.05,mmHg,High
1109781,704604,6016,2023-05-18,28.62,U/L,Normal
1109782,703136,6013,2021-04-01,8.07,mmol/L,Normal
1109783,705026,6009,2022-08-27,16.63,mmHg,Normal
1109784,700261,6021,2021-10-08,13.31,mg/dL,High
1109785,700097,6003,2023-01-15,16.55,%,Normal
1109786,705108,6021,2025-05-17,17.13,mg/dL,Normal
1109787,702251,6009,2022-08-24,47.08,mmol/L,Normal
1109788,701298,6005,2022-07-12,16.28,mg/dL,High
1109789,701275,6013,2022-02-01,9.34,mmHg,Normal
1109790,703796,6003,2023-01-15,24.62,U/L,Normal
1109791,706311,6016,2021-02-01,7.1,g/dL,Low
1109792,701039,6019,2023-05-20,17.37,g/dL,Normal
1109793,705428,6009,2023-11-30,8.82,mg/dL,Normal
1109794,701672,6012,2023-04-18,13.92,mmol/L,Normal
1109795,704913,6012,2025-04-11,17.3,mg/dL,Normal
1109796,703554,6024,2025-09-28,12.76,g/dL,Low
1109797,705290,6007,2021-06-01,74.31,g/dL,Normal
1109798,700782,6025,2024-10-04,33.52,mg/dL,Normal
1109799,702303,6010,2024-02-14,19.74,g/dL,Normal
1109800,700836,6025,2023-12-10,17.43,mg/dL,Normal
1109801,703475,6012,2021-04-20,16.82,U/L,Normal
1109802,702442,6012,2024-10-14,,%,Normal
1109803,701742,6021,2024-04-20,26.54,mg/dL,Normal
1109804,701886,6017,2021-11-10,69.4,mg/dL,Normal
1109805,706285,6020,2022-10-23,9.65,mmol/L,Normal
1109806,706055,6024,2024-05-05,10.68,mmol/L,Normal
1109807,704853,6016,2024-08-08,18.46,mmol/L,Normal
1109808,700726,6009,2024-12-07,43.3,mmHg,Normal
1109809,703356,6004,2021-05-17,42.91,U/L,High
1109810,705935,6019,2025-06-11,16.16,U/L,Low
1109811,703347,6013,2024-08-16,37.66,mmol/L,Critical
1109812,703053,6021,2025-03-20,17.74,mmol/L,High
1109813,703081,6016,2023-01-09,40.14,mmol/L,Normal
1109814,703998,6020,2023-08-01,45.81,mmHg,Low
1109815,701712,6004,2022-09-14,23.23,mg/dL,Normal
1109816,706481,6014,2021-09-24,13.33,g/dL,Normal
1109817,703941,6015,2022-02-09,12.5,mmHg,Normal
1109818,703524,6010,2024-12-06,21.66,g/dL,Low
1109819,703752,6017,2024-07-31,31.55,mmol/L,Normal
1109820,704374,6026,2024-03-20,26.27,%,Normal
1109821,702766,6016,2022-05-26,27.15,mg/dL,High
1109822,705472,6018,2021-03-03,27.58,mmol/L,Normal
1109823,704921,6001,2023-01-12,14.9,mmol/L,High
1109824,705119,6019,2022-08-17,11.07,g/dL,Normal
1109825,703605,6014,2024-04-21,11.16,mg/dL,Normal
1109826,704556,6004,2023-06-06,74.67,U/L,Normal
1109827,704846,6005,2025-09-16,13.94,%,Normal
1109828,706063,6011,2022-01-30,47.76,mg/dL,Normal
1109829,705315,6025,2024-11-25,131.39,U/L,Normal
1109830,706366,6020,2024-09-06,25.49,mmHg,Normal
1109831,700732,6004,2024-04-16,17.19,g/dL,Low
1109832,700305,6022,2023-03-28,36.68,g/dL,Normal
1109833,700756,6022,2024-02-17,10.09,mmHg,High
1109834,703562,6018,2025-03-31,14.67,U/L,Normal
1109835,702709,6024,2023-06-27,13.18,mg/dL,Normal
1109836,701065,6009,2025-03-25,19.51,g/dL,High
1109837,706001,6015,2025-04-01,6.9,mmol/L,Normal
1109838,702333,6012,2025-01-27,64.71,mmHg,Normal
1109839,704003,6008,2022-11-14,61.28,mmol/L,Normal
1109840,701602,6011,2022-06-19,7.09,g/dL,Normal
1109841,701010,6014,2023-03-12,40.58,mg/dL,High
1109842,704598,6025,2021-10-27,5.8,g/dL,Normal
1109843,705057,6012,2021-02-17,17.32,%,Normal
1109844,704965,6021,2023-06-03,15.58,g/dL,High
1109845,704047,6023,2024-05-26,55.33,U/L,Normal
1109846,703983,6011,2023-01-04,8.06,U/L,Normal
1109847,706097,6007,2021-08-04,26.75,g/dL,Normal
1109848,704178,6010,2022-10-02,11.55,%,Normal
1109849,705458,6015,2025-10-09,16.89,mg/dL,High
1109850,701754,6014,2022-10-25,35.53,mg/dL,Normal
1109851,701052,6002,2024-07-14,19.63,mmHg,Normal
1109852,701193,6018,2023-07-28,16.44,g/dL,Normal
1109853,700359,6008,2021-12-11,18.3,mmol/L,Normal
1109854,702371,6009,2025-12-16,68.56,g/dL,Low
1109855,703753,6007,2021-11-29,31.44,U/L,Normal
1109856,704146,6009,2025-08-22,21.32,U/L,Normal
1109857,704157,6018,2025-05-24,22.01,U/L,Low
1109858,705456,6019,2025-09-25,10.82,mmHg,Low
1109859,704546,6017,2021-11-07,21.48,%,Normal
1109860,700442,6001,2021-03-27,18.07,U/L,Normal
1109861,700151,6005,2023-07-17,30.35,U/L,Normal
1109862,703716,6016,2021-09-15,12.05,mmol/L,High
1109863,703384,6021,2024-02-15,24.09,U/L,Low
1109864,704223,6009,2021-02-27,31.3,U/L,High
1109865,703206,6015,2023-05-30,7.03,mmol/L,Normal
1109866,704786,6012,2022-09-01,14.67,mmol/L,Normal
1109867,704223,6019,2023-09-27,10.41,mmHg,Normal
1109868,702879,6012,2023-11-22,20.37,U/L,Low
1109869,702581,6006,2022-08-02,32.28,mmHg,Normal
1109870,705170,6011,2024-09-04,11.15,g/dL,Normal
1109871,705377,6002,2024-07-19,20.29,mmHg,Low
1109872,704123,6021,2021-08-06,97.78,mg/dL,High
1109873,703712,6017,2023-02-14,7.22,mg/dL,Low
1109874,703954,6020,2025-02-01,24.65,mmHg,Low
1109875,702548,6002,2021-11-09,17.95,mmol/L,Normal
1109876,700761,6001,2021-11-26,17.17,g/dL,Normal
1109877,705355,6023,2022-08-01,17.77,U/L,Normal
1109878,706359,6022,2024-10-12,11.04,U/L,High
1109879,705255,6018,2021-04-14,35.13,%,Normal
1109880,705307,6019,2023-12-16,9.86,U/L,Normal
1109881,700763,6023,2025-08-29,28.88,mmol/L,Normal
1109882,706137,6005,2023-01-11,28.51,mmol/L,Normal
1109883,704776,6009,2021-03-10,18.89,mg/dL,Low
1109884,704769,6025,2022-06-21,27.14,mg/dL,Critical
1109885,703748,6006,2021-07-04,6.46,g/dL,Normal
1109886,704424,6007,2024-06-25,15.0,U/L,Normal
1109887,703682,6009,2025-04-16,7.08,mmol/L,Low
1109888,703705,6025,2023-04-04,24.26,mmol/L,High
1109889,701136,6022,2024-01-22,30.46,U/L,Normal
1109890,704131,6025,2025-07-17,20.98,g/dL,High
1109891,705461,6011,2024-08-10,11.09,mg/dL,High
1109892,704546,6008,2022-02-11,13.19,mmol/L,Normal
1109893,703007,6026,2022-02-18,41.05,%,High
1109894,705956,6003,2021-01-26,65.9,mmHg,Normal
1109895,702591,6019,2021-01-09,53.0,%,High
1109896,701887,6023,2025-08-15,12.25,U/L,Normal
1109897,705498,6006,2024-02-27,51.98,g/dL,Normal
1109898,701693,6014,2021-02-28,15.66,mmol/L,Normal
1109899,700350,6012,2023-02-02,32.08,g/dL,Normal
1109900,705512,6018,2024-06-25,12.48,mmHg,Normal
1109901,703709,6006,2022-08-14,7.48,mmHg,Normal
1109902,704493,6024,2023-06-19,11.93,mmol/L,Normal
1109903,703829,6018,2022-05-06,34.75,g/dL,Normal
1109904,702975,6010,2023-06-04,14.12,mmol/L,Normal
1109905,701537,6001,2021-01-18,28.57,%,Low
1109906,700539,6007,2025-10-06,23.59,mmol/L,Normal
1109907,704615,6008,2021-03-06,4.14,mg/dL,Normal
1109908,704791,6022,2024-06-29,26.96,mmol/L,Normal
1109909,701577,6019,2023-07-15,23.01,%,Normal
1109910,702215,6004,2022-03-28,28.82,%,Normal
1109911,705190,6004,2021-03-19,18.92,%,Normal
1109912,702603,6002,2021-12-09,25.39,mg/dL,Normal
1109913,701039,6002,2022-12-25,26.39,mmHg,Normal
1109914,703027,6021,2024-11-04,11.64,%,Normal
1109915,701478,6014,2023-06-09,28.57,mmol/L,High
1109916,701953,6023,2025-01-27,16.3,mmol/L,Normal
1109917,700872,6016,2022-05-22,8.13,mmol/L,Normal
1109918,700443,6004,2023-01-17,41.36,mg/dL,Normal
1109919,702067,6018,2022-12-18,3.2,mg/dL,Normal
1109920,703316,6009,2024-06-20,60.57,mmol/L,Normal
1109921,700011,6023,2023-12-08,15.91,U/L,Normal
1109922,703834,6018,2023-11-11,32.51,mmHg,Normal
1109923,704307,6007,2023-11-28,12.0,g/dL,Normal
1109924,701737,6026,2021-08-14,13.42,mmol/L,Normal
1109925,704221,6009,2024-06-13,14.38,U/L,Normal
1109926,703016,6024,2022-06-23,68.04,mg/dL,High
1109927,705045,6026,2022-06-07,29.97,mmHg,High
1109928,703159,6019,2025-10-31,7.77,%,High
1109929,704873,6001,2023-02-28,9.86,mmol/L,Normal
1109930,700299,6004,2024-11-07,11.03,%,High
1109931,701035,6010,2021-10-18,19.78,mmol/L,Normal
1109932,705811,6024,2021-11-02,23.68,mmHg,Normal
1109933,700873,6017,2022-10-24,47.23,%,Normal
1109934,700115,6003,2025-10-14,32.8,mmHg,Normal
1109935,700601,6012,2023-02-27,10.24,g/dL,Critical
1109936,701074,6003,2023-05-04,12.45,mmHg,Critical
1109937,700691,6001,2022-08-19,14.09,U/L,Low
1109938,705542,6001,2022-01-27,39.77,mmHg,High
1109939,700316,6004,2024-11-02,13.06,U/L,High
1109940,702158,6006,2021-10-02,77.77,U/L,Normal
1109941,703601,6001,2023-02-21,26.83,mmol/L,Normal
1109942,705268,6026,2024-01-25,7.19,mmol/L,Normal
1109943,706394,6020,2024-10-25,4.87,%,Normal
1109944,703094,6025,2024-06-13,7.21,U/L,Normal
1109945,705890,6007,2021-05-19,33.88,mmol/L,Normal
1109946,702409,6008,2024-03-02,28.6,mmol/L,Normal
1109947,700871,6018,2024-01-13,42.91,mmHg,High
1109948,703295,6005,2024-07-16,18.02,mg/dL,Normal
1109949,701659,6008,2021-01-06,21.42,mg/dL,Normal
1109950,700362,6021,2021-04-27,18.4,U/L,Low
1109951,703045,6011,2021-02-04,38.03,mmol/L,Normal
1109952,700050,6015,2023-01-14,38.46,U/L,Normal
1109953,704035,6002,2025-03-25,34.23,g/dL,Low
1109954,701541,6002,2025-12-05,14.81,U/L,Low
1109955,705624,6004,2021-07-12,12.08,mmHg,Low
1109956,700529,6007,2024-09-02,26.11,g/dL,Normal
1109957,703716,6024,2023-11-12,16.35,mmol/L,Low
1109958,703244,6022,2022-08-29,34.36,mmol/L,Normal
1109959,706248,6020,2025-10-17,6.93,mmHg,Normal
1109960,704220,6012,2021-01-21,26.65,mmHg,Normal
1109961,701995,6010,2021-12-04,7.57,mmHg,Normal
1109962,706201,6013,2025-03-03,4.94,mmol/L,Normal
1109963,700461,6005,2025-07-26,45.07,U/L,Normal
1109964,700107,6022,2024-05-13,5.6,mmol/L,Normal
1109965,706426,6026,2022-03-27,19.09,%,Low
1109966,703347,6024,2025-04-05,59.52,mmHg,Low
1109967,702046,6004,2023-10-21,15.49,g/dL,High
1109968,703602,6009,2024-07-09,39.19,mg/dL,Normal
1109969,701869,6009,2024-04-24,13.09,mg/dL,Low
1109970,700924,6004,2021-03-19,19.49,mmol/L,Low
1109971,705901,6018,2023-01-16,26.29,mmHg,High
1109972,704656,6020,2022-06-25,12.69,%,High
1109973,700244,6023,2025-10-13,20.35,mmol/L,Normal
1109974,702688,6005,2022-02-09,26.36,%,Normal
1109975,701528,6005,2023-09-05,12.04,%,Normal
1109976,703510,6025,2022-08-29,18.37,%,Normal
1109977,701692,6020,2024-07-07,7.63,mg/dL,High
1109978,700478,6010,2023-12-14,8.2,mg/dL,Normal
1109979,702941,6008,2024-03-19,55.46,mmHg,Normal
1109980,704026,6025,2021-01-09,24.55,mmol/L,Low
1109981,703226,6020,2022-07-12,19.11,g/dL,High
1109982,702912,6012,2025-03-09,80.97,g/dL,Normal
1109983,701097,6013,2024-05-01,17.26,mmol/L,Low
1109984,704771,6019,2025-08-29,6.79,mmHg,High
1109985,704106,6016,2021-03-02,25.66,mmol/L,Low
1109986,706219,6015,2023-02-23,130.19,mmol/L,Normal
1109987,700685,6009,2023-09-14,37.66,g/dL,Normal
1109988,700094,6012,2023-04-30,21.41,mmol/L,Normal
1109989,702328,6020,2024-07-17,13.6,g/dL,High
1109990,706025,6001,2021-07-20,18.91,mmHg,Normal
1109991,704457,6003,2022-08-02,13.69,g/dL,Normal
1109992,705459,6002,2022-08-11,42.79,mmHg,Low
1109993,701756,6023,2022-01-05,10.46,mg/dL,Normal
1109994,701023,6018,2024-08-01,17.03,%,Normal
1109995,700563,6004,2024-11-17,16.45,mg/dL,Normal
1109996,702410,6018,2025-09-10,25.09,%,Normal
1109997,706081,6014,2021-07-09,8.49,g/dL,Normal
1109998,706292,6022,2024-07-27,7.83,mg/dL,Normal
1109999,703386,6005,2023-09-09,12.41,g/dL,Normal
1110000,702187,6006,2022-04-15,18.61,%,Low
1110001,704994,6014,2023-02-11,28.8,mmHg,Normal
1110002,704023,6010,2021-10-19,18.65,mg/dL,Normal
1110003,701019,6024,2025-03-17,11.11,%,Normal
1110004,700493,6013,2024-11-04,16.23,mmHg,Low
1110005,702726,6020,2022-12-24,17.34,%,Normal
1110006,701204,6011,2021-09-03,41.75,g/dL,Normal
1110007,705599,6009,2024-04-23,24.03,mmol/L,Normal
1110008,703608,6025,2025-12-23,13.04,%,Normal
1110009,705100,6023,2022-12-22,41.9,mmol/L,Normal
1110010,702023,6014,2021-11-26,85.61,mmHg,Normal
1110011,701889,6011,2023-01-25,9.48,mg/dL,Low
1110012,705178,6016,2023-03-29,43.38,mmol/L,High
1110013,700442,6016,2023-05-18,16.8,g/dL,High
1110014,705578,6005,2023-07-10,26.57,mg/dL,Normal
1110015,700021,6003,2024-03-25,19.19,U/L,Normal
1110016,704552,6019,2024-08-13,41.6,mmol/L,Normal
1110017,705249,6007,2025-01-25,82.86,%,Normal
1110018,702047,6007,2023-10-12,42.47,mmHg,Low
1110019,704097,6016,2024-03-25,8.54,%,Normal
1110020,705160,6012,2024-11-29,15.49,mmHg,High
1110021,703737,6023,2021-10-13,20.58,mmol/L,Low
1110022,702669,6003,2024-09-27,22.15,mmol/L,Normal
1110023,703826,6018,2025-11-30,14.65,mmHg,Normal
1110024,701785,6020,2022-12-20,20.01,mmol/L,Normal
1110025,704266,6025,2021-10-03,18.7,U/L,Normal
1110026,705299,6001,2021-08-03,19.84,g/dL,Normal
1110027,700051,6006,2023-09-04,21.13,%,Low
1110028,703948,6023,2023-05-03,31.26,g/dL,Normal
1110029,701431,6011,2023-01-18,13.16,mmol/L,Normal
1110030,702190,6001,2022-08-07,10.2,g/dL,Normal
1110031,705158,6018,2023-01-16,22.35,mg/dL,High
1110032,702428,6010,2021-09-16,18.1,U/L,Normal
1110033,701989,6024,2025-11-24,66.47,U/L,Normal
1110034,700353,6025,2023-11-15,13.79,mmol/L,Low
1110035,701042,6010,2022-02-21,13.94,g/dL,Normal
1110036,706228,6001,2022-04-29,19.08,%,Normal
1110037,700254,6024,2022-04-07,42.48,mmol/L,High
1110038,703201,6018,2022-06-19,11.05,mmHg,High
1110039,702513,6006,2025-03-02,20.87,mmol/L,High
1110040,705842,6024,2023-08-31,5.48,U/L,Normal
1110041,703936,6006,2021-08-04,13.59,mg/dL,Normal
1110042,700300,6021,2024-02-24,56.13,mmHg,High
1110043,700972,6012,2023-07-14,18.28,mmol/L,High
1110044,705213,6011,2021-01-11,8.98,mmHg,Low
1110045,702812,6004,2021-04-11,16.42,g/dL,Low
1110046,705946,6025,2024-07-13,69.12,g/dL,Normal
1110047,702166,6016,2023-08-23,14.37,%,Normal
1110048,706205,6004,2021-02-13,15.6,mmHg,Low
1110049,704285,6022,2021-05-26,92.05,%,Normal
1110050,702725,6026,2025-05-29,92.53,g/dL,Normal
1110051,700517,6018,2025-09-08,10.72,%,High
1110052,701092,6006,2024-03-09,13.38,U/L,Normal
1110053,705165,6024,2025-04-15,22.41,mmHg,High
1110054,704529,6024,2021-03-01,39.58,U/L,Normal
1110055,704291,6018,2025-02-14,41.35,U/L,Low
1110056,704553,6009,2025-05-02,12.2,mg/dL,High
1110057,702376,6026,2022-09-29,12.69,%,High
1110058,701332,6002,2021-06-20,12.06,mg/dL,Normal
1110059,704886,6019,2021-03-13,9.74,%,High
1110060,700345,6001,2025-08-10,27.67,g/dL,High
1110061,702674,6021,2024-10-03,19.46,mg/dL,High
1110062,704502,6004,2024-06-17,25.88,%,Normal
1110063,705481,6018,2021-07-15,7.37,mmHg,Normal
1110064,700630,6017,2025-07-04,30.61,%,Normal
1110065,705006,6024,2023-11-15,27.86,mmol/L,Normal
1110066,705025,6014,2021-04-02,20.5,mmHg,Normal
1110067,702301,6011,2022-12-31,14.12,g/dL,Normal
1110068,706489,6021,2023-11-04,22.18,g/dL,Normal
1110069,703971,6005,2022-09-09,41.78,mmol/L,Normal
1110070,705209,6001,2022-03-17,12.71,mmHg,Normal
1110071,702588,6008,2022-09-09,22.75,U/L,Low
1110072,701472,6026,2025-04-20,20.97,mmol/L,Normal
1110073,701155,6012,2022-03-31,18.93,U/L,Normal
1110074,705253,6001,2023-07-23,18.99,%,Normal
1110075,705196,6021,2023-01-20,26.99,mmHg,Normal
1110076,701715,6017,2021-04-03,14.48,g/dL,High
1110077,705760,6015,2025-02-27,9.28,U/L,Normal
1110078,701830,6009,2022-06-29,5.38,mg/dL,Normal
1110079,700735,6016,2024-05-03,41.18,%,Critical
1110080,702734,6025,2022-01-31,16.7,mmHg,Low
1110081,705897,6025,2021-04-30,20.09,g/dL,Normal
1110082,703884,6018,2023-06-08,11.54,%,High
1110083,703247,6017,2021-05-14,7.18,mmHg,Normal
1110084,702071,6003,2021-05-26,41.85,U/L,Critical
1110085,701413,6003,2024-11-20,18.42,%,Normal
1110086,702652,6015,2025-03-24,31.58,%,Low
1110087,703227,6024,2021-07-08,16.85,mg/dL,Normal
1110088,705658,6009,2023-03-07,35.5,U/L,Normal
1110089,701705,6004,2022-08-30,19.01,g/dL,Normal
1110090,701347,6003,2025-06-10,22.57,U/L,Low
1110091,702884,6004,2021-03-26,37.4,g/dL,Normal
1110092,700847,6026,2024-11-05,33.79,mmHg,Critical
1110093,705483,6008,2022-02-21,35.98,U/L,Normal
1110094,703672,6023,2021-08-18,15.39,mmol/L,High
1110095,704306,6007,2024-05-06,21.94,U/L,High
1110096,702662,6018,2021-08-22,35.89,mg/dL,Normal
1110097,705867,6025,2024-12-06,22.66,%,High
1110098,703856,6013,2021-05-31,8.48,%,Normal
1110099,704022,6009,2022-03-23,37.76,mmHg,Normal
1110100,702530,6011,2022-10-04,28.81,%,Normal
1110101,704040,6010,2025-08-15,11.98,U/L,Low
1110102,704428,6003,2021-04-18,52.12,U/L,Low
1110103,700450,6010,2023-03-09,23.38,mmHg,Normal
1110104,704370,6014,2023-06-19,44.35,mg/dL,Normal
1110105,702998,6014,2024-05-21,11.13,g/dL,Normal
1110106,702876,6011,2021-06-27,46.23,%,Low
1110107,705837,6005,2024-04-23,22.72,g/dL,Normal
1110108,701258,6006,2023-03-05,7.53,mmHg,Critical
1110109,705113,6018,2024-06-09,65.89,g/dL,High
1110110,700625,6012,2023-05-12,32.45,g/dL,Normal
1110111,703528,6016,2022-01-20,22.68,mmHg,Low
1110112,704013,6005,2022-03-29,7.82,mmHg,Normal
1110113,703006,6020,2024-02-01,6.41,mg/dL,Critical
1110114,706277,6018,2021-06-23,37.44,g/dL,Normal
1110115,705137,6002,2024-04-09,13.41,U/L,High
1110116,703417,6002,2024-05-28,23.02,U/L,Normal
1110117,701015,6017,2025-12-24,9.08,%,Normal
1110118,705497,6016,2025-09-10,13.43,%,Low
1110119,702290,6006,2024-11-28,16.58,g/dL,Low
1110120,701832,6008,2025-06-25,38.58,%,Normal
1110121,704881,6014,2021-09-18,11.22,mmol/L,Low
1110122,703786,6023,2025-08-19,39.59,%,Normal
1110123,706212,6021,2021-05-17,9.67,mg/dL,Normal
1110124,703051,6015,2022-06-11,12.69,mmol/L,Normal
1110125,705855,6024,2022-12-24,19.37,g/dL,High
1110126,704432,6016,2022-05-02,9.37,%,High
1110127,701349,6002,2024-07-07,8.89,U/L,Normal
1110128,700001,6017,2021-02-27,21.14,mmol/L,Normal
1110129,700022,6008,2021-12-24,15.78,%,Low
1110130,705085,6002,2023-06-19,31.03,U/L,High
1110131,701272,6008,2025-11-02,28.93,%,Low
1110132,700385,6006,2022-10-13,43.61,mmol/L,Normal
1110133,701152,6012,2024-12-22,15.99,g/dL,High
1110134,706259,6014,2022-09-18,36.11,g/dL,High
1110135,706228,6016,2023-04-06,43.32,mmol/L,Normal
1110136,704563,6021,2024-12-05,46.68,mmHg,Low
1110137,702434,6010,2025-04-04,33.49,mmol/L,Low
1110138,704413,6013,2024-04-11,16.55,mmol/L,Normal
1110139,705508,6002,2022-09-23,4.12,%,Normal
1110140,702928,6012,2021-03-08,15.22,mg/dL,Critical
1110141,705421,6002,2024-06-01,39.68,U/L,Normal
1110142,705271,6011,2024-10-12,13.48,mmHg,Normal
1110143,704911,6004,2021-09-25,58.25,%,Normal
1110144,705505,6026,2023-03-10,59.61,mmol/L,Normal
1110145,702862,6010,2023-08-17,89.96,%,Normal
1110146,702037,6001,2023-03-06,50.01,mmol/L,Normal
1110147,700258,6022,2024-08-02,13.53,%,Normal
1110148,703807,6016,2024-07-12,8.97,mg/dL,Normal
1110149,706029,6021,2023-11-05,14.49,U/L,High
1110150,701256,6017,2021-05-30,54.24,mmHg,Normal
1110151,703395,6013,2021-05-30,14.66,mmol/L,Normal
1110152,706012,6003,2022-08-15,20.79,U/L,Normal
1110153,705492,6010,2025-12-14,70.93,mg/dL,Normal
1110154,701780,6007,2023-08-19,37.87,mmol/L,Normal
1110155,700272,6001,2025-10-14,17.89,mg/dL,Normal
1110156,702046,6009,2025-05-18,19.04,mmol/L,High
1110157,704919,6006,2024-03-24,12.41,mmol/L,Normal
1110158,704990,6004,2022-08-17,6.12,U/L,Normal
1110159,703849,6026,2024-04-08,21.11,%,Normal
1110160,700414,6007,2023-05-01,7.46,U/L,High
1110161,701080,6023,2022-02-25,20.57,mmol/L,Normal
1110162,705218,6026,2025-04-29,17.19,mmHg,Low
1110163,700575,6026,2023-06-30,13.19,U/L,Normal
1110164,701640,6003,2021-11-03,5.0,mmol/L,Normal
1110165,705235,6005,2024-07-08,12.89,g/dL,Low
1110166,705618,6026,2021-03-17,98.41,mmol/L,Low
1110167,700304,6011,2024-07-27,18.49,U/L,High
1110168,702418,6022,2022-01-21,9.34,mmHg,Normal
1110169,705204,6025,2023-11-19,73.17,mmol/L,Normal
1110170,702510,6020,2022-06-13,4.74,mg/dL,Normal
1110171,705730,6021,2021-05-26,48.65,U/L,Normal
1110172,705311,6015,2024-01-09,22.38,U/L,Normal
1110173,701433,6013,2025-09-11,41.62,U/L,Low
1110174,703680,6016,2021-10-21,27.58,mg/dL,High
1110175,703069,6004,2022-03-21,7.89,%,Normal
1110176,701550,6003,2024-06-18,44.53,U/L,High
1110177,700275,6022,2024-06-04,29.2,U/L,Normal
1110178,701606,6001,2025-05-29,8.69,U/L,Normal
1110179,702877,6009,2021-02-26,12.04,mmHg,Normal
1110180,702506,6002,2024-05-14,3.41,mg/dL,Normal
1110181,700083,6017,2021-01-22,22.43,U/L,Normal
1110182,704482,6009,2025-06-04,13.49,mmol/L,Normal
1110183,703532,6003,2025-02-05,7.14,mg/dL,Normal
1110184,706441,6016,2025-08-06,31.43,g/dL,Low
1110185,700941,6015,2021-06-10,23.05,U/L,Normal
1110186,705251,6023,2025-06-06,22.51,mg/dL,Normal
1110187,701830,6019,2021-08-27,17.1,U/L,Low
1110188,705467,6006,2022-02-28,7.54,mmHg,Normal
1110189,704651,6012,2022-10-14,55.59,mmol/L,Normal
1110190,702501,6005,2024-07-21,11.46,g/dL,High
1110191,700119,6015,2024-01-14,21.8,mmHg,Normal
1110192,703584,6003,2021-11-09,19.91,mmol/L,Normal
1110193,705106,6026,2021-11-15,37.36,U/L,Normal
1110194,702419,6021,2025-06-15,8.0,U/L,Low
1110195,700462,6010,2022-08-21,10.28,U/L,High
1110196,700401,6022,2025-05-29,12.89,U/L,Normal
1110197,702850,6016,2025-12-25,32.02,%,Normal
1110198,705064,6017,2021-05-16,18.74,%,Normal
1110199,701998,6004,2024-03-30,12.64,g/dL,Normal
1110200,700382,6023,2024-08-01,20.59,U/L,High
1110201,700651,6007,2021-07-13,13.15,mmol/L,Normal
1110202,700059,6018,2025-07-12,10.8,mg/dL,Normal
1110203,705737,6020,2024-12-16,13.06,%,Low
1110204,701413,6019,2021-01-17,8.82,%,Normal
1110205,701745,6015,2025-02-22,9.74,mg/dL,Normal
1110206,701520,6016,2021-01-04,43.9,U/L,High
1110207,703015,6011,2023-08-14,49.17,mg/dL,Low
1110208,700864,6025,2025-02-16,56.62,%,Normal
1110209,703687,6015,2022-07-21,4.47,mmol/L,Low
1110210,700995,6024,2021-09-11,7.27,%,High
1110211,706450,6002,2025-07-31,58.98,%,Low
1110212,703545,6021,2023-05-15,52.17,g/dL,Normal
1110213,705222,6011,2025-08-09,63.4,mmol/L,Normal
1110214,705830,6003,2021-06-02,12.6,mmHg,Normal
1110215,703347,6026,2025-04-01,24.22,mmHg,Normal
1110216,701663,6013,2025-05-09,13.17,U/L,Normal
1110217,701720,6016,2024-10-24,35.55,U/L,Low
1110218,702006,6024,2021-03-02,32.75,%,Low
1110219,700743,6026,2024-07-27,39.17,mg/dL,Normal
1110220,701776,6001,2021-07-12,14.14,g/dL,High
1110221,704825,6003,2021-03-27,19.27,g/dL,Normal
1110222,700451,6009,2022-07-20,,mmHg,Normal
1110223,701222,6008,2022-11-30,9.47,mmol/L,Normal
1110224,700369,6010,2021-06-12,38.92,U/L,Normal
1110225,702673,6012,2025-06-23,15.79,g/dL,Normal
1110226,702379,6007,2021-09-21,17.37,mmol/L,Normal
1110227,705288,6005,2025-03-19,26.02,mg/dL,Normal
1110228,700994,6001,2021-11-05,37.67,mmol/L,Critical
1110229,702444,6026,2023-01-16,12.69,mmol/L,Low
1110230,703410,6018,2024-05-14,7.11,mmol/L,Normal
1110231,704851,6009,2021-10-31,17.7,U/L,Normal
1110232,703806,6009,2021-08-27,4.81,mg/dL,Normal
1110233,705591,6025,2023-07-09,15.57,mmHg,Low
1110234,700032,6016,2025-02-27,29.72,%,Low
1110235,704920,6006,2021-02-18,18.71,mmol/L,Normal
1110236,703758,6001,2024-07-02,37.71,mg/dL,Low
1110237,705939,6021,2021-10-28,8.8,U/L,Normal
1110238,700655,6004,2025-04-14,20.81,%,Low
1110239,703622,6009,2023-07-27,50.16,mmHg,Normal
1110240,701730,6018,2023-03-21,20.36,%,Normal
1110241,701823,6002,2022-09-10,32.08,g/dL,High
1110242,704309,6009,2021-08-31,12.41,mg/dL,Normal
1110243,701081,6020,2021-11-15,48.45,mmHg,Low
1110244,700718,6013,2021-03-19,20.3,mg/dL,High
1110245,704747,6014,2023-06-03,10.04,mmol/L,Normal
1110246,701618,6005,2023-06-23,21.51,mg/dL,Normal
1110247,702238,6011,2024-10-12,8.73,U/L,Normal
1110248,700932,6026,2024-01-24,40.09,U/L,Low
1110249,705136,6022,2023-05-07,34.93,mmHg,Low
1110250,702555,6002,2023-03-05,21.46,mmol/L,Normal
1110251,703759,6001,2023-06-08,23.09,U/L,High
1110252,704318,6009,2021-03-02,22.54,U/L,Low
1110253,704237,6013,2025-06-02,47.56,mmHg,Normal
1110254,703916,6003,2023-06-28,22.3,mmol/L,Low
1110255,701339,6015,2023-03-02,30.88,%,Low
1110256,700656,6008,2023-09-30,22.7,mmol/L,Normal
1110257,704191,6023,2025-06-27,12.9,g/dL,Normal
1110258,705473,6008,2021-12-31,9.64,mg/dL,Critical
1110259,706104,6002,2021-01-10,13.32,mg/dL,Normal
1110260,701072,6015,2023-07-28,28.15,mmHg,Normal
1110261,702415,6015,2024-07-18,25.73,mmHg,Normal
1110262,706379,6009,2023-03-20,26.38,mg/dL,Normal
1110263,704293,6004,2025-06-30,20.3,mmHg,Normal
1110264,700229,6004,2021-07-11,15.39,U/L,Normal
1110265,700529,6005,2022-01-24,36.81,U/L,Normal
1110266,701728,6014,2022-12-05,19.3,mmol/L,Normal
1110267,703765,6015,2025-05-02,9.01,g/dL,High
1110268,705306,6002,2022-11-21,10.25,mg/dL,Normal
1110269,702074,6021,2024-05-04,7.59,U/L,Normal
1110270,705357,6005,2023-11-03,13.78,mmHg,Normal
1110271,702376,6015,2023-10-07,25.97,%,Critical
1110272,702788,6010,2025-10-29,67.61,mg/dL,Normal
1110273,705763,6016,2023-07-09,14.64,mmHg,Normal
1110274,706271,6010,2022-10-02,26.09,mmHg,Normal
1110275,700741,6021,2022-10-26,19.37,mg/dL,Normal
1110276,701610,6025,2021-04-07,38.56,mmHg,Normal
1110277,705712,6023,2021-04-07,28.82,mg/dL,Normal
1110278,705806,6019,2024-10-12,20.08,g/dL,Normal
1110279,706370,6011,2022-03-07,10.38,U/L,Normal
1110280,701099,6017,2021-10-17,17.56,mmHg,Normal
1110281,703610,6006,2022-10-16,20.66,U/L,High
1110282,701333,6019,2022-12-30,84.35,g/dL,High
1110283,703503,6017,2024-02-07,59.52,U/L,Normal
1110284,703185,6008,2024-09-14,57.71,mmol/L,Normal
1110285,702095,6015,2021-08-07,11.5,%,Normal
1110286,703700,6008,2021-08-16,3.14,mmol/L,Normal
1110287,704757,6022,2023-02-22,24.2,mmHg,Normal
1110288,703048,6014,2025-12-14,12.92,mmol/L,High
1110289,703167,6007,2021-09-06,26.74,mmol/L,High
1110290,700983,6008,2022-12-27,22.14,mmol/L,Normal
1110291,705291,6009,2022-01-10,13.42,%,Low
1110292,701653,6021,2023-09-09,22.24,g/dL,Normal
1110293,705910,6014,2025-06-29,101.69,mmHg,Normal
1110294,705334,6012,2024-12-13,8.62,g/dL,Normal
1110295,700593,6017,2023-04-22,17.25,mmHg,Normal
1110296,700572,6002,2022-04-21,14.44,mmol/L,Normal
1110297,702907,6002,2021-07-02,23.87,mmHg,Normal
1110298,705371,6005,2025-10-12,19.64,mg/dL,Normal
1110299,703907,6011,2023-03-06,28.13,g/dL,High
1110300,705184,6016,2024-10-21,37.42,mg/dL,Normal
1110301,702176,6017,2023-01-04,60.39,g/dL,High
1110302,703250,6005,2021-07-08,17.99,mg/dL,Normal
1110303,704400,6019,2021-02-06,35.63,U/L,High
1110304,703375,6007,2024-03-08,13.62,mmol/L,Normal
1110305,703464,6014,2025-07-27,23.36,g/dL,High
1110306,704788,6009,2023-12-22,21.17,mmol/L,Normal
1110307,700398,6004,2022-02-03,31.79,%,High
1110308,703882,6014,2023-01-27,12.11,U/L,Normal
1110309,703304,6006,2021-02-28,12.0,mmHg,Normal
1110310,703495,6024,2024-11-15,43.45,mmHg,Low
1110311,701328,6004,2025-04-30,18.63,g/dL,High
1110312,706245,6014,2024-08-30,14.18,U/L,Normal
1110313,702628,6016,2023-08-09,60.42,mmol/L,Low
1110314,704032,6004,2021-09-21,49.67,mmHg,Low
1110315,704017,6003,2022-03-23,18.75,%,Normal
1110316,702660,6008,2021-09-02,16.88,g/dL,Normal
1110317,705410,6007,2025-08-16,9.71,U/L,Normal
1110318,703287,6022,2022-01-26,32.2,mmHg,Normal
1110319,704947,6013,2021-09-06,13.99,U/L,High
1110320,703238,6021,2022-05-21,26.28,mmHg,Low
1110321,702991,6025,2022-10-16,14.35,mmHg,Normal
1110322,700670,6008,2023-05-08,16.26,mg/dL,Normal
1110323,700649,6001,2024-12-11,20.09,mmHg,High
1110324,703960,6020,2023-09-03,55.29,mg/dL,Normal
1110325,704981,6005,2021-09-19,12.1,U/L,Normal
1110326,703717,6001,2023-05-09,39.66,mg/dL,Normal
1110327,700111,6001,2023-12-11,21.3,U/L,Low
1110328,704780,6025,2021-05-19,49.03,mmol/L,High
1110329,704999,6019,2021-01-10,24.58,%,Normal
1110330,703574,6024,2023-10-13,74.23,%,Normal
1110331,704166,6012,2022-06-28,49.43,mg/dL,Normal
1110332,702352,6013,2021-06-22,6.05,U/L,Normal
1110333,702117,6007,2022-02-09,33.82,mmol/L,Normal
1110334,701690,6004,2021-11-26,59.59,g/dL,Normal
1110335,706422,6018,2025-08-18,12.27,mmol/L,Normal
1110336,705356,6017,2021-05-21,43.52,mmol/L,Normal
1110337,705450,6010,2023-01-22,43.37,mmHg,Normal
1110338,705964,6006,2025-10-01,18.99,mmHg,Normal
1110339,705534,6004,2025-01-25,10.66,%,Low
1110340,700187,6018,2023-07-05,41.56,mmHg,Normal
1110341,706044,6006,2022-12-15,2.9,mmol/L,Normal
1110342,701301,6011,2024-02-02,91.76,mmol/L,Normal
1110343,700813,6019,2025-11-11,16.99,g/dL,Normal
1110344,700171,6021,2021-01-27,32.16,g/dL,Normal
1110345,704718,6014,2025-09-07,11.2,%,Low
1110346,700977,6006,2024-07-23,18.46,U/L,Normal
1110347,701880,6007,2024-02-25,16.64,mg/dL,Normal
1110348,700685,6015,2024-09-02,22.13,g/dL,Normal
1110349,705542,6013,2024-08-28,33.68,mmHg,Normal
1110350,705648,6019,2021-11-15,46.85,mg/dL,Low
1110351,702703,6025,2022-12-23,27.13,mmHg,Normal
1110352,702003,6008,2022-08-02,16.96,%,High
1110353,706163,6023,2021-09-08,10.51,%,Normal
1110354,703151,6012,2021-12-13,41.22,%,Low
1110355,701095,6001,2024-04-19,17.92,g/dL,Normal
1110356,701235,6018,2025-03-07,14.03,mg/dL,Normal
1110357,705623,6009,2021-03-14,41.54,mmHg,High
1110358,704613,6016,2023-03-11,34.14,mmHg,Normal
1110359,702152,6019,2022-11-03,8.72,mmol/L,Normal
1110360,700446,6001,2022-09-12,30.81,mmHg,Low
1110361,700946,6014,2025-08-29,10.33,%,High
1110362,702748,6022,2023-12-14,10.81,g/dL,High
1110363,701856,6009,2022-08-31,10.07,mmol/L,Normal
1110364,702572,6023,2024-01-22,14.96,mg/dL,Normal
1110365,704671,6001,2025-08-16,28.91,mmHg,Low
1110366,703668,6010,2025-11-18,15.96,mg/dL,Normal
1110367,705705,6006,2022-12-04,18.67,U/L,Normal
1110368,703348,6017,2023-10-21,55.58,%,Normal
1110369,706128,6026,2025-05-10,18.38,U/L,High
1110370,702596,6013,2021-02-12,17.43,%,Normal
1110371,701408,6007,2023-01-05,14.64,mmol/L,Normal
1110372,704631,6011,2023-08-11,47.44,%,High
1110373,705569,6006,2024-09-21,27.85,U/L,High
1110374,701842,6021,2023-10-09,8.24,U/L,Normal
1110375,703877,6004,2024-12-12,21.67,%,Normal
1110376,700325,6014,2024-08-14,32.98,mmHg,Normal
1110377,705545,6011,2024-10-18,14.48,U/L,High
1110378,705409,6017,2022-05-03,17.37,U/L,Normal
1110379,701710,6017,2023-03-18,8.58,mmHg,Low
1110380,706028,6002,2022-03-30,15.4,U/L,Normal
1110381,700584,6001,2024-11-12,8.36,g/dL,Normal
1110382,703563,6013,2022-01-18,10.95,g/dL,Normal
1110383,702027,6021,2022-10-16,12.98,%,High
1110384,700843,6004,2022-08-25,25.21,g/dL,Normal
1110385,701530,6004,2023-02-04,9.31,%,High
1110386,702785,6009,2024-09-10,38.19,U/L,Normal
1110387,701851,6024,2023-06-23,26.74,g/dL,High
1110388,705989,6002,2024-09-28,33.43,mmol/L,Normal
1110389,702139,6009,2024-05-27,7.94,mmol/L,High
1110390,705655,6018,2021-02-19,9.74,mmol/L,Normal
1110391,704920,6021,2024-01-23,14.7,mg/dL,Normal
1110392,701875,6010,2022-09-23,8.57,g/dL,Normal
1110393,704365,6012,2023-04-29,7.75,mmol/L,Normal
1110394,702752,6003,2024-11-02,14.62,mmHg,High
1110395,706405,6022,2025-05-25,32.03,U/L,Normal
1110396,701327,6019,2024-08-22,42.53,mmHg,Normal
1110397,706246,6002,2021-03-22,18.14,mg/dL,Normal
1110398,703535,6009,2023-07-07,10.67,mmol/L,Normal
1110399,705745,6005,2021-02-05,14.3,U/L,Low
1110400,704399,6026,2021-11-22,72.83,U/L,Normal
1110401,701962,6002,2024-11-25,16.55,%,Normal
1110402,701055,6013,2025-02-10,14.24,g/dL,Normal
1110403,702862,6007,2024-11-23,12.35,g/dL,Normal
1110404,705572,6022,2023-12-07,24.68,g/dL,Normal
1110405,703346,6009,2024-06-19,10.6,%,Normal
1110406,700655,6002,2025-04-05,12.01,U/L,Normal
1110407,702595,6016,2025-04-11,37.51,%,High
1110408,701318,6019,2022-04-13,6.82,U/L,High
1110409,704932,6014,2021-01-25,7.82,U/L,Normal
1110410,700642,6008,2024-10-10,49.95,mg/dL,Normal
1110411,704263,6010,2025-10-01,22.22,mg/dL,Normal
1110412,700627,6006,2022-04-27,51.0,mmol/L,Normal
1110413,702036,6021,2024-02-25,45.11,g/dL,Normal
1110414,704160,6001,2022-10-10,24.56,g/dL,Low
1110415,706348,6022,2025-03-09,18.35,%,Normal
1110416,706454,6015,2025-03-22,21.97,mmHg,Normal
1110417,704408,6021,2021-04-02,,mmol/L,Normal
1110418,702941,6021,2024-06-23,143.18,mmHg,Normal
1110419,705997,6015,2022-04-18,56.79,mmol/L,Critical
1110420,701947,6023,2022-02-20,15.7,%,Normal
1110421,702404,6007,2024-02-16,14.2,%,High
1110422,703500,6009,2022-10-10,22.08,%,High
1110423,700480,6012,2023-12-26,17.12,g/dL,High
1110424,701716,6012,2024-04-16,14.34,g/dL,Normal
1110425,700513,6009,2023-03-24,76.15,%,Normal
1110426,705661,6018,2021-03-14,85.72,%,Normal
1110427,701007,6024,2022-07-02,48.74,mmHg,Normal
1110428,702949,6013,2025-06-09,27.87,g/dL,Normal
1110429,704634,6018,2021-09-20,23.17,mg/dL,Normal
1110430,705177,6011,2025-02-21,14.57,U/L,Normal
1110431,703985,6015,2023-12-08,37.74,U/L,Critical
1110432,705404,6014,2025-02-25,9.1,mmHg,Normal
1110433,700675,6006,2021-05-17,43.47,mmHg,Low
1110434,700465,6013,2025-05-20,19.02,%,Normal
1110435,706219,6001,2025-01-09,10.27,g/dL,Normal
1110436,701972,6022,2023-09-09,16.83,%,High
1110437,705456,6005,2023-02-10,7.18,%,High
1110438,706116,6001,2021-03-14,6.98,mmHg,Normal
1110439,700047,6018,2024-05-01,31.62,g/dL,Normal
1110440,700973,6008,2023-04-18,24.23,mmol/L,Low
1110441,704571,6013,2022-08-15,35.16,U/L,Normal
1110442,702172,6004,2024-09-23,8.01,mg/dL,Low
1110443,703615,6016,2024-05-08,19.22,%,Normal
1110444,703766,6009,2025-11-20,35.89,mmHg,High
1110445,703123,6010,2023-11-23,44.05,mmol/L,Normal
1110446,702115,6022,2021-11-26,6.44,mmol/L,Normal
1110447,701452,6026,2024-07-01,41.36,g/dL,Normal
1110448,701708,6026,2024-11-16,5.44,mmHg,High
1110449,703734,6005,2023-04-11,9.34,mg/dL,Normal
1110450,700300,6023,2022-07-11,29.3,mg/dL,Normal
1110451,703936,6023,2025-05-18,32.75,U/L,Low
1110452,700582,6023,2023-11-16,25.85,mmol/L,Normal
1110453,704045,6016,2025-09-09,15.13,mmHg,Normal
1110454,702598,6023,2022-10-15,20.62,g/dL,Normal
1110455,705841,6003,2023-07-10,6.53,mmHg,Low
1110456,706232,6003,2023-03-09,42.22,mmol/L,Normal
1110457,702025,6015,2024-07-06,8.96,mg/dL,Low
1110458,701382,6026,2021-05-21,45.03,mmol/L,Normal
1110459,700687,6018,2023-06-10,17.03,g/dL,Normal
1110460,700334,6006,2025-01-16,10.89,%,High
1110461,704668,6026,2025-04-13,22.59,U/L,Normal
1110462,704486,6011,2021-12-20,21.0,g/dL,Normal
1110463,705288,6003,2021-09-16,11.58,mg/dL,Normal
1110464,700038,6019,2023-08-20,4.97,mg/dL,Normal
1110465,704416,6012,2025-06-02,15.01,U/L,High
1110466,702120,6011,2021-03-19,24.35,mmol/L,Normal
1110467,700346,6005,2024-08-06,61.8,g/dL,High
1110468,702414,6026,2022-07-13,11.23,mmol/L,Normal
1110469,701297,6005,2024-06-05,65.18,mmol/L,High
1110470,703026,6026,2023-06-15,5.5,%,Low
1110471,703755,6024,2024-12-21,10.18,mmHg,Normal
1110472,704094,6001,2025-06-05,63.33,g/dL,High
1110473,703298,6016,2022-08-09,10.58,mmol/L,Low
1110474,705882,6003,2021-07-17,14.71,mmHg,Normal
1110475,705166,6016,2025-11-03,23.8,mmol/L,Low
1110476,703652,6012,2024-03-03,244.03,%,Normal
1110477,702504,6010,2025-02-02,9.01,%,Normal
1110478,704061,6006,2022-04-13,47.27,mg/dL,Normal
1110479,702235,6009,2024-02-23,16.75,%,Low
1110480,701415,6006,2024-04-05,20.49,mmol/L,Normal
1110481,703934,6011,2025-03-20,19.77,mmol/L,Low
1110482,702148,6016,2024-12-24,45.31,mmol/L,Normal
1110483,700840,6012,2025-04-23,2.79,%,Normal
1110484,704892,6022,2022-02-17,21.82,%,High
1110485,705871,6024,2023-11-09,13.03,U/L,Normal
1110486,703976,6022,2023-07-03,4.63,mmol/L,Normal
1110487,700707,6001,2023-02-09,16.45,g/dL,Normal
1110488,700639,6020,2021-12-01,101.7,mg/dL,Normal
1110489,701549,6014,2022-05-11,69.62,mg/dL,Normal
1110490,700625,6023,2024-06-20,19.69,g/dL,Normal
1110491,705586,6012,2022-12-02,42.24,g/dL,Normal
1110492,701518,6022,2025-12-16,46.75,mg/dL,Normal
1110493,702148,6014,2024-03-24,20.13,mmol/L,Low
1110494,702967,6013,2021-05-17,64.74,mg/dL,Low
1110495,702038,6020,2024-12-23,2.19,U/L,Normal
1110496,700789,6024,2023-01-15,205.34,mmol/L,Normal
1110497,701903,6026,2025-10-26,9.91,%,Normal
1110498,703611,6005,2022-05-27,12.71,%,Normal
1110499,700344,6007,2025-11-21,61.69,%,High
1110500,700874,6009,2022-08-02,53.03,g/dL,Normal
1110501,704073,6001,2024-08-12,14.27,U/L,Normal
1110502,705525,6012,2022-01-27,23.54,mmol/L,Critical
1110503,703494,6003,2022-07-06,39.64,mmol/L,Normal
1110504,704088,6002,2022-03-05,3.36,g/dL,Normal
1110505,704066,6020,2025-01-18,19.8,U/L,Normal
1110506,704013,6024,2022-10-05,27.22,mmol/L,Low
1110507,702396,6017,2021-01-18,9.65,g/dL,Normal
1110508,701915,6026,2022-05-15,54.4,%,Normal
1110509,705591,6016,2022-09-21,26.55,mmHg,Low
1110510,703518,6021,2025-12-07,22.43,U/L,Normal
1110511,701712,6016,2023-04-09,9.6,mmol/L,Normal
1110512,700250,6014,2023-10-22,16.09,%,Normal
1110513,704598,6023,2024-03-03,62.96,mmHg,Normal
1110514,703178,6002,2022-01-06,18.7,%,Critical
1110515,701332,6022,2023-01-01,16.96,%,Low
1110516,700476,6008,2023-01-17,34.04,%,High
1110517,704022,6003,2023-11-04,28.3,U/L,Normal
1110518,701171,6016,2025-02-10,17.65,U/L,Normal
1110519,701395,6004,2022-07-08,20.87,U/L,Normal
1110520,700397,6020,2024-12-20,39.07,mmol/L,Normal
1110521,701732,6008,2021-10-22,22.23,mmHg,High
1110522,701905,6007,2023-04-21,8.55,mmol/L,Normal
1110523,704506,6020,2022-02-17,51.86,mmol/L,High
1110524,702866,6001,2021-02-20,17.06,U/L,Normal
1110525,702920,6023,2024-02-19,9.13,mmol/L,Normal
1110526,704265,6019,2025-06-01,11.07,U/L,Low
1110527,704255,6014,2025-06-07,19.53,U/L,Normal
1110528,702572,6017,2022-12-24,12.36,U/L,Normal
1110529,705090,6022,2022-08-08,22.55,mmHg,Normal
1110530,701343,6019,2024-01-30,40.79,U/L,Normal
1110531,702338,6020,2025-10-30,8.64,%,Normal
1110532,700280,6004,2023-11-16,43.72,%,Normal
1110533,705386,6006,2022-02-27,68.28,g/dL,Low
1110534,704663,6024,2024-06-04,7.88,mmol/L,Normal
1110535,705954,6026,2023-08-16,9.82,U/L,Normal
1110536,702781,6012,2023-11-17,20.66,g/dL,Normal
1110537,705145,6005,2021-07-28,11.19,U/L,Normal
1110538,706289,6018,2024-06-12,13.08,U/L,Normal
1110539,703887,6007,2022-09-22,31.78,g/dL,High
1110540,705842,6018,2025-05-10,24.61,U/L,Normal
1110541,703446,6022,2024-02-18,16.43,mg/dL,Normal
1110542,702114,6012,2025-02-21,6.54,mg/dL,Normal
1110543,704575,6002,2021-11-18,12.75,g/dL,Normal
1110544,703901,6001,2025-02-01,13.86,mg/dL,Normal
1110545,700052,6006,2023-03-29,11.97,g/dL,Normal
1110546,705298,6015,2023-08-10,29.37,g/dL,Normal
1110547,702694,6004,2024-07-03,17.54,g/dL,High
1110548,704505,6009,2022-02-12,9.64,U/L,Normal
1110549,702174,6005,2022-10-05,20.59,mmHg,High
1110550,703435,6004,2025-10-13,9.75,U/L,Normal
1110551,704841,6009,2022-04-16,61.28,g/dL,High
1110552,700081,6006,2023-07-28,18.21,mmol/L,Normal
1110553,702703,6024,2022-06-05,11.35,U/L,Normal
1110554,703785,6013,2022-03-28,8.27,U/L,Normal
1110555,701381,6022,2022-01-24,32.4,mmHg,Normal
1110556,700945,6015,2021-07-11,45.47,U/L,Normal
1110557,703468,6019,2025-01-27,17.15,U/L,Normal
1110558,701342,6013,2021-09-11,29.36,g/dL,High
1110559,700565,6017,2022-05-27,33.7,U/L,Normal
1110560,703562,6017,2025-04-09,60.49,mmHg,Normal
1110561,701666,6014,2022-10-11,8.47,g/dL,Normal
1110562,702626,6009,2024-11-16,69.85,mmol/L,Normal
1110563,704664,6025,2021-02-07,17.9,g/dL,Normal
1110564,706309,6026,2025-01-27,7.31,g/dL,High
1110565,704173,6016,2024-08-16,26.02,mmol/L,High
1110566,701628,6001,2021-06-22,72.2,g/dL,Low
1110567,705393,6025,2021-03-05,24.31,mg/dL,Normal
1110568,704942,6005,2022-10-06,75.32,%,Low
1110569,704327,6012,2021-03-06,15.77,mmHg,Normal
1110570,706348,6001,2024-01-21,25.97,U/L,Low
1110571,701828,6022,2025-04-05,14.93,g/dL,Normal
1110572,700746,6020,2024-03-01,24.26,mmol/L,Normal
1110573,700439,6023,2023-12-07,19.72,%,Normal
1110574,706389,6002,2024-12-22,9.38,U/L,Normal
1110575,701171,6003,2023-04-07,16.26,U/L,Normal
1110576,706360,6019,2025-05-21,40.55,%,Low
1110577,702817,6023,2023-10-02,30.43,mmol/L,Normal
1110578,703007,6003,2023-06-14,17.42,mmHg,Normal
1110579,702035,6026,2024-08-24,40.5,mmHg,Critical
1110580,703259,6025,2023-12-31,38.37,mmHg,Normal
1110581,701578,6001,2022-02-18,19.09,mmol/L,Normal
1110582,706167,6023,2023-11-29,11.48,U/L,High
1110583,700625,6016,2025-04-18,18.37,mmol/L,Normal
1110584,703967,6005,2023-10-05,28.54,U/L,Normal
1110585,703524,6017,2025-08-22,9.53,%,Normal
1110586,702306,6012,2022-05-09,34.98,mmHg,Normal
1110587,704574,6002,2024-10-21,19.43,U/L,Normal
1110588,700235,6008,2022-01-15,43.85,mmol/L,Low
1110589,706084,6020,2022-06-14,25.37,mmHg,Low
1110590,702938,6025,2025-02-01,7.94,U/L,Normal
1110591,705193,6008,2023-04-27,12.15,U/L,Normal
1110592,700803,6002,2024-02-17,25.43,%,Critical
1110593,705771,6025,2024-01-12,1.86,%,Normal
1110594,702351,6012,2022-11-02,17.01,U/L,Low
1110595,700900,6003,2024-01-01,16.88,%,Normal
1110596,703763,6001,2025-12-14,9.58,mmol/L,Normal
1110597,702882,6013,2021-04-29,13.3,%,Normal
1110598,704590,6009,2025-11-19,42.6,mmHg,Low
1110599,705719,6015,2023-09-18,17.68,mmHg,Normal
1110600,702044,6009,2025-01-11,49.6,mmol/L,High
1110601,700387,6009,2025-02-06,4.58,%,Normal
1110602,701383,6012,2025-10-09,11.86,U/L,Normal
1110603,703134,6007,2022-05-26,27.4,mg/dL,High
1110604,704906,6005,2021-05-04,12.48,mg/dL,Normal
1110605,703098,6026,2021-02-26,7.87,U/L,Normal
1110606,700954,6002,2022-08-01,20.47,g/dL,Normal
1110607,705314,6019,2025-05-06,26.24,mmHg,Normal
1110608,706476,6007,2024-01-02,37.11,U/L,Normal
1110609,703409,6025,2022-12-08,8.12,%,High
1110610,705984,6010,2023-02-07,49.58,mg/dL,Low
1110611,705479,6006,2022-04-08,20.89,%,High
1110612,705292,6004,2023-04-15,13.7,mg/dL,Normal
1110613,702560,6024,2023-04-03,5.3,g/dL,Normal
1110614,701084,6025,2024-01-15,14.94,%,Normal
1110615,701847,6004,2024-01-24,23.7,mmHg,Normal
1110616,705540,6021,2024-12-17,43.04,mg/dL,Normal
1110617,703917,6011,2025-12-16,44.74,mmol/L,High
1110618,702662,6023,2023-01-12,26.88,g/dL,Critical
1110619,700141,6026,2022-09-24,25.07,mmHg,Normal
1110620,704290,6007,2025-07-26,49.18,mg/dL,Normal
1110621,700332,6022,2021-06-10,9.25,U/L,Normal
1110622,700046,6007,2025-07-15,25.3,%,Normal
1110623,702260,6013,2024-01-06,39.51,U/L,High
1110624,704986,6014,2025-05-09,29.26,%,Normal
1110625,704589,6017,2025-02-19,14.92,mg/dL,Normal
1110626,704600,6011,2022-04-23,8.36,mg/dL,High
1110627,701029,6001,2025-03-24,5.88,mmol/L,Normal
1110628,700041,6017,2025-12-06,97.8,mmol/L,Low
1110629,703884,6023,2021-08-24,5.45,mmol/L,Normal
1110630,700066,6007,2023-12-31,16.94,U/L,Normal
1110631,700929,6023,2022-11-26,49.27,%,Normal
1110632,704954,6005,2021-10-13,8.1,mmHg,Low
1110633,700654,6021,2024-01-31,32.65,mmol/L,Normal
1110634,700576,6007,2022-05-19,7.79,%,Normal
1110635,705928,6016,2024-05-26,15.85,mmol/L,Normal
1110636,704044,6009,2021-01-10,16.84,mg/dL,Normal
1110637,702010,6002,2024-09-14,8.21,U/L,Normal
1110638,701382,6013,2021-12-25,12.42,mg/dL,High
1110639,703777,6001,2024-04-13,12.84,U/L,Low
1110640,701600,6026,2022-02-01,36.21,mg/dL,Critical
1110641,701780,6002,2023-09-15,10.95,%,Normal
1110642,704350,6018,2022-05-07,23.68,mg/dL,Normal
1110643,705894,6022,2022-11-09,26.73,mmHg,Normal
1110644,705496,6020,2021-11-04,47.37,%,Normal
1110645,700563,6016,2021-10-20,,mmHg,High
1110646,700987,6016,2022-04-12,17.02,%,Normal
1110647,706160,6017,2024-02-04,8.69,%,Normal
1110648,703185,6010,2025-08-17,89.54,mg/dL,Normal
1110649,703629,6023,2025-07-24,10.12,%,Normal
1110650,704586,6025,2023-06-14,21.08,mmHg,Low
1110651,701705,6021,2023-07-31,8.35,g/dL,Normal
1110652,705416,6012,2025-12-12,5.36,mmHg,Normal
1110653,700352,6021,2021-11-16,29.61,g/dL,Low
1110654,706072,6004,2024-05-01,22.98,mg/dL,High
1110655,703249,6012,2024-11-17,43.32,U/L,Normal
1110656,702872,6004,2022-01-27,15.32,mg/dL,High
1110657,701012,6012,2021-05-26,9.26,%,Normal
1110658,703364,6007,2025-11-07,12.25,%,High
1110659,702933,6008,2023-12-30,52.37,mmol/L,Normal
1110660,706454,6005,2022-02-04,30.88,U/L,Low
1110661,705272,6005,2022-08-08,35.75,mmHg,Normal
1110662,702891,6025,2025-10-26,88.5,mg/dL,Low
1110663,704772,6009,2024-11-29,35.88,mg/dL,High
1110664,701998,6017,2022-06-29,30.18,mmHg,Normal
1110665,702580,6025,2025-11-22,15.38,mg/dL,Normal
1110666,704400,6004,2024-06-11,45.88,mmHg,Normal
1110667,702057,6021,2021-10-17,24.85,mmHg,Normal
1110668,702722,6015,2025-06-05,33.76,mg/dL,Normal
1110669,705079,6016,2022-11-14,7.48,%,High
1110670,703293,6013,2025-04-06,20.15,mg/dL,Low
1110671,703176,6002,2023-08-21,30.78,mmol/L,Low
1110672,706215,6015,2023-06-16,18.63,mmHg,Normal
1110673,703516,6013,2023-09-19,11.17,mg/dL,Normal
1110674,703251,6022,2022-10-07,20.92,mg/dL,Normal
1110675,704241,6023,2024-04-01,19.31,g/dL,Normal
1110676,702179,6002,2022-03-26,28.92,U/L,Normal
1110677,702617,6003,2023-09-05,28.23,g/dL,Normal
1110678,705749,6022,2022-12-07,15.93,g/dL,Normal
1110679,705566,6005,2022-10-04,17.81,g/dL,Normal
1110680,702346,6002,2022-10-05,10.47,g/dL,High
1110681,703606,6010,2024-12-12,27.56,U/L,Normal
1110682,702197,6014,2024-07-23,19.52,g/dL,Normal
1110683,706077,6019,2022-08-19,20.47,mmol/L,Low
1110684,706189,6023,2025-09-05,11.83,U/L,Normal
1110685,701046,6012,2022-05-01,9.83,mg/dL,Critical
1110686,704902,6006,2025-02-01,22.73,mmHg,Normal
1110687,702803,6009,2021-01-23,9.6,%,Normal
1110688,706269,6024,2021-03-13,13.92,U/L,Low
1110689,701246,6023,2023-11-18,14.15,mmol/L,Normal
1110690,706222,6026,2025-03-25,3.39,%,Low
1110691,700231,6013,2023-05-16,19.65,U/L,Normal
1110692,705850,6013,2022-02-14,9.73,mmHg,High
1110693,702781,6006,2024-08-30,51.94,U/L,Low
1110694,700155,6018,2021-05-28,25.25,g/dL,Low
1110695,701941,6006,2024-07-30,13.34,mmol/L,Low
1110696,704349,6011,2023-03-25,5.33,mmol/L,High
1110697,706384,6003,2024-03-29,11.54,mg/dL,Normal
1110698,703764,6026,2022-07-31,14.2,mmHg,Normal
1110699,702605,6006,2023-06-18,45.44,mmHg,Normal
1110700,703412,6009,2022-06-19,47.94,U/L,Low
1110701,704211,6006,2021-03-01,25.46,g/dL,Normal
1110702,703983,6013,2025-09-19,32.54,mmHg,High
1110703,704836,6002,2021-08-20,25.18,mg/dL,High
1110704,706019,6007,2021-08-13,58.23,mmol/L,Normal
1110705,701831,6016,2024-05-12,57.69,mmol/L,Normal
1110706,705719,6004,2021-09-10,16.48,g/dL,Normal
1110707,701265,6023,2024-06-20,16.17,mmHg,Normal
1110708,704495,6022,2024-07-02,15.34,mg/dL,Normal
1110709,705787,6019,2023-01-12,18.42,%,Normal
1110710,700492,6023,2023-12-14,14.78,g/dL,Normal
1110711,700495,6006,2023-04-25,57.06,mmHg,Normal
1110712,701520,6026,2023-04-02,27.62,mmol/L,Normal
1110713,702032,6025,2022-10-21,24.85,mg/dL,Normal
1110714,702837,6011,2023-07-28,19.28,mmol/L,Normal
1110715,700275,6002,2024-02-28,20.19,mmHg,Normal
1110716,703358,6018,2022-07-07,6.35,mmol/L,Normal
1110717,700617,6008,2025-01-18,26.71,U/L,Normal
1110718,704378,6001,2021-06-19,10.8,mg/dL,Critical
1110719,700771,6014,2024-06-29,6.74,U/L,Normal
1110720,701872,6022,2024-03-06,19.07,U/L,Normal
1110721,702681,6020,2022-10-10,18.9,mmHg,Normal
1110722,702495,6001,2023-10-02,22.53,%,High
1110723,704232,6011,2021-12-11,78.25,%,Normal
1110724,703758,6007,2025-07-23,12.0,%,High
1110725,704664,6019,2025-07-01,24.0,g/dL,Low
1110726,701868,6014,2022-07-07,25.29,mmol/L,Normal
1110727,704749,6023,2021-09-15,28.05,mmol/L,Normal
1110728,703288,6026,2022-02-13,18.96,mmol/L,High
1110729,701290,6017,2024-02-03,9.33,mg/dL,Critical
1110730,701969,6012,2022-10-11,5.87,mg/dL,Normal
1110731,701634,6008,2021-05-07,14.11,mmHg,Low
1110732,703706,6009,2023-11-23,12.75,%,Normal
1110733,700046,6009,2021-02-09,27.72,mg/dL,Normal
1110734,705584,6013,2023-10-11,39.93,mmHg,Normal
1110735,703791,6002,2024-01-22,15.77,U/L,Normal
1110736,705584,6007,2021-03-16,32.94,%,Normal
1110737,701562,6014,2021-04-13,18.52,g/dL,Low
1110738,705058,6012,2022-09-19,19.59,mmHg,Normal
1110739,706401,6023,2024-02-26,6.95,U/L,Low
1110740,703318,6005,2024-09-15,28.84,U/L,Normal
1110741,700584,6009,2025-03-02,10.99,mg/dL,High
1110742,703471,6004,2021-05-21,36.81,mmol/L,Normal
1110743,704722,6001,2021-08-14,53.86,%,Normal
1110744,702792,6003,2024-09-16,15.92,g/dL,Normal
1110745,700440,6016,2024-10-09,46.54,mg/dL,Normal
1110746,704824,6013,2025-12-06,35.18,g/dL,Normal
1110747,700479,6020,2024-04-23,54.06,mg/dL,Low
1110748,702848,6022,2025-11-09,17.46,%,Low
1110749,704964,6024,2021-01-06,5.74,%,Low
1110750,701363,6012,2025-08-02,14.77,%,Normal
1110751,701993,6025,2024-02-08,28.35,mg/dL,Low
1110752,705481,6005,2023-06-25,14.36,mmol/L,High
1110753,700760,6020,2024-08-22,4.74,mmHg,Normal
1110754,705632,6005,2025-11-30,10.65,mg/dL,Normal
1110755,705112,6009,2023-06-10,25.16,g/dL,Normal
1110756,701328,6013,2021-12-29,12.87,U/L,Low
1110757,702253,6025,2021-10-06,21.83,mmol/L,Normal
1110758,700815,6004,2023-04-06,17.67,%,High
1110759,703501,6005,2023-10-26,26.65,g/dL,Normal
1110760,703162,6014,2023-01-07,14.28,U/L,Normal
1110761,703171,6008,2025-02-11,26.89,%,Normal
1110762,703968,6024,2022-11-15,,mmHg,Normal
1110763,701540,6024,2022-02-25,6.34,g/dL,Low
1110764,700653,6010,2025-06-15,73.12,%,Normal
1110765,705689,6010,2024-01-24,66.02,g/dL,Normal
1110766,704377,6008,2022-08-26,7.68,g/dL,High
1110767,705486,6010,2024-03-18,13.57,U/L,Normal
1110768,702079,6006,2022-12-26,11.24,U/L,Low
1110769,700425,6015,2021-11-15,72.59,g/dL,Normal
1110770,705483,6023,2021-06-16,27.23,mmol/L,Normal
1110771,701801,6011,2025-04-17,10.17,g/dL,Normal
1110772,703224,6005,2024-03-02,11.47,g/dL,Normal
1110773,702409,6016,2021-06-16,47.22,mmol/L,Normal
1110774,706350,6015,2023-09-01,6.82,mmol/L,Normal
1110775,701249,6011,2025-04-24,12.51,%,Normal
1110776,703310,6023,2021-01-07,28.12,mg/dL,Normal
1110777,700514,6004,2022-09-30,8.88,mmHg,High
1110778,701089,6002,2025-02-22,17.18,mmol/L,Normal
1110779,704285,6021,2023-09-17,54.61,U/L,High
1110780,702521,6023,2023-09-12,7.2,U/L,Normal
1110781,702568,6023,2022-04-29,12.63,mmol/L,Normal
1110782,700899,6010,2023-11-28,20.9,U/L,Normal
1110783,702763,6020,2022-01-15,14.07,mmol/L,High
1110784,705908,6011,2022-11-05,14.75,%,Normal
1110785,704308,6006,2023-08-28,6.44,U/L,Normal
1110786,706323,6005,2022-02-16,13.5,%,High
1110787,702019,6026,2024-03-28,9.34,mmol/L,High
1110788,704589,6026,2023-01-28,20.99,g/dL,Normal
1110789,705180,6014,2024-07-10,5.6,mmol/L,Normal
1110790,705933,6015,2023-04-29,26.23,U/L,Normal
1110791,700245,6023,2022-02-23,53.89,U/L,Normal
1110792,701485,6011,2024-05-05,21.44,mmHg,High
1110793,702288,6012,2022-02-22,4.52,mmol/L,Normal
1110794,702909,6002,2021-11-27,67.61,mmol/L,Normal
1110795,701583,6018,2021-03-14,40.28,U/L,Normal
1110796,701862,6013,2023-08-13,27.71,mg/dL,Low
1110797,705125,6017,2021-12-20,29.89,%,Normal
1110798,703188,6011,2023-05-28,21.51,%,Normal
1110799,704984,6026,2025-03-11,23.2,g/dL,High
1110800,703042,6004,2021-08-13,46.3,%,Normal
1110801,703248,6025,2022-08-03,11.61,mg/dL,High
1110802,703841,6004,2025-04-21,5.02,mmHg,Normal
1110803,702759,6017,2025-12-02,87.22,%,Normal
1110804,702399,6003,2024-12-08,28.9,U/L,Critical
1110805,706064,6022,2021-09-04,16.59,mmol/L,Normal
1110806,704383,6020,2025-09-05,13.48,mg/dL,Normal
1110807,706064,6005,2023-06-23,14.87,%,Low
1110808,704686,6018,2023-05-17,36.46,g/dL,Normal
1110809,704539,6019,2022-06-05,50.85,U/L,Normal
1110810,705119,6007,2025-01-13,26.9,mg/dL,Normal
1110811,700795,6011,2025-03-17,12.17,mmol/L,Normal
1110812,704895,6003,2022-09-19,14.9,U/L,High
1110813,703582,6011,2022-04-03,60.82,mmol/L,Normal
1110814,704380,6001,2024-07-14,7.24,U/L,Normal
1110815,705975,6026,2023-09-15,17.46,mmHg,Normal
1110816,701900,6001,2022-10-15,25.4,%,Normal
1110817,700269,6005,2024-06-22,25.65,mmol/L,Normal
1110818,700586,6023,2024-03-19,6.61,mmHg,Normal
1110819,704174,6018,2024-03-21,13.36,U/L,Normal
1110820,700124,6012,2024-07-10,25.79,mmHg,Normal
1110821,701653,6019,2025-10-29,17.07,mmHg,Normal
1110822,705444,6011,2023-01-03,2.86,mmol/L,Normal
1110823,705607,6002,2022-06-29,18.2,U/L,Normal
1110824,702824,6001,2022-03-12,13.85,%,Low
1110825,706427,6004,2024-07-31,19.49,g/dL,Critical
1110826,704985,6026,2025-10-20,9.06,%,Normal
1110827,702747,6013,2022-11-10,32.38,g/dL,Normal
1110828,701651,6012,2023-12-06,26.12,g/dL,Normal
1110829,706021,6010,2023-02-18,44.02,mg/dL,Normal
1110830,706192,6006,2021-06-14,25.65,mmHg,Normal
1110831,704172,6003,2021-09-05,20.76,mmol/L,Normal
1110832,700015,6022,2021-12-11,14.87,mg/dL,Low
1110833,705482,6002,2025-04-26,8.87,mmHg,Normal
1110834,702647,6018,2021-09-11,61.03,U/L,Normal
1110835,705589,6017,2023-03-30,7.07,mg/dL,Low
1110836,704387,6024,2022-07-01,26.29,mg/dL,Normal
1110837,705036,6021,2021-08-15,36.12,g/dL,Normal
1110838,704975,6025,2023-03-23,48.48,g/dL,Normal
1110839,702335,6016,2025-02-21,8.91,mmHg,Normal
1110840,704432,6013,2022-07-07,44.68,mmHg,Normal
1110841,702306,6021,2022-01-01,12.18,mmHg,Critical
1110842,705473,6012,2022-09-01,14.31,mmHg,Normal
1110843,701415,6019,2024-11-13,28.77,mmHg,Low
1110844,702560,6003,2025-03-03,54.28,U/L,Normal
1110845,700066,6019,2025-08-30,14.28,mg/dL,Normal
1110846,701296,6005,2023-06-24,17.08,g/dL,Low
1110847,703501,6015,2024-02-29,34.63,%,Critical
1110848,701856,6005,2023-11-12,17.01,mg/dL,Normal
1110849,703433,6004,2022-11-18,24.01,mmHg,Normal
1110850,704953,6015,2023-03-27,70.24,mmol/L,High
1110851,700244,6002,2023-09-10,21.19,mg/dL,Normal
1110852,705033,6018,2024-04-24,27.7,mmHg,Normal
1110853,701274,6004,2022-11-09,7.79,U/L,Normal
1110854,701908,6008,2023-08-12,11.53,g/dL,Normal
1110855,700284,6008,2025-11-23,29.59,mg/dL,Normal
1110856,706472,6001,2025-01-10,25.47,mmol/L,Normal
1110857,705373,6016,2021-05-19,18.94,g/dL,Normal
1110858,705954,6025,2024-11-10,26.45,mmol/L,High
1110859,703453,6026,2021-04-24,18.37,mmHg,Normal
1110860,700056,6008,2021-06-12,17.92,U/L,Normal
1110861,704829,6002,2021-05-06,34.42,mg/dL,Normal
1110862,704407,6009,2023-01-20,57.58,U/L,Normal
1110863,700625,6003,2023-09-30,15.95,mg/dL,Normal
1110864,701056,6021,2023-07-26,6.77,mg/dL,Normal
1110865,706326,6024,2023-11-28,24.12,U/L,Normal
1110866,704419,6017,2023-01-05,17.51,U/L,Normal
1110867,700483,6012,2024-07-08,8.94,U/L,High
1110868,705287,6008,2025-04-24,20.46,mmHg,Normal
1110869,706194,6019,2021-07-28,26.09,mg/dL,Critical
1110870,703848,6011,2024-07-25,40.24,mg/dL,Low
1110871,701550,6018,2025-07-07,21.36,%,Normal
1110872,703551,6015,2022-11-06,43.1,mmHg,Normal
1110873,704075,6018,2025-11-30,13.9,U/L,Low
1110874,702826,6014,2021-10-03,13.33,mmHg,Normal
1110875,706230,6021,2025-07-15,40.08,mg/dL,Normal
1110876,703251,6024,2025-09-07,13.17,%,Normal
1110877,704473,6026,2024-12-27,43.17,mmol/L,Normal
1110878,705640,6001,2021-12-08,7.52,mmol/L,Normal
1110879,703230,6021,2025-03-09,30.26,mmol/L,Normal
1110880,704467,6009,2023-03-24,28.73,mmol/L,High
1110881,703138,6018,2025-06-09,13.1,mmHg,Low
1110882,704534,6010,2023-02-23,49.99,mmHg,Low
1110883,705102,6008,2025-03-14,12.02,U/L,Low
1110884,702778,6026,2021-11-13,57.0,mmHg,Normal
1110885,701169,6012,2025-02-21,37.98,g/dL,Normal
1110886,703751,6020,2022-02-26,40.17,mmHg,Normal
1110887,704205,6008,2025-02-21,26.82,mmol/L,Normal
1110888,700733,6003,2022-03-10,8.01,g/dL,High
1110889,701631,6025,2023-10-16,24.44,mmol/L,Normal
1110890,703978,6015,2021-06-28,21.25,mmol/L,Normal
1110891,700695,6006,2022-04-17,133.56,mmHg,Normal
1110892,704928,6007,2023-06-11,23.94,mmHg,High
1110893,701095,6024,2023-09-10,9.85,mg/dL,Low
1110894,703432,6006,2024-06-02,15.59,g/dL,Normal
1110895,704484,6026,2024-12-27,10.66,mmHg,Normal
1110896,705280,6012,2022-04-28,6.65,mg/dL,High
1110897,700824,6017,2022-04-25,37.24,mmHg,Critical
1110898,700616,6004,2024-06-28,4.34,mmHg,Normal
1110899,705226,6024,2024-12-29,7.7,%,Normal
1110900,702075,6022,2022-01-12,,%,Normal
1110901,702705,6011,2023-10-06,29.07,mg/dL,Normal
1110902,704267,6016,2023-12-25,69.24,U/L,High
1110903,702527,6020,2024-10-27,10.15,%,High
1110904,705233,6016,2024-02-14,9.27,%,Normal
1110905,701099,6005,2022-01-18,14.31,mmHg,Normal
1110906,706393,6008,2023-03-06,37.51,mmol/L,Normal
1110907,706480,6003,2024-10-05,38.02,g/dL,Normal
1110908,700792,6020,2025-06-14,13.98,mmHg,Normal
1110909,703328,6017,2023-12-16,9.04,%,Normal
1110910,705427,6007,2025-05-16,34.0,U/L,High
1110911,704521,6018,2023-07-27,23.2,U/L,Low
1110912,700960,6022,2024-05-28,23.61,g/dL,Normal
1110913,703957,6026,2022-11-15,14.36,U/L,Normal
1110914,704770,6010,2025-06-29,19.32,mmHg,Low
1110915,700122,6004,2024-04-06,1.94,mmHg,Low
1110916,703364,6024,2025-10-10,14.61,%,Low
1110917,702502,6017,2024-09-15,13.76,mmol/L,High
1110918,703160,6012,2022-03-10,12.29,mmol/L,Normal
1110919,704787,6002,2023-05-07,34.72,%,Normal
1110920,704375,6019,2021-07-14,22.83,U/L,Normal
1110921,704596,6020,2023-02-13,10.63,mmol/L,Normal
1110922,703308,6017,2024-06-12,14.89,U/L,Normal
1110923,701818,6009,2022-09-17,5.55,mmHg,Normal
1110924,705332,6011,2024-10-06,22.94,mg/dL,High
1110925,706064,6025,2023-04-16,38.55,mmol/L,High
1110926,703809,6019,2021-03-31,25.2,%,Low
1110927,702000,6022,2023-11-15,52.53,%,Normal
1110928,700055,6025,2025-12-27,12.41,mmol/L,High
1110929,703327,6006,2023-06-27,12.01,mg/dL,Normal
1110930,704609,6003,2023-02-09,19.93,g/dL,Normal
1110931,700471,6001,2023-08-23,37.76,U/L,Normal
1110932,702036,6022,2021-12-12,20.03,%,Normal
1110933,702129,6007,2025-03-15,15.88,mmHg,High
1110934,704386,6019,2024-06-27,39.06,g/dL,Normal
1110935,705103,6002,2021-11-14,16.59,g/dL,Normal
1110936,702607,6019,2022-03-01,16.35,mmHg,Normal
1110937,705517,6001,2022-01-30,9.41,%,Normal
1110938,700904,6003,2023-12-14,11.73,mg/dL,Normal
1110939,705544,6025,2025-07-12,5.51,mmHg,Low
1110940,703185,6018,2025-05-22,52.85,g/dL,Normal
1110941,705239,6021,2022-09-07,18.25,mmol/L,Normal
1110942,700830,6014,2024-09-15,19.88,mmol/L,Critical
1110943,702451,6024,2022-11-16,43.51,%,Low
1110944,704135,6003,2021-11-22,16.54,mmol/L,Normal
1110945,702330,6002,2023-01-11,104.65,g/dL,High
1110946,700662,6025,2022-04-04,21.64,g/dL,High
1110947,704256,6019,2021-08-16,29.38,mg/dL,Normal
1110948,703495,6023,2023-01-11,68.43,mmol/L,Normal
1110949,704002,6003,2022-08-24,55.98,U/L,Normal
1110950,705735,6002,2024-03-23,17.13,%,Normal
1110951,702167,6008,2025-04-27,8.16,U/L,Low
1110952,702007,6019,2025-08-31,15.83,U/L,Critical
1110953,705431,6008,2021-05-15,48.07,mg/dL,Normal
1110954,705210,6016,2023-06-21,13.36,mmol/L,Normal
1110955,700652,6009,2023-08-04,19.84,U/L,Low
1110956,702552,6020,2023-02-20,23.33,mg/dL,Normal
1110957,704227,6008,2025-03-14,39.92,mmHg,High
1110958,703565,6013,2021-04-02,19.61,mg/dL,Normal
1110959,702563,6006,2021-05-03,31.99,mmol/L,Normal
1110960,705386,6018,2025-10-29,14.44,mmol/L,Normal
1110961,703319,6025,2021-05-30,12.6,U/L,High
1110962,701151,6007,2025-12-18,17.08,mmol/L,Normal
1110963,700949,6008,2024-07-11,14.61,U/L,Low
1110964,701989,6014,2025-09-15,36.03,%,Normal
1110965,706372,6002,2025-09-01,66.52,U/L,Normal
1110966,700120,6010,2021-03-01,37.5,mmol/L,High
1110967,704672,6001,2025-01-02,27.56,g/dL,High
1110968,702527,6025,2024-09-11,60.33,%,Normal
1110969,701265,6024,2023-06-18,31.43,mg/dL,Low
1110970,705665,6005,2021-07-11,14.43,mmol/L,Low
1110971,705572,6024,2025-08-22,28.39,mmol/L,High
1110972,705706,6021,2022-02-25,14.78,%,Normal
1110973,705430,6015,2023-04-11,31.19,mg/dL,Critical
1110974,705756,6019,2025-02-14,3.99,U/L,Normal
1110975,700723,6005,2025-11-28,15.82,%,Normal
1110976,701404,6007,2023-02-02,10.12,%,Normal
1110977,705052,6004,2025-09-03,14.7,mg/dL,Normal
1110978,704177,6012,2025-08-06,46.01,mg/dL,Normal
1110979,705907,6012,2024-12-17,25.19,U/L,Normal
1110980,704723,6020,2025-04-01,2.98,%,Normal
1110981,701647,6026,2021-07-20,125.68,g/dL,Normal
1110982,704141,6012,2021-01-02,10.25,U/L,Normal
1110983,703480,6008,2022-11-15,4.65,mg/dL,Normal
1110984,702653,6015,2021-08-16,20.22,mg/dL,Normal
1110985,700605,6004,2024-01-12,31.87,mmol/L,Low
1110986,702034,6011,2025-05-18,32.36,U/L,Normal
1110987,706255,6022,2023-12-28,20.18,mg/dL,Normal
1110988,705597,6011,2022-03-21,16.89,%,Normal
1110989,700023,6016,2023-04-28,31.67,mg/dL,Normal
1110990,700927,6026,2021-03-24,79.09,mmHg,Critical
1110991,702116,6018,2024-01-12,25.35,U/L,Normal
1110992,701285,6006,2021-03-29,13.6,U/L,Normal
1110993,704398,6015,2024-05-10,27.36,g/dL,High
1110994,700515,6001,2025-11-04,38.31,U/L,Normal
1110995,703404,6019,2025-12-20,45.97,%,High
1110996,703227,6002,2022-09-07,71.48,mmHg,Normal
1110997,704794,6016,2021-08-14,34.64,U/L,Normal
1110998,702566,6021,2025-12-13,18.07,mmHg,Normal
1110999,703374,6025,2023-01-08,23.6,mmHg,Normal
1111000,701284,6009,2025-08-07,41.25,mmHg,Low
1111001,706158,6012,2024-09-16,27.22,mg/dL,High
1111002,704265,6021,2022-06-24,110.81,g/dL,High
1111003,705770,6026,2024-03-24,8.26,U/L,Normal
1111004,702790,6023,2021-04-08,8.49,U/L,Normal
1111005,700562,6019,2024-05-15,15.07,g/dL,Low
1111006,706349,6021,2024-04-25,6.89,mg/dL,High
1111007,701202,6007,2025-10-30,25.8,%,Normal
1111008,706348,6011,2023-11-01,42.12,U/L,Normal
1111009,701148,6007,2024-08-29,27.67,%,Normal
1111010,701290,6004,2025-07-16,,mmHg,Normal
1111011,702459,6015,2022-10-03,14.49,mmol/L,Normal
1111012,704939,6015,2023-05-05,20.07,g/dL,Normal
1111013,702716,6019,2024-11-28,19.05,mmol/L,Normal
1111014,701260,6017,2025-09-19,11.23,g/dL,Low
1111015,705199,6025,2024-12-29,9.31,mmHg,Normal
1111016,705131,6001,2025-11-04,43.72,mmol/L,Normal
1111017,703035,6026,2022-04-28,11.45,g/dL,Normal
1111018,700995,6003,2023-07-25,58.06,mg/dL,Normal
1111019,704563,6018,2024-09-25,10.64,g/dL,Normal
1111020,702371,6021,2025-05-29,18.85,mmHg,Normal
1111021,704377,6016,2023-07-28,16.43,U/L,Normal
1111022,702528,6024,2025-11-28,21.6,U/L,Normal
1111023,701877,6026,2021-06-17,32.51,%,Normal
1111024,706405,6012,2024-12-17,20.16,%,Normal
1111025,701201,6021,2022-02-06,30.55,%,Normal
1111026,705435,6006,2022-12-12,11.42,mg/dL,Normal
1111027,701833,6010,2025-05-06,18.15,mmol/L,Low
1111028,703427,6011,2021-05-08,16.87,mmol/L,Low
1111029,704444,6026,2025-02-22,27.12,mg/dL,Normal
1111030,703587,6011,2022-10-27,15.25,g/dL,High
1111031,702735,6007,2022-11-23,18.16,%,Normal
1111032,702319,6005,2023-04-09,9.34,mmHg,Normal
1111033,700131,6007,2022-03-02,27.16,mg/dL,Normal
1111034,700801,6005,2022-06-08,7.3,mmHg,Low
1111035,700835,6004,2023-01-02,13.88,%,High
1111036,701184,6003,2021-07-21,21.63,g/dL,Normal
1111037,703216,6026,2024-03-17,10.46,mmol/L,Normal
1111038,704833,6002,2023-04-27,40.14,%,Low
1111039,701903,6001,2022-12-05,13.09,mmHg,Normal
1111040,704095,6026,2021-08-11,30.35,mmHg,Normal
1111041,702686,6023,2024-10-02,26.66,mmHg,Normal
1111042,700241,6013,2023-01-31,42.43,g/dL,High
1111043,704713,6018,2023-11-09,9.06,%,Normal
1111044,705641,6013,2022-01-10,8.89,U/L,Normal
1111045,703946,6022,2021-03-12,9.77,mmHg,Low
1111046,703220,6008,2024-08-13,26.69,U/L,Low
1111047,701774,6006,2025-01-05,63.36,mmol/L,Normal
1111048,700793,6006,2024-07-04,25.92,mg/dL,Normal
1111049,703046,6005,2021-04-15,35.78,mmHg,Critical
1111050,700782,6002,2025-04-20,13.64,mmol/L,Normal
1111051,702484,6023,2025-12-06,20.53,g/dL,Normal
1111052,703034,6004,2022-02-24,18.17,g/dL,Critical
1111053,705126,6019,2022-01-12,24.26,U/L,Normal
1111054,704859,6017,2023-12-04,28.6,mg/dL,Normal
1111055,702592,6002,2024-07-31,15.11,g/dL,High
1111056,702257,6001,2022-07-05,39.04,%,Normal
1111057,704647,6024,2024-07-26,51.01,mmol/L,Normal
1111058,703387,6018,2024-01-23,12.87,g/dL,Normal
1111059,704196,6005,2022-11-18,9.12,mmol/L,Normal
1111060,705972,6023,2022-03-08,29.03,mg/dL,Low
1111061,702436,6002,2025-07-23,112.25,g/dL,Normal
1111062,701090,6010,2021-01-31,8.26,mmHg,Normal
1111063,706315,6021,2022-02-21,3.34,mg/dL,Normal
1111064,703195,6005,2024-03-10,11.77,mg/dL,High
1111065,706409,6026,2023-10-24,16.97,g/dL,Normal
1111066,704003,6008,2023-01-24,31.65,g/dL,Normal
1111067,702235,6004,2021-10-25,12.58,g/dL,Low
1111068,701231,6022,2021-10-25,11.35,%,Low
1111069,701533,6004,2025-10-17,13.65,mg/dL,High
1111070,701626,6001,2025-08-09,13.97,g/dL,Normal
1111071,704024,6001,2023-09-29,6.5,U/L,Normal
1111072,704297,6008,2021-08-22,15.35,U/L,Normal
1111073,704508,6004,2021-04-10,34.93,g/dL,High
1111074,700956,6009,2021-01-02,9.67,mmHg,Low
1111075,700296,6018,2021-08-23,21.08,mg/dL,Low
1111076,701756,6004,2025-06-29,5.35,%,Normal
1111077,703242,6015,2022-12-22,20.79,mmHg,Normal
1111078,700669,6008,2022-04-05,32.02,g/dL,Normal
1111079,704255,6020,2023-04-28,18.4,g/dL,Normal
1111080,704856,6018,2024-12-10,14.55,mmol/L,Low
1111081,706456,6008,2022-07-09,22.3,%,Normal
1111082,702890,6009,2023-05-24,26.48,g/dL,Low
1111083,705576,6017,2024-10-29,29.33,%,Normal
1111084,705232,6005,2022-02-18,24.06,%,Low
1111085,705456,6021,2022-07-02,10.16,mmHg,Normal
1111086,706066,6020,2024-03-24,16.75,%,Normal
1111087,703873,6020,2023-03-27,9.29,mg/dL,High
1111088,702966,6004,2022-12-21,21.88,mg/dL,Normal
1111089,704374,6001,2025-04-05,11.58,U/L,High
1111090,702679,6013,2023-07-31,25.74,mmol/L,Low
1111091,705832,6017,2025-09-10,21.33,U/L,Normal
1111092,703014,6010,2024-12-15,17.41,mmHg,Critical
1111093,703658,6026,2025-06-10,36.78,U/L,Normal
1111094,703658,6011,2021-09-23,9.75,mmHg,Normal
1111095,706284,6010,2025-04-25,12.63,U/L,High
1111096,704191,6016,2023-02-27,6.94,mg/dL,Normal
1111097,704961,6014,2022-10-27,11.99,%,Normal
1111098,705451,6004,2021-12-01,10.78,%,High
1111099,703752,6008,2021-07-15,50.41,mg/dL,High
1111100,704718,6024,2023-02-15,20.0,mg/dL,Normal
1111101,704352,6017,2024-08-21,12.79,U/L,Normal
1111102,701852,6019,2021-05-10,9.2,U/L,Critical
1111103,706271,6024,2022-10-02,8.19,g/dL,Normal
1111104,702333,6022,2022-01-21,9.83,mg/dL,High
1111105,704044,6003,2024-02-04,31.49,U/L,Normal
1111106,703139,6023,2024-11-29,22.68,U/L,Normal
1111107,705452,6002,2022-09-15,10.23,g/dL,Normal
1111108,701259,6010,2021-07-23,34.24,mmol/L,High
1111109,700453,6013,2022-06-06,12.24,g/dL,Normal
1111110,702116,6024,2021-07-04,20.61,U/L,High
1111111,705906,6016,2024-09-01,9.12,mmol/L,Low
1111112,706212,6013,2024-01-20,32.68,mg/dL,Normal
1111113,700010,6018,2021-05-14,38.53,mmol/L,Normal
1111114,704630,6016,2024-01-18,13.33,g/dL,High
1111115,704986,6001,2022-01-22,12.09,mmol/L,Normal
1111116,701078,6008,2024-09-18,12.67,mmol/L,Normal
1111117,703340,6022,2025-10-17,22.84,g/dL,Normal
1111118,704955,6001,2023-07-02,7.24,%,Normal
1111119,706394,6026,2021-06-07,20.85,U/L,Normal
1111120,700828,6004,2025-03-25,66.56,U/L,Critical
1111121,704730,6024,2023-05-03,17.95,%,Normal
1111122,704543,6017,2021-10-31,13.1,U/L,Normal
1111123,701996,6004,2021-06-28,13.88,mmHg,High
1111124,701030,6002,2021-02-11,6.42,mmHg,Normal
1111125,702960,6016,2023-07-09,54.11,%,High
1111126,703592,6015,2022-05-30,7.04,mmHg,Normal
1111127,700698,6009,2024-05-14,18.8,U/L,Normal
1111128,702248,6008,2024-10-19,91.49,mg/dL,Normal
1111129,705343,6014,2023-07-21,24.84,g/dL,Low
1111130,703494,6011,2022-10-25,18.03,mmol/L,Normal
1111131,702183,6014,2022-05-13,9.06,g/dL,Normal
1111132,701338,6025,2025-05-23,30.3,mg/dL,Low
1111133,704299,6010,2023-11-19,8.2,U/L,Normal
1111134,704136,6010,2022-10-03,22.93,mmHg,Normal
1111135,700578,6024,2022-03-10,16.55,%,Critical
1111136,703337,6016,2021-02-23,13.44,mmHg,Normal
1111137,704480,6010,2021-08-17,13.39,mmol/L,Low
1111138,702443,6025,2024-02-14,13.93,mmHg,Normal
1111139,701191,6022,2021-03-02,15.14,mg/dL,Normal
1111140,702750,6009,2025-11-13,20.28,mmHg,Normal
1111141,700189,6010,2024-12-18,9.54,U/L,Low
1111142,706251,6024,2022-05-01,16.43,U/L,Normal
1111143,702026,6001,2022-04-24,12.27,mmHg,High
1111144,705022,6009,2023-08-01,25.99,U/L,Normal
1111145,700743,6017,2023-02-24,7.75,mmol/L,Normal
1111146,705846,6025,2021-12-04,9.83,mmol/L,Low
1111147,702679,6022,2023-03-07,33.12,g/dL,Normal
1111148,701905,6014,2022-06-30,8.95,mmHg,High
1111149,700544,6008,2024-12-28,9.71,g/dL,Low
1111150,700357,6004,2025-04-19,24.77,mg/dL,Normal
1111151,706374,6012,2021-04-15,25.42,g/dL,Normal
1111152,703073,6026,2022-08-14,12.86,mmol/L,Critical
1111153,702028,6008,2023-05-26,6.12,%,Normal
1111154,701948,6001,2023-04-16,18.12,mmol/L,Normal
1111155,703459,6012,2025-03-29,19.73,mmol/L,Normal
1111156,703781,6013,2025-02-18,25.48,mmol/L,Normal
1111157,701159,6023,2025-01-20,78.06,mmHg,Normal
1111158,701348,6005,2023-02-09,11.41,mg/dL,High
1111159,702516,6026,2021-12-01,25.04,mmHg,Critical
1111160,701496,6001,2023-05-07,9.85,g/dL,Low
1111161,701275,6014,2025-03-04,15.98,mmHg,Low
1111162,701153,6019,2024-06-16,17.07,mmol/L,Normal
1111163,703826,6019,2021-06-16,12.3,U/L,Normal
1111164,701138,6021,2022-07-05,31.18,mmol/L,Normal
1111165,705541,6007,2023-03-14,23.12,mg/dL,Normal
1111166,705453,6012,2021-01-31,36.31,mmHg,Normal
1111167,705926,6015,2025-05-09,20.83,mg/dL,Normal
1111168,704121,6024,2022-02-26,45.22,mmHg,Normal
1111169,701460,6007,2024-03-04,9.57,U/L,Normal
1111170,702169,6009,2021-12-13,25.5,mmHg,Normal
1111171,702524,6016,2021-03-01,11.93,mmol/L,Low
1111172,700008,6004,2022-11-13,34.94,mmol/L,Normal
1111173,706067,6005,2025-02-08,25.28,mmHg,Normal
1111174,705223,6014,2023-03-20,34.88,g/dL,Normal
1111175,700957,6022,2024-11-14,19.74,mg/dL,Normal
1111176,701588,6012,2021-03-31,17.52,mmHg,Low
1111177,701862,6016,2022-10-26,22.65,U/L,Normal
1111178,701434,6021,2024-03-29,16.59,mmol/L,Normal
1111179,703800,6005,2021-03-20,35.76,U/L,High
1111180,700288,6010,2023-09-30,20.84,g/dL,Normal
1111181,705457,6005,2024-02-22,22.39,mmol/L,High
1111182,705460,6021,2024-07-05,29.12,mmol/L,Normal
1111183,704682,6022,2021-08-08,9.74,mg/dL,Low
1111184,702554,6010,2023-01-27,6.55,mmol/L,Low
1111185,701521,6001,2023-09-29,15.29,%,High
1111186,703606,6023,2021-10-10,21.83,mmol/L,Normal
1111187,701114,6006,2025-08-03,36.7,mmol/L,Normal
1111188,705495,6024,2025-09-23,11.37,U/L,Low
1111189,700461,6009,2025-07-20,23.03,mg/dL,Normal
1111190,700119,6024,2023-07-24,29.87,%,Low
1111191,705421,6011,2022-12-21,21.71,mmol/L,Normal
1111192,701388,6019,2022-07-09,38.89,g/dL,Normal
1111193,701702,6025,2022-04-13,16.51,%,Normal
1111194,705579,6002,2025-08-20,25.5,mg/dL,Normal
1111195,704814,6011,2024-12-11,31.53,mmol/L,Normal
1111196,702348,6025,2022-04-17,36.61,mmol/L,Low
1111197,700057,6017,2021-12-24,61.66,mg/dL,Normal
1111198,705592,6002,2022-08-19,20.47,mmHg,Normal
1111199,706132,6021,2025-04-29,12.99,U/L,High
1111200,704140,6023,2021-02-21,16.44,U/L,Normal
1111201,705344,6002,2021-07-02,46.43,U/L,Normal
1111202,702538,6012,2023-11-26,36.11,g/dL,Normal
1111203,706488,6018,2023-10-11,7.8,%,Normal
1111204,702604,6002,2021-02-01,15.04,mg/dL,Critical
1111205,702427,6003,2025-08-17,9.73,mg/dL,Normal
1111206,700972,6024,2023-01-20,19.7,%,High
1111207,700387,6010,2023-01-01,13.25,g/dL,Normal
1111208,705919,6022,2022-02-12,7.97,mmol/L,High
1111209,700422,6019,2024-08-26,12.43,mmHg,Critical
1111210,703274,6020,2022-09-08,43.4,mg/dL,High
1111211,703386,6017,2024-07-12,17.63,g/dL,Normal
1111212,705518,6008,2023-03-30,20.49,g/dL,Low
1111213,701267,6004,2021-05-24,15.28,mmHg,Normal
1111214,704898,6021,2024-07-31,52.69,mmHg,High
1111215,701108,6018,2023-05-20,17.2,g/dL,Low
1111216,704317,6022,2021-11-04,19.94,mg/dL,Normal
1111217,702422,6006,2025-11-28,32.41,%,Low
1111218,701494,6021,2021-03-24,29.59,g/dL,Normal
1111219,702149,6001,2023-05-01,19.64,%,Normal
1111220,703129,6022,2025-07-05,57.95,mmHg,Low
1111221,704949,6006,2022-07-07,32.71,mmHg,Low
1111222,705785,6006,2021-04-28,11.14,mmHg,Normal
1111223,700577,6015,2024-10-03,63.41,g/dL,Low
1111224,701765,6019,2024-03-29,49.07,mmol/L,Normal
1111225,705555,6006,2022-09-04,21.17,mmol/L,Normal
1111226,704885,6023,2023-05-13,18.68,mmHg,Low
1111227,703958,6021,2025-04-09,13.62,mmHg,Normal
1111228,704348,6026,2022-03-04,22.05,mmol/L,Normal
1111229,701945,6023,2025-12-14,7.6,%,High
1111230,704485,6014,2022-01-27,24.03,mmHg,Normal
1111231,701357,6023,2025-04-01,16.24,%,Normal
1111232,701833,6023,2022-07-25,11.85,U/L,High
1111233,702849,6003,2023-04-15,30.61,mmHg,Normal
1111234,704546,6025,2025-03-24,10.64,g/dL,Normal
1111235,701319,6021,2022-01-17,77.77,mmol/L,High
1111236,706252,6022,2024-07-12,8.33,mmHg,Normal
1111237,705369,6021,2025-09-16,7.45,U/L,High
1111238,704738,6017,2021-07-23,32.91,mmHg,Normal
1111239,704706,6003,2021-12-09,4.92,mmHg,High
1111240,705276,6022,2025-08-20,31.1,%,Normal
1111241,705432,6022,2025-12-08,28.45,mg/dL,Normal
1111242,701572,6022,2025-12-20,14.33,U/L,High
1111243,702784,6009,2024-09-13,22.35,mmol/L,Normal
1111244,701487,6021,2023-08-31,17.77,mmol/L,Normal
1111245,702563,6014,2025-05-14,35.2,mg/dL,Normal
1111246,703672,6006,2021-12-19,74.37,mg/dL,Low
1111247,704559,6002,2025-07-31,44.14,%,High
1111248,706156,6025,2025-05-19,39.82,g/dL,Normal
1111249,701536,6013,2025-11-25,44.29,g/dL,High
1111250,700527,6004,2025-02-02,29.17,mg/dL,High
1111251,700421,6022,2023-07-15,9.57,g/dL,High
1111252,700774,6006,2021-02-06,49.1,mmol/L,Low
1111253,701223,6008,2021-05-26,25.43,mg/dL,Low
1111254,702780,6016,2022-06-08,48.09,mmol/L,Normal
1111255,701478,6022,2022-04-17,32.9,%,Normal
1111256,705262,6013,2021-09-21,30.06,mmol/L,Low
1111257,704872,6024,2023-12-22,30.87,mg/dL,Low
1111258,702805,6013,2025-04-12,18.11,g/dL,Low
1111259,701862,6016,2022-02-06,15.49,mmol/L,Low
1111260,704060,6019,2022-10-18,84.15,%,Normal
1111261,702731,6002,2023-11-06,72.02,U/L,Low
1111262,701782,6008,2023-06-02,,%,Normal
1111263,704549,6002,2023-03-23,32.26,U/L,Normal
1111264,704186,6020,2023-05-08,26.46,%,Normal
1111265,703965,6008,2021-06-27,19.16,mmol/L,High
1111266,703305,6014,2023-12-01,3.43,mmol/L,Normal
1111267,700103,6004,2021-12-10,7.7,%,Normal
1111268,705970,6023,2023-09-06,18.7,%,High
1111269,700580,6023,2025-11-30,8.63,mg/dL,Normal
1111270,702656,6011,2021-01-06,40.38,mg/dL,Low
1111271,701988,6026,2021-06-28,15.99,U/L,Normal
1111272,701429,6012,2023-04-18,14.69,U/L,Normal
1111273,701081,6014,2023-07-16,7.84,mmol/L,Normal
1111274,703528,6016,2023-04-06,49.6,mmHg,Normal
1111275,700972,6025,2022-09-18,25.14,mmHg,Normal
1111276,706478,6008,2025-07-14,9.61,mmHg,Low
1111277,706496,6017,2022-03-12,9.29,g/dL,Normal
1111278,700186,6017,2024-10-07,11.93,mmHg,High
1111279,703034,6019,2025-06-18,25.83,mmol/L,Normal
1111280,706465,6024,2025-03-17,3.72,g/dL,Normal
1111281,702943,6006,2021-07-31,43.98,g/dL,Low
1111282,705674,6017,2023-12-06,9.25,g/dL,Normal
1111283,705313,6015,2023-07-15,7.77,g/dL,Low
1111284,704417,6022,2025-06-02,31.2,mmol/L,Low
1111285,701323,6017,2024-09-25,13.68,mg/dL,Normal
1111286,700712,6017,2024-01-16,21.96,mmHg,Normal
1111287,700626,6014,2025-11-06,8.45,mmol/L,Low
1111288,705207,6024,2023-06-10,11.89,mg/dL,Normal
1111289,702070,6001,2024-05-13,28.01,mg/dL,Normal
1111290,702621,6008,2021-08-19,21.97,mmHg,Normal
1111291,701962,6013,2025-03-10,9.03,mmol/L,Normal
1111292,705710,6013,2023-04-13,34.15,%,Normal
1111293,700009,6019,2023-12-06,22.64,g/dL,High
1111294,705206,6001,2021-10-02,3.82,mmHg,Normal
1111295,700728,6002,2023-01-09,31.41,mmHg,Normal
1111296,704152,6017,2022-12-09,26.42,mg/dL,Low
1111297,704885,6015,2022-11-01,10.97,mmol/L,Normal
1111298,705534,6014,2021-09-27,10.22,mmHg,Normal
1111299,700454,6022,2023-01-30,95.72,mmHg,Normal
1111300,702465,6002,2023-12-20,15.18,g/dL,Normal
1111301,702254,6015,2025-04-09,5.87,%,Normal
1111302,705118,6024,2025-08-18,12.27,U/L,Low
1111303,700097,6026,2025-08-23,17.13,U/L,Normal
1111304,701464,6004,2024-03-16,18.58,mmHg,Normal
1111305,700516,6017,2022-06-26,6.91,mmHg,Normal
1111306,706059,6020,2023-11-08,10.38,mg/dL,High
1111307,705087,6011,2024-12-05,14.94,mmHg,Normal
1111308,701210,6001,2023-03-05,20.38,mg/dL,Normal
1111309,701758,6021,2024-11-11,55.96,mg/dL,Normal
1111310,704031,6020,2024-08-04,14.58,g/dL,Normal
1111311,701089,6007,2025-12-25,9.21,U/L,Normal
1111312,701897,6019,2023-06-15,43.17,%,Normal
1111313,701614,6009,2023-08-23,4.51,mmol/L,Normal
1111314,703541,6019,2021-03-28,10.17,mg/dL,Normal
1111315,705899,6017,2025-01-18,59.99,mg/dL,Normal
1111316,705517,6007,2022-11-29,13.46,mmol/L,Low
1111317,700765,6002,2024-09-18,41.23,mg/dL,Normal
1111318,703870,6005,2022-04-11,26.42,mmHg,Normal
1111319,705827,6010,2021-08-28,6.08,%,Normal
1111320,700525,6019,2023-05-22,19.31,g/dL,Normal
1111321,705421,6007,2024-01-18,11.19,mg/dL,Normal
1111322,703627,6016,2023-07-16,19.79,mmol/L,Normal
1111323,701647,6018,2024-02-15,7.08,mg/dL,Normal
1111324,701423,6004,2021-01-08,31.34,mmHg,Normal
1111325,702088,6006,2021-10-14,25.08,mg/dL,High
1111326,703001,6013,2024-08-27,6.36,mmHg,Normal
1111327,700328,6009,2021-09-24,12.94,mmol/L,Normal
1111328,705958,6011,2025-01-04,11.32,mg/dL,Normal
1111329,701338,6019,2024-06-28,32.88,U/L,High
1111330,700386,6025,2022-10-01,6.73,mmol/L,High
1111331,702331,6012,2025-06-23,38.66,%,Low
1111332,702648,6020,2021-03-22,22.26,%,High
1111333,703270,6011,2025-05-07,33.12,mmHg,Low
1111334,706336,6018,2024-11-16,22.42,mg/dL,Normal
1111335,703635,6019,2025-03-13,13.32,U/L,Normal
1111336,700025,6016,2024-06-29,9.87,mg/dL,High
1111337,701106,6016,2024-05-30,7.73,mg/dL,Normal
1111338,705437,6007,2025-09-04,37.05,mmol/L,High
1111339,702818,6023,2021-10-13,26.23,mmol/L,Normal
1111340,701494,6008,2025-09-08,5.72,%,High
1111341,705070,6018,2024-12-11,15.03,U/L,Normal
1111342,701318,6013,2022-10-21,7.62,mmHg,Normal
1111343,702877,6013,2025-05-14,26.79,U/L,High
1111344,704482,6004,2023-10-25,33.8,U/L,Normal
1111345,700759,6023,2024-12-16,11.06,mmol/L,Normal
1111346,703924,6011,2025-06-17,23.79,U/L,Low
1111347,703051,6001,2024-09-29,18.67,mg/dL,High
1111348,704080,6015,2022-01-23,17.14,mg/dL,Normal
1111349,703245,6019,2021-04-02,16.09,mg/dL,Normal
1111350,701360,6020,2021-04-20,21.69,U/L,Low
1111351,704316,6008,2022-10-02,2.59,mmol/L,Normal
1111352,702090,6011,2024-02-14,20.02,g/dL,Low
1111353,704022,6013,2022-03-03,32.52,mmol/L,Normal
1111354,702120,6019,2023-07-12,8.14,%,Normal
1111355,703901,6009,2025-06-09,29.44,mmol/L,Normal
1111356,706245,6023,2024-08-25,51.53,mg/dL,Critical
1111357,705465,6008,2024-01-11,17.87,mg/dL,Normal
1111358,703953,6026,2024-10-02,13.15,mg/dL,Low
1111359,704390,6003,2024-05-29,11.2,%,Normal
1111360,704058,6015,2024-02-20,7.87,g/dL,Normal
1111361,704869,6026,2025-04-10,13.03,mg/dL,High
1111362,703545,6014,2025-05-20,25.51,mmHg,Normal
1111363,704380,6016,2023-09-26,11.57,%,High
1111364,705389,6022,2021-03-23,40.45,U/L,Normal
1111365,700789,6011,2021-05-11,33.28,mg/dL,Normal
1111366,703236,6009,2024-05-21,41.22,U/L,Normal
1111367,704044,6022,2025-01-02,26.77,mmHg,Normal
1111368,703909,6009,2025-09-30,8.47,g/dL,Normal
1111369,703070,6022,2021-12-27,105.95,mmol/L,Normal
1111370,703100,6010,2023-03-13,19.96,g/dL,Normal
1111371,702726,6024,2024-12-29,7.99,%,Normal
1111372,702750,6013,2022-03-24,34.08,mmHg,Normal
1111373,704751,6024,2025-09-02,97.49,mg/dL,Normal
1111374,700959,6012,2021-06-16,14.84,mmHg,Normal
1111375,704505,6004,2023-12-02,11.78,g/dL,Low
1111376,704605,6010,2025-01-31,8.96,mmHg,High
1111377,702698,6019,2022-08-09,51.3,%,Normal
1111378,700048,6022,2021-02-13,16.83,mg/dL,Normal
1111379,705821,6014,2025-07-04,13.05,g/dL,Normal
1111380,701089,6010,2022-08-20,16.09,mmHg,Normal
1111381,704446,6018,2022-07-19,9.0,%,Low
1111382,703282,6024,2024-07-19,14.85,mg/dL,Low
1111383,704776,6001,2024-04-21,16.9,mg/dL,Low
1111384,705145,6007,2021-10-03,12.45,mmHg,Normal
1111385,701342,6004,2024-08-05,10.78,%,Normal
1111386,704010,6007,2022-10-22,22.5,mmHg,Low
1111387,700133,6024,2025-01-01,14.19,g/dL,Normal
1111388,702040,6008,2023-06-10,9.02,%,Normal
1111389,701889,6006,2021-04-05,14.26,U/L,Normal
1111390,705591,6017,2023-11-04,25.79,mmHg,High
1111391,704680,6026,2024-02-01,26.34,mmol/L,Normal
1111392,700860,6011,2024-02-15,25.05,mmHg,Normal
1111393,705893,6011,2025-10-08,47.75,%,Normal
1111394,703668,6022,2024-08-17,30.83,g/dL,Normal
1111395,701088,6005,2023-04-21,22.43,g/dL,Normal
1111396,706448,6018,2023-11-16,11.99,U/L,Normal
1111397,701265,6018,2024-07-10,22.96,mg/dL,Normal
1111398,705821,6010,2025-03-19,41.24,mmHg,Normal
1111399,700679,6012,2022-08-11,17.35,%,Critical
1111400,703798,6022,2024-05-18,27.01,mg/dL,Low
1111401,706352,6017,2025-08-27,6.33,mg/dL,Normal
1111402,701522,6024,2023-10-28,23.23,mg/dL,Normal
1111403,701099,6016,2022-04-03,37.75,mg/dL,Normal
1111404,700740,6014,2022-12-04,36.42,mmHg,Low
1111405,701214,6018,2025-02-04,10.78,mmol/L,High
1111406,704576,6024,2024-04-03,4.16,mmol/L,High
1111407,706154,6016,2025-09-16,14.44,mg/dL,Low
1111408,701858,6001,2021-05-29,19.9,g/dL,Normal
1111409,701428,6007,2023-03-31,18.91,mmol/L,Normal
1111410,705818,6019,2021-01-09,16.08,%,Normal
1111411,702302,6004,2025-02-07,24.57,%,Normal
1111412,701912,6011,2024-01-06,12.62,g/dL,Normal
1111413,705582,6020,2021-11-19,18.06,U/L,Normal
1111414,701249,6018,2024-01-08,28.91,%,High
1111415,703589,6022,2021-02-13,23.8,g/dL,Normal
1111416,702303,6002,2025-04-24,10.09,U/L,Normal
1111417,704592,6005,2023-07-02,,%,Normal
1111418,703712,6024,2023-12-17,7.25,mmol/L,Normal
1111419,702566,6010,2023-05-03,14.58,mmol/L,Low
1111420,703888,6013,2021-07-17,21.42,g/dL,Normal
1111421,702655,6025,2023-02-27,20.43,mg/dL,Normal
1111422,704404,6009,2021-05-12,30.11,mmol/L,High
1111423,701822,6016,2021-03-23,7.83,mmol/L,Normal
1111424,703691,6001,2024-04-20,34.09,mmol/L,Normal
1111425,700421,6022,2025-11-25,4.44,%,Normal
1111426,702070,6002,2025-08-01,14.63,U/L,Low
1111427,705579,6016,2024-06-11,9.92,mmHg,Normal
1111428,702164,6003,2023-07-12,14.38,mg/dL,Normal
1111429,703470,6019,2025-07-31,23.22,g/dL,Normal
1111430,703432,6025,2024-03-04,33.8,mmHg,Normal
1111431,705589,6013,2023-01-04,12.62,g/dL,Normal
1111432,703916,6009,2021-07-09,44.75,mg/dL,Normal
1111433,701989,6022,2021-11-18,33.75,mmol/L,Normal
1111434,701608,6007,2021-08-12,19.8,%,Normal
1111435,701939,6014,2023-02-18,15.24,mg/dL,High
1111436,702967,6009,2022-07-13,16.42,mg/dL,Normal
1111437,703112,6018,2021-03-03,7.32,mmHg,Normal
1111438,705176,6021,2023-07-27,42.6,g/dL,High
1111439,700110,6025,2022-10-19,11.62,g/dL,Normal
1111440,705515,6019,2024-08-01,15.16,mmHg,Low
1111441,704734,6018,2021-06-03,25.74,mmHg,Low
1111442,701699,6002,2025-01-29,14.05,%,Normal
1111443,703673,6025,2023-09-26,33.44,mmHg,High
1111444,706056,6015,2025-07-11,13.28,U/L,Normal
1111445,703327,6001,2022-08-01,19.19,mmHg,Normal
1111446,703978,6004,2024-08-11,19.53,g/dL,Normal
1111447,700062,6025,2021-02-13,33.68,g/dL,High
1111448,701017,6008,2022-02-10,9.37,g/dL,Normal
1111449,702777,6015,2025-11-03,14.79,%,Normal
1111450,706463,6013,2025-03-19,9.72,mmol/L,High
1111451,704614,6007,2024-08-17,15.04,mmol/L,Normal
1111452,705060,6022,2024-05-29,8.96,g/dL,Critical
1111453,700384,6019,2022-11-09,43.18,U/L,Normal
1111454,706320,6001,2025-09-29,25.65,U/L,Normal
1111455,702233,6007,2022-04-06,11.69,%,Normal
1111456,705637,6007,2023-01-06,9.13,g/dL,High
1111457,703708,6024,2021-07-19,30.47,mmHg,Low
1111458,704466,6001,2021-04-25,37.45,U/L,Normal
1111459,700444,6011,2021-12-21,48.55,%,Normal
1111460,703893,6002,2021-11-09,62.62,U/L,Low
1111461,701151,6009,2024-03-24,23.05,mmol/L,Low
1111462,702853,6007,2025-11-01,22.34,U/L,Normal
1111463,704077,6002,2022-10-19,13.6,mmHg,Normal
1111464,706398,6019,2022-04-25,17.45,U/L,High
1111465,705027,6023,2022-12-04,55.8,mmol/L,Normal
1111466,700046,6021,2024-07-22,37.89,mg/dL,Normal
1111467,701114,6009,2021-09-10,19.95,U/L,Low
1111468,700343,6019,2022-07-26,30.72,U/L,Normal
1111469,703372,6011,2021-04-28,80.24,mmol/L,Normal
1111470,704541,6005,2021-08-27,13.59,mg/dL,Normal
1111471,700843,6008,2025-06-21,83.9,mmol/L,Low
1111472,706019,6020,2025-04-11,47.11,%,Normal
1111473,701872,6017,2021-08-30,25.77,mg/dL,High
1111474,705266,6004,2021-03-30,26.06,%,Normal
1111475,703658,6024,2023-09-19,23.24,%,High
1111476,700335,6003,2025-01-13,60.87,%,Normal
1111477,703106,6019,2025-04-10,15.43,%,Normal
1111478,702812,6009,2024-02-08,4.94,g/dL,Normal
1111479,705616,6001,2025-02-02,34.99,mmol/L,High
1111480,704335,6011,2023-08-05,14.59,mg/dL,Normal
1111481,705457,6004,2024-06-21,26.31,U/L,Normal
1111482,702337,6021,2024-10-27,11.7,mmol/L,Normal
1111483,701227,6022,2024-03-09,27.72,%,Normal
1111484,701643,6011,2023-12-16,33.17,U/L,High
1111485,706296,6021,2021-04-11,10.67,mmol/L,Low
1111486,705473,6009,2024-02-22,11.53,g/dL,High
1111487,701345,6020,2021-06-06,9.07,mmol/L,Normal
1111488,702779,6025,2023-01-01,10.79,%,Normal
1111489,705048,6011,2021-01-29,5.92,U/L,Normal
1111490,701229,6021,2024-01-14,13.89,mmol/L,Normal
1111491,703260,6016,2023-12-20,17.09,g/dL,Normal
1111492,703468,6006,2025-11-18,24.39,mmol/L,Normal
1111493,703505,6008,2022-11-10,26.14,mmol/L,Low
1111494,704248,6003,2021-12-17,12.33,g/dL,Normal
1111495,703366,6019,2022-06-03,13.22,mmHg,Normal
1111496,702944,6019,2023-08-28,48.82,%,High
1111497,705180,6026,2022-10-08,66.51,g/dL,Normal
1111498,706154,6011,2022-02-13,51.62,mg/dL,Low
1111499,703603,6018,2021-03-01,16.5,mmHg,Low
1111500,704881,6008,2025-11-03,18.41,mg/dL,Normal
1111501,701475,6015,2024-09-19,89.69,mmol/L,Normal
1111502,701610,6011,2021-07-16,19.44,mmol/L,Normal
1111503,705402,6020,2021-07-08,7.31,%,Normal
1111504,702465,6024,2023-05-08,62.11,%,Normal
1111505,703853,6012,2024-10-08,24.05,mmol/L,Normal
1111506,705470,6014,2025-12-28,9.7,mmHg,High
1111507,700555,6014,2021-11-26,14.93,g/dL,Normal
1111508,700388,6024,2023-11-05,26.2,mg/dL,Normal
1111509,704595,6023,2023-11-02,11.0,mmHg,Normal
1111510,701586,6012,2021-05-23,9.31,U/L,Normal
1111511,706500,6021,2023-03-16,18.04,%,Normal
1111512,703849,6004,2022-12-18,72.03,U/L,High
1111513,705537,6018,2021-10-28,30.04,mg/dL,Normal
1111514,701945,6014,2022-04-18,5.53,mg/dL,Normal
1111515,703038,6011,2024-08-11,3.35,mmHg,Normal
1111516,702426,6015,2023-09-04,9.54,mmHg,Normal
1111517,703520,6004,2024-02-22,38.96,g/dL,High
1111518,706212,6003,2021-09-10,152.02,mmHg,Normal
1111519,701682,6010,2025-10-24,24.34,mmol/L,Normal
1111520,703936,6005,2024-11-14,12.97,g/dL,Critical
1111521,703679,6022,2023-05-11,67.28,g/dL,Normal
1111522,704968,6007,2022-11-22,17.34,U/L,Low
1111523,702516,6020,2025-08-02,5.51,mg/dL,Normal
1111524,704651,6023,2024-05-20,13.84,mmol/L,Normal
1111525,703784,6018,2024-09-02,19.23,mg/dL,Normal
1111526,706300,6017,2022-04-26,44.07,g/dL,Normal
1111527,700724,6019,2021-11-10,27.31,U/L,Normal
1111528,704206,6019,2022-02-20,32.72,mmol/L,Normal
1111529,704700,6019,2022-11-28,35.18,mmHg,Normal
1111530,702290,6025,2024-12-30,21.39,mmHg,Normal
1111531,705062,6022,2023-05-11,25.67,U/L,Normal
1111532,703013,6026,2023-04-03,42.78,U/L,Normal
1111533,706240,6024,2021-12-01,21.96,mmHg,Normal
1111534,706464,6016,2025-05-24,16.2,U/L,Normal
1111535,705933,6014,2021-04-17,101.04,mmHg,Normal
1111536,703757,6025,2025-11-06,28.25,mmHg,Normal
1111537,702177,6007,2021-02-16,27.59,mmol/L,Normal
1111538,703726,6018,2023-02-01,10.85,U/L,Normal
1111539,704582,6018,2021-09-22,10.25,U/L,Low
1111540,703474,6019,2021-07-29,46.15,g/dL,Normal
1111541,702613,6004,2024-09-15,30.63,mg/dL,Normal
1111542,706449,6012,2025-03-15,37.8,mmol/L,Low
1111543,703273,6019,2023-08-06,26.63,mmol/L,Normal
1111544,700185,6015,2021-05-27,10.73,U/L,Normal
1111545,702278,6001,2025-09-13,13.22,mg/dL,Normal
1111546,705949,6024,2024-06-14,3.28,%,Normal
1111547,704090,6024,2022-07-23,24.6,g/dL,Low
1111548,705087,6024,2024-05-06,25.11,mg/dL,High
1111549,700448,6022,2025-05-27,40.63,mmHg,Normal
1111550,701310,6013,2025-05-08,20.18,mmol/L,High
1111551,705821,6018,2021-03-12,113.77,mmHg,Normal
1111552,701786,6012,2023-10-05,9.1,g/dL,High
1111553,705537,6009,2024-01-21,7.59,%,Normal
1111554,700871,6023,2024-04-01,11.04,g/dL,Critical
1111555,704810,6024,2025-12-11,11.91,mmHg,Normal
1111556,706230,6006,2024-06-28,22.38,mmHg,Normal
1111557,703273,6001,2022-01-10,26.73,U/L,Normal
1111558,704714,6005,2025-08-31,15.31,g/dL,Normal
1111559,703979,6016,2022-09-29,19.79,mmHg,Normal
1111560,706366,6005,2023-07-08,42.13,%,Normal
1111561,704897,6021,2022-05-09,43.72,mmol/L,Normal
1111562,706129,6011,2022-01-19,48.63,g/dL,Normal
1111563,700270,6009,2022-09-09,28.91,U/L,Normal
1111564,704947,6014,2025-05-29,8.86,U/L,Critical
1111565,704640,6008,2024-08-20,9.15,mmHg,Normal
1111566,704020,6021,2022-12-23,31.68,mmHg,High
1111567,700812,6013,2021-09-19,22.49,mmHg,Normal
1111568,706162,6013,2021-02-05,30.8,mmHg,Normal
1111569,701380,6007,2024-07-14,23.53,mmHg,Normal
1111570,702643,6008,2022-04-14,17.45,g/dL,Critical
1111571,700751,6002,2021-09-11,10.03,mmHg,Normal
1111572,704947,6003,2025-03-27,45.97,mmHg,Normal
1111573,704199,6025,2021-11-18,39.27,U/L,Low
1111574,704820,6006,2025-05-24,25.52,g/dL,Normal
1111575,700626,6026,2021-01-01,27.85,%,Normal
1111576,705737,6006,2025-10-15,4.34,%,High
1111577,703501,6003,2025-08-17,28.69,U/L,Normal
1111578,704110,6023,2021-02-04,39.78,mmol/L,Low
1111579,704563,6001,2024-07-06,25.34,U/L,Normal
1111580,701349,6001,2022-03-25,25.17,%,Normal
1111581,703865,6009,2021-05-23,65.64,mmol/L,Normal
1111582,702244,6002,2021-03-21,34.83,%,Normal
1111583,701632,6024,2024-04-29,24.13,mmol/L,High
1111584,700445,6016,2024-03-22,24.9,mmol/L,High
1111585,704748,6021,2024-03-20,9.18,%,Low
1111586,705452,6012,2022-11-07,18.94,mmol/L,Normal
1111587,706377,6024,2024-03-14,27.61,%,Normal
1111588,704087,6016,2024-11-11,16.79,mmol/L,Normal
1111589,704616,6015,2022-04-16,20.08,mmol/L,Normal
1111590,700117,6010,2025-07-02,22.06,g/dL,Normal
1111591,704854,6025,2024-08-14,16.86,mg/dL,Low
1111592,703744,6009,2021-05-13,25.03,mmHg,Normal
1111593,700207,6025,2023-03-14,24.57,U/L,Normal
1111594,704913,6026,2024-11-30,16.28,g/dL,Normal
1111595,706207,6002,2021-01-21,18.06,mmHg,Normal
1111596,700872,6015,2021-04-26,4.59,%,Normal
1111597,706116,6023,2024-09-04,46.45,%,Normal
1111598,706300,6004,2021-12-24,43.32,mmHg,High
1111599,702783,6012,2023-11-25,25.1,U/L,Normal
1111600,705644,6010,2022-07-05,29.51,g/dL,Normal
1111601,703888,6020,2024-05-14,29.08,%,Low
1111602,705808,6008,2024-09-01,6.73,U/L,Normal
1111603,705883,6004,2022-12-21,43.48,%,Normal
1111604,700777,6019,2023-02-28,25.61,mmol/L,Low
1111605,702122,6012,2021-07-31,6.4,U/L,Normal
1111606,703664,6015,2023-07-04,8.34,mg/dL,Normal
1111607,703856,6010,2021-11-27,63.44,mg/dL,Normal
1111608,701387,6020,2025-12-19,9.49,%,High
1111609,704749,6006,2024-08-04,38.06,mmol/L,Normal
1111610,705805,6012,2021-07-25,55.38,mmol/L,Normal
1111611,701809,6007,2021-05-29,27.3,g/dL,Normal
1111612,702849,6022,2024-03-23,14.48,g/dL,Normal
1111613,706298,6009,2021-11-15,9.02,g/dL,Normal
1111614,702920,6015,2024-06-08,25.8,g/dL,Normal
1111615,700544,6016,2024-03-11,39.2,mmol/L,Normal
1111616,701912,6008,2021-12-04,15.8,%,Normal
1111617,703663,6024,2021-01-15,11.24,g/dL,Normal
1111618,700738,6003,2024-02-18,14.99,mg/dL,Normal
1111619,701680,6012,2021-02-08,106.2,mmHg,Normal
1111620,705001,6019,2023-08-03,30.65,U/L,Low
1111621,703211,6012,2022-11-06,49.57,mg/dL,Normal
1111622,702017,6017,2021-10-03,28.79,g/dL,Normal
1111623,702245,6024,2021-05-18,24.3,mmol/L,Normal
1111624,704291,6021,2022-06-30,21.16,g/dL,Low
1111625,701104,6023,2024-02-27,15.44,g/dL,Normal
1111626,705453,6016,2023-09-13,25.93,U/L,Low
1111627,702897,6018,2021-08-02,48.02,%,Normal
1111628,702460,6009,2021-01-29,32.07,%,Low
1111629,701498,6016,2021-08-23,60.51,%,Normal
1111630,701348,6007,2022-02-14,22.56,g/dL,Normal
1111631,702949,6025,2021-04-01,46.69,%,Normal
1111632,701706,6007,2022-08-23,24.07,%,Normal
1111633,702697,6024,2023-08-02,66.15,mmHg,Normal
1111634,704149,6024,2024-08-06,29.41,mmol/L,Normal
1111635,706192,6020,2025-07-07,6.18,mmol/L,Normal
1111636,705118,6019,2023-07-15,7.86,mmHg,Normal
1111637,700751,6023,2024-10-13,105.15,%,Normal
1111638,703949,6010,2021-06-11,60.78,mmol/L,Low
1111639,702752,6016,2025-11-16,21.6,mmHg,Normal
1111640,702638,6018,2022-10-16,5.01,g/dL,High
1111641,700258,6017,2021-06-04,16.88,g/dL,Normal
1111642,706031,6023,2025-06-03,19.67,U/L,Normal
1111643,702633,6002,2022-03-10,41.12,mmHg,Normal
1111644,705529,6006,2022-01-31,16.59,mmol/L,Normal
1111645,704812,6002,2022-12-12,45.83,mmol/L,Normal
1111646,706021,6024,2022-04-23,14.02,%,High
1111647,703699,6013,2025-09-05,46.95,mmHg,Normal
1111648,700414,6016,2025-04-12,9.82,%,Normal
1111649,702397,6008,2022-05-04,56.23,g/dL,Normal
1111650,701457,6026,2023-10-19,31.26,mmol/L,Normal
1111651,703826,6011,2024-04-13,12.19,mmHg,Normal
1111652,705272,6025,2025-01-17,4.95,mmHg,Normal
1111653,702182,6009,2023-06-23,25.74,%,Normal
1111654,705615,6022,2025-04-22,35.77,U/L,Low
1111655,703577,6020,2023-03-08,11.41,mg/dL,Low
1111656,705149,6022,2022-09-29,25.84,mmol/L,Low
1111657,705087,6004,2025-05-13,13.63,mg/dL,Critical
1111658,702522,6001,2023-10-25,11.85,mmHg,High
1111659,705436,6008,2025-04-06,10.82,%,Normal
1111660,700153,6013,2021-06-02,23.59,%,Normal
1111661,704017,6001,2021-01-09,87.67,U/L,High
1111662,702828,6003,2022-09-08,49.47,mg/dL,Low
1111663,702285,6004,2022-03-31,22.57,U/L,Low
1111664,700216,6024,2022-07-28,55.92,%,Normal
1111665,705565,6009,2021-05-04,60.86,g/dL,Normal
1111666,701696,6006,2022-03-03,16.95,mmol/L,Normal
1111667,703956,6018,2021-12-08,50.97,g/dL,Normal
1111668,705916,6020,2024-01-21,11.28,U/L,Low
1111669,702502,6025,2025-01-03,17.31,U/L,Normal
1111670,701678,6010,2023-02-14,27.27,U/L,Normal
1111671,703164,6013,2022-11-30,19.93,mmHg,Normal
1111672,700556,6004,2021-01-07,16.91,mmol/L,High
1111673,702106,6007,2025-02-06,13.21,U/L,Normal
1111674,704860,6003,2021-04-29,7.35,mg/dL,Low
1111675,703691,6020,2021-07-09,19.19,U/L,Normal
1111676,705100,6018,2022-05-12,26.32,U/L,Normal
1111677,702780,6004,2025-03-14,11.78,g/dL,Low
1111678,705649,6014,2021-01-26,35.97,mg/dL,Normal
1111679,701917,6010,2021-03-25,15.7,mmol/L,Low
1111680,704648,6018,2022-04-20,15.61,mg/dL,Normal
1111681,705458,6019,2025-04-18,13.59,mmHg,Normal
1111682,701792,6019,2021-11-21,66.11,U/L,High
1111683,704108,6006,2022-04-12,47.7,mmol/L,Normal
1111684,702563,6005,2023-06-27,25.85,mmHg,Low
1111685,704278,6022,2024-07-14,49.04,mmHg,Normal
1111686,706392,6022,2023-10-09,42.91,%,Normal
1111687,705126,6009,2022-09-27,,mmol/L,Normal
1111688,701660,6010,2023-11-26,12.49,mg/dL,Normal
1111689,703097,6013,2021-08-26,9.53,U/L,Normal
1111690,702604,6003,2024-04-20,27.59,mmHg,Normal
1111691,701610,6013,2024-10-12,11.22,g/dL,Normal
1111692,705727,6007,2024-06-09,6.21,g/dL,Normal
1111693,702177,6019,2025-09-11,21.74,mmHg,Normal
1111694,703317,6024,2022-06-25,9.8,mmHg,Normal
1111695,704469,6022,2025-05-30,18.0,%,Normal
1111696,702148,6006,2025-07-10,12.5,U/L,Normal
1111697,702260,6008,2022-05-09,10.12,mg/dL,Low
1111698,702893,6006,2023-02-14,31.76,U/L,Normal
1111699,705845,6006,2023-01-11,34.56,g/dL,High
1111700,701701,6013,2023-02-22,60.42,mmHg,Normal
1111701,702091,6005,2023-12-16,80.29,g/dL,Normal
1111702,706093,6015,2025-11-14,18.74,%,Low
1111703,700054,6007,2024-02-24,12.59,mg/dL,High
1111704,704754,6013,2023-07-02,10.61,%,Normal
1111705,701817,6011,2023-03-26,51.58,mmol/L,Normal
1111706,702465,6014,2023-06-29,14.02,g/dL,Normal
1111707,702146,6023,2023-12-22,19.55,%,Low
1111708,704583,6025,2022-04-09,26.59,mmHg,Normal
1111709,704597,6008,2023-05-05,44.79,mg/dL,Normal
1111710,703804,6002,2024-02-06,9.54,U/L,Low
1111711,700082,6025,2022-03-04,41.19,g/dL,Normal
1111712,702538,6018,2024-04-13,27.54,mmHg,High
1111713,701626,6011,2025-10-20,46.81,mmol/L,Normal
1111714,706365,6016,2024-09-18,25.89,%,Low
1111715,706010,6015,2023-03-06,49.43,mmHg,Critical
1111716,701511,6009,2021-10-11,18.36,mg/dL,Normal
1111717,701239,6017,2022-02-03,35.58,mmol/L,Low
1111718,702324,6014,2021-03-10,18.51,%,High
1111719,705164,6001,2023-09-29,24.04,mg/dL,High
1111720,702803,6009,2021-02-02,15.48,U/L,Normal
1111721,705736,6004,2025-06-20,22.99,mg/dL,Normal
1111722,702401,6007,2022-12-02,68.71,%,High
1111723,700746,6023,2023-12-21,17.06,U/L,Normal
1111724,700333,6025,2024-11-23,17.06,%,Normal
1111725,702802,6005,2022-03-08,10.16,mg/dL,Normal
1111726,704345,6006,2024-10-24,12.46,mg/dL,Low
1111727,703020,6002,2023-07-16,12.16,g/dL,Normal
1111728,704995,6022,2024-09-15,31.8,U/L,High
1111729,702764,6018,2024-11-03,34.44,mmol/L,High
1111730,700561,6003,2022-11-20,8.28,%,Normal
1111731,703222,6007,2023-10-31,53.3,mg/dL,High
1111732,706128,6017,2025-08-05,11.23,U/L,Normal
1111733,705654,6006,2021-04-08,25.71,g/dL,Normal
1111734,703499,6007,2022-03-29,18.55,%,High
1111735,705666,6015,2024-04-19,15.04,mmol/L,Low
1111736,704402,6013,2025-07-30,15.87,mmHg,Critical
1111737,703025,6012,2022-08-13,20.3,mmol/L,Normal
1111738,704717,6013,2024-06-13,15.99,g/dL,Low
1111739,704411,6006,2023-01-24,4.36,mmol/L,Low
1111740,705955,6002,2023-11-28,23.01,mg/dL,Critical
1111741,702730,6019,2021-04-30,41.87,U/L,Low
1111742,703594,6012,2022-10-15,25.8,U/L,Normal
1111743,700381,6024,2021-04-12,27.02,mg/dL,Normal
1111744,706105,6026,2021-02-20,16.63,U/L,Low
1111745,704303,6005,2024-02-07,18.62,mg/dL,High
1111746,701094,6007,2023-08-05,19.48,mmHg,Normal
1111747,704321,6004,2024-01-10,18.41,mmHg,Normal
1111748,705683,6021,2024-08-02,52.76,U/L,Normal
1111749,704325,6010,2024-10-16,10.28,U/L,High
1111750,704011,6021,2022-01-02,22.0,U/L,Low
1111751,700898,6016,2023-03-11,25.41,mmHg,Normal
1111752,703199,6005,2025-11-14,59.86,U/L,Normal
1111753,703890,6018,2025-11-03,26.8,mmol/L,Normal
1111754,700332,6014,2025-09-04,11.82,g/dL,High
1111755,704528,6024,2024-06-11,11.71,%,Normal
1111756,704586,6013,2021-06-18,75.1,mg/dL,Normal
1111757,703877,6026,2021-06-20,17.91,mmHg,High
1111758,704530,6005,2025-04-01,30.14,mg/dL,Low
1111759,701978,6019,2023-11-02,50.5,mg/dL,Low
1111760,705463,6006,2024-03-23,59.71,mmHg,High
1111761,706147,6011,2023-08-31,19.53,U/L,Normal
1111762,705408,6020,2024-09-05,11.36,%,Low
1111763,700585,6022,2025-11-24,14.47,mmHg,Normal
1111764,705919,6017,2023-12-07,11.4,g/dL,Normal
1111765,704890,6013,2024-12-31,37.55,mmHg,Low
1111766,705854,6020,2022-04-11,14.57,mmHg,Normal
1111767,705570,6020,2023-03-07,88.28,mg/dL,High
1111768,704852,6017,2024-12-01,10.9,mmol/L,Normal
1111769,705911,6023,2024-05-28,9.84,mmol/L,Normal
1111770,700824,6013,2021-08-28,15.88,mmol/L,Normal
1111771,706151,6021,2022-09-07,5.38,U/L,Normal
1111772,701095,6001,2023-03-27,,mmol/L,Normal
1111773,706178,6004,2021-11-19,7.15,mmHg,Normal
1111774,701815,6013,2024-08-04,21.87,%,Normal
1111775,700435,6013,2025-08-04,12.51,mg/dL,Low
1111776,700146,6001,2025-08-03,42.48,U/L,Normal
1111777,700037,6026,2021-07-19,5.28,%,High
1111778,700644,6010,2023-05-09,25.01,mg/dL,High
1111779,701695,6022,2023-10-20,15.38,U/L,Low
1111780,702792,6009,2024-12-31,28.0,g/dL,Normal
1111781,703500,6023,2025-12-05,11.63,U/L,Normal
1111782,700285,6019,2021-10-07,10.86,mmHg,Normal
1111783,702214,6011,2025-07-12,15.0,mmHg,Normal
1111784,705496,6009,2022-11-25,61.76,mmol/L,Low
1111785,706075,6016,2021-09-10,26.25,mmol/L,Normal
1111786,705678,6009,2023-02-08,8.93,%,Normal
1111787,706396,6002,2025-09-12,26.08,%,Normal
1111788,700798,6009,2021-05-18,23.82,mg/dL,Normal
1111789,700573,6007,2025-05-14,94.21,U/L,Normal
1111790,703500,6003,2023-11-13,20.15,mmol/L,Normal
1111791,700702,6004,2023-01-20,24.95,mmol/L,Normal
1111792,704139,6012,2023-10-17,19.51,mg/dL,Normal
1111793,705094,6023,2025-12-26,22.56,mg/dL,Low
1111794,705051,6017,2022-09-05,17.22,%,Normal
1111795,705215,6007,2024-02-18,21.51,U/L,Normal
1111796,706441,6026,2021-06-03,11.19,mg/dL,Normal
1111797,700035,6003,2025-02-15,24.92,mmol/L,High
1111798,700426,6012,2024-03-07,30.31,mg/dL,Normal
1111799,703117,6025,2023-07-23,33.91,mg/dL,Critical
1111800,705170,6006,2024-05-08,16.28,mg/dL,Normal
1111801,703978,6021,2023-08-04,19.1,mmHg,Normal
1111802,703587,6024,2024-03-22,17.79,mmol/L,High
1111803,706014,6020,2021-09-20,28.67,%,Low
1111804,700040,6021,2022-03-08,13.25,%,Normal
1111805,701505,6022,2022-10-10,15.91,U/L,Normal
1111806,703958,6005,2023-08-10,8.54,mg/dL,Normal
1111807,705439,6006,2023-12-25,,mg/dL,Normal
1111808,703554,6019,2023-05-10,20.72,%,Normal
1111809,702641,6023,2023-11-25,51.2,%,Normal
1111810,701659,6022,2022-03-09,41.57,mmHg,Normal
1111811,703816,6013,2024-07-09,42.87,mmol/L,Normal
1111812,703306,6017,2023-11-20,16.03,g/dL,High
1111813,705503,6026,2023-04-24,13.44,g/dL,Normal
1111814,701181,6003,2023-04-22,13.63,mmol/L,Low
1111815,703054,6014,2022-04-25,26.01,g/dL,High
1111816,700944,6011,2025-02-19,35.88,g/dL,Normal
1111817,701111,6007,2023-05-04,7.32,mmHg,Normal
1111818,706381,6020,2025-10-15,15.69,mg/dL,High
1111819,700648,6007,2025-11-18,21.99,mmHg,Normal
1111820,701981,6001,2024-07-02,17.98,mg/dL,Normal
1111821,705655,6005,2023-12-05,6.42,%,Normal
1111822,704685,6006,2022-04-07,44.59,mmol/L,Critical
1111823,703547,6014,2024-10-12,16.96,U/L,Normal
1111824,702185,6024,2022-05-28,27.43,%,Normal
1111825,705921,6017,2022-02-02,36.19,g/dL,Normal
1111826,706312,6022,2023-06-05,23.36,mmHg,Normal
1111827,700663,6022,2022-03-21,58.66,U/L,Normal
1111828,705369,6002,2021-06-14,11.24,mg/dL,Normal
1111829,704370,6011,2024-08-23,37.15,mg/dL,High
1111830,704043,6007,2022-12-26,118.87,U/L,Normal
1111831,703309,6002,2024-06-22,15.13,%,Normal
1111832,703328,6023,2022-11-08,10.16,U/L,Normal
1111833,701465,6022,2025-01-16,43.57,U/L,Normal
1111834,705325,6023,2025-06-09,12.75,U/L,Normal
1111835,700792,6010,2023-03-01,31.82,mmol/L,Low
1111836,705016,6015,2024-11-03,17.78,mmol/L,High
1111837,701747,6018,2025-06-21,11.61,mg/dL,Normal
1111838,702131,6025,2023-04-08,80.29,mmHg,Normal
1111839,701886,6024,2021-08-29,19.39,mmHg,Low
1111840,704118,6001,2022-04-05,12.22,mmHg,High
1111841,702601,6009,2022-11-18,40.25,%,Normal
1111842,700371,6019,2023-10-27,41.61,mmHg,Normal
1111843,701456,6009,2022-04-17,33.47,U/L,Normal
1111844,705604,6001,2024-02-16,20.04,%,Normal
1111845,703250,6018,2024-09-11,7.29,g/dL,Normal
1111846,703431,6010,2024-12-16,27.21,g/dL,High
1111847,706043,6020,2023-07-04,17.54,g/dL,Normal
1111848,702603,6011,2021-11-14,31.05,U/L,Normal
1111849,702305,6026,2022-06-29,22.26,mmHg,Normal
1111850,703227,6020,2025-11-07,8.25,mmol/L,Low
1111851,705459,6005,2023-03-09,49.73,mmol/L,Normal
1111852,702665,6015,2022-11-18,22.64,U/L,Normal
1111853,701886,6019,2021-12-02,15.41,mmol/L,Normal
1111854,703272,6009,2023-12-11,31.86,mmHg,Normal
1111855,703996,6011,2021-01-28,21.34,mg/dL,Low
1111856,704938,6011,2024-11-04,11.22,mmHg,Normal
1111857,701853,6020,2021-09-03,36.3,U/L,Low
1111858,703673,6010,2023-09-30,32.78,U/L,High
1111859,700330,6006,2025-10-12,20.39,mmHg,Normal
1111860,705438,6016,2021-12-31,29.84,U/L,Normal
1111861,702901,6007,2023-06-04,74.63,g/dL,Low
1111862,701571,6014,2022-07-12,22.41,mmHg,Normal
1111863,703197,6003,2024-06-11,14.17,mmol/L,High
1111864,706243,6002,2023-10-23,8.74,U/L,Low
1111865,706077,6009,2021-10-28,156.9,g/dL,High
1111866,705307,6021,2022-08-23,64.22,%,Normal
1111867,700469,6004,2022-07-16,34.99,mg/dL,Normal
1111868,705286,6012,2024-08-31,47.56,mmHg,Low
1111869,702478,6023,2023-04-15,44.92,mg/dL,Normal
1111870,703097,6006,2024-05-10,12.64,mg/dL,Normal
1111871,701475,6009,2022-07-19,31.27,mg/dL,Normal
1111872,706483,6014,2023-02-04,28.19,g/dL,Normal
1111873,702587,6017,2025-10-10,13.24,mmHg,Normal
1111874,700881,6020,2022-05-21,71.93,g/dL,Normal
1111875,703156,6009,2025-05-29,13.0,U/L,Normal
1111876,705132,6011,2023-08-17,16.17,mg/dL,Normal
1111877,705459,6009,2021-03-19,53.13,g/dL,Normal
1111878,700074,6002,2024-09-29,10.41,mg/dL,Normal
1111879,703574,6022,2022-09-30,11.62,U/L,High
1111880,702849,6005,2023-06-14,11.01,U/L,Normal
1111881,700626,6001,2021-05-16,10.48,g/dL,Normal
1111882,701399,6018,2025-03-04,3.79,mg/dL,Normal
1111883,704247,6009,2021-10-02,12.82,mmol/L,Normal
1111884,703566,6014,2022-04-25,19.54,%,Low
1111885,701820,6020,2022-05-29,39.54,%,Normal
1111886,700895,6009,2022-08-07,19.06,mmol/L,Normal
1111887,701721,6026,2022-01-06,41.61,mg/dL,Normal
1111888,706401,6002,2023-03-26,10.96,%,Normal
1111889,703918,6022,2025-07-22,13.71,mmHg,Normal
1111890,701632,6014,2022-05-03,56.24,mmHg,High
1111891,701143,6020,2022-07-06,5.44,mmol/L,Normal
1111892,701924,6017,2023-07-29,17.35,g/dL,Normal
1111893,700042,6023,2023-08-29,39.34,g/dL,Normal
1111894,702371,6014,2025-07-08,12.46,%,Normal
1111895,702418,6014,2025-04-14,66.0,mg/dL,Normal
1111896,705905,6005,2022-10-17,33.47,U/L,Normal
1111897,705686,6008,2022-03-30,42.91,%,Normal
1111898,700889,6011,2022-01-18,19.24,g/dL,High
1111899,701114,6006,2021-12-31,23.5,%,High
1111900,701348,6009,2021-03-05,4.61,mmHg,Low
1111901,702634,6015,2023-11-28,59.76,mmHg,Normal
1111902,703533,6015,2025-12-23,29.75,%,Normal
1111903,700895,6016,2023-06-22,8.39,%,Normal
1111904,705234,6002,2021-07-19,18.36,%,High
1111905,703365,6013,2021-03-01,16.21,g/dL,Normal
1111906,703897,6015,2023-11-16,52.26,g/dL,High
1111907,705373,6018,2022-05-05,9.99,U/L,Normal
1111908,704002,6020,2021-04-22,9.88,mmHg,Normal
1111909,700675,6021,2025-01-02,46.6,%,Low
1111910,702614,6002,2024-06-30,7.89,mmol/L,Normal
1111911,705138,6008,2022-12-28,23.37,mmHg,Normal
1111912,701120,6016,2025-10-02,16.7,mmHg,Normal
1111913,703963,6013,2025-04-12,10.95,U/L,High
1111914,701710,6012,2023-12-16,38.99,mmHg,Normal
1111915,703721,6014,2023-05-13,10.7,U/L,High
1111916,705259,6026,2023-01-05,37.82,mmHg,Normal
1111917,705544,6016,2023-08-01,19.15,mg/dL,Normal
1111918,704874,6026,2024-09-30,14.29,mmHg,Normal
1111919,701541,6005,2024-08-12,20.58,mmol/L,High
1111920,703279,6010,2021-10-28,27.9,mmol/L,Normal
1111921,701442,6005,2024-01-19,16.51,%,Low
1111922,706488,6010,2022-10-25,24.53,mmol/L,Normal
1111923,703964,6017,2021-05-26,8.51,mmol/L,Low
1111924,705356,6023,2025-02-23,12.31,U/L,High
1111925,700621,6009,2024-04-14,16.35,mg/dL,Normal
1111926,700774,6011,2022-03-13,71.19,U/L,Normal
1111927,701695,6018,2025-12-26,11.59,g/dL,Normal
1111928,701663,6004,2024-04-18,110.26,%,Normal
1111929,703773,6013,2021-07-16,8.81,g/dL,Normal
1111930,701605,6018,2025-04-12,53.93,U/L,Critical
1111931,702754,6011,2021-11-19,13.95,g/dL,Normal
1111932,702505,6021,2025-04-14,53.45,mg/dL,Normal
1111933,705230,6017,2021-12-22,48.95,mg/dL,Low
1111934,701171,6020,2023-12-20,28.06,U/L,Normal
1111935,705365,6018,2022-07-22,45.97,mg/dL,Normal
1111936,704216,6016,2023-09-24,4.55,U/L,Normal
1111937,704030,6001,2022-02-05,13.62,g/dL,Normal
1111938,703426,6026,2022-07-23,87.17,mg/dL,Normal
1111939,705823,6011,2022-08-30,11.69,mmol/L,Normal
1111940,705962,6015,2022-06-20,33.49,g/dL,High
1111941,701420,6006,2022-12-14,24.97,mg/dL,Normal
1111942,704691,6011,2022-10-06,7.78,mg/dL,Normal
1111943,705184,6016,2021-06-03,20.52,%,Normal
1111944,700980,6005,2023-11-26,13.37,g/dL,High
1111945,704536,6006,2022-06-02,20.87,mmol/L,Normal
1111946,705790,6021,2021-12-31,18.89,mmol/L,High
1111947,701798,6019,2023-07-29,16.69,U/L,Normal
1111948,705797,6009,2025-06-22,25.35,g/dL,Normal
1111949,700261,6002,2025-07-18,33.28,g/dL,Low
1111950,701346,6019,2022-11-14,10.9,mg/dL,Normal
1111951,705279,6011,2023-09-04,11.72,g/dL,Normal
1111952,705913,6019,2025-01-04,25.0,mg/dL,Normal
1111953,705495,6014,2023-02-27,27.99,g/dL,Low
1111954,703793,6008,2022-01-22,29.94,g/dL,Normal
1111955,706152,6015,2025-02-18,2.41,mg/dL,Normal
1111956,701992,6026,2023-06-14,25.67,g/dL,Normal
1111957,701926,6018,2021-12-07,36.33,mmol/L,Normal
1111958,705699,6009,2023-05-12,28.11,mmHg,Low
1111959,703330,6012,2025-10-13,47.57,mg/dL,Normal
1111960,704792,6009,2021-04-17,73.84,mmHg,Normal
1111961,703447,6007,2025-02-01,11.16,mmol/L,Low
1111962,703040,6017,2021-11-11,23.88,g/dL,Normal
1111963,704981,6008,2023-11-28,40.85,mmol/L,Normal
1111964,706411,6019,2024-12-13,6.95,mmol/L,High
1111965,705237,6002,2024-10-14,17.66,mmol/L,High
1111966,702143,6026,2025-09-23,40.53,mg/dL,Normal
1111967,700331,6002,2021-03-14,44.64,mmol/L,Normal
1111968,703698,6013,2022-06-09,21.14,U/L,Normal
1111969,704041,6018,2024-06-11,37.19,mmol/L,High
1111970,705107,6008,2023-11-18,4.2,%,Normal
1111971,703120,6019,2024-01-05,18.19,mg/dL,Normal
1111972,703340,6002,2023-03-12,20.42,mg/dL,Normal
1111973,705422,6011,2025-11-07,21.47,mmHg,Normal
1111974,700938,6001,2022-03-22,7.9,mmHg,High
1111975,705254,6006,2025-03-16,29.97,g/dL,High
1111976,701424,6008,2024-05-13,11.21,mmHg,Normal
1111977,706473,6013,2024-10-13,17.58,mg/dL,Low
1111978,700383,6018,2024-10-02,30.03,%,Normal
1111979,701568,6026,2021-10-11,12.21,g/dL,Normal
1111980,705958,6008,2023-07-21,17.85,mmol/L,Normal
1111981,704856,6010,2021-08-14,40.09,g/dL,Normal
1111982,701534,6016,2025-07-03,15.5,mmol/L,Normal
1111983,703058,6017,2021-01-03,30.15,g/dL,Normal
1111984,701425,6018,2025-08-19,78.6,U/L,Critical
1111985,700235,6002,2022-05-24,5.69,%,Normal
1111986,703737,6024,2023-10-30,13.57,g/dL,High
1111987,700949,6013,2024-06-12,21.48,mmol/L,High
1111988,704672,6018,2024-08-27,8.86,mg/dL,Normal
1111989,703496,6009,2025-04-05,35.47,mg/dL,Normal
1111990,705278,6008,2021-05-02,11.25,g/dL,Normal
1111991,701551,6017,2022-08-02,7.46,mmHg,Normal
1111992,701023,6007,2025-09-13,11.86,%,Normal
1111993,700058,6024,2021-03-13,19.18,mmHg,Normal
1111994,701379,6017,2024-10-23,14.47,mmHg,Low
1111995,703889,6017,2023-06-26,10.48,U/L,Critical
1111996,703284,6023,2022-01-10,19.04,%,Normal
1111997,704432,6015,2022-03-31,14.85,mmHg,Low
1111998,700690,6002,2023-01-03,15.91,mg/dL,Normal
1111999,701315,6018,2024-05-05,33.37,mg/dL,Normal
1112000,701776,6014,2023-01-17,10.18,g/dL,Normal
1112001,705014,6018,2023-08-16,7.96,g/dL,Normal
1112002,702972,6022,2021-04-07,29.83,%,Normal
1112003,700683,6011,2024-10-06,21.88,mg/dL,Normal
1112004,701391,6019,2022-09-17,6.95,g/dL,Normal
1112005,703172,6013,2024-12-13,27.38,%,Normal
1112006,702083,6024,2023-01-17,9.75,U/L,Low
1112007,704111,6018,2023-06-21,12.59,mg/dL,High
1112008,703540,6012,2022-08-26,13.29,mmol/L,Normal
1112009,702211,6020,2024-02-11,14.99,g/dL,Normal
1112010,706419,6013,2021-09-23,35.43,mmol/L,Normal
1112011,702052,6004,2024-12-06,11.35,mmHg,Normal
1112012,701207,6022,2024-02-07,9.56,%,Normal
1112013,706062,6024,2024-09-19,7.06,g/dL,Normal
1112014,705245,6002,2025-01-30,27.97,mg/dL,Normal
1112015,706369,6016,2024-07-20,13.61,mg/dL,High
1112016,705306,6025,2022-02-15,27.5,U/L,Low
1112017,705266,6021,2021-12-13,7.36,U/L,Low
1112018,702491,6024,2025-08-30,20.1,U/L,Normal
1112019,700236,6019,2025-08-28,21.24,mg/dL,Normal
1112020,703066,6018,2024-06-30,14.12,g/dL,Normal
1112021,702488,6001,2025-07-31,14.24,U/L,Normal
1112022,703132,6025,2023-06-17,42.77,%,Normal
1112023,702628,6001,2021-01-02,17.56,mmHg,Normal
1112024,700388,6023,2021-12-29,24.88,U/L,Normal
1112025,705662,6017,2024-03-01,25.81,mmHg,Normal
1112026,702131,6019,2022-10-10,,g/dL,Low
1112027,706307,6016,2024-03-26,21.21,U/L,Normal
1112028,702812,6021,2023-03-18,7.66,U/L,Normal
1112029,702169,6024,2023-02-23,18.49,mmHg,Low
1112030,705226,6013,2021-03-24,30.87,mg/dL,High
1112031,705724,6013,2022-05-08,36.21,%,Normal
1112032,703064,6005,2023-04-11,18.65,mmol/L,Normal
1112033,702593,6017,2024-10-25,19.57,U/L,Normal
1112034,702491,6012,2024-09-16,74.89,g/dL,Low
1112035,703283,6020,2021-12-16,61.18,mmol/L,Normal
1112036,700784,6005,2021-11-27,26.96,mmHg,Normal
1112037,700413,6014,2023-09-24,38.66,mg/dL,Normal
1112038,703851,6002,2024-02-08,19.09,mg/dL,Normal
1112039,704260,6005,2023-12-05,11.13,%,Low
1112040,704517,6005,2022-04-04,20.74,U/L,High
1112041,703651,6012,2025-05-11,26.35,mmHg,Low
1112042,700352,6024,2023-12-13,24.3,%,Normal
1112043,702666,6010,2022-04-22,16.34,mmol/L,Critical
1112044,701318,6016,2024-09-12,96.29,g/dL,Normal
1112045,705440,6026,2023-07-24,14.77,mg/dL,Normal
1112046,700580,6025,2023-11-24,12.22,g/dL,Low
1112047,701579,6012,2024-04-08,91.25,%,Normal
1112048,705417,6011,2025-12-24,34.84,%,Normal
1112049,701581,6005,2024-07-27,19.64,U/L,Critical
1112050,703552,6014,2021-03-07,9.85,U/L,Normal
1112051,701137,6014,2022-07-28,80.67,g/dL,Normal
1112052,704533,6022,2021-03-21,69.74,g/dL,Normal
1112053,702519,6004,2025-05-21,175.83,%,Normal
1112054,700358,6025,2025-11-14,33.69,mg/dL,Normal
1112055,702719,6022,2022-12-31,24.05,mmHg,High
1112056,701597,6009,2024-09-27,11.04,mg/dL,High
1112057,705433,6025,2024-06-08,20.19,mmol/L,High
1112058,703605,6005,2021-09-29,8.89,U/L,Normal
1112059,700921,6010,2023-06-28,22.27,mg/dL,Normal
1112060,704089,6020,2024-01-05,22.35,g/dL,Normal
1112061,704637,6019,2023-03-31,16.08,%,High
1112062,702558,6004,2024-06-10,20.27,mg/dL,Normal
1112063,702611,6014,2022-04-05,11.03,mmHg,Normal
1112064,706415,6004,2023-08-27,21.29,mmol/L,Normal
1112065,704389,6026,2025-02-17,10.62,mmHg,Normal
1112066,701060,6014,2024-12-09,18.04,mmHg,Normal
1112067,702687,6010,2025-03-04,31.71,mmHg,High
1112068,705943,6013,2022-08-17,8.99,g/dL,Normal
1112069,702340,6010,2022-01-22,39.17,mg/dL,Normal
1112070,706444,6012,2023-03-20,36.57,U/L,Normal
1112071,702461,6003,2024-07-18,5.27,mmHg,Normal
1112072,705688,6014,2025-10-09,28.53,%,Normal
1112073,704398,6017,2023-10-22,19.4,mg/dL,Normal
1112074,702062,6026,2024-03-08,14.68,g/dL,High
1112075,706329,6014,2023-01-23,7.62,g/dL,Normal
1112076,705365,6021,2024-07-23,5.4,g/dL,Normal
1112077,700366,6009,2022-12-01,28.78,U/L,Normal
1112078,705425,6021,2024-04-21,132.19,g/dL,High
1112079,702289,6020,2021-07-08,6.7,%,Low
1112080,701230,6006,2024-11-07,56.24,mg/dL,Low
1112081,705194,6015,2025-01-23,24.15,U/L,Low
1112082,700657,6006,2025-09-07,21.61,mmHg,Normal
1112083,702922,6017,2024-11-05,15.08,U/L,Low
1112084,700988,6013,2021-10-16,48.65,g/dL,Normal
1112085,700489,6005,2022-07-05,31.22,%,Normal
1112086,705628,6002,2025-10-23,46.52,%,Low
1112087,704321,6018,2024-12-29,16.04,g/dL,Normal
1112088,704958,6015,2021-08-02,23.02,U/L,Normal
1112089,705826,6009,2025-12-13,69.16,%,High
1112090,704758,6002,2024-02-28,45.43,U/L,Normal
1112091,704338,6021,2023-10-15,9.96,mg/dL,Low
1112092,701168,6009,2021-01-17,35.08,g/dL,Normal
1112093,706055,6026,2024-04-09,17.62,U/L,Normal
1112094,705076,6024,2025-07-01,47.39,mmol/L,Normal
1112095,700012,6013,2023-11-19,29.28,mg/dL,Normal
1112096,705438,6024,2022-04-16,32.46,U/L,Normal
1112097,702778,6001,2024-06-04,12.06,g/dL,Normal
1112098,702289,6024,2021-08-25,23.55,mg/dL,Normal
1112099,705104,6012,2025-10-25,14.59,mmol/L,High
1112100,704661,6024,2022-07-17,48.37,%,Normal
1112101,705110,6013,2023-09-20,9.84,U/L,Normal
1112102,702145,6006,2023-10-05,10.48,mmol/L,Normal
1112103,700461,6006,2022-03-02,36.11,U/L,Low
1112104,704720,6025,2025-09-21,23.43,U/L,Low
1112105,703773,6004,2025-04-18,22.4,mmol/L,Normal
1112106,701053,6020,2025-12-18,33.28,%,Low
1112107,705343,6025,2023-09-25,10.82,mmol/L,Normal
1112108,700783,6025,2024-12-20,20.01,g/dL,Normal
1112109,705946,6026,2022-12-06,70.41,U/L,Normal
1112110,704192,6026,2024-12-05,38.62,U/L,Normal
1112111,705906,6016,2024-02-22,12.82,mmol/L,High
1112112,705408,6024,2024-05-02,5.39,mmol/L,High
1112113,700229,6021,2021-06-06,14.12,U/L,Normal
1112114,706453,6026,2023-03-04,60.81,mmHg,Low
1112115,702638,6024,2021-04-09,12.37,mmHg,Normal
1112116,703277,6013,2025-03-19,51.6,%,Normal
1112117,703089,6002,2025-02-04,44.38,%,Normal
1112118,701035,6019,2022-05-19,25.23,g/dL,High
1112119,702155,6005,2025-01-11,67.45,mmHg,Normal
1112120,705943,6018,2021-05-09,10.44,U/L,Low
1112121,703575,6026,2022-11-15,7.28,mmHg,Normal
1112122,704411,6024,2025-06-10,76.0,mmol/L,Normal
1112123,701933,6003,2024-02-22,6.63,mmol/L,Normal
1112124,700980,6026,2025-03-18,57.35,mmol/L,Normal
1112125,704674,6001,2023-07-13,8.95,mg/dL,Normal
1112126,700561,6006,2023-08-18,36.23,U/L,Normal
1112127,700483,6001,2024-03-10,6.66,mmHg,High
1112128,700193,6017,2022-05-18,10.74,mmHg,Normal
1112129,706031,6012,2025-05-23,42.91,mmHg,Normal
1112130,703164,6004,2024-08-03,21.88,g/dL,Normal
1112131,705202,6014,2023-11-30,10.4,%,Normal
1112132,701352,6006,2021-05-26,25.79,mmol/L,Low
1112133,704398,6013,2023-10-25,20.92,mmHg,Normal
1112134,702350,6009,2024-02-09,24.55,mmHg,High
1112135,702339,6013,2025-06-15,30.67,mmHg,Normal
1112136,702843,6019,2022-06-22,9.42,mg/dL,Normal
1112137,703832,6010,2024-07-19,25.5,mg/dL,Normal
1112138,702487,6025,2023-05-09,51.98,%,Normal
1112139,705737,6017,2021-03-12,72.15,mmHg,Low
1112140,702551,6012,2025-08-23,41.7,%,Normal
1112141,702156,6001,2024-12-28,30.36,mmHg,Critical
1112142,705289,6005,2024-02-09,6.13,mmol/L,Normal
1112143,702857,6014,2023-08-13,37.84,%,Normal
1112144,705947,6013,2023-02-23,13.24,mg/dL,High
1112145,702765,6004,2024-09-27,40.37,U/L,Low
1112146,702871,6022,2023-03-03,8.84,mg/dL,Normal
1112147,703786,6013,2025-02-28,18.99,mmHg,Normal
1112148,706328,6023,2024-08-27,25.19,%,High
1112149,702181,6003,2023-06-22,23.17,g/dL,Low
1112150,702971,6026,2023-11-29,23.73,mg/dL,Normal
1112151,705137,6021,2024-08-13,62.12,U/L,Normal
1112152,702149,6003,2025-08-05,23.07,mmHg,Low
1112153,706499,6013,2021-10-02,32.5,mg/dL,Normal
1112154,700121,6001,2024-04-17,18.86,mg/dL,High
1112155,700927,6009,2022-06-04,62.07,mmol/L,Normal
1112156,701409,6008,2024-08-19,19.34,mmHg,Normal
1112157,701122,6010,2022-12-03,28.33,mg/dL,High
1112158,704297,6024,2025-05-23,6.43,mmol/L,Normal
1112159,700597,6011,2021-03-19,4.91,U/L,Low
1112160,705856,6023,2022-10-03,57.38,mg/dL,Normal
1112161,704168,6013,2022-05-30,17.41,g/dL,Normal
1112162,700740,6002,2023-09-11,25.51,U/L,High
1112163,703361,6024,2021-07-28,13.13,U/L,Normal
1112164,701122,6010,2024-02-22,61.22,U/L,Normal
1112165,704460,6001,2023-05-05,17.49,mg/dL,High
1112166,705306,6026,2023-01-06,,mg/dL,Normal
1112167,705393,6017,2024-11-27,9.14,U/L,Normal
1112168,701495,6013,2025-02-08,29.05,g/dL,High
1112169,701354,6018,2025-07-30,18.27,%,Normal
1112170,706148,6011,2023-01-08,15.48,mmHg,Critical
1112171,701461,6022,2023-03-06,32.97,U/L,Normal
1112172,702013,6016,2024-08-06,47.09,U/L,Normal
1112173,702487,6005,2023-05-31,20.44,U/L,Normal
1112174,702123,6022,2024-11-25,8.76,U/L,Normal
1112175,704239,6008,2025-12-20,23.62,U/L,Normal
1112176,705608,6021,2024-02-07,10.4,mmol/L,Normal
1112177,705078,6016,2022-10-20,20.61,g/dL,Low
1112178,705210,6012,2025-05-10,16.84,U/L,Low
1112179,701777,6011,2025-08-29,9.18,g/dL,Low
1112180,703342,6019,2025-03-01,27.05,mmol/L,High
1112181,701845,6014,2024-04-21,17.78,g/dL,Normal
1112182,703256,6005,2024-09-28,51.79,mg/dL,Normal
1112183,702014,6007,2021-04-20,22.62,g/dL,High
1112184,702752,6012,2023-01-10,42.14,mmHg,Low
1112185,705316,6008,2021-07-22,17.81,%,Normal
1112186,704360,6008,2025-12-20,9.81,mmHg,Normal
1112187,705964,6009,2024-08-12,4.0,mmHg,Normal
1112188,705857,6012,2024-12-19,17.93,U/L,Normal
1112189,702083,6004,2024-06-15,17.35,g/dL,Normal
1112190,704332,6004,2022-10-12,10.33,mg/dL,Normal
1112191,704291,6006,2025-03-04,31.25,U/L,Normal
1112192,703629,6019,2021-06-24,8.65,mg/dL,Normal
1112193,702218,6009,2025-12-30,21.93,mg/dL,Normal
1112194,703015,6003,2023-05-28,39.54,mmHg,Normal
1112195,702801,6022,2024-01-08,11.43,mmol/L,Critical
1112196,702697,6015,2024-05-22,12.23,U/L,Normal
1112197,704665,6003,2024-01-29,27.5,%,High
1112198,706014,6008,2023-03-29,17.33,%,Normal
1112199,706041,6009,2024-03-10,21.88,mmHg,Normal
1112200,701780,6002,2023-05-24,29.47,mmHg,Normal
1112201,705419,6017,2025-06-08,3.85,%,Low
1112202,705426,6024,2025-09-09,10.6,%,High
1112203,705788,6010,2025-04-17,25.12,mg/dL,Low
1112204,704563,6013,2022-04-05,18.26,mmHg,Normal
1112205,700723,6022,2021-07-02,14.32,U/L,Normal
1112206,703723,6004,2021-06-21,117.37,mmol/L,Normal
1112207,704821,6014,2021-10-26,19.81,U/L,Normal
1112208,702273,6022,2022-08-19,11.54,mmol/L,Normal
1112209,704546,6019,2024-08-04,53.82,g/dL,Normal
1112210,703409,6010,2025-10-05,8.68,%,High
1112211,704823,6020,2023-08-22,11.0,U/L,Normal
1112212,702663,6008,2024-07-31,11.17,U/L,Normal
1112213,704640,6011,2023-08-16,37.23,mmol/L,Normal
1112214,706206,6011,2024-04-13,33.79,U/L,Normal
1112215,706188,6020,2024-08-08,38.63,g/dL,Normal
1112216,700347,6012,2025-02-08,4.86,mmol/L,Normal
1112217,703803,6011,2023-12-31,32.81,mmol/L,High
1112218,702211,6001,2023-10-27,66.33,mg/dL,Normal
1112219,703744,6004,2024-05-12,9.76,mmol/L,Normal
1112220,700037,6010,2025-04-12,37.49,mg/dL,Critical
1112221,706047,6006,2022-07-30,16.4,g/dL,High
1112222,704937,6018,2023-08-01,62.91,mmHg,Low
1112223,706380,6021,2024-02-05,19.65,mmol/L,Normal
1112224,700987,6011,2025-04-27,9.7,%,Normal
1112225,701892,6014,2022-11-13,12.67,U/L,Normal
1112226,702192,6013,2021-03-09,8.67,U/L,Normal
1112227,701964,6019,2024-05-13,12.78,mmHg,Low
1112228,700300,6024,2025-01-19,14.71,U/L,High
1112229,705809,6017,2023-02-25,20.23,mmol/L,Normal
1112230,705324,6014,2025-05-12,4.56,%,Normal
1112231,703441,6017,2024-12-31,42.26,%,Normal
1112232,702860,6015,2025-03-03,57.24,U/L,High
1112233,703007,6024,2022-12-12,13.61,U/L,Normal
1112234,701684,6019,2022-12-12,5.76,U/L,High
1112235,702497,6008,2022-04-05,4.96,mg/dL,Low
1112236,703958,6009,2022-02-21,15.14,g/dL,Normal
1112237,700008,6003,2021-05-05,28.6,mg/dL,Low
1112238,704631,6008,2024-12-21,30.32,U/L,Normal
1112239,702024,6022,2022-05-07,14.43,U/L,Low
1112240,705520,6019,2025-09-23,23.11,g/dL,Normal
1112241,700224,6003,2023-05-11,13.4,U/L,High
1112242,703106,6021,2022-08-05,28.83,U/L,Critical
1112243,706068,6017,2022-12-16,18.88,%,Low
1112244,704223,6024,2024-12-07,8.46,U/L,High
1112245,700613,6008,2022-11-11,,mmol/L,Normal
1112246,704199,6005,2021-05-17,30.62,%,Low
1112247,702869,6010,2024-02-12,12.35,U/L,Normal
1112248,701747,6020,2022-09-23,33.53,%,Normal
1112249,701092,6017,2021-02-15,22.87,mmol/L,Normal
1112250,703793,6007,2025-04-12,37.97,mg/dL,Normal
1112251,700967,6013,2024-02-20,20.69,g/dL,Critical
1112252,704594,6019,2025-12-30,22.85,U/L,High
1112253,702356,6016,2023-01-04,17.84,%,Normal
1112254,701393,6007,2021-03-06,64.73,mmol/L,Normal
1112255,704820,6002,2021-09-26,16.08,U/L,High
1112256,705295,6016,2022-11-25,42.72,mmHg,Normal
1112257,702449,6006,2021-02-19,58.58,mmol/L,Normal
1112258,704752,6011,2021-03-29,16.47,mg/dL,High
1112259,704861,6024,2023-09-17,14.77,U/L,Normal
1112260,702191,6013,2025-09-05,22.52,%,Normal
1112261,702597,6022,2023-06-26,32.58,g/dL,Normal
1112262,703198,6003,2021-09-30,10.65,mg/dL,High
1112263,703626,6015,2024-04-10,12.62,mmol/L,Normal
1112264,704296,6004,2025-11-20,23.94,%,High
1112265,704613,6014,2023-12-05,33.28,mmHg,Normal
1112266,705499,6014,2023-12-20,13.64,%,Normal
1112267,706035,6022,2022-10-13,15.23,U/L,High
1112268,701958,6011,2021-07-19,13.38,mmol/L,Normal
1112269,703758,6008,2021-08-17,14.31,mmHg,Normal
1112270,706128,6014,2025-05-10,25.55,mmHg,Normal
1112271,704188,6015,2024-02-10,29.06,mmHg,Low
1112272,702396,6010,2025-06-17,26.76,U/L,Normal
1112273,705383,6020,2024-12-10,22.54,mmol/L,High
1112274,703522,6011,2021-02-09,149.93,mmHg,Normal
1112275,706097,6001,2021-10-11,7.5,U/L,Normal
1112276,705827,6022,2025-05-04,7.14,mg/dL,Low
1112277,705551,6006,2022-10-31,30.73,g/dL,Normal
1112278,702901,6016,2023-04-16,9.23,mg/dL,Normal
1112279,706245,6018,2022-03-30,33.47,g/dL,Normal
1112280,702558,6022,2024-07-26,24.2,%,Low
1112281,701964,6014,2021-08-05,18.3,%,Normal
1112282,705557,6005,2024-05-02,24.28,g/dL,High
1112283,701352,6013,2024-01-29,36.75,mmHg,Normal
1112284,705691,6020,2025-09-22,10.63,%,High
1112285,700573,6007,2021-02-12,12.44,g/dL,Normal
1112286,702640,6024,2024-11-12,16.04,mmol/L,Normal
1112287,701521,6017,2025-02-24,66.41,mg/dL,Normal
1112288,700250,6015,2024-05-23,12.69,%,High
1112289,702528,6005,2024-10-24,20.88,mg/dL,Normal
1112290,704836,6019,2025-05-10,25.96,%,High
1112291,705416,6020,2022-07-25,48.66,mmol/L,Low
1112292,704432,6013,2024-02-01,12.52,%,Normal
1112293,705593,6010,2022-04-05,71.01,g/dL,Normal
1112294,700680,6011,2022-12-28,19.26,mg/dL,Normal
1112295,702581,6009,2025-10-25,25.53,mmol/L,Normal
1112296,703952,6009,2021-08-17,20.74,%,Normal
1112297,703255,6017,2025-12-16,13.79,mmol/L,Normal
1112298,704297,6002,2022-04-26,26.04,mmHg,High
1112299,703842,6023,2022-11-19,38.82,mg/dL,Normal
1112300,701397,6017,2021-02-26,14.91,U/L,Normal
1112301,703983,6013,2021-09-25,10.35,mg/dL,Low
1112302,701032,6020,2024-06-03,12.46,mg/dL,Normal
1112303,705448,6021,2025-12-16,132.68,U/L,Normal
1112304,703368,6015,2025-11-16,8.04,mg/dL,Normal
1112305,702067,6007,2021-05-25,19.24,mmHg,Normal
1112306,704914,6016,2025-09-13,8.63,mmol/L,Normal
1112307,704201,6005,2023-04-08,16.5,mg/dL,Normal
1112308,702616,6001,2024-06-24,11.72,%,Normal
1112309,706269,6005,2025-10-05,8.63,%,Normal
1112310,705567,6019,2021-05-05,17.56,%,Normal
1112311,701643,6015,2022-09-28,19.74,mg/dL,Normal
1112312,704525,6018,2021-02-22,21.7,U/L,Normal
1112313,700070,6018,2023-04-29,22.93,g/dL,Normal
1112314,700345,6007,2023-12-11,20.88,mg/dL,High
1112315,706081,6016,2024-08-22,10.69,mmHg,Low
1112316,703799,6007,2021-02-21,46.07,mmol/L,Normal
1112317,701946,6002,2021-01-18,11.69,g/dL,Normal
1112318,702147,6025,2022-05-22,26.6,%,Normal
1112319,704249,6021,2024-04-05,16.96,g/dL,Low
1112320,702025,6001,2023-05-03,8.98,mmHg,Normal
1112321,700102,6012,2023-12-20,21.74,%,Normal
1112322,700974,6006,2021-09-17,54.79,mmHg,Normal
1112323,704534,6010,2022-08-22,17.55,mmol/L,High
1112324,705520,6006,2024-01-29,14.14,U/L,Normal
1112325,704063,6005,2024-07-15,8.42,%,Normal
1112326,705242,6005,2023-07-10,23.25,%,Normal
1112327,702185,6014,2025-03-31,9.28,mmol/L,Normal
1112328,705768,6012,2024-08-20,40.8,mmol/L,Normal
1112329,705985,6025,2024-10-19,17.44,U/L,Normal
1112330,704339,6002,2025-09-20,31.82,mg/dL,High
1112331,705047,6024,2023-10-11,12.93,%,Low
1112332,702958,6004,2023-12-30,19.02,mg/dL,Normal
1112333,705028,6026,2023-01-13,12.11,g/dL,Normal
1112334,704824,6023,2021-10-10,10.56,U/L,Normal
1112335,700887,6018,2023-06-04,25.88,mg/dL,High
1112336,705853,6014,2024-07-29,13.45,%,Normal
1112337,702251,6016,2024-02-12,22.41,mg/dL,Normal
1112338,706354,6025,2021-10-04,7.85,g/dL,Low
1112339,702397,6025,2021-10-20,45.27,%,Normal
1112340,702149,6019,2021-04-03,19.49,mmHg,Normal
1112341,704442,6025,2022-01-01,17.28,%,Normal
1112342,701020,6025,2024-10-23,26.19,mmol/L,Normal
1112343,701025,6024,2024-02-22,9.7,U/L,Normal
1112344,704979,6021,2023-05-06,23.9,mmol/L,Low
1112345,701971,6015,2022-07-24,67.81,mg/dL,Normal
1112346,702087,6013,2023-12-11,11.52,mmol/L,High
1112347,703903,6012,2024-03-06,45.77,mg/dL,High
1112348,702010,6003,2024-11-15,27.0,mmol/L,Normal
1112349,700260,6015,2025-09-25,14.69,mg/dL,Normal
1112350,706099,6008,2021-05-09,39.15,U/L,High
1112351,701333,6003,2021-01-25,118.63,mg/dL,Normal
1112352,702953,6015,2022-04-02,15.31,g/dL,Normal
1112353,702095,6013,2024-04-28,7.85,mg/dL,Normal
1112354,701366,6020,2025-01-10,18.83,U/L,Normal
1112355,701117,6002,2024-01-22,32.07,%,Normal
1112356,704536,6015,2025-11-28,17.06,mmHg,Normal
1112357,702195,6024,2023-09-08,11.49,mmHg,Normal
1112358,704502,6004,2022-03-03,28.97,%,Normal
1112359,701528,6019,2025-04-16,13.64,mmol/L,Critical
1112360,706441,6016,2024-09-02,12.0,U/L,High
1112361,703836,6026,2024-01-21,66.99,U/L,High
1112362,700244,6013,2024-08-30,9.29,U/L,Normal
1112363,702830,6005,2021-01-17,5.92,mmHg,Normal
1112364,700315,6017,2023-05-07,22.86,%,Normal
1112365,704019,6022,2024-10-15,5.64,mg/dL,Low
1112366,703451,6011,2021-07-10,8.6,mg/dL,Low
1112367,704491,6008,2025-06-12,14.38,g/dL,Low
1112368,701748,6013,2021-02-18,30.34,mmol/L,Normal
1112369,704078,6022,2022-10-05,,U/L,Critical
1112370,701503,6011,2024-06-05,14.06,U/L,High
1112371,704684,6007,2023-04-13,61.06,%,Low
1112372,705637,6026,2024-07-23,7.55,mg/dL,Normal
1112373,701114,6016,2022-08-23,21.57,mmHg,Normal
1112374,706176,6018,2024-11-25,46.71,U/L,Normal
1112375,700633,6015,2022-11-22,2.51,mmol/L,Normal
1112376,703970,6008,2021-09-06,7.03,%,High
1112377,702860,6025,2024-09-29,20.8,mmHg,Low
1112378,705207,6022,2021-03-14,58.17,U/L,Low
1112379,701374,6015,2021-06-10,19.68,mg/dL,Normal
1112380,700404,6025,2025-08-13,23.26,U/L,Normal
1112381,702671,6004,2021-04-26,22.85,mmol/L,Critical
1112382,704554,6010,2025-01-06,86.86,mg/dL,Normal
1112383,701062,6005,2024-05-07,13.5,U/L,Normal
1112384,702184,6002,2024-11-27,25.24,U/L,Normal
1112385,703952,6024,2025-11-30,38.42,%,Low
1112386,705053,6002,2025-06-12,7.12,g/dL,Normal
1112387,703567,6002,2025-09-23,21.07,mmHg,Low
1112388,705826,6010,2024-01-09,31.89,%,Normal
1112389,702734,6011,2022-12-17,20.56,g/dL,Normal
1112390,702710,6011,2022-01-20,12.8,U/L,Normal
1112391,705274,6005,2025-05-15,21.95,g/dL,Normal
1112392,702124,6018,2024-08-14,20.73,mmol/L,Critical
1112393,701299,6024,2025-04-15,70.49,g/dL,Normal
1112394,705014,6006,2023-09-29,7.47,mmol/L,Low
1112395,703646,6001,2025-08-03,40.12,mmHg,Normal
1112396,703895,6013,2023-10-02,16.21,mmHg,Normal
1112397,700855,6023,2022-11-24,59.46,mg/dL,High
1112398,700393,6020,2021-11-04,6.49,U/L,Normal
1112399,706017,6015,2024-12-20,99.89,mmol/L,Normal
1112400,706339,6013,2025-05-30,35.69,mg/dL,Normal
1112401,702255,6019,2024-12-21,31.0,U/L,Normal
1112402,705057,6025,2023-01-10,,mg/dL,Low
1112403,704127,6013,2024-11-16,15.94,g/dL,Normal
1112404,701051,6007,2021-11-03,6.0,g/dL,Low
1112405,706358,6001,2024-07-04,126.2,mmHg,Normal
1112406,706408,6004,2022-08-05,69.6,mmol/L,Normal
1112407,701810,6025,2024-03-04,14.5,mmHg,Normal
1112408,704253,6016,2021-04-13,43.22,%,High
1112409,702719,6011,2025-07-06,14.05,mg/dL,Critical
1112410,703489,6001,2023-03-12,57.64,%,Normal
1112411,702140,6007,2021-03-30,25.6,mmHg,Normal
1112412,706287,6008,2024-05-16,27.34,%,Normal
1112413,702817,6004,2021-11-09,9.85,%,Normal
1112414,701426,6001,2023-10-30,34.41,g/dL,High
1112415,706472,6025,2025-01-20,6.05,g/dL,Normal
1112416,700064,6015,2023-12-18,15.92,mmHg,Low
1112417,701497,6024,2023-04-17,49.75,%,Normal
1112418,700700,6018,2024-11-26,14.3,mmol/L,Normal
1112419,703463,6001,2025-07-05,27.77,mmHg,Normal
1112420,702986,6011,2023-04-23,11.12,mmHg,Normal
1112421,701729,6012,2024-05-26,16.93,mmHg,Low
1112422,701796,6010,2023-08-08,16.57,%,Normal
1112423,705221,6012,2021-12-04,56.39,g/dL,Normal
1112424,700801,6019,2024-03-11,8.86,mmHg,Normal
1112425,700489,6026,2024-04-07,22.08,U/L,Normal
1112426,701190,6018,2022-01-26,17.99,U/L,High
1112427,700444,6020,2025-12-11,27.62,g/dL,Normal
1112428,704910,6005,2024-04-04,10.89,g/dL,High
1112429,705899,6023,2022-02-08,53.79,mmHg,Normal
1112430,704629,6024,2023-11-03,10.43,g/dL,Normal
1112431,706015,6007,2023-12-12,90.49,mmHg,Low
1112432,705398,6001,2022-08-27,11.1,U/L,Normal
1112433,703907,6009,2025-10-12,65.99,%,High
1112434,704926,6014,2025-09-16,71.27,g/dL,Normal
1112435,704813,6020,2021-05-08,82.02,%,Normal
1112436,704469,6013,2023-12-09,7.84,g/dL,Low
1112437,700647,6006,2024-06-24,13.63,U/L,Normal
1112438,705309,6015,2021-09-05,14.58,U/L,Low
1112439,702441,6006,2022-01-19,8.99,g/dL,Low
1112440,700955,6001,2021-06-15,10.43,mmHg,High
1112441,700191,6016,2025-05-06,9.86,g/dL,High
1112442,703110,6025,2024-12-20,18.89,%,High
1112443,705678,6015,2024-07-30,25.07,mmol/L,Normal
1112444,700234,6023,2025-09-24,5.37,g/dL,Normal
1112445,701004,6024,2022-06-05,25.92,mmHg,High
1112446,701573,6025,2021-06-15,5.33,U/L,Normal
1112447,704329,6006,2021-04-26,16.3,g/dL,Low
1112448,702609,6004,2024-01-04,25.25,mg/dL,Low
1112449,702586,6025,2025-11-16,33.63,U/L,Normal
1112450,700629,6008,2022-06-01,19.07,g/dL,Normal
1112451,701065,6025,2024-08-24,43.36,mg/dL,High
1112452,704440,6006,2021-01-12,13.77,mmol/L,Normal
1112453,706459,6012,2024-04-05,38.0,g/dL,Normal
1112454,706074,6022,2024-10-17,39.12,U/L,Normal
1112455,701117,6025,2021-05-20,39.67,g/dL,Normal
1112456,702713,6015,2022-01-03,55.49,mg/dL,Normal
1112457,700778,6017,2025-11-14,14.68,mmHg,Normal
1112458,705049,6014,2021-05-18,19.04,U/L,Normal
1112459,704366,6010,2022-12-21,10.57,mg/dL,Normal
1112460,702277,6008,2022-02-05,29.28,mmHg,Normal
1112461,701266,6008,2025-10-11,8.83,mmHg,High
1112462,700601,6010,2021-06-17,47.12,mmHg,High
1112463,703700,6004,2025-05-07,12.55,mg/dL,Normal
1112464,700363,6021,2024-09-15,17.65,%,Normal
1112465,704573,6004,2023-10-04,36.29,%,Normal
1112466,705618,6004,2022-10-16,9.42,mmol/L,Low
1112467,703714,6004,2021-07-21,10.57,U/L,Low
1112468,700145,6023,2025-10-31,44.14,mmHg,Critical
1112469,705790,6012,2025-05-24,13.85,mg/dL,Normal
1112470,702078,6023,2022-12-24,10.8,%,Normal
1112471,705659,6021,2023-08-19,55.1,%,High
1112472,703904,6003,2021-05-28,8.16,mmHg,High
1112473,700761,6002,2025-01-16,33.07,mg/dL,Normal
1112474,706191,6002,2025-10-17,31.41,U/L,Normal
1112475,702107,6003,2025-03-07,82.2,%,Normal
1112476,701631,6011,2023-04-19,94.69,g/dL,Normal
1112477,703793,6014,2022-03-29,20.7,mmol/L,Low
1112478,703699,6007,2025-05-19,18.14,mg/dL,Normal
1112479,701199,6023,2023-11-16,12.07,%,Normal
1112480,706288,6020,2021-04-30,2.86,mmHg,Normal
1112481,706357,6015,2023-06-06,41.94,%,Normal
1112482,703267,6005,2024-11-10,16.03,mg/dL,Normal
1112483,705733,6020,2021-07-04,10.1,g/dL,Low
1112484,706496,6009,2021-07-22,18.43,g/dL,High
1112485,706463,6003,2025-05-19,8.26,mmol/L,Normal
1112486,706128,6013,2024-06-22,39.26,g/dL,Normal
1112487,706316,6005,2025-04-15,12.59,mmHg,Normal
1112488,706455,6007,2023-08-24,23.65,U/L,Normal
1112489,700275,6020,2022-06-09,16.2,mg/dL,Normal
1112490,704121,6009,2021-06-20,9.66,mmHg,Low
1112491,703298,6026,2023-10-16,15.17,mmol/L,Normal
1112492,705311,6022,2024-12-22,22.75,mmHg,Normal
1112493,701654,6026,2025-11-12,18.61,mmol/L,Normal
1112494,705364,6005,2021-05-07,63.29,mmol/L,Normal
1112495,702129,6019,2021-06-22,27.34,g/dL,Normal
1112496,704583,6021,2024-08-22,23.75,g/dL,Normal
1112497,705160,6006,2022-07-24,24.8,%,Normal
1112498,700115,6026,2023-07-24,24.48,%,Normal
1112499,705391,6005,2023-09-21,15.14,g/dL,Normal
1112500,700293,6025,2022-04-27,11.81,mmHg,Normal
1112501,703080,6022,2022-01-01,18.29,%,Normal
1112502,703075,6022,2023-12-02,18.43,g/dL,Normal
1112503,701969,6011,2022-03-04,15.64,mg/dL,Critical
1112504,702845,6006,2025-08-26,24.87,mmol/L,Normal
1112505,705926,6019,2023-09-20,40.21,mmol/L,Normal
1112506,700376,6009,2021-08-21,18.78,%,High
1112507,704630,6015,2021-10-15,21.27,g/dL,Normal
1112508,705497,6022,2024-03-03,8.06,mg/dL,Normal
1112509,704752,6008,2023-05-27,10.38,mg/dL,Normal
1112510,705493,6003,2025-02-06,27.04,mg/dL,Critical
1112511,704547,6023,2022-08-07,15.68,mmHg,Low
1112512,702518,6016,2025-10-23,33.65,g/dL,Normal
1112513,700762,6026,2022-10-15,8.66,mmol/L,Normal
1112514,705907,6025,2025-07-27,56.79,mmol/L,Normal
1112515,701928,6009,2023-02-01,8.77,mg/dL,Normal
1112516,700512,6006,2024-05-20,9.2,mmHg,Normal
1112517,703548,6020,2021-07-08,22.74,mmol/L,Normal
1112518,701867,6022,2025-03-17,15.01,g/dL,Normal
1112519,704924,6013,2025-06-03,6.53,g/dL,Low
1112520,700759,6012,2022-04-01,51.56,mg/dL,Normal
1112521,701804,6013,2024-06-08,29.41,U/L,Low
1112522,703001,6012,2024-06-30,5.96,%,Normal
1112523,706143,6018,2021-08-04,31.45,g/dL,Normal
1112524,701519,6021,2022-09-10,18.42,mmol/L,Normal
1112525,701686,6019,2022-12-11,7.24,mmHg,Normal
1112526,705817,6021,2023-12-19,40.86,mg/dL,Normal
1112527,704517,6023,2023-04-02,13.53,%,Normal
1112528,702040,6001,2025-08-28,28.26,mmHg,Normal
1112529,700391,6009,2023-04-29,13.04,mmHg,Normal
1112530,704933,6018,2024-11-05,9.34,mg/dL,Normal
1112531,704860,6008,2023-02-07,6.43,g/dL,Critical
1112532,706164,6021,2024-03-09,7.45,%,High
1112533,704374,6022,2023-11-20,14.41,mmHg,Low
1112534,701706,6019,2021-07-29,22.01,mg/dL,Normal
1112535,705240,6019,2021-10-05,85.89,%,Low
1112536,702679,6019,2021-08-28,15.95,mmol/L,Normal
1112537,704528,6021,2025-03-26,14.55,mmol/L,Normal
1112538,705699,6008,2023-06-23,65.27,%,Normal
1112539,700045,6008,2022-05-16,29.53,U/L,Critical
1112540,705797,6010,2023-11-13,22.48,U/L,Normal
1112541,705716,6025,2023-12-29,16.86,mmol/L,Normal
1112542,702009,6009,2023-06-27,27.02,mg/dL,High
1112543,705900,6013,2024-04-28,43.14,g/dL,Normal
1112544,700894,6020,2022-03-23,27.51,mmHg,High
1112545,703049,6002,2022-06-25,12.25,%,Normal
1112546,704272,6007,2022-04-13,13.96,mg/dL,Low
1112547,700417,6018,2024-10-30,20.49,mmHg,Normal
1112548,703933,6023,2025-11-11,11.31,g/dL,Low
1112549,700387,6023,2022-08-04,16.85,mmHg,Normal
1112550,702386,6025,2021-09-15,7.49,mg/dL,Normal
1112551,706222,6023,2023-01-23,13.06,U/L,High
1112552,705159,6010,2025-01-03,35.14,g/dL,Normal
1112553,705044,6002,2023-08-15,40.87,mmHg,Critical
1112554,703870,6005,2022-11-24,7.56,%,Low
1112555,706500,6010,2022-07-14,14.23,%,Normal
1112556,700751,6019,2022-08-21,12.56,g/dL,Normal
1112557,700663,6016,2021-06-19,15.13,%,Normal
1112558,700684,6011,2024-05-23,17.65,g/dL,Normal
1112559,704269,6017,2025-05-23,5.75,mmol/L,Critical
1112560,702369,6008,2025-05-30,13.08,U/L,Normal
1112561,702833,6003,2023-05-10,29.13,U/L,Normal
1112562,704150,6016,2023-02-23,6.6,%,Normal
1112563,702037,6018,2022-09-27,8.54,U/L,Normal
1112564,701587,6021,2022-06-14,30.99,mg/dL,Normal
1112565,701569,6007,2024-03-31,22.77,mmHg,High
1112566,702353,6013,2021-08-23,23.26,mmHg,High
1112567,705411,6020,2022-03-25,22.52,U/L,Normal
1112568,700017,6002,2021-12-03,54.23,mmol/L,Normal
1112569,701614,6021,2025-09-14,21.94,mmol/L,Normal
1112570,701169,6004,2022-07-14,33.82,mmHg,Normal
1112571,701790,6008,2025-02-06,38.23,%,Normal
1112572,702780,6009,2025-05-19,11.78,g/dL,Normal
1112573,705704,6024,2021-10-29,6.32,U/L,Normal
1112574,702102,6008,2022-11-14,12.8,U/L,Normal
1112575,704276,6006,2021-12-20,38.06,%,Normal
1112576,703962,6021,2023-12-07,19.15,mmHg,Normal
1112577,703882,6018,2022-10-30,22.56,U/L,Low
1112578,703533,6012,2023-09-27,28.31,mg/dL,Normal
1112579,701780,6024,2025-02-27,10.87,g/dL,Normal
1112580,703522,6023,2023-04-02,7.46,%,High
1112581,700649,6025,2024-11-30,26.84,mmol/L,High
1112582,704508,6005,2023-01-07,23.2,g/dL,Low
1112583,704548,6020,2023-02-11,10.24,%,High
1112584,703441,6016,2025-11-03,35.55,g/dL,Low
1112585,706277,6007,2024-02-21,8.13,%,High
1112586,705770,6017,2022-09-12,51.8,mmHg,Normal
1112587,704761,6003,2023-09-29,29.88,U/L,Normal
1112588,701907,6026,2022-12-27,26.45,mmHg,Normal
1112589,706208,6010,2021-10-06,32.55,%,Normal
1112590,701205,6002,2023-03-28,12.51,g/dL,Normal
1112591,704826,6003,2025-07-27,16.69,g/dL,Low
1112592,705887,6024,2023-07-06,30.3,g/dL,Low
1112593,706325,6014,2021-01-26,7.31,mg/dL,High
1112594,700815,6006,2021-05-06,15.98,%,Normal
1112595,701830,6008,2022-06-21,16.41,g/dL,High
1112596,703105,6008,2023-06-03,13.53,g/dL,Normal
1112597,703505,6023,2024-04-19,8.58,mg/dL,Normal
1112598,704785,6022,2021-05-13,46.85,mmHg,High
1112599,702878,6016,2023-10-28,94.19,%,Normal
1112600,704181,6013,2022-10-12,12.33,mg/dL,Normal
1112601,705550,6026,2025-09-17,13.6,mg/dL,Low
1112602,701696,6004,2021-06-23,33.13,mmol/L,Normal
1112603,700299,6014,2022-11-03,46.35,U/L,Normal
1112604,701861,6021,2023-09-15,14.19,g/dL,Normal
1112605,702673,6024,2023-09-16,21.76,mmHg,Low
1112606,700381,6001,2022-07-01,9.66,mmHg,Normal
1112607,705444,6013,2025-10-03,6.28,mmHg,Normal
1112608,703897,6006,2023-01-12,13.83,U/L,Normal
1112609,700321,6007,2022-01-26,21.1,mmHg,Normal
1112610,703790,6002,2022-05-16,18.78,g/dL,Normal
1112611,700507,6005,2025-06-16,15.18,%,Normal
1112612,705922,6006,2021-08-28,28.54,%,Normal
1112613,706368,6026,2023-12-09,13.63,U/L,Normal
1112614,701997,6010,2025-10-11,17.33,mmHg,Normal
1112615,700923,6025,2022-08-25,24.79,mmHg,Normal
1112616,703999,6007,2023-11-10,25.26,mmHg,High
1112617,701294,6004,2022-03-19,13.77,mg/dL,Normal
1112618,703506,6011,2025-01-19,67.68,mg/dL,Normal
1112619,701939,6019,2024-12-23,15.43,g/dL,Critical
1112620,701692,6025,2025-09-28,11.18,mg/dL,Normal
1112621,703687,6025,2022-04-10,26.41,g/dL,Normal
1112622,704946,6015,2023-04-26,30.35,g/dL,Normal
1112623,703008,6011,2023-04-20,8.98,mg/dL,Normal
1112624,703621,6025,2025-10-19,94.24,U/L,Normal
1112625,702072,6025,2025-11-25,19.89,mmHg,Low
1112626,704020,6007,2024-01-23,66.92,mg/dL,Normal
1112627,704417,6023,2022-06-22,35.29,mmHg,Normal
1112628,701022,6023,2022-05-15,36.97,U/L,Normal
1112629,703825,6003,2024-03-14,17.41,g/dL,Low
1112630,704798,6003,2023-05-15,30.43,mmHg,Low
1112631,703490,6024,2024-07-18,11.46,g/dL,Normal
1112632,706117,6014,2024-10-31,50.48,mg/dL,High
1112633,703857,6003,2025-02-25,49.05,U/L,High
1112634,705058,6024,2024-07-27,15.31,mg/dL,Normal
1112635,702787,6018,2024-02-17,26.08,mmHg,Normal
1112636,700428,6020,2022-02-10,4.9,mmHg,Normal
1112637,706146,6005,2022-09-11,11.37,U/L,High
1112638,700364,6010,2021-02-21,7.0,mmHg,Low
1112639,701423,6014,2023-08-18,10.67,%,High
1112640,705743,6019,2025-01-08,25.25,mmol/L,Low
1112641,705866,6003,2021-09-02,9.0,mg/dL,Normal
1112642,706464,6004,2021-11-14,21.07,%,High
1112643,702104,6020,2023-08-15,5.78,mg/dL,Normal
1112644,701957,6013,2022-11-28,76.28,g/dL,Normal
1112645,704738,6005,2022-07-02,5.54,mg/dL,High
1112646,701133,6021,2022-10-15,8.1,mmol/L,Normal
1112647,703998,6010,2024-07-11,12.74,U/L,Low
1112648,703238,6003,2023-05-29,38.62,g/dL,High
1112649,703596,6012,2022-02-13,10.53,mmHg,High
1112650,703874,6014,2021-09-22,26.1,mmol/L,Normal
1112651,703889,6005,2024-10-11,28.02,%,Normal
1112652,700185,6009,2022-06-26,19.64,mmHg,Normal
1112653,703496,6018,2023-04-04,26.28,mmHg,Normal
1112654,704490,6022,2022-09-08,48.75,mg/dL,Low
1112655,700371,6021,2021-02-13,35.56,mg/dL,Normal
1112656,705459,6022,2022-05-12,28.44,mmol/L,Normal
1112657,704585,6003,2022-02-08,32.09,mmol/L,High
1112658,701493,6005,2025-08-12,17.51,mmol/L,Normal
1112659,701290,6006,2023-12-22,28.41,g/dL,Low
1112660,702008,6019,2023-07-02,14.59,%,Normal
1112661,702746,6004,2021-05-23,15.63,mg/dL,Normal
1112662,705552,6016,2024-04-02,7.8,g/dL,High
1112663,704855,6021,2024-11-12,17.71,mmHg,Normal
1112664,701147,6017,2023-07-13,16.73,g/dL,Normal
1112665,706363,6018,2022-01-27,13.98,mg/dL,Normal
1112666,702162,6004,2021-04-24,77.04,mmHg,Normal
1112667,704575,6023,2022-05-01,15.34,%,High
1112668,706432,6007,2021-08-05,19.34,mmol/L,Normal
1112669,705765,6017,2025-10-19,18.57,U/L,High
1112670,706169,6018,2025-11-02,15.92,%,High
1112671,704332,6023,2024-04-27,54.73,g/dL,Low
1112672,700429,6015,2022-07-02,14.69,U/L,High
1112673,704447,6004,2024-02-05,65.34,mmol/L,Low
1112674,705670,6018,2025-01-13,11.06,U/L,Normal
1112675,702334,6023,2022-06-12,11.2,U/L,Normal
1112676,700087,6005,2022-12-28,11.07,mmol/L,Normal
1112677,702429,6023,2022-02-23,36.38,U/L,Critical
1112678,703781,6024,2023-05-16,18.86,%,Normal
1112679,701833,6025,2021-09-14,17.29,U/L,Low
1112680,705303,6015,2024-08-30,24.53,mmHg,Low
1112681,702042,6014,2025-08-28,10.04,mg/dL,High
1112682,700770,6016,2022-06-22,14.94,mmHg,Normal
1112683,705261,6018,2022-10-16,11.35,U/L,Normal
1112684,700437,6025,2023-12-04,27.38,mmol/L,Normal
1112685,702477,6026,2022-01-29,16.91,mmol/L,Critical
1112686,702256,6023,2021-02-09,37.39,U/L,Normal
1112687,702630,6006,2024-04-16,10.07,mmHg,Normal
1112688,703239,6011,2022-11-23,17.42,mg/dL,High
1112689,704849,6011,2022-09-28,23.99,g/dL,Normal
1112690,701956,6002,2021-03-01,7.79,mg/dL,Normal
1112691,703231,6017,2024-10-06,9.97,mmol/L,Normal
1112692,704822,6010,2023-04-22,14.06,mg/dL,Normal
1112693,704734,6020,2025-05-08,8.07,U/L,Normal
1112694,702789,6002,2023-02-04,7.68,mmol/L,Normal
1112695,704531,6004,2021-09-17,22.2,mmol/L,Low
1112696,706150,6015,2023-05-23,14.62,%,Normal
1112697,700446,6005,2025-10-19,8.75,mmHg,Normal
1112698,704847,6009,2025-12-19,16.85,%,Critical
1112699,703357,6021,2025-06-29,9.29,mg/dL,Normal
1112700,705717,6013,2021-05-22,26.62,U/L,Normal
1112701,703698,6023,2024-01-15,33.83,g/dL,High
1112702,700927,6011,2024-12-21,20.11,%,Normal
1112703,706111,6010,2024-03-31,7.78,mg/dL,Normal
1112704,701630,6016,2023-07-31,25.62,mmHg,Normal
1112705,703308,6011,2025-05-05,12.69,mmol/L,High
1112706,702636,6023,2025-11-16,24.06,mg/dL,Normal
1112707,706327,6012,2022-12-07,7.84,U/L,Normal
1112708,705883,6024,2021-09-01,22.97,mmHg,Normal
1112709,700604,6003,2021-06-11,53.95,mmHg,Normal
1112710,705715,6016,2024-01-13,10.7,mmHg,Normal
1112711,706220,6023,2022-03-11,32.67,g/dL,Normal
1112712,700621,6013,2021-01-10,18.66,mg/dL,Low
1112713,702533,6020,2021-10-03,13.38,mmHg,Low
1112714,701304,6019,2022-06-20,34.73,mmHg,Normal
1112715,703754,6023,2023-11-21,43.52,g/dL,Normal
1112716,706439,6008,2024-05-17,12.45,U/L,Normal
1112717,701853,6019,2024-05-01,29.17,mmHg,Normal
1112718,700131,6001,2023-12-28,20.33,mmHg,Low
1112719,704874,6002,2022-02-26,21.41,mmol/L,Normal
1112720,702614,6006,2023-03-10,12.16,mmol/L,Normal
1112721,706449,6008,2022-09-02,15.74,mg/dL,Normal
1112722,703252,6013,2021-10-28,19.41,U/L,Normal
1112723,700883,6004,2021-12-28,11.35,U/L,Normal
1112724,700405,6004,2023-06-19,7.03,mmHg,Normal
1112725,700902,6020,2024-11-22,21.06,g/dL,Normal
1112726,704233,6014,2022-07-30,26.13,mmol/L,Normal
1112727,703052,6002,2023-06-05,22.58,%,Normal
1112728,704165,6004,2022-12-31,16.99,g/dL,Critical
1112729,703324,6015,2025-11-29,12.54,mmol/L,Normal
1112730,705902,6004,2025-11-17,55.99,g/dL,Normal
1112731,705599,6012,2024-11-19,20.01,g/dL,Normal
1112732,700123,6024,2023-02-24,8.81,mmHg,Normal
1112733,705686,6016,2023-11-03,20.39,U/L,Normal
1112734,706081,6026,2022-01-13,9.69,mmol/L,Normal
1112735,705499,6019,2021-10-10,22.2,mmHg,High
1112736,700402,6025,2021-06-12,37.65,g/dL,Normal
1112737,703320,6008,2024-01-03,6.72,mmHg,Normal
1112738,700907,6015,2025-06-08,33.7,U/L,Critical
1112739,701733,6017,2022-07-02,25.93,mmol/L,Normal
1112740,705297,6007,2021-03-19,26.48,mmol/L,Normal
1112741,703529,6015,2025-08-12,13.96,U/L,Normal
1112742,705482,6007,2023-09-05,15.71,mg/dL,Normal
1112743,701840,6004,2025-05-28,7.92,mmHg,Low
1112744,705261,6022,2025-01-14,11.41,mmol/L,Normal
1112745,701538,6010,2023-08-09,12.88,U/L,High
1112746,700332,6014,2022-12-09,23.53,mmol/L,Low
1112747,700827,6025,2021-02-03,21.73,g/dL,Normal
1112748,704806,6009,2025-02-12,63.54,g/dL,High
1112749,700821,6002,2023-08-13,15.92,%,Low
1112750,703210,6009,2023-08-21,66.89,U/L,Normal
1112751,701543,6017,2021-12-24,20.7,mg/dL,Low
1112752,705767,6015,2023-10-27,16.31,mmHg,Normal
1112753,701715,6001,2023-11-22,13.46,mg/dL,Normal
1112754,701955,6006,2023-10-10,59.48,mg/dL,Low
1112755,701182,6002,2021-10-10,25.57,mmol/L,Normal
1112756,705998,6009,2025-03-23,22.99,mmol/L,High
1112757,706352,6002,2022-06-05,7.84,%,Critical
1112758,705234,6019,2022-05-30,25.77,g/dL,Normal
1112759,703845,6024,2023-06-11,38.57,mmol/L,Normal
1112760,705860,6012,2025-11-09,29.44,%,Normal
1112761,704974,6017,2021-10-07,32.12,mmol/L,Normal
1112762,700553,6018,2023-04-06,7.89,mg/dL,Low
1112763,700412,6018,2022-03-27,35.26,U/L,Normal
1112764,700853,6005,2023-04-16,6.45,U/L,Normal
1112765,705864,6019,2024-09-13,15.5,mmol/L,High
1112766,700879,6019,2023-11-09,30.81,mg/dL,Normal
1112767,702318,6019,2025-07-15,60.61,mmol/L,High
1112768,701894,6015,2022-11-18,27.44,mg/dL,High
1112769,704233,6022,2022-06-04,13.58,mmHg,Normal
1112770,702798,6018,2025-05-18,6.56,mmHg,Normal
1112771,701415,6026,2025-10-10,17.33,mmol/L,High
1112772,704661,6009,2021-05-14,11.59,mmHg,Normal
1112773,700947,6005,2022-08-07,24.97,mmol/L,Normal
1112774,705897,6014,2021-02-27,15.39,mg/dL,Normal
1112775,701592,6021,2024-11-21,22.05,U/L,Normal
1112776,704500,6018,2021-02-27,24.51,%,Low
1112777,701207,6001,2021-01-28,10.54,mmol/L,Normal
1112778,702397,6021,2021-08-25,11.66,mg/dL,Normal
1112779,705980,6003,2022-07-11,20.81,U/L,High
1112780,706297,6022,2021-03-28,9.1,mmHg,High
1112781,702795,6005,2023-12-31,79.85,mmHg,Normal
1112782,704227,6016,2024-08-27,52.48,%,Normal
1112783,705075,6022,2023-06-22,11.39,mmol/L,Normal
1112784,703718,6012,2023-07-26,6.3,mmol/L,High
1112785,705823,6025,2024-07-26,10.98,g/dL,Normal
1112786,705441,6025,2022-06-21,20.61,g/dL,High
1112787,700529,6017,2023-12-02,7.81,g/dL,Normal
1112788,702531,6025,2025-05-29,88.01,mmol/L,Normal
1112789,700462,6020,2022-12-25,34.04,U/L,Normal
1112790,705430,6013,2022-08-07,17.95,%,Normal
1112791,702815,6007,2025-04-12,39.86,U/L,Normal
1112792,703373,6012,2022-02-16,10.92,%,Normal
1112793,700093,6019,2023-06-01,16.94,mg/dL,Low
1112794,703088,6026,2022-03-16,20.94,mmHg,Normal
1112795,705530,6002,2022-03-21,10.17,mmHg,Normal
1112796,700146,6016,2025-02-13,43.25,U/L,High
1112797,706022,6020,2024-05-01,8.57,U/L,Normal
1112798,705305,6007,2024-12-16,5.4,mg/dL,Normal
1112799,702216,6004,2025-09-18,26.98,mmol/L,High
1112800,703217,6026,2021-05-08,16.94,mmol/L,Normal
1112801,701727,6011,2024-07-28,8.84,mmHg,High
1112802,701037,6016,2022-06-22,26.28,%,Normal
1112803,702575,6026,2025-06-13,24.13,mmol/L,Normal
1112804,706248,6009,2024-06-10,24.17,%,Low
1112805,705949,6023,2024-03-20,72.3,U/L,Normal
1112806,703845,6025,2021-10-15,30.27,mmHg,Normal
1112807,702045,6021,2021-02-24,30.42,mmol/L,Normal
1112808,703799,6022,2023-05-18,35.09,%,Normal
1112809,705921,6016,2025-04-27,25.23,mmol/L,Low
1112810,706134,6024,2025-12-07,8.85,U/L,Normal
1112811,701535,6014,2023-01-04,27.94,mmHg,Normal
1112812,705519,6009,2024-08-03,20.06,mmHg,High
1112813,702251,6020,2024-01-24,30.26,mmHg,Normal
1112814,700739,6023,2022-09-28,28.06,g/dL,Normal
1112815,701477,6015,2021-04-10,56.63,U/L,Normal
1112816,706264,6016,2023-05-12,12.22,%,Normal
1112817,704920,6002,2022-05-31,25.73,mg/dL,Normal
1112818,702637,6013,2024-01-12,33.27,mmHg,Low
1112819,702827,6017,2022-10-22,29.3,g/dL,Normal
1112820,705438,6013,2025-11-29,7.65,mg/dL,Normal
1112821,706017,6011,2023-08-05,7.0,mmol/L,Normal
1112822,700379,6008,2024-04-19,35.23,mmHg,Low
1112823,700450,6011,2023-06-17,18.09,mmol/L,Low
1112824,702112,6025,2023-02-13,8.7,g/dL,Normal
1112825,703693,6018,2024-12-19,15.14,U/L,Normal
1112826,704460,6007,2023-11-25,54.62,mmHg,Critical
1112827,704231,6016,2024-09-30,29.78,U/L,Low
1112828,705004,6016,2021-02-09,16.8,%,Normal
1112829,705828,6011,2025-01-10,18.38,g/dL,Normal
1112830,704145,6018,2022-04-24,27.32,%,Normal
1112831,701984,6024,2023-02-19,31.38,mmHg,Normal
1112832,702302,6006,2024-11-29,7.17,mmol/L,Normal
1112833,704062,6021,2023-11-11,17.78,g/dL,Normal
1112834,702863,6011,2022-04-05,15.3,mg/dL,Low
1112835,703180,6017,2022-08-14,13.13,%,Normal
1112836,702132,6016,2023-04-27,12.76,mmHg,Low
1112837,702076,6010,2021-07-28,15.06,%,High
1112838,701197,6010,2021-04-08,34.38,mmHg,Normal
1112839,703818,6009,2022-12-22,17.21,mmol/L,Normal
1112840,705668,6020,2021-06-19,7.61,g/dL,Normal
1112841,705349,6026,2021-03-12,32.0,%,High
1112842,703289,6002,2025-01-11,9.32,%,Normal
1112843,702974,6005,2023-08-04,12.43,mmol/L,Normal
1112844,704368,6016,2025-07-17,13.04,mmHg,Normal
1112845,701660,6003,2023-09-02,11.93,mg/dL,Low
1112846,704156,6026,2022-03-08,26.44,%,Normal
1112847,704489,6009,2021-06-05,13.42,mg/dL,High
1112848,700174,6005,2022-03-16,,U/L,Normal
1112849,706019,6001,2023-01-18,17.76,U/L,Normal
1112850,700934,6013,2024-02-04,39.06,U/L,Normal
1112851,704424,6016,2022-11-18,22.59,mmol/L,Normal
1112852,704212,6021,2024-02-24,86.53,%,High
1112853,703614,6023,2024-08-28,11.82,U/L,Normal
1112854,701309,6013,2022-04-15,25.04,%,Normal
1112855,701678,6011,2025-03-28,16.43,g/dL,Normal
1112856,706126,6026,2024-04-11,14.76,g/dL,Normal
1112857,700960,6003,2023-04-24,11.34,g/dL,Normal
1112858,701030,6002,2023-11-22,3.7,g/dL,Normal
1112859,703290,6010,2025-10-18,15.25,%,Normal
1112860,701498,6005,2024-02-15,41.53,mmol/L,Normal
1112861,706068,6012,2021-07-10,11.96,g/dL,Normal
1112862,705767,6011,2021-10-03,59.99,mmHg,Normal
1112863,703571,6026,2022-01-06,26.28,g/dL,Normal
1112864,702720,6002,2023-01-04,10.05,mg/dL,Normal
1112865,702124,6015,2023-12-14,35.72,mmHg,High
1112866,701279,6026,2024-07-26,26.33,%,Low
1112867,704787,6020,2025-12-01,18.88,mmol/L,Normal
1112868,706192,6015,2023-01-12,15.77,g/dL,High
1112869,700961,6001,2023-12-12,25.28,mg/dL,Normal
1112870,702117,6003,2024-10-21,12.09,mg/dL,Normal
1112871,702686,6020,2021-07-19,15.46,mg/dL,High
1112872,701272,6016,2024-08-03,23.76,mmol/L,Normal
1112873,701355,6005,2023-03-18,47.98,%,Normal
1112874,705820,6022,2022-09-02,13.53,mmHg,Normal
1112875,701685,6017,2024-07-19,15.11,mmol/L,Low
1112876,703165,6024,2022-06-20,13.51,g/dL,Normal
1112877,702354,6020,2022-03-06,34.56,g/dL,Normal
1112878,706436,6014,2022-09-08,12.34,g/dL,Critical
1112879,700432,6002,2023-07-10,12.07,%,Normal
1112880,700013,6008,2022-12-11,18.85,U/L,Normal
1112881,701882,6007,2021-06-22,27.14,g/dL,Normal
1112882,705491,6018,2021-07-21,13.41,mmHg,Normal
1112883,703016,6024,2021-02-08,29.5,mmHg,Normal
1112884,706246,6017,2024-06-07,30.13,mmol/L,Low
1112885,706475,6019,2024-03-09,29.26,g/dL,Normal
1112886,704748,6020,2025-02-03,41.65,%,Normal
1112887,702963,6004,2023-04-18,53.54,mg/dL,Normal
1112888,700387,6024,2021-01-04,27.68,mmHg,Low
1112889,706355,6017,2025-11-23,27.28,%,Low
1112890,700072,6005,2023-03-20,13.55,mmHg,Normal
1112891,705750,6002,2024-09-26,18.53,g/dL,Low
1112892,704412,6024,2021-09-07,50.38,mmol/L,Normal
1112893,702421,6007,2025-06-29,46.68,g/dL,Normal
1112894,700488,6009,2023-05-23,59.09,mmol/L,Normal
1112895,704197,6018,2022-11-06,10.42,mmol/L,High
1112896,704561,6006,2025-11-01,21.81,g/dL,Normal
1112897,702906,6003,2025-01-22,27.15,g/dL,High
1112898,704728,6025,2022-08-20,35.61,g/dL,Normal
1112899,704285,6013,2024-06-21,31.06,g/dL,Normal
1112900,702236,6013,2025-02-11,16.37,%,Normal
1112901,700972,6020,2022-03-12,8.96,mmHg,Normal
1112902,700027,6021,2021-12-23,13.32,U/L,Normal
1112903,702427,6009,2022-03-30,71.1,mmHg,Normal
1112904,702453,6003,2022-01-04,68.34,mmHg,Normal
1112905,705248,6004,2021-01-15,25.22,mmol/L,High
1112906,702280,6022,2025-02-07,24.44,mg/dL,Normal
1112907,705089,6005,2024-01-31,50.8,%,Normal
1112908,704107,6019,2023-07-02,9.25,mmol/L,High
1112909,700612,6025,2025-07-01,15.23,U/L,Normal
1112910,702016,6006,2024-11-09,16.19,mmHg,Normal
1112911,700586,6016,2025-07-08,4.97,U/L,High
1112912,701118,6025,2024-06-28,23.66,mg/dL,High
1112913,703456,6003,2021-11-27,7.63,mmHg,High
1112914,705168,6012,2021-01-02,61.52,mg/dL,Low
1112915,703254,6018,2023-07-29,14.87,%,Critical
1112916,704102,6004,2021-06-13,7.94,g/dL,High
1112917,700358,6023,2021-09-20,7.76,mg/dL,Normal
1112918,705842,6002,2022-08-01,79.55,mmHg,Low
1112919,702314,6016,2023-07-24,10.75,mmHg,High
1112920,706254,6010,2021-05-16,26.07,%,Low
1112921,704766,6004,2021-02-08,5.36,mmHg,Normal
1112922,700387,6004,2022-03-28,26.74,U/L,Normal
1112923,704950,6010,2024-01-08,5.14,U/L,High
1112924,700480,6007,2021-01-11,64.89,mmol/L,High
1112925,704680,6013,2024-06-09,21.47,mmol/L,Normal
1112926,701416,6010,2022-05-09,13.95,mg/dL,High
1112927,702320,6011,2022-03-07,4.9,g/dL,Normal
1112928,700723,6004,2022-06-20,20.31,mg/dL,Low
1112929,704855,6022,2023-10-17,11.2,%,Low
1112930,704397,6018,2023-02-02,27.57,U/L,Normal
1112931,705340,6018,2022-08-07,32.51,U/L,Normal
1112932,705967,6013,2021-04-16,12.95,mg/dL,Low
1112933,701447,6015,2023-05-15,37.39,g/dL,Normal
1112934,704389,6012,2024-10-25,31.11,mg/dL,High
1112935,704199,6009,2024-07-13,34.49,mmHg,Normal
1112936,705340,6005,2023-05-17,17.95,mmHg,Normal
1112937,703243,6005,2025-07-25,41.82,%,Normal
1112938,703287,6005,2024-03-20,32.6,mmol/L,Normal
1112939,703083,6014,2022-08-18,14.67,%,Normal
1112940,703259,6011,2022-11-23,53.41,%,Critical
1112941,703374,6025,2022-09-08,31.06,%,Normal
1112942,701575,6008,2025-01-09,15.09,%,Normal
1112943,704259,6010,2021-06-25,21.29,mmHg,Normal
1112944,705236,6012,2024-11-24,25.3,g/dL,Normal
1112945,700525,6007,2021-12-15,37.85,mg/dL,High
1112946,701178,6023,2021-10-05,30.18,g/dL,Normal
1112947,702120,6025,2025-04-22,17.53,U/L,High
1112948,702129,6026,2025-02-03,13.08,%,Normal
1112949,705597,6009,2022-11-03,9.08,U/L,Normal
1112950,703984,6004,2025-08-14,42.23,mmol/L,Low
1112951,703035,6015,2021-03-21,9.73,mmHg,Normal
1112952,700315,6017,2024-07-14,18.68,U/L,Normal
1112953,705315,6009,2025-08-04,16.07,g/dL,Low
1112954,703105,6008,2024-09-16,13.0,%,Low
1112955,703979,6004,2024-02-25,9.6,g/dL,High
1112956,704452,6009,2025-07-03,42.0,mg/dL,Normal
1112957,703817,6018,2024-12-04,13.92,U/L,Normal
1112958,703089,6025,2023-06-06,21.64,g/dL,Low
1112959,703916,6009,2021-06-16,14.04,mmol/L,High
1112960,705606,6014,2024-08-21,12.63,mmHg,Normal
1112961,704638,6007,2022-06-22,8.68,U/L,Normal
1112962,702276,6012,2024-10-23,23.7,mmol/L,Normal
1112963,705367,6024,2024-05-21,8.67,U/L,Low
1112964,701271,6006,2025-07-09,17.36,U/L,Normal
1112965,701071,6014,2021-11-09,15.22,%,Low
1112966,701726,6014,2025-12-26,7.72,mmHg,Normal
1112967,706232,6014,2023-01-30,19.51,mmol/L,Low
1112968,705301,6012,2025-02-19,12.75,mmHg,Normal
1112969,700204,6022,2023-08-01,15.64,U/L,Normal
1112970,705456,6014,2023-01-11,15.46,%,Normal
1112971,702031,6026,2021-10-20,30.64,mmHg,Normal
1112972,701183,6020,2021-01-31,13.6,%,Normal
1112973,700676,6013,2022-04-27,42.64,mmHg,Normal
1112974,702125,6005,2023-11-16,31.34,mmHg,Normal
1112975,706066,6006,2021-09-02,12.0,mmol/L,Normal
1112976,701293,6007,2021-12-03,104.78,g/dL,Normal
1112977,703304,6005,2023-08-30,44.92,mg/dL,Normal
1112978,704715,6019,2024-03-29,3.48,mg/dL,Normal
1112979,702634,6013,2024-02-19,20.64,mg/dL,Normal
1112980,704260,6023,2025-11-22,20.89,mmHg,High
1112981,703058,6013,2021-07-22,26.17,mmol/L,High
1112982,703240,6005,2024-02-13,16.27,mg/dL,Normal
1112983,701671,6017,2022-10-02,38.92,g/dL,Normal
1112984,706213,6015,2023-04-22,24.54,U/L,High
1112985,705809,6004,2023-03-16,3.53,g/dL,Normal
1112986,704078,6017,2021-09-27,48.93,mmol/L,Normal
1112987,701238,6014,2025-11-22,8.46,mmol/L,Normal
1112988,706300,6011,2024-03-11,17.4,g/dL,Normal
1112989,704612,6001,2025-05-24,10.33,mg/dL,Normal
1112990,700843,6024,2023-06-12,11.92,%,Normal
1112991,705986,6020,2024-01-01,68.64,g/dL,Normal
1112992,701074,6018,2025-04-20,80.58,mmHg,Normal
1112993,701302,6014,2024-10-07,19.3,mmHg,Critical
1112994,701828,6012,2021-12-15,9.49,mmHg,Low
1112995,703254,6001,2024-11-14,5.13,mmHg,Normal
1112996,701710,6022,2022-11-27,31.53,mmol/L,High
1112997,703486,6025,2022-06-17,10.19,mmol/L,Normal
1112998,700570,6002,2022-02-23,13.02,mg/dL,Normal
1112999,700771,6015,2025-03-05,62.07,mg/dL,Normal
1113000,704679,6011,2022-03-13,57.37,mmHg,Low
1113001,705755,6021,2024-10-12,14.74,U/L,High
1113002,700392,6023,2024-07-16,25.77,mg/dL,Normal
1113003,700595,6005,2021-02-04,6.29,mg/dL,Normal
1113004,701440,6019,2021-02-22,9.51,mmHg,Normal
1113005,701884,6006,2022-12-29,14.0,mg/dL,Normal
1113006,702592,6026,2025-05-15,21.46,%,Normal
1113007,701231,6014,2023-08-20,15.71,mmol/L,Normal
1113008,705181,6022,2022-11-16,23.55,mmHg,Normal
1113009,705483,6014,2023-06-29,21.83,mg/dL,Normal
1113010,705281,6023,2021-12-10,31.07,U/L,Normal
1113011,701344,6016,2023-09-11,,mmol/L,Normal
1113012,706079,6014,2021-11-21,8.29,mmol/L,Normal
1113013,700078,6011,2024-02-29,5.08,mmol/L,High
1113014,704996,6013,2024-12-25,41.82,mmHg,High
1113015,703343,6026,2025-06-28,32.96,%,Normal
1113016,706094,6006,2024-12-24,49.85,mmHg,Normal
1113017,705710,6021,2025-10-17,30.06,U/L,Normal
1113018,700072,6004,2023-06-13,20.56,mmHg,High
1113019,705859,6020,2022-10-12,4.32,mg/dL,Normal
1113020,703688,6014,2024-03-03,24.14,%,High
1113021,701176,6010,2022-08-02,,g/dL,Normal
1113022,705872,6024,2022-09-17,93.71,%,High
1113023,702009,6001,2021-03-16,17.82,U/L,Low
1113024,701640,6014,2021-07-04,27.59,mmHg,Low
1113025,706183,6018,2022-02-17,12.04,g/dL,Normal
1113026,706266,6002,2022-05-10,86.39,U/L,Normal
1113027,705300,6024,2023-04-01,12.33,g/dL,High
1113028,701754,6007,2021-07-28,34.23,mmHg,High
1113029,703269,6005,2022-05-04,8.33,U/L,Low
1113030,705395,6015,2021-04-21,5.72,g/dL,Normal
1113031,702254,6004,2024-10-28,13.98,g/dL,High
1113032,703710,6020,2023-08-28,23.77,g/dL,High
1113033,704398,6026,2021-06-19,19.14,mmol/L,Low
1113034,700230,6004,2023-03-15,9.59,mmol/L,Normal
1113035,702710,6011,2022-01-13,32.64,mmHg,Normal
1113036,706060,6007,2022-10-16,17.0,g/dL,High
1113037,701360,6007,2022-04-23,20.78,U/L,Low
1113038,702045,6023,2023-06-27,7.07,mg/dL,Normal
1113039,704055,6001,2021-07-30,26.51,U/L,Normal
1113040,700853,6008,2023-07-27,74.77,g/dL,Normal
1113041,702144,6010,2023-09-02,21.54,mg/dL,High
1113042,704184,6021,2023-10-19,19.83,g/dL,Normal
1113043,706178,6012,2023-07-06,6.61,mmol/L,Normal
1113044,705813,6013,2021-08-31,27.22,mg/dL,Normal
1113045,702345,6003,2024-03-16,23.62,mmol/L,Normal
1113046,701005,6007,2025-02-07,7.67,mmol/L,Normal
1113047,704659,6019,2025-06-09,20.29,%,Normal
1113048,700447,6014,2021-09-01,76.39,U/L,Low
1113049,702605,6023,2022-07-08,13.27,mmHg,Normal
1113050,700339,6008,2023-04-16,31.49,mg/dL,Normal
1113051,703386,6004,2022-08-20,35.11,U/L,High
1113052,705826,6025,2021-11-28,21.56,mg/dL,Normal
1113053,702038,6024,2023-09-09,44.67,mmol/L,Critical
1113054,701512,6012,2023-09-09,20.4,mg/dL,Normal
1113055,703762,6023,2025-01-05,14.9,g/dL,Normal
1113056,705114,6022,2024-08-19,9.77,U/L,Normal
1113057,701090,6010,2024-01-18,59.05,mmHg,High
1113058,706135,6021,2024-09-30,15.01,mmol/L,High
1113059,701047,6022,2024-11-19,64.0,mmol/L,Normal
1113060,702911,6005,2025-05-16,19.13,mmHg,Normal
1113061,700658,6004,2024-12-26,14.99,mmHg,High
1113062,704209,6002,2024-05-21,23.93,U/L,Low
1113063,705602,6001,2024-09-02,25.7,mmol/L,Normal
1113064,705960,6013,2023-03-04,58.39,mmol/L,Low
1113065,702026,6003,2022-02-25,8.49,mg/dL,Normal
1113066,703522,6004,2022-08-29,54.84,U/L,Normal
1113067,701593,6018,2023-09-07,30.84,U/L,Normal
1113068,704368,6025,2023-05-04,24.62,mg/dL,Low
1113069,706053,6015,2021-08-26,5.79,mmHg,High
1113070,705516,6021,2025-09-02,11.38,g/dL,Normal
1113071,705027,6007,2022-05-28,13.42,mmol/L,Normal
1113072,705339,6010,2023-02-13,18.98,g/dL,Normal
1113073,700622,6009,2023-11-25,23.91,U/L,Low
1113074,702458,6002,2023-05-05,53.72,%,Normal
1113075,704724,6001,2023-03-26,79.13,mg/dL,Normal
1113076,702370,6026,2022-07-16,15.12,%,High
1113077,701989,6025,2024-09-14,16.15,U/L,Normal
1113078,705081,6001,2025-01-08,49.71,%,Normal
1113079,700399,6020,2021-09-03,9.82,%,Normal
1113080,704041,6018,2022-07-20,16.42,U/L,Normal
1113081,705647,6014,2025-02-18,11.38,%,Normal
1113082,700059,6006,2021-07-21,20.48,mmHg,High
1113083,705849,6006,2021-07-03,30.13,mmHg,High
1113084,700726,6019,2023-10-06,18.93,mmHg,Normal
1113085,703792,6013,2024-04-25,10.09,g/dL,High
1113086,703100,6005,2023-06-20,54.07,mmHg,Normal
1113087,703714,6025,2022-12-14,13.78,U/L,Normal
1113088,705712,6013,2022-12-02,6.03,U/L,Normal
1113089,705402,6003,2021-10-11,31.94,g/dL,Normal
1113090,700500,6012,2021-06-10,21.15,mmHg,Normal
1113091,703255,6015,2022-08-21,12.42,mg/dL,Normal
1113092,700561,6024,2025-03-11,13.08,g/dL,High
1113093,703881,6020,2022-02-17,17.02,mg/dL,Normal
1113094,705162,6014,2024-02-07,29.03,mg/dL,Normal
1113095,704314,6023,2025-02-02,32.04,mg/dL,Normal
1113096,705488,6016,2022-04-16,27.3,mmHg,Normal
1113097,705350,6016,2025-02-05,16.18,U/L,Normal
1113098,705699,6015,2025-08-21,31.36,%,High
1113099,705735,6019,2022-07-10,6.29,U/L,Critical
1113100,706320,6009,2024-04-10,4.85,mmHg,Normal
1113101,705296,6017,2024-04-20,5.78,U/L,Normal
1113102,706120,6018,2025-09-25,42.56,mmol/L,Normal
1113103,703430,6010,2023-08-27,7.51,%,Low
1113104,700734,6017,2025-05-09,8.45,U/L,Normal
1113105,704457,6009,2023-08-11,11.34,mmol/L,Normal
1113106,700596,6025,2025-08-17,15.67,g/dL,Normal
1113107,701978,6019,2022-02-14,17.91,mg/dL,Low
1113108,701757,6021,2024-03-16,27.4,%,Normal
1113109,704339,6005,2024-06-21,47.1,mg/dL,Normal
1113110,704821,6002,2025-12-14,89.1,mmHg,Normal
1113111,702069,6023,2022-03-10,37.06,mg/dL,Low
1113112,700313,6026,2023-01-11,9.05,mmol/L,Normal
1113113,701613,6003,2021-01-08,17.14,U/L,High
1113114,703339,6026,2025-11-21,33.95,mmHg,Normal
1113115,700304,6003,2022-01-08,11.41,U/L,High
1113116,702455,6014,2022-04-07,18.49,mmol/L,Critical
1113117,700245,6007,2021-07-19,18.72,mmol/L,Normal
1113118,700689,6011,2024-09-26,11.78,mmHg,High
1113119,700619,6010,2024-08-16,20.27,g/dL,Normal
1113120,705590,6006,2025-12-08,25.45,mmHg,Normal
1113121,702451,6010,2024-04-19,27.5,g/dL,Low
1113122,703096,6023,2024-12-16,10.73,%,Normal
1113123,703156,6005,2025-04-17,20.86,mmHg,Low
1113124,705128,6001,2024-03-24,16.58,%,Normal
1113125,700681,6019,2023-09-08,18.01,mmol/L,High
1113126,703201,6024,2021-06-21,33.98,g/dL,Low
1113127,701099,6022,2023-02-13,13.19,mmol/L,Normal
1113128,704955,6006,2025-06-05,24.89,U/L,High
1113129,701395,6017,2025-04-12,24.75,%,Normal
1113130,701826,6001,2023-09-17,19.87,g/dL,Normal
1113131,701095,6015,2024-05-20,23.08,g/dL,Normal
1113132,702168,6014,2024-05-05,14.72,mmol/L,Normal
1113133,704349,6002,2021-06-07,23.68,U/L,Normal
1113134,700922,6014,2024-06-23,7.91,U/L,High
1113135,700802,6023,2024-04-12,25.5,mmHg,Normal
1113136,705910,6015,2023-10-23,33.56,g/dL,Normal
1113137,700248,6018,2024-07-14,62.22,mg/dL,Normal
1113138,703596,6022,2025-01-31,16.72,mmHg,High
1113139,700562,6011,2022-09-06,24.71,%,Normal
1113140,704691,6014,2023-04-01,17.01,mg/dL,Normal
1113141,702861,6022,2024-03-05,74.11,g/dL,High
1113142,701267,6024,2025-09-19,20.05,mmHg,Normal
1113143,701948,6003,2022-12-05,40.41,mmHg,Normal
1113144,704642,6021,2024-12-16,12.43,U/L,Normal
1113145,700807,6008,2022-11-02,7.64,mmol/L,Normal
1113146,700963,6020,2024-04-10,18.92,mmol/L,Normal
1113147,702158,6001,2023-07-04,45.8,g/dL,High
1113148,704017,6011,2023-12-22,12.14,mg/dL,High
1113149,704986,6006,2025-05-30,15.17,U/L,Low
1113150,704398,6018,2024-10-12,9.14,mmHg,High
1113151,703462,6017,2021-08-27,17.08,mmol/L,Normal
1113152,704348,6002,2021-06-02,56.46,mmol/L,High
1113153,702692,6020,2024-08-28,5.18,mmol/L,Normal
1113154,704357,6006,2023-06-29,19.92,g/dL,Normal
1113155,702740,6024,2023-03-28,19.11,mg/dL,Low
1113156,705012,6010,2021-10-19,42.34,mmHg,Normal
1113157,705704,6007,2022-03-30,32.06,mmHg,Normal
1113158,704759,6003,2024-10-18,18.1,%,Normal
1113159,701955,6002,2022-04-21,28.76,g/dL,Normal
1113160,705381,6016,2025-08-19,48.48,mg/dL,Normal
1113161,700666,6021,2022-10-06,30.0,mmol/L,Low
1113162,704979,6023,2024-07-15,3.79,mmHg,Normal
1113163,702302,6001,2023-02-09,38.57,mg/dL,Normal
1113164,703828,6024,2025-03-21,44.09,%,Normal
1113165,700362,6026,2025-05-03,34.32,mg/dL,Normal
1113166,704078,6016,2023-07-08,19.77,%,Normal
1113167,705867,6018,2023-11-28,34.45,U/L,Normal
1113168,701984,6002,2024-10-14,18.08,g/dL,Normal
1113169,700249,6007,2023-08-16,18.83,mmHg,High
1113170,705154,6005,2022-02-28,4.11,mmol/L,Normal
1113171,701336,6004,2023-01-04,14.74,mg/dL,Normal
1113172,702172,6025,2023-01-10,14.3,%,Normal
1113173,701923,6019,2022-08-09,26.17,%,Normal
1113174,703807,6022,2022-09-13,41.48,U/L,Normal
1113175,704943,6005,2023-10-29,14.87,%,Low
1113176,703026,6001,2021-12-24,17.24,mmol/L,Normal
1113177,703947,6019,2023-09-05,9.0,mmHg,Normal
1113178,706154,6018,2021-05-02,19.36,g/dL,Normal
1113179,703036,6025,2024-04-30,19.55,mg/dL,Normal
1113180,704405,6014,2021-05-01,11.3,mmHg,Normal
1113181,700803,6002,2022-11-02,12.23,%,Normal
1113182,703754,6002,2021-02-18,16.01,mmol/L,High
1113183,703058,6012,2025-04-14,27.76,mg/dL,Low
1113184,701567,6017,2021-12-06,7.23,g/dL,High
1113185,700058,6004,2024-04-23,35.47,mmHg,Normal
1113186,702910,6023,2024-01-26,45.38,U/L,Low
1113187,700026,6018,2025-06-25,14.22,g/dL,Normal
1113188,703160,6019,2023-08-02,56.7,U/L,Critical
1113189,702139,6002,2021-05-25,25.51,g/dL,Low
1113190,705190,6026,2024-03-15,5.25,mmol/L,Normal
1113191,700974,6021,2021-11-08,133.4,%,Normal
1113192,704342,6018,2025-03-20,15.55,mmHg,Normal
1113193,703481,6013,2025-02-10,7.44,%,Critical
1113194,705485,6007,2024-10-27,56.16,g/dL,Low
1113195,701122,6010,2021-05-16,33.01,g/dL,Normal
1113196,706366,6009,2024-04-16,41.9,g/dL,Normal
1113197,700288,6004,2022-09-20,35.11,mmHg,Normal
1113198,703692,6015,2023-02-19,90.43,mmol/L,Normal
1113199,703027,6013,2025-11-29,22.92,mg/dL,Normal
1113200,706397,6025,2025-12-03,43.63,mg/dL,Normal
1113201,704741,6006,2022-02-22,34.97,mmol/L,Normal
1113202,702305,6020,2023-10-23,28.52,mg/dL,Normal
1113203,700920,6020,2021-03-03,13.98,mg/dL,Normal
1113204,700873,6004,2024-12-17,12.42,mmol/L,Normal
1113205,703967,6006,2022-04-13,16.5,U/L,Normal
1113206,702458,6017,2021-09-05,16.8,mmHg,Normal
1113207,700463,6021,2025-06-03,52.03,%,Normal
1113208,702749,6013,2025-07-27,5.51,mg/dL,Low
1113209,702358,6024,2022-01-28,101.28,%,Normal
1113210,703328,6014,2023-07-11,18.34,%,Low
1113211,701217,6016,2022-08-26,13.15,mg/dL,Normal
1113212,701129,6006,2023-12-13,28.36,mg/dL,Critical
1113213,705314,6010,2022-03-08,9.92,mmol/L,Normal
1113214,700790,6004,2021-05-24,16.17,U/L,Normal
1113215,700992,6009,2023-02-24,35.05,mg/dL,Critical
1113216,705769,6009,2021-05-05,34.65,mmHg,Normal
1113217,701480,6002,2022-12-10,37.28,U/L,Normal
1113218,704811,6024,2024-05-20,32.35,%,Normal
1113219,702591,6019,2023-08-21,22.53,mmHg,Normal
1113220,703344,6021,2025-01-24,78.97,mmHg,Normal
1113221,701049,6001,2023-09-08,87.67,mg/dL,Normal
1113222,702963,6003,2023-07-29,,mmHg,Normal
1113223,702168,6020,2022-09-16,17.58,U/L,Normal
1113224,701749,6007,2023-10-21,15.26,mg/dL,Normal
1113225,701315,6013,2025-12-05,37.62,%,Normal
1113226,704230,6011,2024-11-26,14.71,mmHg,High
1113227,705247,6003,2021-01-02,12.39,mg/dL,Normal
1113228,702720,6021,2022-06-22,11.85,%,Normal
1113229,700367,6015,2021-12-02,18.89,mmol/L,Normal
1113230,700787,6025,2022-03-04,34.85,g/dL,Normal
1113231,703812,6005,2024-07-06,9.88,mmHg,Normal
1113232,700754,6004,2024-06-21,19.69,g/dL,Normal
1113233,704330,6007,2024-05-07,14.83,mmol/L,Normal
1113234,700642,6009,2023-10-08,9.39,%,Normal
1113235,702093,6016,2025-10-24,13.48,mg/dL,Normal
1113236,701713,6004,2022-03-04,49.34,mmol/L,Normal
1113237,701295,6012,2023-10-30,28.29,U/L,Normal
1113238,703175,6025,2023-09-01,24.6,mg/dL,Normal
1113239,700962,6008,2025-06-02,11.58,g/dL,Normal
1113240,706247,6015,2024-08-24,19.24,%,Normal
1113241,705473,6011,2023-05-19,19.36,g/dL,Critical
1113242,705037,6018,2024-12-05,77.85,mmol/L,Normal
1113243,700978,6001,2023-12-07,6.36,mmol/L,Normal
1113244,706176,6007,2023-02-09,38.9,U/L,Low
1113245,704836,6012,2023-05-08,200.55,mmHg,Low
1113246,700473,6001,2023-03-12,28.61,g/dL,Normal
1113247,701133,6007,2024-06-14,14.39,U/L,Normal
1113248,700568,6023,2023-06-21,13.85,mmHg,Low
1113249,705579,6014,2021-10-01,19.37,mmol/L,Normal
1113250,702768,6025,2021-11-07,13.98,U/L,Normal
1113251,702521,6006,2024-12-22,3.78,mg/dL,Normal
1113252,704314,6007,2023-12-11,55.6,U/L,Low
1113253,704497,6025,2023-07-01,31.25,%,Normal
1113254,700585,6008,2022-08-15,10.58,mg/dL,Low
1113255,703318,6001,2023-11-20,77.98,mmHg,Normal
1113256,700512,6014,2021-11-20,12.5,mmol/L,Normal
1113257,702292,6020,2022-02-04,10.18,mg/dL,Low
1113258,705914,6010,2021-07-04,17.21,%,Normal
1113259,702616,6011,2024-11-22,8.59,g/dL,Low
1113260,702764,6021,2024-07-25,27.75,mmol/L,High
1113261,700042,6013,2023-09-06,31.9,g/dL,Normal
1113262,705679,6010,2023-01-08,24.41,%,Normal
1113263,702118,6009,2025-12-24,30.62,mmHg,Normal
1113264,704618,6010,2023-02-22,35.45,%,Low
1113265,705254,6007,2023-12-08,17.57,U/L,Normal
1113266,705518,6006,2024-10-27,21.02,g/dL,Normal
1113267,706066,6004,2024-06-14,9.94,%,Normal
1113268,701845,6014,2024-12-04,21.19,mmHg,High
1113269,704663,6011,2023-02-27,32.97,%,High
1113270,700662,6012,2024-12-17,13.72,%,Normal
1113271,705531,6014,2024-09-26,16.88,%,Normal
1113272,704037,6018,2023-07-31,16.49,%,Normal
1113273,705829,6022,2024-05-30,16.43,%,Normal
1113274,702930,6024,2021-11-20,15.58,mmol/L,High
1113275,705682,6005,2025-01-26,20.35,mg/dL,Normal
1113276,701129,6001,2021-12-24,23.24,U/L,Normal
1113277,702118,6025,2021-02-12,23.32,mmol/L,Normal
1113278,703423,6019,2024-11-30,23.22,U/L,Normal
1113279,704074,6006,2021-10-03,15.55,mmol/L,Normal
1113280,703331,6011,2023-08-26,18.67,mg/dL,Low
1113281,702898,6006,2023-03-08,13.15,%,Normal
1113282,703957,6007,2022-08-15,26.13,mmol/L,Normal
1113283,700904,6006,2023-09-24,18.03,mmHg,Normal
1113284,702452,6003,2021-05-07,15.74,mg/dL,Normal
1113285,706416,6015,2024-08-18,32.67,%,Normal
1113286,704388,6020,2024-12-05,20.43,mmHg,Normal
1113287,701336,6005,2022-06-21,42.91,g/dL,Normal
1113288,702320,6012,2023-01-21,21.22,%,Normal
1113289,705237,6015,2024-09-11,3.48,g/dL,Normal
1113290,701910,6005,2025-02-19,8.77,mmHg,Normal
1113291,705141,6017,2023-07-22,15.77,%,Low
1113292,700260,6006,2022-09-05,37.97,U/L,Low
1113293,701600,6013,2021-10-22,8.96,mmHg,Normal
1113294,700677,6021,2025-11-09,9.73,g/dL,Normal
1113295,705974,6009,2022-06-21,35.48,U/L,Normal
1113296,700436,6005,2023-02-24,22.6,mg/dL,Normal
1113297,704235,6007,2024-07-23,37.75,U/L,Normal
1113298,705314,6009,2021-01-01,239.73,mmHg,Normal
1113299,704884,6023,2023-09-07,19.2,%,Low
1113300,700242,6026,2023-01-22,30.52,mg/dL,Normal
1113301,700322,6019,2021-10-14,41.2,mmHg,Normal
1113302,703608,6025,2022-12-16,10.21,U/L,Normal
1113303,703322,6007,2023-09-17,15.12,g/dL,Normal
1113304,703256,6014,2024-06-05,18.56,%,Normal
1113305,701625,6026,2024-08-12,8.33,mg/dL,Normal
1113306,702761,6024,2021-05-02,59.46,U/L,Normal
1113307,701886,6012,2023-05-31,34.09,U/L,High
1113308,700387,6012,2021-08-31,19.96,mg/dL,Normal
1113309,705673,6021,2023-02-26,12.38,mmHg,Normal
1113310,700855,6020,2022-04-10,28.74,mmol/L,Normal
1113311,702348,6024,2023-12-29,10.93,U/L,Normal
1113312,703555,6005,2021-10-15,48.22,mmol/L,Normal
1113313,701892,6015,2023-06-26,36.88,mg/dL,Low
1113314,700610,6022,2023-03-16,8.94,mg/dL,Normal
1113315,702935,6002,2025-09-27,45.39,mmHg,Normal
1113316,702451,6009,2021-01-13,12.94,mmol/L,High
1113317,702805,6025,2022-07-21,,%,High
1113318,705279,6024,2025-03-18,,mmol/L,Normal
1113319,702353,6007,2024-08-14,27.6,mmol/L,Normal
1113320,700651,6016,2022-12-09,29.39,mmHg,High
1113321,703218,6021,2022-01-22,26.32,U/L,Normal
1113322,701673,6023,2025-05-08,24.93,mmHg,Normal
1113323,704463,6013,2022-09-22,15.37,mmHg,Normal
1113324,703295,6015,2021-01-25,52.73,mmol/L,Normal
1113325,702707,6006,2025-07-11,11.14,U/L,Normal
1113326,706366,6002,2023-04-04,40.96,g/dL,Normal
1113327,702893,6008,2023-09-28,17.98,mg/dL,Normal
1113328,703432,6022,2021-06-09,45.7,%,Normal
1113329,700599,6009,2022-03-01,14.85,%,Normal
1113330,703707,6010,2025-06-04,27.55,U/L,Normal
1113331,700417,6006,2025-02-10,25.76,g/dL,Normal
1113332,705805,6023,2021-03-14,49.29,mg/dL,Normal
1113333,705963,6004,2023-04-05,17.1,g/dL,Low
1113334,703013,6020,2021-05-15,8.34,g/dL,Normal
1113335,706241,6002,2023-02-26,25.64,mmHg,Normal
1113336,704865,6009,2024-01-03,11.51,%,Normal
1113337,704747,6012,2021-05-12,19.82,mmHg,Normal
1113338,705574,6005,2021-06-08,5.88,g/dL,Normal
1113339,702915,6020,2021-01-06,14.01,mg/dL,Normal
1113340,705807,6025,2024-06-03,16.2,mmol/L,Normal
1113341,701995,6017,2025-08-11,12.17,U/L,Normal
1113342,705878,6012,2025-12-14,19.12,%,Normal
1113343,704226,6019,2022-01-28,12.88,U/L,Normal
1113344,702751,6009,2023-12-12,31.22,mg/dL,Normal
1113345,701532,6026,2021-08-29,25.97,%,Normal
1113346,705529,6015,2024-02-16,41.32,mg/dL,Low
1113347,700787,6008,2023-03-23,10.93,g/dL,High
1113348,706060,6013,2023-05-31,11.43,%,High
1113349,701281,6019,2025-09-23,40.27,U/L,Normal
1113350,701544,6001,2024-05-16,8.11,g/dL,Normal
1113351,705859,6019,2023-08-29,47.23,%,Normal
1113352,700310,6021,2022-11-21,36.89,mg/dL,Critical
1113353,702868,6024,2024-05-29,13.67,mg/dL,Normal
1113354,705683,6026,2021-02-11,8.4,mmHg,Low
1113355,705258,6026,2022-09-25,24.55,U/L,Normal
1113356,705012,6017,2023-02-07,9.26,mg/dL,Low
1113357,701753,6022,2023-01-06,36.95,mmol/L,Low
1113358,706158,6018,2023-05-22,12.5,mmol/L,Normal
1113359,705928,6004,2021-12-03,42.37,mmol/L,High
1113360,700855,6005,2025-03-07,17.54,%,Normal
1113361,701292,6021,2025-04-18,18.95,mmHg,Low
1113362,705793,6015,2022-05-10,39.49,g/dL,Normal
1113363,703860,6016,2021-01-19,32.55,mmol/L,Normal
1113364,705386,6004,2025-10-30,10.48,mmHg,Normal
1113365,703753,6014,2025-08-12,11.29,%,Normal
1113366,706275,6023,2021-01-19,90.81,mmol/L,High
1113367,701807,6011,2021-04-22,11.31,mmol/L,Normal
1113368,700712,6009,2022-12-13,10.83,mmol/L,High
1113369,703153,6006,2025-10-15,16.72,U/L,Normal
1113370,703125,6018,2024-04-15,17.77,mmol/L,Normal
1113371,703890,6014,2024-08-25,23.17,U/L,High
1113372,702082,6015,2024-11-26,10.9,U/L,Normal
1113373,704135,6002,2025-01-13,35.29,mmol/L,High
1113374,701586,6005,2024-07-24,9.17,U/L,High
1113375,704347,6010,2021-09-20,12.71,g/dL,Normal
1113376,705013,6019,2022-12-27,18.14,mmHg,Normal
1113377,706367,6013,2025-11-07,18.42,%,Normal
1113378,700933,6020,2025-05-08,20.76,mmol/L,Normal
1113379,701056,6019,2024-03-23,8.66,%,High
1113380,703848,6020,2021-01-29,16.7,g/dL,Normal
1113381,706194,6017,2021-02-14,38.55,%,High
1113382,701007,6017,2024-05-14,24.92,mmHg,High
1113383,703867,6019,2021-11-07,29.01,mg/dL,High
1113384,701147,6025,2023-07-09,49.74,mg/dL,Normal
1113385,704348,6019,2023-09-13,77.64,g/dL,Low
1113386,703750,6010,2023-03-12,24.26,g/dL,Low
1113387,701366,6017,2023-07-27,27.71,U/L,Low
1113388,701091,6019,2022-03-12,7.84,%,Normal
1113389,703105,6008,2025-06-06,13.62,%,Normal
1113390,702217,6018,2023-10-07,15.53,mmHg,High
1113391,701356,6012,2023-09-01,9.41,mg/dL,Normal
1113392,701346,6015,2024-11-06,24.68,U/L,Normal
1113393,702820,6016,2023-05-19,45.57,mmHg,Normal
1113394,703799,6012,2021-07-21,40.7,%,Normal
1113395,704913,6012,2023-08-30,19.72,%,Normal
1113396,703716,6003,2022-12-04,14.64,%,High
1113397,702328,6011,2022-03-11,49.65,mmol/L,Low
1113398,705379,6001,2024-12-16,13.26,U/L,Normal
1113399,704657,6002,2021-03-09,13.94,g/dL,Normal
1113400,704923,6018,2025-10-25,27.5,mg/dL,High
1113401,705693,6013,2021-10-28,6.15,g/dL,Normal
1113402,703881,6014,2025-09-05,35.23,mmHg,Normal
1113403,705696,6026,2024-02-02,3.99,mg/dL,Normal
1113404,702611,6022,2024-02-01,15.19,mmHg,Normal
1113405,701507,6019,2021-08-04,41.77,mmHg,Low
1113406,704889,6005,2024-04-03,57.68,mmol/L,Low
1113407,705384,6020,2025-11-10,38.62,mmol/L,Low
1113408,706134,6011,2023-09-27,19.22,g/dL,Normal
1113409,700058,6004,2022-01-07,48.35,mmol/L,Normal
1113410,706207,6017,2022-02-08,10.41,g/dL,Normal
1113411,703677,6005,2022-06-05,28.59,mmol/L,Normal
1113412,706477,6002,2023-09-28,4.31,mg/dL,Normal
1113413,706111,6003,2021-10-21,28.16,g/dL,Normal
1113414,702753,6009,2022-01-19,9.79,U/L,Normal
1113415,703612,6012,2025-03-03,28.49,U/L,Normal
1113416,703592,6014,2024-11-29,15.3,U/L,Normal
1113417,700589,6018,2021-09-14,27.01,g/dL,Normal
1113418,700044,6019,2021-06-20,21.22,mg/dL,Low
1113419,704800,6003,2022-12-11,12.94,mmol/L,Normal
1113420,706002,6002,2022-07-31,30.78,mg/dL,Normal
1113421,706483,6016,2025-01-07,39.46,mmol/L,Low
1113422,703705,6002,2022-07-12,9.9,mmHg,Normal
1113423,701399,6003,2022-05-11,32.45,g/dL,Normal
1113424,701856,6008,2022-07-26,9.45,mmol/L,Normal
1113425,705302,6002,2023-03-13,13.99,g/dL,Low
1113426,701642,6011,2024-01-11,8.44,%,Normal
1113427,701744,6025,2021-11-29,10.76,mg/dL,Normal
1113428,700463,6023,2021-12-12,9.99,mmHg,Normal
1113429,704028,6016,2025-05-09,30.3,mmHg,High
1113430,700890,6006,2025-05-18,28.92,mg/dL,Normal
1113431,702830,6025,2024-04-01,16.12,%,High
1113432,700741,6017,2023-09-27,26.15,U/L,Normal
1113433,700101,6025,2022-04-03,24.69,mg/dL,Normal
1113434,700412,6026,2025-09-17,5.28,mmHg,Normal
1113435,703910,6020,2022-12-25,13.54,mmol/L,Normal
1113436,700726,6003,2023-04-29,22.71,g/dL,Normal
1113437,701428,6001,2023-02-01,17.59,mmol/L,High
1113438,706124,6007,2025-01-27,13.95,%,Normal
1113439,705954,6023,2022-08-03,86.29,g/dL,Normal
1113440,704502,6014,2023-05-12,23.55,g/dL,Normal
1113441,704468,6009,2021-07-07,15.08,mmol/L,Normal
1113442,702309,6002,2021-08-31,28.99,%,High
1113443,701349,6018,2023-08-05,13.79,%,High
1113444,700089,6019,2025-01-29,39.98,mg/dL,Normal
1113445,702602,6026,2022-09-28,20.52,%,Normal
1113446,700403,6009,2022-10-21,29.68,mg/dL,Normal
1113447,701957,6016,2025-08-22,6.57,g/dL,Normal
1113448,704303,6006,2022-02-17,29.94,%,Normal
1113449,700256,6002,2024-01-21,6.13,mmol/L,Normal
1113450,705882,6022,2021-06-25,50.93,mg/dL,Low
1113451,703741,6001,2024-05-11,49.44,mmHg,High
1113452,703306,6022,2025-06-27,40.73,mmHg,Normal
1113453,702880,6017,2023-01-24,24.16,mmHg,Normal
1113454,701875,6003,2024-09-29,29.62,mmHg,Normal
1113455,703491,6022,2022-02-05,47.79,g/dL,Normal
1113456,705934,6005,2022-06-10,14.28,%,Normal
1113457,703123,6005,2022-10-20,19.54,mmol/L,Normal
1113458,702456,6009,2022-04-09,6.84,mmHg,High
1113459,704027,6010,2024-02-15,16.26,U/L,Normal
1113460,701103,6021,2025-01-30,44.88,mmol/L,High
1113461,700573,6016,2023-11-13,21.25,mmol/L,Normal
1113462,701471,6005,2025-04-23,49.4,U/L,Normal
1113463,705611,6009,2022-11-25,11.53,mmHg,Normal
1113464,702799,6019,2021-10-17,23.92,%,Normal
1113465,700129,6018,2025-03-09,33.4,%,Normal
1113466,704582,6022,2025-06-03,21.94,mg/dL,High
1113467,702655,6021,2023-10-07,6.82,U/L,High
1113468,700966,6019,2022-11-16,15.76,g/dL,Normal
1113469,701524,6012,2023-09-23,26.76,mmol/L,Low
1113470,705358,6021,2021-01-05,40.67,mmHg,Normal
1113471,706387,6025,2025-10-31,10.38,g/dL,Critical
1113472,704136,6018,2022-04-28,40.35,%,Normal
1113473,700083,6015,2023-10-24,36.23,g/dL,Normal
1113474,700571,6016,2022-06-24,27.23,mg/dL,Normal
1113475,703493,6017,2022-11-16,17.4,mmHg,Normal
1113476,704676,6023,2024-04-24,11.16,mg/dL,High
1113477,705951,6014,2021-03-10,139.41,%,Normal
1113478,700844,6025,2022-05-02,18.62,mg/dL,Normal
1113479,700799,6007,2023-09-06,22.35,mg/dL,Normal
1113480,702592,6002,2025-11-05,14.34,mmol/L,Normal
1113481,700691,6009,2022-06-07,14.13,%,High
1113482,701389,6015,2024-11-04,32.14,mg/dL,Normal
1113483,702464,6019,2023-03-25,26.94,mmHg,Normal
1113484,704197,6011,2021-06-25,15.14,mmol/L,High
1113485,702789,6026,2024-10-24,28.54,mg/dL,Normal
1113486,705648,6024,2023-09-15,38.68,%,Normal
1113487,703159,6002,2024-11-26,11.47,U/L,High
1113488,706130,6008,2021-05-25,35.84,U/L,Normal
1113489,702677,6008,2023-01-05,8.74,g/dL,Normal
1113490,704911,6019,2024-03-08,36.74,g/dL,Low
1113491,706000,6020,2023-06-28,135.36,mg/dL,Normal
1113492,700850,6015,2022-07-19,13.63,%,Normal
1113493,703797,6013,2024-07-11,32.76,U/L,Normal
1113494,704017,6017,2022-04-14,16.99,mmol/L,Normal
1113495,700815,6021,2022-01-27,10.19,mmol/L,High
1113496,702714,6026,2023-06-07,10.52,%,Normal
1113497,706082,6003,2021-07-22,7.19,g/dL,Low
1113498,701617,6024,2023-04-21,30.72,mg/dL,Normal
1113499,705005,6021,2021-12-12,8.57,%,High
1113500,704691,6012,2024-09-22,17.6,mg/dL,Low
1113501,703991,6003,2025-04-30,19.44,U/L,Normal
1113502,702645,6010,2022-09-21,18.69,mmol/L,Normal
1113503,703441,6009,2023-04-02,10.56,%,Normal
1113504,705137,6005,2023-05-13,28.5,mmol/L,High
1113505,702686,6016,2025-11-25,14.87,mmol/L,Normal
1113506,703723,6016,2022-04-10,8.78,mg/dL,Normal
1113507,704699,6009,2024-02-27,17.63,%,Normal
1113508,704665,6020,2021-07-09,39.35,mg/dL,Normal
1113509,706265,6009,2022-10-06,11.01,mmol/L,High
1113510,706055,6021,2022-06-02,48.62,%,High
1113511,702136,6017,2024-01-14,5.15,g/dL,Normal
1113512,705185,6012,2021-08-03,16.31,U/L,Normal
1113513,706425,6009,2024-10-16,37.7,%,Low
1113514,703568,6006,2022-05-12,19.34,mmHg,Low
1113515,704915,6010,2025-05-14,17.25,g/dL,Normal
1113516,704557,6012,2025-04-15,7.01,mg/dL,Normal
1113517,705116,6026,2023-08-28,31.67,mmol/L,High
1113518,700045,6021,2025-04-14,76.84,mmol/L,Normal
1113519,706471,6025,2022-12-07,9.13,mg/dL,Low
1113520,700367,6009,2024-10-14,31.35,%,Normal
1113521,702759,6017,2022-06-27,21.42,mmHg,Normal
1113522,703078,6015,2025-06-18,9.48,g/dL,High
1113523,704289,6025,2021-12-13,21.44,%,Critical
1113524,702573,6001,2022-08-14,15.74,g/dL,Critical
1113525,706141,6006,2021-08-16,34.5,g/dL,Low
1113526,700953,6018,2025-03-19,43.74,%,Normal
1113527,703051,6021,2024-04-23,60.97,g/dL,Normal
1113528,700239,6017,2022-07-20,12.11,%,Normal
1113529,704366,6003,2022-12-19,31.33,g/dL,High
1113530,701075,6004,2024-06-22,15.25,%,Normal
1113531,701460,6026,2022-06-27,39.83,g/dL,Normal
1113532,702538,6018,2025-09-22,36.06,g/dL,Normal
1113533,705165,6017,2024-12-10,37.45,mmol/L,Normal
1113534,702601,6005,2022-04-30,6.45,mmol/L,Normal
1113535,703718,6021,2024-03-07,11.85,mmol/L,Normal
1113536,704270,6009,2023-01-28,16.58,mmHg,Normal
1113537,702912,6016,2021-09-22,22.12,%,Critical
1113538,702984,6019,2022-10-19,17.33,%,Normal
1113539,700305,6003,2021-07-18,71.3,U/L,Normal
1113540,700176,6022,2021-10-18,10.04,mg/dL,Normal
1113541,705175,6009,2024-09-12,8.34,mg/dL,Normal
1113542,701233,6004,2022-10-03,12.96,mg/dL,Normal
1113543,705825,6018,2024-05-07,26.8,mg/dL,Normal
1113544,705549,6004,2021-04-08,21.5,U/L,Normal
1113545,704300,6019,2024-04-22,12.31,U/L,Normal
1113546,701478,6016,2022-09-06,31.69,U/L,High
1113547,701053,6026,2024-12-15,38.64,mg/dL,Normal
1113548,702554,6026,2023-03-01,48.54,mg/dL,Normal
1113549,706288,6001,2021-04-10,16.01,mmHg,Normal
1113550,706148,6006,2024-10-20,20.61,g/dL,Normal
1113551,705255,6020,2021-04-10,103.84,mmol/L,Normal
1113552,706140,6004,2024-02-23,11.81,%,Normal
1113553,703553,6002,2022-10-28,10.59,mmHg,Low
1113554,702973,6016,2024-04-29,59.27,mmHg,Low
1113555,701517,6019,2025-08-20,11.73,U/L,Low
1113556,705344,6002,2024-01-23,7.67,%,High
1113557,704220,6002,2021-10-25,46.62,mg/dL,Normal
1113558,701129,6010,2022-06-28,18.8,mmol/L,High
1113559,703281,6015,2021-02-07,28.82,%,Low
1113560,703555,6008,2021-11-24,20.24,mmol/L,Normal
1113561,701805,6007,2022-01-28,12.34,%,Normal
1113562,703123,6018,2024-04-23,21.43,mmol/L,Normal
1113563,700707,6008,2024-01-06,,mmHg,Normal
1113564,700345,6018,2024-12-01,25.61,g/dL,Low
1113565,702063,6024,2025-08-14,29.29,mg/dL,Normal
1113566,700863,6013,2024-06-21,30.27,g/dL,Normal
1113567,703445,6007,2025-06-15,34.86,%,Low
1113568,701789,6010,2022-10-19,18.64,mg/dL,Normal
1113569,702203,6023,2022-04-01,14.85,mg/dL,Low
1113570,706162,6007,2023-08-29,12.0,mmol/L,Normal
1113571,703227,6017,2025-12-10,22.34,U/L,Normal
1113572,705170,6010,2023-07-23,10.06,mmHg,High
1113573,700724,6010,2022-09-05,34.33,U/L,Normal
1113574,705387,6013,2023-03-31,9.92,U/L,High
1113575,703589,6021,2024-04-09,8.02,g/dL,Low
1113576,701657,6026,2023-08-29,43.29,mmHg,Normal
1113577,704640,6013,2022-05-20,40.3,U/L,High
1113578,701284,6003,2022-09-03,31.07,mmHg,Normal
1113579,700514,6018,2021-07-28,3.81,mg/dL,Critical
1113580,702159,6022,2023-12-25,27.06,mmHg,Normal
1113581,701373,6003,2021-05-29,34.23,mmol/L,Normal
1113582,700785,6013,2022-07-30,11.64,%,High
1113583,705971,6017,2024-02-08,48.01,g/dL,Low
1113584,703737,6023,2023-07-24,14.28,mmHg,Normal
1113585,701298,6008,2023-11-16,24.36,mg/dL,Normal
1113586,704311,6017,2021-01-21,17.15,mg/dL,Low
1113587,700712,6008,2025-07-28,14.0,mmol/L,Normal
1113588,705217,6001,2024-02-29,3.0,U/L,Normal
1113589,703408,6022,2023-04-22,27.33,g/dL,Normal
1113590,701506,6022,2022-01-26,15.72,U/L,Low
1113591,703990,6026,2021-06-04,20.58,mmHg,Normal
1113592,703830,6023,2024-12-04,12.61,mg/dL,Normal
1113593,700540,6003,2024-06-02,6.23,g/dL,Critical
1113594,701305,6009,2025-11-18,13.43,U/L,High
1113595,703665,6019,2023-11-01,12.79,g/dL,High
1113596,701335,6007,2025-11-20,32.8,mmol/L,Normal
1113597,702039,6003,2025-11-15,5.8,U/L,Normal
1113598,705483,6009,2024-11-01,16.13,U/L,Normal
1113599,705099,6014,2025-12-05,22.66,U/L,Normal
1113600,704033,6016,2024-03-17,5.05,U/L,Normal
1113601,702642,6026,2021-06-05,99.23,mmol/L,Normal
1113602,703436,6020,2025-03-23,51.76,U/L,Normal
1113603,703185,6003,2022-04-11,31.7,mmol/L,Normal
1113604,706228,6022,2024-09-20,30.35,U/L,Normal
1113605,704706,6007,2025-05-19,38.5,mg/dL,High
1113606,704886,6014,2025-12-16,21.23,mmol/L,Normal
1113607,704768,6003,2023-05-06,12.78,mmol/L,Critical
1113608,705435,6013,2024-07-01,19.16,U/L,Normal
1113609,706259,6009,2025-01-18,7.86,mmHg,Normal
1113610,701955,6018,2021-04-12,30.21,mmol/L,High
1113611,705864,6020,2023-12-06,18.2,mmHg,Low
1113612,700520,6006,2022-05-07,4.37,mmol/L,Normal
1113613,706085,6018,2021-03-08,12.53,mmol/L,Normal
1113614,706054,6012,2022-06-26,72.91,mmol/L,Normal
1113615,706191,6010,2021-11-06,15.65,mmol/L,Low
1113616,704848,6022,2023-01-04,11.96,mg/dL,High
1113617,701879,6016,2023-08-11,10.34,%,Normal
1113618,701746,6005,2021-03-17,30.9,U/L,Critical
1113619,700862,6018,2025-03-02,14.18,mmol/L,Normal
1113620,706011,6005,2021-05-27,12.52,U/L,Normal
1113621,701425,6009,2021-03-31,3.97,g/dL,Low
1113622,705260,6026,2025-07-23,28.95,%,Low
1113623,705708,6011,2022-02-11,8.65,%,Normal
1113624,704013,6012,2022-06-27,35.12,mmol/L,Normal
1113625,700065,6005,2021-03-10,39.91,U/L,Low
1113626,705666,6021,2024-03-18,30.13,U/L,Normal
1113627,706313,6025,2023-10-25,56.29,g/dL,Normal
1113628,704826,6026,2021-02-06,50.97,mmHg,Normal
1113629,702652,6024,2023-07-19,4.74,mmHg,High
1113630,700928,6009,2024-04-02,14.26,mmol/L,Normal
1113631,702742,6004,2021-10-20,10.14,mmHg,Normal
1113632,704229,6009,2021-07-11,32.66,g/dL,Normal
1113633,703232,6024,2025-11-25,42.09,mg/dL,High
1113634,700506,6002,2022-05-17,11.05,g/dL,Normal
1113635,703963,6017,2021-07-13,22.08,U/L,Normal
1113636,701086,6002,2021-09-23,12.23,mg/dL,Normal
1113637,702178,6018,2024-05-16,118.21,mmHg,High
1113638,704650,6007,2021-02-10,14.57,U/L,Normal
1113639,702182,6004,2024-11-09,15.92,mmHg,Normal
1113640,703787,6006,2021-10-26,14.87,U/L,Normal
1113641,706256,6003,2023-03-31,13.24,%,Low
1113642,704951,6006,2023-01-31,15.03,mg/dL,Normal
1113643,704149,6024,2021-05-26,88.68,mg/dL,High
1113644,702389,6004,2025-02-04,5.0,mg/dL,Normal
1113645,703427,6001,2021-10-14,16.96,U/L,Normal
1113646,706424,6024,2025-12-05,17.44,mmol/L,Normal
1113647,705366,6008,2021-05-08,10.98,g/dL,Normal
1113648,701650,6017,2025-04-03,4.84,U/L,Normal
1113649,700153,6010,2022-03-21,57.01,%,Normal
1113650,700709,6009,2021-04-26,38.96,%,Normal
1113651,704979,6007,2024-09-19,28.51,U/L,Normal
1113652,702681,6013,2025-05-26,10.89,U/L,Normal
1113653,705356,6011,2025-08-22,78.53,U/L,Normal
1113654,703329,6025,2024-10-14,56.43,mmol/L,Normal
1113655,702269,6006,2022-06-23,8.47,mg/dL,Normal
1113656,700652,6010,2023-08-15,9.81,mg/dL,Critical
1113657,702759,6016,2024-10-04,63.48,mg/dL,Normal
1113658,704935,6022,2025-12-28,17.04,mmol/L,Normal
1113659,700082,6002,2022-09-01,24.78,mmHg,Low
1113660,700611,6019,2024-11-04,18.63,%,Normal
1113661,701542,6007,2022-04-12,31.09,g/dL,Normal
1113662,705568,6026,2021-11-29,20.02,mmol/L,Normal
1113663,701162,6005,2023-05-22,32.01,g/dL,Normal
1113664,701237,6011,2022-12-04,40.45,U/L,Low
1113665,705313,6002,2023-02-01,5.08,mg/dL,Normal
1113666,705935,6004,2023-09-30,12.25,g/dL,High
1113667,702756,6020,2023-02-22,19.43,mmol/L,Normal
1113668,705027,6019,2025-09-03,11.89,U/L,Normal
1113669,701586,6009,2025-05-05,9.03,g/dL,Normal
1113670,703353,6024,2022-10-21,35.51,g/dL,Normal
1113671,700196,6014,2024-07-18,19.65,%,Normal
1113672,701990,6009,2025-05-17,60.26,U/L,Normal
1113673,704677,6021,2021-06-05,12.26,U/L,Low
1113674,703803,6012,2023-01-03,16.82,g/dL,Normal
1113675,701567,6011,2025-11-03,22.6,U/L,Normal
1113676,702461,6009,2021-01-06,8.69,mmHg,Normal
1113677,703374,6021,2024-07-11,18.29,U/L,Normal
1113678,701082,6015,2023-08-04,40.82,U/L,Normal
1113679,701666,6017,2024-04-13,31.12,mmol/L,Normal
1113680,702775,6011,2025-12-28,19.76,mg/dL,Normal
1113681,701769,6016,2022-04-30,10.64,%,Normal
1113682,703631,6025,2021-10-01,56.36,%,Normal
1113683,706114,6003,2025-10-12,6.41,mmol/L,High
1113684,700570,6021,2021-04-07,31.74,%,High
1113685,703621,6018,2023-12-12,18.46,%,Normal
1113686,700804,6016,2023-11-09,37.35,mg/dL,Normal
1113687,706086,6011,2023-05-05,20.41,mmHg,High
1113688,700748,6006,2023-09-23,43.06,U/L,High
1113689,704419,6021,2025-04-17,17.12,%,High
1113690,700227,6002,2023-06-01,31.93,mmol/L,Normal
1113691,701105,6009,2025-08-27,6.64,mmol/L,Low
1113692,701914,6014,2025-02-09,58.42,mmHg,Normal
1113693,705203,6022,2022-11-29,64.59,U/L,Normal
1113694,702572,6015,2024-04-22,25.58,g/dL,Normal
1113695,704850,6003,2021-05-04,23.67,g/dL,Normal
1113696,700794,6005,2021-09-28,15.85,mg/dL,Low
1113697,701843,6009,2024-02-02,71.69,mmol/L,Low
1113698,704396,6005,2024-09-09,19.0,U/L,Normal
1113699,704465,6019,2024-12-14,24.04,g/dL,Normal
1113700,701156,6014,2024-06-20,33.83,%,Normal
1113701,702744,6004,2021-05-20,35.73,U/L,Low
1113702,700378,6006,2025-10-23,27.39,mmHg,Normal
1113703,704705,6016,2024-07-14,14.92,%,Critical
1113704,703079,6008,2021-08-20,32.7,U/L,High
1113705,704981,6004,2024-04-08,43.46,mmHg,Critical
1113706,700121,6014,2022-09-21,8.91,%,Normal
1113707,705543,6010,2025-01-20,24.02,mmHg,Low
1113708,705946,6002,2021-04-30,44.36,mmol/L,High
1113709,701519,6009,2021-08-15,2.56,g/dL,Low
1113710,702221,6001,2023-05-30,7.61,mg/dL,Low
1113711,705128,6018,2021-09-12,10.45,g/dL,High
1113712,706233,6001,2022-09-16,9.13,mg/dL,Normal
1113713,702770,6001,2021-09-21,4.89,g/dL,Low
1113714,700740,6015,2025-10-22,24.54,g/dL,Normal
1113715,702756,6022,2022-12-28,10.21,mg/dL,Normal
1113716,703578,6017,2025-10-01,12.33,%,Normal
1113717,704088,6015,2025-03-03,13.1,mg/dL,Normal
1113718,705284,6003,2023-08-17,116.97,U/L,High
1113719,702802,6001,2025-12-10,27.16,mmHg,Normal
1113720,700173,6026,2022-12-06,38.09,mmol/L,Normal
1113721,706136,6026,2025-08-27,11.8,%,Normal
1113722,702399,6005,2022-10-12,8.03,U/L,Normal
1113723,701445,6015,2023-07-14,90.68,mmHg,Normal
1113724,706449,6025,2021-06-10,9.85,%,High
1113725,705644,6014,2024-08-09,17.28,g/dL,Normal
1113726,706145,6012,2024-08-11,15.94,mmHg,Normal
1113727,701630,6019,2022-07-26,70.52,mmHg,Normal
1113728,702437,6010,2022-05-06,10.35,mmol/L,High
1113729,704812,6006,2024-10-14,32.2,U/L,Normal
1113730,706028,6013,2025-09-05,5.08,mmHg,Critical
1113731,701602,6019,2022-05-21,24.38,mg/dL,High
1113732,700151,6009,2021-09-30,9.01,mmHg,High
1113733,704742,6011,2023-08-12,54.92,%,Normal
1113734,701388,6012,2025-03-20,23.87,mmol/L,Normal
1113735,701119,6022,2023-07-05,22.85,%,Low
1113736,702175,6015,2023-08-28,24.59,g/dL,Normal
1113737,701334,6017,2025-09-17,34.04,mmol/L,High
1113738,704704,6006,2022-06-28,93.84,%,Normal
1113739,703609,6018,2024-11-10,13.95,mg/dL,Low
1113740,703900,6015,2025-08-14,6.19,U/L,High
1113741,704680,6006,2025-07-22,4.13,mmol/L,High
1113742,703355,6010,2025-11-06,25.81,mg/dL,Low
1113743,705810,6018,2022-09-29,7.77,mmHg,Normal
1113744,704622,6005,2024-10-27,65.6,mmol/L,Normal
1113745,702392,6004,2024-08-21,10.6,U/L,Normal
1113746,705011,6014,2022-08-29,9.56,mg/dL,Critical
1113747,704059,6006,2023-02-23,16.37,mmol/L,Normal
1113748,700862,6014,2023-07-13,19.42,mmHg,High
1113749,703017,6009,2024-04-16,51.22,%,Normal
1113750,701551,6017,2022-09-30,15.42,mmHg,Normal
1113751,704644,6010,2022-02-23,6.94,mmol/L,Normal
1113752,704446,6011,2021-06-28,21.53,mmol/L,High
1113753,704297,6019,2023-12-13,13.08,mmol/L,Normal
1113754,706255,6013,2022-12-08,24.26,U/L,Normal
1113755,702867,6018,2023-10-09,18.5,%,Normal
1113756,701193,6025,2021-01-06,12.07,g/dL,High
1113757,702674,6002,2025-09-20,119.49,mg/dL,Normal
1113758,706154,6008,2022-08-05,8.49,mg/dL,Normal
1113759,700332,6005,2023-01-31,36.27,g/dL,Critical
1113760,705972,6024,2024-03-15,32.76,U/L,Normal
1113761,705375,6023,2025-04-25,15.18,mg/dL,Normal
1113762,700870,6003,2022-05-29,40.22,U/L,Critical
1113763,706274,6009,2021-11-02,37.09,mmHg,Low
1113764,703373,6013,2025-07-19,8.54,mg/dL,Normal
1113765,706162,6020,2021-08-29,20.28,mmol/L,Normal
1113766,703255,6022,2025-06-25,6.41,mmol/L,Normal
1113767,704364,6014,2022-09-20,20.18,mg/dL,Normal
1113768,701583,6003,2021-09-24,5.52,mmHg,Normal
1113769,704518,6022,2023-07-27,20.56,g/dL,Normal
1113770,706337,6020,2025-04-19,7.52,mmol/L,Low
1113771,700128,6002,2021-07-05,7.56,mmol/L,Normal
1113772,702254,6023,2023-07-07,58.15,mmol/L,Normal
1113773,705386,6013,2024-06-01,7.95,U/L,Normal
1113774,703571,6005,2025-08-03,31.22,mg/dL,Normal
1113775,706041,6008,2023-06-08,23.53,mmHg,Normal
1113776,702649,6021,2021-06-02,113.12,%,Normal
1113777,705586,6007,2021-09-02,35.13,mg/dL,Normal
1113778,700178,6007,2022-11-17,7.2,mmHg,Normal
1113779,703821,6012,2024-02-22,24.58,mg/dL,Normal
1113780,704053,6015,2022-06-01,34.97,%,Normal
1113781,705769,6011,2024-08-31,16.13,mg/dL,Normal
1113782,706233,6017,2022-12-23,8.39,mg/dL,Normal
1113783,704206,6007,2024-05-10,14.34,%,Normal
1113784,701761,6003,2023-08-07,33.45,mmHg,Normal
1113785,701883,6016,2025-03-31,8.84,g/dL,Low
1113786,700234,6020,2023-01-03,16.63,mg/dL,Normal
1113787,704634,6009,2025-11-11,16.03,g/dL,Critical
1113788,704401,6019,2025-04-18,24.44,%,High
1113789,701895,6024,2025-11-10,9.06,mmol/L,Low
1113790,700790,6002,2024-11-22,12.82,U/L,High
1113791,704527,6002,2025-01-24,14.24,mg/dL,Normal
1113792,704889,6002,2021-03-08,30.52,mmol/L,Low
1113793,700458,6012,2025-11-23,16.7,mg/dL,Normal
1113794,706432,6024,2021-12-25,17.24,mmol/L,Low
1113795,702559,6004,2025-01-15,5.76,mmHg,Normal
1113796,701393,6002,2025-07-10,16.79,mg/dL,High
1113797,700122,6001,2023-11-15,31.68,mmHg,Normal
1113798,701372,6020,2025-07-11,10.42,U/L,Normal
1113799,704806,6014,2022-09-26,30.31,%,Low
1113800,701346,6006,2025-02-14,6.17,mg/dL,Normal
1113801,703066,6002,2023-03-31,9.67,mg/dL,High
1113802,704343,6015,2023-03-24,27.28,mmHg,High
1113803,704993,6019,2021-01-06,10.93,mmol/L,Critical
1113804,702650,6026,2024-07-02,6.82,mg/dL,Normal
1113805,703011,6016,2021-04-12,43.24,mg/dL,Normal
1113806,705295,6019,2023-08-14,45.82,mg/dL,High
1113807,701302,6024,2024-03-09,17.93,g/dL,Low
1113808,701644,6011,2023-10-19,35.25,%,Low
1113809,703177,6006,2025-01-03,34.55,mg/dL,Normal
1113810,703711,6003,2023-09-25,15.65,g/dL,Normal
1113811,701512,6011,2021-02-04,57.89,U/L,Normal
1113812,703384,6013,2021-08-05,85.0,g/dL,Low
1113813,701898,6010,2025-01-28,10.92,U/L,Normal
1113814,704327,6005,2024-01-24,14.59,mg/dL,Critical
1113815,702056,6002,2022-09-30,33.89,%,Low
1113816,703531,6007,2025-07-01,33.73,U/L,Normal
1113817,702389,6001,2021-11-23,28.37,mg/dL,Normal
1113818,703345,6007,2021-03-03,47.0,g/dL,Normal
1113819,701139,6009,2023-02-19,23.79,g/dL,Normal
1113820,701218,6008,2022-05-16,5.52,U/L,Normal
1113821,706363,6022,2024-01-08,22.41,mg/dL,Normal
1113822,703321,6010,2021-03-18,113.93,mg/dL,Normal
1113823,701028,6008,2025-02-28,6.09,mmHg,Normal
1113824,701205,6011,2023-07-26,10.11,U/L,High
1113825,703532,6003,2022-08-10,16.12,%,Low
1113826,704163,6015,2021-04-24,109.56,mmHg,Normal
1113827,700392,6015,2025-08-22,22.37,mmol/L,Normal
1113828,706186,6001,2024-09-01,16.92,%,Low
1113829,704538,6002,2025-01-29,7.24,mmol/L,Normal
1113830,703638,6023,2025-09-20,22.63,g/dL,Low
1113831,700579,6011,2022-02-02,9.1,%,Normal
1113832,705549,6013,2025-10-22,12.12,mmol/L,Normal
1113833,700499,6004,2025-06-28,50.79,U/L,Low
1113834,700342,6023,2021-09-06,15.31,mmol/L,Normal
1113835,702585,6007,2025-08-28,35.43,U/L,Normal
1113836,702156,6023,2022-02-20,19.88,mmol/L,Normal
1113837,706037,6001,2023-03-05,22.14,g/dL,Critical
1113838,704850,6024,2023-04-01,21.62,mmol/L,Normal
1113839,703801,6002,2025-03-11,23.23,%,High
1113840,704040,6010,2024-06-14,13.23,U/L,Low
1113841,701225,6017,2025-04-15,2.24,g/dL,Normal
1113842,701468,6012,2022-03-02,106.5,g/dL,Normal
1113843,701781,6020,2023-04-18,18.88,mmol/L,High
1113844,703387,6024,2025-09-06,21.71,g/dL,Normal
1113845,704677,6025,2022-03-05,17.67,%,Normal
1113846,703843,6025,2024-12-01,10.69,g/dL,Normal
1113847,702065,6019,2021-08-10,9.43,mmol/L,Critical
1113848,702695,6008,2023-12-21,9.56,U/L,Normal
1113849,705072,6009,2021-05-10,48.92,mg/dL,Normal
1113850,703077,6025,2022-11-16,61.42,mg/dL,High
1113851,705043,6016,2023-10-05,28.18,mmol/L,Normal
1113852,705330,6017,2021-10-09,15.16,g/dL,Normal
1113853,702316,6017,2024-11-06,6.52,U/L,High
1113854,706122,6019,2025-03-26,32.3,mmHg,Low
1113855,703792,6001,2022-07-11,73.05,mg/dL,Normal
1113856,700077,6006,2024-09-01,22.47,U/L,Normal
1113857,705418,6004,2024-01-10,8.3,mmHg,Normal
1113858,706169,6019,2023-09-17,7.72,U/L,Low
1113859,702840,6022,2025-07-31,,mg/dL,High
1113860,700393,6016,2024-12-26,38.35,g/dL,Normal
1113861,702573,6024,2025-01-26,34.32,U/L,Normal
1113862,703687,6024,2022-08-09,,mg/dL,Normal
1113863,703485,6020,2023-03-07,17.94,g/dL,Normal
1113864,705838,6005,2023-03-21,9.64,mmol/L,Normal
1113865,703118,6003,2024-12-08,14.51,mg/dL,Critical
1113866,700930,6010,2022-10-22,13.82,g/dL,Normal
1113867,703548,6007,2021-05-29,32.31,mmol/L,Normal
1113868,704163,6006,2021-07-17,16.32,%,Normal
1113869,703973,6026,2024-07-12,14.65,g/dL,Normal
1113870,705375,6007,2024-05-22,11.93,g/dL,Critical
1113871,701411,6004,2025-02-02,43.86,%,Normal
1113872,701152,6011,2021-07-08,21.7,mmol/L,Normal
1113873,701271,6018,2024-08-27,33.57,g/dL,Low
1113874,705027,6001,2021-07-27,36.22,mg/dL,Normal
1113875,701303,6020,2025-12-18,39.88,mmHg,Normal
1113876,700275,6002,2023-01-06,23.46,U/L,Normal
1113877,702773,6011,2024-01-30,3.66,mg/dL,High
1113878,705437,6009,2023-07-11,11.07,%,Normal
1113879,701235,6007,2022-05-18,41.08,%,Normal
1113880,703519,6005,2022-01-22,36.53,%,Normal
1113881,703315,6026,2023-06-13,11.12,g/dL,Normal
1113882,700391,6011,2022-05-04,4.05,g/dL,Normal
1113883,700577,6025,2023-02-08,24.04,%,Normal
1113884,703088,6008,2023-11-05,17.3,mg/dL,Normal
1113885,700949,6009,2023-08-03,54.91,U/L,Normal
1113886,705880,6024,2024-07-22,22.92,mmHg,Normal
1113887,705564,6014,2025-12-21,32.66,mg/dL,High
1113888,702251,6024,2024-08-10,17.69,U/L,High
1113889,701528,6006,2023-01-21,24.67,g/dL,Normal
1113890,704869,6006,2023-12-29,35.24,mmHg,Normal
1113891,704002,6011,2025-10-12,14.51,g/dL,Normal
1113892,702621,6013,2024-04-15,12.57,mmol/L,Low
1113893,703856,6007,2024-01-07,13.21,mmHg,Normal
1113894,702495,6025,2024-10-17,28.34,g/dL,Normal
1113895,700351,6020,2022-10-29,102.89,mmHg,Normal
1113896,704128,6002,2022-11-12,14.62,mmol/L,Normal
1113897,705700,6014,2023-03-17,12.26,%,Normal
1113898,701004,6011,2025-07-31,51.14,mmHg,Normal
1113899,702207,6020,2023-12-22,3.61,%,Normal
1113900,700500,6004,2022-03-21,20.56,g/dL,Low
1113901,706162,6013,2021-03-10,14.64,mmHg,Critical
1113902,700763,6021,2025-05-12,48.49,mg/dL,Normal
1113903,703643,6001,2021-11-06,31.91,mmol/L,Normal
1113904,703055,6003,2025-06-04,11.75,mmHg,Normal
1113905,703636,6012,2022-12-17,48.49,g/dL,Critical
1113906,702712,6026,2023-07-26,23.32,%,High
1113907,705465,6003,2025-01-28,33.54,mmHg,High
1113908,706437,6012,2023-08-27,24.32,mmHg,Normal
1113909,700217,6006,2024-12-08,24.76,%,Normal
1113910,705066,6022,2024-11-08,24.44,%,Low
1113911,700565,6003,2024-03-25,41.65,U/L,Normal
1113912,700319,6018,2024-07-23,42.82,mmol/L,Normal
1113913,704519,6003,2024-08-25,17.06,U/L,Normal
1113914,703229,6021,2021-06-09,27.56,mg/dL,Normal
1113915,702876,6016,2023-07-13,18.23,mmHg,High
1113916,702025,6024,2022-06-04,23.01,U/L,Normal
1113917,700186,6008,2022-02-23,84.95,mmol/L,Normal
1113918,705895,6004,2024-11-28,17.67,mmHg,Normal
1113919,706281,6006,2022-02-06,14.99,mmol/L,Normal
1113920,705541,6021,2025-07-03,36.55,mmol/L,Normal
1113921,706245,6009,2023-10-17,6.2,mmol/L,High
1113922,705668,6003,2023-08-06,18.07,mg/dL,Normal
1113923,700580,6012,2022-10-09,10.09,g/dL,High
1113924,705021,6025,2025-12-28,72.81,%,High
1113925,701273,6001,2022-06-15,23.26,U/L,Normal
1113926,701656,6005,2024-07-08,10.27,%,Normal
1113927,706459,6020,2023-07-23,25.04,mmol/L,Normal
1113928,702825,6016,2022-01-09,12.95,mmHg,Normal
1113929,700442,6004,2021-10-25,26.34,mmol/L,Normal
1113930,704657,6026,2024-04-22,20.31,g/dL,Low
1113931,700153,6002,2021-05-11,39.75,%,Low
1113932,705333,6003,2025-11-08,7.44,%,Low
1113933,705810,6026,2022-09-15,15.58,U/L,Normal
1113934,700785,6010,2024-12-25,33.87,mmHg,Low
1113935,704696,6016,2024-07-13,33.98,g/dL,Normal
1113936,700075,6023,2025-05-28,12.58,mmHg,Normal
1113937,704891,6019,2022-01-11,18.99,mmHg,Low
1113938,702246,6021,2021-09-12,18.09,U/L,High
1113939,700400,6016,2024-12-23,5.71,%,High
1113940,705530,6015,2025-05-01,30.19,U/L,Low
1113941,702620,6007,2025-03-02,59.02,mmol/L,Normal
1113942,705827,6012,2024-08-28,22.28,g/dL,Normal
1113943,702898,6011,2025-11-17,13.32,U/L,Normal
1113944,703650,6013,2024-07-10,41.57,g/dL,High
1113945,705600,6020,2023-10-28,14.83,%,Normal
1113946,705864,6004,2022-04-26,16.42,U/L,Normal
1113947,700006,6017,2023-01-02,8.67,g/dL,Normal
1113948,700220,6007,2024-09-27,39.04,U/L,Low
1113949,700957,6023,2024-12-22,12.35,%,Normal
1113950,706118,6008,2021-03-12,19.55,mmHg,Low
1113951,703757,6016,2025-03-03,15.42,mg/dL,High
1113952,700039,6015,2022-09-21,20.74,mmol/L,Critical
1113953,701789,6004,2021-02-06,38.75,U/L,Normal
1113954,704178,6021,2024-05-10,5.38,g/dL,Normal
1113955,705142,6006,2023-10-01,26.73,U/L,Normal
1113956,700067,6022,2022-01-15,32.48,%,Normal
1113957,700153,6003,2025-06-22,52.57,mmHg,Normal
1113958,703910,6006,2021-06-20,8.25,g/dL,High
1113959,702641,6002,2025-12-28,61.08,g/dL,Low
1113960,705077,6009,2025-05-15,15.81,U/L,Normal
1113961,704604,6003,2024-12-02,11.79,U/L,High
1113962,705254,6023,2024-05-20,33.78,mg/dL,Normal
1113963,700849,6012,2023-11-19,21.53,%,Normal
1113964,705228,6022,2024-10-11,29.42,mmHg,Normal
1113965,700545,6008,2023-12-10,8.95,mmol/L,High
1113966,705515,6003,2023-08-14,3.47,U/L,Normal
1113967,703381,6023,2022-05-17,18.4,mmol/L,High
1113968,706384,6010,2023-08-22,75.02,%,Normal
1113969,701796,6007,2025-12-04,31.64,U/L,High
1113970,703698,6004,2022-10-01,37.56,mmol/L,High
1113971,703992,6006,2022-01-30,19.25,mg/dL,Normal
1113972,700688,6007,2023-03-27,15.69,mmHg,Normal
1113973,703452,6016,2025-09-29,15.5,%,Normal
1113974,705015,6016,2021-03-13,67.53,g/dL,Normal
1113975,700796,6002,2023-05-30,22.73,%,Critical
1113976,705161,6011,2021-03-30,30.0,g/dL,Critical
1113977,704568,6004,2022-08-04,14.81,mmol/L,Normal
1113978,700567,6013,2025-05-17,13.98,U/L,High
1113979,703068,6007,2021-05-07,16.27,mmHg,Normal
1113980,706160,6005,2021-09-13,9.76,%,Normal
1113981,702187,6015,2025-03-09,23.43,mmol/L,Normal
1113982,700029,6024,2023-12-24,19.86,mmHg,Normal
1113983,704574,6021,2022-01-22,26.72,%,High
1113984,704543,6025,2021-10-30,24.07,U/L,Normal
1113985,705663,6004,2023-07-05,19.85,mg/dL,High
1113986,701532,6016,2023-09-14,11.29,mmol/L,Normal
1113987,702059,6018,2022-12-27,28.63,mmol/L,Normal
1113988,701653,6026,2024-04-17,41.2,mmHg,Normal
1113989,701861,6022,2025-12-19,34.97,mg/dL,High
1113990,701910,6019,2024-02-21,9.93,mmol/L,Low
1113991,701049,6025,2021-08-14,20.43,mmHg,Normal
1113992,702226,6023,2024-04-29,34.07,U/L,Normal
1113993,702556,6020,2023-06-13,34.02,mmol/L,Normal
1113994,702971,6015,2023-05-30,35.22,%,Normal
1113995,702231,6018,2022-11-03,76.46,mmol/L,Normal
1113996,702659,6009,2023-08-08,37.01,mmol/L,Low
1113997,704608,6022,2025-01-16,24.08,mmol/L,Normal
1113998,706080,6016,2023-02-22,57.11,U/L,Normal
1113999,701909,6004,2023-09-30,21.7,mmHg,Normal
1114000,703888,6010,2022-06-26,34.17,U/L,Normal
1114001,703967,6001,2024-07-14,23.66,g/dL,Low
1114002,705082,6019,2025-05-02,12.42,mmol/L,Normal
1114003,700669,6005,2025-09-06,35.78,U/L,Normal
1114004,706034,6018,2024-09-20,8.73,U/L,Normal
1114005,701398,6023,2022-03-07,21.76,mg/dL,High
1114006,705774,6016,2023-02-01,16.66,%,Normal
1114007,700330,6008,2021-02-17,45.74,U/L,Normal
1114008,703056,6001,2022-11-09,5.52,U/L,Normal
1114009,701556,6018,2025-06-18,27.38,mmol/L,Critical
1114010,706373,6002,2025-05-24,23.33,mmol/L,Normal
1114011,704532,6020,2021-01-16,6.02,U/L,Normal
1114012,700500,6011,2024-01-25,14.41,U/L,Normal
1114013,701522,6015,2021-04-22,23.66,g/dL,Low
1114014,701414,6026,2021-11-12,8.09,mmHg,High
1114015,704492,6024,2022-01-22,15.54,%,Critical
1114016,704614,6012,2021-12-24,42.63,%,High
1114017,700268,6012,2022-09-30,23.27,g/dL,Normal
1114018,702043,6007,2022-06-03,16.6,%,Normal
1114019,702703,6020,2024-03-02,40.24,g/dL,Normal
1114020,700960,6012,2024-01-09,11.66,mmol/L,Normal
1114021,704409,6001,2023-07-14,64.34,mmHg,Normal
1114022,700646,6018,2023-11-19,33.6,%,Normal
1114023,702341,6025,2021-12-27,6.81,mmHg,Normal
1114024,705263,6019,2021-07-01,14.92,mg/dL,High
1114025,701257,6024,2024-09-14,25.13,mg/dL,Normal
1114026,700213,6003,2022-12-20,31.8,mmol/L,Normal
1114027,705920,6009,2023-09-06,10.41,mg/dL,Normal
1114028,705745,6024,2022-10-23,19.23,g/dL,Low
1114029,700119,6022,2024-11-21,21.49,mmHg,Normal
1114030,706105,6005,2024-11-10,8.32,mmol/L,Normal
1114031,705207,6013,2022-09-23,35.31,mmHg,Normal
1114032,700697,6020,2022-01-25,6.93,U/L,Low
1114033,702733,6025,2022-02-25,10.18,mg/dL,High
1114034,701900,6013,2022-01-15,11.83,mg/dL,Normal
1114035,705194,6015,2025-09-24,22.58,mmHg,Low
1114036,701719,6017,2025-02-09,32.05,mmol/L,Normal
1114037,700830,6022,2023-02-13,12.71,mmHg,Critical
1114038,703289,6026,2022-04-30,38.66,U/L,Normal
1114039,700223,6013,2021-11-10,18.2,%,Normal
1114040,704574,6014,2024-04-05,11.16,mg/dL,Normal
1114041,700068,6017,2022-04-16,14.79,mg/dL,Normal
1114042,703969,6009,2024-02-03,6.52,U/L,Normal
1114043,701190,6012,2025-11-17,11.59,%,Normal
1114044,700999,6015,2023-08-09,30.22,mmHg,Normal
1114045,703580,6022,2021-12-20,9.11,mmHg,High
1114046,700441,6010,2022-03-09,19.69,mmol/L,Normal
1114047,703260,6021,2021-03-06,10.0,U/L,Normal
1114048,705440,6025,2021-06-19,19.33,mmHg,Normal
1114049,703321,6017,2024-07-05,20.13,mmol/L,Critical
1114050,700465,6018,2021-06-17,44.86,mg/dL,Normal
1114051,700937,6005,2025-11-09,16.38,%,Normal
1114052,702661,6018,2025-11-02,16.67,%,Normal
1114053,704599,6009,2025-12-15,10.23,mmol/L,Low
1114054,701514,6012,2024-11-24,10.86,%,Normal
1114055,703290,6006,2023-12-28,13.75,g/dL,Normal
1114056,702489,6012,2023-10-22,11.11,g/dL,Normal
1114057,701166,6024,2021-01-18,27.13,mmHg,Normal
1114058,701962,6011,2024-10-21,22.79,mg/dL,High
1114059,703369,6008,2024-06-24,13.85,g/dL,Normal
1114060,702994,6018,2022-09-14,10.74,mmol/L,High
1114061,705351,6020,2023-04-20,66.4,mg/dL,Normal
1114062,700576,6011,2021-11-19,26.9,mmHg,High
1114063,703756,6019,2025-07-06,20.33,mmHg,High
1114064,702106,6023,2023-05-01,18.37,mmHg,High
1114065,705002,6011,2023-10-30,21.72,U/L,Normal
1114066,702410,6002,2021-12-09,27.31,%,Normal
1114067,703825,6006,2021-07-16,33.65,mmHg,Normal
1114068,705010,6015,2025-10-14,6.47,%,Low
1114069,700608,6020,2023-06-27,10.43,g/dL,Normal
1114070,700401,6002,2021-05-22,31.45,mmHg,Normal
1114071,701019,6010,2021-10-22,26.12,mg/dL,High
1114072,702453,6015,2024-02-01,13.48,g/dL,Normal
1114073,701942,6006,2023-10-02,3.8,mmHg,Normal
1114074,702573,6011,2022-08-13,19.13,mg/dL,High
1114075,701403,6012,2022-05-17,13.03,mmol/L,High
1114076,700299,6002,2025-03-31,90.93,g/dL,Normal
1114077,700026,6025,2021-12-17,7.9,mg/dL,Normal
1114078,706267,6019,2024-02-16,10.22,mmol/L,Normal
1114079,702284,6015,2022-06-05,31.79,mmHg,Normal
1114080,705677,6026,2021-02-03,15.69,mg/dL,Low
1114081,704704,6003,2024-03-08,5.59,%,Normal
1114082,704606,6003,2024-03-04,41.26,U/L,Critical
1114083,703238,6013,2025-09-27,11.3,mg/dL,High
1114084,700901,6009,2022-07-03,19.96,g/dL,Normal
1114085,701520,6023,2023-04-12,24.32,g/dL,Normal
1114086,704560,6014,2022-04-26,10.29,mg/dL,High
1114087,700142,6004,2024-07-30,5.53,mmHg,Normal
1114088,706039,6024,2023-09-02,13.73,mmol/L,Critical
1114089,705627,6015,2021-04-30,11.85,%,Normal
1114090,705990,6001,2023-10-27,6.43,g/dL,Normal
1114091,705045,6018,2021-04-16,15.12,U/L,Normal
1114092,701478,6021,2023-06-20,28.71,mmHg,Low
1114093,700042,6025,2022-12-29,34.3,g/dL,Critical
1114094,702999,6015,2021-07-13,44.11,mg/dL,Normal
1114095,706199,6026,2025-07-15,44.77,g/dL,High
1114096,705638,6013,2021-09-24,7.7,%,Low
1114097,705795,6018,2024-03-05,11.05,mmHg,Normal
1114098,705660,6011,2023-03-14,34.87,mg/dL,Normal
1114099,704681,6022,2022-01-21,14.99,g/dL,Normal
1114100,703666,6001,2022-05-23,15.98,U/L,Low
1114101,705202,6006,2021-05-02,12.26,g/dL,High
1114102,701011,6023,2022-09-07,11.21,mg/dL,High
1114103,704184,6014,2024-12-09,17.01,%,Normal
1114104,702209,6001,2023-04-13,54.99,mmol/L,Normal
1114105,706346,6023,2023-10-24,16.87,mg/dL,High
1114106,701237,6015,2024-04-08,37.79,U/L,Normal
1114107,701545,6009,2023-06-24,9.93,g/dL,Normal
1114108,704159,6012,2025-11-16,20.81,mmol/L,Low
1114109,704411,6015,2021-09-23,22.57,%,Normal
1114110,704066,6006,2025-08-25,23.63,mg/dL,Normal
1114111,701544,6016,2021-06-13,15.17,g/dL,Normal
1114112,702353,6006,2024-03-02,33.38,%,High
1114113,701798,6026,2024-02-12,31.07,U/L,Low
1114114,702880,6003,2021-12-09,24.33,mg/dL,Low
1114115,703435,6002,2022-12-10,10.85,g/dL,High
1114116,704128,6003,2022-11-20,10.71,U/L,Normal
1114117,702259,6022,2021-01-22,21.24,g/dL,Normal
1114118,702546,6002,2022-04-18,18.37,U/L,Normal
1114119,702973,6010,2024-05-17,18.89,mmol/L,Normal
1114120,700982,6019,2025-11-15,10.73,%,Normal
1114121,703834,6004,2021-05-25,5.4,mg/dL,Normal
1114122,703161,6016,2022-09-17,83.23,U/L,Normal
1114123,706265,6006,2024-03-17,13.24,mmol/L,Normal
1114124,704492,6025,2025-03-23,10.54,g/dL,Normal
1114125,703458,6011,2023-08-02,2.52,%,Low
1114126,705483,6018,2022-01-05,35.96,mg/dL,Normal
1114127,704519,6020,2022-07-07,39.98,mg/dL,Normal
1114128,705872,6016,2021-09-10,8.06,U/L,Normal
1114129,704276,6013,2021-08-18,31.89,mmol/L,Normal
1114130,701125,6022,2025-09-06,20.14,%,High
1114131,701609,6021,2023-03-30,14.12,%,Normal
1114132,703845,6018,2021-05-31,23.78,%,Normal
1114133,700592,6003,2021-04-22,13.01,mg/dL,Normal
1114134,705910,6014,2024-10-27,28.37,%,Normal
1114135,703579,6003,2024-07-22,62.31,%,Normal
1114136,700314,6008,2025-08-21,54.74,g/dL,High
1114137,700016,6002,2025-03-12,12.63,g/dL,Normal
1114138,705945,6026,2025-11-26,17.34,g/dL,Normal
1114139,702976,6023,2024-11-16,34.73,%,Normal
1114140,703953,6020,2024-05-06,2.82,%,Normal
1114141,704141,6025,2022-09-02,36.27,%,Normal
1114142,700770,6014,2023-09-23,24.84,mmol/L,Normal
1114143,700103,6022,2025-01-31,114.59,g/dL,High
1114144,700287,6013,2024-09-25,28.22,mmHg,High
1114145,702167,6024,2025-11-07,9.53,mmHg,Low
1114146,700593,6017,2022-08-29,43.27,mmol/L,Normal
1114147,700450,6003,2025-07-27,13.88,%,Normal
1114148,705501,6011,2022-06-01,21.6,%,High
1114149,705426,6023,2021-11-11,17.85,g/dL,Normal
1114150,704863,6015,2024-01-26,12.3,mmHg,Normal
1114151,700342,6007,2025-09-18,74.31,%,Normal
1114152,701290,6005,2021-10-14,23.45,mg/dL,Low
1114153,703624,6022,2025-09-15,1.34,mmol/L,Normal
1114154,702159,6023,2021-10-14,53.77,mmHg,Normal
1114155,703333,6026,2022-06-27,7.14,mmHg,Normal
1114156,705139,6005,2022-06-01,11.11,g/dL,Normal
1114157,706309,6019,2022-10-31,16.89,U/L,Normal
1114158,704190,6016,2021-12-15,96.9,g/dL,Normal
1114159,705573,6009,2024-12-20,13.62,g/dL,Normal
1114160,702453,6006,2022-01-10,13.66,mmol/L,Low
1114161,706079,6024,2024-03-11,41.77,g/dL,Normal
1114162,701663,6012,2025-08-16,9.04,mg/dL,Low
1114163,703267,6015,2022-09-08,11.97,mmol/L,Normal
1114164,703061,6009,2024-11-10,11.94,mmHg,Normal
1114165,705776,6014,2024-02-08,7.28,U/L,Normal
1114166,701736,6021,2023-02-13,114.94,mg/dL,Normal
1114167,702301,6019,2022-07-12,19.37,U/L,Normal
1114168,703644,6024,2021-03-11,52.18,mg/dL,Normal
1114169,706416,6026,2021-06-30,30.67,%,Normal
1114170,706259,6018,2022-06-15,23.81,mg/dL,Normal
1114171,706014,6001,2023-04-28,22.31,mmHg,Normal
1114172,705600,6015,2024-04-25,45.25,U/L,Low
1114173,702510,6002,2021-12-17,41.9,U/L,Low
1114174,701138,6016,2022-07-18,28.82,%,Normal
1114175,704354,6014,2021-11-29,16.62,mmHg,Normal
1114176,704836,6010,2025-10-31,3.02,g/dL,Low
1114177,704524,6001,2021-11-08,41.09,U/L,High
1114178,705591,6018,2025-06-27,50.8,%,Normal
1114179,703154,6002,2025-06-20,34.51,mg/dL,Normal
1114180,700888,6021,2025-09-25,31.39,%,Normal
1114181,701021,6024,2021-09-21,13.12,%,High
1114182,705340,6026,2025-04-11,10.17,mg/dL,Normal
1114183,702948,6010,2021-01-07,16.44,mg/dL,Low
1114184,700730,6025,2024-08-09,24.79,g/dL,High
1114185,703764,6016,2024-05-07,15.7,g/dL,Normal
1114186,703848,6026,2023-03-11,64.22,g/dL,Normal
1114187,700236,6020,2022-05-18,13.41,%,Normal
1114188,700328,6017,2024-08-13,12.29,mg/dL,Normal
1114189,704389,6002,2024-03-03,11.31,mmHg,Normal
1114190,703031,6017,2022-03-20,13.4,g/dL,Normal
1114191,700257,6022,2021-01-15,26.65,%,Low
1114192,700624,6024,2024-10-01,107.93,mmol/L,Normal
1114193,701500,6011,2022-06-22,4.33,%,High
1114194,703910,6007,2022-02-23,51.69,mg/dL,Low
1114195,704424,6012,2022-06-30,37.55,g/dL,Low
1114196,700892,6022,2021-05-13,56.94,%,Normal
1114197,701318,6011,2022-03-15,21.82,g/dL,Normal
1114198,700747,6014,2024-12-02,8.35,mg/dL,Normal
1114199,702782,6015,2021-05-26,10.32,mmHg,Normal
1114200,704556,6001,2022-11-12,9.63,g/dL,Normal
1114201,703274,6005,2021-01-13,16.97,mmHg,Normal
1114202,701167,6019,2025-01-26,12.98,U/L,High
1114203,705118,6025,2022-12-12,27.07,g/dL,Normal
1114204,704999,6007,2023-05-17,27.06,U/L,Low
1114205,704900,6008,2022-05-03,31.42,mmHg,Normal
1114206,700817,6005,2021-07-31,39.93,%,Normal
1114207,703109,6006,2022-09-14,11.12,mmHg,Normal
1114208,701050,6015,2023-03-12,6.58,%,Normal
1114209,702669,6009,2025-03-17,39.0,%,Normal
1114210,706087,6008,2023-10-07,12.38,%,High
1114211,706495,6011,2022-03-05,14.99,mmol/L,Normal
1114212,703800,6002,2021-02-18,21.96,mmHg,Normal
1114213,703805,6012,2021-06-23,24.97,mmHg,High
1114214,704929,6019,2023-07-27,7.14,U/L,Normal
1114215,703525,6017,2023-09-15,25.99,mg/dL,Normal
1114216,700419,6023,2023-03-07,8.48,mg/dL,Normal
1114217,702654,6002,2023-04-06,21.2,mmHg,Normal
1114218,702778,6013,2021-12-14,11.74,U/L,Normal
1114219,704596,6008,2024-06-17,49.86,mg/dL,Normal
1114220,705637,6010,2022-04-15,37.96,%,Normal
1114221,702316,6020,2025-11-08,46.65,mmHg,Normal
1114222,701676,6024,2025-06-26,24.18,mmol/L,High
1114223,705897,6007,2021-09-18,13.7,U/L,Normal
1114224,705643,6011,2024-07-22,14.03,mmHg,High
1114225,706451,6012,2022-11-19,15.56,mmol/L,Normal
1114226,700991,6016,2022-07-08,11.82,U/L,Normal
1114227,702631,6017,2024-12-20,27.2,mmHg,Low
1114228,701927,6018,2022-12-22,34.74,mmol/L,Low
1114229,703114,6007,2024-12-13,20.27,U/L,Normal
1114230,700109,6006,2023-09-30,25.19,mmHg,Normal
1114231,700592,6023,2024-03-18,28.78,U/L,Normal
1114232,700629,6004,2022-03-01,9.76,mmHg,Critical
1114233,704362,6006,2024-09-09,10.16,mmol/L,Normal
1114234,702370,6007,2022-06-04,21.56,g/dL,Normal
1114235,705670,6002,2021-05-15,11.9,U/L,Normal
1114236,705251,6006,2023-03-15,6.12,mg/dL,Critical
1114237,703529,6024,2023-10-10,48.2,mmol/L,High
1114238,701272,6005,2025-09-01,21.21,U/L,Low
1114239,703734,6006,2025-03-19,42.3,mg/dL,Normal
1114240,700265,6017,2023-06-24,16.47,g/dL,Normal
1114241,703369,6018,2021-12-18,10.53,mmHg,High
1114242,700976,6019,2021-05-30,25.8,g/dL,Normal
1114243,700079,6002,2024-03-08,14.32,g/dL,Normal
1114244,706500,6018,2025-10-19,26.1,mmHg,Normal
1114245,700212,6024,2024-12-03,34.85,g/dL,Normal
1114246,700326,6019,2025-07-04,41.43,g/dL,Normal
1114247,705191,6007,2022-03-01,14.82,U/L,Normal
1114248,702281,6009,2021-02-28,21.66,U/L,Normal
1114249,704638,6023,2025-02-15,2.91,mg/dL,Low
1114250,706322,6008,2021-09-06,19.57,mg/dL,High
1114251,705849,6010,2025-12-09,22.17,mg/dL,Normal
1114252,706417,6020,2024-05-24,5.85,mmHg,Normal
1114253,701628,6024,2024-12-21,46.62,g/dL,High
1114254,704310,6020,2022-04-08,32.33,g/dL,High
1114255,701369,6022,2024-02-11,29.98,mg/dL,Low
1114256,704173,6001,2025-02-03,42.6,U/L,Normal
1114257,701692,6012,2023-08-26,28.87,mmHg,Normal
1114258,700419,6015,2024-01-15,11.31,mmHg,Low
1114259,703209,6007,2025-07-05,9.58,mmol/L,Normal
1114260,700014,6004,2021-12-04,54.67,mmol/L,High
1114261,703515,6024,2023-12-21,31.13,%,Low
1114262,705062,6017,2025-11-02,13.23,U/L,Normal
1114263,705062,6012,2024-08-25,20.95,mmol/L,Low
1114264,702136,6004,2024-07-18,12.83,mmol/L,Normal
1114265,706231,6016,2023-12-22,8.13,g/dL,Low
1114266,700402,6006,2023-12-18,13.85,g/dL,Normal
1114267,705107,6023,2024-03-22,11.74,%,Normal
1114268,701395,6021,2024-01-31,17.93,mg/dL,Normal
1114269,700253,6001,2022-01-01,11.95,U/L,Normal
1114270,700066,6015,2025-09-14,65.01,mmHg,Normal
1114271,704712,6001,2024-02-23,21.3,mmol/L,Normal
1114272,700626,6019,2025-08-22,41.59,g/dL,High
1114273,700172,6001,2022-01-09,54.76,U/L,Normal
1114274,706344,6002,2025-02-17,17.8,U/L,Low
1114275,704636,6025,2022-11-07,15.92,g/dL,Normal
1114276,701343,6021,2025-06-27,21.92,g/dL,Normal
1114277,701551,6001,2024-07-07,7.74,%,Normal
1114278,705509,6008,2021-12-13,27.24,g/dL,Normal
1114279,706461,6024,2025-03-12,9.65,U/L,Normal
1114280,700319,6020,2024-07-25,25.53,g/dL,Normal
1114281,705773,6022,2024-04-29,25.23,g/dL,High
1114282,702496,6019,2022-08-06,39.88,mg/dL,Normal
1114283,701615,6025,2022-05-26,14.21,g/dL,Normal
1114284,700041,6017,2024-02-17,12.21,%,Low
1114285,702209,6020,2024-01-14,24.74,mg/dL,Normal
1114286,706107,6008,2025-05-08,39.62,mmHg,Normal
1114287,703400,6021,2023-10-28,22.54,%,Normal
1114288,705213,6006,2022-03-16,25.51,mmol/L,Normal
1114289,704915,6022,2025-12-07,13.44,mg/dL,Normal
1114290,703548,6003,2021-05-10,38.46,g/dL,Normal
1114291,701185,6020,2022-02-13,14.89,%,Normal
1114292,701604,6001,2022-08-10,72.41,%,High
1114293,702360,6019,2023-01-28,23.16,U/L,Normal
1114294,706388,6021,2022-11-17,38.09,mmol/L,Normal
1114295,703111,6007,2023-11-05,14.48,U/L,Normal
1114296,704349,6002,2025-04-04,10.27,mg/dL,Normal
1114297,706318,6025,2023-04-15,28.86,mmol/L,Low
1114298,700488,6013,2025-01-28,59.85,U/L,High
1114299,700366,6009,2021-03-29,140.89,mmHg,Low
1114300,705194,6024,2021-12-13,5.26,mmol/L,Normal
1114301,704898,6001,2021-06-25,11.22,g/dL,Normal
1114302,701378,6022,2023-02-06,78.32,g/dL,Normal
1114303,703231,6018,2025-08-17,12.1,mmol/L,Normal
1114304,703288,6008,2024-01-08,49.28,mmHg,Normal
1114305,704405,6026,2024-01-21,12.97,mg/dL,Normal
1114306,701555,6015,2023-04-16,13.46,%,Normal
1114307,706389,6007,2021-03-27,64.65,U/L,Low
1114308,700226,6003,2021-03-23,6.5,U/L,Low
1114309,702666,6006,2022-06-03,31.96,mmol/L,Normal
1114310,700871,6003,2024-05-29,26.39,mg/dL,Normal
1114311,702528,6006,2025-08-23,2.54,g/dL,Normal
1114312,700780,6019,2021-11-20,25.29,mg/dL,Low
1114313,705968,6005,2024-01-21,28.4,%,Normal
1114314,703731,6012,2023-08-06,,mmHg,Critical
1114315,704220,6014,2024-07-27,14.98,mmol/L,Normal
1114316,705559,6003,2025-09-22,12.55,U/L,Normal
1114317,705264,6004,2021-07-02,9.56,mmHg,Normal
1114318,706427,6009,2022-12-24,34.29,U/L,Normal
1114319,705772,6014,2023-03-01,10.71,mmol/L,Critical
1114320,704956,6005,2024-09-03,15.23,g/dL,Normal
1114321,701940,6025,2021-10-11,30.59,U/L,Low
1114322,702957,6014,2023-06-20,38.73,mmHg,Normal
1114323,702547,6005,2022-08-23,18.47,%,Normal
1114324,700613,6016,2024-05-26,23.04,mg/dL,Normal
1114325,701498,6018,2023-08-19,7.1,g/dL,Normal
1114326,700494,6017,2021-04-15,13.99,mmHg,High
1114327,703060,6009,2021-09-11,33.85,U/L,Normal
1114328,703915,6016,2021-03-17,15.22,%,Normal
1114329,703784,6024,2025-07-26,70.46,U/L,Low
1114330,702158,6019,2023-01-17,15.82,mg/dL,Low
1114331,701380,6023,2024-03-02,34.82,mmHg,Normal
1114332,705815,6018,2022-02-19,22.75,mmol/L,High
1114333,700529,6001,2024-06-03,26.44,%,Low
1114334,705107,6019,2024-05-27,28.18,U/L,Normal
1114335,700524,6020,2021-04-14,57.53,mmol/L,Normal
1114336,700973,6007,2023-02-16,56.31,U/L,Normal
1114337,702317,6020,2023-02-13,19.94,mmol/L,Normal
1114338,700229,6006,2021-06-29,4.39,mmol/L,Normal
1114339,702532,6025,2024-08-08,18.16,%,Normal
1114340,704728,6016,2022-07-16,7.96,g/dL,Critical
1114341,703879,6002,2025-08-28,49.73,mmHg,Normal
1114342,702269,6011,2021-06-09,10.03,g/dL,Normal
1114343,702911,6022,2023-05-19,36.52,U/L,Low
1114344,701413,6007,2023-01-08,27.2,g/dL,Normal
1114345,703097,6023,2024-11-09,15.04,mmol/L,Normal
1114346,705587,6024,2022-04-06,46.4,mg/dL,High
1114347,700927,6005,2024-03-20,23.24,mmol/L,Normal
1114348,702428,6025,2025-11-12,15.4,g/dL,Normal
1114349,706156,6025,2023-06-23,26.1,g/dL,High
1114350,704555,6016,2022-02-03,29.61,%,Normal
1114351,704289,6016,2024-03-03,18.72,mg/dL,Normal
1114352,704352,6003,2025-06-27,12.36,U/L,High
1114353,706177,6014,2023-01-17,32.96,U/L,Normal
1114354,703900,6002,2022-06-01,9.84,U/L,Normal
1114355,701683,6026,2023-06-12,20.94,mmHg,Normal
1114356,702217,6009,2023-03-24,11.02,mmol/L,Normal
1114357,705275,6012,2021-10-29,20.42,mmol/L,Normal
1114358,702447,6007,2024-12-01,22.4,mmHg,Normal
1114359,702634,6023,2021-07-04,19.71,mmHg,Normal
1114360,701701,6022,2025-05-27,29.82,mmHg,Normal
1114361,701367,6024,2024-02-28,80.64,mmol/L,Normal
1114362,706339,6026,2023-05-17,13.09,g/dL,Normal
1114363,705958,6021,2021-02-07,21.88,mmHg,High
1114364,701829,6010,2022-09-26,41.01,U/L,Normal
1114365,702775,6006,2024-02-16,21.69,%,Normal
1114366,703307,6010,2021-05-21,24.62,mmHg,High
1114367,701438,6003,2021-02-28,44.88,U/L,Normal
1114368,701427,6021,2022-02-13,31.77,U/L,Normal
1114369,702097,6006,2021-03-27,12.44,%,Normal
1114370,703625,6020,2022-07-22,32.87,mmHg,Low
1114371,702654,6011,2021-12-27,24.18,mg/dL,Normal
1114372,702401,6017,2024-07-12,3.54,U/L,Normal
1114373,700869,6009,2021-07-23,26.59,%,Normal
1114374,706472,6019,2023-12-28,23.1,U/L,Low
1114375,704547,6017,2023-05-21,12.96,mg/dL,Normal
1114376,701714,6002,2025-04-23,24.61,mmol/L,Normal
1114377,701030,6011,2023-10-30,14.01,%,Normal
1114378,705810,6026,2023-09-26,8.08,U/L,Normal
1114379,705656,6008,2023-06-14,11.01,mmol/L,High
1114380,703923,6020,2024-06-07,5.86,mg/dL,Low
1114381,705455,6026,2023-01-03,4.7,mg/dL,Low
1114382,705312,6014,2024-06-02,76.59,g/dL,Normal
1114383,703704,6015,2023-02-07,48.16,U/L,Normal
1114384,701122,6025,2022-07-25,30.71,U/L,Normal
1114385,702015,6008,2023-09-16,18.64,mmHg,Normal
1114386,705405,6014,2024-11-28,28.39,g/dL,Normal
1114387,703831,6001,2024-06-28,6.47,U/L,Low
1114388,702268,6022,2025-01-25,24.01,mmol/L,Normal
1114389,706088,6007,2021-11-18,7.46,g/dL,High
1114390,705550,6008,2022-12-05,6.9,g/dL,Normal
1114391,701406,6020,2024-05-30,37.19,%,Low
1114392,704928,6013,2025-12-11,36.74,mg/dL,Normal
1114393,703826,6015,2021-12-31,20.41,mmHg,Low
1114394,700316,6015,2023-12-23,28.74,g/dL,Normal
1114395,704537,6021,2022-05-30,23.82,g/dL,Normal
1114396,703032,6024,2022-11-25,50.53,U/L,High
1114397,701271,6011,2024-10-09,5.52,U/L,Normal
1114398,701405,6004,2025-07-29,5.46,%,High
1114399,702933,6026,2024-09-20,45.56,mmol/L,Normal
1114400,701813,6001,2025-11-13,11.67,mg/dL,Normal
1114401,700251,6026,2025-10-05,3.34,mg/dL,Normal
1114402,703554,6020,2021-11-20,34.38,mg/dL,Low
1114403,701803,6019,2024-10-31,16.44,%,Normal
1114404,703125,6024,2024-05-13,17.32,mg/dL,Normal
1114405,702177,6016,2025-03-18,24.23,mmol/L,Normal
1114406,705568,6024,2024-11-26,5.91,mmol/L,Normal
1114407,703499,6010,2021-01-22,7.23,U/L,High
1114408,705349,6013,2021-02-22,4.7,mg/dL,Normal
1114409,704142,6006,2023-04-13,14.49,%,Low
1114410,703736,6006,2022-04-18,11.46,mg/dL,Normal
1114411,705547,6007,2023-08-02,20.43,%,Normal
1114412,706006,6016,2023-03-01,33.04,g/dL,Normal
1114413,703994,6025,2024-01-11,20.56,g/dL,Normal
1114414,704689,6009,2025-03-03,10.3,mmHg,High
1114415,706202,6020,2022-04-24,6.16,g/dL,Normal
1114416,703812,6010,2025-01-04,16.28,g/dL,Normal
1114417,703132,6001,2021-01-28,29.02,mmHg,Normal
1114418,701965,6003,2025-05-30,32.89,mg/dL,Normal
1114419,704535,6024,2025-01-31,20.62,U/L,Normal
1114420,706140,6024,2022-06-30,27.11,g/dL,Normal
1114421,701394,6018,2022-07-15,26.1,mmHg,High
1114422,706268,6013,2025-05-13,11.21,U/L,Normal
1114423,705882,6020,2024-02-15,18.38,g/dL,High
1114424,703675,6025,2023-01-20,27.68,g/dL,Normal
1114425,704869,6021,2023-03-29,12.09,g/dL,Normal
1114426,704676,6005,2024-06-01,53.42,mmol/L,High
1114427,705223,6004,2025-06-11,26.39,%,Normal
1114428,705768,6020,2025-06-14,92.75,mmol/L,Normal
1114429,706018,6006,2022-12-20,109.9,mmol/L,Normal
1114430,704583,6006,2021-09-04,8.86,U/L,Normal
1114431,702420,6018,2022-03-08,7.03,mg/dL,Normal
1114432,704919,6016,2021-03-21,10.61,mmHg,Normal
1114433,705858,6003,2024-11-09,22.47,mmol/L,Normal
1114434,701770,6019,2022-11-06,64.0,U/L,Normal
1114435,701881,6012,2024-09-24,3.93,%,Normal
1114436,702775,6011,2025-12-26,30.57,mg/dL,Low
1114437,703566,6023,2023-03-13,10.7,%,High
1114438,705937,6004,2021-08-19,8.87,%,Normal
1114439,700820,6022,2021-05-09,28.38,g/dL,Critical
1114440,703086,6019,2022-07-30,35.39,g/dL,High
1114441,703624,6014,2023-12-07,49.02,g/dL,Normal
1114442,701657,6022,2022-11-21,14.49,%,Normal
1114443,704572,6011,2021-06-04,42.45,U/L,Normal
1114444,702608,6016,2024-07-31,46.11,%,Normal
1114445,704969,6003,2022-03-05,,%,High
1114446,704190,6001,2022-12-05,52.36,mmol/L,Normal
1114447,700402,6023,2021-09-02,28.96,%,Normal
1114448,700534,6012,2024-02-06,16.96,mg/dL,Normal
1114449,700272,6020,2023-08-13,18.11,g/dL,Normal
1114450,702027,6009,2025-07-16,13.82,U/L,Normal
1114451,700570,6004,2023-01-05,18.64,g/dL,Low
1114452,705463,6021,2025-06-15,25.13,mg/dL,High
1114453,706240,6013,2023-11-25,14.98,g/dL,Normal
1114454,705216,6018,2023-05-01,20.15,mg/dL,High
1114455,703950,6023,2021-06-30,12.68,mmHg,Normal
1114456,701647,6002,2021-02-14,12.63,mmHg,High
1114457,701289,6016,2023-07-24,83.0,U/L,Normal
1114458,703675,6017,2024-01-07,68.32,U/L,Critical
1114459,703094,6018,2023-05-26,69.83,g/dL,Normal
1114460,704525,6018,2021-12-05,15.95,g/dL,Normal
1114461,704037,6005,2023-08-10,55.31,%,Normal
1114462,700045,6013,2023-06-30,24.3,mmHg,Normal
1114463,706262,6001,2021-11-24,17.09,U/L,Low
1114464,700691,6019,2022-02-14,9.03,g/dL,Normal
1114465,704256,6026,2022-06-22,12.05,mmol/L,Normal
1114466,706351,6008,2022-03-23,24.86,g/dL,Normal
1114467,703338,6025,2022-12-05,69.54,mmol/L,High
1114468,706026,6015,2022-11-22,37.73,%,Low
1114469,702635,6016,2022-01-01,16.78,mg/dL,Low
1114470,701063,6008,2023-01-09,23.27,g/dL,Normal
1114471,705511,6015,2023-11-15,46.19,U/L,Normal
1114472,705853,6001,2021-10-18,5.87,mg/dL,Normal
1114473,705741,6023,2021-08-28,,mg/dL,Normal
1114474,701911,6022,2025-06-27,14.58,mg/dL,Normal
1114475,700366,6017,2024-05-09,16.42,mg/dL,Low
1114476,700865,6025,2021-01-18,6.56,mg/dL,Low
1114477,701166,6009,2022-10-25,29.17,g/dL,Normal
1114478,704153,6002,2022-06-24,25.94,mmHg,Normal
1114479,700803,6016,2023-08-24,19.43,%,Low
1114480,705022,6002,2023-09-23,49.76,mmHg,High
1114481,702942,6003,2025-02-02,50.49,mg/dL,Normal
1114482,703538,6023,2023-02-18,14.82,mg/dL,High
1114483,700796,6017,2025-08-11,90.23,U/L,Normal
1114484,706498,6006,2024-01-08,8.42,g/dL,High
1114485,703074,6009,2025-06-02,7.89,mmHg,Normal
1114486,705466,6019,2025-05-27,28.77,mmol/L,Normal
1114487,703250,6010,2025-09-12,42.1,g/dL,Normal
1114488,702290,6017,2022-07-06,25.36,g/dL,Normal
1114489,706228,6023,2024-08-11,22.45,mmol/L,Normal
1114490,702730,6018,2025-06-18,29.1,mmol/L,Low
1114491,705362,6016,2024-12-10,7.57,U/L,Normal
1114492,702010,6004,2021-02-18,13.1,mmol/L,Critical
1114493,701124,6011,2025-11-14,21.3,U/L,Normal
1114494,705936,6008,2025-06-01,46.71,g/dL,Normal
1114495,704041,6021,2023-08-11,9.75,mg/dL,Low
1114496,700998,6010,2023-03-20,16.32,%,Normal
1114497,701964,6018,2023-08-16,55.27,mmHg,Normal
1114498,706473,6018,2024-01-05,15.23,g/dL,High
1114499,705553,6003,2022-10-27,9.04,mmHg,Normal
1114500,703874,6018,2022-02-01,19.43,%,Normal
1114501,706396,6003,2021-07-28,21.35,g/dL,High
1114502,700795,6019,2025-07-30,29.03,mmol/L,Normal
1114503,701893,6006,2023-08-26,21.54,%,Normal
1114504,704373,6008,2024-09-11,8.53,%,Normal
1114505,700320,6015,2022-04-12,9.44,%,Normal
1114506,705556,6023,2024-03-29,26.22,mg/dL,Normal
1114507,700164,6021,2021-03-18,22.65,mg/dL,Normal
1114508,701047,6018,2021-06-15,16.9,mg/dL,Normal
1114509,702917,6002,2021-07-08,24.7,mmHg,Low
1114510,705211,6005,2024-12-19,22.57,mmHg,High
1114511,702888,6014,2023-06-02,18.6,%,Normal
1114512,704737,6020,2024-11-13,23.95,mg/dL,Normal
1114513,704995,6002,2025-07-31,10.82,mmol/L,High
1114514,703561,6007,2025-02-20,7.32,mg/dL,Normal
1114515,700323,6021,2023-08-02,14.76,mg/dL,Normal
1114516,706150,6019,2024-11-28,14.55,mg/dL,Normal
1114517,705194,6012,2022-10-03,8.55,mmHg,Normal
1114518,706176,6012,2022-07-23,8.92,mmol/L,Low
1114519,706391,6017,2021-07-09,36.46,mmHg,High
1114520,700967,6021,2023-07-12,73.17,U/L,Normal
1114521,706140,6010,2025-08-30,13.73,mmol/L,Low
1114522,703304,6018,2022-11-16,40.1,mmol/L,Normal
1114523,700796,6015,2023-06-04,25.43,mmol/L,Normal
1114524,706277,6008,2025-11-21,16.79,%,Normal
1114525,704917,6006,2022-07-25,30.03,mmHg,High
1114526,703716,6010,2023-11-12,6.72,mmHg,Normal
1114527,701191,6008,2025-07-09,19.5,%,Normal
1114528,705988,6014,2025-11-24,42.81,%,Normal
1114529,701106,6020,2024-08-01,25.79,mg/dL,High
1114530,704688,6026,2025-12-21,22.97,g/dL,Normal
1114531,705011,6020,2023-08-23,7.31,mmol/L,Normal
1114532,705791,6014,2023-01-11,7.47,U/L,Normal
1114533,704657,6002,2024-10-30,2.38,U/L,Normal
1114534,701486,6026,2021-02-15,24.53,U/L,Normal
1114535,700186,6010,2024-06-10,21.44,mg/dL,Normal
1114536,700834,6008,2021-09-07,50.41,mg/dL,Normal
1114537,703992,6011,2025-02-13,62.8,mg/dL,Normal
1114538,704912,6014,2025-05-30,20.53,mg/dL,Normal
1114539,700838,6009,2023-03-08,16.03,mg/dL,Low
1114540,700637,6008,2021-06-25,22.14,mmol/L,Low
1114541,706390,6022,2022-02-16,67.87,mmHg,Low
1114542,705270,6012,2025-07-30,12.88,mmHg,High
1114543,700233,6017,2023-01-23,4.94,mmHg,Low
1114544,702427,6025,2025-04-14,15.43,U/L,Normal
1114545,703371,6018,2023-08-12,49.42,U/L,Normal
1114546,700178,6009,2022-03-21,19.23,mmHg,Normal
1114547,705805,6009,2024-01-17,38.1,mg/dL,Normal
1114548,700385,6009,2023-12-22,17.64,%,High
1114549,706212,6005,2022-03-07,41.87,mmHg,High
1114550,705552,6014,2021-03-08,28.19,%,Normal
1114551,702225,6004,2022-03-24,8.78,mmHg,High
1114552,704138,6022,2021-05-21,20.64,%,Normal
1114553,700920,6022,2022-04-06,25.15,mg/dL,Normal
1114554,706090,6010,2022-04-15,19.28,%,High
1114555,703000,6020,2021-02-10,5.84,%,Low
1114556,705929,6014,2024-03-06,11.03,U/L,Normal
1114557,706208,6018,2023-07-04,23.67,g/dL,Normal
1114558,705691,6005,2023-08-30,75.4,U/L,High
1114559,703560,6019,2023-08-22,109.35,mmHg,Normal
1114560,705277,6007,2023-03-15,18.63,U/L,Normal
1114561,701562,6007,2022-02-19,34.96,mmHg,Low
1114562,705735,6008,2022-12-01,16.06,mmHg,Normal
1114563,702424,6002,2023-07-09,31.46,mg/dL,Normal
1114564,700856,6020,2025-01-08,18.54,mg/dL,Normal
1114565,702772,6014,2022-12-25,10.24,mg/dL,Normal
1114566,702868,6018,2025-02-04,46.38,mmHg,Normal
1114567,704290,6016,2022-09-18,3.77,U/L,Low
1114568,701009,6022,2024-10-13,31.98,%,Low
1114569,701199,6024,2024-10-22,24.2,mmol/L,Low
1114570,706310,6015,2025-02-20,33.64,U/L,Critical
1114571,705501,6002,2024-05-08,20.8,mmol/L,Normal
1114572,700734,6020,2021-11-07,20.32,%,High
1114573,701642,6015,2024-10-05,17.99,%,Normal
1114574,703018,6011,2022-03-18,12.64,mmol/L,Normal
1114575,701259,6020,2021-01-15,12.02,U/L,High
1114576,701960,6003,2024-06-26,56.81,mg/dL,Normal
1114577,702905,6007,2022-08-15,43.0,mmHg,Normal
1114578,700157,6010,2021-06-04,18.0,U/L,High
1114579,702567,6019,2023-07-05,10.16,mmol/L,Normal
1114580,702608,6026,2025-12-01,35.18,g/dL,Normal
1114581,704498,6012,2022-01-01,38.98,mg/dL,Normal
1114582,701833,6016,2024-04-29,16.53,mmHg,Low
1114583,701806,6018,2021-10-31,21.33,mg/dL,High
1114584,701494,6026,2024-12-31,21.1,mmol/L,Normal
1114585,702691,6012,2021-03-31,36.53,%,Normal
1114586,701975,6025,2024-10-17,41.32,mg/dL,Normal
1114587,702907,6025,2021-12-08,23.69,mmHg,Normal
1114588,703699,6007,2023-05-03,6.06,mmol/L,Normal
1114589,700853,6025,2023-10-17,14.23,mmHg,Normal
1114590,706128,6010,2022-06-10,22.07,mg/dL,Normal
1114591,700047,6017,2021-07-19,27.76,mmHg,Normal
1114592,705941,6014,2021-02-23,43.28,g/dL,Normal
1114593,702907,6012,2021-10-16,12.06,mmol/L,Normal
1114594,703739,6023,2023-10-22,23.66,U/L,Normal
1114595,702461,6016,2024-09-12,28.7,g/dL,Low
1114596,703285,6013,2024-02-29,16.94,mmHg,High
1114597,702627,6014,2023-02-02,6.2,g/dL,Normal
1114598,705010,6014,2024-07-25,24.95,mmol/L,Normal
1114599,703099,6008,2022-08-23,13.18,%,Normal
1114600,704538,6013,2022-12-04,96.38,mg/dL,Low
1114601,704485,6022,2024-09-21,14.78,mmHg,Low
1114602,701715,6022,2025-08-01,16.87,mmHg,Normal
1114603,705955,6019,2022-02-09,16.26,mmHg,Normal
1114604,700702,6002,2022-03-31,54.07,mmHg,Normal
1114605,703850,6018,2025-11-29,23.07,mmHg,Normal
1114606,706206,6006,2021-12-05,12.66,%,Normal
1114607,700930,6009,2023-05-08,11.36,mg/dL,Normal
1114608,700591,6022,2025-11-07,10.29,mmol/L,Critical
1114609,706495,6002,2025-02-14,7.54,mmol/L,Normal
1114610,701864,6026,2023-11-19,6.46,mmHg,Normal
1114611,700083,6005,2022-09-05,20.63,%,Normal
1114612,705970,6007,2021-01-13,18.96,g/dL,Normal
1114613,704994,6023,2023-11-13,38.19,mmHg,High
1114614,705708,6001,2025-01-05,33.89,mmol/L,Normal
1114615,705783,6012,2025-12-11,4.74,g/dL,Normal
1114616,703350,6023,2022-08-09,11.45,mg/dL,Normal
1114617,701029,6008,2023-05-01,8.08,mmol/L,Normal
1114618,706099,6005,2024-01-26,29.52,mmol/L,Normal
1114619,700712,6015,2022-09-26,7.36,mmol/L,Normal
1114620,702692,6025,2022-10-24,20.56,%,Normal
1114621,705699,6008,2021-10-26,22.07,mg/dL,Normal
1114622,700218,6012,2023-04-06,44.97,U/L,Normal
1114623,703197,6015,2021-04-25,11.42,mg/dL,Normal
1114624,700442,6005,2021-03-20,34.75,g/dL,Low
1114625,703788,6016,2025-04-08,3.5,%,Normal
1114626,704587,6016,2021-11-06,18.09,mmHg,High
1114627,702853,6008,2021-06-06,22.94,U/L,Normal
1114628,703883,6009,2024-09-20,24.46,%,High
1114629,701545,6009,2024-09-17,21.82,g/dL,Normal
1114630,702998,6001,2022-12-22,48.75,mmHg,Low
1114631,702052,6009,2025-09-27,14.38,U/L,Low
1114632,701473,6023,2022-02-21,35.04,mg/dL,Normal
1114633,704441,6015,2022-04-23,10.53,%,High
1114634,702713,6015,2024-05-02,11.32,%,Critical
1114635,703827,6018,2025-07-02,36.15,%,Normal
1114636,701126,6017,2022-11-08,12.67,mmHg,High
1114637,703746,6022,2024-11-27,14.91,mg/dL,Low
1114638,704464,6021,2022-01-30,42.69,mg/dL,Normal
1114639,706257,6021,2021-04-12,7.18,mmol/L,Normal
1114640,701284,6016,2023-06-18,8.19,%,Normal
1114641,704237,6025,2024-07-07,12.82,%,High
1114642,703087,6001,2022-10-12,46.79,g/dL,Normal
1114643,702849,6015,2022-01-06,8.49,g/dL,Normal
1114644,701036,6007,2023-04-14,25.88,mg/dL,Normal
1114645,704190,6002,2021-01-18,22.86,g/dL,Normal
1114646,702681,6008,2022-06-05,44.47,mmol/L,Normal
1114647,705806,6025,2021-09-15,5.05,U/L,Normal
1114648,705677,6021,2022-12-19,29.16,mg/dL,Normal
1114649,700813,6013,2021-08-18,9.15,%,Low
1114650,705701,6001,2025-09-04,54.17,g/dL,Normal
1114651,706199,6021,2024-01-24,26.84,g/dL,Normal
1114652,701292,6009,2023-05-10,13.57,%,Normal
1114653,700206,6011,2023-01-26,25.59,mmHg,Normal
1114654,705983,6024,2025-02-12,81.32,U/L,Normal
1114655,703386,6008,2023-09-10,44.33,g/dL,Normal
1114656,702507,6007,2023-06-22,83.18,mmol/L,Normal
1114657,704589,6017,2024-03-29,19.25,mg/dL,High
1114658,700202,6025,2022-06-26,41.53,g/dL,Low
1114659,706004,6017,2022-06-20,8.92,g/dL,Normal
1114660,705233,6013,2025-12-01,27.13,g/dL,High
1114661,704547,6005,2024-03-11,2.97,g/dL,Low
1114662,704620,6002,2023-07-20,39.12,mmHg,Low
1114663,701969,6004,2023-07-10,35.5,g/dL,Normal
1114664,705694,6005,2025-01-20,36.12,mmol/L,Normal
1114665,703563,6024,2023-11-18,31.97,U/L,Normal
1114666,704648,6018,2021-08-19,40.5,mmol/L,Normal
1114667,705189,6003,2022-01-27,25.54,%,Normal
1114668,705841,6016,2023-09-07,75.74,%,High
1114669,706210,6002,2025-06-20,25.78,mmHg,Normal
1114670,702327,6011,2025-03-18,10.4,%,Normal
1114671,703335,6026,2021-03-15,8.8,U/L,Normal
1114672,702302,6008,2023-03-29,14.35,%,Normal
1114673,703835,6001,2022-05-20,12.25,mmHg,Normal
1114674,700826,6009,2025-08-13,58.21,g/dL,High
1114675,704945,6009,2021-12-23,,g/dL,High
1114676,701652,6013,2025-01-21,14.07,U/L,High
1114677,700701,6025,2023-10-28,8.66,mmol/L,High
1114678,705420,6008,2022-10-01,11.4,mmol/L,Normal
1114679,700373,6002,2025-12-14,11.91,g/dL,Normal
1114680,700756,6020,2022-10-18,30.93,U/L,Critical
1114681,700786,6016,2022-10-05,13.46,mmHg,High
1114682,700441,6019,2022-05-15,14.64,%,Low
1114683,702343,6003,2025-01-03,50.2,mmHg,High
1114684,704493,6024,2021-10-30,14.17,%,Normal
1114685,702950,6023,2022-06-12,9.61,mmol/L,Normal
1114686,701590,6025,2024-05-02,36.85,mmol/L,Normal
1114687,705429,6002,2022-07-07,24.63,U/L,High
1114688,701860,6015,2022-04-27,20.25,g/dL,Normal
1114689,704066,6004,2024-12-24,53.49,U/L,Normal
1114690,700514,6003,2024-05-09,4.51,g/dL,Normal
1114691,701702,6005,2023-07-19,29.27,mmHg,Normal
1114692,702175,6015,2022-05-28,35.52,mg/dL,Normal
1114693,703667,6011,2022-06-02,39.51,g/dL,High
1114694,705712,6011,2021-02-22,16.04,mmol/L,Low
1114695,701205,6008,2021-03-05,49.17,mmol/L,Normal
1114696,700063,6025,2023-09-16,63.47,mmol/L,Low
1114697,700430,6023,2021-11-23,52.47,%,High
1114698,702898,6014,2023-11-26,47.21,%,Normal
1114699,705945,6021,2021-05-24,5.69,g/dL,Normal
1114700,704732,6015,2023-11-19,21.77,mmol/L,High
1114701,706206,6002,2024-03-30,14.53,mmHg,Normal
1114702,705399,6002,2025-02-10,21.91,U/L,Normal
1114703,702519,6021,2025-12-18,37.93,mmHg,Normal
1114704,703624,6008,2022-10-18,40.95,mg/dL,Normal
1114705,705926,6007,2022-02-12,15.14,mmHg,Normal
1114706,704386,6026,2024-08-04,19.37,mmol/L,High
1114707,702786,6001,2021-05-14,37.56,mmHg,Normal
1114708,702945,6008,2023-05-10,25.95,U/L,Normal
1114709,703984,6022,2023-10-26,5.51,g/dL,High
1114710,702813,6022,2022-05-13,7.7,U/L,Normal
1114711,705407,6024,2025-01-26,16.17,U/L,Normal
1114712,701065,6026,2023-08-17,19.65,%,Normal
1114713,700353,6002,2021-02-01,27.31,mmol/L,Normal
1114714,701029,6022,2025-06-05,31.37,U/L,Normal
1114715,705100,6017,2024-07-13,12.47,mmHg,High
1114716,704975,6004,2021-09-09,12.06,mg/dL,Normal
1114717,705693,6022,2021-02-18,26.01,mmol/L,Normal
1114718,705330,6005,2023-10-23,58.47,g/dL,High
1114719,704572,6026,2024-12-16,46.16,mg/dL,High
1114720,705084,6008,2025-03-26,19.09,mmHg,Normal
1114721,705812,6005,2023-03-03,37.27,g/dL,High
1114722,700095,6015,2022-12-06,23.06,g/dL,Normal
1114723,702203,6017,2023-02-08,20.88,mmol/L,High
1114724,703128,6006,2024-06-22,13.39,g/dL,High
1114725,702428,6004,2021-12-03,53.61,mmol/L,Normal
1114726,702303,6012,2022-10-14,46.43,U/L,Normal
1114727,702005,6025,2023-08-20,19.57,mmHg,Normal
1114728,706008,6013,2024-01-22,23.93,g/dL,Normal
1114729,702459,6003,2022-01-01,40.04,mg/dL,Normal
1114730,702109,6018,2022-05-12,9.18,mmol/L,High
1114731,705868,6020,2024-10-01,36.46,mmHg,Normal
1114732,704037,6025,2024-11-11,20.15,mmol/L,Low
1114733,704530,6018,2021-08-11,6.93,mmHg,Normal
1114734,702314,6005,2021-09-20,12.77,g/dL,Normal
1114735,702474,6010,2021-08-11,6.93,mmol/L,Low
1114736,703033,6026,2022-10-18,19.53,mmHg,Normal
1114737,706263,6003,2021-12-24,33.29,U/L,Normal
1114738,703722,6014,2022-10-19,15.41,mg/dL,High
1114739,705853,6026,2025-05-28,12.79,mmol/L,Normal
1114740,703466,6007,2025-09-09,11.18,g/dL,Low
1114741,706466,6021,2025-11-04,4.47,U/L,Critical
1114742,705618,6022,2022-10-09,5.59,mmHg,High
1114743,706209,6015,2025-03-04,43.54,mg/dL,Normal
1114744,700028,6019,2022-12-22,6.9,mmol/L,High
1114745,706494,6012,2025-04-11,16.7,g/dL,Critical
1114746,702263,6012,2022-09-05,23.48,mmHg,Normal
1114747,702128,6014,2022-05-10,78.9,mmol/L,Normal
1114748,705466,6019,2023-12-16,18.68,mg/dL,Normal
1114749,700734,6005,2021-07-06,73.45,U/L,Low
1114750,704641,6007,2022-10-14,16.24,mmHg,Normal
1114751,700687,6015,2022-12-01,23.66,g/dL,High
1114752,702601,6008,2022-08-15,36.11,mmol/L,Normal
1114753,701348,6022,2025-04-03,53.89,g/dL,Normal
1114754,703672,6014,2021-11-29,33.21,mg/dL,Normal
1114755,700625,6005,2024-05-11,24.63,mmol/L,Normal
1114756,703800,6007,2025-08-16,5.34,%,Normal
1114757,703295,6018,2023-07-23,27.32,mmHg,Normal
1114758,702835,6021,2022-10-23,7.78,%,High
1114759,704192,6020,2024-09-22,8.98,mg/dL,Low
1114760,704893,6013,2023-05-13,27.68,U/L,Normal
1114761,704746,6008,2023-06-06,29.83,mmHg,High
1114762,700389,6026,2024-08-16,24.24,mmHg,Low
1114763,702871,6019,2022-04-05,32.89,mmHg,Normal
1114764,704917,6003,2021-10-23,15.27,mmol/L,Normal
1114765,700082,6002,2021-03-17,15.4,mmHg,High
1114766,706208,6016,2025-06-29,28.14,mg/dL,Normal
1114767,703503,6010,2021-09-15,15.62,U/L,Normal
1114768,703076,6019,2023-12-22,37.69,U/L,Normal
1114769,703976,6017,2024-03-03,47.61,mg/dL,Normal
1114770,702699,6005,2025-03-10,11.05,mg/dL,Normal
1114771,702042,6003,2025-07-20,21.82,mmHg,Low
1114772,706418,6007,2022-07-31,3.74,mmol/L,Low
1114773,703319,6003,2024-04-15,27.96,mmHg,Normal
1114774,704868,6022,2024-11-20,14.87,U/L,Normal
1114775,704686,6025,2021-09-26,10.26,mg/dL,Normal
1114776,705736,6009,2022-08-22,15.12,%,Normal
1114777,701335,6024,2022-05-08,9.74,mg/dL,Normal
1114778,700355,6004,2025-06-14,40.6,%,Normal
1114779,703064,6006,2024-08-13,16.12,mmHg,High
1114780,706230,6006,2022-12-31,9.99,mmol/L,Normal
1114781,703510,6016,2024-10-25,18.02,mmol/L,Normal
1114782,703860,6003,2022-04-21,22.2,g/dL,Normal
1114783,705427,6018,2023-04-18,12.55,U/L,Normal
1114784,702005,6004,2023-08-27,24.65,g/dL,Normal
1114785,700022,6011,2024-02-03,32.17,U/L,Normal
1114786,701261,6010,2022-05-12,35.29,mg/dL,High
1114787,701878,6007,2023-07-15,7.06,mmol/L,High
1114788,705780,6007,2021-12-22,9.28,%,Normal
1114789,705024,6004,2025-01-04,20.07,%,Normal
1114790,703437,6017,2024-09-05,17.98,g/dL,High
1114791,703508,6001,2022-11-06,7.89,mg/dL,Normal
1114792,703345,6018,2021-11-10,6.12,mmol/L,Low
1114793,700502,6009,2023-07-19,18.46,mmHg,High
1114794,701043,6017,2022-11-08,19.69,mmol/L,High
1114795,700659,6001,2021-03-04,22.3,U/L,Normal
1114796,703220,6014,2023-08-28,8.98,mmHg,High
1114797,701932,6008,2023-04-02,17.67,mmol/L,High
1114798,705833,6005,2022-10-10,37.79,mg/dL,High
1114799,700654,6016,2022-06-20,19.82,mmol/L,Normal
1114800,703262,6014,2025-12-24,9.01,mmol/L,Normal
1114801,701914,6004,2022-12-25,24.92,U/L,Normal
1114802,700572,6003,2021-09-11,6.32,g/dL,Normal
1114803,702381,6008,2024-10-31,99.23,%,Normal
1114804,703055,6015,2022-03-16,26.44,U/L,High
1114805,702136,6001,2025-02-10,17.27,mg/dL,High
1114806,700731,6009,2024-02-28,13.29,%,High
1114807,703457,6011,2023-06-20,83.79,g/dL,Normal
1114808,706466,6011,2024-10-02,8.69,mmol/L,High
1114809,704236,6011,2021-09-03,16.38,mg/dL,Normal
1114810,705257,6026,2022-05-11,59.24,mg/dL,High
1114811,700545,6003,2024-11-05,32.33,%,Normal
1114812,701248,6002,2025-08-23,16.35,mg/dL,Normal
1114813,700799,6002,2025-04-09,25.89,mmHg,High
1114814,704018,6008,2024-06-03,46.66,U/L,Normal
1114815,700810,6026,2023-04-09,20.3,%,Normal
1114816,703645,6004,2022-12-20,28.49,%,Normal
1114817,702643,6019,2025-08-05,16.1,mmHg,Normal
1114818,700752,6008,2025-06-01,37.76,U/L,Normal
1114819,703086,6025,2023-12-26,43.72,mmHg,Normal
1114820,701853,6010,2022-05-23,14.34,mmHg,Normal
1114821,702941,6018,2022-02-13,11.33,%,Normal
1114822,706182,6008,2021-06-14,22.51,mmHg,Normal
1114823,706033,6007,2024-01-13,29.92,g/dL,High
1114824,705449,6026,2025-08-03,13.86,U/L,Normal
1114825,705681,6003,2024-03-17,43.03,mmol/L,Normal
1114826,700578,6016,2022-05-17,24.3,mg/dL,Normal
1114827,702105,6008,2023-07-18,35.35,g/dL,Normal
1114828,701844,6026,2025-06-30,34.24,mg/dL,Low
1114829,700049,6010,2023-05-11,28.17,mmHg,Normal
1114830,703544,6012,2023-02-10,10.78,mmHg,High
1114831,705863,6003,2024-01-05,36.83,mmHg,Normal
1114832,700743,6021,2021-08-03,20.23,g/dL,Normal
1114833,702885,6010,2023-02-23,46.46,mmol/L,Normal
1114834,705827,6015,2024-08-07,31.91,U/L,Normal
1114835,704551,6008,2025-05-08,44.11,g/dL,Low
1114836,703217,6009,2023-12-04,9.71,g/dL,Normal
1114837,705183,6004,2024-12-30,48.69,mg/dL,Normal
1114838,704587,6009,2025-07-10,5.06,U/L,Critical
1114839,700122,6009,2024-12-17,58.82,mmHg,Normal
1114840,705823,6002,2025-06-04,10.13,mg/dL,Normal
1114841,701851,6015,2023-09-08,28.93,mmol/L,Normal
1114842,704975,6015,2023-08-18,12.75,mg/dL,High
1114843,701059,6013,2022-10-18,21.46,mmHg,High
1114844,704537,6022,2024-12-11,22.28,mg/dL,Normal
1114845,701257,6017,2023-01-01,10.05,U/L,High
1114846,702258,6001,2025-02-03,39.24,mg/dL,Normal
1114847,700442,6003,2022-06-29,13.91,mmol/L,Normal
1114848,701555,6017,2025-07-07,18.3,mmol/L,Normal
1114849,705786,6003,2024-06-17,12.39,U/L,Low
1114850,701942,6019,2021-10-02,37.01,g/dL,Normal
1114851,701147,6018,2024-11-17,24.02,mmol/L,Normal
1114852,702860,6019,2024-07-10,4.3,U/L,Critical
1114853,702436,6015,2025-05-11,28.34,g/dL,Low
1114854,704580,6009,2023-12-14,11.95,U/L,Normal
1114855,701372,6004,2025-08-11,21.29,g/dL,High
1114856,705844,6018,2022-06-15,8.03,mmHg,Normal
1114857,702617,6008,2021-06-29,22.92,mmHg,Low
1114858,702912,6002,2024-06-16,27.16,mg/dL,Normal
1114859,703779,6009,2022-08-25,34.91,mmol/L,Normal
1114860,701150,6017,2025-03-12,32.41,mmHg,Normal
1114861,703537,6024,2024-08-22,24.05,mmol/L,Normal
1114862,703319,6002,2022-05-28,11.68,U/L,Normal
1114863,702766,6026,2024-12-09,19.17,mmHg,Normal
1114864,702537,6012,2021-04-18,19.84,mg/dL,Normal
1114865,700564,6009,2021-09-23,9.27,mmHg,Normal
1114866,703201,6021,2022-01-10,15.11,mmol/L,Low
1114867,702966,6023,2023-01-14,43.4,mmHg,Normal
1114868,700781,6008,2021-12-11,11.02,mmHg,Normal
1114869,704763,6009,2025-09-10,14.07,g/dL,Normal
1114870,705019,6018,2022-06-28,52.83,mmHg,High
1114871,702911,6017,2023-06-06,16.21,%,Normal
1114872,700600,6022,2025-04-11,18.09,g/dL,Normal
1114873,704658,6003,2022-03-16,11.22,U/L,Normal
1114874,704637,6002,2024-11-22,8.41,%,Normal
1114875,702364,6025,2022-11-04,23.86,mmol/L,Low
1114876,702259,6003,2024-10-03,24.02,U/L,Normal
1114877,702110,6019,2025-05-23,35.05,U/L,Normal
1114878,702085,6006,2023-06-07,15.26,mmHg,Normal
1114879,701846,6008,2022-03-14,8.07,g/dL,High
1114880,700266,6015,2024-06-22,12.01,mmHg,Normal
1114881,700372,6010,2024-12-18,81.66,mg/dL,Normal
1114882,704964,6026,2023-09-29,12.8,g/dL,Normal
1114883,705785,6007,2021-03-15,12.88,%,Normal
1114884,701097,6021,2024-05-08,9.81,U/L,Normal
1114885,702119,6007,2023-01-11,19.61,mmHg,High
1114886,702406,6010,2024-05-10,19.3,mg/dL,Normal
1114887,706010,6010,2024-10-22,131.6,g/dL,Normal
1114888,705666,6015,2022-04-24,21.42,mmol/L,Normal
1114889,700755,6006,2024-08-04,41.8,g/dL,Normal
1114890,705971,6008,2022-01-01,45.5,mmHg,Low
1114891,702345,6006,2025-05-07,21.46,U/L,Normal
1114892,704497,6005,2021-08-05,8.62,mg/dL,Normal
1114893,703832,6014,2021-03-13,7.87,mmol/L,Normal
1114894,703238,6013,2025-09-04,38.9,g/dL,Normal
1114895,706427,6011,2022-12-24,16.0,%,Normal
1114896,704901,6024,2021-12-04,30.03,mmol/L,Normal
1114897,703221,6016,2022-05-17,11.31,mg/dL,Critical
1114898,701231,6017,2022-11-01,12.21,U/L,High
1114899,702582,6025,2022-03-30,56.68,mmHg,Critical
1114900,704591,6017,2024-05-06,33.85,mg/dL,High
1114901,703462,6013,2021-12-27,10.5,%,Normal
1114902,701660,6004,2022-06-07,20.19,mmol/L,Low
1114903,703387,6009,2022-08-20,14.1,U/L,Normal
1114904,705313,6001,2024-05-29,16.21,g/dL,Normal
1114905,705818,6005,2023-07-02,18.75,mmHg,Normal
1114906,702176,6013,2024-10-20,6.38,g/dL,Normal
1114907,701802,6002,2021-05-21,15.89,mmol/L,Normal
1114908,705163,6019,2022-04-07,19.05,mmHg,Normal
1114909,703077,6011,2023-08-08,14.42,mmHg,Normal
1114910,703735,6008,2025-06-01,18.3,mmol/L,Normal
1114911,705271,6017,2021-09-08,22.9,%,Normal
1114912,706311,6021,2024-07-23,25.7,U/L,High
1114913,702537,6020,2023-02-21,6.89,g/dL,Normal
1114914,706376,6026,2024-08-01,15.19,g/dL,High
1114915,704827,6002,2024-08-18,11.88,%,Normal
1114916,704135,6007,2022-11-10,30.59,mmol/L,Normal
1114917,703276,6023,2023-10-11,7.64,U/L,Normal
1114918,703779,6004,2023-06-05,33.09,mmHg,Normal
1114919,700369,6008,2022-05-15,22.77,U/L,Normal
1114920,702121,6007,2023-01-26,12.59,U/L,High
1114921,703025,6021,2022-03-10,110.08,g/dL,Normal
1114922,701871,6020,2023-07-21,15.61,mmHg,Normal
1114923,705083,6022,2025-12-02,12.15,g/dL,Normal
1114924,700017,6016,2021-11-24,35.22,U/L,Normal
1114925,702504,6008,2023-04-13,21.19,mg/dL,Normal
1114926,700015,6019,2023-11-13,3.76,mg/dL,Normal
1114927,705833,6024,2022-06-19,,mmol/L,High
1114928,700070,6010,2025-06-04,39.97,mmol/L,Critical
1114929,701005,6016,2023-01-19,28.54,%,Critical
1114930,705175,6003,2025-09-08,7.43,mg/dL,Normal
1114931,704616,6005,2021-11-04,21.91,U/L,Normal
1114932,704763,6012,2021-08-06,27.32,U/L,Normal
1114933,700939,6015,2021-02-01,15.01,mg/dL,Normal
1114934,703301,6006,2022-10-07,9.96,U/L,Normal
1114935,703815,6009,2021-11-02,32.04,g/dL,Normal
1114936,701071,6018,2025-03-12,12.0,mg/dL,Low
1114937,705497,6021,2022-07-14,16.18,U/L,Low
1114938,704239,6015,2024-02-14,26.45,U/L,Normal
1114939,703004,6003,2022-10-01,29.48,%,Normal
1114940,701181,6005,2023-10-07,24.06,mg/dL,High
1114941,700578,6011,2022-01-30,37.83,g/dL,High
1114942,703551,6017,2025-02-27,8.13,g/dL,Normal
1114943,704476,6024,2023-03-18,22.04,g/dL,High
1114944,704013,6024,2023-05-24,5.89,g/dL,Normal
1114945,703268,6012,2024-02-01,27.97,mmol/L,Normal
1114946,701114,6007,2023-10-30,27.15,mmHg,Normal
1114947,704624,6016,2021-04-13,17.25,mmHg,Normal
1114948,701538,6006,2024-06-24,16.08,g/dL,Normal
1114949,701884,6013,2021-11-03,13.72,g/dL,Normal
1114950,703100,6019,2024-10-16,42.55,mg/dL,Normal
1114951,703832,6014,2021-11-14,25.25,%,Normal
1114952,702352,6006,2022-12-05,24.86,mmol/L,Normal
1114953,701639,6015,2024-09-23,29.05,U/L,Normal
1114954,705502,6002,2024-08-06,26.54,U/L,Normal
1114955,704504,6004,2023-03-02,19.25,g/dL,Normal
1114956,704210,6020,2023-03-12,13.78,mmHg,Critical
1114957,704539,6009,2021-02-09,18.98,%,Normal
1114958,706122,6001,2022-12-23,13.35,mg/dL,Critical
1114959,704123,6020,2021-02-20,29.23,mg/dL,Normal
1114960,701450,6004,2025-09-27,18.12,g/dL,Normal
1114961,703628,6012,2022-04-20,6.74,%,Normal
1114962,704344,6012,2022-05-26,26.26,mmol/L,Normal
1114963,704929,6018,2025-02-12,37.83,mmol/L,Normal
1114964,704828,6019,2023-07-02,25.7,mmHg,High
1114965,704677,6001,2022-10-31,40.81,mmol/L,High
1114966,705908,6010,2022-12-07,31.95,%,Normal
1114967,703769,6004,2022-04-03,33.28,U/L,Normal
1114968,701161,6007,2022-12-13,14.67,mmol/L,Normal
1114969,704469,6006,2025-09-12,35.46,g/dL,Normal
1114970,702715,6019,2022-11-22,11.29,mmHg,Normal
1114971,703323,6019,2024-04-12,29.39,mmol/L,Normal
1114972,702888,6017,2025-09-24,12.59,mmol/L,Normal
1114973,701588,6026,2022-07-30,29.76,mmol/L,Normal
1114974,704050,6022,2024-12-16,30.04,mmol/L,High
1114975,703271,6016,2021-04-26,19.7,mmol/L,Normal
1114976,703481,6022,2023-04-05,28.81,mg/dL,Normal
1114977,702200,6006,2022-05-14,7.0,U/L,Normal
1114978,706346,6012,2022-02-26,23.43,g/dL,High
1114979,700655,6014,2024-06-10,53.82,mmol/L,High
1114980,702598,6011,2023-12-29,18.07,mg/dL,Normal
1114981,701020,6001,2023-09-20,16.09,%,High
1114982,700889,6025,2025-06-06,24.25,mmol/L,Normal
1114983,701127,6014,2024-09-22,48.87,U/L,Normal
1114984,706118,6012,2024-09-27,28.75,g/dL,Normal
1114985,704928,6023,2025-11-03,20.94,g/dL,Low
1114986,702112,6018,2023-10-17,30.01,U/L,Normal
1114987,701654,6017,2021-06-20,14.47,U/L,Normal
1114988,704007,6004,2023-10-25,8.58,mmol/L,Normal
1114989,705777,6014,2022-01-22,9.67,mmHg,Normal
1114990,705997,6026,2023-07-05,15.77,g/dL,High
1114991,705461,6026,2024-07-13,27.17,%,High
1114992,705439,6012,2022-07-25,25.33,mmol/L,High
1114993,702132,6012,2023-09-18,6.79,g/dL,Normal
1114994,702393,6026,2022-04-10,17.88,mmol/L,Normal
1114995,700196,6025,2023-10-03,13.52,mmol/L,Normal
1114996,702206,6021,2022-01-21,16.68,g/dL,Low
1114997,705804,6010,2024-04-03,14.08,mmol/L,Normal
1114998,700312,6006,2023-04-30,13.94,mmHg,Normal
1114999,704112,6026,2025-12-23,7.41,g/dL,Low
1115000,701949,6012,2025-08-08,23.87,mg/dL,Normal
1115001,702041,6021,2023-10-10,25.81,g/dL,Normal
1115002,700758,6002,2022-03-16,12.28,mmHg,Normal
1115003,701292,6015,2024-11-25,43.05,U/L,Normal
1115004,700785,6020,2023-08-07,17.48,g/dL,Normal
1115005,700089,6022,2025-05-11,87.85,U/L,Low
1115006,700785,6017,2023-01-22,6.19,U/L,Low
1115007,700445,6005,2021-07-28,48.75,U/L,Normal
1115008,704073,6006,2024-02-27,8.77,mg/dL,Low
1115009,700107,6018,2022-07-22,33.78,U/L,Normal
1115010,704099,6015,2025-03-12,32.81,%,Critical
1115011,702450,6011,2023-06-02,3.53,U/L,Normal
1115012,702345,6004,2024-01-09,6.38,mmol/L,Low
1115013,704791,6002,2024-10-31,95.7,%,Low
1115014,705953,6024,2025-03-02,20.04,U/L,Low
1115015,703384,6011,2024-03-21,13.2,mmol/L,High
1115016,700771,6015,2024-05-07,28.83,mg/dL,Normal
1115017,703421,6011,2025-05-29,8.43,mg/dL,Normal
1115018,702702,6008,2024-02-29,60.37,mmHg,Normal
1115019,702007,6010,2024-02-15,23.85,mmol/L,Low
1115020,704146,6020,2022-09-23,24.94,mg/dL,Normal
1115021,704324,6025,2025-02-17,45.05,U/L,High
1115022,705620,6010,2021-11-15,11.44,U/L,Low
1115023,704256,6014,2021-12-19,25.65,%,Normal
1115024,701269,6009,2024-07-23,,g/dL,Normal
1115025,705966,6014,2025-03-10,20.49,g/dL,Normal
1115026,704457,6020,2025-10-01,18.11,mmol/L,Low
1115027,702433,6015,2021-03-30,29.79,%,Normal
1115028,700398,6001,2022-05-01,10.52,mmHg,Normal
1115029,702691,6015,2022-10-12,27.46,mmol/L,Normal
1115030,701040,6008,2022-05-22,17.56,%,Normal
1115031,701840,6025,2023-04-26,12.71,mg/dL,Normal
1115032,703573,6006,2022-11-22,32.55,mmHg,Normal
1115033,702846,6023,2022-09-01,24.52,g/dL,Normal
1115034,700803,6024,2024-11-06,30.48,mg/dL,High
1115035,703992,6018,2025-12-09,7.56,mg/dL,Low
1115036,702651,6004,2021-01-18,11.09,mg/dL,Low
1115037,702180,6005,2024-06-05,8.56,mmol/L,Low
1115038,704340,6011,2023-01-07,32.63,mg/dL,Critical
1115039,705047,6020,2024-11-19,24.0,g/dL,Normal
1115040,700347,6014,2021-12-17,13.25,mg/dL,Normal
1115041,701554,6003,2021-01-12,19.53,%,Normal
1115042,703762,6022,2022-12-31,18.38,g/dL,Normal
1115043,704842,6015,2021-07-21,32.19,mmHg,Normal
1115044,706040,6007,2022-03-23,32.89,mg/dL,High
1115045,700829,6010,2022-03-16,15.07,mmol/L,Normal
1115046,705132,6020,2021-11-03,11.74,U/L,High
1115047,703476,6020,2021-09-30,128.21,U/L,Normal
1115048,703741,6006,2021-03-03,,U/L,Normal
1115049,704462,6010,2023-12-16,5.68,mg/dL,Normal
1115050,702135,6022,2023-07-04,93.63,mmHg,Normal
1115051,705011,6021,2021-09-06,28.2,g/dL,Normal
1115052,705339,6021,2021-09-26,18.02,mg/dL,High
1115053,703887,6023,2022-12-23,33.81,mmHg,Low
1115054,700458,6026,2021-07-08,19.87,U/L,Normal
1115055,701127,6005,2023-12-03,25.53,%,Normal
1115056,704736,6020,2021-09-22,18.58,g/dL,Low
1115057,705728,6007,2022-04-13,18.4,U/L,Normal
1115058,703862,6007,2021-10-22,13.72,mmol/L,High
1115059,700793,6001,2024-06-29,21.21,g/dL,Normal
1115060,705380,6001,2024-12-04,12.35,mmHg,High
1115061,701882,6022,2022-10-08,49.89,mg/dL,Low
1115062,705117,6025,2023-10-21,17.81,mg/dL,Low
1115063,703633,6003,2025-01-31,11.86,%,Normal
1115064,704320,6024,2022-11-07,11.58,%,Normal
1115065,706412,6021,2022-08-29,37.31,%,Normal
1115066,704410,6001,2023-01-21,13.91,mmol/L,Normal
1115067,700295,6022,2021-09-15,31.46,g/dL,Normal
1115068,705193,6020,2021-07-13,36.29,U/L,High
1115069,706302,6017,2021-01-05,16.64,U/L,Normal
1115070,700859,6015,2021-12-08,17.69,%,Normal
1115071,705313,6003,2024-09-29,34.53,mmol/L,Normal
1115072,704721,6017,2023-08-24,6.12,g/dL,Normal
1115073,702671,6004,2024-07-08,26.26,%,Normal
1115074,703245,6005,2023-07-30,8.72,%,Low
1115075,702765,6005,2025-05-05,41.86,g/dL,High
1115076,700537,6012,2024-03-22,20.22,mg/dL,Normal
1115077,705360,6015,2025-07-22,5.2,g/dL,Normal
1115078,702876,6024,2021-01-08,29.0,%,Normal
1115079,701333,6025,2024-03-21,19.41,g/dL,Normal
1115080,702314,6002,2023-04-05,12.57,%,Normal
1115081,706211,6012,2023-11-28,62.2,mg/dL,Normal
1115082,703815,6024,2023-05-06,40.48,g/dL,Normal
1115083,706111,6020,2023-04-30,10.93,%,Normal
1115084,702211,6006,2023-06-25,6.25,mmol/L,Normal
1115085,705245,6020,2025-03-31,29.87,%,Normal
1115086,704736,6018,2025-08-20,41.1,mmHg,Normal
1115087,703808,6009,2025-09-30,24.51,mmol/L,Low
1115088,704220,6026,2025-03-16,20.87,mg/dL,Normal
1115089,702791,6002,2025-05-08,4.82,mmol/L,Low
1115090,703941,6017,2024-04-10,10.52,mmHg,Normal
1115091,703913,6011,2024-09-17,22.55,mg/dL,Low
1115092,703004,6012,2022-03-11,5.08,U/L,Normal
1115093,706036,6006,2025-05-29,53.41,mmol/L,Normal
1115094,701521,6010,2024-03-14,21.08,U/L,Normal
1115095,704979,6017,2021-11-01,6.06,%,Normal
1115096,703541,6017,2021-09-16,29.55,U/L,High
1115097,700500,6008,2023-11-17,25.06,g/dL,Normal
1115098,701125,6013,2025-09-20,17.24,mg/dL,Critical
1115099,701928,6024,2022-10-22,23.5,g/dL,Normal
1115100,700671,6006,2021-08-23,15.61,%,Low
1115101,700110,6026,2024-11-02,26.07,%,Normal
1115102,705037,6020,2021-07-02,26.09,U/L,Low
1115103,705329,6014,2023-11-02,17.21,mmHg,Critical
1115104,700242,6017,2021-08-02,21.75,U/L,Normal
1115105,704837,6009,2022-08-21,18.16,mmol/L,Low
1115106,700980,6023,2024-07-15,5.14,mg/dL,Normal
1115107,703212,6001,2022-12-18,16.04,mmol/L,Normal
1115108,706079,6002,2021-03-30,21.29,mmol/L,High
1115109,703550,6006,2024-05-03,12.76,%,High
1115110,704881,6010,2021-05-22,10.24,g/dL,Normal
1115111,703202,6001,2021-07-29,4.51,mg/dL,Normal
1115112,705202,6004,2022-05-30,20.69,mg/dL,Low
1115113,701479,6020,2022-01-02,15.03,mg/dL,Normal
1115114,704403,6020,2024-09-18,,mmol/L,Normal
1115115,705618,6021,2024-05-15,17.66,U/L,Normal
1115116,705032,6010,2024-04-10,6.21,mmol/L,Normal
1115117,703955,6012,2023-01-28,54.09,mmHg,Normal
1115118,703400,6024,2022-05-01,17.82,mg/dL,High
1115119,705185,6017,2025-04-12,10.46,%,Normal
1115120,701737,6021,2024-03-11,57.79,mmHg,Normal
1115121,704825,6012,2025-05-19,29.52,g/dL,Normal
1115122,703603,6023,2022-11-05,8.08,U/L,Normal
1115123,705090,6009,2025-04-30,8.34,U/L,Low
1115124,704274,6007,2022-10-02,18.65,mg/dL,Normal
1115125,700234,6004,2023-01-23,9.36,mg/dL,Normal
1115126,703650,6012,2022-11-28,9.11,mmHg,Normal
1115127,702498,6006,2025-06-14,50.31,mmol/L,Low
1115128,701232,6024,2024-12-10,27.61,mmHg,High
1115129,701408,6017,2023-03-29,10.21,U/L,High
1115130,702013,6021,2021-06-02,8.59,U/L,Normal
1115131,701046,6017,2023-06-13,4.27,mg/dL,Normal
1115132,701227,6024,2025-04-25,61.24,%,Low
1115133,703556,6016,2022-11-09,10.84,mg/dL,Normal
1115134,702293,6016,2022-09-20,32.75,%,Low
1115135,706246,6011,2022-06-02,37.98,U/L,High
1115136,705510,6018,2025-11-11,22.63,U/L,Normal
1115137,704213,6020,2023-06-16,32.73,mg/dL,Normal
1115138,702631,6004,2025-04-20,6.05,%,Normal
1115139,700415,6018,2025-08-04,10.08,mmol/L,Normal
1115140,705286,6024,2022-11-20,6.76,mg/dL,Normal
1115141,705513,6023,2023-10-20,36.72,mmHg,Low
1115142,701165,6011,2021-12-21,6.28,g/dL,Normal
1115143,700708,6025,2023-01-17,12.38,mmHg,High
1115144,702728,6023,2024-10-01,24.73,mg/dL,Normal
1115145,705946,6022,2021-02-23,4.75,%,Normal
1115146,702798,6023,2024-06-09,6.61,mg/dL,Normal
1115147,701114,6023,2023-10-31,38.68,mmHg,High
1115148,701289,6017,2024-11-18,14.89,mmol/L,Normal
1115149,701913,6013,2023-04-16,,mmHg,Normal
1115150,704732,6004,2022-07-19,19.99,%,Low
1115151,700747,6025,2025-01-05,8.44,U/L,High
1115152,703948,6017,2025-07-05,36.2,mmol/L,Low
1115153,702175,6011,2024-09-19,12.17,%,Normal
1115154,702004,6021,2023-08-05,12.46,%,Normal
1115155,702728,6016,2023-09-13,18.93,mmHg,Normal
1115156,700980,6020,2021-08-18,46.74,g/dL,Normal
1115157,700906,6002,2025-07-12,7.0,mmol/L,Normal
1115158,705418,6008,2025-02-20,54.2,mmHg,Normal
1115159,703445,6013,2021-05-18,17.68,mg/dL,High
1115160,706437,6026,2021-11-27,13.11,%,Low
1115161,700612,6018,2024-01-18,8.59,%,Normal
1115162,703267,6006,2023-05-12,42.41,mmHg,Normal
1115163,704141,6005,2025-11-30,10.46,U/L,Normal
1115164,704157,6014,2024-11-03,8.23,U/L,Normal
1115165,701343,6020,2022-03-15,7.31,U/L,Normal
1115166,701234,6008,2025-09-24,7.52,%,Normal
1115167,703240,6024,2025-06-21,14.29,g/dL,Normal
1115168,705150,6004,2025-08-20,28.83,%,Normal
1115169,702665,6001,2021-08-10,20.46,mmHg,High
1115170,703121,6013,2025-04-03,15.89,U/L,Normal
1115171,705207,6024,2022-01-29,32.26,U/L,Normal
1115172,703991,6020,2023-01-07,8.67,mmHg,Normal
1115173,705065,6011,2024-08-21,20.47,U/L,Normal
1115174,700050,6007,2022-01-11,,mg/dL,Critical
1115175,705673,6009,2022-03-10,65.83,%,Critical
1115176,705482,6014,2023-10-30,22.88,mg/dL,Normal
1115177,701021,6002,2021-05-22,66.53,g/dL,Normal
1115178,703738,6019,2021-07-19,54.54,mmHg,Normal
1115179,706161,6018,2024-09-20,17.03,mmol/L,Normal
1115180,702759,6019,2024-01-13,52.58,mmol/L,Normal
1115181,706419,6014,2021-11-05,99.05,mg/dL,Normal
1115182,705650,6017,2025-10-28,34.99,g/dL,Normal
1115183,700905,6004,2025-07-03,44.77,g/dL,Normal
1115184,704188,6003,2022-01-31,9.89,g/dL,Normal
1115185,703741,6026,2022-08-16,18.7,U/L,Low
1115186,703275,6025,2024-10-19,22.86,%,Normal
1115187,700340,6001,2021-04-01,10.34,mmol/L,High
1115188,704113,6019,2024-12-10,70.03,%,Normal
1115189,702548,6010,2021-09-18,10.58,mg/dL,High
1115190,700953,6004,2024-03-26,6.31,%,Critical
1115191,703196,6014,2024-05-13,22.8,mmol/L,High
1115192,703788,6007,2022-01-01,69.15,U/L,Normal
1115193,706475,6006,2025-09-16,35.23,g/dL,Normal
1115194,701842,6022,2024-05-10,17.71,g/dL,Normal
1115195,705478,6010,2023-07-24,7.22,mg/dL,Normal
1115196,704467,6024,2022-12-22,27.34,g/dL,Normal
1115197,704870,6004,2024-12-05,26.31,mmHg,Low
1115198,701903,6013,2025-06-10,32.74,U/L,Normal
1115199,706139,6011,2023-06-11,13.25,%,Normal
1115200,705574,6007,2023-01-23,,g/dL,Normal
1115201,704189,6008,2024-08-08,26.98,mmol/L,Normal
1115202,701033,6013,2025-12-01,45.71,mg/dL,Normal
1115203,700582,6007,2024-02-19,9.96,U/L,Normal
1115204,703366,6011,2024-09-04,56.63,mmHg,Normal
1115205,703439,6025,2025-02-22,11.53,mmHg,Normal
1115206,705184,6001,2023-06-09,39.68,g/dL,Low
1115207,700341,6019,2025-03-19,97.85,%,Normal
1115208,702684,6017,2023-08-26,27.85,U/L,Normal
1115209,700264,6004,2021-03-08,13.1,%,Low
1115210,701481,6003,2022-09-21,24.6,%,Normal
1115211,701252,6018,2025-06-05,19.21,mmol/L,Normal
1115212,700946,6025,2025-12-06,48.12,mmol/L,Normal
1115213,703231,6003,2023-03-13,4.53,g/dL,Normal
1115214,700126,6013,2025-06-12,21.94,g/dL,Low
1115215,701181,6013,2022-10-12,19.95,U/L,Normal
1115216,702210,6014,2024-04-13,26.89,mmol/L,Normal
1115217,702854,6010,2021-07-03,22.88,mg/dL,High
1115218,706464,6025,2025-02-04,7.44,mmol/L,Normal
1115219,705731,6021,2022-05-25,27.4,mmol/L,Normal
1115220,703343,6024,2022-09-09,40.6,g/dL,Normal
1115221,700722,6002,2021-07-05,16.69,mmol/L,Normal
1115222,704527,6005,2025-02-21,11.47,g/dL,Normal
1115223,705808,6014,2023-09-03,10.8,%,Normal
1115224,701857,6020,2021-02-07,14.35,%,Normal
1115225,706213,6005,2022-12-23,11.93,mmol/L,Normal
1115226,704688,6012,2022-03-03,82.23,mmol/L,High
1115227,705388,6010,2022-07-30,66.64,g/dL,Normal
1115228,703187,6016,2024-04-10,11.85,mg/dL,Normal
1115229,701727,6001,2023-08-09,19.44,mmHg,High
1115230,700961,6014,2024-04-13,66.02,mg/dL,Low
1115231,702989,6018,2025-04-03,25.57,U/L,Normal
1115232,700812,6005,2021-07-12,16.29,U/L,Normal
1115233,701385,6015,2024-07-25,21.93,%,Normal
1115234,702241,6001,2025-10-16,36.26,g/dL,Normal
1115235,704063,6016,2024-04-07,14.45,mmol/L,High
1115236,701535,6015,2025-06-17,6.76,mmol/L,Normal
1115237,701830,6012,2022-09-05,7.82,g/dL,Normal
1115238,702574,6025,2022-12-21,9.9,%,High
1115239,702871,6007,2025-01-07,52.65,mmol/L,Low
1115240,706303,6009,2024-09-28,33.97,%,Normal
1115241,700433,6004,2023-10-31,26.7,mmHg,Normal
1115242,705397,6010,2021-08-16,6.92,mmol/L,Low
1115243,705394,6021,2025-08-11,21.81,%,Low
1115244,705679,6020,2023-09-07,28.41,mmHg,Normal
1115245,700090,6012,2022-05-27,29.6,g/dL,Normal
1115246,704526,6022,2025-03-08,11.68,%,Normal
1115247,703338,6015,2024-09-19,27.41,g/dL,Normal
1115248,701119,6003,2023-11-27,76.52,mmol/L,Normal
1115249,702694,6020,2025-08-17,27.06,%,Normal
1115250,701114,6026,2024-08-14,16.95,mmHg,Normal
1115251,703510,6026,2023-06-29,12.39,mmol/L,Critical
1115252,701814,6026,2022-06-08,8.37,U/L,Normal
1115253,705784,6023,2021-01-05,6.55,g/dL,Normal
1115254,700808,6022,2023-05-27,5.46,%,Normal
1115255,704084,6023,2023-11-09,34.38,mmHg,Normal
1115256,703915,6013,2022-07-04,53.08,mmol/L,Normal
1115257,704829,6018,2025-02-13,15.71,%,Normal
1115258,700585,6022,2021-08-06,26.66,U/L,Normal
1115259,704328,6020,2023-07-28,15.43,mmHg,Normal
1115260,703016,6024,2022-07-06,10.76,g/dL,Normal
1115261,701569,6014,2024-10-25,13.85,%,Normal
1115262,701022,6014,2025-08-18,20.48,g/dL,Normal
1115263,705948,6003,2021-12-25,17.1,%,Low
1115264,702898,6013,2025-03-16,35.36,U/L,Low
1115265,701217,6003,2022-11-20,11.87,g/dL,Normal
1115266,700966,6002,2023-08-11,30.46,g/dL,Normal
1115267,700471,6002,2025-07-07,81.59,mmHg,High
1115268,703810,6010,2022-07-29,20.27,mmol/L,Normal
1115269,703069,6019,2025-01-15,20.81,g/dL,Normal
1115270,702408,6024,2022-05-01,12.87,U/L,Low
1115271,702381,6006,2025-11-23,13.72,U/L,Normal
1115272,703542,6015,2025-05-03,13.61,%,Normal
1115273,701708,6002,2022-03-09,51.88,mmol/L,Normal
1115274,705874,6026,2025-07-02,14.27,mmHg,High
1115275,704997,6005,2024-12-06,59.37,mg/dL,Normal
1115276,701843,6015,2022-02-19,35.1,%,Normal
1115277,704069,6020,2021-07-08,40.97,g/dL,Normal
1115278,702664,6006,2021-03-16,55.39,mg/dL,High
1115279,705358,6012,2022-12-18,49.71,mmHg,Normal
1115280,703400,6006,2023-10-06,11.18,mmHg,Low
1115281,701121,6023,2022-07-01,14.23,%,Normal
1115282,704491,6016,2022-01-16,40.31,g/dL,Normal
1115283,700186,6024,2024-02-12,16.22,%,Normal
1115284,706393,6020,2024-01-25,25.26,mg/dL,Low
1115285,703456,6006,2024-06-29,22.89,U/L,High
1115286,702097,6002,2023-08-08,24.38,U/L,Critical
1115287,705247,6022,2023-08-23,9.6,%,Normal
1115288,705842,6012,2023-09-29,41.99,%,Normal
1115289,701147,6018,2021-02-23,7.37,mmHg,High
1115290,701752,6008,2023-09-05,10.55,%,High
1115291,706065,6026,2022-11-15,29.89,%,High
1115292,702746,6006,2021-11-27,28.43,%,Normal
1115293,702473,6022,2021-01-05,44.29,g/dL,Normal
1115294,700031,6018,2023-07-28,24.85,%,Normal
1115295,702995,6018,2023-12-29,7.95,mmHg,Low
1115296,700229,6023,2022-09-24,32.36,%,High
1115297,702823,6026,2022-11-14,21.39,mmHg,Normal
1115298,701993,6006,2022-04-19,24.22,mg/dL,Normal
1115299,705824,6006,2022-03-09,8.71,U/L,Low
1115300,701679,6020,2023-07-23,135.53,mg/dL,Low
1115301,703543,6010,2022-06-13,5.08,U/L,Normal
1115302,702704,6007,2025-01-11,26.89,%,Low
1115303,702616,6006,2024-10-04,22.57,g/dL,Normal
1115304,702417,6017,2022-04-12,13.09,mg/dL,High
1115305,704900,6014,2022-03-15,31.71,U/L,Normal
1115306,702105,6012,2025-09-30,20.41,mg/dL,Normal
1115307,704849,6026,2025-10-02,16.76,%,Critical
1115308,702974,6021,2022-01-18,10.96,mg/dL,Normal
1115309,705039,6007,2022-04-03,26.45,U/L,High
1115310,705714,6013,2021-09-23,96.52,g/dL,Normal
1115311,704068,6003,2021-11-29,18.05,g/dL,Normal
1115312,701800,6019,2021-09-14,44.52,mmHg,High
1115313,705466,6013,2024-07-18,25.47,g/dL,High
1115314,703542,6015,2024-08-10,12.62,g/dL,Low
1115315,705964,6015,2024-04-13,24.57,mmol/L,High
1115316,703035,6017,2025-12-04,10.57,g/dL,Normal
1115317,702512,6009,2025-06-14,15.02,mmol/L,Normal
1115318,701451,6007,2022-10-13,8.62,mmHg,Normal
1115319,702834,6025,2021-11-11,16.75,%,Low
1115320,705999,6020,2021-01-18,15.99,mmol/L,High
1115321,700696,6013,2021-08-09,40.24,mmHg,High
1115322,701255,6007,2022-06-19,20.07,mmol/L,Normal
1115323,705899,6025,2024-05-02,29.63,mg/dL,Normal
1115324,704834,6006,2022-08-09,10.4,U/L,Normal
1115325,701894,6008,2022-04-21,35.31,U/L,Normal
1115326,703573,6023,2025-08-27,24.78,mmol/L,High
1115327,703450,6011,2023-03-18,44.28,g/dL,Low
1115328,705501,6022,2024-10-26,31.36,g/dL,Critical
1115329,705937,6022,2021-02-07,42.08,mmHg,Normal
1115330,702954,6023,2023-04-17,127.81,%,Normal
1115331,701021,6018,2021-01-04,16.62,%,Normal
1115332,706357,6023,2023-08-13,17.71,mg/dL,Normal
1115333,701385,6006,2023-02-08,21.13,mg/dL,High
1115334,703467,6009,2025-04-08,21.42,U/L,Normal
1115335,703939,6015,2025-09-28,10.6,g/dL,High
1115336,700395,6002,2025-06-01,16.42,mmol/L,High
1115337,700508,6005,2025-10-17,32.18,g/dL,Normal
1115338,703376,6022,2021-03-09,32.12,g/dL,High
1115339,700201,6014,2024-08-09,7.3,g/dL,High
1115340,702258,6014,2022-12-26,13.27,mmol/L,Normal
1115341,705212,6024,2024-04-13,22.37,U/L,Low
1115342,705077,6010,2025-04-27,9.78,U/L,Low
1115343,703179,6017,2025-10-15,27.38,%,High
1115344,704545,6012,2024-09-19,21.84,mmHg,High
1115345,701152,6007,2022-05-17,53.76,%,Normal
1115346,703389,6004,2025-04-07,44.25,%,Normal
1115347,705853,6020,2024-02-19,27.23,U/L,High
1115348,701679,6008,2024-07-02,33.21,%,Normal
1115349,703366,6026,2021-05-22,13.55,mg/dL,High
1115350,702717,6025,2021-02-11,6.96,g/dL,Normal
1115351,703114,6011,2022-01-24,6.57,%,Normal
1115352,702381,6015,2025-02-03,8.19,mg/dL,Critical
1115353,706203,6007,2025-11-30,4.33,mg/dL,High
1115354,701769,6001,2022-07-31,8.56,mg/dL,Low
1115355,704910,6016,2025-06-20,12.39,mg/dL,High
1115356,705160,6020,2022-06-06,46.82,mmHg,Normal
1115357,703709,6017,2024-06-17,6.11,mg/dL,Normal
1115358,703874,6015,2025-01-04,28.74,%,Normal
1115359,704211,6020,2025-03-10,11.98,mg/dL,Normal
1115360,705933,6016,2025-11-01,19.11,mg/dL,Normal
1115361,701976,6001,2021-02-13,26.82,%,Normal
1115362,704426,6005,2023-07-28,13.75,g/dL,Normal
1115363,706402,6019,2025-02-15,6.4,U/L,Normal
1115364,702304,6017,2024-01-05,30.85,g/dL,Normal
1115365,704912,6018,2021-09-30,20.28,mmol/L,Normal
1115366,705786,6003,2021-07-08,46.17,mmHg,Normal
1115367,700846,6006,2021-01-03,13.78,mmHg,Critical
1115368,702475,6006,2023-09-21,35.59,U/L,Normal
1115369,702914,6005,2022-02-16,11.69,mg/dL,Normal
1115370,701973,6007,2022-09-27,71.65,mmol/L,Normal
1115371,700244,6021,2024-03-01,12.93,%,Normal
1115372,700440,6002,2022-08-05,25.02,g/dL,Low
1115373,704806,6020,2021-10-24,18.24,mmHg,High
1115374,706107,6026,2021-04-07,23.66,U/L,High
1115375,701757,6002,2025-01-06,15.61,g/dL,Normal
1115376,703833,6016,2025-12-30,38.19,mmHg,Normal
1115377,705061,6001,2025-01-29,12.48,g/dL,Normal
1115378,704487,6006,2022-06-26,13.17,mmol/L,Low
1115379,701104,6020,2022-12-26,13.72,%,Normal
1115380,701966,6011,2023-10-18,15.2,mmol/L,Normal
1115381,703865,6020,2025-09-20,22.73,%,Low
1115382,704783,6002,2024-02-16,10.08,mg/dL,Normal
1115383,704614,6024,2025-10-06,18.3,g/dL,Low
1115384,700524,6023,2021-05-29,29.84,%,Normal
1115385,703780,6021,2022-03-31,41.09,mg/dL,Normal
1115386,701860,6005,2023-03-27,55.97,mmHg,Normal
1115387,705993,6020,2024-01-10,23.44,g/dL,High
1115388,704266,6002,2024-01-03,20.54,mg/dL,Normal
1115389,701403,6020,2023-08-07,5.97,mg/dL,High
1115390,702259,6017,2023-12-30,20.89,mmol/L,High
1115391,701846,6002,2025-07-26,9.31,g/dL,Normal
1115392,704807,6016,2024-07-22,31.78,g/dL,Normal
1115393,705256,6022,2025-07-04,8.15,%,Normal
1115394,700443,6018,2023-06-27,14.21,mg/dL,Normal
1115395,705875,6011,2021-04-14,9.88,%,Low
1115396,705061,6010,2024-09-28,29.46,mmol/L,Critical
1115397,706459,6024,2021-03-22,31.57,U/L,High
1115398,702222,6024,2022-09-05,7.89,mmol/L,Normal
1115399,700799,6002,2021-04-09,11.88,g/dL,Critical
1115400,701431,6020,2023-01-08,36.78,%,Low
1115401,701850,6024,2022-11-01,31.46,g/dL,Critical
1115402,704764,6021,2021-06-01,21.49,mmHg,Normal
1115403,704650,6022,2025-04-03,15.12,mmol/L,Normal
1115404,704654,6022,2025-04-19,67.38,mg/dL,High
1115405,704795,6020,2021-05-02,32.1,mg/dL,High
1115406,702277,6001,2024-01-08,15.18,mg/dL,Normal
1115407,701467,6006,2023-12-19,30.66,U/L,Normal
1115408,703935,6018,2024-06-12,13.94,mg/dL,Low
1115409,703398,6024,2023-07-16,8.63,g/dL,Normal
1115410,701431,6013,2025-07-26,6.98,%,Normal
1115411,700620,6005,2024-11-28,31.76,%,Normal
1115412,704549,6008,2022-12-27,78.31,g/dL,Normal
1115413,700222,6007,2024-07-15,16.47,g/dL,Low
1115414,701481,6008,2024-08-21,23.13,g/dL,Normal
1115415,703851,6018,2022-01-16,10.54,%,Normal
1115416,702030,6023,2023-06-22,24.15,mmHg,Normal
1115417,701024,6006,2022-11-04,23.0,mmHg,High
1115418,700854,6026,2023-10-09,28.29,mmol/L,Normal
1115419,705099,6006,2023-10-28,43.86,%,Normal
1115420,701595,6018,2023-05-18,31.13,mg/dL,Normal
1115421,705063,6013,2023-03-09,24.8,U/L,High
1115422,701971,6004,2022-01-10,13.58,g/dL,Normal
1115423,700456,6024,2025-01-11,12.77,mmHg,High
1115424,704914,6009,2023-04-29,8.75,mg/dL,High
1115425,702490,6022,2022-05-22,28.57,U/L,Normal
1115426,701836,6008,2023-09-19,15.48,mmol/L,High
1115427,705712,6006,2024-05-27,22.55,mg/dL,Low
1115428,701932,6009,2022-11-23,19.35,mmHg,Low
1115429,704182,6009,2025-10-04,18.42,mmHg,Normal
1115430,703064,6024,2022-07-03,19.09,mmHg,Normal
1115431,700733,6025,2025-07-04,12.49,mmol/L,Normal
1115432,705058,6004,2021-06-03,21.1,mmol/L,Normal
1115433,705921,6021,2023-05-26,31.29,g/dL,Normal
1115434,705355,6023,2025-07-30,25.76,mg/dL,Normal
1115435,700568,6010,2023-07-20,14.0,mmHg,Normal
1115436,700261,6024,2025-08-06,7.1,mg/dL,Normal
1115437,700055,6003,2023-08-05,7.26,g/dL,Normal
1115438,702922,6021,2021-04-21,34.03,mg/dL,Normal
1115439,701155,6019,2021-02-05,20.04,mmol/L,Normal
1115440,704388,6016,2023-09-04,10.07,mg/dL,High
1115441,701559,6006,2023-11-07,13.05,g/dL,High
1115442,702942,6021,2024-09-22,8.26,g/dL,Normal
1115443,705310,6005,2023-08-24,19.0,mmol/L,High
1115444,704541,6016,2023-07-23,21.84,mmol/L,Normal
1115445,705603,6020,2025-11-12,2.86,g/dL,Normal
1115446,701911,6017,2025-06-15,9.54,g/dL,Normal
1115447,701486,6023,2025-01-06,5.93,g/dL,Normal
1115448,700197,6023,2021-07-19,14.87,g/dL,Normal
1115449,704384,6004,2021-10-24,19.44,mmol/L,Normal
1115450,703352,6024,2021-04-01,5.19,mg/dL,Low
1115451,706290,6026,2024-10-14,28.95,mmHg,Normal
1115452,705838,6021,2025-08-28,22.71,mmHg,High
1115453,705190,6017,2022-12-09,11.29,g/dL,Normal
1115454,706326,6019,2021-05-12,30.49,g/dL,Normal
1115455,700646,6010,2021-10-04,32.7,U/L,Normal
1115456,700610,6020,2021-04-15,17.09,mg/dL,Normal
1115457,703406,6020,2025-07-04,19.01,%,Normal
1115458,700936,6016,2024-06-07,23.57,mmHg,Normal
1115459,701043,6024,2025-09-10,46.51,mmHg,Normal
1115460,704735,6004,2023-02-09,24.51,mg/dL,Low
1115461,702556,6003,2023-06-12,24.6,mmHg,Normal
1115462,701679,6015,2024-05-09,32.32,mmHg,High
1115463,703845,6007,2022-12-11,9.59,g/dL,High
1115464,700638,6013,2023-04-23,16.13,%,Normal
1115465,701401,6013,2021-05-16,20.64,mmol/L,Normal
1115466,703467,6005,2024-07-28,13.69,mmHg,Normal
1115467,701177,6009,2024-11-08,33.56,mmol/L,Normal
1115468,700388,6020,2024-05-23,11.82,g/dL,Low
1115469,700443,6013,2022-08-25,19.47,%,Normal
1115470,705950,6015,2025-11-17,36.72,U/L,Normal
1115471,700855,6022,2021-12-31,11.84,mmol/L,Normal
1115472,705046,6006,2025-04-15,10.6,g/dL,Normal
1115473,703655,6001,2022-04-29,7.27,mmHg,Normal
1115474,701345,6009,2021-12-27,14.4,mmHg,Normal
1115475,700188,6008,2025-12-25,15.89,g/dL,Normal
1115476,703279,6022,2024-03-27,17.01,g/dL,High
1115477,705094,6008,2021-03-30,26.34,U/L,Normal
1115478,700841,6013,2021-09-18,8.25,mg/dL,Normal
1115479,702751,6010,2025-01-19,10.87,mg/dL,Normal
1115480,702069,6018,2022-12-20,9.94,U/L,Normal
1115481,704753,6004,2022-04-20,24.56,U/L,Normal
1115482,702311,6012,2024-06-18,13.55,%,Normal
1115483,701684,6020,2022-07-14,13.52,mmol/L,Normal
1115484,703207,6022,2023-01-06,13.5,g/dL,Normal
1115485,704812,6013,2025-04-27,8.15,g/dL,Normal
1115486,700619,6013,2024-06-10,46.81,%,Low
1115487,704717,6004,2024-02-04,42.82,mmHg,Normal
1115488,706226,6006,2022-05-28,15.32,g/dL,Normal
1115489,703896,6003,2023-01-02,11.59,%,High
1115490,706253,6019,2024-07-30,16.56,mg/dL,Normal
1115491,706183,6003,2021-08-26,12.02,mmHg,Normal
1115492,706324,6021,2021-11-11,28.89,mg/dL,Normal
1115493,703188,6021,2025-01-08,21.7,mmHg,Normal
1115494,705927,6009,2023-02-01,107.16,U/L,Normal
1115495,700133,6007,2021-12-06,17.53,mg/dL,Critical
1115496,701267,6005,2025-09-16,16.02,mmol/L,Normal
1115497,705618,6023,2021-11-10,19.66,mmHg,High
1115498,703040,6012,2023-07-08,17.36,%,High
1115499,701571,6022,2021-10-05,117.9,%,Normal
1115500,703977,6009,2023-08-29,20.33,mmol/L,Normal
1115501,704074,6004,2022-04-17,44.15,mmHg,Normal
1115502,703263,6009,2023-02-18,39.52,%,Normal
1115503,704589,6008,2025-11-06,9.21,mmHg,Normal
1115504,704998,6002,2024-07-08,11.0,mmHg,Normal
1115505,705306,6019,2024-01-27,42.86,U/L,Normal
1115506,705716,6009,2021-09-24,11.48,U/L,Critical
1115507,701212,6005,2023-07-12,19.94,mmHg,High
1115508,703484,6007,2022-04-30,15.53,U/L,Normal
1115509,700779,6014,2022-12-11,16.26,%,Low
1115510,704315,6006,2021-03-30,16.46,U/L,Normal
1115511,704564,6003,2022-03-09,31.81,mmol/L,Normal
1115512,703021,6011,2022-12-06,13.26,mg/dL,Normal
1115513,705933,6004,2025-04-14,17.08,%,High
1115514,703323,6021,2024-12-18,10.51,mmol/L,High
1115515,700339,6025,2022-02-26,13.82,g/dL,Low
1115516,702687,6003,2022-03-02,23.77,mg/dL,Normal
1115517,702350,6007,2025-10-16,41.15,mg/dL,High
1115518,701786,6013,2022-03-04,26.72,mmol/L,Normal
1115519,700930,6003,2024-09-11,13.01,mmol/L,Normal
1115520,705332,6009,2024-07-03,15.72,mmHg,Normal
1115521,700357,6016,2021-11-27,10.17,g/dL,Normal
1115522,705908,6006,2023-12-13,13.47,mmHg,Normal
1115523,701606,6002,2022-06-22,19.97,mmHg,Normal
1115524,706449,6007,2022-09-03,20.68,%,Normal
1115525,701024,6004,2022-09-30,10.77,U/L,Normal
1115526,700211,6019,2021-01-02,32.24,mg/dL,Normal
1115527,702475,6021,2022-06-18,14.62,mmHg,Normal
1115528,703446,6004,2025-04-28,27.43,U/L,Normal
1115529,703764,6009,2025-06-12,130.68,mmHg,Normal
1115530,703250,6016,2022-10-07,45.84,U/L,Normal
1115531,702885,6013,2022-11-13,70.68,%,High
1115532,706191,6016,2025-11-11,33.7,mmHg,Normal
1115533,701043,6021,2023-05-27,5.28,g/dL,High
1115534,701617,6025,2022-07-22,8.15,mmol/L,Normal
1115535,705320,6013,2024-09-30,33.9,mmol/L,Low
1115536,703459,6010,2024-02-17,11.93,mg/dL,Normal
1115537,701069,6025,2024-10-15,61.39,mg/dL,Normal
1115538,704357,6002,2023-04-25,22.43,mmHg,Normal
1115539,701163,6007,2023-05-29,19.84,mmHg,Normal
1115540,703897,6005,2021-02-17,26.66,g/dL,High
1115541,701851,6026,2021-08-25,7.12,g/dL,Normal
1115542,706422,6005,2021-02-15,11.26,g/dL,High
1115543,706267,6024,2021-07-28,17.07,g/dL,Normal
1115544,705140,6012,2022-05-03,10.61,mmol/L,Low
1115545,702026,6025,2021-05-24,63.62,mmol/L,Normal
1115546,705334,6006,2021-11-11,17.43,%,Critical
1115547,702492,6002,2024-10-12,14.9,mg/dL,High
1115548,705887,6017,2025-01-07,10.33,%,Normal
1115549,706382,6023,2023-10-17,12.47,mg/dL,Critical
1115550,701457,6010,2025-07-23,13.33,mmol/L,Normal
1115551,705004,6013,2022-02-17,11.43,mg/dL,Normal
1115552,703387,6016,2023-03-21,48.05,mmol/L,Normal
1115553,705331,6018,2022-07-20,8.6,U/L,Critical
1115554,701437,6005,2023-08-05,18.69,mmHg,Normal
1115555,704920,6008,2025-05-12,13.66,mmol/L,Normal
1115556,705678,6018,2024-08-31,21.25,mmHg,Normal
1115557,702309,6006,2023-04-21,39.91,mmol/L,Low
1115558,702402,6004,2023-05-06,17.77,g/dL,Low
1115559,706280,6016,2024-06-28,38.9,U/L,Normal
1115560,703382,6006,2025-08-08,10.08,mg/dL,Normal
1115561,703259,6004,2021-12-08,17.53,%,Low
1115562,700246,6004,2023-07-07,23.93,mg/dL,Normal
1115563,703605,6002,2022-02-26,66.39,mmHg,Normal
1115564,704245,6001,2022-08-21,33.21,mmol/L,Normal
1115565,700131,6004,2023-03-03,32.44,mg/dL,Normal
1115566,701829,6004,2022-05-08,26.61,mmHg,Normal
1115567,703367,6022,2022-12-01,9.79,U/L,Normal
1115568,703365,6006,2021-06-25,26.25,mmol/L,Normal
1115569,702856,6002,2025-06-05,18.72,mg/dL,Low
1115570,702199,6001,2023-06-02,21.95,mg/dL,High
1115571,703172,6010,2022-05-17,38.28,mg/dL,Normal
1115572,702472,6003,2024-02-19,34.69,%,Normal
1115573,703708,6001,2025-10-20,7.4,U/L,Normal
1115574,706344,6021,2025-10-27,22.71,mg/dL,Normal
1115575,700401,6010,2025-11-17,48.73,%,Normal
1115576,703132,6026,2025-02-08,7.28,U/L,High
1115577,705054,6023,2024-06-18,62.38,mg/dL,Normal
1115578,700397,6015,2021-06-28,26.98,mmol/L,Normal
1115579,704264,6016,2024-11-26,9.82,mg/dL,Normal
1115580,704603,6009,2021-05-25,8.94,mg/dL,Normal
1115581,702922,6002,2021-08-17,7.96,mmHg,Normal
1115582,705257,6017,2024-07-06,27.03,mmol/L,Low
1115583,704693,6021,2021-11-04,49.91,mg/dL,Low
1115584,705077,6018,2021-08-18,11.6,%,Normal
1115585,700775,6018,2021-06-02,35.91,g/dL,Normal
1115586,704028,6007,2025-08-08,46.16,%,Normal
1115587,704277,6001,2025-02-12,22.29,mg/dL,Normal
1115588,705678,6026,2022-10-18,44.12,mmol/L,High
1115589,702973,6023,2022-12-26,18.48,mmol/L,Normal
1115590,703719,6012,2025-11-27,4.8,mmol/L,High
1115591,705914,6011,2024-08-08,24.72,%,High
1115592,700885,6017,2024-06-28,19.45,g/dL,Normal
1115593,701970,6025,2022-07-02,58.24,mmHg,Normal
1115594,706190,6006,2023-07-11,45.75,mg/dL,Normal
1115595,700023,6004,2024-01-03,9.22,%,Normal
1115596,704888,6019,2024-09-13,5.27,mg/dL,Normal
1115597,700129,6016,2023-03-17,6.72,mg/dL,Normal
1115598,700870,6008,2023-07-18,40.7,mmHg,High
1115599,705151,6025,2022-05-24,16.14,g/dL,Low
1115600,706422,6011,2021-07-16,50.41,mmol/L,Normal
1115601,700039,6008,2022-04-03,5.51,g/dL,Low
1115602,706012,6019,2022-01-17,14.72,mmHg,Normal
1115603,706443,6006,2025-11-25,13.1,mg/dL,Normal
1115604,704779,6013,2025-06-17,22.74,mmHg,Normal
1115605,703416,6010,2025-06-15,5.66,mg/dL,Normal
1115606,703163,6017,2024-08-13,10.43,mmol/L,Normal
1115607,704504,6016,2024-02-14,45.9,mmHg,Low
1115608,702528,6014,2024-07-01,8.85,mg/dL,Normal
1115609,703422,6017,2022-02-15,46.91,%,Normal
1115610,704497,6007,2024-01-15,17.3,mmHg,Low
1115611,702394,6023,2023-05-07,8.88,%,Normal
1115612,705497,6019,2025-07-02,66.37,mmHg,Normal
1115613,700291,6002,2024-12-11,33.06,%,Low
1115614,705980,6009,2023-01-09,53.91,mmHg,Normal
1115615,702261,6012,2022-07-29,15.55,mmol/L,Normal
1115616,706209,6021,2025-06-12,13.28,mmHg,Normal
1115617,703984,6016,2022-12-04,8.51,U/L,Normal
1115618,701709,6004,2025-12-11,38.8,g/dL,High
1115619,706192,6004,2023-08-13,43.81,mmol/L,Low
1115620,705401,6021,2023-10-06,20.34,mmHg,Normal
1115621,700484,6011,2024-07-27,30.28,mmHg,Normal
1115622,702568,6006,2023-10-23,26.69,mg/dL,Normal
1115623,700012,6007,2021-04-06,4.12,U/L,Normal
1115624,705094,6018,2024-12-09,31.93,%,Normal
1115625,701365,6002,2023-06-27,12.49,U/L,Normal
1115626,700790,6014,2024-01-24,23.02,mmHg,Normal
1115627,702451,6004,2023-06-11,23.27,%,High
1115628,701656,6005,2021-04-14,29.49,mmHg,Normal
1115629,705755,6008,2021-03-09,22.3,U/L,Normal
1115630,701750,6017,2024-06-09,43.67,U/L,Normal
1115631,701572,6016,2021-09-02,58.39,mmol/L,Low
1115632,703940,6021,2024-05-07,26.25,mmol/L,Normal
1115633,706391,6025,2024-08-28,5.74,U/L,High
1115634,704234,6004,2022-02-21,43.42,%,Normal
1115635,702527,6002,2025-02-28,14.01,g/dL,Normal
1115636,703025,6025,2023-08-17,18.19,mmol/L,High
1115637,705507,6009,2025-01-01,17.78,U/L,Normal
1115638,704155,6017,2023-09-20,19.08,mmol/L,Normal
1115639,703945,6023,2021-08-22,11.02,%,High
1115640,703426,6012,2024-05-05,13.16,mmHg,Critical
1115641,703884,6025,2024-03-18,15.22,%,Low
1115642,705061,6003,2025-03-06,37.0,mmHg,Normal
1115643,706459,6012,2025-04-22,16.5,mmol/L,Normal
1115644,705974,6007,2024-05-17,13.63,mg/dL,Normal
1115645,703329,6003,2022-06-01,35.31,mmHg,Normal
1115646,703208,6007,2021-04-08,16.9,U/L,Low
1115647,700886,6024,2024-01-14,86.44,mmol/L,High
1115648,702816,6020,2022-05-16,36.25,%,High
1115649,702804,6014,2022-12-07,21.48,%,Normal
1115650,704512,6013,2023-03-16,10.5,mmol/L,High
1115651,700570,6024,2023-07-17,25.98,mg/dL,High
1115652,705095,6018,2021-05-06,10.61,mg/dL,Normal
1115653,702377,6022,2022-08-08,3.26,g/dL,High
1115654,701892,6002,2022-02-23,54.96,%,Normal
1115655,702080,6012,2022-06-29,6.24,mmol/L,Normal
1115656,704808,6015,2025-01-28,16.49,mmol/L,Normal
1115657,705267,6004,2022-10-24,19.32,%,High
1115658,705188,6024,2021-01-05,38.45,mmHg,Normal
1115659,705398,6002,2022-03-10,8.72,mmHg,Low
1115660,705166,6019,2024-09-07,11.04,mmHg,Low
1115661,704165,6023,2025-09-27,34.45,mmol/L,High
1115662,705721,6008,2024-03-11,53.42,mmHg,Normal
1115663,705783,6001,2024-12-22,10.54,mmHg,Low
1115664,704646,6023,2025-03-28,46.7,%,Normal
1115665,703376,6011,2023-04-18,6.56,mmHg,Normal
1115666,705850,6012,2021-04-19,9.09,%,Normal
1115667,701134,6018,2023-02-23,65.8,%,High
1115668,703617,6024,2021-08-06,58.7,mg/dL,Normal
1115669,705140,6020,2021-07-21,9.01,mmHg,High
1115670,705521,6018,2023-11-03,7.81,%,Low
1115671,704679,6019,2022-09-26,10.22,g/dL,Normal
1115672,706383,6005,2023-05-13,45.71,mmHg,Normal
1115673,703059,6011,2023-10-16,12.92,%,Normal
1115674,704775,6005,2025-11-01,50.72,mg/dL,Normal
1115675,705731,6020,2023-09-18,12.94,U/L,Normal
1115676,700827,6019,2025-12-25,20.11,%,Normal
1115677,704224,6026,2023-07-12,7.64,g/dL,Normal
1115678,702813,6013,2022-09-22,11.51,mmol/L,Normal
1115679,705709,6017,2023-10-30,25.83,mmol/L,Normal
1115680,704657,6008,2024-06-08,17.17,g/dL,Low
1115681,705524,6019,2025-12-21,6.33,mmHg,High
1115682,701566,6015,2023-01-28,37.68,%,High
1115683,706209,6014,2025-10-03,17.04,mmHg,Normal
1115684,702121,6014,2025-09-07,23.04,mmHg,High
1115685,703201,6004,2024-10-08,57.62,mmHg,Normal
1115686,702134,6004,2022-12-17,26.48,%,Low
1115687,700043,6006,2021-02-27,21.25,U/L,Normal
1115688,701137,6022,2022-03-07,11.94,U/L,Normal
1115689,703821,6017,2025-09-07,33.04,mg/dL,Normal
1115690,703123,6002,2023-03-12,20.82,mg/dL,Normal
1115691,702648,6011,2021-06-25,6.98,U/L,Normal
1115692,700938,6015,2024-01-15,50.94,mmHg,Normal
1115693,702251,6026,2023-03-08,2.98,mmol/L,Normal
1115694,705387,6025,2024-09-20,22.8,mmol/L,Normal
1115695,702443,6022,2021-12-09,45.76,mmol/L,Low
1115696,702336,6023,2023-11-07,14.68,mmHg,Normal
1115697,703378,6006,2023-04-08,29.3,%,Normal
1115698,705913,6008,2025-03-31,17.21,mmol/L,Normal
1115699,701491,6022,2024-07-17,8.86,mmol/L,Normal
1115700,702055,6024,2025-11-03,24.94,mmHg,Normal
1115701,705972,6014,2021-07-26,23.62,U/L,Normal
1115702,703778,6011,2025-07-28,18.16,mg/dL,Normal
1115703,703250,6014,2023-05-31,17.63,mmol/L,Normal
1115704,702714,6013,2022-02-10,8.42,U/L,High
1115705,700690,6009,2022-03-05,21.04,mg/dL,Normal
1115706,702634,6002,2024-04-25,14.57,%,Normal
1115707,704076,6022,2023-03-27,21.01,U/L,High
1115708,704638,6016,2021-08-04,36.94,g/dL,Normal
1115709,705280,6010,2021-08-16,21.13,U/L,Normal
1115710,706416,6007,2025-10-09,18.19,U/L,High
1115711,701237,6004,2022-01-29,4.74,mmol/L,Normal
1115712,702323,6017,2024-05-10,29.27,U/L,Normal
1115713,705263,6013,2021-07-22,59.32,U/L,Low
1115714,700275,6018,2025-11-11,16.57,mg/dL,Normal
1115715,706273,6018,2022-01-06,15.53,mg/dL,Normal
1115716,700484,6018,2025-12-02,19.07,U/L,Critical
1115717,703583,6016,2022-02-03,44.78,%,Normal
1115718,704591,6002,2025-08-18,23.83,mg/dL,Normal
1115719,703897,6008,2025-09-20,13.2,U/L,Normal
1115720,704047,6011,2024-08-18,5.44,mmol/L,Normal
1115721,703466,6023,2022-02-25,82.95,mmHg,Normal
1115722,704162,6001,2021-05-19,19.17,U/L,Normal
1115723,700090,6005,2025-04-03,10.39,mg/dL,Normal
1115724,702909,6026,2021-11-27,12.77,g/dL,Normal
1115725,705278,6014,2023-03-19,26.83,mmHg,Normal
1115726,702352,6005,2024-06-29,111.42,g/dL,Low
1115727,701909,6026,2024-04-08,15.3,%,High
1115728,702441,6003,2025-12-09,12.7,mg/dL,Low
1115729,706349,6005,2025-01-29,34.52,g/dL,Normal
1115730,704087,6006,2025-07-12,16.19,mmol/L,High
1115731,701933,6015,2023-06-05,24.85,g/dL,Normal
1115732,702851,6018,2024-07-01,12.35,mmHg,High
1115733,700431,6026,2024-08-17,113.18,mmHg,Normal
1115734,705178,6003,2022-05-31,43.59,U/L,Critical
1115735,705627,6008,2023-01-28,9.26,%,Normal
1115736,701247,6018,2022-09-06,60.93,mmHg,Normal
1115737,704386,6014,2025-10-15,11.38,mg/dL,Normal
1115738,701884,6014,2025-12-23,8.54,g/dL,Normal
1115739,701886,6026,2025-05-15,14.71,g/dL,High
1115740,703675,6025,2022-09-20,18.67,mmHg,Normal
1115741,705090,6006,2021-12-27,16.82,mmol/L,Normal
1115742,701627,6009,2023-02-24,97.49,mmHg,Normal
1115743,703505,6012,2024-07-12,24.56,mmol/L,Normal
1115744,704212,6009,2021-10-01,26.29,%,Normal
1115745,700827,6006,2022-12-05,9.96,mmHg,Low
1115746,705208,6005,2023-01-23,9.84,%,Normal
1115747,700024,6017,2024-03-06,39.9,mg/dL,Normal
1115748,700739,6003,2025-03-19,5.2,g/dL,Normal
1115749,701546,6003,2025-07-22,70.26,g/dL,Normal
1115750,703494,6009,2024-08-25,46.19,mmHg,Normal
1115751,703428,6020,2024-02-26,7.65,U/L,High
1115752,705470,6019,2024-06-16,12.08,U/L,Low
1115753,701509,6013,2024-12-24,22.71,mmol/L,Normal
1115754,700162,6013,2022-05-26,25.53,U/L,High
1115755,701738,6003,2021-04-30,31.04,mmHg,Normal
1115756,702135,6003,2025-06-25,36.49,%,High
1115757,704960,6008,2024-07-25,9.79,g/dL,Normal
1115758,705870,6024,2022-01-13,13.42,%,Normal
1115759,703078,6026,2024-10-10,44.16,U/L,Normal
1115760,700059,6024,2025-08-18,12.81,%,Low
1115761,705607,6022,2021-06-11,19.62,mmHg,Normal
1115762,703629,6020,2021-01-10,24.48,mmHg,Normal
1115763,704569,6006,2023-02-20,22.04,mmHg,Normal
1115764,703944,6011,2023-10-01,19.44,mmHg,Normal
1115765,705063,6016,2025-04-03,46.57,%,Normal
1115766,706241,6023,2022-10-23,11.13,mmol/L,Normal
1115767,700083,6024,2025-04-17,31.49,g/dL,Low
1115768,705029,6021,2021-08-29,25.64,%,Low
1115769,700580,6018,2024-05-03,12.73,mmol/L,Normal
1115770,702747,6018,2022-05-01,9.31,U/L,Normal
1115771,705041,6002,2023-10-27,21.64,g/dL,Low
1115772,703632,6019,2024-04-19,19.07,g/dL,Normal
1115773,702935,6003,2022-10-10,22.7,mg/dL,Normal
1115774,703022,6007,2022-04-21,14.98,U/L,Normal
1115775,701705,6018,2024-03-22,42.15,g/dL,Normal
1115776,702721,6010,2023-01-26,31.23,U/L,Normal
1115777,705064,6010,2024-10-20,18.3,mmHg,Low
1115778,704493,6003,2025-10-20,8.5,mg/dL,Normal
1115779,703903,6023,2024-05-15,22.84,mmol/L,Normal
1115780,703954,6001,2024-07-03,15.4,mmHg,Low
1115781,700725,6025,2023-03-13,13.1,%,Normal
1115782,701967,6021,2025-08-08,12.5,U/L,Normal
1115783,701226,6018,2021-03-24,23.71,U/L,High
1115784,701703,6013,2024-02-28,62.68,%,High
1115785,701146,6005,2024-10-10,59.98,g/dL,Normal
1115786,704919,6023,2024-07-24,10.74,U/L,Normal
1115787,706173,6007,2021-03-28,10.58,g/dL,Normal
1115788,705352,6003,2022-06-22,37.35,U/L,Low
1115789,700119,6019,2022-12-24,27.47,mmol/L,Normal
1115790,704194,6005,2022-09-17,48.36,U/L,Normal
1115791,701069,6008,2023-02-16,33.01,mmHg,High
1115792,705777,6024,2025-07-17,27.32,U/L,Low
1115793,702915,6023,2024-12-19,8.64,U/L,Normal
1115794,706030,6010,2023-05-09,13.68,mmHg,Low
1115795,700632,6009,2024-07-23,22.95,%,Normal
1115796,706320,6012,2025-02-19,41.51,g/dL,Low
1115797,705404,6001,2021-11-14,47.7,U/L,Normal
1115798,705712,6009,2024-04-03,15.28,mg/dL,Normal
1115799,701346,6020,2024-03-30,9.82,U/L,Normal
1115800,702251,6003,2022-01-04,9.34,mmHg,High
1115801,701459,6002,2023-11-23,31.91,U/L,Normal
1115802,700036,6018,2021-06-17,10.58,mmol/L,Normal
1115803,705632,6022,2023-12-20,15.4,U/L,Normal
1115804,702575,6020,2021-10-10,16.67,mmol/L,Normal
1115805,700406,6006,2023-04-21,42.17,mmHg,Normal
1115806,703531,6008,2025-07-08,7.91,%,Normal
1115807,700834,6004,2024-09-16,31.67,%,Low
1115808,705746,6013,2025-04-05,31.32,mmol/L,Normal
1115809,702090,6025,2025-07-10,19.57,g/dL,Normal
1115810,703586,6010,2024-07-13,5.01,mmol/L,Normal
1115811,703072,6012,2021-10-10,18.4,mg/dL,Low
1115812,706210,6011,2021-05-08,24.66,U/L,Normal
1115813,701986,6005,2023-05-13,54.15,%,Normal
1115814,700632,6007,2021-03-16,26.46,mg/dL,Normal
1115815,704034,6019,2024-10-26,7.9,mmHg,Normal
1115816,703384,6009,2021-10-02,24.55,g/dL,Low
1115817,701279,6013,2023-05-25,26.67,U/L,Low
1115818,703514,6004,2022-04-04,21.94,U/L,Normal
1115819,701469,6002,2021-12-05,24.63,%,Normal
1115820,703124,6008,2024-09-08,8.54,mmHg,Low
1115821,700967,6025,2023-08-16,18.68,U/L,Low
1115822,702082,6009,2024-05-22,12.17,mmHg,Low
1115823,706465,6021,2022-12-02,34.43,%,High
1115824,705277,6021,2022-08-11,27.44,%,Normal
1115825,703387,6026,2022-06-29,17.63,g/dL,Normal
1115826,705237,6021,2022-02-24,29.0,g/dL,High
1115827,700149,6018,2023-05-19,15.94,U/L,Normal
1115828,702435,6017,2021-10-09,6.48,%,Normal
1115829,704567,6016,2025-08-21,8.6,%,Normal
1115830,704361,6009,2021-09-10,55.48,%,Normal
1115831,704946,6019,2023-04-09,19.76,g/dL,Normal
1115832,706181,6002,2025-02-17,19.91,mg/dL,Normal
1115833,700872,6019,2022-11-27,4.11,mmHg,Normal
1115834,701634,6007,2024-11-24,13.31,mg/dL,Normal
1115835,701253,6011,2023-05-02,13.53,g/dL,Low
1115836,706213,6016,2023-09-04,11.26,g/dL,Normal
1115837,704235,6026,2024-11-23,11.24,U/L,Normal
1115838,703391,6007,2023-09-02,13.38,U/L,Normal
1115839,702780,6015,2025-06-20,21.01,mmol/L,Normal
1115840,702475,6024,2023-12-02,16.83,mmol/L,High
1115841,701982,6003,2025-12-21,33.81,mg/dL,Normal
1115842,705660,6023,2024-07-21,17.26,U/L,High
1115843,702791,6020,2024-06-12,36.39,%,Normal
1115844,702572,6022,2022-03-16,27.77,%,High
1115845,701715,6002,2022-11-03,11.09,%,Low
1115846,704942,6008,2022-11-15,19.82,%,Normal
1115847,703743,6009,2023-08-09,12.4,%,Low
1115848,704999,6003,2022-09-20,12.95,g/dL,Normal
1115849,703603,6016,2021-11-23,15.56,%,Critical
1115850,701390,6005,2022-08-01,48.44,mmHg,Normal
1115851,703876,6012,2022-04-14,14.25,U/L,Normal
1115852,702766,6003,2022-07-02,33.28,g/dL,Normal
1115853,702915,6007,2024-12-28,40.36,mmHg,Normal
1115854,702936,6024,2023-01-16,61.52,mmol/L,Normal
1115855,705135,6008,2023-05-17,14.75,%,Low
1115856,700157,6022,2025-06-09,36.38,%,Normal
1115857,703677,6024,2022-07-03,70.81,U/L,Normal
1115858,703478,6001,2021-10-04,32.37,mmHg,Normal
1115859,704705,6012,2022-03-09,22.55,U/L,Normal
1115860,704034,6017,2024-10-22,27.43,mg/dL,Low
1115861,703590,6013,2024-03-22,14.75,U/L,Normal
1115862,703640,6023,2023-08-04,18.03,U/L,Normal
1115863,701425,6002,2023-05-02,16.04,%,Normal
1115864,705536,6019,2022-08-17,17.19,mmol/L,High
1115865,700445,6012,2023-04-12,94.35,mmHg,High
1115866,702560,6009,2025-06-22,12.54,mg/dL,Normal
1115867,700457,6006,2022-08-11,23.8,mmol/L,High
1115868,703820,6008,2023-06-11,72.93,mg/dL,Low
1115869,704743,6013,2025-01-08,22.21,%,Low
1115870,706020,6010,2025-05-16,4.75,g/dL,Normal
1115871,700111,6004,2025-04-06,75.88,%,Normal
1115872,704698,6005,2024-08-18,28.43,mmHg,Normal
1115873,703870,6014,2023-09-03,13.38,mmol/L,Normal
1115874,700099,6013,2022-11-22,18.89,mmHg,Normal
1115875,703350,6010,2024-09-14,21.67,mmHg,Low
1115876,700356,6010,2024-06-11,8.42,U/L,Normal
1115877,706076,6017,2021-11-01,16.81,mg/dL,Normal
1115878,704054,6023,2021-10-28,36.07,%,Normal
1115879,703768,6014,2023-08-29,20.48,mg/dL,Normal
1115880,704305,6013,2021-09-25,13.2,mg/dL,Normal
1115881,705125,6018,2022-09-03,13.51,mg/dL,Normal
1115882,706018,6005,2022-01-27,28.91,%,High
1115883,706035,6013,2022-09-11,11.3,mmHg,High
1115884,701013,6001,2022-08-25,18.02,mmol/L,High
1115885,705861,6013,2025-06-11,15.4,mmHg,Normal
1115886,700490,6023,2025-10-30,5.03,U/L,Normal
1115887,700675,6026,2022-01-20,19.67,mmol/L,Normal
1115888,703835,6018,2024-08-12,11.57,U/L,Normal
1115889,704357,6001,2025-12-19,32.14,%,Normal
1115890,704366,6016,2024-12-24,27.11,mmHg,High
1115891,705226,6010,2025-12-28,14.68,mmol/L,Normal
1115892,703402,6016,2025-01-22,39.66,mg/dL,Normal
1115893,701832,6021,2025-02-02,67.7,mg/dL,Normal
1115894,703246,6017,2021-07-12,24.97,g/dL,Normal
1115895,702838,6004,2022-07-20,53.27,mg/dL,Normal
1115896,703444,6005,2022-05-07,13.19,%,Normal
1115897,706010,6012,2021-07-29,69.95,mg/dL,Normal
1115898,702806,6015,2022-10-25,31.85,mmol/L,Normal
1115899,704476,6014,2025-12-26,49.52,mg/dL,Normal
1115900,700802,6003,2024-03-13,5.01,mmol/L,High
1115901,702791,6024,2023-10-12,8.67,%,Normal
1115902,705403,6013,2025-06-06,13.84,mmHg,Normal
1115903,702976,6021,2023-06-20,43.36,%,Low
1115904,703365,6021,2024-04-17,16.82,%,Low
1115905,701285,6014,2024-10-16,27.42,mmol/L,Normal
1115906,702316,6004,2021-03-20,17.66,%,Low
1115907,702374,6018,2024-08-13,13.6,g/dL,Normal
1115908,703659,6014,2024-04-15,25.48,mmHg,Normal
1115909,700577,6023,2025-03-20,30.65,g/dL,High
1115910,703818,6003,2021-06-08,31.07,U/L,Normal
1115911,702427,6005,2025-09-13,23.03,U/L,Normal
1115912,701723,6024,2022-12-27,11.96,g/dL,Low
1115913,703931,6001,2022-02-01,34.51,mmol/L,High
1115914,701441,6018,2021-09-13,14.01,mg/dL,Normal
1115915,701529,6009,2025-09-03,20.63,mg/dL,Critical
1115916,704674,6025,2023-10-16,19.54,mmol/L,Low
1115917,700350,6006,2025-10-17,8.09,U/L,Normal
1115918,703431,6007,2022-10-19,13.14,%,High
1115919,705225,6002,2025-01-05,19.47,mg/dL,Normal
1115920,704431,6020,2021-09-04,30.62,%,Normal
1115921,703770,6019,2022-04-12,22.06,mmol/L,Low
1115922,706416,6017,2021-09-20,55.84,mmHg,Low
1115923,703533,6012,2024-12-08,17.05,%,Normal
1115924,701900,6024,2021-08-23,33.05,mmHg,Normal
1115925,700696,6014,2025-05-09,31.41,%,Normal
1115926,703841,6018,2022-08-01,23.05,%,Normal
1115927,704357,6004,2023-04-03,5.02,%,Normal
1115928,703137,6012,2025-02-12,9.04,mg/dL,Normal
1115929,706162,6001,2025-12-04,13.79,mmHg,Normal
1115930,701000,6014,2021-11-22,30.12,mmol/L,Normal
1115931,704014,6006,2023-09-15,164.32,mg/dL,Normal
1115932,705145,6002,2024-04-25,28.12,mg/dL,Critical
1115933,704300,6012,2024-05-04,25.33,%,High
1115934,701474,6001,2022-01-23,8.19,mmHg,Low
1115935,703872,6011,2021-03-11,5.7,U/L,Normal
1115936,701999,6007,2022-12-09,19.55,g/dL,Normal
1115937,701371,6023,2025-04-26,59.25,mmol/L,Normal
1115938,701236,6013,2021-11-20,11.42,mg/dL,Normal
1115939,702127,6004,2025-12-28,13.19,g/dL,Critical
1115940,705311,6024,2022-10-01,40.7,mg/dL,Low
1115941,703636,6007,2023-11-16,20.83,g/dL,Normal
1115942,703961,6012,2025-02-20,7.66,mmHg,Normal
1115943,702922,6014,2024-05-26,12.02,mg/dL,Normal
1115944,701329,6026,2021-09-07,38.83,mg/dL,Normal
1115945,705724,6011,2023-02-22,29.0,U/L,Normal
1115946,703036,6023,2022-10-16,35.32,U/L,Low
1115947,703387,6026,2021-09-09,19.62,mg/dL,Normal
1115948,702783,6007,2024-12-16,54.94,mg/dL,High
1115949,705327,6016,2022-09-16,51.42,U/L,Low
1115950,703990,6015,2021-05-25,11.11,mg/dL,Normal
1115951,700591,6006,2022-01-16,14.48,U/L,Normal
1115952,705460,6020,2021-03-09,15.69,mg/dL,Normal
1115953,703586,6019,2021-09-12,38.58,U/L,Normal
1115954,700337,6015,2025-11-15,46.57,mmol/L,Normal
1115955,701792,6019,2022-03-03,13.96,U/L,Critical
1115956,705356,6003,2024-08-18,11.34,g/dL,Low
1115957,705076,6015,2022-03-19,20.58,mg/dL,Normal
1115958,702874,6010,2022-02-06,10.41,mg/dL,Low
1115959,705851,6020,2021-05-07,8.84,mmHg,Normal
1115960,704114,6019,2025-01-13,24.15,mg/dL,Low
1115961,704156,6001,2024-09-28,7.69,U/L,Normal
1115962,703865,6009,2021-08-25,45.24,U/L,Normal
1115963,705660,6023,2021-02-26,17.76,mmol/L,Normal
1115964,703446,6003,2023-04-06,15.87,mmHg,Low
1115965,703072,6004,2025-11-06,57.5,mmol/L,Normal
1115966,703981,6006,2023-05-25,26.63,mmol/L,Normal
1115967,701291,6014,2021-11-05,9.65,U/L,Normal
1115968,705662,6010,2025-08-09,28.84,mmol/L,Low
1115969,701080,6005,2022-03-20,12.12,g/dL,Normal
1115970,701398,6003,2023-01-28,31.41,g/dL,Normal
1115971,705843,6024,2025-11-21,37.65,mmHg,Low
1115972,705164,6002,2022-06-06,29.36,U/L,Normal
1115973,703959,6022,2023-04-22,19.86,%,Normal
1115974,705980,6006,2024-01-12,21.92,g/dL,Normal
1115975,705155,6021,2022-12-21,12.85,mmHg,Normal
1115976,701211,6009,2025-04-15,13.03,mmHg,Normal
1115977,701466,6004,2025-12-15,11.09,mmHg,Normal
1115978,700288,6009,2025-05-13,9.24,mmol/L,Low
1115979,701971,6023,2021-03-30,19.27,g/dL,Normal
1115980,704347,6023,2024-06-03,8.77,g/dL,High
1115981,700748,6020,2021-10-20,7.97,%,Normal
1115982,702759,6002,2022-03-31,20.44,U/L,Normal
1115983,704782,6015,2024-12-17,23.81,mg/dL,Normal
1115984,702036,6004,2025-02-10,24.69,mmol/L,Normal
1115985,704541,6005,2021-09-18,25.74,mmHg,Normal
1115986,702186,6006,2022-05-27,16.0,mg/dL,Critical
1115987,703827,6026,2021-01-29,9.98,%,High
1115988,705471,6014,2025-09-28,15.9,mg/dL,Normal
1115989,701289,6012,2024-09-25,17.1,mmol/L,Normal
1115990,701890,6012,2024-10-20,6.18,%,Normal
1115991,705604,6009,2023-06-12,5.2,%,Normal
1115992,703265,6002,2023-07-10,7.71,g/dL,Normal
1115993,701346,6005,2022-08-23,23.39,U/L,Low
1115994,703586,6014,2021-12-29,28.37,mmHg,Low
1115995,701699,6026,2022-12-06,12.33,mmHg,Low
1115996,702738,6005,2021-11-04,55.92,mmol/L,Normal
1115997,705062,6018,2023-11-24,25.87,mmHg,Normal
1115998,701828,6020,2022-10-28,45.85,mmHg,Normal
1115999,702684,6004,2021-01-16,21.42,g/dL,Normal
1116000,705362,6012,2021-08-09,67.44,mg/dL,High
1116001,701398,6003,2024-01-09,23.72,%,Normal
1116002,701426,6019,2022-03-15,16.16,%,Normal
1116003,702563,6022,2021-08-15,42.4,g/dL,Normal
1116004,702858,6016,2021-10-24,5.62,%,Low
1116005,704171,6014,2025-05-26,18.1,mmHg,Low
1116006,701080,6022,2024-12-26,53.42,%,Normal
1116007,704137,6001,2021-09-14,11.66,mmol/L,Low
1116008,704976,6025,2022-01-12,8.05,U/L,Normal
1116009,702060,6017,2023-12-23,34.41,%,Normal
1116010,700248,6017,2024-10-31,33.77,g/dL,Normal
1116011,705375,6013,2025-05-08,29.37,g/dL,Low
1116012,704761,6006,2021-07-12,25.27,g/dL,Normal
1116013,702919,6001,2021-06-02,47.94,%,Normal
1116014,703420,6013,2024-01-14,16.98,mmol/L,High
1116015,702719,6021,2022-09-05,11.89,g/dL,Normal
1116016,703656,6011,2024-08-06,30.43,mmol/L,Normal
1116017,700486,6019,2024-12-09,10.18,mmol/L,High
1116018,703417,6022,2023-11-05,22.72,U/L,Normal
1116019,701885,6026,2025-06-24,10.28,mmHg,High
1116020,703019,6015,2025-04-20,30.31,g/dL,Normal
1116021,705457,6020,2022-12-08,29.98,mg/dL,Normal
1116022,705921,6013,2025-06-06,27.1,mg/dL,Low
1116023,702923,6025,2023-01-26,49.4,g/dL,Low
1116024,704308,6019,2025-04-13,22.33,U/L,Normal
1116025,700665,6026,2023-06-11,49.36,mmol/L,Normal
1116026,701738,6009,2024-04-05,16.89,U/L,High
1116027,703287,6003,2023-03-24,34.43,mmHg,Normal
1116028,706403,6006,2022-12-16,25.45,%,High
1116029,704954,6002,2025-04-15,31.6,mmHg,Critical
1116030,703730,6018,2021-09-07,24.57,g/dL,Normal
1116031,700888,6005,2023-02-11,18.23,mmol/L,Low
1116032,705902,6006,2022-08-17,7.27,mmHg,Normal
1116033,704645,6001,2025-08-03,5.28,%,Normal
1116034,705712,6026,2022-11-01,27.67,mmol/L,Normal
1116035,700551,6009,2021-08-09,28.63,mmHg,Low
1116036,704023,6016,2025-04-04,8.94,g/dL,High
1116037,705745,6018,2022-02-10,28.03,mmol/L,Normal
1116038,700901,6014,2025-11-11,19.67,mg/dL,Normal
1116039,704980,6013,2024-03-14,9.61,%,High
1116040,703816,6001,2024-09-27,8.06,mg/dL,Normal
1116041,704090,6025,2022-09-23,12.6,mmHg,Normal
1116042,701156,6005,2025-04-09,17.67,mg/dL,Low
1116043,701968,6021,2022-10-06,53.92,%,Normal
1116044,702938,6012,2024-12-08,6.61,%,High
1116045,703202,6018,2023-11-07,14.24,mmHg,Normal
1116046,704685,6008,2025-07-12,26.18,U/L,Low
1116047,701755,6021,2021-01-07,35.12,%,Normal
1116048,704132,6009,2022-11-08,15.68,g/dL,Normal
1116049,705320,6002,2021-01-30,55.26,mg/dL,Low
1116050,703668,6001,2023-12-05,56.91,mmol/L,High
1116051,700310,6025,2021-11-22,7.68,mmol/L,Normal
1116052,703612,6024,2023-09-06,7.33,mmol/L,Normal
1116053,703691,6017,2022-06-24,23.67,%,High
1116054,702536,6011,2022-12-09,10.21,g/dL,High
1116055,701889,6004,2021-02-20,14.87,%,Low
1116056,704822,6026,2021-07-02,16.95,mmHg,Normal
1116057,704175,6015,2021-11-30,24.93,mg/dL,Normal
1116058,704301,6013,2024-12-20,41.65,%,Normal
1116059,701510,6014,2024-04-19,51.34,mg/dL,Normal
1116060,706077,6006,2025-05-29,12.69,mmol/L,Normal
1116061,703863,6001,2022-04-26,24.21,%,Normal
1116062,704284,6021,2025-09-09,62.13,mmHg,Normal
1116063,704810,6007,2024-08-16,7.7,%,Low
1116064,703417,6022,2025-11-19,31.18,mmol/L,Normal
1116065,706150,6015,2022-03-02,9.77,mmol/L,Normal
1116066,703206,6020,2025-01-25,27.3,%,Normal
1116067,703043,6008,2025-11-15,17.19,mmol/L,Normal
1116068,703331,6012,2024-11-06,5.85,mg/dL,Normal
1116069,702084,6015,2021-12-25,5.4,g/dL,Low
1116070,706007,6008,2023-02-19,5.73,U/L,Normal
1116071,705212,6021,2025-09-09,34.56,mmol/L,Normal
1116072,705172,6013,2023-12-21,64.25,%,High
1116073,706050,6024,2023-11-09,21.8,g/dL,Critical
1116074,704015,6016,2021-02-04,10.73,mmol/L,Normal
1116075,701077,6007,2021-12-04,9.1,g/dL,Normal
1116076,700406,6021,2021-05-31,36.76,mmol/L,Low
1116077,700651,6021,2024-07-20,9.5,mmol/L,Normal
1116078,701443,6025,2021-11-20,24.85,U/L,Normal
1116079,702822,6025,2024-11-20,5.4,%,Normal
1116080,705502,6003,2022-10-17,54.68,U/L,High
1116081,701814,6015,2023-07-13,9.12,U/L,Normal
1116082,701163,6019,2021-08-13,8.78,U/L,Normal
1116083,704098,6020,2023-11-04,59.06,%,Normal
1116084,703604,6011,2021-05-31,18.8,%,Normal
1116085,703344,6025,2023-03-14,9.91,U/L,Low
1116086,702244,6012,2022-02-12,16.18,mg/dL,Normal
1116087,705747,6024,2024-03-05,11.43,mg/dL,Normal
1116088,701744,6018,2024-09-12,14.44,mg/dL,Normal
1116089,704843,6020,2021-03-11,16.32,mmHg,Normal
1116090,706406,6025,2025-07-08,33.1,%,High
1116091,704357,6023,2021-01-04,15.34,mmHg,High
1116092,704054,6017,2024-09-28,17.59,g/dL,High
1116093,704977,6010,2024-10-24,22.01,mmol/L,Normal
1116094,700990,6004,2023-01-16,12.41,mg/dL,Normal
1116095,704674,6001,2023-11-07,10.27,%,Normal
1116096,704506,6015,2021-07-12,67.5,g/dL,Low
1116097,702545,6021,2024-08-10,58.2,g/dL,Low
1116098,704382,6011,2023-04-10,17.39,mmHg,Low
1116099,705643,6022,2025-07-24,45.65,mmHg,Normal
1116100,704801,6021,2023-12-25,16.76,g/dL,Normal
1116101,704412,6023,2021-08-10,17.19,g/dL,Normal
1116102,701585,6008,2025-03-01,16.98,g/dL,Normal
1116103,701134,6024,2022-01-30,6.5,U/L,Normal
1116104,706020,6024,2023-09-05,48.09,mg/dL,Normal
1116105,706014,6008,2023-06-26,19.53,g/dL,Low
1116106,706083,6002,2025-06-03,42.42,mmol/L,Normal
1116107,700614,6004,2021-01-10,24.31,g/dL,Normal
1116108,701491,6022,2023-01-13,10.2,mmol/L,Low
1116109,700994,6021,2023-02-16,42.83,g/dL,Normal
1116110,702417,6006,2021-10-08,8.92,g/dL,Critical
1116111,700514,6011,2025-10-22,27.79,mmol/L,Normal
1116112,701424,6019,2025-03-08,70.33,g/dL,Normal
1116113,704678,6011,2024-12-13,19.54,g/dL,Normal
1116114,700694,6015,2022-11-14,22.89,%,Normal
1116115,705059,6023,2022-11-11,21.12,%,High
1116116,700971,6016,2025-11-26,22.19,%,Low
1116117,700011,6019,2024-10-03,7.29,g/dL,Normal
1116118,706345,6011,2024-10-09,19.78,mmol/L,Critical
1116119,706023,6005,2023-01-18,10.2,mmol/L,High
1116120,700045,6001,2023-02-16,43.82,mg/dL,Low
1116121,703124,6016,2023-01-17,10.84,g/dL,Normal
1116122,702704,6014,2023-03-11,5.03,U/L,Normal
1116123,701943,6004,2022-10-15,24.33,mmol/L,Normal
1116124,701620,6022,2023-11-25,26.48,mg/dL,Normal
1116125,701937,6003,2021-04-13,11.74,%,Critical
1116126,701607,6015,2022-12-02,47.69,mmol/L,Normal
1116127,700509,6018,2022-05-12,10.82,%,Critical
1116128,706096,6006,2023-10-05,10.0,mmHg,Low
1116129,704025,6013,2022-07-13,19.24,%,Normal
1116130,705577,6006,2022-08-01,17.82,U/L,Normal
1116131,703180,6025,2021-05-03,16.83,mg/dL,High
1116132,703930,6002,2022-09-01,18.74,mmHg,Normal
1116133,702605,6019,2025-09-16,15.44,%,High
1116134,701366,6018,2024-01-08,35.05,%,Normal
1116135,702207,6023,2025-09-09,6.26,U/L,Normal
1116136,702694,6002,2021-11-10,18.52,mmHg,Critical
1116137,702491,6005,2022-03-17,14.38,mmol/L,Normal
1116138,701766,6002,2025-07-11,18.56,mmol/L,Low
1116139,702891,6025,2024-02-06,31.99,mmol/L,Normal
1116140,703391,6017,2022-12-28,39.15,mmHg,Normal
1116141,704033,6023,2025-04-18,22.54,g/dL,Normal
1116142,700985,6011,2021-11-20,29.11,mmol/L,Low
1116143,700282,6008,2023-08-09,12.11,mg/dL,High
1116144,702684,6010,2021-02-07,40.75,U/L,Normal
1116145,702985,6014,2025-10-25,8.09,mg/dL,Normal
1116146,703970,6015,2022-02-20,33.74,g/dL,Normal
1116147,702871,6005,2022-09-18,34.22,mmol/L,Normal
1116148,703037,6006,2024-08-06,9.4,%,High
1116149,705313,6023,2022-09-25,21.11,U/L,Low
1116150,703160,6015,2022-05-12,34.34,%,Normal
1116151,702735,6007,2022-09-20,16.05,mmHg,Normal
1116152,701892,6003,2025-03-16,18.81,%,Critical
1116153,701548,6008,2023-03-20,73.14,U/L,High
1116154,700728,6019,2023-08-23,12.9,mmHg,Normal
1116155,704769,6021,2022-06-03,26.58,%,Normal
1116156,703056,6003,2025-02-12,15.84,mmHg,Normal
1116157,701191,6010,2023-11-07,142.79,%,Normal
1116158,704746,6020,2025-11-07,15.27,mmol/L,Normal
1116159,702730,6004,2024-08-04,26.91,g/dL,Low
1116160,706147,6013,2024-03-12,51.03,g/dL,Normal
1116161,701341,6020,2025-10-01,4.03,mmol/L,Low
1116162,704145,6016,2021-01-13,4.08,g/dL,Low
1116163,704040,6026,2025-08-20,13.14,mmol/L,High
1116164,701871,6004,2021-03-05,12.28,mmHg,Normal
1116165,703838,6010,2024-10-10,24.48,mmHg,Critical
1116166,702677,6017,2025-12-16,12.39,mg/dL,Normal
1116167,705704,6024,2025-04-09,21.72,U/L,High
1116168,700968,6024,2024-09-12,12.98,mmol/L,High
1116169,700927,6022,2021-08-06,157.56,%,Critical
1116170,702096,6021,2021-11-22,15.98,%,Normal
1116171,704377,6015,2023-03-13,20.75,mmol/L,Normal
1116172,706294,6009,2023-05-16,197.32,mmHg,Normal
1116173,705335,6019,2021-07-05,29.63,mmHg,Normal
1116174,702269,6004,2025-05-09,17.15,mmol/L,Normal
1116175,702814,6013,2021-12-02,43.07,mmol/L,Normal
1116176,705999,6017,2022-09-09,8.23,mmHg,High
1116177,701294,6016,2025-05-27,4.77,g/dL,Normal
1116178,703756,6010,2025-05-05,13.55,mg/dL,Critical
1116179,704539,6001,2022-01-18,7.79,mmol/L,Normal
1116180,700193,6014,2021-11-16,26.16,mg/dL,Low
1116181,702839,6008,2022-11-09,63.16,%,Normal
1116182,700839,6022,2025-08-14,28.47,mg/dL,Low
1116183,705460,6007,2024-12-10,35.35,g/dL,Normal
1116184,705550,6015,2025-02-13,25.33,mg/dL,Normal
1116185,705838,6012,2022-05-03,13.32,mmol/L,Normal
1116186,706000,6005,2025-11-28,33.41,mmHg,Normal
1116187,703956,6003,2021-05-27,14.61,mg/dL,Normal
1116188,704622,6007,2021-10-04,70.35,mmol/L,Normal
1116189,706210,6013,2022-09-14,23.54,g/dL,Normal
1116190,705014,6009,2025-02-23,6.6,mg/dL,Normal
1116191,704573,6026,2025-10-01,20.44,U/L,High
1116192,705196,6016,2021-08-26,19.38,g/dL,Normal
1116193,704679,6015,2021-02-20,49.62,g/dL,Low
1116194,700767,6012,2023-06-23,58.32,mmol/L,High
1116195,706273,6024,2021-12-21,24.61,mmol/L,Normal
1116196,703426,6012,2023-10-12,22.51,mmHg,Normal
1116197,702267,6019,2023-12-08,33.08,mmol/L,High
1116198,703459,6005,2023-09-28,14.82,mmHg,High
1116199,700200,6009,2021-06-13,54.4,mg/dL,Normal
1116200,703954,6005,2023-12-18,6.4,mg/dL,Low
1116201,705937,6018,2021-09-19,32.71,mmHg,Critical
1116202,705800,6009,2022-10-24,113.58,g/dL,Normal
1116203,702742,6017,2022-02-08,55.31,mmHg,High
1116204,703520,6006,2022-05-03,15.09,mmHg,Normal
1116205,703467,6006,2022-02-20,15.98,mg/dL,High
1116206,705076,6017,2021-03-04,21.76,mmHg,Low
1116207,703679,6018,2021-09-17,57.45,U/L,High
1116208,703163,6018,2023-07-11,9.56,mmHg,Normal
1116209,702415,6022,2025-10-21,66.56,U/L,Low
1116210,704964,6002,2021-04-02,18.98,%,Normal
1116211,702249,6019,2024-06-28,15.29,mmHg,Normal
1116212,703392,6001,2024-11-24,31.1,g/dL,Normal
1116213,701802,6014,2023-09-05,7.33,g/dL,Normal
1116214,702467,6024,2022-06-14,7.82,%,Low
1116215,701931,6013,2024-10-31,8.79,mg/dL,Normal
1116216,706022,6017,2021-03-01,15.88,mg/dL,Normal
1116217,701037,6012,2022-11-11,15.55,U/L,High
1116218,705409,6014,2021-03-26,5.96,mmol/L,Normal
1116219,701837,6006,2022-07-05,39.55,U/L,Low
1116220,704382,6025,2024-06-12,97.52,g/dL,Normal
1116221,704120,6004,2024-11-27,16.87,U/L,Normal
1116222,700706,6026,2024-08-22,31.73,mmHg,Normal
1116223,703405,6019,2022-08-20,39.51,mmol/L,Normal
1116224,702398,6026,2024-08-27,19.62,mmol/L,High
1116225,703303,6008,2025-04-20,20.51,%,Normal
1116226,701080,6005,2025-01-21,12.89,g/dL,Normal
1116227,704526,6013,2024-11-17,35.69,U/L,Low
1116228,701500,6016,2024-02-10,36.07,mmol/L,Normal
1116229,701485,6006,2022-02-28,31.91,%,Normal
1116230,703536,6009,2021-05-20,17.93,%,Normal
1116231,700174,6002,2021-10-21,12.06,mg/dL,Normal
1116232,702104,6001,2021-10-07,19.82,mmHg,Normal
1116233,704588,6007,2024-10-03,8.3,U/L,Normal
1116234,706294,6020,2025-11-09,35.63,g/dL,Normal
1116235,705332,6012,2021-06-29,24.47,mg/dL,Low
1116236,702148,6019,2025-07-18,10.92,U/L,High
1116237,700167,6018,2024-10-24,19.84,U/L,High
1116238,705385,6010,2021-05-20,38.72,mg/dL,Normal
1116239,702408,6024,2021-09-06,16.39,mmol/L,Normal
1116240,703159,6004,2021-09-05,16.37,U/L,Normal
1116241,704209,6017,2021-04-21,16.35,mmol/L,Normal
1116242,700528,6018,2022-06-25,16.46,mmHg,Normal
1116243,705924,6016,2023-05-01,13.79,%,Normal
1116244,703692,6021,2021-05-11,100.74,mg/dL,Normal
1116245,702127,6011,2025-11-20,33.28,g/dL,Normal
1116246,702424,6020,2025-12-01,109.9,mmol/L,Normal
1116247,705092,6019,2025-06-14,10.04,%,High
1116248,705764,6004,2022-10-03,10.08,mmol/L,Normal
1116249,701320,6009,2022-12-01,22.07,%,Critical
1116250,703754,6002,2025-01-23,63.18,%,Normal
1116251,705124,6003,2023-11-05,5.38,U/L,Low
1116252,706264,6013,2024-12-15,17.18,mmol/L,Low
1116253,705533,6011,2024-09-04,23.84,U/L,Normal
1116254,700151,6019,2025-02-28,23.02,mmHg,Normal
1116255,704372,6025,2023-12-15,22.16,mmHg,Normal
1116256,705266,6014,2023-06-23,4.54,mmHg,Low
1116257,703370,6015,2021-04-22,42.99,%,Low
1116258,706143,6002,2022-12-31,27.73,%,Low
1116259,704071,6024,2024-11-18,128.9,U/L,Normal
1116260,703077,6010,2021-08-29,13.76,mg/dL,Normal
1116261,702056,6022,2022-09-23,39.44,mg/dL,Critical
1116262,703417,6017,2024-02-22,32.32,mmol/L,High
1116263,703968,6020,2023-07-18,22.89,g/dL,Normal
1116264,700878,6005,2023-06-09,23.04,%,Low
1116265,705275,6013,2024-04-21,75.27,g/dL,Normal
1116266,700851,6016,2021-02-27,30.59,mmol/L,Normal
1116267,704191,6003,2021-05-24,6.93,U/L,Normal
1116268,705474,6009,2025-03-14,14.6,mmol/L,Normal
1116269,702666,6019,2024-07-25,49.02,mmol/L,Critical
1116270,701282,6004,2024-11-17,21.36,U/L,Normal
1116271,701987,6017,2023-12-07,49.57,U/L,Normal
1116272,704287,6018,2025-09-21,29.28,mmol/L,Low
1116273,700467,6001,2023-05-05,43.87,U/L,Normal
1116274,705375,6007,2022-01-11,4.88,g/dL,Low
1116275,700792,6016,2025-09-13,15.11,mmol/L,Normal
1116276,704789,6002,2022-08-12,24.63,mg/dL,Normal
1116277,705076,6012,2023-09-01,88.67,mmHg,Normal
1116278,701809,6003,2022-07-17,77.33,mmHg,Normal
1116279,704956,6011,2021-08-18,65.11,mmHg,Normal
1116280,706442,6004,2022-11-05,16.21,%,Normal
1116281,701376,6015,2025-11-04,49.12,mmHg,Normal
1116282,701959,6014,2025-02-15,8.99,mg/dL,Normal
1116283,705020,6022,2023-11-20,14.36,g/dL,Low
1116284,700247,6015,2025-01-16,13.63,%,Normal
1116285,700705,6017,2024-08-09,25.97,mmHg,Normal
1116286,702378,6022,2023-11-05,15.74,mmol/L,Normal
1116287,701334,6011,2025-06-14,17.47,U/L,Normal
1116288,706299,6023,2022-06-15,8.84,mmHg,Normal
1116289,705774,6001,2022-10-02,7.54,%,Normal
1116290,703191,6015,2025-10-19,21.02,%,Low
1116291,702611,6007,2024-08-31,14.43,mg/dL,Normal
1116292,702717,6017,2021-11-04,41.45,U/L,Normal
1116293,701310,6021,2025-08-31,13.48,mmHg,Low
1116294,703958,6003,2021-03-11,7.84,mmol/L,Normal
1116295,700868,6005,2025-11-06,8.37,U/L,Normal
1116296,703575,6023,2024-08-23,12.6,U/L,Low
1116297,700509,6013,2025-03-11,22.88,mmHg,High
1116298,702944,6007,2025-03-09,19.92,U/L,Normal
1116299,701907,6013,2024-07-05,47.28,g/dL,Critical
1116300,705501,6018,2023-04-21,40.69,mmHg,High
1116301,703049,6014,2023-07-09,8.27,g/dL,Normal
1116302,700147,6022,2024-01-07,16.54,mmol/L,Normal
1116303,702789,6005,2021-06-21,14.31,%,Normal
1116304,702399,6021,2022-12-22,16.73,g/dL,Normal
1116305,702697,6007,2023-03-06,31.44,mmHg,Normal
1116306,703244,6023,2024-12-19,23.57,U/L,Low
1116307,704461,6016,2023-10-08,83.6,mmol/L,High
1116308,701529,6026,2021-02-05,15.58,mmHg,Normal
1116309,705318,6020,2024-03-08,20.19,U/L,Normal
1116310,705649,6004,2025-01-10,45.06,%,Normal
1116311,705887,6017,2023-03-04,36.33,%,Normal
1116312,702141,6017,2022-11-11,4.62,mmHg,High
1116313,700032,6021,2025-04-26,10.21,U/L,Normal
1116314,700920,6022,2024-09-29,29.51,mg/dL,Normal
1116315,701373,6010,2023-09-10,13.75,%,Normal
1116316,704402,6013,2024-01-24,39.54,%,Normal
1116317,701069,6018,2024-10-18,23.43,U/L,High
1116318,702907,6004,2021-05-15,40.61,mmHg,Normal
1116319,700155,6025,2024-12-02,18.38,%,High
1116320,704275,6009,2022-10-24,21.63,mmHg,High
1116321,705112,6005,2022-03-06,17.01,mmol/L,Normal
1116322,701920,6016,2025-11-18,8.42,U/L,Normal
1116323,704779,6022,2022-04-24,,%,Low
1116324,703462,6010,2022-08-03,27.39,%,Normal
1116325,702347,6015,2023-12-24,79.28,U/L,Normal
1116326,702565,6017,2025-05-10,53.75,mmHg,Low
1116327,700303,6015,2022-04-04,12.51,U/L,Normal
1116328,703053,6020,2023-07-03,45.11,g/dL,Normal
1116329,701683,6006,2024-07-31,5.36,%,High
1116330,705847,6018,2025-09-17,17.27,mmHg,High
1116331,702955,6016,2022-10-09,24.6,mmHg,Normal
1116332,700144,6013,2023-01-14,32.19,g/dL,Normal
1116333,703687,6014,2021-08-16,23.66,%,Normal
1116334,702199,6004,2025-06-04,9.18,U/L,Normal
1116335,705239,6021,2023-10-14,30.8,U/L,High
1116336,703059,6018,2022-01-24,18.69,mg/dL,Low
1116337,704334,6014,2022-07-24,17.57,mmol/L,Normal
1116338,705826,6006,2021-09-01,13.96,%,Normal
1116339,704877,6026,2022-03-27,33.3,%,High
1116340,702657,6025,2025-01-20,19.33,mg/dL,Normal
1116341,705771,6024,2025-03-14,15.54,g/dL,High
1116342,704594,6005,2023-03-20,11.23,g/dL,Normal
1116343,703714,6001,2024-12-28,11.64,%,Normal
1116344,706002,6015,2022-01-12,28.52,%,Normal
1116345,701655,6001,2025-05-17,13.57,%,Normal
1116346,702144,6024,2023-12-27,66.38,U/L,High
1116347,701101,6014,2022-05-09,15.2,U/L,Critical
1116348,703541,6012,2024-02-20,18.08,g/dL,Normal
1116349,704695,6024,2022-08-07,14.6,mmHg,Low
1116350,704008,6021,2024-11-06,54.18,mg/dL,Normal
1116351,701861,6002,2023-03-05,16.4,U/L,Low
1116352,703576,6023,2022-10-02,48.33,mg/dL,Normal
1116353,704943,6021,2023-02-11,11.07,mmHg,Low
1116354,704413,6013,2021-12-13,5.88,%,Normal
1116355,702079,6020,2021-07-19,22.85,mmHg,Low
1116356,705522,6008,2021-02-11,6.42,%,Normal
1116357,704957,6008,2023-11-11,16.01,mmol/L,Normal
1116358,703843,6020,2024-02-13,29.79,mmol/L,Normal
1116359,701895,6018,2021-10-14,23.9,U/L,Normal
1116360,700885,6005,2025-02-27,11.31,g/dL,Normal
1116361,702171,6017,2025-07-23,60.06,mmol/L,Normal
1116362,705866,6023,2024-08-24,18.59,mmol/L,Normal
1116363,702395,6007,2024-05-15,42.12,%,Normal
1116364,703984,6019,2025-12-10,46.39,mmHg,Normal
1116365,700059,6017,2023-01-27,38.59,g/dL,High
1116366,700011,6024,2024-05-14,8.31,mmol/L,Low
1116367,705962,6018,2025-09-21,22.48,mmHg,Normal
1116368,701033,6025,2023-03-20,25.11,mmol/L,Normal
1116369,700407,6011,2021-01-02,12.23,mmol/L,Low
1116370,703144,6017,2022-08-28,48.09,mmol/L,Critical
1116371,703554,6025,2025-11-30,18.69,mmol/L,Normal
1116372,704787,6022,2025-05-12,10.7,U/L,Normal
1116373,705812,6013,2025-07-15,60.81,g/dL,Normal
1116374,704471,6007,2024-10-29,10.13,U/L,Normal
1116375,704942,6006,2025-07-16,9.66,g/dL,Critical
1116376,704430,6004,2022-04-18,19.45,U/L,Normal
1116377,702598,6019,2024-08-17,11.55,mmHg,Normal
1116378,700462,6017,2024-09-10,18.28,U/L,Normal
1116379,705342,6019,2025-11-03,11.81,%,Normal
1116380,700452,6019,2023-08-05,14.1,mmHg,Normal
1116381,703038,6011,2022-02-26,25.34,%,Normal
1116382,704533,6017,2024-06-19,4.9,g/dL,Normal
1116383,700677,6009,2021-01-10,55.36,g/dL,Normal
1116384,702164,6003,2025-10-26,37.1,g/dL,Normal
1116385,703676,6001,2023-12-25,79.73,mmol/L,Normal
1116386,702964,6024,2025-04-05,8.78,g/dL,Normal
1116387,705053,6016,2021-05-18,48.66,mmHg,Normal
1116388,706379,6019,2025-01-26,22.56,mmHg,Low
1116389,704876,6004,2021-09-08,7.28,U/L,High
1116390,706216,6017,2021-11-22,8.7,mg/dL,Normal
1116391,700543,6022,2024-12-12,62.4,mg/dL,Low
1116392,700590,6022,2023-11-10,51.21,%,Normal
1116393,701926,6021,2023-11-18,7.19,mg/dL,High
1116394,702203,6022,2023-05-04,27.92,mg/dL,Normal
1116395,702455,6004,2025-01-25,25.18,U/L,Normal
1116396,705332,6018,2024-09-24,41.83,mmol/L,Normal
1116397,702375,6003,2022-02-07,45.35,U/L,Normal
1116398,705622,6023,2024-12-16,105.4,mmHg,Normal
1116399,704387,6012,2022-02-03,48.1,g/dL,Normal
1116400,704734,6021,2024-07-12,31.4,U/L,Normal
1116401,703842,6010,2025-08-16,12.43,mmol/L,Normal
1116402,702917,6001,2023-10-09,56.68,mmHg,Low
1116403,706338,6025,2021-04-30,16.33,mg/dL,Low
1116404,705103,6010,2022-12-23,8.62,U/L,Normal
1116405,701296,6024,2021-07-20,63.1,mmHg,Normal
1116406,705854,6004,2022-02-26,36.66,mg/dL,Normal
1116407,705301,6021,2023-02-22,10.0,mmHg,High
1116408,704427,6016,2021-05-09,7.52,U/L,Low
1116409,703165,6019,2022-04-13,17.99,g/dL,Normal
1116410,704513,6025,2021-10-11,22.92,%,Normal
1116411,700902,6012,2025-10-19,6.95,%,Normal
1116412,702964,6009,2025-11-04,17.79,g/dL,Normal
1116413,704109,6019,2021-10-06,36.9,U/L,Normal
1116414,701595,6013,2022-03-21,15.32,mmHg,Normal
1116415,700256,6003,2023-01-11,12.62,g/dL,Normal
1116416,706111,6013,2022-10-04,4.06,mmol/L,Normal
1116417,701709,6017,2024-05-01,143.6,mmol/L,Normal
1116418,704811,6020,2023-01-04,32.15,U/L,High
1116419,703379,6022,2023-02-04,24.17,mmol/L,High
1116420,702801,6005,2021-06-08,17.71,%,Normal
1116421,701600,6017,2025-10-20,11.72,%,Normal
1116422,704139,6006,2023-01-02,72.62,mmol/L,Normal
1116423,706467,6018,2021-01-06,4.58,mmol/L,Low
1116424,700946,6005,2024-11-02,17.06,mg/dL,Normal
1116425,704974,6010,2024-03-15,6.83,U/L,High
1116426,702823,6012,2025-03-31,33.92,mmHg,Low
1116427,701764,6004,2023-10-18,31.29,mmHg,Low
1116428,705351,6011,2023-10-22,17.94,mmHg,Normal
1116429,705383,6012,2023-07-25,4.46,mg/dL,Normal
1116430,704658,6012,2024-06-01,38.82,mmHg,Normal
1116431,704907,6004,2025-05-28,29.75,mmol/L,Normal
1116432,705889,6008,2024-02-05,21.61,U/L,Normal
1116433,704172,6017,2022-04-20,31.62,mmHg,Critical
1116434,704599,6018,2021-03-14,62.37,%,Normal
1116435,703585,6025,2021-10-16,33.07,U/L,Normal
1116436,702710,6023,2022-08-03,19.0,U/L,Normal
1116437,703820,6013,2022-01-25,11.67,g/dL,Normal
1116438,705062,6016,2025-01-18,16.68,%,High
1116439,704687,6022,2024-06-30,27.56,mg/dL,Low
1116440,705136,6003,2021-12-16,55.11,mmHg,Normal
1116441,701444,6012,2025-09-20,108.15,U/L,Low
1116442,703069,6018,2023-05-01,6.35,U/L,Normal
1116443,702893,6003,2024-03-08,25.63,mmol/L,Normal
1116444,704985,6017,2021-09-20,48.66,%,Normal
1116445,705812,6023,2023-09-02,6.88,U/L,Low
1116446,703084,6007,2025-03-10,38.05,mg/dL,Normal
1116447,704766,6026,2023-01-21,10.84,mg/dL,Low
1116448,700984,6010,2024-07-02,20.35,g/dL,Normal
1116449,701938,6006,2021-10-06,17.62,g/dL,High
1116450,703513,6025,2022-02-08,22.19,mmol/L,High
1116451,703961,6025,2021-12-27,16.65,mg/dL,Normal
1116452,701255,6006,2021-04-18,16.52,mg/dL,Normal
1116453,704692,6023,2025-01-26,14.33,mg/dL,Normal
1116454,703567,6021,2021-09-12,15.72,mmol/L,Normal
1116455,704774,6024,2023-07-07,16.95,mmHg,Normal
1116456,702312,6015,2023-04-04,43.54,mmHg,High
1116457,700305,6005,2023-07-14,10.75,g/dL,Normal
1116458,705294,6005,2022-06-25,46.98,mmol/L,Normal
1116459,701897,6007,2023-09-25,28.07,mg/dL,Normal
1116460,705814,6011,2022-02-02,11.5,g/dL,Normal
1116461,703361,6018,2023-05-01,18.97,mmol/L,High
1116462,700483,6024,2024-09-15,18.24,mmHg,Normal
1116463,702966,6009,2024-09-01,10.81,mmol/L,Critical
1116464,704937,6004,2025-01-07,18.0,g/dL,Normal
1116465,704342,6025,2022-10-13,,g/dL,High
1116466,704269,6001,2022-06-16,34.55,U/L,Normal
1116467,706201,6009,2024-11-12,46.74,mmHg,Normal
1116468,704212,6016,2022-01-11,14.11,mmHg,Normal
1116469,702253,6001,2023-05-09,7.36,U/L,Normal
1116470,704418,6018,2025-03-08,36.9,mmHg,Normal
1116471,705788,6012,2022-02-27,17.38,g/dL,Normal
1116472,701995,6002,2022-08-21,53.3,%,Normal
1116473,701825,6008,2023-02-17,42.37,mmHg,High
1116474,701950,6020,2024-03-26,18.71,mmol/L,Normal
1116475,703078,6014,2023-04-25,38.74,mmHg,High
1116476,702603,6018,2024-02-18,15.83,g/dL,High
1116477,700009,6004,2024-11-08,31.49,mmol/L,Normal
1116478,705987,6019,2023-07-11,37.21,U/L,Normal
1116479,704833,6006,2024-11-19,44.37,mmol/L,Normal
1116480,704627,6004,2022-06-10,20.42,mmol/L,Normal
1116481,701750,6024,2022-10-14,33.33,mg/dL,High
1116482,706092,6009,2024-03-28,13.12,U/L,Normal
1116483,706445,6014,2023-10-23,3.34,%,High
1116484,702434,6017,2025-04-03,28.27,%,High
1116485,705894,6026,2022-05-23,19.52,mmHg,Low
1116486,703522,6023,2024-05-07,25.35,g/dL,Normal
1116487,703813,6004,2021-05-04,26.06,mg/dL,Normal
1116488,700053,6005,2025-12-15,15.64,mmHg,Low
1116489,701570,6010,2022-12-23,11.32,mmol/L,Normal
1116490,703690,6024,2024-09-05,12.64,mg/dL,High
1116491,700388,6011,2025-02-18,15.58,mmol/L,Normal
1116492,704302,6010,2024-09-19,39.03,mg/dL,Normal
1116493,702775,6002,2023-12-16,15.72,U/L,Low
1116494,700633,6009,2021-10-26,28.78,U/L,Normal
1116495,703186,6015,2025-07-02,40.1,U/L,High
1116496,701369,6018,2025-08-27,23.37,mg/dL,Normal
1116497,701197,6014,2021-11-25,6.59,mmHg,Normal
1116498,701586,6015,2022-07-08,12.49,mg/dL,Low
1116499,703243,6006,2025-04-06,40.35,mg/dL,Normal
1116500,703428,6009,2023-08-27,34.08,%,Normal
1116501,703770,6022,2025-11-09,29.02,%,Normal
1116502,702710,6012,2024-01-11,20.02,%,Normal
1116503,705442,6026,2022-07-27,16.42,mmol/L,Normal
1116504,701926,6001,2022-06-10,39.3,%,Normal
1116505,700040,6003,2023-10-05,9.02,mmHg,Normal
1116506,704465,6005,2021-08-16,43.05,mg/dL,Normal
1116507,702736,6019,2022-11-04,3.83,mmol/L,Normal
1116508,701231,6015,2022-06-23,26.57,g/dL,Normal
1116509,703063,6015,2024-11-20,32.28,mg/dL,Normal
1116510,702918,6011,2024-05-29,10.91,mg/dL,Normal
1116511,700694,6007,2024-10-26,18.53,%,Normal
1116512,704327,6007,2022-01-17,16.93,mmHg,Normal
1116513,701777,6008,2023-10-24,8.2,%,Low
1116514,701659,6018,2023-09-26,18.85,U/L,High
1116515,702364,6015,2022-05-21,5.08,U/L,Normal
1116516,702790,6012,2022-03-26,28.69,mg/dL,Normal
1116517,706249,6010,2025-08-06,15.75,mmHg,Normal
1116518,701601,6005,2025-09-23,42.22,g/dL,Normal
1116519,703073,6008,2022-12-16,28.58,mmHg,High
1116520,703483,6011,2025-08-23,27.33,mmHg,Normal
1116521,700780,6014,2025-03-05,10.27,g/dL,Normal
1116522,703503,6001,2021-11-08,21.7,%,Normal
1116523,703260,6022,2022-01-16,21.77,mmol/L,High
1116524,706244,6007,2021-12-19,10.56,g/dL,Normal
1116525,702760,6001,2022-02-23,48.42,mmol/L,Normal
1116526,701110,6013,2022-05-24,18.33,mg/dL,Normal
1116527,704163,6019,2023-09-24,39.62,mmHg,Normal
1116528,700440,6009,2024-03-15,5.81,U/L,Critical
1116529,703781,6011,2025-11-21,20.73,g/dL,High
1116530,700906,6018,2024-11-10,15.32,U/L,High
1116531,705180,6009,2023-06-07,51.52,U/L,Normal
1116532,700986,6009,2023-02-16,26.84,mmHg,Low
1116533,700722,6014,2023-06-03,9.66,mmHg,Normal
1116534,700601,6023,2022-08-05,35.35,mg/dL,Normal
1116535,702868,6008,2023-07-31,51.92,mmol/L,Low
1116536,706462,6025,2022-06-16,19.76,U/L,Normal
1116537,704095,6022,2022-11-03,9.44,mg/dL,Normal
1116538,705160,6004,2023-04-23,4.29,g/dL,Normal
1116539,701355,6005,2021-06-08,20.04,%,Normal
1116540,702714,6014,2023-03-31,26.33,%,Normal
1116541,701620,6023,2024-06-27,29.42,mmHg,Normal
1116542,700712,6012,2023-05-01,15.62,U/L,Low
1116543,700964,6009,2024-02-14,14.24,mg/dL,High
1116544,705966,6001,2021-12-22,17.97,mg/dL,Low
1116545,701842,6022,2023-04-20,17.68,mmHg,Normal
1116546,702311,6021,2021-06-24,22.35,mmol/L,High
1116547,705857,6019,2022-08-26,43.78,U/L,Low
1116548,705717,6018,2022-01-28,13.34,mmol/L,Normal
1116549,704501,6014,2023-11-25,59.09,mg/dL,Normal
1116550,703170,6022,2025-12-05,17.02,mg/dL,Normal
1116551,701696,6014,2024-02-10,14.95,mmol/L,Normal
1116552,704794,6012,2024-02-10,23.63,g/dL,Normal
1116553,700222,6016,2022-04-13,9.35,%,Critical
1116554,700374,6004,2025-12-26,12.97,mg/dL,Low
1116555,704486,6005,2021-03-21,13.74,%,High
1116556,700301,6021,2022-01-02,22.93,%,Normal
1116557,704495,6006,2022-03-15,12.71,mmol/L,Low
1116558,705521,6020,2025-02-05,104.22,g/dL,Normal
1116559,701447,6011,2025-03-13,35.53,mg/dL,Normal
1116560,702539,6026,2024-01-23,30.43,%,Normal
1116561,704378,6005,2021-02-27,44.82,mmol/L,Low
1116562,704916,6023,2022-11-28,9.63,mmol/L,Normal
1116563,701862,6003,2022-08-27,6.83,g/dL,Normal
1116564,705117,6018,2021-10-25,10.34,mg/dL,Low
1116565,706054,6016,2021-05-26,19.93,%,Normal
1116566,704060,6019,2021-01-16,11.72,mmol/L,Normal
1116567,704731,6005,2023-09-16,24.55,g/dL,Normal
1116568,704526,6005,2025-04-18,48.83,%,Normal
1116569,702230,6022,2021-11-03,21.63,%,Normal
1116570,702128,6004,2025-02-24,9.48,mmol/L,Normal
1116571,702113,6022,2023-12-20,7.53,g/dL,Critical
1116572,704102,6014,2022-01-12,36.26,g/dL,Low
1116573,700245,6021,2023-10-22,16.94,%,Normal
1116574,700646,6021,2025-02-24,15.5,g/dL,Normal
1116575,704664,6008,2021-12-04,17.19,g/dL,High
1116576,701312,6001,2025-09-27,5.96,U/L,Low
1116577,701143,6023,2025-10-16,28.98,mmHg,Normal
1116578,704691,6020,2024-11-13,11.39,U/L,Normal
1116579,700499,6008,2023-01-20,9.25,mmHg,Normal
1116580,704751,6016,2023-07-05,16.0,%,Normal
1116581,701566,6026,2024-03-31,13.35,%,Normal
1116582,700903,6004,2021-03-23,22.79,%,Low
1116583,701948,6013,2021-05-29,14.39,%,Low
1116584,701537,6009,2023-03-05,29.1,g/dL,Normal
1116585,706188,6005,2022-06-14,11.56,g/dL,High
1116586,701292,6023,2023-08-18,20.55,mmHg,Normal
1116587,704930,6014,2021-12-25,11.14,mmol/L,Normal
1116588,704938,6002,2025-10-12,12.68,mmHg,Normal
1116589,700280,6011,2024-07-09,29.11,%,Low
1116590,700904,6009,2023-08-31,23.42,mmol/L,High
1116591,705996,6018,2023-09-26,8.19,mmHg,Normal
1116592,706427,6013,2023-04-13,14.84,mg/dL,Normal
1116593,705446,6005,2023-01-09,16.92,mmol/L,Normal
1116594,701824,6017,2021-08-06,13.58,mg/dL,Normal
1116595,703161,6012,2024-09-11,44.74,mmHg,Normal
1116596,700237,6019,2023-09-22,12.51,U/L,Normal
1116597,701801,6008,2025-11-17,16.74,mmHg,High
1116598,704322,6018,2025-04-06,10.96,%,Normal
1116599,705792,6018,2023-08-20,11.02,mmol/L,Low
1116600,701800,6006,2021-04-29,15.46,U/L,Normal
1116601,705232,6024,2024-12-19,54.47,U/L,Normal
1116602,703404,6003,2023-06-08,38.5,mmHg,Low
1116603,706184,6003,2025-05-28,7.38,mg/dL,Normal
1116604,703885,6004,2021-04-22,13.1,mmol/L,Low
1116605,705451,6019,2021-04-02,9.4,mmHg,Normal
1116606,702997,6011,2022-04-04,28.1,%,Normal
1116607,704192,6009,2022-09-20,65.16,g/dL,High
1116608,700264,6009,2022-02-25,10.15,mmHg,Normal
1116609,704691,6018,2022-01-30,,mmol/L,Normal
1116610,706318,6009,2023-10-15,41.19,g/dL,Normal
1116611,700086,6010,2022-10-10,15.71,%,High
1116612,700525,6021,2024-12-02,57.7,mmol/L,Normal
1116613,704293,6008,2024-12-04,6.79,mmol/L,Normal
1116614,703411,6002,2024-06-07,74.16,g/dL,Normal
1116615,700536,6017,2024-12-21,12.09,%,Low
1116616,700148,6002,2021-05-07,58.19,g/dL,Normal
1116617,706444,6005,2022-03-05,9.43,U/L,Normal
1116618,700967,6007,2024-02-11,142.58,g/dL,High
1116619,705729,6014,2024-04-11,18.56,mg/dL,Normal
1116620,705827,6003,2021-04-22,4.26,g/dL,High
1116621,702382,6007,2025-03-10,18.05,%,Normal
1116622,704884,6001,2023-10-06,30.03,mmHg,Low
1116623,701975,6015,2021-10-12,31.8,mmHg,Normal
1116624,703935,6024,2021-01-08,14.18,mmHg,Normal
1116625,704180,6018,2025-05-14,24.08,mg/dL,Normal
1116626,701725,6021,2021-11-09,8.15,g/dL,Normal
1116627,704747,6025,2023-09-10,11.85,mmol/L,Normal
1116628,700607,6024,2023-07-23,32.48,g/dL,Normal
1116629,700160,6020,2023-07-27,25.33,mg/dL,Normal
1116630,704944,6013,2023-02-23,12.61,mmol/L,High
1116631,700234,6007,2022-03-05,10.99,g/dL,Normal
1116632,702512,6025,2021-01-01,23.75,mg/dL,Critical
1116633,703115,6001,2025-08-16,35.51,U/L,Normal
1116634,700443,6019,2024-05-22,25.31,%,High
1116635,705240,6011,2021-12-17,16.53,%,High
1116636,702051,6015,2025-07-13,9.84,mmol/L,High
1116637,702454,6026,2022-03-02,44.65,%,Normal
1116638,704036,6026,2025-05-28,36.51,mmol/L,Normal
1116639,705251,6007,2022-10-09,3.74,mmHg,Normal
1116640,702036,6020,2021-03-23,7.34,%,Low
1116641,700159,6013,2025-05-27,52.17,g/dL,Normal
1116642,702989,6010,2025-03-22,21.27,mmol/L,Normal
1116643,704629,6020,2021-09-01,41.87,mg/dL,Low
1116644,703354,6026,2024-04-24,12.83,%,High
1116645,701970,6003,2023-09-10,9.71,g/dL,Normal
1116646,704249,6026,2021-01-08,14.23,mmHg,Normal
1116647,705186,6008,2022-12-17,73.49,U/L,Low
1116648,701398,6018,2022-05-29,16.55,mg/dL,High
1116649,705065,6003,2022-06-26,12.72,%,Normal
1116650,703396,6012,2022-05-13,12.07,mg/dL,Normal
1116651,706142,6013,2023-04-01,14.72,g/dL,High
1116652,703951,6007,2021-05-30,23.4,mg/dL,Normal
1116653,703542,6008,2025-01-05,10.04,%,Normal
1116654,701893,6008,2025-01-12,22.78,%,Normal
1116655,705400,6018,2022-02-11,12.25,U/L,Low
1116656,700370,6004,2025-03-05,96.32,mmol/L,High
1116657,704512,6010,2022-06-09,40.02,U/L,Normal
1116658,706080,6024,2022-04-23,18.01,g/dL,High
1116659,705414,6016,2022-01-08,7.08,mg/dL,Normal
1116660,701868,6021,2023-09-11,18.0,U/L,High
1116661,700537,6018,2025-01-17,74.36,mmol/L,Normal
1116662,702302,6004,2024-03-26,90.84,g/dL,Normal
1116663,701396,6014,2024-03-27,32.15,%,Normal
1116664,704874,6004,2021-02-23,14.94,mg/dL,Low
1116665,701980,6022,2024-09-26,34.76,mmHg,High
1116666,700200,6026,2021-12-04,10.01,g/dL,Normal
1116667,702082,6009,2021-04-19,40.49,mg/dL,Normal
1116668,701133,6019,2024-04-13,40.21,mmHg,Low
1116669,703898,6004,2021-12-22,17.11,g/dL,Normal
1116670,705380,6006,2024-05-08,15.28,mmol/L,Normal
1116671,702122,6009,2023-01-29,25.57,%,Normal
1116672,705877,6011,2023-12-02,39.8,mmol/L,High
1116673,702013,6024,2025-12-09,34.21,mmol/L,High
1116674,700146,6015,2021-04-06,33.69,%,Low
1116675,706020,6009,2021-02-12,15.3,U/L,Normal
1116676,702731,6019,2022-12-07,10.56,g/dL,High
1116677,706219,6011,2023-10-16,21.57,g/dL,Normal
1116678,701918,6020,2025-08-21,8.26,mmHg,Normal
1116679,701169,6008,2023-11-01,25.0,mmol/L,Low
1116680,700338,6015,2021-07-01,10.47,mmHg,High
1116681,705883,6025,2021-05-22,26.16,g/dL,Low
1116682,704342,6008,2024-09-02,39.25,mg/dL,Normal
1116683,704897,6013,2024-08-22,75.27,%,Normal
1116684,703163,6025,2024-08-12,13.44,mg/dL,Normal
1116685,703511,6006,2025-02-19,38.61,g/dL,Normal
1116686,705976,6009,2024-04-13,34.19,%,Normal
1116687,703328,6017,2022-08-15,12.01,mmol/L,Normal
1116688,701324,6012,2021-05-24,13.09,mmHg,Normal
1116689,700357,6023,2024-12-28,39.11,%,Normal
1116690,704175,6008,2024-08-19,7.89,%,High
1116691,704849,6020,2024-08-19,9.17,U/L,Normal
1116692,706388,6025,2024-09-06,15.24,%,High
1116693,706432,6016,2022-12-20,34.26,mmHg,Normal
1116694,703911,6021,2025-09-16,53.81,g/dL,High
1116695,702146,6005,2021-12-28,54.59,U/L,Normal
1116696,701359,6004,2023-03-27,52.33,mmHg,Normal
1116697,703355,6015,2023-12-16,5.61,mg/dL,Normal
1116698,701478,6021,2022-01-01,19.22,U/L,Low
1116699,705877,6004,2023-10-31,9.52,g/dL,Normal
1116700,701995,6006,2022-10-25,33.33,mg/dL,Normal
1116701,704017,6012,2022-05-06,15.99,g/dL,Normal
1116702,706434,6010,2024-04-17,15.59,%,High
1116703,701388,6009,2025-07-06,5.08,mg/dL,High
1116704,704659,6002,2025-03-01,7.59,g/dL,Normal
1116705,700921,6015,2025-08-29,21.2,g/dL,High
1116706,703850,6015,2021-05-28,10.27,mg/dL,Normal
1116707,704315,6018,2023-09-09,6.99,mg/dL,Normal
1116708,705294,6019,2024-07-22,13.54,mmol/L,Normal
1116709,701585,6008,2021-03-30,38.98,g/dL,Normal
1116710,700056,6012,2024-08-07,17.01,%,Normal
1116711,703176,6006,2025-05-07,7.17,g/dL,Normal
1116712,705117,6002,2022-07-04,17.12,mmol/L,High
1116713,701856,6018,2023-07-03,4.39,mg/dL,Normal
1116714,703034,6023,2022-11-16,10.74,mmol/L,Normal
1116715,701329,6023,2024-06-09,32.39,g/dL,High
1116716,701098,6009,2023-12-30,3.44,mmHg,Normal
1116717,701406,6014,2024-02-13,17.04,g/dL,Normal
1116718,706431,6001,2024-10-10,11.17,mmHg,Normal
1116719,704350,6013,2024-03-05,17.03,%,Normal
1116720,702607,6014,2025-04-29,63.37,mmol/L,Normal
1116721,701672,6001,2022-11-09,11.37,g/dL,Low
1116722,705660,6015,2024-05-28,12.14,mg/dL,Low
1116723,706447,6018,2021-11-29,21.39,%,Normal
1116724,701104,6016,2022-10-02,38.3,mmol/L,Low
1116725,703236,6023,2024-07-29,29.08,mmol/L,Normal
1116726,700313,6014,2023-07-16,56.25,mg/dL,Low
1116727,703749,6005,2022-10-22,22.12,g/dL,Normal
1116728,700355,6014,2025-05-12,19.07,%,Normal
1116729,700254,6010,2022-08-30,18.92,mmHg,Normal
1116730,702244,6020,2022-03-24,167.7,U/L,Normal
1116731,703623,6003,2023-03-18,18.79,U/L,Normal
1116732,704917,6022,2023-04-09,11.27,g/dL,Normal
1116733,700790,6010,2024-12-28,39.55,mmHg,High
1116734,704822,6024,2021-01-12,53.31,U/L,Normal
1116735,701014,6002,2021-03-19,3.74,mmHg,High
1116736,702557,6025,2023-02-13,27.48,mmHg,Normal
1116737,705105,6007,2022-11-28,26.71,g/dL,Normal
1116738,705451,6001,2024-02-14,64.19,mg/dL,Normal
1116739,701436,6024,2023-01-31,17.38,g/dL,Normal
1116740,704043,6010,2021-11-17,43.6,mmol/L,Normal
1116741,705932,6013,2025-08-15,20.27,mmol/L,Normal
1116742,705634,6012,2025-12-11,11.36,g/dL,Low
1116743,701090,6011,2023-08-24,12.61,U/L,Normal
1116744,700049,6020,2024-07-14,26.81,mmHg,Low
1116745,701741,6021,2024-08-05,17.35,mmHg,Normal
1116746,703635,6010,2025-02-11,29.2,mmHg,Normal
1116747,703304,6013,2021-12-17,35.36,%,High
1116748,704134,6022,2021-01-04,15.1,mmol/L,Normal
1116749,702039,6004,2021-11-24,18.55,mmol/L,Normal
1116750,702773,6019,2023-03-11,21.15,mg/dL,Normal
1116751,706311,6004,2023-05-12,40.69,U/L,Low
1116752,702513,6025,2025-09-22,9.31,mmol/L,Normal
1116753,706465,6022,2021-06-16,11.67,mmol/L,Normal
1116754,703522,6003,2023-04-06,13.65,%,Normal
1116755,703425,6020,2022-04-03,12.38,g/dL,Normal
1116756,700819,6010,2025-04-28,5.43,mmol/L,Critical
1116757,701115,6008,2023-08-03,55.66,%,Normal
1116758,705344,6013,2023-10-22,15.82,mmHg,Low
1116759,705697,6001,2025-05-14,11.68,g/dL,Normal
1116760,704593,6013,2023-07-17,10.16,mmol/L,Low
1116761,704601,6024,2024-04-26,9.35,g/dL,Normal
1116762,702553,6001,2022-03-26,6.36,mg/dL,High
1116763,702616,6013,2021-07-02,89.69,mmol/L,Normal
1116764,701686,6004,2021-11-14,15.07,g/dL,Normal
1116765,704830,6023,2022-10-29,6.33,g/dL,Normal
1116766,702793,6014,2024-10-14,74.3,mmHg,Normal
1116767,704875,6021,2022-04-21,9.91,%,High
1116768,701551,6015,2021-02-01,40.5,U/L,Low
1116769,703377,6014,2024-12-21,113.59,mmHg,Normal
1116770,701111,6022,2024-08-28,101.34,mg/dL,Normal
1116771,705541,6013,2023-05-19,43.03,mmol/L,Normal
1116772,704752,6012,2025-01-15,16.44,mmHg,Normal
1116773,705896,6021,2023-02-01,55.87,mmHg,Low
1116774,702547,6016,2024-11-18,23.96,%,Normal
1116775,702050,6026,2022-03-28,16.72,mmol/L,Normal
1116776,701253,6018,2023-04-25,40.33,%,Normal
1116777,704115,6004,2023-12-23,31.11,U/L,Normal
1116778,703559,6004,2025-11-05,25.05,%,Normal
1116779,703613,6010,2025-07-02,20.45,mmol/L,Normal
1116780,703901,6013,2024-09-17,6.48,%,Normal
1116781,704666,6015,2021-09-11,21.58,U/L,High
1116782,704237,6020,2025-12-02,38.84,mmHg,Normal
1116783,701214,6023,2025-06-23,8.41,U/L,Normal
1116784,706061,6005,2022-12-31,65.51,mmHg,Normal
1116785,706173,6009,2025-03-18,13.02,U/L,Normal
1116786,700385,6013,2022-07-06,5.63,mg/dL,Normal
1116787,704041,6014,2022-04-16,8.5,mg/dL,Normal
1116788,701175,6012,2024-09-20,24.21,g/dL,Low
1116789,704329,6004,2023-11-02,4.64,%,Normal
1116790,700760,6002,2022-01-03,25.04,mg/dL,Normal
1116791,704896,6022,2022-11-27,38.38,mmol/L,High
1116792,700795,6022,2024-01-13,47.14,U/L,Normal
1116793,700201,6013,2024-10-14,58.82,U/L,Normal
1116794,705114,6016,2022-03-26,21.94,%,Normal
1116795,705793,6004,2024-11-22,32.35,mmol/L,Normal
1116796,706107,6005,2024-03-05,37.46,mmol/L,Low
1116797,704616,6005,2021-10-25,11.06,g/dL,High
1116798,705347,6026,2021-09-26,26.38,mmol/L,Low
1116799,703127,6003,2024-09-22,13.21,mmol/L,High
1116800,706117,6021,2025-03-02,37.34,mmHg,Normal
1116801,702128,6022,2023-12-26,7.6,mmol/L,Low
1116802,703524,6001,2025-05-12,50.57,mmHg,Normal
1116803,701843,6011,2023-03-17,33.36,mmHg,Normal
1116804,703420,6016,2023-01-18,43.62,mmol/L,Normal
1116805,705465,6019,2021-10-11,13.1,%,Normal
1116806,704772,6020,2025-04-07,14.66,mg/dL,Normal
1116807,700750,6015,2023-02-08,51.34,mmol/L,High
1116808,700659,6025,2023-01-17,62.72,mmHg,Normal
1116809,700895,6022,2023-07-19,19.75,mmol/L,Normal
1116810,702335,6020,2022-05-02,33.39,%,Low
1116811,706061,6015,2021-08-31,16.5,g/dL,High
1116812,703967,6023,2021-12-06,7.59,%,Normal
1116813,704543,6024,2023-06-08,48.42,%,High
1116814,705057,6011,2023-12-11,24.74,mmol/L,Normal
1116815,703362,6012,2023-05-14,11.65,mmHg,High
1116816,706287,6010,2023-01-08,11.36,U/L,Low
1116817,702272,6008,2024-10-11,28.29,%,Low
1116818,700852,6022,2025-05-28,25.9,U/L,Normal
1116819,700824,6001,2023-02-23,2.47,g/dL,Normal
1116820,703457,6017,2022-10-21,49.47,U/L,High
1116821,701012,6010,2021-06-26,32.85,mmol/L,Normal
1116822,704967,6013,2023-10-29,23.85,mmHg,Normal
1116823,701178,6015,2022-07-16,20.04,mmol/L,Low
1116824,705185,6015,2024-09-16,11.8,U/L,Normal
1116825,700698,6024,2023-08-20,9.12,%,Normal
1116826,701419,6020,2023-10-16,31.28,mmHg,Normal
1116827,700567,6006,2022-08-29,10.74,mg/dL,Low
1116828,701576,6026,2023-12-30,5.24,mmol/L,Normal
1116829,702043,6023,2022-09-09,23.53,mg/dL,Low
1116830,705199,6002,2025-05-11,19.57,g/dL,High
1116831,704914,6019,2025-05-11,20.57,%,Low
1116832,705687,6024,2024-01-15,58.75,mmHg,Normal
1116833,702101,6015,2021-03-26,13.79,mmHg,Normal
1116834,700693,6005,2021-01-07,25.8,mmol/L,High
1116835,702209,6024,2021-03-09,84.72,%,Critical
1116836,703305,6025,2022-06-02,9.37,g/dL,Low
1116837,704619,6011,2025-02-17,31.54,mg/dL,High
1116838,701798,6012,2022-07-26,8.31,U/L,High
1116839,704268,6026,2023-02-05,10.07,U/L,Normal
1116840,705707,6019,2023-02-23,23.51,g/dL,Normal
1116841,702832,6001,2021-11-11,10.36,mmHg,Low
1116842,702767,6016,2023-10-21,19.54,g/dL,Normal
1116843,702172,6026,2024-01-13,47.25,%,Normal
1116844,701486,6013,2023-12-29,8.33,mmol/L,Normal
1116845,706047,6014,2021-01-31,25.12,mmol/L,Low
1116846,702760,6009,2024-04-03,3.28,%,Low
1116847,703608,6015,2024-09-16,41.03,g/dL,Normal
1116848,703780,6008,2023-12-08,19.44,mmHg,Normal
1116849,705933,6021,2021-10-24,,mg/dL,Normal
1116850,705719,6003,2021-01-29,18.12,g/dL,Normal
1116851,701382,6016,2023-01-23,9.11,mg/dL,Critical
1116852,705592,6009,2023-04-02,28.26,g/dL,High
1116853,701818,6005,2025-06-10,10.32,mg/dL,Normal
1116854,706108,6023,2022-10-21,46.44,mg/dL,Normal
1116855,705447,6010,2024-06-29,20.3,%,High
1116856,706319,6025,2025-06-26,11.92,mmol/L,Normal
1116857,700608,6009,2022-10-06,,%,Normal
1116858,703715,6008,2021-07-14,10.55,U/L,Normal
1116859,706394,6001,2023-01-07,78.95,mmHg,High
1116860,701334,6005,2022-10-24,58.17,mmHg,Normal
1116861,701619,6010,2023-05-27,12.75,%,High
1116862,701598,6004,2025-02-24,6.22,mg/dL,Normal
1116863,704435,6021,2024-09-24,27.89,%,Normal
1116864,705207,6020,2025-02-13,16.61,mmHg,Normal
1116865,704973,6018,2021-08-11,24.2,%,Normal
1116866,706062,6001,2023-10-02,32.16,%,Low
1116867,705464,6006,2021-04-29,32.64,g/dL,Normal
1116868,705193,6023,2021-06-19,36.48,%,Low
1116869,702015,6019,2021-12-13,28.94,%,High
1116870,700434,6012,2021-01-15,26.9,%,Normal
1116871,702769,6004,2023-11-29,156.4,U/L,Normal
1116872,703469,6013,2025-12-30,33.7,g/dL,Low
1116873,703799,6017,2025-03-08,9.49,mmHg,Low
1116874,704931,6007,2025-05-23,32.75,mmol/L,Normal
1116875,702714,6007,2025-05-11,22.58,%,Normal
1116876,701746,6004,2023-05-04,30.18,mmHg,Normal
1116877,701712,6024,2025-08-23,10.71,U/L,Normal
1116878,705856,6013,2022-05-26,10.85,mmol/L,High
1116879,704488,6014,2025-04-09,14.38,g/dL,High
1116880,706110,6022,2024-02-23,62.89,%,High
1116881,704967,6008,2024-10-20,28.94,mmHg,High
1116882,700915,6003,2021-03-09,57.87,mg/dL,Critical
1116883,700533,6011,2023-01-07,9.36,mmHg,Low
1116884,703510,6023,2022-07-12,11.8,%,High
1116885,706322,6012,2023-07-29,6.57,mmHg,Normal
1116886,703728,6017,2025-05-05,48.96,%,Normal
1116887,700185,6010,2023-12-13,11.58,mmHg,Low
1116888,702175,6002,2023-05-23,24.32,mmHg,Normal
1116889,702550,6002,2024-06-17,1.97,mmHg,Low
1116890,704055,6021,2024-03-01,29.79,U/L,Normal
1116891,705255,6007,2021-10-06,25.48,U/L,Normal
1116892,700324,6020,2024-07-02,49.18,g/dL,High
1116893,700802,6010,2025-02-16,74.91,mmHg,Normal
1116894,701113,6012,2021-12-16,37.36,%,Normal
1116895,704483,6017,2025-06-06,6.63,mmol/L,Normal
1116896,703062,6020,2025-07-27,41.82,mmol/L,Low
1116897,705988,6015,2023-07-09,33.74,mmHg,Normal
1116898,702585,6003,2025-09-10,24.77,mmol/L,Normal
1116899,701413,6003,2021-08-10,21.02,g/dL,Normal
1116900,704604,6018,2022-09-11,23.78,U/L,Normal
1116901,700965,6019,2022-03-28,66.89,%,High
1116902,704318,6024,2022-03-23,12.1,%,Normal
1116903,700011,6003,2025-07-12,12.61,%,Normal
1116904,701319,6009,2021-05-21,39.07,g/dL,High
1116905,706415,6015,2022-01-15,24.48,mg/dL,Low
1116906,703035,6019,2025-10-09,36.72,mmol/L,Normal
1116907,701987,6023,2024-03-03,25.33,mg/dL,Normal
1116908,702403,6024,2022-11-23,13.06,g/dL,Normal
1116909,706463,6002,2023-11-30,3.31,g/dL,High
1116910,703204,6018,2021-08-09,26.75,mg/dL,Normal
1116911,701620,6002,2025-02-15,33.55,mmol/L,Normal
1116912,705061,6023,2021-01-28,13.84,%,High
1116913,700026,6005,2023-08-12,7.87,g/dL,High
1116914,701858,6017,2024-04-03,36.32,g/dL,Critical
1116915,704009,6004,2024-01-22,77.11,mmHg,Low
1116916,703952,6014,2021-11-14,13.76,mg/dL,Normal
1116917,704295,6012,2022-07-12,37.3,mmol/L,Normal
1116918,703714,6023,2021-05-12,45.35,%,Normal
1116919,701749,6007,2022-06-13,22.94,g/dL,Normal
1116920,705626,6023,2024-01-14,20.0,mmol/L,Critical
1116921,701332,6005,2023-04-14,21.35,mg/dL,Normal
1116922,706342,6004,2023-05-13,20.94,g/dL,Normal
1116923,700240,6023,2023-12-26,6.28,U/L,Normal
1116924,700273,6002,2021-09-22,15.46,mmol/L,High
1116925,703184,6004,2025-01-10,36.53,g/dL,Normal
1116926,700846,6013,2025-09-17,36.99,mmol/L,Low
1116927,702652,6002,2022-11-06,23.13,%,Normal
1116928,703478,6008,2021-11-04,21.58,mmHg,Normal
1116929,702704,6007,2025-10-24,8.45,U/L,Normal
1116930,704284,6018,2021-03-23,16.17,g/dL,Normal
1116931,701987,6006,2025-03-22,5.29,mg/dL,Low
1116932,701208,6021,2025-06-19,13.69,%,Normal
1116933,700975,6015,2021-09-23,11.7,mmol/L,Normal
1116934,704130,6011,2022-05-08,8.41,mmol/L,Normal
1116935,704548,6010,2021-05-17,69.94,mg/dL,Low
1116936,700380,6018,2022-08-21,19.33,%,Normal
1116937,700682,6023,2025-08-16,84.63,g/dL,Normal
1116938,702605,6010,2022-04-04,15.11,g/dL,Normal
1116939,700030,6016,2023-07-30,21.46,g/dL,Normal
1116940,704341,6014,2024-10-01,41.53,mmol/L,Low
1116941,700836,6010,2024-05-23,21.32,U/L,Normal
1116942,702353,6023,2022-06-19,33.48,mmHg,High
1116943,702286,6003,2025-07-03,21.57,U/L,Normal
1116944,702619,6012,2021-09-03,24.08,mg/dL,Normal
1116945,705892,6009,2025-11-06,12.28,mg/dL,High
1116946,701013,6020,2023-09-08,59.15,mmol/L,High
1116947,700981,6013,2023-04-21,46.68,mmol/L,High
1116948,701191,6004,2021-10-09,10.51,U/L,Low
1116949,702553,6002,2024-09-16,5.42,mg/dL,Critical
1116950,706241,6013,2025-12-01,24.9,%,Normal
1116951,702532,6009,2023-01-16,19.06,mmHg,Normal
1116952,700623,6002,2023-01-10,51.35,U/L,Normal
1116953,703449,6011,2021-03-02,23.73,mg/dL,Normal
1116954,702926,6021,2022-01-21,21.55,U/L,Critical
1116955,705720,6010,2021-09-10,151.82,mmol/L,High
1116956,700401,6008,2022-01-14,27.09,mmol/L,Normal
1116957,702789,6023,2023-06-09,23.17,U/L,High
1116958,705657,6017,2025-07-02,12.71,mmol/L,High
1116959,704161,6021,2023-01-02,16.34,g/dL,Normal
1116960,700329,6017,2024-04-12,13.47,U/L,Low
1116961,705214,6026,2021-12-06,59.03,mmHg,Normal
1116962,706129,6009,2023-11-11,77.51,mmHg,Normal
1116963,705793,6017,2023-05-14,23.43,mmol/L,High
1116964,701126,6006,2024-10-08,7.74,mmol/L,High
1116965,702600,6023,2021-01-23,12.25,U/L,Normal
1116966,702068,6009,2025-07-26,16.21,mmol/L,Normal
1116967,702650,6001,2024-01-12,20.65,g/dL,Normal
1116968,700662,6022,2023-06-09,8.31,mmol/L,Critical
1116969,702614,6006,2024-07-31,26.62,mmHg,High
1116970,701953,6009,2023-01-01,43.63,mg/dL,Normal
1116971,700734,6025,2024-08-22,45.38,%,Normal
1116972,702686,6024,2021-08-01,23.56,U/L,Normal
1116973,704878,6023,2024-08-15,36.11,g/dL,Normal
1116974,704787,6017,2025-06-15,25.77,mmHg,Low
1116975,702493,6012,2022-07-04,48.01,U/L,Normal
1116976,702161,6026,2023-10-28,29.67,mmol/L,High
1116977,704194,6026,2021-08-21,24.1,mg/dL,Critical
1116978,701833,6009,2024-12-09,23.55,mg/dL,Normal
1116979,706395,6024,2025-04-29,9.88,mmHg,Normal
1116980,703956,6012,2024-01-01,57.53,U/L,Normal
1116981,700477,6020,2022-03-25,32.54,mmol/L,Normal
1116982,702250,6013,2022-07-05,20.87,mg/dL,Normal
1116983,706374,6018,2021-04-21,55.4,mmol/L,Normal
1116984,705664,6022,2025-03-17,7.44,mmol/L,Normal
1116985,705405,6002,2023-09-11,27.02,%,Normal
1116986,703514,6019,2023-04-30,42.52,U/L,Normal
1116987,701455,6025,2022-03-30,7.2,mmHg,Low
1116988,703802,6026,2022-06-01,14.79,%,Normal
1116989,702419,6016,2022-09-14,6.8,mmol/L,Normal
1116990,706068,6001,2022-07-25,8.86,mmHg,Normal
1116991,703778,6021,2024-06-11,10.85,%,Normal
1116992,701425,6014,2025-03-18,113.98,mg/dL,Normal
1116993,700651,6014,2023-05-29,35.27,%,High
1116994,702174,6022,2023-05-22,26.43,mg/dL,Low
1116995,705270,6011,2025-02-11,19.06,mg/dL,Normal
1116996,704830,6010,2021-06-10,56.92,%,Normal
1116997,704324,6017,2025-08-02,30.76,%,Low
1116998,701282,6019,2024-07-09,21.44,U/L,Normal
1116999,705196,6007,2021-05-02,24.59,U/L,Normal
1117000,703062,6017,2021-08-14,35.51,mmHg,High
1117001,700678,6021,2025-10-06,39.12,%,Normal
1117002,702815,6013,2023-01-07,8.74,mmHg,High
1117003,703021,6009,2023-06-10,57.61,mmol/L,Normal
1117004,706349,6016,2025-10-19,113.86,mmol/L,High
1117005,704940,6022,2025-04-05,4.21,g/dL,Normal
1117006,703111,6008,2024-05-06,14.67,mmol/L,Normal
1117007,702048,6025,2024-01-29,31.3,mmol/L,Normal
1117008,700998,6025,2025-01-25,14.7,mmHg,High
1117009,705228,6018,2025-02-18,8.17,%,High
1117010,702137,6002,2023-01-26,10.87,mmol/L,Normal
1117011,700536,6007,2021-07-08,14.59,g/dL,Normal
1117012,700663,6026,2023-07-14,30.79,mg/dL,Low
1117013,703971,6011,2023-12-02,14.28,mmHg,Normal
1117014,705985,6018,2024-05-13,20.76,mmol/L,Low
1117015,704497,6010,2022-01-02,9.95,mg/dL,Normal
1117016,701625,6018,2025-08-29,13.92,%,Normal
1117017,704882,6008,2021-02-20,22.61,%,Normal
1117018,703634,6011,2021-11-25,21.76,U/L,Normal
1117019,704362,6014,2023-10-08,10.66,%,Normal
1117020,701055,6012,2021-09-25,7.65,mmHg,High
1117021,700540,6009,2024-11-29,2.93,U/L,Normal
1117022,700972,6024,2023-04-21,65.59,mg/dL,Normal
1117023,702100,6012,2023-03-13,25.62,g/dL,Normal
1117024,704120,6015,2022-03-22,25.28,mg/dL,Low
1117025,702009,6025,2024-05-09,20.23,g/dL,Normal
1117026,701350,6014,2022-05-23,13.03,U/L,High
1117027,700717,6018,2021-03-26,17.92,mg/dL,Normal
1117028,700321,6007,2021-04-03,23.86,mg/dL,Normal
1117029,701317,6009,2025-08-26,26.29,mmol/L,Normal
1117030,701670,6006,2024-03-26,6.44,U/L,Low
1117031,704591,6012,2023-05-05,26.24,mg/dL,Normal
1117032,703242,6010,2022-01-21,17.44,%,Normal
1117033,702943,6019,2024-03-25,19.0,U/L,Normal
1117034,706274,6024,2021-07-26,26.04,mmHg,Normal
1117035,701515,6005,2024-05-21,17.39,g/dL,Normal
1117036,700559,6006,2021-04-21,11.41,g/dL,Normal
1117037,704193,6023,2021-09-08,5.76,mg/dL,Normal
1117038,702111,6022,2022-09-25,25.62,mmol/L,Normal
1117039,700137,6009,2024-06-15,55.99,mmHg,Normal
1117040,706049,6014,2025-07-27,14.32,U/L,Normal
1117041,703577,6004,2022-10-20,68.74,mmol/L,Normal
1117042,704895,6025,2022-01-08,15.25,mg/dL,Low
1117043,703804,6014,2021-05-01,12.2,mmHg,Normal
1117044,701595,6021,2024-10-24,21.37,mmHg,Normal
1117045,703626,6023,2024-04-07,54.09,mg/dL,Normal
1117046,700828,6017,2025-05-11,17.36,mmol/L,High
1117047,705718,6002,2024-05-09,14.08,U/L,Normal
1117048,700699,6009,2023-03-05,111.98,mmol/L,Normal
1117049,704658,6005,2023-07-19,26.75,mg/dL,Normal
1117050,701678,6017,2023-05-18,23.25,%,Low
1117051,702691,6026,2024-03-25,33.34,g/dL,Normal
1117052,703277,6002,2023-07-10,15.58,%,Low
1117053,700844,6019,2021-09-28,30.92,g/dL,Critical
1117054,703583,6020,2025-10-18,36.01,mmHg,High
1117055,705723,6011,2021-10-24,12.7,mmol/L,Normal
1117056,702575,6012,2024-02-14,77.45,g/dL,Low
1117057,704868,6008,2021-06-04,7.31,U/L,Normal
1117058,702737,6007,2024-11-08,29.9,mmHg,Low
1117059,705520,6025,2024-10-13,14.77,mmHg,Normal
1117060,702087,6013,2021-07-16,36.42,%,Low
1117061,703115,6022,2024-03-13,30.26,U/L,Normal
1117062,705471,6006,2025-10-09,7.33,%,Normal
1117063,702682,6020,2023-04-25,13.34,mg/dL,Normal
1117064,701983,6020,2021-03-29,22.13,U/L,High
1117065,704138,6016,2022-03-28,9.76,mg/dL,Normal
1117066,705059,6012,2022-07-17,27.98,mmHg,High
1117067,700146,6001,2023-10-17,12.05,mmol/L,Normal
1117068,704277,6002,2023-09-22,25.31,mg/dL,Normal
1117069,706148,6004,2022-06-07,31.94,g/dL,Normal
1117070,706330,6024,2021-12-30,15.74,U/L,Normal
1117071,704435,6017,2023-01-17,19.55,U/L,Critical
1117072,700478,6015,2025-04-12,20.05,%,Normal
1117073,700916,6005,2025-01-16,22.36,mmol/L,Normal
1117074,700091,6019,2021-05-08,23.37,U/L,Low
1117075,701123,6005,2023-07-08,36.28,mmHg,Normal
1117076,705208,6022,2023-01-01,64.67,g/dL,Normal
1117077,704654,6001,2023-08-21,17.46,mmHg,Normal
1117078,701313,6026,2023-11-11,29.91,mmol/L,Normal
1117079,703162,6012,2023-12-27,30.0,mmHg,Normal
1117080,705615,6020,2025-02-25,83.86,mg/dL,Normal
1117081,701819,6010,2021-08-20,16.88,%,Normal
1117082,705011,6024,2022-05-11,17.24,%,Low
1117083,701469,6017,2023-03-15,77.74,mmol/L,Normal
1117084,703278,6018,2022-09-26,18.48,g/dL,High
1117085,702972,6014,2021-06-17,24.73,U/L,Normal
1117086,704792,6003,2025-05-07,11.33,mmol/L,Normal
1117087,703329,6017,2023-05-14,47.38,mmHg,Normal
1117088,705068,6017,2023-04-01,72.85,g/dL,Normal
1117089,700804,6007,2024-04-08,30.94,g/dL,Normal
1117090,704720,6022,2022-07-15,13.79,g/dL,Normal
1117091,703302,6007,2025-07-29,11.61,%,Normal
1117092,706449,6013,2021-12-26,44.55,U/L,Normal
1117093,700289,6016,2024-01-23,17.5,%,Normal
1117094,700359,6006,2024-11-14,17.39,mmHg,Normal
1117095,700355,6016,2021-04-21,17.96,g/dL,High
1117096,701551,6016,2025-10-10,17.87,U/L,High
1117097,706450,6012,2022-06-20,10.18,mg/dL,Low
1117098,703584,6002,2021-06-29,1.95,mg/dL,Normal
1117099,701728,6004,2022-10-18,12.57,mg/dL,Normal
1117100,701099,6016,2025-06-11,34.35,U/L,Normal
1117101,701458,6007,2025-01-28,50.63,mmHg,Low
1117102,700409,6014,2021-05-05,20.85,mg/dL,Normal
1117103,705570,6016,2021-06-22,18.2,g/dL,Normal
1117104,706351,6013,2021-08-10,26.56,g/dL,Normal
1117105,702229,6018,2025-05-17,21.78,U/L,High
1117106,706319,6020,2022-07-05,28.01,%,High
1117107,705329,6004,2023-12-27,31.91,U/L,Low
1117108,701835,6020,2021-07-18,16.81,mmHg,Low
1117109,704271,6008,2024-12-02,9.48,U/L,Low
1117110,702963,6020,2025-02-10,11.01,g/dL,Normal
1117111,701610,6024,2025-09-21,20.96,mg/dL,Normal
1117112,701057,6004,2025-04-22,30.21,mg/dL,Critical
1117113,700510,6010,2021-08-25,44.21,%,High
1117114,706265,6016,2022-10-05,10.93,%,High
1117115,704555,6005,2023-06-23,7.39,g/dL,Normal
1117116,704387,6020,2023-01-01,13.06,g/dL,Critical
1117117,706298,6001,2025-11-18,15.83,mg/dL,Normal
1117118,701668,6013,2022-08-22,8.4,mg/dL,Normal
1117119,704970,6013,2024-05-18,9.31,mg/dL,Normal
1117120,705161,6024,2023-04-12,12.66,mg/dL,Normal
1117121,704990,6003,2025-04-01,28.14,mmol/L,Normal
1117122,704342,6012,2023-03-20,21.45,U/L,Normal
1117123,700856,6006,2023-05-06,34.33,mmol/L,Normal
1117124,704790,6014,2021-03-25,10.74,%,Normal
1117125,705136,6015,2025-11-27,35.15,mg/dL,Normal
1117126,702822,6022,2021-10-17,28.18,g/dL,Normal
1117127,704792,6019,2025-06-08,49.28,g/dL,Normal
1117128,700376,6013,2025-07-29,11.6,mmol/L,Low
1117129,701386,6021,2022-09-26,10.91,%,High
1117130,700174,6017,2021-03-28,32.26,g/dL,Normal
1117131,700360,6025,2021-06-16,24.86,%,Normal
1117132,702479,6023,2021-05-26,37.27,U/L,High
1117133,706368,6005,2025-12-12,72.94,%,Normal
1117134,703541,6002,2024-11-30,9.39,mmol/L,Normal
1117135,704524,6016,2022-06-29,62.04,mmHg,High
1117136,700934,6004,2025-08-23,22.79,%,Normal
1117137,701372,6018,2022-05-04,13.8,U/L,Normal
1117138,702984,6017,2022-10-27,12.52,mg/dL,Normal
1117139,700701,6006,2023-12-31,19.2,mg/dL,High
1117140,702585,6012,2025-03-10,35.47,mmHg,High
1117141,703203,6024,2021-05-01,38.26,mmHg,High
1117142,702010,6011,2025-07-30,8.67,U/L,Normal
1117143,700385,6025,2024-03-26,6.01,U/L,Normal
1117144,704402,6018,2023-06-10,36.26,mmol/L,Normal
1117145,702510,6016,2023-01-05,19.64,mmHg,Normal
1117146,700749,6018,2024-07-01,45.69,g/dL,Low
1117147,701803,6021,2023-02-18,25.58,g/dL,Low
1117148,700917,6018,2021-04-24,41.75,U/L,High
1117149,700193,6022,2022-08-15,17.23,mmol/L,Normal
1117150,705970,6007,2022-04-27,12.5,%,Normal
1117151,703072,6003,2024-10-10,13.2,U/L,Normal
1117152,703266,6026,2023-07-31,15.69,mmol/L,Normal
1117153,705204,6003,2024-05-20,28.65,g/dL,Normal
1117154,700973,6023,2023-10-01,9.08,g/dL,Normal
1117155,703898,6012,2022-02-01,33.6,mg/dL,Normal
1117156,703424,6001,2023-09-30,13.84,U/L,Normal
1117157,703617,6021,2024-10-01,53.83,mmHg,Normal
1117158,704722,6016,2021-07-24,7.83,g/dL,Normal
1117159,701443,6014,2021-04-08,20.97,U/L,High
1117160,706111,6022,2023-04-05,21.13,g/dL,Low
1117161,706334,6020,2024-12-25,6.5,mmHg,Normal
1117162,704968,6005,2025-01-02,25.42,g/dL,Normal
1117163,702157,6019,2023-07-20,18.71,mmHg,Normal
1117164,700293,6013,2022-10-01,4.73,mmHg,Normal
1117165,700978,6003,2021-09-29,23.0,%,Low
1117166,704051,6022,2024-01-03,38.39,g/dL,Low
1117167,705628,6003,2022-04-08,13.11,mg/dL,Normal
1117168,703863,6003,2023-05-25,11.97,mmHg,Normal
1117169,705077,6025,2022-01-25,17.01,%,Low
1117170,703406,6010,2022-06-15,18.52,mmHg,Normal
1117171,704552,6017,2023-05-26,4.77,mmol/L,Normal
1117172,703360,6024,2022-04-10,21.52,mmol/L,Normal
1117173,705219,6007,2024-09-09,21.99,%,Normal
1117174,700105,6013,2024-04-11,11.65,mmHg,Normal
1117175,702667,6009,2025-04-28,30.46,mmHg,Normal
1117176,704226,6020,2022-06-29,24.49,%,Normal
1117177,703812,6002,2023-04-07,36.29,mg/dL,Normal
1117178,704633,6005,2024-11-09,15.29,mmol/L,Normal
1117179,700584,6024,2021-01-04,11.98,mg/dL,Normal
1117180,701645,6020,2024-08-16,20.81,U/L,Normal
1117181,700014,6008,2023-09-22,87.05,%,Normal
1117182,703699,6010,2024-12-08,10.94,mmHg,Normal
1117183,700369,6003,2023-06-07,11.48,mmHg,Normal
1117184,704949,6007,2025-06-30,12.9,U/L,Critical
1117185,704399,6008,2021-10-14,3.79,%,High
1117186,702591,6021,2025-09-22,4.5,mg/dL,Low
1117187,706054,6026,2022-11-23,26.47,mmHg,Normal
1117188,705299,6016,2025-10-01,16.69,%,Normal
1117189,705338,6006,2024-03-03,6.85,mmHg,Normal
1117190,702074,6012,2025-08-10,16.58,%,Normal
1117191,702777,6003,2023-05-14,55.29,g/dL,Low
1117192,703741,6013,2022-08-10,29.3,g/dL,Normal
1117193,700529,6019,2025-04-01,16.86,mmHg,High
1117194,701097,6002,2025-08-28,20.67,mg/dL,Normal
1117195,700688,6023,2022-03-21,26.49,mg/dL,Normal
1117196,701211,6006,2021-07-17,3.54,%,Normal
1117197,705082,6011,2025-03-10,7.44,%,Normal
1117198,703783,6024,2022-04-27,24.23,mg/dL,Normal
1117199,703569,6018,2022-09-11,12.2,mg/dL,Normal
1117200,706057,6001,2021-09-22,9.67,%,Normal
1117201,703115,6007,2022-05-23,19.88,U/L,Normal
1117202,704450,6025,2025-09-14,15.05,mg/dL,Low
1117203,701276,6002,2023-01-28,14.63,%,Normal
1117204,703689,6003,2021-05-10,14.93,g/dL,Normal
1117205,703404,6003,2025-12-18,29.69,mmHg,Normal
1117206,701486,6016,2021-03-07,27.31,mmHg,High
1117207,700312,6002,2022-11-28,40.31,mmol/L,High
1117208,701971,6026,2021-02-01,21.79,mmol/L,Normal
1117209,705021,6018,2021-02-17,,%,High
1117210,702892,6001,2022-02-14,62.15,mmol/L,Normal
1117211,702632,6001,2022-04-22,28.98,mg/dL,Normal
1117212,703032,6002,2023-02-24,20.7,g/dL,Normal
1117213,700849,6005,2021-10-26,15.36,mg/dL,Low
1117214,704124,6022,2021-05-09,28.6,mmol/L,High
1117215,704966,6026,2023-08-30,16.37,mg/dL,Normal
1117216,700922,6011,2023-11-07,17.89,mg/dL,Normal
1117217,702089,6017,2023-02-14,10.5,mg/dL,Normal
1117218,700886,6022,2023-06-06,24.57,%,Normal
1117219,700943,6001,2025-05-21,15.01,mmol/L,High
1117220,705171,6004,2023-08-01,6.19,g/dL,Normal
1117221,704981,6005,2025-06-20,15.05,%,Low
1117222,701774,6020,2022-07-27,28.39,U/L,High
1117223,706274,6010,2024-03-14,42.41,g/dL,Normal
1117224,705305,6021,2022-06-18,71.46,mmHg,Normal
1117225,705453,6017,2024-03-05,16.76,mg/dL,Normal
1117226,705802,6019,2021-11-25,8.23,%,Normal
1117227,705082,6007,2024-10-11,10.76,%,Normal
1117228,701213,6021,2023-09-15,33.37,mmHg,Normal
1117229,700018,6024,2025-07-11,5.88,U/L,Normal
1117230,701343,6019,2021-02-28,20.21,mmHg,Normal
1117231,706445,6014,2025-05-26,9.65,U/L,Normal
1117232,702981,6001,2022-04-24,32.02,g/dL,Low
1117233,700699,6002,2023-03-03,,U/L,Normal
1117234,705317,6002,2024-02-28,8.23,U/L,Normal
1117235,700159,6009,2021-05-05,13.44,g/dL,High
1117236,701229,6017,2023-03-21,27.63,%,Normal
1117237,705761,6018,2021-05-22,49.27,%,Normal
1117238,702724,6006,2021-05-19,16.26,%,Normal
1117239,703657,6012,2023-04-13,17.37,%,Normal
1117240,702275,6016,2024-08-04,122.22,g/dL,Normal
1117241,706076,6018,2025-03-15,37.82,g/dL,Normal
1117242,705330,6012,2025-08-19,9.29,mmHg,Normal
1117243,706123,6016,2024-02-28,21.15,mg/dL,Normal
1117244,700307,6002,2022-05-05,62.69,g/dL,Low
1117245,706287,6020,2021-05-09,20.46,%,High
1117246,703883,6015,2021-03-09,15.18,U/L,Normal
1117247,704656,6017,2021-07-30,38.45,mg/dL,High
1117248,702011,6008,2025-11-09,22.94,U/L,Normal
1117249,701702,6023,2022-09-25,9.92,%,Low
1117250,704118,6018,2021-03-30,8.98,mmol/L,Normal
1117251,703312,6014,2023-10-15,11.91,mmHg,Normal
1117252,704824,6002,2023-09-29,6.39,%,Normal
1117253,704116,6021,2021-09-23,23.09,mg/dL,Normal
1117254,702407,6018,2021-10-25,56.01,mmol/L,High
1117255,705824,6012,2022-11-22,95.83,g/dL,Normal
1117256,703157,6023,2023-09-06,12.83,mg/dL,Low
1117257,701926,6024,2025-07-25,27.97,mmol/L,Normal
1117258,705613,6022,2023-07-04,12.31,%,Low
1117259,705236,6010,2022-12-07,8.4,%,Normal
1117260,700296,6023,2025-11-10,83.29,mmHg,High
1117261,704533,6016,2023-02-11,5.48,mg/dL,Normal
1117262,706459,6011,2021-08-01,18.69,mmHg,Normal
1117263,700715,6021,2025-02-09,27.4,g/dL,Normal
1117264,701029,6016,2025-09-22,26.84,g/dL,Normal
1117265,702896,6001,2024-11-13,29.1,mg/dL,Normal
1117266,706483,6025,2024-06-06,8.47,g/dL,Normal
1117267,705076,6012,2023-08-26,4.18,g/dL,Normal
1117268,704306,6020,2025-07-15,19.17,mg/dL,Low
1117269,705646,6012,2021-12-27,19.21,%,High
1117270,701170,6026,2022-04-01,21.43,mmHg,Normal
1117271,705127,6003,2023-01-13,8.24,mmol/L,Normal
1117272,706031,6024,2021-08-22,24.24,mmHg,Normal
1117273,701347,6025,2022-03-23,23.29,%,Normal
1117274,702197,6015,2024-09-28,6.15,U/L,Normal
1117275,701968,6019,2025-03-03,16.93,mg/dL,Normal
1117276,704214,6002,2023-10-01,55.64,mmHg,Normal
1117277,703958,6020,2025-02-28,27.46,mmol/L,Normal
1117278,706122,6020,2022-10-24,33.45,mmol/L,High
1117279,701980,6003,2024-06-23,40.46,g/dL,Normal
1117280,705437,6011,2024-11-16,11.05,U/L,Normal
1117281,705909,6003,2021-11-24,37.7,%,Normal
1117282,703544,6006,2025-02-23,22.76,U/L,Normal
1117283,705951,6023,2024-07-01,19.62,mmol/L,High
1117284,703459,6012,2022-08-17,21.55,U/L,Normal
1117285,703794,6022,2025-07-18,19.03,mmHg,Normal
1117286,703905,6007,2024-02-28,48.82,%,Normal
1117287,704134,6019,2021-05-26,30.8,%,Critical
1117288,700312,6003,2024-06-12,65.28,g/dL,Normal
1117289,703778,6009,2024-07-24,21.84,mmol/L,Normal
1117290,702250,6001,2024-11-08,22.69,mmHg,Normal
1117291,701328,6007,2025-02-11,27.9,g/dL,High
1117292,705778,6017,2025-02-23,18.92,mmol/L,Low
1117293,705042,6021,2022-05-07,9.69,mmHg,Low
1117294,704867,6018,2025-12-22,93.34,mmHg,Normal
1117295,701386,6008,2022-07-23,15.29,U/L,Normal
1117296,702360,6001,2022-06-24,44.48,g/dL,Normal
1117297,701126,6011,2022-05-06,142.44,g/dL,Normal
1117298,703767,6001,2024-01-30,9.74,%,Normal
1117299,705086,6012,2025-03-21,16.1,%,Normal
1117300,701701,6010,2022-07-01,14.11,mg/dL,High
1117301,702951,6025,2025-03-01,17.54,mmol/L,Normal
1117302,702816,6012,2022-12-04,42.0,mmHg,Normal
1117303,701237,6001,2022-03-20,12.27,mmol/L,Low
1117304,705740,6019,2022-05-25,29.27,mmHg,Normal
1117305,702339,6003,2021-04-06,22.85,mmol/L,Normal
1117306,700517,6013,2021-10-08,24.23,mmHg,Low
1117307,701039,6009,2021-04-29,74.26,mg/dL,Critical
1117308,703185,6006,2021-09-13,55.28,mmol/L,Low
1117309,704417,6003,2023-07-15,6.74,U/L,Normal
1117310,705458,6018,2023-02-16,37.52,U/L,Normal
1117311,701702,6009,2023-08-29,48.97,U/L,High
1117312,703134,6010,2023-04-21,9.8,mmol/L,High
1117313,701701,6022,2024-05-29,46.41,%,Normal
1117314,701768,6017,2022-03-10,36.49,mg/dL,High
1117315,703613,6005,2023-12-29,34.55,mmol/L,Low
1117316,700311,6026,2023-02-19,15.46,mmHg,Normal
1117317,704569,6007,2022-02-12,23.3,%,Normal
1117318,703406,6024,2021-07-23,6.96,mmol/L,Normal
1117319,702768,6015,2024-07-15,32.32,mmol/L,Normal
1117320,704533,6019,2021-05-20,22.09,U/L,Normal
1117321,706117,6010,2023-04-27,51.83,%,Low
1117322,703584,6004,2024-02-20,27.76,mmHg,Normal
1117323,703507,6018,2024-02-24,34.01,%,Normal
1117324,705780,6023,2024-07-15,18.01,g/dL,Low
1117325,701314,6001,2025-09-26,37.82,mmHg,Normal
1117326,700391,6001,2021-09-19,31.09,mmol/L,Normal
1117327,701367,6011,2023-05-20,8.45,g/dL,Normal
1117328,700269,6015,2024-05-10,8.43,%,Normal
1117329,705265,6020,2025-09-14,6.13,g/dL,Normal
1117330,706171,6012,2025-07-09,26.05,mg/dL,Normal
1117331,702559,6026,2025-02-19,5.36,mmHg,Normal
1117332,704911,6026,2022-07-26,20.35,mmol/L,High
1117333,706066,6016,2023-08-06,7.31,g/dL,Critical
1117334,703376,6018,2023-01-31,13.64,mmol/L,Normal
1117335,701656,6015,2021-05-11,7.89,mmol/L,Normal
1117336,705560,6018,2024-01-26,34.73,mg/dL,Normal
1117337,704348,6005,2024-03-06,27.5,g/dL,High
1117338,702898,6025,2021-12-22,19.83,mmol/L,Normal
1117339,705994,6017,2022-09-14,67.52,mg/dL,Normal
1117340,700399,6023,2025-06-04,43.67,mg/dL,Critical
1117341,702933,6011,2024-09-04,27.56,mmHg,Normal
1117342,703395,6024,2025-06-18,64.9,mmHg,Critical
1117343,704615,6011,2021-03-30,71.46,U/L,Normal
1117344,703825,6026,2023-12-10,35.97,%,Low
1117345,706126,6002,2022-06-17,4.27,mg/dL,Normal
1117346,701717,6024,2021-08-16,29.74,mmHg,Normal
1117347,704481,6023,2023-07-20,8.1,U/L,Normal
1117348,701433,6026,2025-05-21,14.52,g/dL,Normal
1117349,704535,6012,2022-02-11,11.79,mmol/L,Critical
1117350,704498,6006,2021-01-03,74.26,%,Low
1117351,704911,6025,2022-11-06,19.19,mg/dL,Normal
1117352,705731,6011,2021-05-03,16.17,mg/dL,Normal
1117353,701342,6018,2021-04-28,12.74,mg/dL,Normal
1117354,702702,6008,2021-11-24,29.65,g/dL,Normal
1117355,703521,6025,2022-01-13,66.31,U/L,Normal
1117356,704069,6016,2021-07-04,23.05,mmHg,High
1117357,705630,6009,2022-12-13,32.04,U/L,Normal
1117358,701873,6017,2021-09-24,26.24,g/dL,Normal
1117359,701629,6003,2025-05-18,16.5,g/dL,High
1117360,705738,6016,2023-11-27,8.02,mg/dL,Normal
1117361,702084,6010,2021-04-12,73.34,U/L,Low
1117362,701008,6004,2025-03-06,6.59,mmHg,Normal
1117363,703828,6017,2022-06-27,35.44,mmol/L,Low
1117364,701739,6009,2021-09-05,10.4,%,High
1117365,702893,6014,2023-04-16,12.36,g/dL,Critical
1117366,706496,6005,2022-05-03,22.24,mg/dL,Low
1117367,702327,6020,2023-02-10,107.0,U/L,Normal
1117368,704029,6011,2023-02-12,12.61,mg/dL,High
1117369,701898,6001,2025-12-26,10.4,U/L,High
1117370,700152,6008,2021-01-07,29.22,U/L,Low
1117371,700956,6003,2024-03-13,27.49,U/L,High
1117372,702102,6001,2025-01-29,26.99,g/dL,Normal
1117373,703044,6022,2023-05-07,24.49,%,Normal
1117374,703778,6006,2025-11-11,14.16,U/L,High
1117375,706402,6012,2021-05-04,17.91,mg/dL,Normal
1117376,706236,6009,2023-07-30,12.67,mmol/L,High
1117377,705158,6011,2022-09-05,25.82,mg/dL,High
1117378,700079,6015,2022-12-05,11.2,%,High
1117379,700920,6019,2023-01-29,9.83,g/dL,Normal
1117380,701111,6024,2022-07-25,6.17,%,Low
1117381,701149,6022,2023-05-14,21.95,%,Normal
1117382,702671,6016,2024-05-31,17.02,mmHg,Normal
1117383,701800,6001,2025-04-19,92.13,mg/dL,Normal
1117384,702296,6005,2024-08-12,7.39,mmol/L,Normal
1117385,705459,6022,2025-08-02,25.85,mg/dL,Normal
1117386,703692,6006,2023-02-13,34.01,mg/dL,Normal
1117387,704020,6024,2024-01-16,18.27,mmol/L,High
1117388,703346,6019,2023-09-08,11.15,mmol/L,Normal
1117389,702314,6014,2022-06-25,33.64,%,Normal
1117390,703487,6012,2023-04-19,9.32,g/dL,Normal
1117391,701821,6008,2021-10-18,13.11,g/dL,Normal
1117392,701230,6002,2023-04-01,56.63,%,Normal
1117393,705242,6006,2023-08-23,20.75,U/L,Normal
1117394,700917,6025,2021-01-10,17.14,%,High
1117395,705985,6026,2025-07-09,16.49,U/L,High
1117396,702889,6005,2022-01-18,17.65,g/dL,High
1117397,704044,6023,2025-05-08,41.98,mg/dL,Normal
1117398,702393,6020,2021-06-08,10.57,mmol/L,Normal
1117399,704390,6008,2021-08-03,5.16,mg/dL,Normal
1117400,702868,6024,2024-04-18,28.12,U/L,High
1117401,706165,6018,2023-08-31,26.05,mmHg,Normal
1117402,704853,6023,2023-02-21,17.08,mmHg,Low
1117403,701712,6015,2023-02-24,5.89,%,Normal
1117404,705226,6026,2024-07-26,5.77,%,High
1117405,703073,6022,2024-02-10,15.98,%,Normal
1117406,705430,6003,2022-06-24,34.5,mmHg,Normal
1117407,701620,6011,2023-06-16,32.79,g/dL,Normal
1117408,703722,6022,2021-04-24,13.09,g/dL,Normal
1117409,703233,6024,2025-05-03,22.01,mmol/L,Low
1117410,704568,6007,2022-06-23,23.51,%,Normal
1117411,706228,6025,2022-05-11,32.25,mmHg,Normal
1117412,701937,6014,2021-03-22,15.88,g/dL,High
1117413,702200,6014,2024-08-23,111.36,mg/dL,Normal
1117414,705105,6006,2021-11-22,37.43,mmol/L,Normal
1117415,704472,6013,2025-10-04,56.13,U/L,Normal
1117416,703390,6009,2021-06-19,9.33,mg/dL,Normal
1117417,700896,6016,2024-12-30,25.37,mmol/L,Normal
1117418,700163,6020,2023-01-06,128.41,g/dL,Normal
1117419,701458,6017,2022-06-17,8.29,mmol/L,Low
1117420,705360,6022,2025-06-19,15.47,mg/dL,Normal
1117421,704736,6004,2022-03-22,23.2,mg/dL,Low
1117422,703918,6003,2025-11-19,33.15,mmol/L,Normal
1117423,706019,6019,2021-11-18,17.99,mmol/L,Normal
1117424,702919,6017,2021-06-29,36.89,mmHg,Low
1117425,703137,6003,2021-05-28,29.16,mmol/L,Normal
1117426,701510,6009,2022-01-26,16.14,U/L,High
1117427,701832,6014,2023-06-24,11.38,mmHg,Normal
1117428,700769,6006,2021-04-01,31.12,g/dL,Normal
1117429,705777,6019,2024-05-09,14.97,mg/dL,Normal
1117430,704392,6023,2021-10-29,13.48,mg/dL,Normal
1117431,704541,6005,2024-06-29,22.96,mmHg,Normal
1117432,706053,6015,2025-01-25,9.76,mmHg,Normal
1117433,701403,6006,2022-05-19,36.9,U/L,Normal
1117434,704955,6023,2023-04-05,20.38,mmHg,Normal
1117435,705828,6005,2021-02-11,26.6,U/L,Normal
1117436,704840,6020,2025-01-27,7.1,g/dL,Low
1117437,700033,6012,2025-01-07,19.56,U/L,Normal
1117438,704816,6018,2022-10-22,17.27,mmHg,Normal
1117439,702334,6023,2025-08-11,30.03,%,Normal
1117440,702886,6008,2023-01-07,9.74,U/L,Normal
1117441,702233,6019,2024-05-28,12.41,%,Critical
1117442,703235,6010,2025-09-30,7.17,mmol/L,Normal
1117443,701023,6007,2024-12-10,10.65,U/L,Normal
1117444,700083,6005,2025-02-06,12.43,U/L,Normal
1117445,705306,6020,2021-05-14,22.89,mmol/L,Low
1117446,702517,6008,2024-09-22,8.07,mg/dL,Normal
1117447,702190,6013,2024-04-23,34.23,g/dL,Normal
1117448,706372,6019,2022-06-21,11.2,g/dL,Normal
1117449,702254,6005,2025-01-19,16.36,mmHg,Normal
1117450,702685,6022,2022-04-14,22.48,mmol/L,Normal
1117451,702654,6001,2021-03-08,12.14,g/dL,High
1117452,704005,6024,2025-05-12,11.79,U/L,Low
1117453,700374,6005,2025-04-21,4.38,mmol/L,Critical
1117454,703501,6001,2025-07-22,22.1,U/L,Normal
1117455,703762,6020,2025-08-17,30.38,U/L,Normal
1117456,700593,6022,2023-05-12,25.43,mg/dL,Normal
1117457,704863,6020,2023-05-17,9.1,mmHg,Normal
1117458,706257,6018,2024-03-11,23.04,mmHg,Low
1117459,700128,6001,2025-04-18,10.81,mmol/L,Normal
1117460,701441,6023,2022-08-29,15.94,U/L,Normal
1117461,706431,6019,2021-04-25,9.06,mg/dL,High
1117462,702156,6001,2022-02-06,18.16,%,Low
1117463,703416,6016,2023-03-26,75.03,mg/dL,Normal
1117464,700487,6021,2022-03-09,12.37,mmHg,Normal
1117465,705217,6003,2025-10-28,47.26,g/dL,Normal
1117466,701609,6026,2025-03-23,15.36,%,Normal
1117467,701005,6002,2025-04-13,22.0,g/dL,Normal
1117468,702921,6016,2023-03-25,33.38,g/dL,Normal
1117469,701759,6010,2022-05-27,17.25,%,Normal
1117470,704470,6008,2025-04-09,11.5,g/dL,Normal
1117471,703551,6018,2021-09-20,20.62,U/L,High
1117472,704027,6024,2021-01-02,37.42,g/dL,Normal
1117473,705093,6017,2021-01-28,22.85,g/dL,Normal
1117474,706349,6015,2025-06-13,41.78,mg/dL,High
1117475,703208,6025,2021-04-27,7.11,mmHg,Normal
1117476,706361,6022,2025-01-24,25.66,mmol/L,High
1117477,706459,6022,2021-11-09,47.96,g/dL,Normal
1117478,705273,6003,2021-04-25,16.8,%,Normal
1117479,701313,6019,2023-08-05,7.5,mmHg,Normal
1117480,700399,6022,2023-10-13,30.0,mg/dL,Normal
1117481,704237,6007,2025-03-17,22.33,mmHg,Normal
1117482,705173,6016,2025-06-22,14.07,mmol/L,Normal
1117483,705023,6012,2024-05-28,21.66,mg/dL,Normal
1117484,706230,6024,2025-03-05,36.57,mg/dL,Normal
1117485,702748,6015,2023-03-16,13.91,mg/dL,Normal
1117486,705783,6012,2025-11-03,13.59,g/dL,Normal
1117487,703202,6001,2022-02-10,119.79,U/L,High
1117488,705421,6005,2025-07-19,67.07,mg/dL,Normal
1117489,702275,6010,2024-08-30,33.82,mmol/L,Normal
1117490,701734,6004,2022-03-06,20.03,%,Normal
1117491,700139,6020,2022-09-14,48.14,mg/dL,Normal
1117492,702715,6002,2022-10-30,51.55,%,Normal
1117493,700511,6018,2021-06-21,24.5,%,Normal
1117494,702222,6011,2024-04-21,24.95,%,Normal
1117495,700559,6019,2025-01-27,7.89,%,Normal
1117496,704878,6017,2024-10-24,12.71,U/L,Low
1117497,701031,6024,2021-07-26,26.63,%,Normal
1117498,703663,6005,2023-09-15,23.78,U/L,Normal
1117499,700619,6013,2025-05-17,19.12,mmHg,High
1117500,703092,6010,2025-05-13,20.76,mg/dL,Normal
1117501,701817,6017,2022-03-27,10.88,g/dL,High
1117502,703678,6012,2022-08-18,12.39,mg/dL,Normal
1117503,700301,6003,2025-09-06,13.94,U/L,Normal
1117504,701098,6006,2023-06-09,117.87,%,Normal
1117505,704678,6005,2024-09-24,10.37,%,Normal
1117506,705809,6019,2025-02-05,35.47,U/L,Normal
1117507,700660,6004,2025-08-09,8.8,mmol/L,Normal
1117508,702855,6014,2024-01-22,9.77,mmol/L,Low
1117509,701764,6016,2024-06-03,10.5,%,Low
1117510,702914,6010,2023-11-21,16.28,mmHg,Normal
1117511,701459,6026,2024-02-05,24.07,mmHg,Normal
1117512,704567,6016,2022-01-03,40.91,mg/dL,Low
1117513,705029,6007,2025-04-18,12.51,mg/dL,Low
1117514,700757,6016,2025-12-25,36.2,mmol/L,Normal
1117515,703792,6004,2022-12-16,26.64,%,Normal
1117516,703682,6023,2021-06-07,15.64,U/L,Normal
1117517,702530,6003,2024-02-08,1.5,mmHg,Low
1117518,705875,6016,2025-01-02,11.94,mmol/L,Normal
1117519,700917,6007,2022-12-18,24.99,mmol/L,Low
1117520,705530,6014,2022-05-22,48.65,mmHg,Normal
1117521,705246,6010,2023-10-15,12.99,g/dL,Normal
1117522,700001,6012,2024-06-02,7.29,%,Normal
1117523,704047,6011,2021-02-03,72.41,U/L,High
1117524,701090,6010,2022-08-10,23.03,%,Normal
1117525,703299,6021,2024-08-06,10.83,%,Normal
1117526,703657,6004,2025-10-25,25.64,mg/dL,Normal
1117527,702250,6026,2022-04-15,15.1,%,Normal
1117528,703800,6016,2023-09-30,18.82,%,Normal
1117529,701424,6021,2023-04-24,24.86,mmHg,Normal
1117530,705767,6003,2022-07-18,18.65,g/dL,Normal
1117531,705674,6022,2024-01-13,20.89,mmHg,Normal
1117532,701001,6016,2025-05-19,9.68,mg/dL,Normal
1117533,701017,6004,2024-08-30,22.7,mg/dL,Normal
1117534,705808,6005,2022-05-23,11.3,mmHg,Low
1117535,702437,6026,2025-03-12,21.08,%,Normal
1117536,704971,6022,2022-08-04,8.38,mmol/L,Low
1117537,700966,6001,2024-05-04,6.12,g/dL,High
1117538,700662,6014,2022-06-07,24.59,%,Normal
1117539,706407,6016,2023-07-09,40.52,%,Normal
1117540,701560,6001,2023-11-08,29.24,U/L,Normal
1117541,705358,6020,2021-01-05,24.42,U/L,Critical
1117542,703271,6026,2025-04-07,17.07,%,Normal
1117543,700798,6017,2024-09-26,90.39,mg/dL,Normal
1117544,702783,6009,2025-02-09,22.46,%,Normal
1117545,705174,6013,2024-04-27,51.39,mg/dL,Normal
1117546,703065,6003,2022-08-26,54.85,mg/dL,High
1117547,700785,6013,2024-03-10,19.09,%,Normal
1117548,705561,6018,2023-08-05,26.9,U/L,Normal
1117549,704506,6026,2024-01-01,38.05,mg/dL,Low
1117550,706067,6022,2025-01-30,30.37,%,Normal
1117551,700418,6008,2022-10-10,18.28,%,Normal
1117552,700238,6016,2021-10-03,,mmol/L,Low
1117553,701902,6002,2022-10-17,45.64,mmHg,Normal
1117554,700459,6020,2021-06-27,13.92,U/L,Normal
1117555,704958,6022,2023-02-19,9.15,mmHg,Normal
1117556,700735,6016,2023-10-07,41.31,%,Normal
1117557,700188,6026,2024-02-11,9.5,mmHg,Normal
1117558,704538,6024,2021-04-14,11.29,mg/dL,Critical
1117559,703814,6002,2024-09-27,13.3,mmol/L,Normal
1117560,702374,6008,2025-01-01,26.09,mg/dL,Normal
1117561,703688,6011,2023-03-02,67.83,U/L,Normal
1117562,700307,6008,2023-01-16,8.77,mmHg,Normal
1117563,703397,6002,2022-05-29,7.07,%,Normal
1117564,705474,6010,2022-01-29,21.59,mmol/L,Normal
1117565,700972,6024,2023-09-08,29.24,mmol/L,Critical
1117566,702031,6019,2025-01-09,21.64,mmHg,High
1117567,706319,6017,2024-11-10,12.59,%,Low
1117568,705404,6026,2025-10-11,13.85,mg/dL,Normal
1117569,701288,6023,2024-09-05,11.08,%,Low
1117570,703547,6016,2024-01-07,14.74,mg/dL,Low
1117571,705775,6003,2021-12-03,21.25,mg/dL,Normal
1117572,703278,6006,2025-08-05,15.17,mmHg,Normal
1117573,704144,6005,2025-07-23,10.79,mg/dL,High
1117574,706500,6015,2024-11-09,7.57,U/L,Normal
1117575,702488,6004,2021-12-03,18.67,mg/dL,Normal
1117576,700108,6020,2024-03-08,8.99,mmHg,Normal
1117577,706274,6003,2022-02-13,2.63,mmHg,Normal
1117578,700670,6021,2025-09-20,12.81,%,Normal
1117579,702376,6010,2025-02-03,16.87,g/dL,High
1117580,705558,6007,2023-02-16,57.59,mmHg,Normal
1117581,700095,6017,2024-05-05,15.36,mmol/L,Normal
1117582,704207,6004,2021-10-25,25.0,%,Normal
1117583,703830,6010,2022-12-25,24.31,mmHg,Normal
1117584,705845,6015,2025-02-19,9.36,g/dL,Normal
1117585,705634,6002,2025-01-21,86.23,U/L,Normal
1117586,705837,6001,2022-07-01,8.2,mg/dL,Normal
1117587,701276,6017,2021-07-08,45.56,g/dL,Normal
1117588,702817,6015,2021-12-21,8.39,mg/dL,Low
1117589,703055,6018,2024-09-30,54.9,mg/dL,Normal
1117590,701428,6017,2021-11-21,9.62,mmHg,Normal
1117591,705740,6025,2022-03-19,11.76,mmHg,Normal
1117592,703972,6015,2025-01-03,66.91,mg/dL,Normal
1117593,705663,6002,2022-01-10,7.58,mmHg,Normal
1117594,703437,6009,2021-07-07,16.89,mmol/L,Low
1117595,702148,6018,2024-02-09,46.11,g/dL,High
1117596,700932,6011,2021-10-17,27.66,mmol/L,Normal
1117597,700436,6019,2025-05-05,14.12,mmol/L,Normal
1117598,701757,6016,2021-07-14,37.24,mg/dL,High
1117599,704989,6013,2025-04-04,10.47,mmol/L,Normal
1117600,700598,6001,2023-09-08,10.09,mg/dL,Normal
1117601,705663,6011,2025-03-08,14.81,U/L,Low
1117602,701544,6024,2025-04-20,64.93,g/dL,Critical
1117603,700135,6020,2024-01-26,16.03,%,Normal
1117604,700905,6023,2022-07-01,24.58,U/L,Normal
1117605,700117,6007,2024-01-25,24.22,U/L,Normal
1117606,706454,6004,2024-08-18,59.55,U/L,Normal
1117607,704505,6024,2022-09-23,34.1,mmHg,Normal
1117608,700436,6008,2021-03-03,13.65,mmol/L,Low
1117609,700968,6012,2025-03-15,28.73,mmHg,Low
1117610,705649,6008,2022-12-28,22.06,mmHg,Normal
1117611,704912,6002,2023-11-29,45.23,mmHg,Normal
1117612,703834,6024,2022-10-21,11.0,mg/dL,Normal
1117613,705666,6013,2025-08-24,9.17,U/L,Normal
1117614,705713,6022,2024-02-17,3.87,U/L,Normal
1117615,704537,6003,2023-06-23,7.33,%,Normal
1117616,704636,6010,2021-07-23,28.74,mmol/L,High
1117617,701047,6022,2023-12-16,32.74,mmHg,Normal
1117618,706267,6020,2025-12-02,40.01,mmHg,Low
1117619,705854,6008,2023-02-13,33.07,U/L,Normal
1117620,702916,6007,2022-06-12,11.35,mmHg,Low
1117621,702469,6011,2022-12-09,31.2,g/dL,Normal
1117622,700824,6017,2024-05-01,24.95,%,Normal
1117623,705611,6003,2025-09-14,7.94,%,Normal
1117624,700336,6015,2023-11-06,7.02,g/dL,Low
1117625,701247,6011,2025-12-28,34.09,U/L,High
1117626,704288,6013,2024-02-06,36.64,mmol/L,Normal
1117627,700042,6019,2021-12-06,46.21,U/L,High
1117628,700371,6008,2023-08-17,35.58,%,Normal
1117629,704716,6016,2021-12-27,5.82,g/dL,Low
1117630,704274,6003,2024-08-06,13.4,g/dL,Normal
1117631,700440,6001,2025-11-27,17.56,mmol/L,Normal
1117632,702594,6023,2023-04-26,24.59,%,Normal
1117633,704939,6001,2025-02-10,39.4,mmHg,Normal
1117634,705870,6001,2024-04-08,30.05,mmol/L,Normal
1117635,706369,6009,2021-05-06,34.57,g/dL,Normal
1117636,705754,6009,2021-08-04,48.28,mmHg,High
1117637,704938,6020,2022-05-07,82.08,mmHg,High
1117638,702264,6007,2021-03-16,4.44,U/L,Normal
1117639,701427,6020,2023-12-01,17.95,mmol/L,High
1117640,701556,6002,2021-08-28,14.81,mg/dL,Normal
1117641,703829,6016,2023-01-10,14.95,g/dL,Normal
1117642,706428,6012,2022-08-27,17.03,g/dL,Normal
1117643,705147,6001,2024-07-03,9.95,g/dL,Normal
1117644,705623,6020,2025-01-05,4.49,U/L,Normal
1117645,705320,6001,2024-10-05,15.89,mmHg,Normal
1117646,702918,6007,2021-01-19,6.81,%,High
1117647,700681,6015,2021-02-27,16.39,%,Normal
1117648,704834,6020,2021-06-15,30.09,%,Normal
1117649,705234,6024,2022-09-22,8.86,mmol/L,Normal
1117650,703937,6019,2025-05-20,20.83,mg/dL,Normal
1117651,701568,6020,2025-11-21,15.56,U/L,Normal
1117652,701034,6006,2025-03-24,128.73,g/dL,High
1117653,704576,6017,2021-10-10,19.24,mmol/L,Low
1117654,704121,6004,2024-11-21,11.8,mmol/L,Low
1117655,705682,6001,2024-01-29,52.19,U/L,Low
1117656,702956,6007,2023-02-17,33.7,mmHg,Normal
1117657,706490,6012,2023-04-29,10.13,U/L,Normal
1117658,701200,6010,2024-01-17,5.11,%,Normal
1117659,706412,6014,2025-03-23,32.24,g/dL,Critical
1117660,700450,6020,2024-07-15,10.42,mmHg,Normal
1117661,703256,6022,2021-04-11,73.99,g/dL,High
1117662,702756,6021,2022-08-20,16.53,mmol/L,Normal
1117663,703309,6026,2022-04-14,16.66,mg/dL,Normal
1117664,703023,6010,2025-10-10,15.83,mmHg,High
1117665,705765,6018,2021-12-25,42.82,mmHg,Normal
1117666,700300,6013,2025-05-28,7.48,g/dL,Normal
1117667,703427,6015,2022-08-02,56.09,U/L,High
1117668,706039,6008,2023-03-25,25.88,mmHg,Normal
1117669,704164,6019,2024-07-26,6.37,%,Normal
1117670,702477,6012,2021-05-04,26.68,g/dL,Normal
1117671,705198,6013,2023-02-20,28.72,g/dL,Normal
1117672,703393,6025,2022-10-13,24.8,%,Normal
1117673,704566,6001,2024-09-07,13.99,mmol/L,Normal
1117674,703692,6020,2022-11-09,20.07,U/L,Normal
1117675,701530,6017,2022-04-07,28.76,g/dL,Normal
1117676,706277,6011,2025-03-08,11.7,U/L,Normal
1117677,705936,6022,2025-10-21,26.84,mmol/L,High
1117678,701286,6016,2023-05-14,19.67,mmol/L,Normal
1117679,706075,6016,2021-11-26,10.61,U/L,Normal
1117680,705746,6003,2025-01-21,23.34,mmol/L,High
1117681,701451,6011,2021-01-01,21.92,U/L,Normal
1117682,701891,6022,2022-01-05,46.08,%,Normal
1117683,705479,6021,2023-10-05,15.71,mmol/L,Low
1117684,701366,6021,2023-06-20,29.95,U/L,High
1117685,705406,6007,2025-12-29,17.31,mmHg,Normal
1117686,700476,6008,2023-07-20,14.96,mmol/L,Normal
1117687,701852,6026,2022-09-08,28.02,mmol/L,High
1117688,705101,6003,2022-01-18,43.54,U/L,Critical
1117689,705188,6022,2021-06-15,19.64,mmHg,High
1117690,700447,6024,2024-10-25,28.06,mg/dL,High
1117691,701923,6014,2022-06-20,24.04,U/L,Normal
1117692,705826,6002,2022-04-12,12.75,g/dL,Critical
1117693,705402,6025,2023-05-30,23.09,%,Normal
1117694,702421,6019,2022-12-23,3.38,mmol/L,Normal
1117695,700911,6017,2023-12-16,29.4,g/dL,Low
1117696,700320,6002,2023-11-29,23.64,U/L,High
1117697,702220,6017,2021-03-06,67.35,U/L,Normal
1117698,702731,6017,2023-11-16,,U/L,Normal
1117699,700140,6016,2025-12-13,17.37,g/dL,Normal
1117700,702168,6013,2025-01-13,14.25,%,High
1117701,706357,6013,2025-06-09,13.74,U/L,High
1117702,703532,6005,2022-07-05,56.64,g/dL,Normal
1117703,700556,6009,2025-05-04,8.75,mmol/L,Normal
1117704,701322,6026,2021-07-14,34.23,%,High
1117705,704770,6007,2023-10-28,18.43,%,Normal
1117706,701153,6011,2021-11-20,10.48,mmol/L,Normal
1117707,706443,6006,2024-03-02,13.29,g/dL,Normal
1117708,705452,6014,2023-08-11,44.71,mmHg,Normal
1117709,706000,6010,2022-12-23,15.0,mmHg,Normal
1117710,703016,6010,2021-12-10,20.59,%,Normal
1117711,702472,6013,2025-02-16,26.83,mmHg,Low
1117712,702630,6015,2022-09-17,51.2,g/dL,Low
1117713,701819,6004,2025-05-24,7.87,g/dL,Low
1117714,705855,6014,2025-01-21,5.58,U/L,Normal
1117715,702756,6023,2021-12-02,37.8,mmol/L,Normal
1117716,701950,6024,2025-03-13,15.85,%,Normal
1117717,700540,6007,2024-01-08,34.29,mmHg,Normal
1117718,703102,6008,2024-02-10,68.37,g/dL,Normal
1117719,705943,6021,2023-07-01,50.0,%,High
1117720,702567,6022,2024-02-24,,%,High
1117721,705905,6012,2025-02-16,25.69,U/L,Normal
1117722,704055,6020,2024-05-28,12.96,mmHg,Normal
1117723,704424,6025,2024-02-03,20.46,g/dL,High
1117724,703965,6016,2023-06-26,20.75,mg/dL,High
1117725,704962,6008,2023-05-17,63.41,g/dL,Normal
1117726,705682,6006,2021-09-30,8.0,g/dL,Normal
1117727,702191,6001,2021-10-04,14.35,%,Normal
1117728,703178,6001,2022-07-01,70.75,%,Normal
1117729,700449,6015,2024-12-29,19.13,mmol/L,Low
1117730,705720,6002,2022-07-14,14.73,g/dL,High
1117731,701460,6021,2025-09-02,21.74,mmHg,Normal
1117732,703182,6005,2024-06-22,6.08,g/dL,Normal
1117733,700889,6021,2023-01-23,21.77,mg/dL,Normal
1117734,705387,6009,2023-03-29,7.6,%,Normal
1117735,704605,6016,2023-05-08,12.38,g/dL,High
1117736,705622,6006,2023-12-04,29.23,%,Normal
1117737,705118,6023,2025-05-01,13.31,mmol/L,Low
1117738,701142,6025,2025-08-22,33.87,mg/dL,Normal
1117739,700210,6024,2024-10-22,12.48,mg/dL,High
1117740,704032,6008,2021-12-18,45.41,g/dL,Normal
1117741,702975,6011,2021-01-15,3.87,mg/dL,Normal
1117742,704959,6025,2023-01-14,27.88,mmHg,High
1117743,705091,6010,2023-09-18,18.21,%,Normal
1117744,704272,6006,2023-08-28,26.59,mmol/L,Normal
1117745,705214,6016,2023-12-02,17.77,%,High
1117746,702449,6021,2024-10-04,16.66,%,Normal
1117747,701213,6008,2024-09-07,18.91,%,Normal
1117748,702141,6019,2022-03-13,40.14,mg/dL,Normal
1117749,704147,6005,2024-03-31,33.76,%,Normal
1117750,700132,6017,2024-06-26,19.71,U/L,Normal
1117751,700552,6021,2023-09-16,17.51,%,Normal
1117752,706028,6011,2023-03-11,31.13,%,Normal
1117753,703250,6023,2024-12-23,37.1,U/L,Critical
1117754,703140,6008,2023-05-19,20.06,U/L,Normal
1117755,700057,6008,2021-02-28,19.11,%,High
1117756,701729,6022,2025-01-10,6.27,%,Normal
1117757,700359,6020,2023-01-30,10.78,U/L,Normal
1117758,703900,6021,2025-01-13,35.0,mg/dL,Normal
1117759,701869,6008,2021-06-09,52.25,g/dL,Normal
1117760,704554,6015,2025-02-08,46.66,mmHg,Normal
1117761,700157,6006,2024-05-03,16.45,U/L,Normal
1117762,705016,6010,2025-11-13,18.55,%,Normal
1117763,701890,6011,2025-07-27,12.85,mmHg,High
1117764,705863,6015,2021-08-09,5.25,mmHg,Low
1117765,704548,6008,2021-07-15,30.57,mmol/L,Normal
1117766,705377,6016,2023-10-23,26.46,g/dL,Normal
1117767,706084,6003,2023-04-09,70.16,U/L,Normal
1117768,705937,6017,2025-10-07,31.42,mg/dL,Normal
1117769,706437,6011,2023-12-14,57.89,%,Normal
1117770,702930,6012,2021-02-06,5.86,mmol/L,Low
1117771,700050,6025,2024-11-18,31.33,%,Low
1117772,700784,6013,2022-09-06,4.89,U/L,Normal
1117773,704569,6018,2023-11-05,12.81,g/dL,Normal
1117774,702329,6020,2023-12-03,17.06,mg/dL,Normal
1117775,702430,6009,2024-10-02,9.03,mg/dL,Normal
1117776,700383,6014,2022-05-14,18.12,%,Normal
1117777,702778,6025,2023-04-14,31.6,U/L,Normal
1117778,702819,6018,2021-09-04,31.3,%,Normal
1117779,702701,6024,2021-05-22,10.5,g/dL,Normal
1117780,701561,6007,2022-07-17,71.9,%,Normal
1117781,704891,6001,2023-07-30,20.22,mg/dL,Normal
1117782,702031,6018,2021-05-16,14.2,g/dL,Normal
1117783,706318,6019,2022-08-08,4.02,%,Normal
1117784,700928,6001,2025-01-31,25.52,mmHg,Normal
1117785,702944,6019,2025-02-13,27.69,mmol/L,Normal
1117786,700121,6026,2023-05-12,14.26,mg/dL,Normal
1117787,704731,6017,2023-07-23,26.15,g/dL,Normal
1117788,702766,6021,2024-05-16,,mmol/L,Normal
1117789,703842,6024,2021-06-03,12.49,mmol/L,Normal
1117790,703049,6007,2024-12-15,26.14,mg/dL,Normal
1117791,706047,6018,2024-12-26,22.07,mmol/L,Normal
1117792,701490,6002,2021-11-13,9.22,%,High
1117793,700083,6001,2024-08-08,22.9,mmol/L,Normal
1117794,703532,6022,2022-07-12,9.78,g/dL,Normal
1117795,700252,6003,2023-05-24,26.87,U/L,High
1117796,702152,6005,2021-06-09,15.17,mmol/L,Normal
1117797,705081,6026,2024-01-02,30.1,mmol/L,Normal
1117798,700750,6019,2023-10-29,16.64,mmHg,Normal
1117799,704771,6023,2025-01-28,16.61,g/dL,Normal
1117800,702872,6016,2024-01-28,14.28,mmHg,High
1117801,702443,6024,2025-07-26,30.42,%,Normal
1117802,703431,6019,2022-05-15,15.51,mmHg,Normal
1117803,706136,6009,2023-07-27,36.58,%,Normal
1117804,703403,6001,2023-01-29,7.87,g/dL,Normal
1117805,704494,6017,2023-12-29,8.75,%,High
1117806,703573,6025,2024-07-20,16.94,%,Normal
1117807,700067,6017,2022-06-30,37.7,%,High
1117808,705161,6012,2021-03-21,28.41,g/dL,Low
1117809,704744,6017,2024-01-29,13.6,U/L,Normal
1117810,702003,6008,2024-09-14,18.01,%,Normal
1117811,702794,6019,2021-01-28,9.59,mmol/L,High
1117812,702078,6015,2021-01-13,17.78,mg/dL,Normal
1117813,703651,6019,2024-01-02,46.36,%,Normal
1117814,705989,6014,2025-09-27,14.19,g/dL,High
1117815,704623,6023,2024-07-01,28.47,mmHg,Normal
1117816,705311,6016,2025-08-23,82.71,mmol/L,Normal
1117817,703628,6024,2025-04-03,35.95,mmHg,Normal
1117818,700270,6006,2022-05-10,17.09,U/L,Normal
1117819,701053,6001,2021-02-01,20.15,mg/dL,Normal
1117820,705184,6008,2025-04-23,8.25,mmol/L,Normal
1117821,703164,6013,2021-06-03,19.79,mmol/L,Low
1117822,706466,6026,2022-06-04,7.02,%,High
1117823,702104,6014,2021-04-30,13.69,%,Normal
1117824,700300,6009,2022-05-05,12.17,U/L,Normal
1117825,705916,6003,2025-07-13,36.77,mmHg,Low
1117826,702815,6019,2024-04-24,28.66,U/L,Normal
1117827,700176,6020,2022-10-10,4.55,g/dL,Normal
1117828,704816,6014,2025-07-17,91.54,mg/dL,Normal
1117829,701641,6008,2024-02-04,36.27,mmHg,High
1117830,705554,6007,2021-12-22,5.49,mg/dL,High
1117831,705436,6024,2021-01-12,15.76,g/dL,Normal
1117832,705636,6016,2021-03-21,6.91,mg/dL,Normal
1117833,704946,6020,2025-11-27,65.58,mg/dL,Low
1117834,704503,6010,2025-08-03,21.62,%,High
1117835,700686,6006,2023-11-16,25.97,mmHg,Normal
1117836,700323,6004,2022-11-07,12.62,g/dL,Low
1117837,704503,6011,2023-11-12,11.92,mg/dL,Normal
1117838,701123,6004,2025-03-28,45.28,U/L,Normal
1117839,703991,6008,2024-01-09,6.05,U/L,Low
1117840,702734,6011,2025-06-03,13.43,mmHg,Normal
1117841,705033,6001,2023-09-26,16.99,mmol/L,Normal
1117842,704886,6019,2022-08-13,21.76,mg/dL,Normal
1117843,706350,6026,2025-08-04,23.12,%,Low
1117844,706116,6018,2025-11-01,33.57,mmol/L,Normal
1117845,701455,6023,2024-11-24,22.7,g/dL,Normal
1117846,706251,6025,2024-10-23,16.56,mg/dL,Normal
1117847,705488,6015,2022-09-11,13.91,mmol/L,Normal
1117848,702664,6007,2025-12-14,18.69,%,Normal
1117849,702864,6022,2021-04-22,33.83,U/L,High
1117850,704810,6022,2023-12-13,4.98,%,Normal
1117851,701343,6004,2024-10-27,32.38,%,Normal
1117852,704094,6019,2023-12-05,20.9,mmol/L,High
1117853,703856,6010,2021-09-19,30.56,mg/dL,High
1117854,702620,6016,2022-07-01,3.85,mmol/L,Normal
1117855,704773,6026,2022-07-24,4.26,mg/dL,Normal
1117856,700432,6022,2023-07-19,21.73,U/L,Normal
1117857,704389,6016,2023-07-09,12.61,mmHg,Normal
1117858,705982,6006,2023-03-23,30.64,U/L,Normal
1117859,700450,6012,2022-05-16,28.19,mg/dL,Normal
1117860,703590,6022,2024-03-07,24.64,g/dL,Normal
1117861,700320,6024,2025-09-07,12.62,mg/dL,Normal
1117862,705464,6002,2021-08-31,23.66,mmHg,Low
1117863,703792,6025,2024-08-26,20.84,U/L,Normal
1117864,701752,6009,2023-06-12,207.19,mmHg,Normal
1117865,706200,6015,2025-11-18,33.26,g/dL,Normal
1117866,703891,6001,2023-01-24,17.97,g/dL,Normal
1117867,703072,6019,2021-02-05,51.93,mmol/L,Low
1117868,701858,6026,2021-04-15,52.29,g/dL,Normal
1117869,704486,6006,2024-01-21,27.24,%,Normal
1117870,701616,6017,2022-07-10,31.01,mg/dL,Normal
1117871,704523,6020,2024-10-28,25.66,U/L,Normal
1117872,706470,6026,2021-03-15,8.22,U/L,Normal
1117873,705792,6021,2024-05-27,12.43,g/dL,Normal
1117874,706373,6025,2025-10-18,20.27,g/dL,Normal
1117875,703040,6005,2024-01-29,51.77,g/dL,Normal
1117876,706484,6010,2023-07-25,78.23,mg/dL,High
1117877,703817,6014,2022-08-27,52.09,mmHg,Normal
1117878,700119,6003,2024-09-16,68.72,mg/dL,Normal
1117879,703181,6011,2024-09-16,28.61,g/dL,Normal
1117880,701063,6025,2022-03-28,8.34,U/L,Normal
1117881,700456,6002,2023-04-26,7.1,mmol/L,Normal
1117882,702861,6010,2022-04-09,31.91,%,Normal
1117883,700279,6021,2023-04-08,19.21,g/dL,Low
1117884,702680,6022,2023-03-25,26.96,%,Low
1117885,703656,6015,2024-04-19,12.16,U/L,Normal
1117886,705056,6006,2022-07-16,32.06,%,Normal
1117887,704444,6007,2021-02-12,14.45,g/dL,Low
1117888,703724,6003,2021-02-04,65.08,mmHg,Low
1117889,703515,6001,2023-04-21,16.54,g/dL,Normal
1117890,704290,6008,2021-02-03,16.07,mmHg,Normal
1117891,702746,6002,2021-02-02,16.56,g/dL,Normal
1117892,702079,6011,2022-11-22,19.61,%,Normal
1117893,704136,6016,2023-05-14,32.03,U/L,Normal
1117894,703646,6003,2021-06-25,6.33,g/dL,Normal
1117895,703217,6019,2023-10-02,11.15,mg/dL,Normal
1117896,702061,6012,2023-12-22,26.81,%,Normal
1117897,700303,6012,2025-12-26,7.97,g/dL,Normal
1117898,702636,6007,2025-01-02,11.95,mmHg,Normal
1117899,700300,6006,2021-10-16,14.07,g/dL,Low
1117900,700629,6025,2021-10-06,23.92,%,Critical
1117901,704910,6024,2021-08-07,36.08,mmHg,Normal
1117902,703122,6018,2024-07-19,45.29,mmHg,Normal
1117903,705054,6026,2025-08-03,20.15,%,Normal
1117904,706417,6017,2021-01-16,45.12,mmHg,High
1117905,700753,6011,2023-06-18,93.86,%,Normal
1117906,701263,6014,2021-06-12,7.86,mmol/L,High
1117907,702768,6022,2022-06-01,15.64,%,Normal
1117908,704197,6013,2024-04-02,75.98,U/L,High
1117909,706474,6001,2021-12-28,11.84,mmol/L,Normal
1117910,705470,6002,2025-02-03,20.66,mmol/L,Normal
1117911,702996,6015,2022-06-22,10.47,%,Normal
1117912,702839,6026,2024-11-08,19.9,g/dL,Normal
1117913,701487,6017,2021-03-25,24.0,mmHg,Normal
1117914,705982,6004,2023-02-02,32.61,mmHg,Low
1117915,702347,6020,2022-04-19,11.5,mmHg,Normal
1117916,703672,6017,2022-06-09,,%,Normal
1117917,704369,6011,2021-02-05,35.49,mmol/L,Normal
1117918,703944,6004,2024-04-13,88.64,U/L,High
1117919,702390,6024,2022-08-11,12.39,U/L,Normal
1117920,701323,6019,2022-11-13,7.11,U/L,Normal
1117921,706460,6025,2022-01-07,20.65,mmol/L,Low
1117922,702282,6023,2021-01-15,30.0,mg/dL,High
1117923,700706,6013,2025-08-07,19.22,mg/dL,Normal
1117924,702870,6014,2024-06-27,13.01,mg/dL,Low
1117925,701385,6007,2021-09-20,23.89,g/dL,Normal
1117926,702662,6015,2021-09-26,53.92,g/dL,Normal
1117927,702923,6015,2022-05-07,27.68,mmHg,Normal
1117928,703641,6002,2021-06-18,34.97,mmol/L,Low
1117929,700305,6023,2023-07-18,20.81,mmol/L,Low
1117930,700746,6019,2023-03-02,31.54,%,Normal
1117931,702508,6018,2024-10-03,21.32,mmol/L,High
1117932,700018,6024,2024-10-21,10.35,mmHg,Normal
1117933,705347,6014,2025-05-14,11.51,mmol/L,High
1117934,704602,6025,2025-12-09,5.12,mg/dL,Normal
1117935,700807,6005,2023-05-15,12.72,mg/dL,Normal
1117936,704214,6002,2021-12-16,8.83,mmHg,Normal
1117937,703239,6016,2024-05-09,98.05,mmol/L,Normal
1117938,704842,6010,2023-11-18,48.4,%,Normal
1117939,706195,6006,2021-03-20,22.12,%,Critical
1117940,702667,6015,2024-08-05,22.1,%,High
1117941,701084,6007,2023-11-23,32.32,U/L,Normal
1117942,700351,6010,2024-04-26,33.65,U/L,High
1117943,701846,6006,2025-09-11,9.56,U/L,Low
1117944,703388,6022,2022-02-23,67.25,g/dL,Normal
1117945,702571,6009,2021-12-05,8.31,%,Normal
1117946,705015,6012,2023-05-19,28.19,U/L,Normal
1117947,700826,6016,2021-10-02,23.75,%,High
1117948,700985,6023,2023-11-25,32.16,mmHg,Normal
1117949,703696,6003,2023-09-18,57.62,U/L,Normal
1117950,701352,6008,2021-02-21,20.39,U/L,Normal
1117951,703457,6025,2022-03-26,11.57,%,Normal
1117952,705940,6020,2021-04-25,7.41,mmHg,Normal
1117953,702588,6023,2021-05-29,29.42,mmHg,Low
1117954,703081,6012,2023-05-19,67.21,mg/dL,Low
1117955,700112,6006,2021-01-09,20.37,mmol/L,Low
1117956,705664,6016,2021-07-13,16.92,U/L,Low
1117957,702226,6013,2023-12-24,32.78,U/L,Normal
1117958,700493,6015,2022-04-04,30.29,U/L,Normal
1117959,703758,6003,2024-08-17,18.85,mg/dL,High
1117960,700191,6024,2021-11-25,33.04,U/L,High
1117961,702444,6016,2021-01-11,8.12,mmHg,Low
1117962,700682,6025,2021-06-02,13.79,U/L,Normal
1117963,702588,6023,2022-03-23,32.24,%,Critical
1117964,700464,6003,2021-12-20,,g/dL,Normal
1117965,701219,6019,2023-08-31,24.76,mg/dL,Normal
1117966,700353,6023,2024-12-31,20.06,g/dL,Normal
1117967,702311,6002,2025-10-24,8.76,mmHg,High
1117968,702124,6021,2022-03-10,44.98,mmHg,Critical
1117969,705887,6011,2022-06-02,2.89,mg/dL,High
1117970,702240,6011,2025-09-26,9.71,U/L,Normal
1117971,703679,6004,2025-11-20,15.82,U/L,Normal
1117972,700732,6025,2025-09-28,40.21,mmol/L,Normal
1117973,702716,6021,2023-10-09,61.29,mmHg,Normal
1117974,703757,6012,2024-01-16,14.73,mg/dL,High
1117975,701261,6025,2025-01-03,17.16,mg/dL,Low
1117976,705078,6012,2024-02-20,24.4,U/L,Normal
1117977,701037,6025,2023-02-19,,g/dL,Normal
1117978,705558,6005,2022-08-28,21.54,mmol/L,Normal
1117979,701032,6020,2021-06-27,7.38,mmHg,Normal
1117980,700123,6012,2021-05-23,4.45,mg/dL,Low
1117981,701648,6018,2023-03-14,23.09,g/dL,Normal
1117982,703716,6024,2024-10-16,14.23,g/dL,Normal
1117983,703909,6005,2025-02-03,18.8,mmHg,Normal
1117984,706250,6004,2022-04-09,10.44,mmHg,Low
1117985,705060,6024,2023-07-11,36.28,g/dL,Low
1117986,705641,6019,2023-04-20,9.78,U/L,Normal
1117987,705327,6024,2024-10-01,17.71,U/L,Normal
1117988,700510,6015,2021-08-29,16.9,mmHg,Normal
1117989,701931,6002,2024-07-29,17.95,mmol/L,High
1117990,704048,6002,2022-12-13,16.87,%,Normal
1117991,704884,6026,2023-11-12,152.12,%,Normal
1117992,705452,6013,2025-03-03,19.97,mmHg,High
1117993,701592,6020,2025-06-23,26.15,mmHg,Normal
1117994,705568,6018,2023-11-15,23.03,mmol/L,Normal
1117995,700591,6010,2022-01-16,8.87,%,Normal
1117996,701115,6022,2025-08-08,9.76,mmHg,Normal
1117997,702139,6018,2025-12-27,24.55,mg/dL,High
1117998,705044,6012,2023-05-13,24.41,mmHg,Low
1117999,703353,6024,2023-03-18,24.54,mmol/L,Low
1118000,704426,6014,2023-01-04,25.18,g/dL,Normal
