Medication_Record_ID,Admission_ID,Medication_ID,Start_Date,Dose,Dose_Unit,Frequency,Route
900001,705948,4002,2021-09-26,55.3,mg,As Needed,IV
900002,703837,4004,2024-04-05,99.0,mL,Once Daily,Oral
900003,705141,4010,2022-12-18,76.2,mL,Once Daily,IV
900004,700243,4007,2024-01-31,61.6,units,Once Daily,IM
900005,702387,4019,2024-12-02,52.0,units,Twice Daily,Oral
900006,701100,4007,2021-01-24,46.8,mg,Twice Daily,Subcutaneous
900007,705954,4027,2022-10-05,85.7,mL,Twice Daily,IV
900008,705944,4034,2025-08-10,48.5,units,Once Daily,Oral
900009,706329,4005,2021-09-02,43.9,mcg,Twice Daily,Oral
900010,704253,4040,2025-04-20,23.5,units,Three Times Daily,Topical
900011,704444,4030,2025-03-01,63.9,mg,As Needed,IV
900012,700162,4040,2024-04-30,3.6,mg,Once Daily,IM
900013,705178,4041,2024-01-26,25.8,mcg,As Needed,IM
900014,703966,4026,2022-12-30,52.8,mcg,Twice Daily,Subcutaneous
900015,700295,4009,2022-06-11,31.3,units,Once Daily,IM
900016,706275,4035,2024-01-18,51.6,units,Three Times Daily,IM
900017,704010,4006,2022-07-14,24.0,mL,Twice Daily,Topical
900018,701271,4025,2024-04-23,86.0,units,Once Daily,Topical
900019,706435,4043,2025-11-05,11.6,mcg,Twice Daily,IM
900020,703144,4044,2023-09-20,22.4,mcg,As Needed,Oral
900021,706488,4010,2024-11-25,46.6,mL,As Needed,Topical
900022,706224,4019,2023-07-27,44.1,units,As Needed,Subcutaneous
900023,702542,4035,2021-09-24,67.3,units,Three Times Daily,Oral
900024,700435,4039,2024-10-28,70.8,units,As Needed,Oral
900025,703990,4026,2024-01-05,65.8,mcg,Once Daily,IV
900026,703912,4045,2025-10-26,64.0,units,Once Daily,Topical
900027,706437,4035,2025-03-02,45.2,mg,Three Times Daily,IM
900028,705129,4003,2024-01-16,44.9,units,Three Times Daily,Oral
900029,701181,4005,2024-04-26,9.3,mg,Three Times Daily,IM
900030,703246,4045,2024-09-02,0.8,mg,As Needed,Topical
900031,706236,4009,2025-04-09,85.5,mg,Twice Daily,IV
900032,702638,4029,2023-04-17,1.5,units,Three Times Daily,Subcutaneous
900033,704469,4044,2025-07-03,90.7,units,Once Daily,Subcutaneous
900034,702022,4034,2023-09-02,21.3,mcg,Once Daily,Oral
900035,702555,4020,2022-01-02,56.3,units,Once Daily,Subcutaneous
900036,705300,4016,2024-03-10,93.1,mcg,Three Times Daily,Subcutaneous
900037,700674,4033,2025-09-15,38.5,units,Twice Daily,IM
900038,700991,4040,2021-08-19,80.6,mg,Twice Daily,Topical
900039,705236,4022,2021-03-31,58.1,mcg,As Needed,Subcutaneous
900040,701741,4015,2025-10-01,43.3,mL,Once Daily,Subcutaneous
900041,703406,4036,2024-03-05,16.5,mg,As Needed,Topical
900042,703351,4022,2023-10-21,17.4,units,Once Daily,Oral
900043,701092,4034,2025-01-09,31.5,units,Once Daily,IM
900044,700379,4025,2022-03-02,89.6,mcg,Twice Daily,Oral
900045,701342,4028,2022-06-10,18.9,mL,As Needed,Subcutaneous
900046,703583,4034,2024-11-20,78.5,mL,Twice Daily,Subcutaneous
900047,701179,4021,2022-03-04,11.4,units,Once Daily,Oral
900048,700401,4027,2023-04-29,81.4,mL,As Needed,IM
900049,705685,4001,2021-06-23,7.4,units,Three Times Daily,Oral
900050,702622,4029,2025-04-25,22.7,mL,As Needed,Oral
900051,701939,4032,2024-09-27,23.5,mcg,Twice Daily,Oral
900052,703876,4013,2021-07-05,82.5,mcg,Twice Daily,Subcutaneous
900053,704890,4013,2025-12-01,58.9,mL,Twice Daily,IV
900054,705906,4036,2021-09-06,64.0,mg,As Needed,IM
900055,701742,4013,2024-09-22,82.0,mcg,Three Times Daily,IV
900056,702085,4005,2025-12-01,76.4,mL,Twice Daily,Oral
900057,704581,4010,2021-10-30,2.2,mg,Once Daily,Topical
900058,704309,4014,2024-10-29,32.0,mL,Once Daily,Subcutaneous
900059,701451,4017,2025-07-03,28.9,units,As Needed,Topical
900060,705153,4002,2022-08-20,80.0,mcg,As Needed,Topical
900061,702492,4034,2024-05-11,1.5,mg,Three Times Daily,Oral
900062,703092,4016,2022-09-15,2.2,mg,As Needed,Oral
900063,702512,4025,2023-03-28,20.4,mg,Twice Daily,Topical
900064,700507,4007,2025-12-27,23.6,mcg,Twice Daily,Topical
900065,704806,4034,2024-06-05,17.0,mcg,As Needed,Topical
900066,702796,4022,2023-01-28,9.0,units,Twice Daily,IV
900067,703544,4026,2021-06-18,66.2,mL,Twice Daily,Subcutaneous
900068,701002,4020,2023-02-19,16.2,units,As Needed,Oral
900069,704216,4042,2025-01-25,63.8,mL,Once Daily,IM
900070,702684,4001,2023-03-07,46.1,mL,Three Times Daily,IV
900071,702454,4009,2022-03-20,86.0,mcg,Three Times Daily,IM
900072,705312,4022,2022-08-05,27.3,mcg,Three Times Daily,Subcutaneous
900073,706448,4031,2022-09-22,98.6,mcg,Twice Daily,Topical
900074,701953,4017,2024-05-21,55.7,mg,Three Times Daily,IM
900075,706494,4002,2022-07-08,96.6,units,As Needed,Subcutaneous
900076,703007,4016,2023-07-27,65.1,mg,As Needed,Oral
900077,702465,4043,2025-11-15,24.2,mL,Three Times Daily,Subcutaneous
900078,704072,4010,2025-09-15,30.4,mcg,Three Times Daily,Subcutaneous
900079,701616,4010,2024-04-13,16.3,units,Twice Daily,Subcutaneous
900080,703021,4025,2025-08-23,43.0,mcg,Once Daily,Oral
900081,700731,4035,2023-04-10,33.2,mcg,Once Daily,Topical
900082,700554,4015,2025-07-13,25.4,mcg,Twice Daily,IV
900083,702556,4019,2024-05-28,20.5,mg,As Needed,Topical
900084,701226,4004,2023-06-05,83.7,mg,Once Daily,Oral
900085,705708,4022,2024-10-09,84.0,units,As Needed,Oral
900086,703432,4036,2025-09-11,54.4,mL,As Needed,IV
900087,704045,4022,2024-03-31,60.8,mL,Once Daily,Subcutaneous
900088,703393,4019,2023-02-17,42.3,mcg,Once Daily,IV
900089,704110,4009,2025-08-23,62.8,mL,As Needed,IM
900090,704811,4011,2021-03-29,78.9,mcg,Twice Daily,Subcutaneous
900091,705211,4008,2025-09-30,49.2,mcg,Twice Daily,IM
900092,701290,4001,2025-09-18,79.2,mcg,As Needed,IM
900093,702753,4022,2024-11-17,89.3,units,Once Daily,Subcutaneous
900094,700763,4002,2021-10-17,99.0,mL,Twice Daily,Subcutaneous
900095,704714,4015,2025-12-20,96.5,mg,As Needed,Oral
900096,701097,4029,2022-07-12,25.2,mL,Twice Daily,Oral
900097,701645,4015,2025-07-13,61.3,mcg,Once Daily,Subcutaneous
900098,704887,4043,2021-01-15,36.0,mL,Twice Daily,Topical
900099,702829,4018,2021-11-22,70.1,mL,Three Times Daily,Topical
900100,702760,4010,2025-09-06,20.4,mL,Three Times Daily,Oral
900101,700650,4019,2022-12-12,28.1,units,Three Times Daily,IM
900102,704494,4010,2024-03-07,97.0,units,Once Daily,Oral
900103,704517,4027,2021-07-23,60.9,mg,Three Times Daily,Oral
900104,704166,4022,2023-04-18,20.4,mg,As Needed,Subcutaneous
900105,702948,4030,2022-04-10,39.6,units,Once Daily,Oral
900106,702697,4025,2023-02-02,36.1,mg,Once Daily,Subcutaneous
900107,702317,4015,2024-02-06,23.6,units,Three Times Daily,IV
900108,706059,4003,2021-07-18,6.4,mg,Three Times Daily,Oral
900109,700063,4009,2022-07-11,97.9,mg,Once Daily,IM
900110,700632,4034,2021-04-24,37.4,mL,As Needed,IV
900111,703362,4033,2022-03-18,54.8,mL,Twice Daily,IM
900112,702007,4023,2022-12-24,40.7,mL,As Needed,IM
900113,700508,4010,2025-01-07,71.1,units,Twice Daily,IV
900114,703479,4034,2023-11-06,74.8,mL,Once Daily,Oral
900115,700835,4039,2025-02-24,90.0,units,Once Daily,Topical
900116,701138,4001,2021-09-18,32.3,units,Twice Daily,IM
900117,702721,4008,2021-03-01,98.0,units,Three Times Daily,Subcutaneous
900118,700040,4039,2024-10-16,79.8,mL,Three Times Daily,Topical
900119,701826,4014,2023-01-16,19.5,mL,Twice Daily,Oral
900120,705990,4003,2022-12-03,50.5,units,As Needed,IM
900121,703054,4012,2021-12-12,34.4,units,As Needed,Subcutaneous
900122,705730,4014,2023-05-30,51.5,units,Three Times Daily,IV
900123,703480,4043,2023-12-18,31.4,units,Once Daily,Subcutaneous
900124,701763,4018,2024-06-05,24.7,mcg,Three Times Daily,Oral
900125,704942,4034,2025-01-27,74.3,mg,As Needed,Subcutaneous
900126,700866,4009,2023-01-13,51.9,mcg,Three Times Daily,IV
900127,704619,4002,2025-05-25,55.2,mcg,Once Daily,Oral
900128,700289,4015,2025-11-24,42.7,mg,Twice Daily,Subcutaneous
900129,706252,4009,2021-02-01,91.2,mg,Three Times Daily,Topical
900130,702999,4011,2023-12-28,5.2,mcg,As Needed,Subcutaneous
900131,705390,4021,2022-07-04,78.5,mcg,Once Daily,Topical
900132,702166,4001,2021-04-13,80.8,mcg,Twice Daily,IV
900133,705896,4020,2023-12-17,39.5,mL,Three Times Daily,IV
900134,702940,4026,2022-01-02,7.3,mcg,As Needed,IM
900135,705262,4009,2025-01-08,78.4,mg,Twice Daily,Subcutaneous
900136,702700,4016,2025-02-02,45.3,mg,Three Times Daily,IV
900137,702771,4026,2024-11-01,62.1,mg,Once Daily,Oral
900138,705612,4008,2024-03-10,80.5,units,Three Times Daily,Topical
900139,701442,4027,2023-06-18,17.1,mcg,As Needed,Subcutaneous
900140,705234,4010,2022-09-19,36.9,mcg,As Needed,Topical
900141,702401,4015,2023-07-03,69.4,mcg,As Needed,IV
900142,704199,4019,2022-01-20,34.6,mg,Once Daily,Topical
900143,704099,4024,2021-01-31,37.3,mL,As Needed,Topical
900144,704376,4013,2025-05-30,74.4,units,As Needed,Topical
900145,702697,4044,2024-03-04,74.7,mL,Twice Daily,Topical
900146,703349,4007,2024-02-27,60.3,units,As Needed,IM
900147,703107,4007,2024-01-08,41.5,mL,Once Daily,Subcutaneous
900148,705276,4036,2022-12-01,39.1,units,Twice Daily,Oral
900149,701248,4028,2025-01-04,29.6,units,Twice Daily,Oral
900150,705487,4036,2025-06-14,8.0,units,Twice Daily,Subcutaneous
900151,704156,4015,2024-12-04,5.0,mg,Twice Daily,IV
900152,701771,4035,2021-03-12,92.2,mcg,As Needed,Topical
900153,705361,4012,2023-12-02,13.2,mL,Once Daily,Oral
900154,704287,4028,2022-10-29,61.5,mg,Twice Daily,IV
900155,705473,4031,2023-09-27,27.6,mL,Once Daily,IV
900156,700863,4031,2024-06-28,63.8,units,Three Times Daily,IV
900157,704160,4012,2024-07-29,69.8,units,Once Daily,Subcutaneous
900158,705490,4017,2025-02-07,78.6,mcg,As Needed,IM
900159,702605,4004,2024-02-19,9.6,mL,As Needed,Subcutaneous
900160,700809,4011,2025-03-19,10.8,mL,As Needed,Oral
900161,701747,4033,2023-11-01,80.8,mcg,Three Times Daily,IM
900162,705393,4040,2022-07-18,93.4,mg,As Needed,Topical
900163,701497,4023,2023-07-12,26.2,units,As Needed,Subcutaneous
900164,704061,4014,2025-06-18,31.1,mg,Twice Daily,Topical
900165,705108,4011,2024-12-30,91.9,mL,Three Times Daily,Oral
900166,705316,4022,2024-04-04,79.3,mcg,As Needed,Oral
900167,703870,4041,2023-02-23,24.2,mg,As Needed,Topical
900168,706138,4042,2021-07-25,58.5,mL,Once Daily,IM
900169,703988,4009,2024-09-02,31.8,mcg,Three Times Daily,Topical
900170,704655,4036,2023-08-01,44.5,mcg,Twice Daily,Oral
900171,703549,4022,2025-03-23,70.6,mcg,Twice Daily,IM
900172,701069,4031,2024-09-25,25.3,mL,Three Times Daily,Oral
900173,700276,4031,2022-10-02,7.9,mcg,Three Times Daily,IV
900174,704747,4040,2025-04-24,99.3,mg,Once Daily,Oral
900175,701216,4006,2021-01-11,43.0,mg,Twice Daily,Topical
900176,702539,4044,2024-01-21,73.2,units,Once Daily,Topical
900177,700244,4020,2021-10-23,99.8,units,Once Daily,IV
900178,700532,4009,2025-06-18,4.3,mg,Three Times Daily,Oral
900179,703247,4040,2021-03-10,44.7,mcg,Once Daily,Topical
900180,701844,4020,2025-07-13,2.4,units,As Needed,Oral
900181,700199,4020,2024-03-29,65.2,mcg,Twice Daily,Oral
900182,700556,4036,2024-01-09,17.0,units,As Needed,Subcutaneous
900183,701509,4001,2021-02-24,94.1,mg,Once Daily,IV
900184,701802,4043,2024-06-05,87.6,mL,As Needed,Topical
900185,706199,4035,2021-10-29,65.5,mcg,Twice Daily,IM
900186,705475,4041,2022-08-11,16.5,mg,Twice Daily,Oral
900187,700860,4011,2022-01-18,34.8,mL,As Needed,Subcutaneous
900188,704610,4003,2025-03-06,98.0,mL,As Needed,IV
900189,702854,4006,2025-11-27,31.9,mL,Three Times Daily,Subcutaneous
900190,700990,4021,2024-10-03,99.3,mcg,Once Daily,IV
900191,703029,4009,2025-03-06,82.4,mg,Twice Daily,IV
900192,700592,4020,2025-10-21,53.4,units,Twice Daily,Subcutaneous
900193,706249,4019,2022-06-09,85.2,mg,Three Times Daily,Subcutaneous
900194,706252,4026,2021-12-13,97.4,mcg,As Needed,Topical
900195,700808,4014,2024-03-05,29.3,mcg,As Needed,Oral
900196,702203,4024,2021-03-03,12.1,mg,Once Daily,IM
900197,702147,4003,2025-09-11,8.7,mg,Three Times Daily,Topical
900198,703437,4045,2025-06-04,61.2,units,Three Times Daily,Topical
900199,702439,4028,2025-12-07,32.9,units,Three Times Daily,Subcutaneous
900200,700362,4039,2022-04-14,38.8,mg,Three Times Daily,IV
900201,706428,4044,2023-12-21,16.0,mg,Three Times Daily,IV
900202,700715,4001,2023-01-18,9.0,mcg,As Needed,IM
900203,706430,4009,2023-08-09,32.3,mcg,Three Times Daily,Oral
900204,701165,4001,2022-02-15,17.9,units,Twice Daily,Topical
900205,702044,4031,2022-01-22,7.2,mg,As Needed,IM
900206,701074,4011,2024-12-12,4.4,mcg,As Needed,IV
900207,702176,4036,2022-08-10,6.4,mcg,Three Times Daily,Topical
900208,705661,4030,2021-11-15,72.2,mcg,Once Daily,Subcutaneous
900209,700366,4024,2021-02-19,61.3,mL,Twice Daily,Topical
900210,702902,4038,2023-07-29,69.4,mcg,Once Daily,Topical
900211,701151,4027,2024-11-06,81.7,mcg,Twice Daily,Oral
900212,701422,4023,2023-06-10,62.4,units,As Needed,IM
900213,702496,4034,2023-05-10,48.2,mcg,Three Times Daily,Oral
900214,705097,4035,2023-12-06,81.8,units,Once Daily,Subcutaneous
900215,704322,4007,2025-01-14,62.8,mg,Once Daily,Oral
900216,700823,4045,2024-07-21,70.2,mg,Once Daily,Oral
900217,704431,4008,2025-10-31,43.6,units,Twice Daily,Subcutaneous
900218,703428,4027,2025-08-28,45.3,mg,Three Times Daily,Topical
900219,704533,4027,2025-10-01,45.0,mg,As Needed,IM
900220,703375,4009,2024-08-08,29.0,mg,Twice Daily,IV
900221,704483,4006,2021-07-18,62.0,mcg,Once Daily,IM
900222,704338,4002,2025-08-18,44.3,mg,Once Daily,Topical
900223,702928,4009,2021-04-04,5.2,mcg,Twice Daily,IM
900224,701899,4044,2025-05-23,70.1,units,As Needed,IV
900225,703137,4006,2021-05-17,50.6,mg,Twice Daily,Oral
900226,704567,4011,2022-07-12,19.4,units,Twice Daily,Subcutaneous
900227,706348,4001,2022-03-13,6.2,mg,As Needed,Subcutaneous
900228,704112,4035,2025-05-18,19.6,mL,Three Times Daily,IV
900229,700971,4010,2023-08-11,51.3,mg,Once Daily,IM
900230,703897,4020,2024-07-17,7.0,units,Three Times Daily,Subcutaneous
900231,701738,4042,2024-10-05,61.8,mcg,As Needed,Oral
900232,706203,4019,2022-11-14,27.5,mcg,Three Times Daily,IM
900233,703264,4011,2024-03-18,96.5,mcg,As Needed,Oral
900234,701580,4027,2023-09-20,79.0,mL,Three Times Daily,IV
900235,705738,4029,2024-07-26,11.6,units,Twice Daily,IM
900236,700161,4020,2025-05-07,71.5,mcg,Three Times Daily,Subcutaneous
900237,704234,4008,2023-09-08,83.2,mcg,As Needed,IV
900238,705812,4013,2022-02-15,86.8,mcg,Twice Daily,IM
900239,703686,4008,2025-06-17,54.9,mcg,Twice Daily,IV
900240,705130,4019,2025-08-02,86.3,mL,Three Times Daily,IM
900241,705009,4033,2023-02-24,76.5,mg,Twice Daily,Oral
900242,703802,4041,2025-11-06,56.8,mg,Three Times Daily,Subcutaneous
900243,703125,4039,2024-07-20,42.5,mcg,Twice Daily,Subcutaneous
900244,701046,4024,2022-02-10,0.7,mg,Once Daily,IV
900245,703851,4033,2021-03-20,61.7,units,Three Times Daily,Topical
900246,700323,4036,2023-07-20,24.9,mL,Twice Daily,Oral
900247,702303,4003,2023-03-25,23.1,mcg,Once Daily,Oral
900248,700013,4003,2022-05-26,14.7,mg,Three Times Daily,IM
900249,704794,4001,2022-12-06,68.5,mcg,Three Times Daily,Topical
900250,704084,4027,2021-07-02,68.0,units,As Needed,Topical
900251,700941,4039,2025-03-30,42.0,units,As Needed,Topical
900252,703046,4035,2024-06-24,47.1,mcg,Three Times Daily,Oral
900253,703008,4034,2021-11-09,76.2,mcg,Three Times Daily,IM
900254,701787,4026,2025-09-06,15.8,units,Three Times Daily,IV
900255,701319,4044,2023-08-21,23.4,mg,Once Daily,IV
900256,702696,4031,2022-06-21,94.3,mcg,Twice Daily,Subcutaneous
900257,703018,4028,2021-11-13,99.9,units,Three Times Daily,Topical
900258,701192,4036,2022-02-13,51.5,mcg,Three Times Daily,Oral
900259,705614,4016,2025-11-29,46.5,mL,Three Times Daily,Topical
900260,705085,4045,2022-04-08,8.7,units,Twice Daily,Subcutaneous
900261,705470,4020,2025-06-06,67.3,mg,Three Times Daily,Subcutaneous
900262,703953,4009,2021-01-18,47.1,mcg,As Needed,IM
900263,702242,4032,2024-04-21,54.1,mL,Three Times Daily,Topical
900264,703386,4001,2021-12-05,93.2,mg,Once Daily,Subcutaneous
900265,705731,4001,2023-05-06,92.1,mcg,Three Times Daily,Topical
900266,700506,4033,2025-10-07,91.8,mL,As Needed,Oral
900267,704583,4024,2023-11-01,10.3,mg,Three Times Daily,Oral
900268,703137,4037,2023-08-02,38.7,mL,Once Daily,Subcutaneous
900269,704013,4002,2023-04-02,66.6,units,As Needed,Topical
900270,700613,4030,2021-12-31,14.2,mg,As Needed,Subcutaneous
900271,706363,4018,2021-08-03,94.1,mg,Three Times Daily,Oral
900272,701742,4044,2022-11-03,57.8,units,As Needed,IV
900273,700674,4028,2022-04-23,59.9,mL,Three Times Daily,Oral
900274,705644,4015,2021-07-29,13.1,mcg,Twice Daily,Oral
900275,700535,4035,2021-01-29,2.3,mcg,Once Daily,Subcutaneous
900276,705999,4014,2021-03-10,64.5,units,Twice Daily,Subcutaneous
900277,703780,4002,2025-08-05,21.8,mL,Twice Daily,Subcutaneous
900278,706222,4002,2025-06-04,82.0,mL,Three Times Daily,Topical
900279,705301,4042,2025-07-01,5.5,mg,Twice Daily,IV
900280,700347,4024,2022-06-25,17.6,mcg,Once Daily,Subcutaneous
900281,705941,4011,2023-09-10,78.1,mL,Once Daily,Oral
900282,703150,4019,2021-04-09,1.9,mL,Once Daily,Subcutaneous
900283,704021,4001,2022-10-12,24.5,mg,Once Daily,Oral
900284,704644,4028,2021-08-24,72.7,mcg,Once Daily,Oral
900285,703777,4027,2023-05-22,69.7,units,Three Times Daily,Topical
900286,702190,4012,2021-12-15,20.8,units,Twice Daily,Subcutaneous
900287,700241,4033,2023-10-12,79.3,mcg,Three Times Daily,Topical
900288,703832,4039,2022-07-20,42.2,mL,Twice Daily,Subcutaneous
900289,701136,4017,2024-03-04,70.1,mL,Twice Daily,Subcutaneous
900290,702850,4014,2021-09-22,46.7,mg,Twice Daily,Subcutaneous
900291,702682,4030,2023-05-05,1.5,units,Three Times Daily,IV
900292,703738,4026,2023-11-10,1.0,mg,Three Times Daily,IV
900293,700575,4016,2023-01-25,98.9,units,Twice Daily,Oral
900294,703693,4032,2024-12-21,20.7,mL,As Needed,Oral
900295,700326,4007,2022-07-10,85.8,units,Once Daily,IV
900296,700549,4024,2024-11-14,23.2,mg,Twice Daily,Topical
900297,700791,4043,2025-08-12,45.5,units,As Needed,IM
900298,700877,4001,2022-06-04,98.4,mg,Once Daily,IV
900299,705904,4021,2021-09-09,13.8,units,As Needed,IV
900300,702336,4026,2021-10-25,55.6,units,Once Daily,IM
900301,703500,4030,2024-02-04,36.5,mg,Three Times Daily,Subcutaneous
900302,703503,4026,2023-07-05,57.2,mcg,Once Daily,Topical
900303,702693,4043,2024-10-22,52.7,mcg,As Needed,IV
900304,703775,4035,2023-12-24,13.5,mL,As Needed,Oral
900305,704748,4030,2021-07-18,57.0,mg,As Needed,Subcutaneous
900306,700584,4038,2024-07-25,36.5,units,Three Times Daily,IV
900307,705129,4039,2024-05-11,26.1,mg,Three Times Daily,Subcutaneous
900308,703808,4023,2025-04-20,14.4,mcg,Once Daily,Oral
900309,703502,4036,2023-07-01,66.9,mL,Once Daily,Oral
900310,700520,4011,2025-02-06,72.0,mcg,As Needed,Subcutaneous
900311,703128,4014,2025-12-09,81.8,mg,As Needed,IM
900312,702844,4012,2025-04-05,81.9,mL,Twice Daily,IM
900313,704724,4030,2023-12-14,99.5,mcg,Twice Daily,Subcutaneous
900314,704809,4015,2022-06-24,24.5,mg,As Needed,Subcutaneous
900315,705679,4038,2021-12-19,56.8,units,Three Times Daily,Subcutaneous
900316,702979,4045,2025-08-12,57.3,units,Three Times Daily,IM
900317,701045,4025,2024-11-30,53.8,mg,Once Daily,IV
900318,706177,4003,2023-10-29,35.7,mL,As Needed,Subcutaneous
900319,706086,4003,2024-09-06,18.2,units,As Needed,Oral
900320,700074,4023,2022-04-06,57.8,mcg,Three Times Daily,IV
900321,702809,4010,2022-03-26,15.3,mcg,Twice Daily,IV
900322,704814,4026,2024-12-25,1.7,units,Three Times Daily,Oral
900323,705992,4033,2022-04-02,66.3,units,Twice Daily,IM
900324,702434,4029,2023-02-25,44.2,mg,Three Times Daily,IV
900325,700231,4001,2024-05-26,96.1,units,As Needed,Oral
900326,701296,4020,2025-01-17,34.5,units,Three Times Daily,Topical
900327,704116,4008,2025-11-23,99.2,units,Three Times Daily,IV
900328,705443,4040,2022-11-25,1.4,mL,As Needed,Topical
900329,701581,4028,2025-10-18,6.3,mcg,Twice Daily,Topical
900330,702339,4031,2021-01-13,66.5,units,As Needed,Oral
900331,704321,4015,2021-08-26,63.7,mL,Once Daily,IV
900332,705752,4012,2023-08-02,54.5,mg,Twice Daily,IM
900333,705405,4035,2022-02-15,19.7,mL,Once Daily,IM
900334,704603,4005,2023-08-01,9.9,mg,As Needed,IV
900335,704348,4001,2021-06-11,6.5,units,Twice Daily,Subcutaneous
900336,704239,4030,2023-03-08,77.6,mL,Twice Daily,IV
900337,705379,4035,2023-06-04,88.1,units,Twice Daily,IV
900338,700605,4045,2022-05-08,82.2,mg,Twice Daily,IV
900339,701861,4003,2021-09-15,15.4,mg,Three Times Daily,Topical
900340,706141,4019,2022-11-13,78.1,mL,Three Times Daily,IV
900341,705229,4005,2021-06-14,98.1,units,Twice Daily,Topical
900342,705218,4013,2022-08-12,61.6,mL,Three Times Daily,IV
900343,705666,4005,2024-06-26,38.7,units,Once Daily,IV
900344,700874,4040,2025-08-07,9.8,mg,Twice Daily,Oral
900345,702132,4005,2025-03-22,30.6,mg,Three Times Daily,Subcutaneous
900346,703271,4038,2022-09-13,58.8,units,Once Daily,Subcutaneous
900347,704868,4004,2025-05-22,42.1,units,As Needed,Oral
900348,702635,4014,2021-03-13,51.6,mcg,Once Daily,IM
900349,703475,4016,2022-11-29,68.5,mcg,Once Daily,IM
900350,701429,4001,2021-06-10,43.5,mcg,Twice Daily,Topical
900351,703599,4010,2024-12-31,19.8,mcg,As Needed,Topical
900352,703345,4039,2023-07-24,8.2,mL,Once Daily,Oral
900353,704133,4018,2022-07-09,42.2,mg,As Needed,Topical
900354,704662,4016,2023-03-19,88.1,mcg,Twice Daily,Subcutaneous
900355,701302,4041,2021-11-24,68.1,units,As Needed,IM
900356,702568,4031,2024-03-02,23.9,units,As Needed,Subcutaneous
900357,701035,4012,2022-12-26,50.3,mL,Twice Daily,IM
900358,700838,4016,2025-04-22,22.1,units,Once Daily,IV
900359,704105,4024,2021-03-27,14.2,units,Three Times Daily,IV
900360,704846,4021,2023-03-07,78.1,mg,Three Times Daily,Topical
900361,705071,4016,2024-06-01,43.0,mL,Three Times Daily,IV
900362,706389,4025,2022-10-18,6.1,units,Twice Daily,Subcutaneous
900363,701787,4021,2025-12-11,81.9,mL,Three Times Daily,Topical
900364,700847,4004,2023-10-30,93.7,mL,As Needed,Topical
900365,703330,4038,2023-07-22,34.6,mg,As Needed,IM
900366,706432,4024,2021-01-02,49.8,mcg,Once Daily,Oral
900367,704147,4006,2025-11-27,76.0,mg,As Needed,Oral
900368,702213,4041,2024-01-20,4.2,mg,Once Daily,Topical
900369,701542,4007,2025-08-16,91.7,mg,As Needed,Topical
900370,702777,4004,2025-06-01,99.8,mcg,Three Times Daily,IV
900371,702828,4036,2025-08-29,50.8,mcg,As Needed,Topical
900372,700814,4044,2022-12-10,53.6,mL,Once Daily,IV
900373,701441,4031,2021-02-24,52.1,mcg,Once Daily,Subcutaneous
900374,702814,4025,2025-04-05,82.5,mg,As Needed,IM
900375,702982,4014,2024-11-25,52.7,mL,As Needed,IV
900376,704667,4036,2021-02-23,65.6,mL,Once Daily,IM
900377,702695,4043,2021-09-12,65.2,units,Once Daily,Subcutaneous
900378,700211,4044,2023-02-05,53.3,mL,Three Times Daily,IM
900379,706232,4005,2023-08-05,92.6,mL,Twice Daily,IV
900380,703166,4012,2025-11-17,85.4,units,As Needed,Oral
900381,702799,4004,2022-04-22,7.6,mL,Twice Daily,Topical
900382,703727,4030,2024-01-19,41.1,units,Three Times Daily,IM
900383,701149,4029,2025-09-27,58.8,mg,As Needed,IV
900384,702006,4029,2023-01-29,78.6,units,Twice Daily,Oral
900385,702945,4022,2023-12-28,36.2,mcg,Once Daily,Subcutaneous
900386,705678,4036,2024-08-11,61.7,mcg,As Needed,IV
900387,700160,4026,2023-01-25,44.0,units,As Needed,Topical
900388,705809,4022,2023-08-22,12.8,mcg,Three Times Daily,Oral
900389,702654,4001,2025-03-26,99.5,mcg,Twice Daily,IV
900390,702911,4033,2021-05-27,68.1,units,Once Daily,IV
900391,705777,4039,2023-08-23,29.8,mg,Once Daily,Topical
900392,702196,4035,2022-02-05,65.8,units,Three Times Daily,Topical
900393,701843,4026,2023-06-07,27.7,mg,As Needed,Topical
900394,705526,4033,2022-02-07,72.1,mcg,Three Times Daily,IM
900395,706140,4027,2022-03-10,24.0,mcg,Once Daily,Oral
900396,706081,4009,2025-09-23,97.0,units,Three Times Daily,Oral
900397,700004,4008,2025-07-20,54.7,mcg,Once Daily,IM
900398,703293,4042,2025-08-06,80.6,mcg,Twice Daily,IV
900399,700182,4003,2024-01-03,70.8,mg,Three Times Daily,Subcutaneous
900400,705612,4026,2024-09-21,86.9,mg,As Needed,Topical
900401,704188,4008,2022-07-01,83.7,mg,Twice Daily,IV
900402,702881,4015,2023-04-27,6.5,mcg,Three Times Daily,Oral
900403,702995,4008,2021-12-02,29.9,units,Once Daily,Oral
900404,705738,4002,2023-10-12,56.0,mL,As Needed,Subcutaneous
900405,702587,4030,2024-10-09,83.4,units,Three Times Daily,IM
900406,704840,4044,2023-01-07,87.7,units,As Needed,Oral
900407,700764,4037,2025-11-27,40.3,mg,Twice Daily,IV
900408,702970,4027,2024-02-05,75.2,mg,Three Times Daily,Subcutaneous
900409,705248,4027,2021-12-16,64.4,mcg,Twice Daily,Subcutaneous
900410,706482,4006,2025-01-31,91.7,units,As Needed,Topical
900411,700785,4009,2024-04-02,86.7,mg,Three Times Daily,Oral
900412,701968,4029,2021-07-28,25.0,mg,As Needed,Topical
900413,700801,4019,2021-11-12,34.6,mL,As Needed,Topical
900414,701511,4024,2024-06-24,27.8,units,Twice Daily,IV
900415,700887,4020,2021-09-03,52.0,mL,Twice Daily,Oral
900416,701521,4032,2023-02-19,7.2,mcg,Once Daily,IV
900417,702589,4035,2024-01-29,36.4,mg,As Needed,Oral
900418,703135,4004,2023-11-24,92.5,units,Three Times Daily,Topical
900419,705560,4013,2023-04-14,76.7,units,Twice Daily,IV
900420,700489,4005,2022-09-09,33.5,mcg,Once Daily,IM
900421,706456,4037,2025-11-20,44.4,mcg,As Needed,Subcutaneous
900422,706314,4011,2024-08-24,71.2,mg,Three Times Daily,Subcutaneous
900423,700287,4016,2023-09-13,93.3,units,Once Daily,IM
900424,703171,4027,2022-01-31,77.3,mcg,Three Times Daily,IM
900425,702178,4019,2022-11-18,98.0,mg,Three Times Daily,IM
900426,703413,4026,2022-07-02,99.2,mg,Once Daily,IV
900427,705063,4040,2023-04-29,19.6,units,Three Times Daily,Oral
900428,703022,4035,2025-06-07,3.1,units,Twice Daily,IM
900429,705457,4003,2021-05-19,83.9,units,Three Times Daily,IM
900430,705090,4029,2024-11-15,89.3,mcg,Twice Daily,Subcutaneous
900431,701571,4021,2024-01-28,45.6,mg,Once Daily,IM
900432,704286,4032,2024-02-04,6.9,mL,Once Daily,IM
900433,704805,4022,2025-02-13,17.4,mL,Once Daily,Subcutaneous
900434,702611,4004,2021-12-31,12.0,mcg,Once Daily,IM
900435,703196,4016,2023-09-09,18.2,mL,As Needed,IV
900436,702769,4001,2024-01-20,8.6,mcg,As Needed,Oral
900437,701137,4034,2021-06-28,12.1,mcg,As Needed,IV
900438,705902,4028,2024-01-23,70.8,mg,Three Times Daily,Subcutaneous
900439,703039,4011,2024-11-17,3.8,mL,Once Daily,IM
900440,705688,4003,2021-08-31,86.5,mcg,Once Daily,Topical
900441,705237,4041,2023-07-28,83.4,mcg,As Needed,Subcutaneous
900442,702025,4037,2024-04-05,62.1,mg,As Needed,Topical
900443,702038,4010,2023-08-13,91.8,mg,As Needed,IV
900444,701659,4016,2022-05-26,9.4,units,Three Times Daily,IM
900445,700674,4028,2025-07-13,25.9,mg,Once Daily,Subcutaneous
900446,705972,4029,2022-05-12,48.3,mg,Once Daily,IM
900447,700897,4022,2021-08-10,14.1,units,Twice Daily,Subcutaneous
900448,702214,4009,2023-04-22,62.8,mcg,As Needed,Oral
900449,703089,4038,2021-12-13,83.4,mcg,Three Times Daily,Topical
900450,700888,4012,2024-05-23,85.0,mL,Once Daily,Oral
900451,703472,4028,2023-11-11,30.5,mL,Once Daily,Subcutaneous
900452,700354,4005,2023-11-26,15.4,mL,Three Times Daily,Oral
900453,702608,4019,2022-12-10,77.9,units,Once Daily,IV
900454,705426,4012,2021-11-02,35.8,mL,As Needed,Subcutaneous
900455,700071,4012,2025-05-18,65.6,mcg,Three Times Daily,Oral
900456,704602,4001,2023-01-16,8.4,mg,Once Daily,IM
900457,701193,4002,2024-09-10,49.2,mL,Three Times Daily,IM
900458,702430,4028,2025-01-09,30.2,mg,Twice Daily,Subcutaneous
900459,704908,4019,2025-05-08,68.0,mg,Three Times Daily,IM
900460,704443,4031,2022-12-12,61.3,mg,Three Times Daily,Oral
900461,704495,4010,2023-04-10,45.6,mcg,Twice Daily,IM
900462,706248,4001,2025-11-21,93.3,mcg,Three Times Daily,IV
900463,706461,4012,2025-05-20,54.8,mL,As Needed,IV
900464,701238,4032,2025-02-10,1.9,mg,Twice Daily,Oral
900465,700436,4013,2021-07-08,52.7,mL,Once Daily,IV
900466,701886,4024,2022-09-17,6.6,mcg,Once Daily,Oral
900467,702484,4030,2024-12-07,96.1,mL,Once Daily,Oral
900468,704986,4045,2021-09-19,74.3,mL,Three Times Daily,Subcutaneous
900469,702212,4042,2024-12-26,1.3,mg,As Needed,Subcutaneous
900470,705409,4006,2025-09-07,49.0,units,As Needed,Oral
900471,705165,4030,2021-11-12,94.4,mcg,As Needed,Topical
900472,701609,4035,2022-03-17,79.9,mL,Three Times Daily,IV
900473,706146,4037,2023-12-24,27.7,mL,Three Times Daily,Topical
900474,705633,4028,2021-02-21,67.8,mcg,Twice Daily,Topical
900475,703584,4032,2024-09-14,76.9,mcg,Once Daily,Oral
900476,701350,4041,2025-05-28,65.1,mL,As Needed,Oral
900477,705462,4037,2022-10-15,89.7,units,Three Times Daily,Topical
900478,704735,4005,2025-04-07,23.8,mcg,Three Times Daily,IV
900479,705551,4024,2024-01-15,74.8,mcg,Once Daily,IM
900480,700364,4005,2022-01-28,60.6,mL,As Needed,Topical
900481,706498,4032,2021-12-27,96.6,mcg,Twice Daily,IM
900482,705942,4018,2023-04-04,68.6,mcg,Three Times Daily,Oral
900483,706435,4031,2022-02-10,43.6,mL,As Needed,Subcutaneous
900484,701851,4002,2024-05-19,12.1,mL,Three Times Daily,IV
900485,701316,4035,2022-10-16,63.8,mcg,As Needed,Oral
900486,700922,4027,2022-08-20,95.8,mg,As Needed,Topical
900487,705623,4028,2023-10-13,33.5,mcg,Three Times Daily,Topical
900488,704653,4012,2022-10-26,65.9,mcg,As Needed,Topical
900489,705061,4002,2023-10-01,78.7,mL,Once Daily,Subcutaneous
900490,705534,4007,2022-10-10,87.6,mcg,As Needed,Subcutaneous
900491,701101,4020,2024-07-11,76.7,mg,Three Times Daily,Topical
900492,703617,4002,2024-02-20,41.8,mL,Three Times Daily,IM
900493,701815,4010,2023-10-17,1.3,mcg,Three Times Daily,IV
900494,705269,4013,2022-04-26,59.1,mcg,Twice Daily,Oral
900495,701874,4016,2022-02-16,55.5,mL,Twice Daily,IV
900496,703526,4042,2021-03-09,42.6,mcg,Three Times Daily,Topical
900497,705572,4028,2021-08-20,63.5,units,Twice Daily,Topical
900498,705668,4029,2025-05-12,4.7,mcg,As Needed,IM
900499,701408,4011,2023-11-24,91.0,units,Three Times Daily,IV
900500,704865,4016,2023-03-21,30.8,mL,Once Daily,Topical
900501,706426,4008,2023-12-10,12.6,mcg,Three Times Daily,Topical
900502,700682,4045,2021-11-30,20.0,mcg,Three Times Daily,IV
900503,700936,4021,2023-11-11,60.0,mcg,As Needed,IM
900504,701973,4006,2025-04-05,77.9,units,Twice Daily,Subcutaneous
900505,703953,4044,2025-09-02,16.1,mcg,Once Daily,Oral
900506,706129,4011,2022-08-16,68.3,units,As Needed,IV
900507,700232,4026,2021-09-15,15.5,mL,As Needed,IV
900508,705370,4012,2021-03-09,71.9,mcg,Three Times Daily,Oral
900509,706009,4002,2023-05-14,69.1,mL,Three Times Daily,IM
900510,700190,4020,2024-04-07,86.1,units,Once Daily,Oral
900511,700981,4039,2021-05-04,66.9,mL,As Needed,Subcutaneous
900512,703836,4028,2023-11-16,7.2,mL,Three Times Daily,Oral
900513,703568,4039,2023-01-15,84.4,mcg,Three Times Daily,IM
900514,703529,4007,2022-04-22,65.5,mL,Three Times Daily,IV
900515,700164,4016,2025-05-17,21.5,mg,Twice Daily,IV
900516,701685,4013,2022-12-24,94.0,mL,Once Daily,Subcutaneous
900517,702037,4029,2025-04-05,88.0,mcg,Twice Daily,IV
900518,703344,4022,2024-05-22,42.7,units,Twice Daily,IV
900519,702089,4038,2021-01-30,59.4,mg,As Needed,Oral
900520,701530,4036,2025-01-19,67.1,mL,As Needed,Subcutaneous
900521,704407,4002,2025-11-17,84.5,mg,As Needed,IV
900522,700313,4036,2023-12-12,35.8,mcg,Twice Daily,Topical
900523,700550,4014,2023-11-10,68.0,mcg,Three Times Daily,Oral
900524,704024,4028,2022-02-04,71.2,mL,As Needed,IV
900525,701106,4013,2025-11-06,37.2,mL,Once Daily,Topical
900526,703237,4004,2023-12-08,42.7,mcg,Twice Daily,Topical
900527,705170,4016,2025-10-20,42.7,mcg,As Needed,Topical
900528,703557,4002,2021-03-03,40.9,mcg,As Needed,IM
900529,704023,4044,2022-03-12,54.2,units,Once Daily,Subcutaneous
900530,701243,4035,2025-01-16,5.0,mL,Twice Daily,IV
900531,700252,4020,2025-12-10,99.7,mg,Once Daily,Subcutaneous
900532,705825,4018,2025-06-24,31.0,units,As Needed,IV
900533,705697,4008,2022-04-04,54.3,mL,As Needed,Subcutaneous
900534,701676,4023,2023-09-24,29.0,mcg,Once Daily,Topical
900535,704197,4045,2025-03-02,93.6,mg,Three Times Daily,Subcutaneous
900536,702892,4023,2025-06-27,97.5,mL,As Needed,IM
900537,706453,4025,2024-11-11,98.0,mL,Twice Daily,IM
900538,700701,4041,2023-12-30,43.8,units,Twice Daily,IM
900539,702573,4036,2022-08-06,60.7,mg,Twice Daily,IV
900540,703370,4003,2023-01-17,82.3,units,Twice Daily,IM
900541,706318,4018,2024-10-05,15.6,mg,Twice Daily,Oral
900542,704305,4029,2024-07-08,38.5,units,As Needed,Subcutaneous
900543,703577,4024,2022-06-13,31.0,mg,Three Times Daily,Oral
900544,702858,4029,2025-08-29,49.0,mL,Once Daily,IV
900545,700144,4012,2024-04-16,79.9,mL,Twice Daily,Oral
900546,702814,4041,2023-08-15,63.0,units,Once Daily,IM
900547,703244,4033,2024-12-16,12.1,mL,Twice Daily,IM
900548,700109,4013,2021-07-24,20.8,units,As Needed,IM
900549,701936,4014,2025-03-04,13.7,mg,Three Times Daily,IM
900550,704946,4034,2022-03-01,22.1,units,Once Daily,IV
900551,700984,4026,2022-12-31,3.6,mcg,Twice Daily,IM
900552,704565,4008,2021-07-13,88.3,mL,Three Times Daily,IV
900553,701827,4028,2024-11-27,84.5,mL,As Needed,Topical
900554,700105,4038,2023-11-13,55.7,mcg,Three Times Daily,Oral
900555,702353,4007,2024-03-31,77.1,mg,Once Daily,Oral
900556,700199,4029,2024-02-09,100.0,mg,Three Times Daily,IM
900557,704172,4029,2023-07-13,58.4,mL,Three Times Daily,IV
900558,706208,4030,2024-07-24,61.6,mcg,Twice Daily,Topical
900559,701823,4043,2021-03-12,86.5,mg,Once Daily,Subcutaneous
900560,701153,4042,2021-02-14,53.3,mg,Once Daily,IM
900561,704327,4045,2025-01-21,5.5,mL,Once Daily,Oral
900562,703173,4032,2021-12-14,34.9,mL,Three Times Daily,Topical
900563,701365,4019,2025-09-13,71.9,mL,Once Daily,IV
900564,705464,4006,2021-11-05,70.6,units,As Needed,IV
900565,706345,4043,2021-07-23,99.4,mL,Three Times Daily,Subcutaneous
900566,700752,4042,2023-07-17,74.3,units,Twice Daily,IM
900567,704488,4044,2024-09-11,7.6,mcg,Twice Daily,Topical
900568,704928,4041,2023-03-28,95.5,mg,As Needed,Topical
900569,702658,4038,2024-12-20,3.6,mg,As Needed,Oral
900570,702022,4007,2021-01-14,64.6,mL,As Needed,IM
900571,701296,4018,2023-01-17,26.0,mcg,As Needed,Topical
900572,704343,4031,2025-06-18,25.0,mL,As Needed,IM
900573,704791,4005,2024-01-26,57.0,mL,Once Daily,Oral
900574,701050,4006,2023-12-05,3.4,mcg,As Needed,IM
900575,703777,4019,2025-05-30,28.4,mcg,As Needed,Oral
900576,703157,4042,2025-07-11,23.8,units,Twice Daily,IM
900577,700845,4036,2023-05-06,40.8,units,Once Daily,IV
900578,703484,4014,2022-08-17,4.9,units,As Needed,IM
900579,705987,4010,2023-08-19,32.8,mcg,Twice Daily,IM
900580,704526,4040,2021-06-18,18.3,mcg,Twice Daily,Topical
900581,701334,4028,2022-12-01,21.1,mcg,Once Daily,IV
900582,700253,4040,2021-06-19,83.1,mcg,Three Times Daily,Oral
900583,700822,4010,2025-12-27,99.4,mg,Twice Daily,Oral
900584,704808,4021,2024-11-16,44.1,mL,Once Daily,Subcutaneous
900585,700725,4003,2021-07-06,10.1,mcg,As Needed,Subcutaneous
900586,703155,4012,2023-06-17,77.7,units,Once Daily,Oral
900587,702382,4005,2024-08-19,83.5,mL,Twice Daily,IV
900588,703273,4026,2025-09-19,29.7,mg,As Needed,Oral
900589,705991,4027,2023-06-21,45.5,units,Three Times Daily,IM
900590,703701,4010,2021-02-08,35.8,units,Twice Daily,Subcutaneous
900591,705806,4038,2022-02-12,97.3,mL,As Needed,Subcutaneous
900592,700129,4013,2023-01-17,84.6,mL,Twice Daily,IM
900593,701068,4026,2024-06-15,27.6,units,Three Times Daily,Subcutaneous
900594,705764,4027,2025-11-24,67.0,mg,Twice Daily,Topical
900595,700543,4041,2023-04-14,62.4,mg,Once Daily,IV
900596,704879,4008,2021-07-21,48.5,mg,Twice Daily,IM
900597,705633,4023,2024-12-21,71.7,mcg,As Needed,IM
900598,705832,4040,2022-09-11,82.9,units,Once Daily,IV
900599,704079,4021,2021-03-07,94.6,mcg,Twice Daily,Oral
900600,703974,4001,2023-03-30,47.2,units,As Needed,Oral
900601,700283,4002,2021-08-30,65.4,mcg,As Needed,Subcutaneous
900602,700922,4025,2022-11-15,74.0,units,Twice Daily,Subcutaneous
900603,705442,4040,2024-06-28,51.2,mL,As Needed,Subcutaneous
900604,701037,4012,2024-11-07,82.6,units,Three Times Daily,Subcutaneous
900605,700990,4044,2021-08-02,2.3,mg,Twice Daily,IM
900606,705794,4037,2021-12-21,69.9,mcg,Three Times Daily,Topical
900607,703419,4016,2021-04-16,18.2,units,Three Times Daily,Topical
900608,705032,4012,2023-04-05,40.2,mg,Once Daily,Oral
900609,704267,4012,2023-10-23,82.5,mcg,Twice Daily,Oral
900610,700089,4007,2021-04-13,80.6,mL,As Needed,Topical
900611,705492,4038,2025-10-02,45.9,mg,As Needed,Oral
900612,702242,4009,2022-07-29,3.6,mL,Three Times Daily,Topical
900613,704825,4026,2025-08-14,38.0,mg,Once Daily,Oral
900614,700237,4038,2025-09-28,34.5,mg,As Needed,IM
900615,702596,4016,2024-12-26,20.5,mL,As Needed,Topical
900616,704800,4017,2024-11-19,13.5,mg,Three Times Daily,Oral
900617,704841,4022,2023-11-22,32.0,mcg,Once Daily,IV
900618,705842,4037,2022-07-11,41.4,mg,Three Times Daily,Oral
900619,705252,4045,2022-05-20,72.9,mL,Three Times Daily,Subcutaneous
900620,700462,4039,2022-08-22,57.0,units,Three Times Daily,Subcutaneous
900621,704469,4002,2023-07-30,56.5,units,Three Times Daily,IV
900622,706367,4039,2024-11-17,84.8,units,Twice Daily,Oral
900623,703143,4019,2024-01-01,90.2,mL,Twice Daily,Subcutaneous
900624,702692,4040,2023-04-17,40.2,mg,Once Daily,IM
900625,703774,4023,2022-04-14,84.4,mcg,Twice Daily,Subcutaneous
900626,706097,4038,2025-06-15,82.1,units,Twice Daily,Subcutaneous
900627,704392,4003,2024-05-08,23.0,mL,Once Daily,Topical
900628,705140,4022,2025-02-28,5.5,mL,Three Times Daily,IM
900629,706025,4041,2022-08-27,92.2,mg,Twice Daily,Oral
900630,702625,4008,2024-02-28,98.5,units,Once Daily,IM
900631,700241,4038,2021-05-19,60.0,units,Twice Daily,IM
900632,703223,4018,2025-03-25,34.6,units,Once Daily,IM
900633,701518,4029,2022-02-02,66.3,mcg,Twice Daily,IV
900634,700699,4029,2023-09-21,5.7,mg,Once Daily,Topical
900635,702062,4031,2022-10-06,75.3,mcg,As Needed,IV
900636,705882,4035,2025-03-17,21.1,mg,As Needed,IM
900637,701324,4031,2021-04-25,10.1,mcg,As Needed,IM
900638,705270,4037,2021-05-18,90.1,mcg,As Needed,IV
900639,701052,4029,2022-10-01,56.0,mg,Twice Daily,Oral
900640,705295,4038,2025-11-22,49.3,mL,Once Daily,IV
900641,704164,4018,2024-05-16,61.9,mcg,Once Daily,Subcutaneous
900642,706499,4028,2023-03-02,99.5,mg,As Needed,Subcutaneous
900643,703944,4026,2024-08-25,19.7,units,Three Times Daily,Oral
900644,706033,4045,2024-10-12,21.5,units,Three Times Daily,Topical
900645,702022,4038,2022-01-09,70.8,units,Once Daily,Topical
900646,701648,4038,2025-06-07,82.7,mL,Once Daily,Topical
900647,700873,4014,2025-10-25,93.7,mcg,Once Daily,Topical
900648,704448,4038,2023-11-20,80.1,mL,Twice Daily,Subcutaneous
900649,704127,4038,2021-04-08,52.6,mg,Once Daily,IM
900650,705134,4044,2025-05-11,71.6,mcg,As Needed,IM
900651,700109,4030,2023-01-27,53.6,mL,Three Times Daily,Oral
900652,705581,4027,2023-11-13,65.8,units,Twice Daily,IV
900653,700963,4014,2021-09-06,8.2,units,Twice Daily,Subcutaneous
900654,700533,4010,2025-06-21,64.8,mL,Once Daily,Topical
900655,706413,4033,2024-10-30,32.2,mL,As Needed,Topical
900656,705323,4030,2025-11-18,54.1,mg,Twice Daily,Subcutaneous
900657,705116,4042,2023-09-17,13.9,mg,As Needed,Oral
900658,702482,4001,2023-05-09,55.1,mcg,Once Daily,IV
900659,705247,4019,2023-12-17,66.7,units,Three Times Daily,IM
900660,701092,4019,2022-10-03,20.4,units,Three Times Daily,Topical
900661,706156,4040,2024-01-10,10.3,mg,Three Times Daily,Subcutaneous
900662,701072,4005,2022-11-23,38.0,units,Once Daily,Oral
900663,706127,4025,2025-01-05,45.7,mg,Twice Daily,IM
900664,705184,4033,2021-04-10,64.1,mg,Once Daily,IM
900665,706287,4021,2025-04-11,18.2,mL,Once Daily,IV
900666,704880,4031,2022-01-13,47.3,mcg,As Needed,IM
900667,702928,4014,2024-12-18,91.7,mL,As Needed,Topical
900668,703950,4031,2024-03-29,41.9,mg,Once Daily,Oral
900669,706472,4016,2023-09-29,17.7,mg,Once Daily,Oral
900670,700178,4040,2024-06-13,84.2,mg,Twice Daily,Topical
900671,703881,4025,2021-10-03,42.6,mg,Once Daily,IV
900672,706148,4005,2022-01-06,63.2,mcg,Twice Daily,Subcutaneous
900673,706036,4025,2025-09-18,88.2,mL,Twice Daily,IV
900674,702824,4031,2024-04-21,62.4,mcg,Three Times Daily,IV
900675,700089,4015,2022-08-04,84.4,mcg,Three Times Daily,IM
900676,704338,4010,2024-02-04,65.2,mL,Three Times Daily,IV
900677,701348,4039,2025-08-06,81.5,mL,Twice Daily,Oral
900678,705935,4041,2022-05-08,45.9,units,Once Daily,Subcutaneous
900679,705153,4041,2023-05-16,98.0,mL,Three Times Daily,IV
900680,704090,4012,2022-01-17,54.5,units,Three Times Daily,Topical
900681,704570,4014,2025-11-11,68.4,mcg,As Needed,Subcutaneous
900682,705125,4026,2023-12-30,19.6,mcg,Once Daily,IM
900683,703036,4007,2022-06-22,41.5,mL,Three Times Daily,Oral
900684,705572,4003,2024-12-26,46.9,mcg,Once Daily,Subcutaneous
900685,704449,4026,2024-10-25,82.7,units,Once Daily,Topical
900686,706057,4002,2025-12-27,77.5,units,Twice Daily,IV
900687,705181,4032,2021-05-19,54.5,units,As Needed,Topical
900688,704248,4039,2023-04-20,80.6,mcg,Three Times Daily,Oral
900689,704833,4013,2023-01-02,81.2,mg,Once Daily,Subcutaneous
900690,701005,4044,2021-10-19,66.1,mcg,As Needed,Topical
900691,705358,4002,2024-11-18,94.3,mg,As Needed,Oral
900692,704635,4011,2021-12-20,85.7,mg,Three Times Daily,Subcutaneous
900693,702717,4037,2021-09-07,22.1,mcg,Once Daily,Subcutaneous
900694,700549,4036,2024-12-15,34.8,mg,Twice Daily,Subcutaneous
900695,706091,4018,2024-09-01,13.1,mL,Twice Daily,Topical
900696,704343,4015,2024-01-07,42.7,mL,As Needed,Oral
900697,704216,4023,2022-11-15,34.3,mcg,As Needed,Subcutaneous
900698,705250,4014,2023-07-05,78.5,mcg,Once Daily,IM
900699,703415,4030,2023-12-28,80.5,mL,As Needed,IV
900700,706181,4009,2023-08-26,46.0,mL,Once Daily,Topical
900701,702121,4034,2023-03-09,51.2,mcg,Three Times Daily,IM
900702,700504,4025,2025-07-17,87.6,mcg,Three Times Daily,IV
900703,702399,4023,2025-04-18,53.2,mcg,As Needed,Subcutaneous
900704,704808,4011,2023-12-12,93.2,mg,Once Daily,Topical
900705,700460,4006,2025-03-12,83.6,mg,Once Daily,Subcutaneous
900706,705313,4011,2024-11-20,45.5,mg,Three Times Daily,IM
900707,705425,4045,2021-03-13,93.5,units,Twice Daily,IV
900708,700971,4012,2021-02-17,78.5,units,Three Times Daily,Oral
900709,701742,4032,2024-07-04,95.7,mL,Three Times Daily,IM
900710,704831,4040,2021-02-22,21.3,units,Three Times Daily,Subcutaneous
900711,703587,4012,2023-09-20,69.2,mg,As Needed,IV
900712,704260,4017,2023-10-21,92.1,mL,As Needed,Subcutaneous
900713,702868,4027,2025-08-09,0.7,units,As Needed,Topical
900714,702132,4030,2023-01-31,10.2,units,As Needed,Subcutaneous
900715,701511,4009,2024-12-08,12.6,mL,As Needed,Topical
900716,700031,4002,2023-03-06,40.9,mL,Once Daily,Oral
900717,705207,4025,2023-08-05,87.6,mg,Once Daily,Subcutaneous
900718,704522,4044,2025-09-01,48.2,units,Once Daily,Subcutaneous
900719,703504,4022,2022-03-07,8.6,mL,Three Times Daily,Subcutaneous
900720,704370,4017,2025-04-12,22.2,mcg,Twice Daily,IV
900721,701422,4028,2024-02-08,35.3,units,Twice Daily,Topical
900722,703432,4036,2024-05-03,88.2,mL,Three Times Daily,Oral
900723,702682,4038,2022-11-15,20.5,mg,Three Times Daily,Oral
900724,703293,4031,2022-04-28,70.5,units,Three Times Daily,Topical
900725,702548,4012,2024-03-25,85.0,units,Once Daily,IV
900726,700197,4012,2022-11-29,51.5,mL,Once Daily,Oral
900727,705702,4020,2023-02-18,61.8,mcg,Three Times Daily,IV
900728,702261,4013,2025-05-04,54.2,mg,Three Times Daily,Oral
900729,700485,4012,2022-12-30,76.3,mcg,Three Times Daily,IM
900730,700952,4037,2022-03-28,52.5,mL,Once Daily,IM
900731,701717,4036,2021-02-14,94.3,mcg,Once Daily,IV
900732,706007,4033,2023-04-09,86.6,mL,As Needed,Oral
900733,701273,4027,2022-03-03,75.1,mcg,Three Times Daily,IV
900734,703900,4010,2024-03-09,33.6,mL,As Needed,Subcutaneous
900735,705752,4013,2024-04-09,60.5,mL,As Needed,Oral
900736,705152,4040,2021-06-19,13.3,mL,As Needed,Oral
900737,703557,4038,2021-09-09,39.9,mcg,Twice Daily,IM
900738,701839,4004,2025-01-06,54.4,mg,As Needed,Subcutaneous
900739,705849,4011,2021-11-10,35.0,mg,Once Daily,IV
900740,702966,4004,2024-04-20,9.6,units,Three Times Daily,IM
900741,701657,4031,2021-09-09,31.6,mcg,Twice Daily,IM
900742,703687,4031,2022-08-24,92.3,mcg,Twice Daily,Subcutaneous
900743,705785,4009,2022-08-08,61.1,mcg,Once Daily,Oral
900744,705376,4005,2022-07-26,20.0,units,Twice Daily,IV
900745,702109,4043,2022-04-13,79.7,units,Three Times Daily,Subcutaneous
900746,703212,4024,2023-03-04,90.6,units,Once Daily,Topical
900747,704511,4003,2023-04-14,56.1,mg,Three Times Daily,Oral
900748,703196,4043,2025-10-07,43.6,mcg,Three Times Daily,Topical
900749,701644,4036,2025-03-30,36.3,mL,Three Times Daily,IM
900750,704481,4036,2022-08-28,16.9,mg,Once Daily,Subcutaneous
900751,703542,4011,2024-09-20,6.0,mL,Once Daily,IM
900752,703050,4005,2021-02-12,22.1,mcg,As Needed,Topical
900753,705858,4002,2021-08-30,48.6,units,Twice Daily,IM
900754,701772,4038,2024-02-14,5.6,mL,As Needed,Topical
900755,700340,4013,2021-12-19,97.9,units,Twice Daily,IM
900756,704029,4012,2024-02-02,69.7,units,Once Daily,Topical
900757,702784,4016,2025-10-21,34.7,units,Once Daily,Subcutaneous
900758,704630,4038,2022-02-24,43.1,mg,Once Daily,IV
900759,701932,4016,2025-01-01,98.9,mL,As Needed,IV
900760,706257,4011,2021-07-19,35.7,units,Twice Daily,IV
900761,706286,4009,2023-07-10,15.8,mg,As Needed,IV
900762,703532,4024,2023-02-13,43.8,mcg,Three Times Daily,IV
900763,702544,4035,2021-08-26,20.3,mL,Once Daily,Oral
900764,703870,4038,2023-03-18,59.0,mL,Once Daily,IM
900765,706294,4024,2025-02-19,38.4,mL,As Needed,Subcutaneous
900766,700272,4038,2024-03-01,26.8,mg,Twice Daily,Oral
900767,706102,4030,2022-08-24,29.6,mcg,As Needed,IM
900768,702269,4042,2022-08-15,96.2,units,Twice Daily,Topical
900769,701130,4035,2025-08-28,38.0,mcg,Once Daily,Subcutaneous
900770,701479,4021,2021-03-25,93.8,mg,Once Daily,Topical
900771,703202,4017,2024-12-06,55.4,mg,Twice Daily,Subcutaneous
900772,705014,4024,2021-04-13,56.5,mcg,Three Times Daily,Topical
900773,705311,4027,2022-07-17,8.9,mL,As Needed,Subcutaneous
900774,705391,4030,2022-03-09,97.7,units,Three Times Daily,Subcutaneous
900775,705884,4013,2023-04-27,52.7,mg,Three Times Daily,IV
900776,706487,4003,2024-06-28,85.2,units,Once Daily,IM
900777,705726,4028,2023-09-08,69.0,mL,Once Daily,IM
900778,703445,4022,2025-04-15,49.0,units,Three Times Daily,Oral
900779,701881,4018,2021-04-16,69.2,mg,Once Daily,IV
900780,703688,4034,2021-08-06,11.4,mg,Once Daily,Oral
900781,700021,4010,2023-11-15,6.3,mcg,Once Daily,Subcutaneous
900782,706427,4038,2022-08-11,35.8,units,As Needed,Oral
900783,704627,4021,2022-03-23,19.5,mcg,Once Daily,IV
900784,704634,4033,2022-10-19,88.6,units,Three Times Daily,IV
900785,706397,4024,2025-11-01,30.4,mL,As Needed,IV
900786,703249,4013,2025-12-30,66.3,mL,Twice Daily,Topical
900787,704350,4039,2023-08-26,91.2,mL,As Needed,Oral
900788,700826,4043,2022-05-19,6.7,units,As Needed,IV
900789,702529,4023,2022-05-19,71.1,mcg,Twice Daily,IM
900790,703556,4031,2023-10-27,1.5,mL,Twice Daily,Subcutaneous
900791,703907,4040,2021-10-12,86.0,mcg,Once Daily,IV
900792,700871,4010,2023-03-23,98.5,units,Once Daily,IV
900793,702201,4001,2024-07-26,23.5,mcg,As Needed,IM
900794,705709,4002,2025-10-15,16.5,mL,As Needed,IV
900795,704430,4002,2025-01-23,50.1,mL,Twice Daily,IM
900796,703944,4025,2024-02-24,95.2,units,Twice Daily,Subcutaneous
900797,704599,4030,2025-06-11,30.3,units,As Needed,Topical
900798,700600,4016,2024-05-21,32.1,units,As Needed,Oral
900799,700882,4020,2021-09-26,62.2,units,Twice Daily,Topical
900800,701508,4017,2023-01-01,71.6,mg,Three Times Daily,IM
900801,704194,4006,2022-07-12,54.5,mcg,Once Daily,IV
900802,704489,4028,2025-08-02,22.7,units,Twice Daily,Subcutaneous
900803,700634,4006,2023-05-29,90.3,units,As Needed,Subcutaneous
900804,704722,4001,2022-09-25,52.5,units,Twice Daily,Subcutaneous
900805,700204,4045,2024-08-22,94.7,mcg,Once Daily,Oral
900806,701249,4024,2023-07-19,47.9,units,Twice Daily,Oral
900807,704818,4042,2021-09-18,14.1,mcg,Twice Daily,Topical
900808,706264,4014,2025-01-30,37.0,units,Three Times Daily,IM
900809,703788,4027,2025-04-30,54.6,mg,Twice Daily,Topical
900810,706118,4013,2021-12-20,19.7,mL,Three Times Daily,IM
900811,702146,4039,2025-03-11,40.9,mg,As Needed,Oral
900812,705391,4014,2023-02-27,11.1,mcg,As Needed,Oral
900813,702600,4024,2022-09-19,89.3,mL,Three Times Daily,Oral
900814,700193,4009,2023-04-18,95.8,mL,Three Times Daily,Oral
900815,700693,4022,2021-10-11,45.9,mL,Once Daily,IV
900816,702463,4005,2025-09-14,89.5,units,Three Times Daily,IV
900817,700266,4035,2024-10-06,18.1,mcg,Twice Daily,IM
900818,706050,4028,2022-06-01,7.4,mcg,Once Daily,Topical
900819,701776,4037,2025-02-21,33.1,mcg,Once Daily,IV
900820,700293,4030,2021-11-04,24.2,mL,Once Daily,Subcutaneous
900821,702957,4009,2022-05-07,23.9,mL,As Needed,Topical
900822,702854,4026,2021-04-16,78.0,units,As Needed,Topical
900823,703629,4021,2023-12-20,81.6,mcg,As Needed,IV
900824,706282,4004,2023-04-23,56.5,mcg,Three Times Daily,IM
900825,700278,4017,2024-09-27,72.3,mg,Once Daily,IV
900826,703389,4034,2023-04-30,28.7,units,As Needed,Topical
900827,700934,4029,2025-03-17,70.0,mg,As Needed,Subcutaneous
900828,703482,4019,2024-12-02,75.6,mg,As Needed,Subcutaneous
900829,703147,4045,2025-10-24,94.4,mg,As Needed,Subcutaneous
900830,706449,4034,2021-07-08,9.2,mL,Three Times Daily,Topical
900831,701633,4009,2021-12-13,84.8,mcg,Twice Daily,Subcutaneous
900832,704554,4011,2023-01-28,16.6,mL,Twice Daily,Subcutaneous
900833,702399,4014,2021-04-03,43.2,mL,Three Times Daily,Oral
900834,702005,4028,2023-07-26,1.1,mg,Once Daily,Oral
900835,704718,4042,2024-12-07,95.3,mcg,As Needed,Subcutaneous
900836,704706,4037,2023-04-23,96.4,mL,Three Times Daily,IV
900837,704953,4019,2024-12-25,95.8,mg,Twice Daily,IV
900838,702185,4040,2023-12-22,9.4,mcg,As Needed,Oral
900839,705948,4044,2023-06-03,31.3,mL,Twice Daily,IM
900840,704818,4010,2021-06-03,40.2,mcg,Twice Daily,IM
900841,704382,4036,2024-08-14,97.9,mg,Once Daily,Subcutaneous
900842,700789,4016,2023-07-19,78.7,mg,Twice Daily,IV
900843,703506,4015,2024-03-03,64.9,mcg,Once Daily,Subcutaneous
900844,704637,4018,2025-01-04,38.8,mcg,Once Daily,Subcutaneous
900845,705800,4006,2022-02-26,97.5,mg,Twice Daily,IV
900846,702557,4042,2022-05-17,71.3,units,Once Daily,IM
900847,701169,4045,2024-08-09,52.3,mcg,Once Daily,IV
900848,706340,4043,2023-06-29,51.9,mL,Three Times Daily,Topical
900849,704080,4024,2025-01-27,8.1,mcg,As Needed,IV
900850,700609,4023,2022-08-09,38.2,units,Twice Daily,Topical
900851,700064,4029,2023-10-13,14.2,mg,As Needed,IV
900852,703351,4023,2021-10-06,73.9,mcg,Twice Daily,Oral
900853,700903,4031,2021-12-06,87.7,mL,As Needed,IM
900854,704514,4027,2024-05-23,93.1,units,As Needed,Oral
900855,701688,4035,2025-08-23,97.7,units,Twice Daily,Subcutaneous
900856,702183,4027,2021-02-24,21.9,units,Once Daily,IM
900857,705384,4034,2021-12-10,51.6,mcg,Twice Daily,IV
900858,704968,4025,2024-03-26,73.7,mg,Three Times Daily,IV
900859,701901,4005,2021-05-28,64.7,mcg,Twice Daily,Oral
900860,705105,4021,2022-10-12,100.0,mg,As Needed,Topical
900861,706363,4011,2021-02-24,25.8,units,Twice Daily,Topical
900862,702180,4019,2022-06-28,58.9,units,Once Daily,IM
900863,700194,4041,2024-01-14,27.5,mg,As Needed,Subcutaneous
900864,705514,4016,2023-03-29,67.3,mcg,Three Times Daily,Topical
900865,703903,4006,2021-02-04,29.4,mL,Three Times Daily,IM
900866,704005,4041,2021-02-21,72.6,mcg,As Needed,Subcutaneous
900867,700457,4038,2023-07-13,64.0,mg,Three Times Daily,IM
900868,701992,4026,2023-10-28,17.8,mL,Twice Daily,IV
900869,705997,4038,2022-05-20,22.9,units,Three Times Daily,Subcutaneous
900870,702238,4028,2022-02-28,48.4,mL,Three Times Daily,IM
900871,700289,4022,2025-05-17,70.4,units,Once Daily,IM
900872,703516,4007,2025-07-18,16.2,mcg,Once Daily,IV
900873,705290,4001,2025-10-17,28.9,mg,Once Daily,Oral
900874,704048,4041,2024-04-24,12.8,units,Once Daily,Subcutaneous
900875,705883,4013,2023-08-26,9.5,mcg,Three Times Daily,IV
900876,702878,4017,2022-08-24,43.3,mcg,Twice Daily,Topical
900877,704608,4041,2024-01-31,22.7,mL,Twice Daily,Oral
900878,702282,4021,2025-10-03,29.5,units,As Needed,IV
900879,704427,4001,2024-08-14,63.1,mL,Once Daily,IV
900880,702182,4017,2021-10-21,67.9,mcg,As Needed,Subcutaneous
900881,702672,4020,2022-05-15,3.9,mg,Three Times Daily,IM
900882,702556,4030,2022-09-27,34.5,mcg,Twice Daily,IV
900883,700689,4017,2024-03-16,36.2,mcg,Once Daily,IV
900884,705493,4027,2025-01-23,87.8,units,Once Daily,Topical
900885,703337,4027,2022-07-23,45.3,units,Twice Daily,Oral
900886,704987,4044,2023-08-25,34.6,mL,Once Daily,Subcutaneous
900887,705939,4041,2022-03-14,18.0,mg,Twice Daily,IM
900888,702301,4004,2023-11-09,84.4,mcg,Three Times Daily,Topical
900889,704878,4041,2021-11-29,87.8,mcg,Once Daily,Subcutaneous
900890,704168,4033,2021-12-12,97.4,mg,As Needed,IM
900891,700161,4001,2025-05-15,88.7,mcg,Twice Daily,Oral
900892,701786,4011,2022-05-06,77.1,units,Once Daily,Oral
900893,701026,4008,2023-08-31,49.7,mcg,Three Times Daily,IV
900894,705586,4035,2024-02-05,72.5,mL,As Needed,IM
900895,704823,4030,2022-10-15,60.3,mcg,As Needed,Subcutaneous
900896,703822,4037,2025-09-20,75.2,mcg,As Needed,Oral
900897,701525,4040,2024-08-26,70.8,mL,Once Daily,Topical
900898,703167,4024,2023-09-19,45.9,mcg,Three Times Daily,IV
900899,703286,4003,2023-05-30,47.6,mL,Three Times Daily,Oral
900900,706324,4031,2023-07-20,65.5,mcg,As Needed,Subcutaneous
900901,705484,4041,2021-01-27,86.6,mL,As Needed,IV
900902,703238,4038,2023-09-15,45.6,mL,As Needed,Subcutaneous
900903,702192,4004,2024-04-18,37.9,mL,Once Daily,Topical
900904,701011,4004,2024-11-19,85.3,mcg,Once Daily,IM
900905,703062,4008,2025-04-27,29.4,mcg,Once Daily,Subcutaneous
900906,706487,4036,2022-02-04,91.6,mg,Three Times Daily,IV
900907,702863,4002,2024-07-26,54.2,mcg,Twice Daily,Subcutaneous
900908,702789,4003,2024-02-22,36.6,mg,Once Daily,Topical
900909,704409,4031,2022-09-29,40.4,mg,Twice Daily,IV
900910,703411,4010,2024-01-15,54.7,units,Twice Daily,Subcutaneous
900911,702214,4026,2025-09-29,32.5,mg,Three Times Daily,Oral
900912,704224,4002,2025-05-29,77.6,mL,Once Daily,Oral
900913,706372,4014,2022-08-01,98.1,mcg,Twice Daily,Subcutaneous
900914,706210,4002,2025-08-22,82.2,units,Once Daily,IV
900915,703847,4018,2024-06-19,12.6,units,Once Daily,Subcutaneous
900916,703860,4027,2024-03-27,33.2,mg,As Needed,IV
900917,702041,4009,2023-08-15,51.7,mcg,Twice Daily,Subcutaneous
900918,702436,4032,2022-11-07,88.4,units,Twice Daily,Topical
900919,700474,4011,2024-02-19,46.6,mL,As Needed,IV
900920,705195,4021,2024-08-15,32.5,units,As Needed,Subcutaneous
900921,706388,4033,2021-09-29,77.7,mcg,Once Daily,Topical
900922,701873,4033,2024-11-19,74.1,mcg,Once Daily,IM
900923,702560,4044,2024-01-31,14.5,units,As Needed,IV
900924,703173,4018,2023-12-11,16.8,mL,Twice Daily,IM
900925,701295,4024,2025-08-16,51.0,mL,Once Daily,IV
900926,700716,4012,2025-10-25,85.9,mg,Twice Daily,Subcutaneous
900927,704288,4015,2023-04-26,28.3,mcg,Three Times Daily,Topical
900928,702233,4021,2025-01-09,63.6,mg,As Needed,Topical
900929,704274,4006,2024-01-05,43.1,mcg,Once Daily,Oral
900930,700017,4038,2025-05-24,2.8,units,As Needed,Subcutaneous
900931,702153,4007,2024-07-16,47.3,mcg,Once Daily,IM
900932,705520,4018,2021-12-18,63.8,mL,Once Daily,Subcutaneous
900933,705232,4022,2022-10-10,86.7,units,Once Daily,Topical
900934,705219,4032,2024-05-11,29.1,mcg,Three Times Daily,IM
900935,700259,4037,2024-08-25,59.3,mg,As Needed,Subcutaneous
900936,704600,4007,2021-12-02,92.7,units,Once Daily,Oral
900937,703245,4020,2021-05-13,60.4,mL,Three Times Daily,IV
900938,706444,4013,2024-04-08,90.8,mcg,Three Times Daily,Oral
900939,700830,4036,2023-02-25,59.5,mL,Once Daily,IV
900940,702396,4029,2025-09-30,61.2,mL,Twice Daily,Subcutaneous
900941,700393,4043,2024-11-14,72.0,units,Twice Daily,IM
900942,702431,4044,2024-12-08,75.1,mL,As Needed,Oral
900943,702364,4021,2024-12-27,51.1,mL,As Needed,Topical
900944,706219,4002,2023-05-13,65.0,mcg,As Needed,IV
900945,704059,4044,2022-06-27,69.8,mL,As Needed,IM
900946,701780,4029,2021-08-10,16.2,mg,Three Times Daily,Oral
900947,703658,4019,2022-08-16,30.7,mL,Three Times Daily,Subcutaneous
900948,700972,4034,2022-06-14,89.5,units,Three Times Daily,Topical
900949,702873,4008,2023-09-14,24.4,mL,Once Daily,Subcutaneous
900950,705869,4032,2021-08-09,63.9,units,As Needed,IV
900951,700511,4013,2022-06-17,5.8,mL,Twice Daily,Topical
900952,703683,4018,2021-04-24,82.4,mL,As Needed,Oral
900953,705215,4004,2022-09-18,59.4,units,Twice Daily,IM
900954,700445,4018,2025-01-14,50.7,mg,Three Times Daily,IM
900955,703776,4014,2022-09-18,74.3,mL,Three Times Daily,Oral
900956,702796,4008,2022-04-11,76.4,mL,As Needed,Subcutaneous
900957,701913,4019,2023-03-06,25.0,mg,Three Times Daily,IV
900958,705393,4024,2021-02-13,97.6,mg,Three Times Daily,IV
900959,704721,4016,2021-07-02,91.2,units,Once Daily,Subcutaneous
900960,701082,4037,2021-01-24,21.6,mg,Three Times Daily,Topical
900961,700815,4001,2021-01-02,33.1,mL,Once Daily,IV
900962,702834,4045,2025-02-24,37.8,mg,Twice Daily,IV
900963,705157,4015,2021-01-21,78.5,mcg,Three Times Daily,IM
900964,704806,4009,2022-09-25,33.7,mg,Three Times Daily,IM
900965,704497,4042,2022-02-25,67.1,mcg,Twice Daily,Oral
900966,702819,4018,2025-05-24,66.0,units,Twice Daily,IV
900967,704326,4004,2021-06-21,56.8,mL,As Needed,Oral
900968,702849,4042,2021-05-29,62.2,mcg,Three Times Daily,Topical
900969,705614,4005,2024-07-17,23.1,mg,As Needed,IV
900970,706124,4007,2022-08-11,15.7,mcg,Twice Daily,IV
900971,704820,4002,2022-10-19,33.9,units,Three Times Daily,Subcutaneous
900972,706008,4003,2022-06-20,49.1,mcg,Twice Daily,IM
900973,705865,4001,2024-08-17,53.6,units,Twice Daily,Subcutaneous
900974,705113,4018,2023-12-02,17.8,units,Three Times Daily,Oral
900975,705223,4007,2024-10-02,70.2,mg,Twice Daily,Subcutaneous
900976,701015,4006,2025-10-10,10.2,units,As Needed,IV
900977,705712,4034,2024-10-22,98.7,mL,Twice Daily,Oral
900978,701764,4036,2024-07-13,79.2,mg,As Needed,IV
900979,704999,4043,2023-05-17,90.3,units,Three Times Daily,Subcutaneous
900980,703842,4005,2022-01-15,46.6,mL,Once Daily,Subcutaneous
900981,705992,4041,2021-07-04,95.4,mcg,Once Daily,Topical
900982,704770,4021,2024-02-14,98.4,mL,Twice Daily,Oral
900983,704740,4023,2023-06-14,47.7,mg,Twice Daily,IM
900984,705681,4035,2021-11-11,83.8,mcg,Once Daily,Oral
900985,701937,4001,2022-10-29,67.2,mg,Twice Daily,IV
900986,705772,4043,2024-06-04,20.7,mL,Three Times Daily,Oral
900987,706348,4035,2025-10-11,40.6,units,As Needed,IV
900988,700074,4019,2025-02-10,71.8,mL,As Needed,IV
900989,705977,4030,2025-05-24,16.1,units,Once Daily,Oral
900990,702481,4042,2022-11-02,32.6,mcg,Twice Daily,Subcutaneous
900991,704220,4006,2024-08-19,33.2,mL,Once Daily,Oral
900992,700069,4042,2024-10-22,41.9,mL,Twice Daily,Topical
900993,704599,4031,2021-04-12,0.5,mg,Twice Daily,Subcutaneous
900994,704262,4044,2021-03-14,30.6,mL,Twice Daily,IM
900995,700754,4014,2024-12-13,21.4,units,Once Daily,IM
900996,703384,4016,2024-07-15,94.0,mg,As Needed,Oral
900997,700957,4029,2023-04-17,83.5,mL,Twice Daily,Topical
900998,703275,4039,2024-12-17,52.9,mcg,Once Daily,Oral
900999,705485,4042,2023-05-06,9.5,mg,Once Daily,IM
901000,702132,4040,2024-09-23,94.7,mL,As Needed,Topical
901001,705363,4019,2022-12-18,39.4,mcg,Once Daily,IM
901002,701312,4021,2022-01-10,77.1,mg,Three Times Daily,IM
901003,701592,4033,2025-10-03,23.0,mcg,Three Times Daily,Oral
901004,703031,4030,2021-03-04,63.1,mL,Three Times Daily,IM
901005,701858,4014,2022-02-13,44.2,units,As Needed,IV
901006,703693,4031,2023-06-30,51.0,units,Once Daily,IM
901007,704931,4026,2024-05-21,20.6,mL,Twice Daily,Subcutaneous
901008,700481,4018,2021-06-17,87.3,mcg,As Needed,IM
901009,703205,4004,2021-01-25,69.0,mcg,Once Daily,Topical
901010,705683,4036,2025-12-10,41.2,mcg,Three Times Daily,Topical
901011,704120,4013,2022-11-21,37.0,mcg,Once Daily,Subcutaneous
901012,703870,4037,2024-07-17,6.2,mg,Three Times Daily,Topical
901013,701331,4010,2021-08-31,39.8,units,Once Daily,Subcutaneous
901014,704168,4037,2022-08-10,23.1,mL,Three Times Daily,Subcutaneous
901015,704526,4030,2021-04-27,84.2,mg,As Needed,IM
901016,703697,4041,2024-08-19,30.0,mg,Three Times Daily,Topical
901017,704836,4004,2024-11-29,58.4,mcg,Once Daily,Topical
901018,705817,4010,2023-03-08,65.0,mL,As Needed,Subcutaneous
901019,702261,4042,2024-04-22,61.4,units,Twice Daily,IV
901020,702000,4044,2024-09-23,62.2,mcg,Once Daily,Subcutaneous
901021,702806,4040,2025-07-28,78.8,mg,As Needed,IV
901022,704158,4040,2022-11-07,44.5,mL,As Needed,Subcutaneous
901023,701623,4028,2023-07-08,16.0,mcg,Three Times Daily,IV
901024,705149,4002,2021-06-18,49.7,mg,Once Daily,IM
901025,700677,4027,2023-01-11,1.9,mg,As Needed,IV
901026,702394,4029,2022-04-17,72.8,mcg,Once Daily,Oral
901027,703565,4006,2023-04-06,10.1,mcg,Twice Daily,Subcutaneous
901028,702648,4023,2024-10-31,28.6,mL,Three Times Daily,Subcutaneous
901029,702173,4012,2025-12-30,35.6,units,Twice Daily,IV
901030,701207,4041,2024-07-20,85.5,mL,As Needed,IV
901031,705755,4008,2022-09-21,77.0,mcg,Once Daily,IM
901032,705658,4010,2023-04-28,86.6,mL,Twice Daily,Subcutaneous
901033,700506,4017,2024-05-08,99.4,mg,Once Daily,Subcutaneous
901034,702507,4001,2022-03-31,57.0,units,Once Daily,Topical
901035,701017,4003,2022-10-07,14.9,mcg,Twice Daily,IV
901036,701755,4044,2022-05-16,50.0,mL,As Needed,IV
901037,703438,4028,2025-04-14,85.2,mL,Twice Daily,Topical
901038,703191,4042,2023-12-09,30.1,mg,Once Daily,IM
901039,701302,4036,2021-06-04,57.8,units,Once Daily,Topical
901040,701857,4026,2025-06-07,16.0,mcg,As Needed,IV
901041,705798,4025,2022-06-29,15.9,mg,As Needed,IM
901042,700731,4034,2024-10-05,60.4,mg,Twice Daily,IV
901043,704609,4003,2025-10-15,94.5,mg,Once Daily,Subcutaneous
901044,702315,4028,2023-10-19,26.3,mL,Three Times Daily,Oral
901045,703000,4029,2024-02-03,68.5,mg,Once Daily,Subcutaneous
901046,704774,4013,2022-05-04,78.5,mL,Once Daily,Topical
901047,704790,4042,2022-05-18,26.2,mcg,As Needed,IM
901048,700535,4039,2024-09-16,24.5,mg,Once Daily,Subcutaneous
901049,703178,4020,2024-05-26,80.5,mcg,Three Times Daily,IM
901050,705722,4022,2023-07-14,7.6,units,Three Times Daily,IM
901051,701445,4013,2022-05-02,32.9,mg,Three Times Daily,Topical
901052,700947,4008,2025-03-06,52.6,mg,Twice Daily,Topical
901053,706461,4042,2024-08-03,27.3,mcg,Once Daily,Oral
901054,703666,4019,2022-12-11,10.6,mL,Once Daily,Topical
901055,700591,4005,2021-01-21,89.8,mL,Once Daily,Topical
901056,705480,4005,2025-05-06,45.5,units,Twice Daily,Topical
901057,701858,4034,2022-08-29,16.8,mcg,Once Daily,IM
901058,701909,4034,2024-06-29,97.1,mL,Once Daily,Oral
901059,703328,4011,2021-02-16,90.6,mL,As Needed,Topical
901060,703639,4038,2021-05-19,27.9,mL,Twice Daily,Topical
901061,704931,4007,2023-09-30,4.2,mL,As Needed,Oral
901062,703354,4016,2025-12-06,32.7,mg,Three Times Daily,Oral
901063,705213,4018,2024-02-25,10.7,mcg,Once Daily,IV
901064,701912,4006,2021-05-12,44.1,mcg,Three Times Daily,Oral
901065,700122,4001,2024-09-19,56.7,mL,Twice Daily,Subcutaneous
901066,700989,4023,2024-07-19,6.4,mL,Once Daily,Subcutaneous
901067,701830,4038,2022-02-01,97.8,mL,As Needed,Oral
901068,702098,4008,2025-04-07,50.0,mg,Once Daily,Subcutaneous
901069,701175,4012,2023-11-02,65.5,mcg,Once Daily,IV
901070,701575,4005,2025-07-01,26.9,units,Once Daily,IM
901071,701431,4043,2024-01-30,60.1,mcg,As Needed,IM
901072,702908,4027,2021-05-21,48.2,units,Three Times Daily,Topical
901073,701635,4045,2023-04-13,85.7,mL,Twice Daily,IM
901074,705826,4021,2022-01-23,22.0,units,Twice Daily,Topical
901075,706300,4043,2024-10-10,0.8,mg,As Needed,Topical
901076,703900,4037,2024-07-15,18.4,mL,As Needed,Topical
901077,702036,4013,2025-08-11,22.9,mL,Twice Daily,IV
901078,702520,4019,2022-05-22,44.2,mg,Twice Daily,Oral
901079,704547,4013,2021-06-25,38.0,mL,As Needed,IV
901080,702442,4022,2025-08-20,27.8,mcg,Three Times Daily,Subcutaneous
901081,700510,4032,2023-04-25,29.4,mL,Three Times Daily,IV
901082,704898,4003,2024-11-09,20.9,units,Once Daily,Oral
901083,703795,4009,2023-04-18,8.1,units,As Needed,Oral
901084,700513,4038,2024-12-20,77.6,mg,As Needed,Oral
901085,705350,4023,2023-10-23,4.0,mcg,Twice Daily,Topical
901086,700933,4026,2022-06-09,62.8,mg,Twice Daily,Subcutaneous
901087,704858,4007,2021-02-05,86.3,mL,Three Times Daily,IM
901088,706084,4010,2025-03-25,37.8,units,Twice Daily,Topical
901089,706215,4005,2021-02-17,60.7,units,Once Daily,Topical
901090,705059,4016,2023-10-09,62.8,mg,As Needed,Subcutaneous
901091,706350,4009,2021-02-14,12.5,mg,Twice Daily,IV
901092,702106,4025,2024-02-14,22.6,units,Once Daily,IM
901093,700528,4039,2023-02-03,21.3,units,Once Daily,IV
901094,703164,4038,2021-08-19,11.6,units,Three Times Daily,IM
901095,705696,4015,2024-02-24,66.5,mg,Twice Daily,Subcutaneous
901096,700412,4032,2023-02-01,46.4,units,Twice Daily,IV
901097,702118,4035,2025-12-11,37.7,mcg,Once Daily,IM
901098,706034,4024,2024-06-09,86.6,mcg,As Needed,IM
901099,704690,4036,2021-03-16,94.8,units,As Needed,IV
901100,701195,4040,2022-12-30,49.3,mL,Once Daily,Oral
901101,705327,4041,2021-11-02,84.4,units,Twice Daily,Oral
901102,700910,4026,2022-06-29,91.5,mL,Twice Daily,Topical
901103,704750,4037,2023-01-31,31.4,mcg,Three Times Daily,IV
901104,701043,4041,2022-01-15,2.7,mL,Once Daily,Topical
901105,700862,4023,2021-03-10,72.7,mL,Twice Daily,IM
901106,700275,4019,2021-11-05,30.2,units,Twice Daily,Oral
901107,704992,4011,2024-05-03,2.8,mL,Three Times Daily,Subcutaneous
901108,703239,4018,2023-11-20,40.3,units,Once Daily,Oral
901109,705025,4028,2023-05-25,48.5,units,Three Times Daily,IM
901110,702214,4015,2022-03-30,39.7,mg,Three Times Daily,Subcutaneous
901111,700032,4042,2024-03-15,28.0,mL,Twice Daily,IV
901112,703086,4040,2021-09-24,85.8,mL,Twice Daily,Oral
901113,703938,4032,2024-01-15,51.1,mcg,Twice Daily,IV
901114,700663,4015,2025-07-07,79.1,mL,As Needed,IM
901115,702146,4043,2023-02-09,34.0,mcg,Twice Daily,Subcutaneous
901116,702649,4037,2024-09-26,30.7,mL,Once Daily,IV
901117,701818,4003,2022-04-26,80.2,units,Once Daily,Subcutaneous
901118,704043,4040,2024-02-17,90.9,units,Once Daily,Oral
901119,705938,4012,2022-01-12,73.0,mL,Once Daily,IV
901120,703423,4016,2025-01-13,34.2,mL,As Needed,Subcutaneous
901121,703967,4005,2022-05-29,94.0,mL,Twice Daily,IV
901122,702527,4005,2022-05-09,74.8,mg,Twice Daily,Subcutaneous
901123,703011,4044,2022-11-12,61.4,units,Once Daily,IV
901124,700143,4025,2023-04-20,52.2,mg,Three Times Daily,IM
901125,700671,4011,2022-11-05,63.6,mg,Once Daily,Oral
901126,700581,4040,2021-07-01,4.7,mcg,As Needed,Topical
901127,702062,4010,2024-03-28,65.3,mg,As Needed,Oral
901128,702326,4037,2025-05-05,29.1,units,Three Times Daily,IM
901129,703375,4008,2021-05-05,41.0,mL,Once Daily,IV
901130,700851,4020,2025-09-22,58.1,units,Once Daily,Subcutaneous
901131,700106,4037,2025-12-24,30.4,mg,Three Times Daily,Topical
901132,704330,4035,2023-04-22,20.2,units,Once Daily,Subcutaneous
901133,700128,4029,2023-09-17,21.5,mcg,As Needed,IM
901134,703370,4033,2024-12-28,97.1,mg,Three Times Daily,Subcutaneous
901135,702503,4027,2025-04-11,15.7,mcg,Three Times Daily,Subcutaneous
901136,701272,4007,2025-09-15,74.8,mL,Once Daily,Subcutaneous
901137,700502,4023,2023-11-16,93.6,mL,Once Daily,Oral
901138,702047,4027,2025-03-22,89.5,units,As Needed,Subcutaneous
901139,701048,4005,2021-12-01,54.1,mg,Twice Daily,Subcutaneous
901140,701422,4042,2021-02-18,37.4,mL,Twice Daily,IV
901141,704050,4011,2024-01-09,47.9,mL,As Needed,IM
901142,701072,4009,2021-09-11,2.6,mcg,Three Times Daily,IV
901143,702831,4045,2021-12-21,67.3,units,Twice Daily,IM
901144,702844,4001,2023-09-28,61.0,mcg,Twice Daily,Topical
901145,705370,4044,2023-02-03,43.1,mg,Once Daily,IM
901146,703233,4029,2022-11-24,97.5,mcg,Three Times Daily,IM
901147,705220,4005,2025-02-26,17.7,mg,Once Daily,Oral
901148,703887,4016,2024-09-08,58.4,mL,Twice Daily,Topical
901149,703507,4014,2022-12-03,56.1,units,As Needed,IM
901150,702901,4040,2025-12-07,11.2,mL,Once Daily,Topical
901151,703537,4017,2022-12-20,47.7,units,As Needed,IM
901152,704802,4009,2022-11-18,5.3,units,Once Daily,Oral
901153,705174,4032,2025-07-09,42.8,units,Once Daily,IV
901154,706273,4033,2021-11-15,2.3,units,Once Daily,IM
901155,703597,4042,2025-08-06,15.4,mL,Three Times Daily,IV
901156,700848,4007,2023-02-20,46.4,mcg,Twice Daily,Oral
901157,701975,4039,2025-02-20,74.8,mg,Once Daily,Subcutaneous
901158,702661,4021,2025-04-16,50.9,mg,As Needed,IM
901159,704303,4015,2022-02-22,53.3,mcg,Twice Daily,Oral
901160,704839,4034,2025-12-09,38.3,mg,As Needed,Subcutaneous
901161,705932,4004,2021-06-13,60.6,mg,Once Daily,Subcutaneous
901162,704948,4012,2023-03-01,82.1,mL,As Needed,Oral
901163,704223,4034,2023-08-21,90.8,mL,Once Daily,Oral
901164,700510,4024,2024-03-17,99.4,mg,Once Daily,Oral
901165,705430,4021,2023-04-17,75.3,units,Once Daily,Oral
901166,700498,4038,2023-02-17,11.9,units,Three Times Daily,Subcutaneous
901167,704942,4043,2024-03-27,15.1,mg,As Needed,Topical
901168,704803,4041,2024-03-18,50.1,units,Twice Daily,Oral
901169,704943,4028,2021-08-11,67.7,mL,Once Daily,Topical
901170,702412,4003,2021-03-23,13.3,units,As Needed,IV
901171,700768,4001,2023-08-28,40.1,mcg,As Needed,Oral
901172,700689,4040,2023-08-07,58.5,mL,Twice Daily,IM
901173,705702,4011,2025-10-27,20.4,mL,Three Times Daily,Oral
901174,703209,4020,2022-12-14,70.1,mL,Once Daily,Oral
901175,704267,4006,2023-01-04,34.2,units,Once Daily,IV
901176,701261,4043,2024-08-23,27.5,units,Twice Daily,Subcutaneous
901177,706081,4039,2021-08-22,7.8,units,Twice Daily,Topical
901178,705031,4041,2023-12-19,68.4,mg,Twice Daily,IV
901179,705727,4036,2022-07-04,22.1,units,Twice Daily,Subcutaneous
901180,705604,4024,2024-01-02,12.3,mcg,As Needed,Subcutaneous
901181,703837,4030,2025-03-26,30.7,mcg,As Needed,Oral
901182,701317,4043,2021-03-31,73.1,units,Once Daily,Topical
901183,704378,4042,2021-12-01,28.6,mL,Twice Daily,Oral
901184,700086,4001,2022-06-18,3.5,mcg,Three Times Daily,Subcutaneous
901185,706180,4026,2022-06-03,61.0,mcg,Three Times Daily,Topical
901186,701856,4010,2021-11-22,58.3,mL,Three Times Daily,Subcutaneous
901187,700465,4020,2023-11-26,86.9,mcg,Three Times Daily,IV
901188,700714,4017,2025-01-05,17.0,mL,Three Times Daily,IV
901189,701649,4016,2022-07-17,94.9,units,Once Daily,Topical
901190,701946,4032,2024-07-26,5.5,mg,Twice Daily,IV
901191,701546,4009,2025-10-11,57.0,mL,As Needed,Subcutaneous
901192,700761,4031,2024-02-06,78.2,units,Once Daily,IM
901193,700031,4027,2021-09-20,76.4,units,Twice Daily,IV
901194,703666,4022,2022-07-25,65.9,mcg,Three Times Daily,Subcutaneous
901195,701338,4021,2021-02-17,96.3,mL,Twice Daily,IM
901196,705404,4037,2023-05-15,43.2,mL,Once Daily,IV
901197,700419,4042,2022-12-19,66.0,mL,As Needed,IM
901198,705376,4042,2025-07-18,12.6,mL,Three Times Daily,IM
901199,700723,4025,2022-09-27,35.9,mg,As Needed,Oral
901200,701526,4003,2024-04-19,12.2,units,Once Daily,Topical
901201,705817,4003,2021-07-04,57.0,mcg,Three Times Daily,Subcutaneous
901202,704685,4004,2024-01-18,88.4,units,As Needed,Subcutaneous
901203,700916,4045,2021-03-29,36.1,mL,Once Daily,Topical
901204,705668,4042,2023-02-11,69.7,mL,Once Daily,IV
901205,704159,4037,2023-03-25,25.5,units,Once Daily,Oral
901206,701094,4034,2025-05-20,55.9,mg,Three Times Daily,Subcutaneous
901207,701964,4010,2021-03-22,14.9,mL,Three Times Daily,Oral
901208,702701,4031,2024-10-17,1.5,mg,Twice Daily,IV
901209,703699,4025,2024-06-28,99.1,mcg,Three Times Daily,IV
901210,704530,4002,2024-10-31,84.0,mL,Twice Daily,IV
901211,700183,4009,2023-06-02,63.2,mg,Twice Daily,IV
901212,705682,4030,2024-09-22,27.0,units,Twice Daily,IM
901213,704948,4025,2024-08-08,74.6,units,Three Times Daily,Topical
901214,705547,4031,2024-03-26,10.7,units,Three Times Daily,Oral
901215,702391,4029,2023-05-31,63.4,mg,As Needed,Oral
901216,702442,4014,2021-05-17,80.5,units,Twice Daily,Topical
901217,704202,4028,2023-05-15,67.5,mg,Three Times Daily,IV
901218,704466,4008,2023-11-08,76.2,mg,As Needed,Subcutaneous
901219,703268,4039,2023-07-20,7.9,mL,Once Daily,Oral
901220,704942,4043,2025-03-29,4.5,mL,As Needed,Oral
901221,704083,4037,2024-12-30,43.4,mg,As Needed,Oral
901222,700381,4027,2023-04-20,79.3,mg,Once Daily,Subcutaneous
901223,704201,4009,2022-08-06,30.4,mg,As Needed,IM
901224,704469,4013,2024-07-01,74.0,mg,As Needed,Topical
901225,701276,4041,2022-06-26,7.6,mL,Twice Daily,Oral
901226,703511,4020,2025-09-27,65.7,mL,Once Daily,IM
901227,701066,4016,2024-06-20,92.4,mg,As Needed,Topical
901228,703551,4010,2024-06-28,46.3,units,Once Daily,Topical
901229,706364,4025,2022-09-23,6.2,mg,Twice Daily,Topical
901230,704127,4003,2021-11-15,72.2,mL,Twice Daily,Subcutaneous
901231,701438,4015,2022-10-19,88.4,units,Three Times Daily,IM
901232,705608,4001,2023-10-04,36.6,mg,Twice Daily,IM
901233,705357,4015,2025-02-28,37.5,units,Twice Daily,IV
901234,706151,4016,2022-09-15,33.4,mcg,Twice Daily,IV
901235,703488,4011,2023-01-19,11.1,units,Twice Daily,IV
901236,700810,4001,2021-08-06,31.0,mg,Three Times Daily,Oral
901237,701434,4019,2025-08-26,42.7,units,As Needed,Topical
901238,701678,4010,2021-04-16,42.1,mg,Once Daily,Subcutaneous
901239,700809,4008,2024-04-26,21.0,mcg,Twice Daily,Topical
901240,704139,4020,2025-05-14,55.8,mg,Once Daily,Oral
901241,705406,4009,2025-06-24,54.3,mg,Twice Daily,IV
901242,702057,4007,2025-12-13,38.5,units,Once Daily,Subcutaneous
901243,704084,4012,2023-08-03,93.5,mL,As Needed,Topical
901244,700502,4023,2025-04-17,96.6,mL,Twice Daily,Oral
901245,700131,4039,2023-09-03,68.1,units,As Needed,Topical
901246,705157,4041,2024-05-24,28.9,mcg,As Needed,Oral
901247,702460,4036,2025-05-07,93.9,mL,Three Times Daily,Oral
901248,703658,4026,2023-12-23,72.3,mg,Twice Daily,IV
901249,704540,4040,2022-06-30,44.3,units,Once Daily,IV
901250,700330,4010,2023-06-19,88.0,mg,Twice Daily,Topical
901251,702236,4025,2025-09-22,15.8,mcg,Once Daily,Oral
901252,700236,4030,2025-05-12,66.7,units,Once Daily,Subcutaneous
901253,705886,4043,2022-04-12,28.2,mL,Three Times Daily,Oral
901254,705328,4037,2022-04-04,55.3,mL,Twice Daily,Topical
901255,704677,4042,2023-09-12,29.4,mcg,Once Daily,IM
901256,700888,4033,2021-02-16,58.2,mcg,Once Daily,Subcutaneous
901257,700392,4044,2022-06-30,43.3,units,As Needed,IV
901258,703789,4036,2025-05-08,58.5,mL,Twice Daily,Oral
901259,706102,4043,2023-06-11,8.1,mcg,Twice Daily,IM
901260,700584,4003,2021-09-08,0.8,mL,As Needed,Oral
901261,705213,4032,2021-09-27,78.4,mg,Once Daily,IM
901262,701824,4035,2025-06-25,27.9,mL,Three Times Daily,Subcutaneous
901263,700108,4018,2024-04-12,69.7,units,As Needed,Topical
901264,700664,4030,2022-08-29,4.4,mL,As Needed,Topical
901265,703542,4019,2022-10-12,66.3,mL,As Needed,IV
901266,702771,4012,2024-01-17,71.7,units,Three Times Daily,IV
901267,706169,4034,2023-05-23,71.0,mL,As Needed,IM
901268,705488,4004,2023-02-01,85.2,mg,Three Times Daily,IM
901269,703288,4024,2021-06-19,86.4,mg,Three Times Daily,Oral
901270,706400,4007,2022-12-31,20.4,mg,Three Times Daily,Subcutaneous
901271,700532,4017,2024-07-22,58.1,mL,Three Times Daily,Subcutaneous
901272,704596,4039,2022-04-15,2.6,units,Three Times Daily,Oral
901273,703185,4024,2023-06-24,9.3,mcg,Three Times Daily,Topical
901274,700768,4016,2022-07-28,42.2,units,Once Daily,Oral
901275,703175,4025,2021-09-26,4.3,units,As Needed,Topical
901276,705141,4019,2021-11-30,34.9,mcg,Once Daily,Topical
901277,700285,4026,2021-05-25,64.1,mL,Twice Daily,IV
901278,705321,4033,2021-07-14,81.6,units,Once Daily,Topical
901279,701854,4014,2021-02-11,43.8,mcg,Three Times Daily,Topical
901280,702011,4044,2024-07-29,48.8,mcg,Three Times Daily,Subcutaneous
901281,704168,4023,2024-12-17,1.1,units,Three Times Daily,Oral
901282,705794,4031,2024-09-23,86.7,mL,As Needed,Oral
901283,701839,4019,2025-09-14,98.4,mcg,Once Daily,IV
901284,705674,4030,2025-08-15,45.4,units,As Needed,IM
901285,704706,4026,2022-12-03,30.7,units,Three Times Daily,Topical
901286,704105,4008,2024-06-14,18.0,mcg,As Needed,Oral
901287,704431,4022,2022-01-12,72.6,mg,As Needed,Oral
901288,702042,4027,2023-02-10,41.4,mcg,Three Times Daily,Subcutaneous
901289,705982,4030,2023-06-21,34.2,mcg,Twice Daily,IM
901290,705127,4034,2025-02-10,59.3,mg,As Needed,IV
901291,700505,4002,2021-09-18,81.2,mcg,Three Times Daily,IV
901292,704803,4013,2024-06-16,71.0,units,Three Times Daily,IM
901293,706386,4010,2025-06-10,81.2,mg,Once Daily,IM
901294,701009,4025,2025-11-25,53.3,units,Three Times Daily,IM
901295,705538,4033,2024-07-05,57.8,mg,Once Daily,Subcutaneous
901296,704200,4041,2022-09-26,1.8,mL,Once Daily,Topical
901297,706390,4027,2025-06-10,43.3,mcg,As Needed,Oral
901298,700355,4029,2022-01-25,80.4,mcg,Three Times Daily,IM
901299,703768,4027,2025-06-15,62.3,mL,Once Daily,Subcutaneous
901300,703109,4039,2025-03-07,69.3,mg,Three Times Daily,Subcutaneous
901301,705702,4016,2025-10-13,15.3,units,Twice Daily,Topical
901302,704279,4043,2024-02-17,91.5,mcg,Once Daily,Topical
901303,705540,4029,2023-06-17,75.0,units,Once Daily,Subcutaneous
901304,702679,4035,2021-04-30,89.8,mL,Once Daily,IM
901305,700461,4016,2024-12-14,29.2,units,Twice Daily,Oral
901306,705863,4015,2025-12-06,58.6,mcg,Once Daily,IM
901307,701833,4027,2023-06-19,80.5,mL,As Needed,Subcutaneous
901308,705637,4033,2021-12-07,41.9,mL,Three Times Daily,Topical
901309,706201,4025,2025-11-23,34.3,mcg,As Needed,Topical
901310,701272,4033,2023-11-04,40.8,mcg,As Needed,IV
901311,701766,4012,2021-04-17,63.9,units,As Needed,Subcutaneous
901312,705149,4014,2023-04-25,37.2,mg,As Needed,IM
901313,701592,4010,2025-11-03,22.4,mg,As Needed,Subcutaneous
901314,703786,4042,2023-08-09,51.0,mL,Twice Daily,Subcutaneous
901315,700865,4037,2023-02-14,7.3,mcg,As Needed,Topical
901316,701311,4012,2021-01-23,90.5,units,Three Times Daily,IM
901317,705216,4021,2023-01-27,93.3,units,As Needed,Topical
901318,702806,4036,2022-10-28,98.4,mL,Three Times Daily,Topical
901319,706324,4007,2023-03-11,75.8,units,Three Times Daily,IM
901320,705389,4012,2022-07-28,80.3,units,Three Times Daily,Topical
901321,702788,4020,2021-10-31,84.0,units,Twice Daily,Subcutaneous
901322,700029,4034,2021-02-27,17.7,units,Twice Daily,Topical
901323,702669,4031,2025-01-18,20.9,units,Twice Daily,IV
901324,701623,4006,2021-08-29,82.1,mcg,Three Times Daily,Subcutaneous
901325,702234,4045,2021-02-22,42.0,mg,Once Daily,Subcutaneous
901326,700156,4042,2021-06-11,79.3,mg,Twice Daily,Topical
901327,703177,4004,2025-12-09,14.9,mg,Three Times Daily,IM
901328,705791,4016,2025-07-05,5.4,mg,Once Daily,Topical
901329,703777,4040,2025-10-03,40.0,units,Three Times Daily,IM
901330,703004,4030,2022-11-17,27.5,mcg,As Needed,IV
901331,704638,4032,2023-05-23,81.3,mL,Twice Daily,Subcutaneous
901332,705572,4028,2022-02-26,91.7,units,Twice Daily,IV
901333,704198,4003,2021-04-07,65.5,mg,Three Times Daily,IV
901334,702504,4003,2021-09-07,11.0,mg,Once Daily,IM
901335,702358,4027,2025-05-22,2.0,units,Once Daily,IV
901336,700598,4041,2025-10-16,78.0,mL,Three Times Daily,Topical
901337,705952,4029,2022-08-22,87.2,mcg,Twice Daily,IV
901338,703468,4045,2024-10-17,94.8,units,Once Daily,IV
901339,705108,4013,2021-01-02,71.9,mg,Twice Daily,IM
901340,702060,4045,2024-07-30,3.7,mcg,Twice Daily,Topical
901341,703000,4011,2021-01-15,48.1,mg,As Needed,IV
901342,703731,4008,2022-07-29,49.3,mL,As Needed,IM
901343,704900,4044,2025-07-11,4.8,mg,Twice Daily,IV
901344,703699,4037,2025-04-21,91.1,mg,Twice Daily,Oral
901345,704045,4029,2025-03-03,76.5,mL,Three Times Daily,IM
901346,704238,4010,2023-11-26,20.9,mL,Three Times Daily,IM
901347,702017,4039,2024-06-29,65.4,mcg,As Needed,Oral
901348,704741,4007,2025-03-28,81.4,mcg,As Needed,Topical
901349,703370,4008,2023-10-26,85.5,mcg,As Needed,IV
901350,704971,4038,2023-04-26,86.9,mg,Once Daily,Oral
901351,704924,4026,2022-09-25,78.6,units,Three Times Daily,IM
901352,703621,4002,2025-09-12,62.1,mcg,As Needed,IV
901353,704409,4036,2024-04-13,9.1,units,Once Daily,Subcutaneous
901354,704020,4035,2024-10-07,26.5,mL,As Needed,IM
901355,703314,4011,2022-06-07,53.5,mg,As Needed,Oral
901356,706455,4024,2022-04-14,37.1,mL,Twice Daily,Subcutaneous
901357,700980,4029,2021-02-04,71.3,mcg,Once Daily,IM
901358,703924,4023,2022-09-29,12.3,mL,As Needed,Oral
901359,703916,4005,2021-04-22,94.4,mg,As Needed,Subcutaneous
901360,701588,4024,2025-06-28,34.2,units,Once Daily,IM
901361,704716,4014,2021-10-14,52.0,mg,Twice Daily,Subcutaneous
901362,702381,4017,2021-03-06,33.8,units,Twice Daily,Subcutaneous
901363,701205,4039,2021-05-31,80.0,units,Three Times Daily,IV
901364,706433,4044,2023-09-27,15.8,mcg,Twice Daily,IM
901365,700002,4001,2024-09-15,35.8,mL,Three Times Daily,Subcutaneous
901366,704631,4012,2021-10-20,61.7,mcg,As Needed,Subcutaneous
901367,700784,4038,2022-06-27,5.1,units,As Needed,IV
901368,703248,4044,2024-11-20,61.3,mcg,Three Times Daily,IM
901369,704344,4016,2022-06-19,69.8,mcg,As Needed,IV
901370,704457,4036,2025-01-21,95.1,mL,Once Daily,Oral
901371,700214,4003,2021-07-28,97.5,mL,Three Times Daily,Topical
901372,703716,4040,2023-08-31,26.5,mcg,Twice Daily,IM
901373,704594,4005,2024-09-11,67.1,units,As Needed,IV
901374,702156,4032,2021-10-12,8.8,units,Once Daily,Oral
901375,700039,4017,2025-04-12,72.3,mg,Once Daily,Oral
901376,701006,4008,2022-02-17,33.7,mcg,Three Times Daily,Topical
901377,704468,4003,2022-10-19,21.7,mg,Three Times Daily,IV
901378,700188,4033,2024-04-09,2.3,mcg,As Needed,Topical
901379,702212,4019,2023-12-10,52.8,units,Three Times Daily,IV
901380,702737,4042,2022-10-29,18.3,mcg,Once Daily,IM
901381,704697,4041,2025-11-15,58.2,mg,Three Times Daily,Oral
901382,701999,4016,2024-10-02,51.3,mcg,As Needed,Topical
901383,704385,4003,2023-10-22,62.1,units,As Needed,IM
901384,701101,4024,2023-08-06,24.8,units,Three Times Daily,Oral
901385,702259,4043,2023-05-06,12.2,mcg,Three Times Daily,Subcutaneous
901386,700659,4026,2021-05-07,78.4,mL,As Needed,Subcutaneous
901387,700839,4011,2024-10-10,99.1,mcg,As Needed,IV
901388,705489,4027,2025-03-26,38.3,mL,Twice Daily,Oral
901389,702566,4037,2023-11-27,39.0,mcg,As Needed,Oral
901390,703868,4011,2025-07-01,86.7,units,Twice Daily,Oral
901391,701887,4034,2025-04-24,17.8,mg,Three Times Daily,Subcutaneous
901392,705313,4006,2022-11-10,34.9,units,Twice Daily,IV
901393,703020,4039,2022-07-19,28.2,mL,Once Daily,IM
901394,701229,4003,2022-01-31,13.1,units,Three Times Daily,IM
901395,700206,4036,2022-03-19,54.6,units,Twice Daily,IM
901396,705902,4034,2024-11-04,62.9,mcg,Once Daily,Oral
901397,705996,4036,2025-08-24,87.9,units,Twice Daily,Topical
901398,703724,4015,2022-06-18,65.0,mL,Once Daily,IM
901399,703935,4033,2024-04-26,5.5,mg,Three Times Daily,Subcutaneous
901400,701851,4033,2021-05-08,5.4,mL,As Needed,Subcutaneous
901401,703527,4005,2023-07-13,6.4,units,Twice Daily,Topical
901402,703428,4005,2023-12-10,25.7,mg,Three Times Daily,IM
901403,701617,4003,2022-03-07,25.5,mL,Once Daily,IV
901404,702056,4043,2024-01-02,77.7,units,Once Daily,Oral
901405,704686,4031,2024-10-13,5.4,mL,Once Daily,Topical
901406,705386,4028,2022-09-07,61.2,mcg,Twice Daily,IV
901407,703414,4005,2022-05-08,59.8,mg,Once Daily,Topical
901408,702405,4030,2024-02-26,51.5,mL,Once Daily,Oral
901409,700592,4017,2025-03-27,2.8,units,Twice Daily,Topical
901410,701734,4016,2025-09-03,82.6,mg,As Needed,IM
901411,702864,4008,2023-04-01,38.1,mcg,Once Daily,Oral
901412,702648,4032,2022-08-11,45.1,units,Three Times Daily,Oral
901413,702998,4015,2024-06-27,67.2,mL,Three Times Daily,Subcutaneous
901414,704350,4015,2021-03-16,66.5,units,Three Times Daily,Topical
901415,701586,4030,2023-08-27,28.0,mL,Three Times Daily,IM
901416,701583,4040,2025-03-04,1.6,mcg,Twice Daily,Topical
901417,705789,4037,2021-07-09,80.6,mcg,Once Daily,Subcutaneous
901418,702406,4040,2024-07-13,75.8,mg,Twice Daily,Subcutaneous
901419,703081,4033,2023-06-15,64.3,mg,Twice Daily,Subcutaneous
901420,703825,4025,2022-10-06,93.5,mcg,Once Daily,IM
901421,704835,4017,2021-06-06,20.8,units,Once Daily,IM
901422,700837,4003,2021-09-29,10.8,units,Three Times Daily,Subcutaneous
901423,703126,4018,2025-12-26,99.9,mcg,As Needed,Subcutaneous
901424,705520,4043,2021-06-23,86.9,mg,Three Times Daily,IM
901425,702547,4007,2024-04-24,4.6,units,As Needed,IV
901426,705000,4025,2021-01-10,33.4,mL,Twice Daily,Oral
901427,701558,4015,2023-04-20,52.0,mg,Once Daily,Topical
901428,703215,4010,2025-12-24,63.0,mL,Once Daily,Oral
901429,704729,4016,2023-10-22,41.9,mcg,Twice Daily,Topical
901430,706176,4026,2023-04-06,9.2,mcg,As Needed,Topical
901431,700493,4021,2022-02-11,47.6,mg,Three Times Daily,Topical
901432,703027,4010,2025-09-17,54.9,units,Once Daily,IM
901433,701956,4011,2022-09-15,31.8,units,As Needed,Topical
901434,705287,4020,2021-06-09,16.3,units,Once Daily,Topical
901435,701988,4034,2021-08-12,52.0,mg,Twice Daily,Topical
901436,705646,4039,2024-01-13,28.1,units,As Needed,IV
901437,700807,4020,2022-11-01,24.3,units,Once Daily,Topical
901438,703033,4013,2024-05-15,72.5,units,As Needed,Topical
901439,701223,4023,2021-10-04,56.2,units,Three Times Daily,Topical
901440,700532,4014,2022-12-30,74.4,mL,Twice Daily,Subcutaneous
901441,705682,4028,2024-07-01,45.1,mcg,Three Times Daily,IM
901442,704775,4042,2022-12-22,8.2,mL,Three Times Daily,IM
901443,700776,4023,2021-10-09,49.5,units,Three Times Daily,Topical
901444,702939,4040,2023-01-03,59.7,mcg,Once Daily,IV
901445,703102,4004,2025-03-14,77.8,units,As Needed,IV
901446,704855,4034,2024-07-19,58.5,mg,As Needed,IV
901447,700852,4034,2023-08-16,79.7,units,Once Daily,IV
901448,700231,4019,2021-03-15,51.5,units,Twice Daily,Subcutaneous
901449,700660,4026,2023-12-21,61.4,mcg,Once Daily,Oral
901450,702588,4011,2025-11-08,2.7,mg,Three Times Daily,Topical
901451,702886,4030,2024-01-24,86.2,mg,As Needed,Subcutaneous
901452,700950,4018,2024-02-20,17.0,units,Once Daily,IM
901453,705012,4030,2025-09-07,74.0,mg,Three Times Daily,IV
901454,704759,4018,2023-12-21,44.8,mL,Three Times Daily,Subcutaneous
901455,703543,4011,2025-06-21,89.3,mcg,Once Daily,Subcutaneous
901456,705705,4002,2025-10-18,30.8,mL,Three Times Daily,IM
901457,706434,4019,2022-03-17,97.2,units,Once Daily,IM
901458,706294,4021,2025-01-18,73.7,units,Three Times Daily,Topical
901459,701624,4017,2024-12-31,61.7,mL,Three Times Daily,IM
901460,703897,4034,2023-03-07,94.1,mcg,Twice Daily,IV
901461,705384,4044,2024-08-01,54.2,units,As Needed,IV
901462,700317,4015,2023-03-13,36.7,mL,Twice Daily,Subcutaneous
901463,704565,4039,2023-01-14,69.7,mL,Once Daily,IV
901464,702462,4037,2023-06-18,24.8,mL,Once Daily,IM
901465,704218,4020,2023-06-01,52.5,mcg,Once Daily,IM
901466,705110,4004,2023-11-07,89.5,mcg,Twice Daily,IV
901467,703505,4017,2023-12-29,44.3,units,Three Times Daily,Topical
901468,705320,4025,2024-06-20,42.7,mL,Once Daily,IM
901469,705567,4008,2024-07-16,34.1,mg,Twice Daily,Oral
901470,705041,4041,2024-12-31,65.8,mg,Once Daily,IV
901471,701579,4027,2023-07-14,27.0,mL,Three Times Daily,IM
901472,704189,4031,2021-06-23,80.8,mL,Once Daily,Oral
901473,700145,4008,2025-08-30,63.4,mL,Twice Daily,Subcutaneous
901474,704936,4025,2021-06-19,95.8,units,Once Daily,Subcutaneous
901475,704523,4009,2022-05-08,92.3,mL,Three Times Daily,Oral
901476,703518,4042,2023-03-17,32.2,mg,As Needed,IM
901477,702805,4044,2021-12-01,82.4,mcg,Three Times Daily,IM
901478,704374,4043,2023-03-29,5.8,mg,As Needed,Topical
901479,704369,4001,2021-12-30,32.9,mL,Twice Daily,Subcutaneous
901480,702298,4036,2024-07-30,77.3,mg,Once Daily,Subcutaneous
901481,705188,4030,2023-03-20,7.8,mcg,Twice Daily,IM
901482,701710,4014,2024-02-27,59.8,mcg,Once Daily,IM
901483,703470,4042,2023-05-30,76.0,mcg,As Needed,IV
901484,705535,4004,2022-12-02,70.9,mcg,Once Daily,Topical
901485,705891,4026,2023-06-11,77.7,mg,Twice Daily,IM
901486,703039,4014,2024-04-06,16.8,mg,Once Daily,Oral
901487,701558,4040,2022-09-15,32.1,units,Twice Daily,Topical
901488,706270,4045,2022-01-29,76.0,mg,As Needed,IV
901489,705301,4036,2025-07-14,58.9,units,Twice Daily,IV
901490,700566,4003,2023-04-19,9.1,mL,Three Times Daily,Topical
901491,700027,4020,2023-11-06,92.4,mcg,Once Daily,Subcutaneous
901492,703544,4006,2025-01-04,17.5,mg,Twice Daily,Subcutaneous
901493,703359,4021,2023-05-08,59.4,mg,As Needed,Subcutaneous
901494,703040,4011,2024-08-16,21.2,units,Once Daily,IV
901495,705799,4027,2024-10-04,81.8,units,As Needed,Oral
901496,706078,4030,2022-11-26,58.4,mcg,As Needed,IM
901497,702617,4014,2021-07-18,41.4,mcg,As Needed,IM
901498,705443,4018,2022-11-08,73.6,units,Once Daily,Subcutaneous
901499,706247,4006,2023-07-17,35.4,units,As Needed,Oral
901500,704926,4044,2022-03-21,0.7,mL,Three Times Daily,Subcutaneous
901501,706137,4041,2025-07-04,9.4,mg,Three Times Daily,IV
901502,701371,4032,2024-08-22,6.4,mL,As Needed,IV
901503,702337,4033,2023-07-26,22.4,mcg,Once Daily,IM
901504,702108,4012,2025-01-16,91.1,mcg,Twice Daily,Topical
901505,705517,4004,2023-12-14,19.2,mL,Three Times Daily,Topical
901506,700148,4036,2022-02-09,58.7,mcg,Once Daily,Subcutaneous
901507,701672,4043,2023-02-26,78.7,units,Twice Daily,Subcutaneous
901508,705603,4011,2021-07-04,74.0,mcg,Once Daily,IV
901509,706220,4036,2023-04-11,33.1,mL,Twice Daily,IV
901510,701429,4015,2025-04-11,47.9,units,Twice Daily,Topical
901511,706285,4024,2025-08-15,8.1,mcg,Once Daily,IV
901512,705878,4033,2021-11-05,10.3,mL,Three Times Daily,IV
901513,705150,4028,2021-05-31,25.1,mcg,Twice Daily,Subcutaneous
901514,700478,4040,2022-03-06,15.4,mcg,Once Daily,Subcutaneous
901515,705306,4004,2023-08-16,7.2,mg,As Needed,Oral
901516,705934,4012,2023-07-11,26.3,mcg,Three Times Daily,Subcutaneous
901517,704098,4016,2022-11-29,53.7,mL,Once Daily,Topical
901518,700915,4012,2025-06-20,21.4,units,Three Times Daily,IV
901519,703867,4021,2025-02-21,28.5,units,Once Daily,IM
901520,701159,4026,2022-04-11,82.4,mL,Once Daily,Topical
901521,702738,4009,2023-08-28,75.2,mL,Once Daily,IM
901522,705339,4020,2025-10-04,3.6,mL,Once Daily,IV
901523,701333,4021,2022-06-17,8.5,mcg,Once Daily,IV
901524,701833,4042,2024-12-06,92.9,mL,Three Times Daily,Subcutaneous
901525,705260,4005,2024-06-27,36.5,units,Once Daily,Topical
901526,704040,4011,2022-07-05,2.8,units,Once Daily,Oral
901527,703661,4005,2023-01-08,39.3,mL,Once Daily,Oral
901528,704216,4016,2021-03-17,76.6,mcg,Once Daily,Oral
901529,702889,4012,2022-03-21,90.3,mg,As Needed,IV
901530,703813,4037,2022-12-29,70.2,units,Three Times Daily,IV
901531,706414,4034,2022-03-11,27.6,mcg,Three Times Daily,IV
901532,704118,4022,2021-04-02,98.7,mL,Once Daily,Oral
901533,701929,4015,2021-11-02,15.6,units,Once Daily,IV
901534,705126,4032,2024-03-26,37.2,mL,Once Daily,IV
901535,702170,4033,2024-01-28,35.9,units,Three Times Daily,Topical
901536,702038,4035,2023-05-16,49.4,mL,Twice Daily,Subcutaneous
901537,701040,4004,2025-05-05,12.0,mL,Once Daily,Oral
901538,701762,4016,2025-06-11,61.6,units,Once Daily,IV
901539,702348,4010,2024-05-24,64.0,units,Twice Daily,IM
901540,702845,4045,2025-05-23,45.6,units,As Needed,IM
901541,704629,4043,2022-08-21,10.3,mL,As Needed,Topical
901542,705698,4033,2025-03-04,76.2,mg,Once Daily,Topical
901543,706436,4012,2025-01-31,92.8,units,As Needed,Topical
901544,706275,4015,2025-08-10,35.6,units,Once Daily,Topical
901545,703825,4031,2022-03-04,24.0,mg,As Needed,IM
901546,701841,4035,2025-10-20,95.4,mcg,Once Daily,IM
901547,704137,4023,2023-07-30,14.3,mcg,Twice Daily,Topical
901548,702789,4032,2024-08-26,48.2,mcg,Twice Daily,Subcutaneous
901549,702652,4025,2023-06-26,69.6,mL,As Needed,Topical
901550,705134,4005,2022-09-21,4.8,units,Twice Daily,Subcutaneous
901551,701648,4041,2025-09-04,81.1,mg,As Needed,IM
901552,705800,4014,2022-12-23,67.1,mL,Twice Daily,IV
901553,701685,4031,2025-02-20,74.8,mL,Once Daily,Topical
901554,702781,4014,2021-11-25,21.4,mg,Three Times Daily,Topical
901555,701249,4042,2022-11-22,27.3,units,Twice Daily,Topical
901556,701966,4014,2024-07-05,99.5,units,Three Times Daily,Oral
901557,704528,4006,2022-11-09,36.3,mL,Twice Daily,IM
901558,700985,4025,2022-10-24,2.9,mg,Once Daily,Subcutaneous
901559,705317,4044,2021-12-10,35.7,mg,As Needed,IM
901560,704382,4028,2023-06-12,38.4,mL,Twice Daily,Topical
901561,706056,4017,2021-01-02,88.5,mg,As Needed,Subcutaneous
901562,706442,4004,2025-09-30,28.2,units,Three Times Daily,IM
901563,702012,4028,2025-08-11,79.5,units,Twice Daily,IM
901564,705617,4007,2022-04-24,11.4,units,As Needed,Subcutaneous
901565,700499,4042,2021-05-30,51.3,mg,Twice Daily,IV
901566,701048,4006,2021-11-26,41.0,mL,Twice Daily,Topical
901567,700209,4042,2024-02-01,33.0,units,As Needed,Oral
901568,706459,4037,2025-04-16,77.7,mcg,As Needed,Oral
901569,700193,4043,2021-08-08,60.4,mL,Twice Daily,IV
901570,702614,4029,2025-07-17,95.1,mg,Twice Daily,IV
901571,701851,4028,2023-08-12,36.4,units,As Needed,Subcutaneous
901572,704330,4019,2023-01-04,12.7,mcg,Three Times Daily,Subcutaneous
901573,704990,4014,2021-02-12,24.1,units,Three Times Daily,IV
901574,702383,4013,2022-08-31,68.5,units,Once Daily,Subcutaneous
901575,705436,4029,2023-01-30,65.8,units,Three Times Daily,IV
901576,705104,4035,2025-01-18,63.2,mcg,Three Times Daily,Subcutaneous
901577,705670,4041,2022-06-19,72.0,mL,As Needed,Oral
901578,703777,4002,2021-05-14,11.1,mL,As Needed,Subcutaneous
901579,701928,4002,2024-03-26,29.2,mg,Three Times Daily,Oral
901580,704068,4026,2023-05-03,57.7,units,Twice Daily,IM
901581,702571,4001,2022-11-12,43.9,mcg,Three Times Daily,Topical
901582,704340,4028,2025-01-05,51.0,units,Twice Daily,Topical
901583,704521,4037,2023-09-03,21.7,units,Three Times Daily,Subcutaneous
901584,701516,4034,2021-07-29,61.2,mcg,Once Daily,Oral
901585,703566,4024,2023-02-08,33.9,mg,As Needed,Subcutaneous
901586,700229,4029,2021-11-10,80.1,mcg,Twice Daily,IM
901587,700643,4028,2024-07-27,58.9,mg,As Needed,Oral
901588,701675,4034,2021-12-06,99.7,mcg,Three Times Daily,IM
901589,702364,4033,2023-08-10,59.4,mcg,As Needed,IV
901590,705770,4038,2025-03-21,5.8,mcg,As Needed,Topical
901591,700140,4034,2023-11-20,22.2,mg,Once Daily,Subcutaneous
901592,706084,4005,2023-12-02,25.6,mcg,Once Daily,Subcutaneous
901593,706183,4030,2023-01-04,3.0,mL,Once Daily,Subcutaneous
901594,704608,4022,2022-11-08,91.9,units,Once Daily,Topical
901595,702064,4003,2024-12-24,62.9,mcg,Twice Daily,Subcutaneous
901596,702932,4029,2024-04-21,81.3,mg,Three Times Daily,IM
901597,701433,4031,2024-03-20,58.9,units,As Needed,Subcutaneous
901598,705020,4030,2024-09-18,85.8,units,As Needed,Subcutaneous
901599,704348,4029,2025-12-30,62.9,mL,Once Daily,Subcutaneous
901600,701799,4031,2021-01-22,8.7,mcg,Twice Daily,IM
901601,703920,4024,2024-11-09,3.4,mcg,Twice Daily,Topical
901602,705493,4041,2022-03-19,44.6,mcg,Twice Daily,Oral
901603,704348,4023,2024-01-08,64.4,mg,As Needed,IV
901604,700669,4038,2023-08-10,84.8,units,As Needed,Subcutaneous
901605,703275,4034,2021-03-20,89.6,units,As Needed,Topical
901606,706226,4024,2022-09-16,82.2,units,Twice Daily,Oral
901607,701163,4025,2025-02-03,11.0,mcg,Three Times Daily,IM
901608,701663,4002,2022-05-05,75.7,mL,Three Times Daily,Topical
901609,704892,4006,2024-03-26,35.3,units,Three Times Daily,Topical
901610,705239,4041,2024-05-25,85.8,mcg,Once Daily,IM
901611,704142,4032,2022-01-31,82.6,mL,Once Daily,Oral
901612,705458,4044,2023-09-27,65.2,units,Three Times Daily,IM
901613,702563,4013,2022-03-06,91.6,mcg,Three Times Daily,Oral
901614,704238,4016,2025-03-02,54.4,mg,Twice Daily,Oral
901615,702727,4026,2022-04-03,24.5,mL,Once Daily,Subcutaneous
901616,700537,4010,2021-11-18,65.5,mg,Three Times Daily,IM
901617,703235,4004,2024-09-13,19.5,mL,As Needed,IV
901618,705406,4014,2023-10-23,76.3,units,As Needed,Subcutaneous
901619,704008,4024,2024-12-08,88.0,mg,Three Times Daily,Oral
901620,705076,4038,2022-03-01,66.7,units,Twice Daily,IM
901621,700122,4037,2025-07-18,49.3,mg,Once Daily,IM
901622,704839,4039,2025-01-02,95.2,mcg,Once Daily,Topical
901623,700907,4023,2025-06-16,79.1,mg,As Needed,IV
901624,702626,4011,2024-03-12,46.3,mg,Three Times Daily,Oral
901625,704135,4008,2025-10-13,55.2,mcg,As Needed,IV
901626,705404,4006,2023-07-01,71.9,mg,Three Times Daily,Topical
901627,706375,4034,2024-02-18,44.3,units,As Needed,Oral
901628,701667,4037,2021-10-14,40.6,mcg,Once Daily,Subcutaneous
901629,704473,4033,2021-10-18,86.8,mcg,Once Daily,IM
901630,700586,4045,2024-11-18,36.4,mL,Three Times Daily,Subcutaneous
901631,703292,4010,2024-08-01,99.3,mg,Twice Daily,IV
901632,702423,4036,2025-05-22,34.3,mcg,Once Daily,Oral
901633,701905,4007,2025-03-16,75.2,mL,Three Times Daily,IV
901634,701798,4017,2023-08-09,51.1,mcg,Twice Daily,Subcutaneous
901635,703053,4020,2022-06-10,6.3,mcg,Twice Daily,IV
901636,706308,4028,2021-02-16,80.0,mg,Once Daily,IV
901637,703971,4024,2023-06-24,83.3,mL,Once Daily,Subcutaneous
901638,706101,4038,2022-03-19,74.7,units,Three Times Daily,Oral
901639,705719,4009,2021-08-21,92.2,mg,Three Times Daily,IV
901640,701478,4030,2024-01-24,6.7,mg,As Needed,Subcutaneous
901641,702169,4039,2021-12-22,31.3,mcg,Three Times Daily,IM
901642,705684,4036,2025-03-16,98.6,units,Once Daily,IV
901643,705897,4017,2023-02-05,50.7,mcg,As Needed,Subcutaneous
901644,700075,4016,2023-03-01,27.3,mL,As Needed,Subcutaneous
901645,704420,4034,2021-08-04,36.8,units,Twice Daily,Oral
901646,700306,4043,2024-05-20,94.3,mL,As Needed,Topical
901647,703718,4007,2021-08-04,72.4,mcg,Twice Daily,Subcutaneous
901648,701579,4027,2024-04-15,12.6,mg,Once Daily,Oral
901649,700824,4007,2023-07-12,25.8,mg,Three Times Daily,Oral
901650,701041,4032,2021-02-24,11.2,mg,Three Times Daily,Topical
901651,702848,4016,2024-08-20,86.3,mcg,Twice Daily,Subcutaneous
901652,700267,4019,2021-08-26,36.9,mg,Twice Daily,IM
901653,703307,4026,2024-03-20,97.8,mg,As Needed,Topical
901654,701178,4001,2023-05-26,98.1,units,Once Daily,IM
901655,704242,4043,2024-04-22,66.2,mcg,Twice Daily,Topical
901656,704459,4030,2025-04-08,69.1,mL,Three Times Daily,Topical
901657,705689,4043,2025-12-09,49.6,mL,As Needed,Oral
901658,700062,4015,2025-06-14,42.1,mg,Once Daily,Topical
901659,700391,4003,2024-10-06,38.5,mL,Twice Daily,Subcutaneous
901660,705882,4020,2022-12-19,92.7,units,Once Daily,Topical
901661,704934,4019,2023-04-13,40.2,mcg,Three Times Daily,Subcutaneous
901662,704238,4027,2022-12-06,96.4,mcg,Once Daily,IV
901663,702004,4001,2021-05-27,78.5,units,As Needed,Oral
901664,700851,4045,2021-04-02,23.5,mL,Three Times Daily,IM
901665,706113,4013,2024-12-24,34.6,units,Once Daily,Topical
901666,700103,4033,2023-02-28,15.2,units,Three Times Daily,Oral
901667,701838,4043,2025-08-10,16.0,mg,Once Daily,IV
901668,701036,4024,2023-03-22,55.7,mL,Twice Daily,IM
901669,705105,4011,2024-07-24,28.1,units,As Needed,Oral
901670,705112,4005,2022-11-11,94.6,mL,As Needed,IV
901671,701511,4043,2023-04-11,36.9,mL,Once Daily,Topical
901672,703122,4032,2022-04-13,5.2,mcg,As Needed,Oral
901673,704972,4035,2022-07-18,12.3,mcg,Once Daily,IV
901674,702895,4019,2021-07-09,37.1,units,As Needed,Subcutaneous
901675,701097,4001,2025-03-15,52.9,mL,Three Times Daily,Topical
901676,703497,4015,2023-03-31,3.1,units,Once Daily,Topical
901677,705585,4019,2023-03-17,34.8,mg,Three Times Daily,IM
901678,700520,4004,2022-03-19,74.1,mcg,As Needed,IV
901679,701795,4025,2024-11-11,10.6,mcg,Once Daily,Subcutaneous
901680,701844,4036,2021-07-02,11.7,mL,Once Daily,IM
901681,701870,4008,2025-06-25,31.8,mcg,Twice Daily,IM
901682,701163,4045,2025-01-26,10.6,mL,Once Daily,IV
901683,701584,4026,2022-08-18,38.5,mL,Three Times Daily,Subcutaneous
901684,705260,4036,2025-08-09,72.1,mg,Once Daily,Subcutaneous
901685,701269,4018,2022-11-16,98.3,mg,Twice Daily,Topical
901686,705939,4028,2022-08-18,5.0,mcg,Three Times Daily,Topical
901687,701540,4033,2025-10-14,58.0,units,Three Times Daily,Topical
901688,702674,4036,2024-03-31,22.9,mg,As Needed,IV
901689,704753,4005,2025-11-01,44.6,mcg,As Needed,Oral
901690,706003,4036,2024-05-12,99.4,mg,As Needed,Subcutaneous
901691,704893,4028,2024-10-14,99.3,mcg,Three Times Daily,IM
901692,702455,4017,2024-06-09,60.9,mL,Once Daily,Oral
901693,705182,4014,2022-06-28,17.0,units,Three Times Daily,IM
901694,705624,4029,2023-03-29,50.3,mg,Once Daily,Topical
901695,706223,4015,2022-11-21,83.7,mcg,Twice Daily,Topical
901696,700140,4003,2023-08-06,57.6,mg,Twice Daily,Topical
901697,704513,4003,2022-08-10,71.9,mcg,Three Times Daily,IM
901698,705517,4019,2024-05-04,77.2,mcg,Twice Daily,Topical
901699,703423,4033,2024-05-15,45.8,mg,Once Daily,Subcutaneous
901700,701994,4036,2025-06-26,67.2,mL,Twice Daily,IM
901701,700483,4026,2023-05-26,12.9,mcg,Three Times Daily,Topical
901702,703238,4039,2024-10-03,38.6,units,Three Times Daily,IM
901703,705241,4016,2024-11-12,51.2,mcg,As Needed,IM
901704,703828,4024,2024-04-04,72.9,mL,Three Times Daily,Oral
901705,704311,4029,2021-07-12,46.6,units,Once Daily,IM
901706,701007,4040,2025-05-09,95.8,mcg,As Needed,Oral
901707,702765,4045,2023-01-18,28.8,mcg,Three Times Daily,Oral
901708,704210,4027,2024-08-10,18.2,units,Twice Daily,IM
901709,701503,4007,2025-09-27,20.2,mg,As Needed,IV
901710,704274,4009,2022-10-14,37.4,units,Three Times Daily,IM
901711,700893,4039,2025-02-02,53.3,mg,As Needed,IM
901712,705607,4045,2022-10-02,31.6,mg,Twice Daily,Oral
901713,706412,4004,2024-04-07,86.8,units,Once Daily,Subcutaneous
901714,704890,4037,2025-01-11,70.3,units,Three Times Daily,Subcutaneous
901715,704447,4034,2021-11-23,26.9,mL,As Needed,Oral
901716,705851,4007,2021-11-25,76.5,mg,As Needed,Oral
901717,702003,4004,2023-06-21,57.8,mcg,Twice Daily,Topical
901718,700113,4009,2025-06-23,68.7,mg,Twice Daily,IM
901719,705581,4002,2024-01-11,94.3,mg,Twice Daily,Topical
901720,703422,4027,2023-07-28,24.9,mg,Twice Daily,Topical
901721,702625,4032,2024-01-14,92.0,units,Three Times Daily,Oral
901722,704611,4020,2022-07-10,70.5,mcg,Three Times Daily,Oral
901723,701160,4021,2022-09-17,21.3,mg,As Needed,IV
901724,700766,4017,2024-05-14,90.9,mcg,Three Times Daily,IM
901725,705210,4042,2022-03-16,44.3,mL,Three Times Daily,IV
901726,705065,4043,2022-03-08,21.1,mcg,As Needed,IV
901727,703230,4013,2021-04-14,27.1,mg,As Needed,IM
901728,705931,4024,2024-04-13,73.0,mg,Once Daily,Topical
901729,701422,4006,2025-07-05,94.3,mg,Three Times Daily,Topical
901730,700017,4026,2025-05-14,24.2,mg,Three Times Daily,IV
901731,703445,4032,2024-07-11,91.7,mg,Three Times Daily,IM
901732,702759,4002,2022-11-15,6.9,mcg,Once Daily,IM
901733,706142,4005,2025-09-20,12.9,mg,Three Times Daily,IV
901734,701960,4005,2021-05-30,36.6,mg,Three Times Daily,IM
901735,701730,4014,2022-04-16,59.0,units,Three Times Daily,IM
901736,703558,4006,2023-01-23,57.6,units,Three Times Daily,IV
901737,705368,4020,2024-08-01,5.0,mL,As Needed,IV
901738,703206,4034,2024-07-06,4.1,mcg,Three Times Daily,Oral
901739,702962,4017,2025-08-11,66.1,mcg,Twice Daily,Subcutaneous
901740,705351,4003,2022-06-22,44.9,mcg,Three Times Daily,Oral
901741,706466,4033,2025-05-07,48.4,mL,Three Times Daily,Topical
901742,706274,4009,2021-10-28,3.5,mL,Twice Daily,Subcutaneous
901743,700636,4006,2024-05-21,99.9,mg,Three Times Daily,Oral
901744,704317,4009,2024-11-01,59.1,units,Once Daily,IM
901745,702161,4018,2021-09-07,91.5,units,Twice Daily,Subcutaneous
901746,703335,4040,2025-04-18,36.9,mL,Once Daily,Subcutaneous
901747,701711,4008,2021-06-25,56.3,mcg,Once Daily,Subcutaneous
901748,703102,4017,2023-04-18,42.8,units,As Needed,Oral
901749,703619,4025,2024-07-13,12.4,units,Twice Daily,IV
901750,705435,4025,2022-06-21,43.8,mL,Three Times Daily,IM
901751,700446,4009,2022-02-17,23.9,mg,Twice Daily,Subcutaneous
901752,702991,4009,2024-09-07,26.6,mL,Once Daily,Oral
901753,706130,4004,2022-09-03,75.4,mcg,Three Times Daily,Oral
901754,704927,4015,2025-11-20,34.5,mg,As Needed,Topical
901755,700637,4010,2022-11-23,74.4,units,Once Daily,Oral
901756,700176,4015,2024-01-24,98.3,mg,Twice Daily,Oral
901757,700574,4017,2024-01-24,32.9,mL,Once Daily,IV
901758,705219,4038,2024-06-01,24.0,mg,Twice Daily,Topical
901759,701799,4037,2021-01-28,75.4,mL,As Needed,IM
901760,704211,4003,2021-10-01,57.7,units,Twice Daily,IM
901761,702791,4019,2024-02-07,79.7,units,As Needed,Subcutaneous
901762,700695,4021,2022-05-14,16.3,mL,As Needed,Subcutaneous
901763,702277,4039,2022-06-04,65.7,units,As Needed,Topical
901764,705588,4001,2022-11-02,72.2,mcg,Three Times Daily,Subcutaneous
901765,700166,4024,2022-02-18,13.8,mcg,Once Daily,Oral
901766,703930,4018,2022-09-21,15.8,mcg,Three Times Daily,Subcutaneous
901767,702373,4017,2024-08-11,94.0,mg,Three Times Daily,IM
901768,703582,4032,2021-09-25,19.4,units,As Needed,Subcutaneous
901769,705877,4029,2024-11-05,68.8,mcg,As Needed,Oral
901770,704509,4002,2023-06-22,54.6,mL,Once Daily,IV
901771,702560,4041,2025-10-12,82.8,units,As Needed,Oral
901772,700109,4003,2024-10-31,5.5,mL,As Needed,Oral
901773,702919,4007,2025-10-11,1.9,mcg,Twice Daily,Subcutaneous
901774,705559,4022,2021-02-12,75.2,units,Twice Daily,IM
901775,701084,4038,2021-02-26,87.9,mcg,Twice Daily,Oral
901776,704586,4008,2023-05-01,63.5,mcg,Twice Daily,Subcutaneous
901777,704348,4035,2021-05-27,38.7,mg,Once Daily,Subcutaneous
901778,700194,4004,2025-07-26,44.5,mcg,Twice Daily,IV
901779,704100,4043,2021-01-03,77.8,mg,As Needed,IM
901780,704628,4043,2024-11-25,51.8,mcg,Once Daily,IV
901781,701894,4021,2021-04-12,68.9,mg,Once Daily,Oral
901782,704019,4037,2025-08-24,94.9,mL,As Needed,Subcutaneous
901783,702770,4015,2021-04-17,27.8,mg,Twice Daily,Topical
901784,705354,4045,2021-10-19,16.0,units,As Needed,Topical
901785,704663,4028,2024-04-16,85.1,mcg,Three Times Daily,Subcutaneous
901786,701582,4042,2022-04-05,69.7,mcg,As Needed,IM
901787,700598,4005,2021-05-27,48.6,mg,Twice Daily,Topical
901788,704422,4033,2022-11-20,57.1,mL,As Needed,IM
901789,705006,4004,2024-01-24,91.0,mL,As Needed,Topical
901790,704055,4005,2021-01-13,95.7,mL,Three Times Daily,IM
901791,705587,4045,2021-06-21,1.6,mL,As Needed,IM
901792,703461,4003,2022-08-13,72.6,mg,As Needed,IM
901793,702848,4021,2021-12-31,97.5,mcg,Twice Daily,IM
901794,700378,4006,2024-05-13,19.1,mcg,Once Daily,IM
901795,703930,4011,2022-12-08,18.3,mL,Three Times Daily,Subcutaneous
901796,704778,4025,2024-09-22,13.0,mL,Once Daily,Oral
901797,704084,4008,2022-11-16,42.7,mL,As Needed,IV
901798,704086,4028,2023-08-03,78.1,units,Three Times Daily,IM
901799,700404,4001,2025-12-30,54.3,mL,Once Daily,Subcutaneous
901800,703724,4026,2024-05-07,39.0,mcg,As Needed,Subcutaneous
901801,700242,4032,2023-12-31,57.6,mcg,Twice Daily,IM
901802,701162,4004,2024-07-18,35.4,mcg,Once Daily,IM
901803,704981,4024,2022-10-26,51.0,mcg,As Needed,Subcutaneous
901804,700952,4043,2025-12-08,47.4,mL,Three Times Daily,IV
901805,704752,4034,2025-09-05,91.6,mg,As Needed,IM
901806,701069,4024,2022-09-21,53.6,mL,As Needed,Topical
901807,701967,4031,2025-09-23,66.1,units,Once Daily,Topical
901808,704265,4009,2022-03-24,30.0,mg,Twice Daily,Subcutaneous
901809,706444,4015,2024-01-12,36.5,mcg,Once Daily,Oral
901810,703539,4029,2023-03-01,97.7,mL,Once Daily,Topical
901811,702261,4010,2024-04-08,61.1,mL,Once Daily,Oral
901812,702329,4013,2025-06-22,30.3,mcg,Three Times Daily,Oral
901813,703059,4002,2024-04-20,7.6,units,Once Daily,IV
901814,701523,4014,2025-09-06,60.9,mcg,Once Daily,Subcutaneous
901815,701938,4044,2021-10-08,8.8,units,Once Daily,Topical
901816,704545,4041,2021-01-03,16.6,mg,Twice Daily,Oral
901817,702025,4016,2022-10-06,22.0,mcg,Three Times Daily,Topical
901818,700847,4004,2022-06-06,64.3,mg,Once Daily,Oral
901819,703510,4022,2025-02-13,40.6,units,Three Times Daily,Topical
901820,705440,4030,2022-05-11,73.2,mcg,Three Times Daily,IV
901821,702239,4021,2022-11-14,22.5,mg,Once Daily,IV
901822,705647,4040,2025-12-27,88.5,mcg,Once Daily,Oral
901823,701400,4008,2023-02-11,21.6,mcg,As Needed,Topical
901824,703653,4036,2024-12-17,3.8,mcg,Once Daily,IM
901825,705841,4015,2022-12-11,45.4,units,Three Times Daily,IM
901826,702403,4010,2024-08-20,12.8,mg,Three Times Daily,Subcutaneous
901827,706109,4032,2025-08-19,42.9,units,Once Daily,IM
901828,704998,4016,2023-06-15,97.0,mcg,Twice Daily,IV
901829,704253,4015,2023-08-16,80.2,units,As Needed,IM
901830,705018,4039,2023-03-10,46.4,mL,Once Daily,Subcutaneous
901831,705880,4039,2023-12-17,73.0,mcg,Once Daily,Topical
901832,701611,4044,2022-04-19,42.8,mg,As Needed,Oral
901833,700363,4001,2021-12-21,0.6,mg,Twice Daily,Topical
901834,700464,4003,2024-06-14,80.2,mcg,Twice Daily,Oral
901835,700413,4017,2024-08-03,76.4,mL,Three Times Daily,IV
901836,701228,4012,2024-09-08,91.8,mL,Three Times Daily,IV
901837,703983,4035,2025-05-24,12.0,mg,Once Daily,Oral
901838,700814,4002,2021-09-20,81.4,mL,As Needed,Subcutaneous
901839,702240,4035,2025-09-02,81.1,mcg,As Needed,Subcutaneous
901840,701445,4011,2022-06-28,36.7,mcg,Once Daily,Oral
901841,702487,4027,2023-11-15,40.5,mL,Once Daily,IM
901842,702705,4019,2021-11-30,42.3,mcg,Three Times Daily,Subcutaneous
901843,703791,4020,2021-06-25,35.8,mg,Three Times Daily,Subcutaneous
901844,705887,4011,2021-11-21,58.4,mg,Three Times Daily,Oral
901845,705746,4028,2023-03-06,51.7,mcg,Twice Daily,Oral
901846,700712,4017,2021-12-05,57.8,units,Once Daily,Oral
901847,706073,4012,2025-01-12,60.3,units,Twice Daily,IM
901848,705910,4005,2021-05-18,69.5,mg,Twice Daily,Subcutaneous
901849,700135,4039,2023-02-20,29.8,mcg,As Needed,IV
901850,700585,4026,2023-01-30,19.4,units,Twice Daily,Oral
901851,702486,4023,2022-12-19,53.2,mL,Once Daily,Oral
901852,705816,4040,2023-05-12,43.4,mcg,Twice Daily,Topical
901853,703264,4012,2023-01-27,71.4,mL,As Needed,Subcutaneous
901854,704873,4002,2022-04-06,57.1,mg,Once Daily,IM
901855,705707,4007,2025-05-28,69.4,mL,Three Times Daily,IV
901856,706215,4012,2024-02-12,19.8,mL,Twice Daily,Topical
901857,705433,4043,2022-10-17,99.1,mg,Once Daily,Topical
901858,703080,4011,2021-07-17,23.3,units,Twice Daily,Oral
901859,703447,4024,2024-08-24,40.1,mL,Three Times Daily,Oral
901860,705429,4021,2025-06-21,72.1,units,Three Times Daily,Subcutaneous
901861,706219,4023,2024-10-01,3.0,mcg,Twice Daily,IV
901862,705539,4012,2023-04-05,82.8,units,Once Daily,Subcutaneous
901863,701137,4045,2025-01-17,58.1,mL,Three Times Daily,Topical
901864,702225,4028,2024-05-20,88.1,units,As Needed,Oral
901865,705110,4034,2025-09-08,54.5,mg,Three Times Daily,IM
901866,703224,4037,2022-08-25,3.2,mcg,Once Daily,Topical
901867,702126,4001,2024-11-22,49.6,mL,Three Times Daily,Topical
901868,705895,4006,2022-04-26,89.7,units,As Needed,IV
901869,700420,4004,2025-06-15,26.2,mcg,Twice Daily,IV
901870,700162,4040,2022-04-01,32.3,units,As Needed,IM
901871,706474,4042,2021-08-10,3.7,mcg,Three Times Daily,Subcutaneous
901872,701381,4013,2024-07-05,85.2,mg,Once Daily,IM
901873,702941,4019,2023-10-03,86.8,units,As Needed,Subcutaneous
901874,700067,4021,2025-06-13,16.7,mL,Three Times Daily,Oral
901875,705793,4034,2024-02-03,21.7,mcg,Twice Daily,Oral
901876,705990,4025,2021-06-18,53.6,mcg,Twice Daily,IM
901877,702896,4023,2022-06-16,21.9,mcg,Three Times Daily,IM
901878,706386,4023,2025-09-21,21.6,mcg,Once Daily,Subcutaneous
901879,700872,4006,2023-06-14,40.5,mg,As Needed,Topical
901880,704418,4018,2022-01-01,56.8,mcg,Twice Daily,Oral
901881,700618,4003,2022-05-26,3.2,mcg,Twice Daily,Topical
901882,702358,4040,2022-01-26,87.9,units,Twice Daily,Topical
901883,702813,4034,2022-02-08,72.5,units,As Needed,IV
901884,705953,4006,2024-11-30,9.3,mg,Three Times Daily,Oral
901885,705317,4034,2022-01-06,57.7,units,Once Daily,IM
901886,703368,4045,2023-01-05,13.7,mg,Once Daily,IV
901887,706080,4002,2025-04-21,68.6,mg,Once Daily,Oral
901888,704746,4015,2022-10-12,19.9,units,Once Daily,Oral
901889,700978,4031,2023-09-01,23.9,mg,Three Times Daily,IM
901890,702062,4033,2025-06-27,84.4,mL,Once Daily,IM
901891,701149,4043,2021-06-06,31.5,units,Once Daily,Topical
901892,704043,4002,2022-07-05,83.6,units,As Needed,Subcutaneous
901893,700051,4029,2022-05-06,76.0,mL,As Needed,Oral
901894,700897,4008,2024-01-08,32.3,mg,Twice Daily,IV
901895,703865,4004,2023-11-26,69.1,mL,Once Daily,Oral
901896,705242,4001,2023-06-10,1.3,units,Three Times Daily,IV
901897,702530,4001,2022-12-12,57.6,mcg,Three Times Daily,IV
901898,704630,4029,2021-02-09,82.9,units,Three Times Daily,IM
901899,700548,4044,2025-11-29,84.5,mcg,As Needed,IM
901900,702286,4038,2021-12-12,62.1,mg,Three Times Daily,IM
901901,703605,4025,2024-01-07,35.6,units,As Needed,Topical
901902,705535,4018,2024-11-30,97.2,mcg,Three Times Daily,Oral
901903,700477,4012,2022-06-26,99.0,mcg,Once Daily,Subcutaneous
901904,705979,4011,2021-04-15,3.0,units,As Needed,IV
901905,703408,4005,2022-05-17,16.4,mcg,Three Times Daily,Oral
901906,701160,4007,2023-12-06,97.6,mcg,Twice Daily,IM
901907,704158,4037,2024-02-29,99.4,units,Once Daily,Topical
901908,704831,4043,2025-12-02,94.4,units,As Needed,Topical
901909,702954,4035,2021-01-30,8.2,units,Twice Daily,Oral
901910,701991,4033,2023-01-13,65.7,mg,Twice Daily,IM
901911,703187,4009,2023-07-17,7.0,mcg,Three Times Daily,IM
901912,704008,4017,2021-10-15,47.6,mcg,Three Times Daily,Oral
901913,704304,4003,2021-07-21,97.7,mcg,Twice Daily,Topical
901914,702083,4040,2023-05-20,86.7,mL,Three Times Daily,Topical
901915,703581,4017,2024-09-25,13.1,mcg,Three Times Daily,Subcutaneous
901916,702517,4039,2025-09-08,54.5,mL,Once Daily,Oral
901917,702842,4013,2024-02-19,14.6,mg,Once Daily,IV
901918,701008,4003,2022-06-23,15.5,mg,Once Daily,IV
901919,700586,4019,2022-10-24,13.0,mg,Once Daily,Oral
901920,702888,4037,2022-01-18,10.2,mL,As Needed,Topical
901921,700320,4006,2023-01-31,20.8,mL,Three Times Daily,IV
901922,701901,4034,2023-03-23,91.7,mg,Once Daily,Subcutaneous
901923,702814,4035,2023-04-23,36.1,mcg,Twice Daily,Topical
901924,703288,4039,2022-05-03,85.4,mg,Once Daily,IV
901925,705703,4014,2023-10-10,4.3,units,As Needed,Subcutaneous
901926,701668,4012,2023-01-05,59.0,units,Once Daily,IV
901927,703177,4028,2024-03-11,58.2,mcg,Once Daily,Topical
901928,705648,4039,2023-01-11,92.1,mcg,Three Times Daily,Subcutaneous
901929,700876,4002,2024-05-22,14.1,mcg,Three Times Daily,IV
901930,704365,4039,2021-11-23,75.8,units,Once Daily,IM
901931,702738,4038,2023-10-26,79.0,units,Three Times Daily,IM
901932,700323,4025,2022-09-20,52.7,mg,As Needed,Topical
901933,703488,4027,2025-09-26,23.0,mL,Twice Daily,Topical
901934,700515,4034,2025-10-25,34.6,mL,Once Daily,Subcutaneous
901935,703424,4028,2021-03-08,53.8,units,As Needed,Oral
901936,705215,4043,2023-04-05,49.4,mcg,Twice Daily,IV
901937,700550,4042,2021-09-28,70.2,mL,Once Daily,Oral
901938,706339,4027,2021-12-13,26.0,mcg,Three Times Daily,IM
901939,704590,4009,2025-11-08,30.0,units,Three Times Daily,IV
901940,705415,4029,2022-05-15,90.5,mcg,Once Daily,IM
901941,701209,4008,2021-05-28,74.3,units,Three Times Daily,IV
901942,704663,4039,2021-04-29,35.9,mg,Three Times Daily,Subcutaneous
901943,705351,4002,2021-04-14,72.2,units,As Needed,Oral
901944,702350,4017,2024-06-18,3.1,units,Twice Daily,Topical
901945,701659,4039,2024-05-22,35.7,mg,Three Times Daily,Subcutaneous
901946,703498,4038,2023-05-25,14.7,mg,As Needed,IV
901947,704913,4036,2021-09-23,29.4,mg,Twice Daily,IM
901948,705974,4014,2023-06-03,56.7,mL,As Needed,Oral
901949,701452,4023,2024-02-19,64.6,units,Three Times Daily,Oral
901950,704000,4001,2024-10-29,96.5,mg,As Needed,IM
901951,700072,4001,2023-10-12,61.1,mg,Once Daily,Subcutaneous
901952,703374,4003,2024-07-19,29.9,mg,Three Times Daily,Subcutaneous
901953,700858,4040,2023-02-22,78.5,mL,Three Times Daily,Topical
901954,706396,4023,2024-07-31,39.2,mL,Once Daily,Oral
901955,702809,4028,2023-05-09,12.5,mg,Three Times Daily,Topical
901956,702252,4016,2023-01-23,60.9,mg,As Needed,IV
901957,705063,4029,2023-07-23,54.7,mL,Twice Daily,IM
901958,703877,4033,2025-03-06,3.4,mg,Twice Daily,Topical
901959,703543,4032,2023-05-04,19.6,units,Once Daily,Topical
901960,701733,4023,2021-12-13,14.7,mcg,Once Daily,Topical
901961,705457,4033,2025-05-28,43.7,mL,Once Daily,IV
901962,701215,4042,2023-08-06,99.5,mcg,Twice Daily,IV
901963,701675,4033,2021-04-12,75.7,units,Once Daily,IV
901964,705778,4038,2023-03-16,31.4,mcg,Twice Daily,Topical
901965,704273,4003,2025-08-29,95.1,mg,Once Daily,Subcutaneous
901966,700728,4034,2025-08-22,53.4,mg,Twice Daily,IM
901967,700724,4028,2024-07-21,84.4,mcg,Once Daily,IM
901968,700142,4008,2021-04-10,98.5,units,Three Times Daily,IV
901969,703990,4009,2023-02-20,81.0,mL,Once Daily,Oral
901970,700986,4005,2022-09-22,82.9,mg,Twice Daily,Oral
901971,705749,4031,2024-10-30,95.0,mcg,Twice Daily,Topical
901972,703665,4035,2025-02-15,22.0,mL,Once Daily,Topical
901973,703097,4035,2025-04-10,85.1,units,As Needed,IM
901974,702448,4005,2021-05-27,17.6,mL,Three Times Daily,IM
901975,704391,4033,2025-06-14,55.8,mg,Twice Daily,IM
901976,705086,4013,2024-12-24,11.1,mg,Three Times Daily,Oral
901977,705589,4025,2022-11-07,33.8,mg,As Needed,Topical
901978,700030,4043,2023-04-14,15.1,mcg,As Needed,IM
901979,704835,4024,2022-07-26,83.4,mcg,Once Daily,Oral
901980,700277,4011,2021-06-03,61.2,mL,As Needed,IM
901981,706216,4019,2023-07-31,20.2,mL,As Needed,IM
901982,702731,4011,2022-12-01,85.6,mcg,Twice Daily,IM
901983,700221,4033,2025-05-30,64.4,mcg,Three Times Daily,IM
901984,706333,4030,2025-12-11,8.1,mg,Once Daily,Subcutaneous
901985,705353,4014,2022-10-21,32.0,units,As Needed,IM
901986,703688,4001,2022-02-28,13.6,mg,Once Daily,IM
901987,701427,4031,2022-08-01,9.6,mcg,As Needed,IM
901988,702580,4003,2023-12-19,68.2,mL,As Needed,Subcutaneous
901989,706424,4043,2022-06-16,13.5,mg,Twice Daily,Subcutaneous
901990,704672,4025,2025-10-17,15.2,mg,As Needed,Subcutaneous
901991,703988,4025,2023-02-07,78.1,mcg,Twice Daily,IV
901992,703922,4018,2023-02-01,92.3,units,Once Daily,Oral
901993,703065,4044,2022-01-20,26.7,mL,Once Daily,Topical
901994,701384,4034,2023-03-18,94.9,mcg,Twice Daily,Topical
901995,706209,4014,2022-06-29,28.4,mL,Twice Daily,Subcutaneous
901996,703399,4045,2024-07-11,36.7,mg,Three Times Daily,IM
901997,701305,4044,2022-10-19,65.3,mcg,As Needed,Subcutaneous
901998,700858,4027,2024-07-04,74.2,mL,Twice Daily,IM
901999,703769,4031,2023-02-08,98.7,mg,Twice Daily,Subcutaneous
902000,704939,4043,2022-04-22,77.1,mL,As Needed,IM
902001,701257,4002,2021-12-20,44.3,units,Once Daily,Subcutaneous
902002,705193,4032,2025-05-14,11.3,mL,Once Daily,Topical
902003,705036,4037,2023-08-08,62.8,mg,Twice Daily,Oral
902004,703455,4034,2022-05-30,84.2,units,As Needed,IM
902005,705565,4034,2025-12-02,83.3,mcg,Twice Daily,Oral
902006,702534,4030,2023-01-17,71.9,mcg,Three Times Daily,Subcutaneous
902007,704579,4033,2022-08-24,75.8,mg,As Needed,IV
902008,703534,4024,2021-12-18,13.4,units,As Needed,Oral
902009,702848,4033,2023-03-26,13.1,mg,Twice Daily,Topical
902010,705845,4026,2025-04-19,58.0,mcg,Three Times Daily,Topical
902011,705868,4041,2022-09-13,6.7,mg,Twice Daily,IM
902012,701385,4036,2023-04-29,18.6,mcg,As Needed,IV
902013,703460,4041,2021-03-05,73.5,mL,Three Times Daily,Topical
902014,704591,4006,2022-08-17,3.0,units,Twice Daily,IM
902015,702557,4017,2023-10-21,16.6,mcg,As Needed,IM
902016,700414,4024,2023-05-09,79.2,units,Once Daily,Oral
902017,704978,4016,2022-06-09,92.5,mL,Once Daily,IV
902018,704579,4044,2023-08-21,25.4,units,Three Times Daily,IV
902019,704912,4024,2022-05-26,51.1,mL,Once Daily,IM
902020,705382,4005,2023-05-16,88.5,mL,As Needed,IM
902021,702627,4024,2025-01-31,80.7,mcg,Three Times Daily,Subcutaneous
902022,703544,4026,2024-07-16,85.5,mg,As Needed,IV
902023,702630,4020,2023-12-30,32.6,mL,Once Daily,IM
902024,702850,4028,2021-10-31,29.6,mg,Once Daily,IM
902025,705763,4020,2022-03-11,72.4,mg,Twice Daily,IM
902026,704278,4029,2023-11-11,52.3,mg,Twice Daily,IV
902027,706486,4034,2021-12-11,87.0,mg,As Needed,Subcutaneous
902028,703814,4028,2025-07-26,74.5,mL,Twice Daily,Subcutaneous
902029,702838,4026,2022-06-07,35.3,mcg,Twice Daily,Subcutaneous
902030,703440,4032,2022-01-03,82.7,mg,Three Times Daily,IM
902031,700509,4021,2024-12-11,92.3,units,As Needed,Oral
902032,701410,4018,2022-11-19,12.2,mcg,Twice Daily,Topical
902033,705766,4012,2023-01-13,54.0,units,Three Times Daily,Topical
902034,701702,4035,2021-04-25,57.2,mcg,Twice Daily,Oral
902035,700836,4022,2023-01-02,6.4,mL,As Needed,IV
902036,706073,4029,2025-08-30,2.0,mg,As Needed,IV
902037,701670,4019,2022-12-06,18.4,mcg,Once Daily,Topical
902038,704642,4018,2023-07-22,83.6,mg,Three Times Daily,Oral
902039,703305,4018,2024-01-27,64.2,mL,Once Daily,Subcutaneous
902040,702868,4044,2021-01-06,18.5,mcg,As Needed,IV
902041,703556,4016,2024-09-01,60.9,mcg,Three Times Daily,Subcutaneous
902042,703065,4044,2025-06-13,63.0,mg,Once Daily,IM
902043,704230,4019,2025-06-23,47.0,mg,Twice Daily,Topical
902044,701856,4009,2024-10-03,52.8,units,Three Times Daily,Subcutaneous
902045,705760,4033,2022-10-17,69.4,units,As Needed,Subcutaneous
902046,702363,4013,2024-05-23,90.2,mL,Three Times Daily,IM
902047,703112,4011,2025-09-09,85.8,mcg,Three Times Daily,Subcutaneous
902048,702576,4033,2023-12-10,71.0,mcg,Once Daily,Subcutaneous
902049,704674,4037,2025-01-18,85.7,mg,As Needed,IV
902050,703594,4030,2021-08-11,62.9,units,As Needed,Oral
902051,703410,4039,2023-06-30,75.2,mL,As Needed,Subcutaneous
902052,706302,4009,2024-05-16,88.4,units,Three Times Daily,Oral
902053,703745,4023,2024-09-10,88.0,mcg,Three Times Daily,Subcutaneous
902054,704164,4024,2023-03-16,81.3,mg,As Needed,Subcutaneous
902055,703623,4032,2025-11-02,55.1,mg,Three Times Daily,IV
902056,704612,4038,2021-10-26,19.4,mcg,Three Times Daily,Topical
902057,700320,4004,2024-08-09,84.1,mcg,As Needed,IM
902058,704059,4044,2025-08-22,76.0,mg,Three Times Daily,Subcutaneous
902059,704196,4041,2025-03-10,77.3,mg,Once Daily,Subcutaneous
902060,705145,4027,2024-09-01,13.0,mcg,Once Daily,IV
902061,704742,4011,2024-05-03,85.7,mL,As Needed,Topical
902062,700581,4021,2022-02-11,79.9,mL,Once Daily,IM
902063,703148,4014,2023-12-02,40.0,units,Once Daily,IV
902064,700171,4018,2022-04-07,48.2,mg,Twice Daily,IM
902065,700987,4024,2022-05-12,95.5,mcg,Three Times Daily,IV
902066,700462,4020,2023-10-14,4.9,units,Three Times Daily,IV
902067,703459,4041,2021-07-06,13.7,mg,Three Times Daily,Subcutaneous
902068,705258,4026,2025-12-14,81.8,units,Three Times Daily,Subcutaneous
902069,700024,4031,2024-12-10,61.5,mL,Once Daily,Oral
902070,705930,4016,2025-11-04,5.9,units,Three Times Daily,Oral
902071,706393,4041,2024-08-24,70.0,units,As Needed,Topical
902072,703138,4042,2024-03-15,39.1,mcg,Twice Daily,Oral
902073,705838,4039,2023-01-08,46.0,mcg,Twice Daily,IM
902074,705770,4019,2021-12-18,22.9,mL,Once Daily,Oral
902075,700498,4007,2022-01-13,18.0,units,Twice Daily,Topical
902076,702473,4016,2021-07-21,43.0,units,Once Daily,Oral
902077,703733,4024,2021-08-25,58.6,units,Once Daily,Subcutaneous
902078,700197,4006,2025-03-08,22.0,mL,Twice Daily,IV
902079,705689,4040,2025-06-11,45.7,mcg,Three Times Daily,Oral
902080,703988,4016,2021-09-13,58.9,units,Twice Daily,Subcutaneous
902081,703952,4036,2025-03-01,48.6,units,Once Daily,IV
902082,703272,4039,2024-01-04,47.1,mg,Three Times Daily,Oral
902083,704232,4015,2022-08-24,29.2,mL,Once Daily,Topical
902084,703792,4040,2021-05-14,11.7,mg,Three Times Daily,IM
902085,702779,4004,2023-12-24,95.0,units,Three Times Daily,IM
902086,702527,4002,2025-09-23,90.3,mg,Twice Daily,Subcutaneous
902087,704734,4014,2021-09-12,93.0,mL,As Needed,IV
902088,701702,4022,2021-01-17,54.9,mL,As Needed,Oral
902089,703689,4002,2024-04-02,26.5,mg,As Needed,Oral
902090,705087,4020,2023-08-31,33.3,mL,As Needed,Subcutaneous
902091,706298,4004,2025-05-20,60.3,mL,Once Daily,Oral
902092,701418,4034,2021-03-01,71.6,mcg,As Needed,IM
902093,702927,4018,2025-12-06,64.6,mg,As Needed,Subcutaneous
902094,704793,4020,2025-06-10,18.1,mcg,As Needed,Oral
902095,702841,4026,2021-03-15,89.1,units,Once Daily,IV
902096,702809,4007,2023-06-29,61.6,units,Once Daily,Oral
902097,702634,4019,2021-11-15,86.5,units,Twice Daily,Topical
902098,702532,4024,2025-11-26,62.0,mg,Three Times Daily,Subcutaneous
902099,702447,4011,2023-01-24,40.7,mcg,Twice Daily,Oral
902100,702090,4016,2022-10-19,9.0,mcg,As Needed,Subcutaneous
902101,703318,4001,2021-02-22,30.7,mcg,Three Times Daily,Subcutaneous
902102,706421,4036,2022-05-31,19.5,mcg,Once Daily,IV
902103,704123,4028,2023-11-18,96.2,mL,Three Times Daily,IV
902104,701104,4013,2023-02-19,40.3,units,Once Daily,IM
902105,701087,4011,2022-11-04,90.5,mg,Once Daily,IM
902106,702227,4006,2021-11-08,33.4,units,Once Daily,Subcutaneous
902107,700672,4030,2021-06-19,12.8,units,Once Daily,Topical
902108,702572,4037,2022-01-31,81.1,units,Three Times Daily,IV
902109,701768,4034,2022-06-21,47.2,mg,Twice Daily,Topical
902110,705705,4028,2025-05-10,85.1,mL,Three Times Daily,Topical
902111,704267,4009,2025-03-12,56.9,mg,Twice Daily,Subcutaneous
902112,701629,4031,2023-01-10,10.4,mcg,As Needed,IM
902113,700075,4006,2024-06-08,3.7,mL,As Needed,IV
902114,703038,4006,2023-09-08,16.4,mcg,Once Daily,IV
902115,701384,4036,2024-04-14,32.4,mcg,Twice Daily,Subcutaneous
902116,700283,4020,2022-11-26,41.2,units,As Needed,Topical
902117,705491,4040,2022-11-25,86.5,mg,Twice Daily,Topical
902118,701738,4032,2024-12-31,88.0,mg,Twice Daily,IV
902119,703598,4032,2025-07-17,45.9,units,As Needed,IV
902120,700983,4005,2024-04-27,65.8,mg,Three Times Daily,IV
902121,700312,4038,2025-05-16,13.4,mL,Once Daily,Oral
902122,701026,4037,2021-10-23,95.2,mg,As Needed,IV
902123,704421,4010,2022-09-06,34.1,mg,Twice Daily,Topical
902124,701554,4037,2024-08-16,65.0,mcg,Twice Daily,Subcutaneous
902125,700360,4002,2021-01-22,55.5,mcg,Twice Daily,IV
902126,700321,4007,2024-04-27,76.7,mg,Three Times Daily,IV
902127,702948,4011,2025-04-27,99.2,mcg,Once Daily,IV
902128,706063,4001,2025-08-18,43.8,units,As Needed,Topical
902129,700966,4014,2022-01-13,30.0,units,As Needed,Oral
902130,700449,4021,2024-04-11,10.5,units,Twice Daily,Topical
902131,700454,4006,2023-03-28,79.3,mcg,Once Daily,IV
902132,705563,4026,2023-11-11,31.5,mcg,Once Daily,Oral
902133,702720,4017,2021-08-13,44.7,units,Once Daily,IM
902134,700043,4026,2024-07-22,95.7,mcg,As Needed,Topical
902135,706054,4007,2022-01-22,94.7,mg,Once Daily,Topical
902136,704481,4001,2022-04-03,69.6,mcg,Once Daily,Subcutaneous
902137,703974,4015,2022-05-04,10.8,mL,As Needed,Oral
902138,700292,4031,2022-04-27,45.1,mcg,As Needed,IV
902139,705116,4036,2021-02-01,90.9,mcg,Twice Daily,Oral
902140,700064,4006,2024-06-03,50.6,mcg,Once Daily,IV
902141,704321,4019,2023-04-23,98.4,units,Twice Daily,IV
902142,705979,4006,2021-01-10,19.3,mg,Once Daily,IV
902143,700330,4030,2022-05-24,60.0,units,As Needed,Subcutaneous
902144,703227,4035,2022-07-23,19.3,mcg,As Needed,Topical
902145,703201,4045,2024-02-26,79.7,mg,As Needed,IM
902146,702077,4017,2021-09-28,91.8,mg,As Needed,Subcutaneous
902147,704690,4016,2022-08-13,6.6,units,Three Times Daily,IV
902148,706094,4010,2022-05-27,43.0,mcg,Once Daily,Topical
902149,702502,4036,2024-08-17,4.3,units,Once Daily,IM
902150,703360,4045,2021-09-09,7.3,mg,As Needed,IM
902151,700642,4018,2021-03-31,37.1,mL,Three Times Daily,Subcutaneous
902152,703812,4010,2021-12-09,58.5,mL,Once Daily,IV
902153,703216,4037,2025-05-17,85.2,units,Once Daily,Oral
902154,705841,4004,2024-12-01,94.8,mcg,Once Daily,IM
902155,700564,4008,2025-05-05,27.2,mg,Twice Daily,IV
902156,705402,4024,2025-02-01,22.8,mg,Three Times Daily,IV
902157,704609,4034,2023-05-08,16.2,mg,Once Daily,IM
902158,704760,4012,2023-04-01,2.5,mcg,As Needed,Subcutaneous
902159,700540,4024,2025-07-01,53.7,mg,Once Daily,Subcutaneous
902160,704129,4042,2022-06-29,53.4,mL,Twice Daily,Oral
902161,700230,4044,2023-07-07,9.0,units,Twice Daily,IM
902162,700434,4027,2025-07-27,2.2,mL,Twice Daily,Subcutaneous
902163,705259,4038,2023-07-08,38.5,mcg,Three Times Daily,Subcutaneous
902164,702622,4017,2023-06-18,8.3,mg,Three Times Daily,Topical
902165,704352,4016,2022-03-15,6.1,mcg,Three Times Daily,IV
902166,704196,4041,2025-12-02,49.7,units,Once Daily,Topical
902167,702383,4027,2025-12-01,81.3,mL,As Needed,Topical
902168,704911,4035,2024-08-04,67.0,mg,Twice Daily,Topical
902169,702058,4026,2021-11-04,15.8,mL,Three Times Daily,IV
902170,703402,4006,2023-11-16,66.3,mg,As Needed,IM
902171,700049,4045,2021-05-31,35.4,units,As Needed,IV
902172,705000,4001,2022-09-19,9.1,mL,Once Daily,Subcutaneous
902173,704509,4036,2022-10-29,37.3,mcg,As Needed,Topical
902174,701837,4019,2022-01-18,86.6,mcg,Once Daily,IV
902175,701804,4034,2022-05-23,20.8,mcg,Twice Daily,Oral
902176,702163,4006,2021-08-04,49.4,units,Once Daily,IV
902177,700678,4005,2022-10-28,35.4,mg,Twice Daily,IV
902178,706455,4039,2025-02-28,80.1,mg,Twice Daily,IV
902179,705197,4031,2022-07-12,60.1,mcg,As Needed,Oral
902180,705581,4039,2021-11-05,41.3,mL,As Needed,Topical
902181,704916,4042,2023-07-16,43.8,mg,Once Daily,Oral
902182,701007,4007,2025-07-22,90.4,mcg,Twice Daily,Topical
902183,700596,4005,2023-09-18,25.6,mcg,Once Daily,IV
902184,700146,4035,2025-11-21,8.8,mg,As Needed,IM
902185,701218,4028,2024-10-04,85.4,mcg,Once Daily,IM
902186,702129,4027,2025-12-10,48.0,mL,Three Times Daily,Subcutaneous
902187,703392,4006,2024-12-22,5.3,mcg,Twice Daily,IM
902188,702535,4040,2021-10-17,90.5,mL,Twice Daily,Oral
902189,704303,4018,2024-01-03,63.0,mL,Three Times Daily,Topical
902190,701153,4017,2021-09-03,25.6,mcg,Once Daily,IV
902191,700959,4001,2021-06-08,70.0,mg,Twice Daily,IM
902192,701676,4019,2023-09-28,27.2,mcg,Once Daily,Oral
902193,701168,4005,2024-05-20,39.3,mcg,Twice Daily,Subcutaneous
902194,704649,4010,2023-12-10,35.6,mg,Once Daily,Subcutaneous
902195,701521,4010,2023-05-30,74.7,mcg,Once Daily,IV
902196,705782,4024,2023-11-17,11.1,units,Once Daily,IM
902197,704494,4002,2024-04-22,28.5,mL,As Needed,Topical
902198,701779,4011,2021-05-08,90.2,mL,As Needed,IM
902199,705471,4004,2021-11-29,88.5,mL,Three Times Daily,IV
902200,700561,4023,2021-08-31,97.1,mL,Twice Daily,IV
902201,704408,4007,2024-04-21,3.2,units,Twice Daily,Subcutaneous
902202,702874,4015,2023-09-22,11.9,mcg,Once Daily,Subcutaneous
902203,701270,4023,2022-01-04,96.8,mL,Three Times Daily,Oral
902204,702822,4035,2024-02-03,29.3,mL,As Needed,IM
902205,706256,4011,2023-12-26,72.9,mg,Once Daily,Subcutaneous
902206,702025,4039,2025-08-06,94.7,mL,Three Times Daily,IV
902207,701360,4031,2025-08-18,83.0,units,Twice Daily,Oral
902208,702906,4002,2023-09-08,38.9,units,As Needed,IM
902209,700806,4010,2021-03-15,62.0,mg,Three Times Daily,Topical
902210,700793,4005,2021-08-17,42.6,units,As Needed,Topical
902211,701926,4012,2022-03-23,31.3,mL,Once Daily,IM
902212,703187,4018,2023-11-20,74.4,mg,Once Daily,Oral
902213,700751,4028,2021-09-15,98.1,units,Once Daily,IM
902214,704044,4008,2021-03-15,45.5,mcg,Twice Daily,Oral
902215,705922,4004,2021-11-09,55.4,units,As Needed,Oral
902216,705108,4017,2023-10-09,43.8,mL,Twice Daily,IM
902217,702657,4029,2024-10-14,97.6,units,Once Daily,Oral
902218,700037,4009,2021-05-11,72.7,mL,Three Times Daily,IV
902219,706076,4014,2021-04-13,50.5,units,Once Daily,IM
902220,704836,4040,2021-12-19,76.2,units,As Needed,Oral
902221,705723,4009,2021-11-27,15.3,mcg,Once Daily,Oral
902222,700058,4038,2025-02-26,3.8,mg,Once Daily,Topical
902223,701172,4009,2024-08-08,51.3,units,Three Times Daily,IV
902224,704131,4041,2025-11-23,69.5,mL,Three Times Daily,Oral
902225,705709,4011,2023-11-29,10.8,units,Twice Daily,IM
902226,701234,4022,2023-06-01,26.7,mcg,As Needed,IV
902227,700275,4041,2025-01-20,98.2,mg,Twice Daily,IV
902228,703913,4045,2023-03-07,18.0,mg,Three Times Daily,Subcutaneous
902229,701675,4027,2022-12-25,16.5,mcg,As Needed,IV
902230,704660,4030,2022-06-29,38.0,mL,Once Daily,IM
902231,706329,4006,2025-05-03,99.9,mcg,Once Daily,Subcutaneous
902232,705773,4033,2023-10-22,31.3,mcg,Twice Daily,Topical
902233,705708,4022,2021-11-30,20.8,mg,Twice Daily,Subcutaneous
902234,700922,4026,2024-11-13,18.1,mL,Once Daily,Topical
902235,703766,4006,2025-04-21,79.5,mL,Twice Daily,Subcutaneous
902236,701373,4033,2025-07-01,83.7,mg,Three Times Daily,IV
902237,701809,4010,2022-03-10,71.6,mcg,As Needed,Oral
902238,700007,4037,2022-05-01,88.3,mL,As Needed,Topical
902239,704243,4001,2022-09-24,90.3,mL,Three Times Daily,Topical
902240,705451,4044,2023-03-03,79.3,units,Once Daily,Oral
902241,704778,4015,2023-10-25,65.0,mL,Twice Daily,IV
902242,700488,4023,2024-09-15,77.2,mcg,Three Times Daily,IM
902243,704712,4012,2024-07-26,96.0,mL,Three Times Daily,IV
902244,700360,4018,2024-05-06,71.6,mcg,Three Times Daily,Subcutaneous
902245,706302,4016,2025-10-08,74.1,units,Twice Daily,IV
902246,704323,4027,2021-11-01,34.5,mcg,Twice Daily,IV
902247,702728,4028,2022-01-29,48.3,units,Once Daily,IV
902248,702946,4009,2024-06-05,96.2,mL,Once Daily,Oral
902249,703046,4020,2022-09-03,88.7,mg,As Needed,Oral
902250,702428,4033,2023-06-11,15.4,mL,Once Daily,IM
902251,700580,4026,2025-08-18,10.0,units,As Needed,Oral
902252,705531,4029,2023-05-01,45.7,units,Three Times Daily,Topical
902253,702446,4029,2021-05-20,18.1,mcg,Twice Daily,Subcutaneous
902254,706450,4001,2024-11-07,96.1,mcg,Three Times Daily,IV
902255,706405,4017,2021-08-28,75.5,mg,Once Daily,Topical
902256,702515,4044,2021-07-29,84.0,mcg,As Needed,Oral
902257,705397,4017,2021-12-23,65.9,units,Three Times Daily,Oral
902258,702665,4032,2022-09-17,79.1,mL,Twice Daily,IV
902259,703043,4017,2021-12-21,23.0,units,Twice Daily,Topical
902260,704979,4037,2025-08-30,98.7,mL,Twice Daily,Oral
902261,703049,4012,2024-09-22,59.3,mcg,Three Times Daily,Subcutaneous
902262,700063,4011,2025-06-05,34.2,mcg,Once Daily,IV
902263,703640,4028,2025-10-14,98.7,mg,Once Daily,IM
902264,701777,4021,2023-09-03,2.5,mg,Three Times Daily,Subcutaneous
902265,702315,4002,2024-01-24,69.2,mcg,Three Times Daily,Subcutaneous
902266,703594,4020,2025-10-13,82.9,mL,Three Times Daily,IM
902267,701894,4020,2021-05-24,9.1,mL,Three Times Daily,Topical
902268,703875,4036,2024-04-23,81.3,units,Twice Daily,Oral
902269,704996,4033,2024-05-24,70.6,mg,Three Times Daily,IM
902270,701140,4017,2023-12-18,30.4,mL,Once Daily,Oral
902271,701481,4017,2021-06-22,12.0,units,As Needed,Oral
902272,704314,4019,2025-05-28,77.5,mg,Three Times Daily,IM
902273,704506,4005,2021-06-21,92.2,units,Twice Daily,IV
902274,701974,4014,2022-03-16,43.3,mg,Once Daily,Topical
902275,706142,4014,2023-12-07,57.4,mg,Three Times Daily,Subcutaneous
902276,703620,4039,2024-02-19,40.4,mL,Twice Daily,Subcutaneous
902277,701499,4016,2021-09-27,76.4,units,Three Times Daily,IM
902278,703314,4004,2025-03-25,86.2,mcg,Once Daily,Oral
902279,703819,4010,2022-10-25,61.3,mcg,As Needed,Topical
902280,704090,4024,2023-03-01,48.9,units,Once Daily,Oral
902281,706032,4030,2022-01-10,70.9,mcg,Once Daily,Oral
902282,700730,4031,2025-07-24,42.8,mcg,As Needed,Subcutaneous
902283,705189,4024,2024-02-18,61.9,mL,Three Times Daily,Oral
902284,704402,4027,2025-12-05,51.7,mL,Three Times Daily,IM
902285,703041,4032,2024-11-18,18.2,mcg,Once Daily,Oral
902286,700209,4008,2021-06-18,40.0,mL,Twice Daily,IM
902287,702486,4029,2025-04-16,26.4,units,As Needed,IM
902288,700137,4016,2024-08-31,28.1,units,Three Times Daily,Oral
902289,700592,4005,2023-08-07,1.9,mL,Twice Daily,Subcutaneous
902290,701038,4020,2025-01-31,82.8,mcg,Three Times Daily,Subcutaneous
902291,704811,4015,2022-01-15,3.3,units,Once Daily,Subcutaneous
902292,703125,4015,2024-11-26,76.8,units,Twice Daily,Subcutaneous
902293,705481,4020,2025-09-07,17.3,mg,Three Times Daily,Topical
902294,705732,4009,2023-03-11,93.4,mcg,Once Daily,Oral
902295,701712,4028,2024-11-03,80.6,units,Once Daily,Oral
902296,704352,4039,2022-11-08,12.0,mcg,As Needed,Subcutaneous
902297,703766,4044,2024-11-28,80.5,mcg,Once Daily,Topical
902298,703191,4007,2021-12-05,36.1,mg,As Needed,Subcutaneous
902299,706390,4023,2023-08-07,91.4,mcg,As Needed,Topical
902300,701590,4024,2023-08-28,51.1,units,Once Daily,Topical
902301,701007,4016,2025-07-29,73.4,mL,Twice Daily,Oral
902302,703435,4022,2024-07-06,2.7,mcg,As Needed,IV
902303,705675,4023,2023-05-16,6.0,mL,Three Times Daily,Oral
902304,700402,4019,2025-03-11,0.6,mg,Once Daily,Oral
902305,703778,4012,2021-04-06,3.7,units,Twice Daily,IM
902306,706222,4026,2022-08-31,55.5,units,As Needed,Topical
902307,702905,4033,2024-08-21,78.5,mg,Three Times Daily,IV
902308,704430,4041,2023-05-13,5.7,mcg,As Needed,Topical
902309,704294,4039,2024-09-26,27.7,mcg,Twice Daily,Oral
902310,706440,4002,2025-12-11,46.3,units,As Needed,IV
902311,700158,4017,2022-11-08,50.9,mL,Three Times Daily,Subcutaneous
902312,700791,4011,2025-11-22,66.7,mg,As Needed,Subcutaneous
902313,704643,4005,2024-07-06,7.9,mcg,Once Daily,Subcutaneous
902314,704504,4041,2025-11-16,76.9,mL,Once Daily,IV
902315,705193,4008,2025-08-04,15.2,mg,As Needed,Topical
902316,700634,4041,2022-06-01,41.6,mcg,Three Times Daily,Topical
902317,701840,4020,2024-12-31,28.7,mcg,Twice Daily,IV
902318,704952,4027,2021-12-02,49.5,mL,Twice Daily,IM
902319,706034,4027,2024-09-04,21.3,units,Three Times Daily,IM
902320,702413,4030,2024-11-23,71.6,mcg,Once Daily,Topical
902321,700487,4034,2024-11-08,61.5,mcg,As Needed,IM
902322,704957,4042,2022-02-17,63.2,mg,As Needed,IM
902323,701847,4024,2025-04-15,72.0,mL,Three Times Daily,Oral
902324,702157,4012,2023-11-14,21.5,mcg,As Needed,Oral
902325,701843,4029,2022-05-28,56.9,mcg,Three Times Daily,IV
902326,704718,4009,2023-10-08,56.0,mL,Twice Daily,IM
902327,700380,4014,2025-03-27,65.9,mg,Twice Daily,IV
902328,701165,4019,2023-07-14,78.2,mL,As Needed,IM
902329,705646,4041,2022-01-31,90.0,mg,Twice Daily,Oral
902330,702927,4030,2023-10-09,12.6,units,Twice Daily,IM
902331,700991,4011,2025-01-26,12.4,mcg,As Needed,Oral
902332,705152,4022,2024-07-15,11.8,mcg,As Needed,Subcutaneous
902333,702074,4044,2021-08-09,89.3,mL,Three Times Daily,Subcutaneous
902334,702852,4032,2025-06-17,34.8,units,Twice Daily,IV
902335,703131,4036,2021-06-05,66.9,mg,Three Times Daily,Topical
902336,701402,4037,2022-02-14,36.9,units,Once Daily,IM
902337,705864,4005,2025-06-16,47.8,units,Three Times Daily,Subcutaneous
902338,702036,4019,2022-08-15,62.4,mcg,Three Times Daily,Oral
902339,700616,4037,2022-08-28,42.5,mcg,Once Daily,Subcutaneous
902340,701941,4040,2021-09-15,9.5,mL,Three Times Daily,IV
902341,700141,4020,2023-04-06,57.9,mg,Twice Daily,Topical
902342,701327,4023,2021-01-27,88.6,mg,Once Daily,Subcutaneous
902343,701694,4015,2022-01-29,51.7,units,Once Daily,Subcutaneous
902344,705456,4033,2025-01-24,90.9,units,Twice Daily,IV
902345,703136,4003,2024-01-12,58.2,mL,Once Daily,IM
902346,700671,4044,2022-03-10,67.3,mL,Twice Daily,Topical
902347,703179,4020,2024-12-31,31.8,units,Once Daily,IM
902348,700022,4005,2025-06-11,42.1,mg,Three Times Daily,Topical
902349,701387,4036,2025-05-28,61.0,mg,Three Times Daily,IV
902350,704448,4022,2025-01-05,79.6,units,As Needed,IM
902351,704268,4017,2022-12-29,71.9,mL,As Needed,IM
902352,703424,4039,2022-05-26,65.7,mL,As Needed,Oral
902353,701106,4017,2022-05-20,95.0,mL,Three Times Daily,Subcutaneous
902354,703300,4006,2021-05-09,5.0,mcg,Twice Daily,Subcutaneous
902355,705658,4016,2023-02-13,89.2,units,As Needed,IV
902356,702015,4002,2023-01-26,43.1,mL,As Needed,IM
902357,702792,4015,2021-12-30,18.5,mL,Once Daily,IV
902358,705313,4006,2022-04-26,11.2,mg,Three Times Daily,IV
902359,704233,4041,2024-01-24,98.0,mL,Once Daily,IV
902360,701250,4002,2021-08-22,95.6,mg,Once Daily,Topical
902361,703277,4003,2021-03-22,98.9,units,Once Daily,Topical
902362,702482,4005,2021-07-21,60.3,mcg,As Needed,Topical
902363,702225,4026,2024-02-14,50.8,mL,Three Times Daily,IM
902364,702952,4022,2025-09-07,67.5,mcg,Once Daily,IM
902365,700591,4037,2021-10-26,33.3,mcg,As Needed,Oral
902366,703260,4010,2021-12-07,31.6,mcg,Once Daily,IV
902367,703219,4024,2023-10-29,56.0,mcg,As Needed,IM
902368,703440,4038,2022-10-20,86.9,mL,Once Daily,Subcutaneous
902369,702938,4015,2024-04-03,96.2,mL,Once Daily,IM
902370,704367,4038,2024-09-02,34.6,mcg,As Needed,IV
902371,700473,4044,2025-09-19,90.0,mcg,Once Daily,Subcutaneous
902372,701819,4013,2023-06-09,13.5,mL,Once Daily,Oral
902373,706482,4032,2025-05-06,14.3,mL,Once Daily,IV
902374,706085,4042,2024-03-13,95.5,units,Twice Daily,IM
902375,704845,4005,2025-05-07,93.4,mg,Three Times Daily,Oral
902376,704908,4044,2024-07-18,12.3,mcg,Three Times Daily,IM
902377,703514,4013,2022-06-27,91.3,mcg,Once Daily,Oral
902378,700167,4011,2021-07-15,48.5,units,Once Daily,IM
902379,701130,4034,2025-06-28,83.9,mg,Three Times Daily,Topical
902380,700274,4034,2024-03-27,29.6,mcg,Once Daily,IV
902381,703830,4009,2024-05-04,70.7,mg,Twice Daily,Topical
902382,701334,4027,2021-11-21,88.0,mL,As Needed,Subcutaneous
902383,700944,4042,2024-03-07,80.0,mg,Once Daily,Topical
902384,704425,4030,2025-01-29,35.7,mL,Once Daily,Topical
902385,705405,4035,2022-01-02,8.6,mcg,As Needed,Oral
902386,703102,4003,2021-03-26,85.2,units,As Needed,IM
902387,703909,4044,2021-12-01,37.7,mg,As Needed,Oral
902388,700336,4024,2022-02-05,60.0,mL,Three Times Daily,Topical
902389,705145,4040,2024-02-05,2.0,mg,Twice Daily,Oral
902390,706495,4029,2023-02-23,96.9,mL,Once Daily,Subcutaneous
902391,704570,4012,2022-08-25,14.2,mg,As Needed,Topical
902392,703931,4037,2024-05-28,65.0,mL,Once Daily,IV
902393,705531,4020,2024-09-25,80.9,mg,Once Daily,IV
902394,703558,4002,2021-12-26,11.3,mg,Once Daily,Topical
902395,706430,4008,2025-01-26,57.3,mcg,Twice Daily,Topical
902396,705800,4016,2024-04-16,96.2,mcg,Three Times Daily,IM
902397,703360,4027,2025-08-01,91.0,mL,As Needed,IM
902398,703869,4033,2024-03-11,27.7,mL,Once Daily,Topical
902399,706372,4024,2024-07-03,96.1,mg,Three Times Daily,Subcutaneous
902400,702400,4042,2023-07-05,96.4,mL,Twice Daily,Topical
902401,705259,4013,2024-06-20,45.8,mcg,Once Daily,IM
902402,700616,4023,2022-07-25,16.1,mL,Twice Daily,IM
902403,703244,4028,2023-04-14,7.1,mcg,As Needed,Topical
902404,701186,4012,2021-11-06,45.3,units,Once Daily,Topical
902405,701492,4002,2022-10-09,54.0,mcg,As Needed,Topical
902406,701231,4013,2022-06-22,26.3,mcg,Once Daily,IV
902407,700546,4014,2022-08-27,0.8,mL,Once Daily,Topical
902408,706172,4043,2021-12-12,14.0,mg,Twice Daily,IM
902409,702807,4026,2023-09-06,24.5,units,Three Times Daily,IM
902410,700566,4022,2025-04-23,31.6,mL,Once Daily,Topical
902411,703758,4034,2022-07-04,41.9,mcg,Twice Daily,Subcutaneous
902412,700982,4001,2021-02-09,71.9,units,Twice Daily,Oral
902413,704232,4044,2025-03-26,78.4,units,As Needed,IV
902414,703101,4004,2021-09-28,35.3,units,As Needed,IM
902415,701299,4016,2023-11-21,92.1,units,Once Daily,Topical
902416,703056,4009,2025-02-24,18.0,mcg,Once Daily,Oral
902417,701409,4038,2025-07-24,32.6,mcg,Once Daily,Subcutaneous
902418,700826,4044,2024-07-08,14.6,mL,Once Daily,Oral
902419,705497,4031,2024-01-11,67.4,units,Twice Daily,Topical
902420,702970,4022,2023-11-21,22.3,mcg,Once Daily,IM
902421,705639,4002,2021-02-03,68.2,mL,Three Times Daily,Oral
902422,700756,4006,2025-11-20,4.6,mL,Three Times Daily,Oral
902423,703803,4015,2024-05-22,21.1,mcg,Three Times Daily,Subcutaneous
902424,701171,4018,2023-11-01,48.5,mcg,Twice Daily,IM
902425,706340,4040,2025-12-24,77.7,units,As Needed,IV
902426,700442,4008,2023-06-20,16.3,mg,Twice Daily,Oral
902427,705228,4028,2021-05-18,21.8,mg,Twice Daily,Oral
902428,704123,4027,2024-06-19,61.1,units,As Needed,Oral
902429,700078,4027,2023-10-17,81.7,mL,Twice Daily,IV
902430,706152,4027,2025-10-22,56.4,units,As Needed,Subcutaneous
902431,702305,4010,2021-04-27,61.7,units,Once Daily,Topical
902432,703558,4044,2021-10-15,98.1,units,Once Daily,Topical
902433,702018,4034,2023-09-06,79.5,units,Three Times Daily,IV
902434,702503,4032,2023-04-14,46.2,units,Twice Daily,Topical
902435,701861,4012,2021-01-11,9.1,mL,Three Times Daily,Subcutaneous
902436,702516,4026,2024-10-07,88.3,mg,Twice Daily,IM
902437,705380,4027,2023-11-20,81.1,units,As Needed,Oral
902438,706081,4012,2024-03-24,43.0,mcg,Twice Daily,IV
902439,700928,4037,2024-01-12,80.2,mL,As Needed,Oral
902440,701386,4031,2025-09-07,72.9,mcg,Three Times Daily,Topical
902441,702771,4033,2024-07-13,20.4,mcg,Once Daily,IM
902442,701001,4001,2023-03-05,18.0,units,Twice Daily,Oral
902443,705887,4013,2024-07-06,78.3,mL,As Needed,IM
902444,700376,4030,2025-11-08,56.2,mL,Three Times Daily,IM
902445,706022,4022,2024-06-04,44.9,mcg,Three Times Daily,IM
902446,705819,4010,2021-08-25,37.3,mcg,As Needed,IM
902447,702255,4015,2021-01-31,72.0,units,Once Daily,Oral
902448,700128,4007,2022-06-18,40.6,mg,As Needed,Topical
902449,704217,4002,2021-08-06,1.7,mcg,Three Times Daily,Subcutaneous
902450,703980,4002,2024-06-17,31.6,mg,As Needed,IV
902451,702350,4020,2025-04-14,90.6,mcg,As Needed,Subcutaneous
902452,701037,4007,2021-05-12,37.2,mL,Once Daily,IM
902453,702599,4029,2024-08-09,4.5,units,Once Daily,Subcutaneous
902454,702398,4005,2021-08-27,73.1,units,Twice Daily,IV
902455,700713,4004,2025-02-03,27.9,mg,Three Times Daily,Topical
902456,704738,4040,2023-10-15,6.3,mg,As Needed,IV
902457,702634,4014,2024-05-11,80.0,units,Twice Daily,IV
902458,700267,4045,2021-03-07,1.1,mg,Once Daily,IM
902459,705454,4001,2023-03-07,16.4,mg,As Needed,IM
902460,704295,4016,2024-11-08,20.2,mcg,Three Times Daily,Subcutaneous
902461,705687,4024,2021-01-27,69.0,mcg,Once Daily,Topical
902462,702968,4024,2021-07-10,11.7,mg,As Needed,IV
902463,703526,4002,2021-10-15,70.6,units,Twice Daily,IM
902464,702807,4014,2021-11-26,32.0,mL,Three Times Daily,Topical
902465,703080,4004,2021-02-25,51.5,mL,As Needed,IV
902466,701129,4015,2023-11-07,81.7,units,As Needed,IV
902467,702265,4002,2024-04-09,44.5,units,Once Daily,Topical
902468,705042,4025,2024-11-17,15.8,mL,As Needed,Subcutaneous
902469,701280,4036,2024-09-08,14.1,mcg,Three Times Daily,Subcutaneous
902470,702585,4033,2022-05-26,38.8,units,As Needed,Subcutaneous
902471,700497,4002,2024-09-11,15.8,mL,As Needed,Topical
902472,706211,4027,2021-05-28,63.2,units,Twice Daily,Oral
902473,702567,4009,2021-05-03,59.8,mg,Once Daily,Subcutaneous
902474,704396,4001,2025-05-27,71.3,mg,Once Daily,Oral
902475,705910,4043,2022-10-22,60.6,mcg,Three Times Daily,Subcutaneous
902476,704056,4010,2022-12-18,36.2,mcg,As Needed,Subcutaneous
902477,704306,4015,2023-04-25,59.9,units,Three Times Daily,IM
902478,705627,4039,2023-07-28,86.5,mg,Twice Daily,Oral
902479,706161,4007,2023-01-13,4.7,units,As Needed,Subcutaneous
902480,702184,4045,2021-09-05,9.6,mcg,Once Daily,Subcutaneous
902481,705049,4001,2023-06-29,97.8,units,Once Daily,Subcutaneous
902482,700335,4015,2021-01-31,76.9,mL,As Needed,Oral
902483,705024,4001,2025-11-05,7.7,mcg,As Needed,IV
902484,701578,4006,2021-05-22,94.0,mcg,Three Times Daily,IV
902485,703498,4021,2024-12-08,94.3,mL,As Needed,Topical
902486,702294,4026,2022-08-27,68.0,mg,Three Times Daily,Oral
902487,705160,4007,2022-05-03,92.0,mL,As Needed,Subcutaneous
902488,702760,4030,2023-05-29,34.5,mL,Twice Daily,Oral
902489,705340,4033,2024-05-17,40.7,mcg,Three Times Daily,Subcutaneous
902490,704757,4017,2021-11-27,44.4,mg,Once Daily,Subcutaneous
902491,703691,4039,2021-09-30,91.6,units,As Needed,Topical
902492,706468,4037,2025-05-23,94.1,mcg,Once Daily,Topical
902493,701699,4039,2025-09-05,59.7,mg,As Needed,Subcutaneous
902494,706061,4044,2022-01-08,90.6,mcg,Once Daily,Topical
902495,702309,4009,2024-02-25,85.7,mL,As Needed,Subcutaneous
902496,703156,4043,2024-01-23,42.7,mcg,Once Daily,IV
902497,701545,4004,2021-03-25,70.4,mcg,Three Times Daily,IM
902498,704480,4044,2025-02-09,18.8,mg,Once Daily,IM
902499,704014,4017,2024-09-27,15.3,mL,Once Daily,IM
902500,704670,4004,2022-01-03,68.0,units,Twice Daily,Topical
902501,703330,4044,2024-03-29,43.9,mL,Three Times Daily,Subcutaneous
902502,700437,4041,2022-12-21,69.8,units,Once Daily,Topical
902503,706065,4001,2022-09-26,79.5,mg,Three Times Daily,IV
902504,703073,4010,2023-05-06,42.2,mL,Twice Daily,IV
902505,705592,4045,2024-06-02,95.2,mcg,Once Daily,IV
902506,705522,4021,2023-08-18,91.5,mg,Twice Daily,Topical
902507,702677,4032,2023-12-16,10.2,units,Once Daily,Topical
902508,701697,4030,2023-07-01,14.0,mL,As Needed,IV
902509,700948,4011,2024-07-27,13.6,units,As Needed,Oral
902510,700773,4020,2024-08-30,53.1,units,As Needed,Subcutaneous
902511,701146,4040,2023-10-27,47.2,mcg,Three Times Daily,IM
902512,701509,4028,2022-02-28,88.4,mL,Twice Daily,IV
902513,701148,4009,2023-07-21,37.2,mcg,Once Daily,IM
902514,701538,4020,2024-07-18,45.9,mg,As Needed,IM
902515,703302,4006,2023-11-12,88.0,units,Twice Daily,IM
902516,701955,4025,2021-04-22,55.4,mcg,Three Times Daily,IM
902517,704817,4037,2021-05-10,60.3,mg,Twice Daily,Topical
902518,705985,4007,2021-04-13,12.2,mg,Twice Daily,Oral
902519,701033,4008,2022-11-20,3.6,mg,As Needed,Topical
902520,703935,4036,2024-04-18,79.0,mcg,Once Daily,IM
902521,702375,4007,2024-03-24,29.3,units,Twice Daily,IM
902522,704880,4020,2021-01-05,50.4,units,Twice Daily,IM
902523,703742,4005,2023-11-27,84.8,mL,As Needed,IM
902524,701800,4037,2023-10-21,40.8,mcg,Three Times Daily,Subcutaneous
902525,701880,4001,2022-01-06,93.2,mcg,Three Times Daily,Subcutaneous
902526,703855,4007,2022-08-17,67.7,mg,Once Daily,Subcutaneous
902527,703085,4023,2023-12-18,6.5,units,Three Times Daily,Topical
902528,702937,4037,2023-07-26,12.7,mL,Three Times Daily,IM
902529,701807,4028,2025-05-10,81.4,mL,As Needed,IV
902530,706051,4037,2024-03-03,99.1,mg,Once Daily,IM
902531,701738,4006,2025-05-25,17.2,mL,Twice Daily,Oral
902532,702819,4043,2022-02-16,55.8,mL,As Needed,Subcutaneous
902533,706305,4027,2025-05-26,43.1,mL,Twice Daily,Topical
902534,706363,4008,2023-02-13,36.2,mL,Once Daily,Oral
902535,703855,4034,2023-12-28,73.6,mL,As Needed,Oral
902536,704744,4037,2025-10-15,2.3,mcg,As Needed,IV
902537,701979,4041,2025-02-17,68.4,mL,Three Times Daily,Oral
902538,701159,4026,2022-05-09,12.8,mL,Three Times Daily,Oral
902539,702078,4005,2022-07-13,39.9,mg,As Needed,Topical
902540,706419,4020,2021-12-10,38.6,mcg,Twice Daily,Oral
902541,703894,4004,2024-01-14,32.3,mcg,Twice Daily,Oral
902542,702456,4019,2021-06-16,95.2,units,Three Times Daily,IM
902543,705651,4005,2022-04-11,65.3,mL,Twice Daily,IM
902544,706264,4037,2025-03-21,39.7,mcg,Once Daily,IM
902545,705780,4001,2022-03-07,12.2,mL,Twice Daily,IV
902546,705944,4042,2023-05-23,10.6,units,Twice Daily,IV
902547,700652,4010,2025-01-28,69.9,mcg,As Needed,Subcutaneous
902548,704665,4008,2022-08-31,17.6,mL,As Needed,IM
902549,702994,4011,2024-12-05,68.6,mg,Three Times Daily,IM
902550,704115,4005,2025-12-10,95.7,units,Three Times Daily,IM
902551,703835,4017,2022-06-25,74.3,mg,Once Daily,Oral
902552,700141,4024,2021-04-05,45.9,mL,Twice Daily,IV
902553,700984,4044,2023-11-23,65.6,mL,Twice Daily,IM
902554,706114,4042,2021-01-03,14.7,mL,As Needed,IM
902555,704120,4044,2022-10-01,40.0,mL,Once Daily,Topical
902556,702666,4006,2022-03-14,53.6,mL,Three Times Daily,Subcutaneous
902557,704563,4026,2021-04-03,33.6,units,Once Daily,Oral
902558,701175,4003,2024-05-05,56.7,mL,Twice Daily,Oral
902559,702547,4043,2022-01-09,17.0,mcg,Twice Daily,IV
902560,705821,4017,2023-06-18,79.0,mcg,Three Times Daily,IM
902561,701641,4036,2023-11-26,37.2,units,Once Daily,Oral
902562,705671,4008,2022-04-17,22.6,units,Twice Daily,Oral
902563,706109,4009,2023-06-27,49.7,mL,Three Times Daily,Subcutaneous
902564,704133,4044,2023-08-28,60.5,mg,Twice Daily,Oral
902565,703092,4023,2025-03-07,50.8,mg,As Needed,IV
902566,701562,4020,2021-09-26,7.0,units,Once Daily,Oral
902567,705967,4037,2021-06-19,33.6,mL,Three Times Daily,Oral
902568,700766,4015,2024-02-16,21.7,mg,Three Times Daily,IV
902569,701144,4014,2025-06-27,80.0,units,Twice Daily,IV
902570,705836,4022,2025-12-05,96.5,mL,Once Daily,Subcutaneous
902571,705457,4043,2021-04-02,67.0,units,Three Times Daily,Subcutaneous
902572,701349,4043,2023-08-02,92.7,units,Three Times Daily,Subcutaneous
902573,703564,4015,2023-05-28,81.1,units,As Needed,Subcutaneous
902574,700055,4044,2021-11-01,5.9,mg,As Needed,Oral
902575,700058,4037,2022-11-24,83.4,mcg,Twice Daily,IV
902576,700745,4012,2021-02-17,71.0,mcg,Once Daily,Oral
902577,700268,4021,2021-03-31,25.4,mg,Twice Daily,Oral
902578,702471,4040,2024-03-09,32.5,mg,Once Daily,IM
902579,701475,4008,2022-01-27,76.2,mg,Once Daily,Subcutaneous
902580,700035,4022,2021-01-05,93.1,mg,Three Times Daily,IM
902581,703958,4040,2021-02-09,21.3,mcg,As Needed,Topical
902582,705975,4007,2022-07-21,77.1,mcg,Three Times Daily,Topical
902583,704352,4038,2025-04-10,74.0,units,Three Times Daily,IV
902584,703391,4004,2024-11-28,78.6,units,Twice Daily,IM
902585,701551,4006,2021-09-06,50.0,mL,As Needed,IV
902586,701583,4030,2024-08-30,4.2,units,Three Times Daily,IV
902587,702498,4001,2023-02-04,13.8,units,Twice Daily,Subcutaneous
902588,705401,4024,2025-06-28,42.6,units,Three Times Daily,Topical
902589,703378,4032,2024-08-13,72.4,units,Three Times Daily,IM
902590,702792,4022,2022-05-01,83.1,units,As Needed,IM
902591,703200,4013,2024-10-30,79.3,units,Twice Daily,Oral
902592,702493,4044,2025-09-20,69.7,units,Three Times Daily,Subcutaneous
902593,705229,4037,2025-05-20,82.7,units,Three Times Daily,IV
902594,703482,4028,2024-02-03,57.2,mcg,As Needed,Subcutaneous
902595,704849,4003,2025-07-02,0.6,mcg,As Needed,Topical
902596,703671,4006,2023-01-12,63.3,mcg,As Needed,Oral
902597,700131,4002,2025-08-18,86.5,mL,Twice Daily,IM
902598,703697,4035,2023-12-05,50.5,mL,Three Times Daily,Topical
902599,705778,4021,2024-07-10,62.4,units,As Needed,IV
902600,702568,4021,2022-05-13,87.4,units,Once Daily,Oral
902601,701146,4031,2023-03-10,89.2,mcg,Three Times Daily,Subcutaneous
902602,705857,4014,2021-04-24,73.8,mg,Twice Daily,IM
902603,703514,4008,2024-02-12,26.5,mL,Twice Daily,Oral
902604,703244,4028,2024-03-02,9.6,mcg,Once Daily,Subcutaneous
902605,701586,4042,2025-12-02,28.3,mcg,Twice Daily,IV
902606,702498,4032,2025-06-15,97.9,mg,Three Times Daily,IM
902607,703121,4016,2021-02-03,50.8,mg,Twice Daily,IV
902608,702451,4045,2024-02-29,80.6,units,Three Times Daily,Topical
902609,701602,4037,2025-10-18,26.1,units,As Needed,Oral
902610,701704,4031,2022-03-12,85.4,mcg,Twice Daily,Oral
902611,703524,4038,2025-04-11,31.6,mg,Twice Daily,IV
902612,703728,4011,2023-01-24,97.2,units,Three Times Daily,IM
902613,706119,4001,2022-10-17,57.8,mg,Twice Daily,Oral
902614,701023,4001,2023-11-05,88.5,mcg,Twice Daily,Subcutaneous
902615,704328,4039,2023-11-05,0.6,mcg,Twice Daily,IV
902616,704620,4027,2025-05-29,34.3,mL,Once Daily,IM
902617,700256,4017,2023-08-01,38.8,mcg,Once Daily,Topical
902618,702300,4015,2024-04-13,66.2,mL,Twice Daily,IM
902619,702971,4015,2023-08-22,54.4,mg,Three Times Daily,Oral
902620,701413,4002,2021-06-22,67.9,mL,Twice Daily,Oral
902621,703247,4014,2023-11-16,43.7,mL,As Needed,IM
902622,703593,4024,2022-04-14,26.5,mL,As Needed,Topical
902623,704375,4038,2021-05-03,94.8,units,As Needed,Topical
902624,706103,4037,2023-07-10,21.4,mcg,Three Times Daily,IV
902625,700391,4024,2024-09-29,84.3,mcg,As Needed,IM
902626,703954,4032,2021-06-11,90.1,mcg,Three Times Daily,Topical
902627,705586,4022,2023-05-07,27.8,units,Once Daily,Subcutaneous
902628,703253,4012,2023-10-19,58.5,units,As Needed,Subcutaneous
902629,705687,4011,2025-06-11,74.0,mL,Twice Daily,IV
902630,701491,4029,2022-11-07,87.6,mcg,As Needed,Subcutaneous
902631,702048,4003,2022-01-10,83.4,units,Once Daily,Topical
902632,701791,4004,2021-01-25,81.8,mcg,Twice Daily,IM
902633,700926,4019,2022-02-23,7.4,mL,Twice Daily,IV
902634,702414,4035,2024-06-02,97.7,mg,Twice Daily,Topical
902635,700947,4012,2021-11-30,52.4,mg,As Needed,IM
902636,700110,4010,2021-08-14,31.2,mcg,Twice Daily,IV
902637,700339,4010,2025-02-25,19.9,mL,As Needed,Topical
902638,700341,4010,2022-07-04,96.1,mL,Three Times Daily,Topical
902639,700649,4017,2025-11-20,6.3,units,Three Times Daily,Subcutaneous
902640,703178,4023,2022-05-13,93.0,units,Twice Daily,IM
902641,702309,4015,2024-09-08,21.9,mL,As Needed,IM
902642,705214,4013,2025-02-16,97.7,units,Twice Daily,Oral
902643,704727,4015,2025-08-20,4.6,mL,Three Times Daily,Topical
902644,702395,4008,2021-02-16,13.7,mL,Once Daily,Oral
902645,702133,4007,2025-12-09,1.6,mg,Once Daily,IV
902646,703805,4016,2023-12-20,1.8,mg,Once Daily,IM
902647,706324,4038,2022-01-29,92.6,mcg,Twice Daily,Oral
902648,705987,4025,2024-06-22,76.7,mcg,Twice Daily,Subcutaneous
902649,705281,4001,2022-08-27,89.6,mcg,Twice Daily,IM
902650,700721,4041,2024-07-27,3.4,mg,Three Times Daily,IV
902651,705731,4029,2022-05-27,7.0,units,As Needed,IM
902652,706313,4003,2025-05-17,99.4,mL,Once Daily,IV
902653,701397,4028,2023-10-22,49.3,units,Twice Daily,Oral
902654,700529,4023,2022-03-10,14.0,units,Once Daily,Subcutaneous
902655,701547,4015,2023-05-02,44.8,mL,Once Daily,Oral
902656,704071,4032,2021-01-22,10.9,mcg,Once Daily,IM
902657,705053,4025,2023-07-07,98.1,mg,Three Times Daily,Subcutaneous
902658,705240,4020,2021-03-01,72.0,mg,As Needed,IM
902659,704857,4008,2022-09-28,20.2,mL,As Needed,IV
902660,700632,4022,2022-05-12,56.4,mcg,Three Times Daily,Subcutaneous
902661,703487,4025,2021-06-13,72.6,units,Twice Daily,Oral
902662,702880,4037,2023-02-11,74.1,mcg,Once Daily,IM
902663,705639,4010,2024-05-21,30.4,mcg,Twice Daily,Subcutaneous
902664,703380,4016,2023-02-01,8.1,mL,Three Times Daily,IM
902665,705213,4003,2023-06-09,88.1,mcg,As Needed,IV
902666,705738,4027,2022-09-29,93.1,mL,As Needed,IV
902667,705694,4031,2021-04-24,54.5,units,As Needed,Subcutaneous
902668,700102,4018,2024-05-22,86.5,units,Twice Daily,IM
902669,705908,4019,2022-10-22,54.3,mL,Twice Daily,Subcutaneous
902670,700572,4002,2025-09-06,26.5,units,Twice Daily,IM
902671,703307,4021,2021-06-29,65.9,mcg,Once Daily,IV
902672,700299,4015,2025-08-16,56.8,mg,Three Times Daily,Subcutaneous
902673,705874,4045,2022-06-25,90.7,mg,As Needed,Topical
902674,704149,4011,2024-09-20,94.2,units,Twice Daily,Topical
902675,703002,4007,2025-07-21,44.2,units,Three Times Daily,IM
902676,702441,4044,2021-11-10,17.7,mL,Twice Daily,Topical
902677,703681,4015,2022-10-23,78.8,mL,Twice Daily,Oral
902678,706115,4033,2025-08-23,23.7,mcg,Three Times Daily,Subcutaneous
902679,701390,4035,2021-11-16,58.5,mcg,Three Times Daily,IV
902680,705443,4038,2023-12-20,67.0,units,Three Times Daily,Subcutaneous
902681,702519,4011,2025-10-09,85.0,mg,As Needed,Topical
902682,705865,4001,2023-10-09,21.1,mg,Once Daily,IM
902683,703307,4021,2023-12-01,83.6,mg,Once Daily,IV
902684,700405,4030,2023-12-05,51.3,mL,Twice Daily,IM
902685,704013,4027,2023-04-18,53.3,mL,Twice Daily,Oral
902686,700674,4018,2021-01-19,93.6,mL,Twice Daily,Subcutaneous
902687,702005,4033,2023-10-19,38.4,mg,Once Daily,Subcutaneous
902688,704964,4001,2023-08-04,3.4,units,Three Times Daily,Topical
902689,701603,4020,2023-10-12,26.9,mL,Three Times Daily,Oral
902690,704038,4029,2021-11-27,76.8,mL,Three Times Daily,IM
902691,705412,4013,2023-03-12,85.1,mcg,Once Daily,Oral
902692,700363,4043,2025-07-08,50.6,mL,Twice Daily,Subcutaneous
902693,703967,4039,2021-08-18,47.0,units,Once Daily,Oral
902694,702278,4039,2023-11-29,35.7,mcg,As Needed,IV
902695,701262,4034,2022-06-29,83.0,mg,Three Times Daily,Subcutaneous
902696,701186,4023,2022-07-26,41.9,units,Once Daily,IV
902697,701414,4013,2024-04-16,25.1,mL,As Needed,IM
902698,705035,4002,2021-03-02,72.6,mcg,Once Daily,IM
902699,701839,4028,2023-12-21,52.0,units,Twice Daily,IV
902700,706019,4004,2023-10-13,8.3,units,Three Times Daily,IM
902701,702179,4039,2022-09-26,68.1,mg,Once Daily,IV
902702,705284,4032,2022-02-27,41.4,mcg,Twice Daily,Topical
902703,700339,4042,2025-01-14,85.4,units,Once Daily,IM
902704,705328,4011,2022-05-05,94.4,mg,Twice Daily,Subcutaneous
902705,702250,4032,2025-03-01,96.6,mg,As Needed,IV
902706,704225,4025,2021-08-05,98.9,units,As Needed,Topical
902707,700328,4005,2025-08-26,85.7,mL,As Needed,Oral
902708,705085,4015,2025-03-16,36.9,mL,Once Daily,IM
902709,701324,4037,2023-12-21,26.1,units,Twice Daily,IV
902710,703490,4030,2025-04-19,20.7,mL,As Needed,IV
902711,704215,4004,2022-02-01,74.0,units,Three Times Daily,Subcutaneous
902712,702187,4004,2022-11-20,64.2,mcg,Once Daily,Topical
902713,702867,4008,2025-11-18,57.8,mL,Twice Daily,IV
902714,700509,4014,2025-01-04,41.5,mcg,Three Times Daily,Oral
902715,706411,4017,2021-03-18,77.1,mL,Once Daily,Subcutaneous
902716,700488,4011,2024-05-09,40.9,mcg,Three Times Daily,Subcutaneous
902717,704978,4006,2022-06-23,45.1,mL,Once Daily,IV
902718,700052,4031,2021-06-02,33.9,mg,Twice Daily,IM
902719,703693,4012,2022-01-17,47.1,units,Three Times Daily,Subcutaneous
902720,700032,4041,2023-04-28,12.8,mg,Twice Daily,IM
902721,704847,4038,2025-09-03,91.8,units,Once Daily,IV
902722,700841,4027,2024-10-19,75.3,mg,Three Times Daily,Topical
902723,703172,4005,2022-12-18,56.5,mg,Twice Daily,IM
902724,702781,4029,2022-01-05,86.6,mg,Once Daily,IM
902725,705118,4030,2025-07-27,14.6,mg,Three Times Daily,Subcutaneous
902726,702869,4013,2025-11-01,13.9,units,As Needed,IM
902727,704612,4013,2023-01-23,77.3,units,Three Times Daily,Topical
902728,704917,4029,2022-10-26,38.3,units,Three Times Daily,Topical
902729,704034,4045,2022-11-24,78.1,mg,Three Times Daily,Oral
902730,701717,4005,2021-05-12,79.7,mL,As Needed,IM
902731,704693,4014,2023-07-20,91.5,mg,Three Times Daily,Subcutaneous
902732,704286,4022,2024-10-29,32.1,mcg,Three Times Daily,IV
902733,703930,4017,2022-08-07,5.7,mcg,Three Times Daily,IM
902734,703392,4019,2021-05-04,48.6,mcg,As Needed,IV
902735,704490,4045,2024-01-16,8.7,units,Twice Daily,Topical
902736,706329,4041,2024-06-25,51.8,mL,Once Daily,Topical
902737,703531,4036,2025-09-25,87.0,units,Twice Daily,Topical
902738,706209,4012,2022-05-11,53.8,mL,Twice Daily,Oral
902739,704058,4025,2023-05-05,19.1,mg,Once Daily,Subcutaneous
902740,701550,4023,2021-11-08,23.0,units,Three Times Daily,Oral
902741,702901,4017,2024-12-29,87.0,mg,Twice Daily,IV
902742,704072,4035,2023-01-27,84.6,mL,Twice Daily,Topical
902743,700108,4039,2022-11-19,46.6,mL,Once Daily,Topical
902744,706403,4024,2025-03-14,76.3,mL,Once Daily,Oral
902745,705077,4038,2025-11-02,2.1,mcg,Twice Daily,IM
902746,700261,4040,2021-04-17,86.6,mg,As Needed,IV
902747,702474,4012,2021-07-18,20.1,units,As Needed,Oral
902748,701714,4043,2024-06-03,24.1,mL,As Needed,Oral
902749,702024,4038,2022-05-30,54.4,units,Twice Daily,IM
902750,700464,4014,2023-03-14,46.6,mcg,As Needed,Topical
902751,704415,4014,2022-03-02,14.6,mg,Three Times Daily,IM
902752,706382,4010,2022-07-13,70.2,units,Once Daily,Subcutaneous
902753,702635,4001,2022-09-01,57.9,mg,Once Daily,Oral
902754,701095,4023,2024-02-11,90.8,mg,Twice Daily,IV
902755,704412,4028,2021-06-22,96.5,mL,Twice Daily,IM
902756,701830,4007,2021-02-24,39.5,mg,Three Times Daily,IV
902757,700232,4032,2023-09-04,38.6,mL,Three Times Daily,IV
902758,700220,4043,2022-11-09,85.5,mL,Once Daily,Subcutaneous
902759,704916,4011,2021-05-31,12.3,mg,Once Daily,IM
902760,703427,4009,2025-03-22,4.0,units,Twice Daily,IV
902761,702122,4024,2023-01-20,2.2,mcg,Twice Daily,Topical
902762,701404,4040,2022-10-03,95.3,mg,As Needed,Oral
902763,703822,4004,2022-11-22,44.3,units,Once Daily,IV
902764,705822,4017,2024-10-25,64.4,mg,Three Times Daily,IM
902765,704963,4021,2024-09-02,14.0,mL,As Needed,Oral
902766,702653,4025,2022-12-16,4.6,mcg,Twice Daily,Oral
902767,702125,4033,2025-04-17,88.7,mg,Three Times Daily,Oral
902768,705521,4003,2024-04-02,74.1,mL,Twice Daily,Subcutaneous
902769,700563,4004,2021-12-25,75.7,mL,As Needed,Subcutaneous
902770,706219,4043,2023-02-17,46.9,mL,As Needed,Subcutaneous
902771,701526,4013,2025-12-04,62.8,mL,Three Times Daily,Topical
902772,703727,4029,2022-08-26,62.4,mcg,Twice Daily,Topical
902773,702564,4036,2025-05-26,98.9,mL,As Needed,Topical
902774,704627,4006,2022-05-29,47.2,mcg,Twice Daily,Subcutaneous
902775,706398,4035,2021-03-09,39.8,mL,As Needed,Oral
902776,702520,4014,2025-11-15,71.1,mL,Once Daily,IV
902777,700320,4001,2023-08-11,68.8,mg,As Needed,Subcutaneous
902778,705789,4007,2021-06-05,60.2,mg,Twice Daily,Topical
902779,702308,4031,2025-03-03,39.4,mcg,Twice Daily,IV
902780,702949,4038,2023-09-15,44.7,mL,As Needed,Topical
902781,704380,4041,2025-10-02,25.1,mL,As Needed,IM
902782,701797,4044,2022-10-24,23.8,mg,Three Times Daily,Oral
902783,706304,4020,2023-02-05,86.2,mcg,Once Daily,Oral
902784,705158,4029,2024-02-21,22.2,mcg,Three Times Daily,Subcutaneous
902785,703945,4027,2021-09-24,84.7,mcg,Once Daily,Oral
902786,704952,4022,2024-09-02,18.3,units,Twice Daily,Oral
902787,704213,4015,2025-10-11,54.6,mg,Once Daily,Topical
902788,704123,4003,2022-10-16,47.8,mg,Once Daily,Subcutaneous
902789,705482,4013,2024-12-25,76.6,mcg,Once Daily,Subcutaneous
902790,703511,4031,2023-07-16,88.8,mg,As Needed,IM
902791,701682,4011,2023-03-21,25.8,units,Once Daily,IV
902792,701886,4031,2023-03-13,45.8,units,Three Times Daily,Topical
902793,700929,4035,2024-01-26,18.5,units,Twice Daily,Subcutaneous
902794,703297,4030,2024-03-04,34.6,mL,Once Daily,IM
902795,704657,4036,2022-01-21,25.2,mL,Once Daily,Topical
902796,703538,4023,2022-06-30,96.6,mL,Once Daily,Topical
902797,703262,4015,2021-07-14,43.9,mcg,As Needed,Topical
902798,703797,4038,2024-12-15,27.3,units,Twice Daily,IV
902799,704205,4040,2025-03-31,10.9,units,Three Times Daily,Oral
902800,701901,4038,2025-05-05,35.2,mg,Twice Daily,Topical
902801,700786,4003,2025-05-11,90.2,mg,Once Daily,Subcutaneous
902802,701958,4023,2022-11-27,71.1,mcg,Once Daily,IV
902803,704668,4021,2021-04-06,14.4,mL,Once Daily,IV
902804,701616,4005,2025-04-06,1.8,mcg,Twice Daily,IM
902805,703177,4025,2022-05-24,60.7,units,Three Times Daily,Oral
902806,706172,4010,2022-07-13,95.9,units,As Needed,Subcutaneous
902807,706299,4012,2025-08-27,28.8,units,Three Times Daily,Subcutaneous
902808,703083,4032,2022-10-09,38.2,units,Once Daily,IV
902809,706432,4022,2021-06-04,82.0,mcg,Twice Daily,IV
902810,705021,4031,2024-10-22,37.9,mcg,Once Daily,Topical
902811,706344,4034,2023-05-12,54.0,mcg,Once Daily,Subcutaneous
902812,703078,4030,2023-06-28,3.8,mcg,Once Daily,Oral
902813,701898,4018,2021-06-13,68.1,units,As Needed,IV
902814,701027,4011,2022-03-08,2.2,mg,Once Daily,IM
902815,702167,4035,2021-12-08,37.2,mcg,Once Daily,Subcutaneous
902816,702823,4028,2024-04-22,8.9,mL,Twice Daily,Oral
902817,706087,4018,2022-12-06,5.4,mcg,Three Times Daily,Oral
902818,700515,4001,2022-07-23,1.0,units,Once Daily,Topical
902819,705960,4034,2022-07-16,2.6,units,Three Times Daily,Subcutaneous
902820,703546,4002,2024-07-05,59.1,mcg,Three Times Daily,IV
902821,701439,4005,2025-05-08,2.5,mL,Once Daily,Oral
902822,704187,4007,2024-11-17,7.9,units,Twice Daily,Oral
902823,704144,4018,2023-06-25,41.4,mcg,As Needed,Oral
902824,701793,4022,2024-06-14,41.0,mg,As Needed,Subcutaneous
902825,702849,4029,2025-01-14,26.6,units,Three Times Daily,Oral
902826,704561,4028,2023-09-06,66.6,mL,Twice Daily,Subcutaneous
902827,704448,4039,2024-08-30,7.2,mg,Once Daily,IM
902828,702409,4021,2021-02-20,29.1,mg,Twice Daily,Subcutaneous
902829,706441,4014,2023-06-25,69.6,mL,Three Times Daily,IV
902830,700760,4025,2023-02-13,11.0,mL,Three Times Daily,Oral
902831,705880,4001,2025-08-15,71.2,mcg,Three Times Daily,IV
902832,705285,4021,2025-08-03,2.1,mL,Twice Daily,IV
902833,704693,4032,2021-10-09,70.3,mcg,Three Times Daily,Oral
902834,701493,4030,2025-12-24,78.8,mg,Twice Daily,Oral
902835,702652,4043,2025-09-09,69.8,mcg,Once Daily,Subcutaneous
902836,701989,4008,2025-06-19,76.0,units,Once Daily,IM
902837,703304,4038,2021-10-02,82.8,mL,Once Daily,Oral
902838,705986,4036,2024-11-22,47.3,units,Once Daily,Oral
902839,701080,4004,2024-11-10,37.0,mL,Twice Daily,IV
902840,705961,4024,2023-02-23,66.4,mcg,Three Times Daily,IM
902841,701910,4009,2021-08-27,58.3,mcg,Twice Daily,Oral
902842,700931,4001,2023-06-18,71.1,mL,Twice Daily,Subcutaneous
902843,703253,4027,2024-08-24,81.7,mL,Once Daily,IV
902844,702805,4033,2024-09-06,4.0,units,Twice Daily,Topical
902845,701271,4029,2023-04-14,59.8,units,Twice Daily,Subcutaneous
902846,704784,4036,2023-09-30,58.8,units,Three Times Daily,IV
902847,704942,4042,2021-02-07,75.0,mcg,Once Daily,Subcutaneous
902848,703398,4005,2023-01-01,90.2,mL,Once Daily,Oral
902849,704438,4029,2022-02-11,23.3,units,As Needed,IV
902850,702963,4009,2022-03-03,89.7,mg,Three Times Daily,IV
902851,705929,4035,2024-07-17,75.5,units,Once Daily,Oral
902852,704215,4005,2023-03-06,24.8,units,Twice Daily,Oral
902853,705067,4036,2022-07-30,66.2,units,Three Times Daily,IM
902854,701596,4039,2025-07-17,67.5,mcg,Once Daily,IV
902855,700286,4035,2025-06-22,33.0,mcg,Once Daily,Topical
902856,703760,4014,2024-04-07,38.1,units,Twice Daily,Subcutaneous
902857,701508,4002,2025-03-27,9.2,mg,Once Daily,IM
902858,701543,4007,2023-06-01,52.9,mg,Three Times Daily,IV
902859,700068,4015,2024-11-18,97.9,mg,As Needed,Topical
902860,700675,4012,2022-11-22,6.2,mg,Three Times Daily,Topical
902861,701349,4038,2021-07-07,61.2,mcg,Three Times Daily,Oral
902862,702040,4031,2022-01-12,2.5,mg,Once Daily,IV
902863,703581,4040,2024-01-02,4.9,mL,Three Times Daily,Subcutaneous
902864,703937,4009,2025-07-04,58.6,mg,Three Times Daily,Topical
902865,701876,4022,2024-04-29,70.3,mg,As Needed,Subcutaneous
902866,701523,4030,2024-05-01,61.3,mg,Twice Daily,Subcutaneous
902867,700751,4043,2021-05-20,50.4,mcg,Twice Daily,Topical
902868,702888,4038,2022-05-27,77.1,mg,As Needed,Subcutaneous
902869,702991,4024,2025-11-06,17.5,mcg,Once Daily,IM
902870,705822,4028,2022-02-10,92.7,mL,Once Daily,IM
902871,704881,4016,2023-04-19,71.6,units,As Needed,IV
902872,706341,4017,2021-11-13,77.9,units,As Needed,Topical
902873,701983,4015,2021-04-20,5.2,units,Once Daily,Oral
902874,702752,4012,2022-05-22,57.4,mcg,Three Times Daily,Topical
902875,700991,4033,2023-07-13,51.0,units,Three Times Daily,Subcutaneous
902876,702806,4028,2022-02-28,85.1,mcg,Three Times Daily,IM
902877,702235,4004,2022-04-09,79.3,units,Once Daily,Subcutaneous
902878,703272,4021,2023-08-19,32.9,mcg,Twice Daily,Oral
902879,706082,4021,2022-10-17,14.7,mcg,As Needed,IV
902880,703841,4005,2024-07-07,27.3,mg,Once Daily,Oral
902881,702823,4012,2025-06-05,89.9,mL,Three Times Daily,Oral
902882,701292,4045,2021-06-10,38.8,mcg,As Needed,Topical
902883,705582,4008,2022-01-03,93.0,mg,Twice Daily,IV
902884,706169,4012,2024-05-20,39.0,mcg,Three Times Daily,IM
902885,703812,4011,2025-06-07,98.9,units,Once Daily,IM
902886,706376,4031,2025-02-04,29.5,mg,As Needed,Subcutaneous
902887,701302,4013,2023-07-03,42.2,mg,Once Daily,Topical
902888,705899,4032,2022-12-24,31.8,mcg,Twice Daily,Topical
902889,703098,4015,2021-08-20,99.0,mg,Twice Daily,Oral
902890,704221,4030,2022-05-02,42.9,mL,Twice Daily,IV
902891,706260,4006,2022-11-06,81.1,mL,Twice Daily,Topical
902892,700120,4008,2023-08-28,16.2,mL,Once Daily,IM
902893,704504,4015,2022-09-13,10.3,mg,Twice Daily,IV
902894,701343,4031,2025-02-26,89.8,mcg,As Needed,IV
902895,702900,4014,2025-08-03,40.0,units,Twice Daily,IM
902896,701414,4009,2021-06-08,71.8,mcg,As Needed,Oral
902897,703481,4028,2022-04-06,42.5,mcg,Twice Daily,IM
902898,703215,4019,2023-04-25,81.3,mg,Once Daily,Topical
902899,704020,4009,2025-08-23,61.5,mg,Three Times Daily,Subcutaneous
902900,704814,4014,2022-02-08,72.6,mL,Once Daily,IM
902901,704473,4035,2023-07-28,76.4,mcg,Once Daily,IM
902902,702913,4028,2021-06-24,17.8,mg,Three Times Daily,IM
902903,705247,4043,2025-08-27,35.8,mg,Twice Daily,Oral
902904,700949,4035,2022-03-06,32.0,mcg,Twice Daily,Subcutaneous
902905,703153,4042,2025-01-19,61.7,units,Twice Daily,Topical
902906,704336,4021,2023-10-27,5.6,units,Three Times Daily,Topical
902907,706079,4003,2023-10-25,16.4,mcg,Twice Daily,IV
902908,704769,4017,2025-04-26,0.7,mcg,Three Times Daily,Subcutaneous
902909,704447,4001,2024-07-26,39.2,mg,Twice Daily,Topical
902910,703595,4009,2024-03-24,44.2,mL,Three Times Daily,IM
902911,701498,4031,2024-02-17,18.4,mL,Once Daily,IM
902912,705881,4034,2024-09-28,17.6,mg,Twice Daily,IM
902913,702637,4027,2024-08-15,43.1,mcg,As Needed,Subcutaneous
902914,705342,4031,2025-06-22,25.3,mg,Twice Daily,IM
902915,704874,4036,2024-05-24,7.9,mcg,Once Daily,IV
902916,703334,4034,2021-11-15,92.2,units,Three Times Daily,Subcutaneous
902917,701250,4045,2025-04-09,86.6,mg,Three Times Daily,Subcutaneous
902918,704646,4016,2023-03-20,5.7,units,Three Times Daily,Topical
902919,700606,4043,2025-11-17,20.9,units,Three Times Daily,Subcutaneous
902920,704462,4023,2022-11-15,70.8,mL,Twice Daily,IM
902921,706400,4022,2021-03-13,7.2,mcg,Twice Daily,IV
902922,701223,4004,2023-12-05,91.9,mg,As Needed,Topical
902923,705962,4003,2023-07-14,2.0,mL,Once Daily,Oral
902924,700946,4015,2022-04-05,53.9,mcg,As Needed,Oral
902925,701031,4033,2021-02-23,40.5,mcg,Twice Daily,Topical
902926,705065,4008,2025-11-28,48.0,units,Once Daily,Oral
902927,702182,4014,2025-03-23,72.6,mcg,Once Daily,Subcutaneous
902928,704356,4036,2021-12-31,3.3,units,As Needed,IM
902929,704767,4038,2025-12-30,62.4,mcg,Once Daily,IV
902930,706362,4014,2022-01-02,83.7,mcg,Three Times Daily,Subcutaneous
902931,702249,4036,2022-01-11,70.6,units,Once Daily,Oral
902932,703814,4028,2022-06-10,37.1,units,Three Times Daily,IV
902933,703149,4031,2021-12-23,18.9,mg,Once Daily,IV
902934,701630,4043,2023-07-21,71.6,units,Three Times Daily,IV
902935,703157,4001,2021-03-17,36.6,units,Once Daily,IM
902936,703067,4031,2022-04-09,80.1,mL,Twice Daily,IV
902937,703652,4030,2021-07-06,3.1,mg,Twice Daily,IM
902938,704552,4012,2024-12-20,1.6,units,Three Times Daily,IV
902939,702960,4014,2025-06-22,49.5,mL,As Needed,IM
902940,700969,4037,2022-07-01,12.1,units,Twice Daily,Subcutaneous
902941,704668,4006,2023-04-18,82.6,mL,Twice Daily,Oral
902942,705869,4030,2024-07-06,8.8,mcg,As Needed,IV
902943,704942,4017,2022-01-24,94.8,mg,As Needed,Subcutaneous
902944,704809,4013,2023-05-29,28.5,mg,As Needed,Topical
902945,704704,4038,2021-05-22,87.6,mg,Once Daily,Oral
902946,705540,4016,2025-06-20,27.9,mg,As Needed,Topical
902947,703920,4028,2024-02-07,41.2,mg,As Needed,Oral
902948,701740,4012,2023-11-04,21.4,mL,As Needed,IM
902949,703360,4036,2021-11-29,5.4,mL,Three Times Daily,IV
902950,702740,4016,2022-07-02,59.8,mg,Once Daily,Subcutaneous
902951,703190,4012,2021-05-29,80.7,mL,Twice Daily,Oral
902952,700010,4001,2022-11-29,73.1,mL,Twice Daily,Oral
902953,700498,4019,2024-01-27,97.1,mL,Three Times Daily,Topical
902954,704267,4006,2023-03-19,90.8,mg,Once Daily,Subcutaneous
902955,703128,4006,2024-12-03,14.4,mcg,As Needed,Subcutaneous
902956,705189,4018,2024-07-11,62.8,units,Three Times Daily,IV
902957,704761,4028,2023-05-26,47.7,mcg,Three Times Daily,Oral
902958,702568,4012,2025-07-21,19.1,mcg,Three Times Daily,Oral
902959,704577,4031,2023-03-14,75.3,mg,Once Daily,Topical
902960,702695,4027,2023-03-07,48.6,mg,Twice Daily,Subcutaneous
902961,703807,4008,2025-09-22,70.0,units,Once Daily,IV
902962,700321,4011,2023-04-25,6.6,units,Twice Daily,Subcutaneous
902963,702149,4007,2022-04-11,11.8,mL,As Needed,IV
902964,704529,4022,2025-07-19,44.6,mcg,Three Times Daily,Subcutaneous
902965,706072,4020,2025-12-07,2.4,mcg,As Needed,IV
902966,701774,4019,2024-02-07,19.4,mg,Once Daily,IM
902967,705436,4002,2025-09-14,83.8,mcg,Twice Daily,Subcutaneous
902968,706275,4045,2022-05-01,47.3,mcg,Once Daily,Oral
902969,705962,4027,2024-10-19,71.7,units,Once Daily,Oral
902970,700226,4025,2021-10-23,16.8,mcg,Once Daily,IM
902971,703414,4011,2022-03-21,38.6,mg,Three Times Daily,IV
902972,700630,4009,2021-11-23,82.0,mg,Three Times Daily,Oral
902973,702044,4026,2021-08-29,4.7,units,Twice Daily,Oral
902974,702949,4031,2024-07-31,31.9,mg,Twice Daily,IV
902975,705105,4041,2024-08-19,51.3,mg,Twice Daily,Subcutaneous
902976,703235,4011,2022-05-14,62.4,units,Three Times Daily,IM
902977,700123,4012,2025-07-17,15.1,mg,Three Times Daily,IV
902978,702720,4043,2022-12-06,92.6,mcg,Twice Daily,Topical
902979,704793,4010,2023-05-20,73.9,mg,As Needed,IV
902980,703607,4026,2022-04-17,6.8,mL,As Needed,Subcutaneous
902981,703096,4009,2024-07-03,44.8,mL,Twice Daily,Subcutaneous
902982,704084,4018,2023-01-12,89.0,units,Three Times Daily,IM
902983,706205,4025,2025-06-06,90.1,units,As Needed,IM
902984,705719,4018,2025-06-04,88.0,mcg,Once Daily,Topical
902985,700418,4043,2024-10-22,12.3,mg,Twice Daily,Oral
902986,705761,4044,2022-03-23,50.3,units,Twice Daily,Oral
902987,701881,4014,2023-02-01,45.7,units,Once Daily,Subcutaneous
902988,703326,4027,2021-11-06,42.4,mL,As Needed,Subcutaneous
902989,700993,4022,2021-10-27,38.3,mL,Once Daily,Oral
902990,704511,4036,2024-10-11,86.0,mg,Three Times Daily,IM
902991,705709,4017,2024-11-17,79.3,units,Twice Daily,Oral
902992,704094,4012,2023-02-11,19.2,mL,Twice Daily,IV
902993,700245,4014,2022-07-26,78.4,mcg,Once Daily,Subcutaneous
902994,706429,4006,2023-07-11,68.1,mL,Once Daily,Oral
902995,703797,4010,2025-07-12,5.2,mg,Three Times Daily,Topical
902996,702703,4043,2024-05-06,10.9,mL,Once Daily,IV
902997,700051,4045,2023-12-24,94.9,units,Three Times Daily,IV
902998,702146,4014,2021-09-24,53.2,units,Twice Daily,Subcutaneous
902999,701387,4022,2022-04-19,99.8,mcg,Twice Daily,IV
903000,703314,4045,2021-01-13,96.6,mL,Twice Daily,Topical
903001,703243,4003,2025-08-21,77.0,mcg,Three Times Daily,Oral
903002,705767,4008,2023-07-22,32.6,mL,Three Times Daily,IM
903003,700764,4038,2024-05-05,19.8,mL,Once Daily,IV
903004,704525,4036,2022-07-03,1.6,mL,As Needed,IM
903005,704989,4005,2021-11-24,16.0,mg,As Needed,IM
903006,702531,4034,2021-07-29,88.0,mg,Twice Daily,Oral
903007,706162,4001,2022-08-29,71.5,units,Twice Daily,IM
903008,700867,4005,2023-09-22,84.8,mg,Once Daily,IM
903009,705215,4013,2021-08-14,84.1,mcg,Once Daily,Subcutaneous
903010,705121,4026,2023-07-07,97.5,mcg,Once Daily,Topical
903011,701278,4042,2021-06-04,70.1,units,Three Times Daily,IV
903012,704656,4034,2023-04-08,56.4,mg,Once Daily,Oral
903013,700058,4043,2024-05-18,59.3,units,Twice Daily,IM
903014,700295,4031,2022-09-30,68.3,mg,Once Daily,Topical
903015,704608,4038,2024-05-28,46.1,mg,Once Daily,Topical
903016,706283,4022,2021-08-14,68.4,mL,Three Times Daily,IV
903017,703767,4028,2025-02-17,59.6,units,Twice Daily,Oral
903018,702339,4010,2023-10-21,16.5,units,As Needed,IV
903019,705147,4020,2025-07-10,11.7,units,Once Daily,Topical
903020,700322,4012,2023-03-20,22.3,mg,Three Times Daily,IM
903021,701649,4018,2024-05-16,77.7,units,Twice Daily,IM
903022,701758,4037,2022-03-16,26.1,mcg,Once Daily,Topical
903023,702870,4037,2022-02-23,86.0,mcg,As Needed,Subcutaneous
903024,700779,4009,2021-05-16,29.1,units,Once Daily,Oral
903025,702289,4027,2021-07-31,62.1,mL,Three Times Daily,IM
903026,704079,4044,2023-02-05,86.7,mcg,Three Times Daily,Oral
903027,706486,4044,2022-03-23,84.8,mg,Twice Daily,IV
903028,700127,4017,2023-07-22,83.6,mg,Once Daily,Topical
903029,700595,4002,2024-04-09,82.3,mg,Three Times Daily,Oral
903030,703206,4001,2022-01-31,68.9,mL,Three Times Daily,Subcutaneous
903031,700617,4042,2022-09-25,72.1,mg,Once Daily,Topical
903032,701594,4045,2023-01-22,95.5,units,Three Times Daily,Subcutaneous
903033,703165,4015,2021-04-06,78.2,mL,Once Daily,IV
903034,703045,4012,2023-11-22,14.7,mL,Twice Daily,Oral
903035,706057,4018,2022-12-10,23.7,mL,As Needed,Subcutaneous
903036,703621,4024,2022-09-06,33.9,mg,Three Times Daily,Oral
903037,700947,4033,2023-07-01,9.3,mg,As Needed,IV
903038,701693,4043,2022-01-17,88.3,mL,Twice Daily,Subcutaneous
903039,704136,4036,2021-09-21,42.1,units,As Needed,Oral
903040,704520,4031,2022-12-02,43.2,mg,Three Times Daily,Oral
903041,704854,4020,2021-04-24,41.1,mg,As Needed,Subcutaneous
903042,700821,4038,2025-10-22,47.6,mcg,Once Daily,IM
903043,706090,4028,2021-02-25,20.2,units,Twice Daily,Oral
903044,701476,4011,2022-12-10,73.1,mg,Twice Daily,Subcutaneous
903045,703563,4027,2023-08-14,88.1,mg,Twice Daily,IV
903046,700109,4008,2025-05-21,72.3,mL,As Needed,Topical
903047,706292,4013,2025-07-15,27.7,mL,Three Times Daily,Topical
903048,705036,4021,2021-11-06,3.3,mcg,Three Times Daily,IM
903049,704890,4003,2022-09-14,14.5,units,Once Daily,Oral
903050,703144,4037,2023-11-03,67.7,mcg,Once Daily,IM
903051,706126,4043,2025-08-08,76.3,units,Twice Daily,IM
903052,704343,4007,2023-05-21,49.2,mL,Once Daily,Oral
903053,703319,4015,2023-04-29,3.1,mL,Three Times Daily,IM
903054,705510,4005,2022-08-07,48.8,units,As Needed,Topical
903055,701850,4034,2022-12-09,88.8,units,Once Daily,Topical
903056,705629,4019,2024-03-13,12.6,units,As Needed,Subcutaneous
903057,704128,4033,2022-02-07,90.9,units,Twice Daily,Oral
903058,702232,4003,2024-06-25,95.1,units,Once Daily,Topical
903059,700650,4005,2022-08-06,66.5,mcg,As Needed,Oral
903060,702915,4019,2021-06-08,6.7,mL,Once Daily,IM
903061,703483,4042,2022-06-18,33.9,mL,Twice Daily,Oral
903062,700985,4002,2021-05-30,86.3,mcg,As Needed,Oral
903063,701586,4006,2024-09-17,72.1,mcg,Three Times Daily,Subcutaneous
903064,702781,4039,2023-09-14,49.4,mg,As Needed,Subcutaneous
903065,705413,4014,2025-01-11,16.6,mL,Three Times Daily,IV
903066,704028,4004,2025-05-08,48.6,mg,Twice Daily,Oral
903067,700559,4020,2021-02-11,9.8,mcg,Twice Daily,IV
903068,704772,4001,2024-06-11,61.7,mL,Twice Daily,IV
903069,701476,4034,2024-11-13,78.0,mg,Twice Daily,Oral
903070,704013,4029,2023-07-21,63.0,mcg,Once Daily,IM
903071,706011,4039,2025-01-20,1.9,mL,As Needed,Topical
903072,701734,4045,2024-07-14,67.1,units,Once Daily,Topical
903073,702481,4030,2025-07-17,48.9,units,Once Daily,Oral
903074,700724,4011,2023-05-07,43.2,mg,Three Times Daily,IV
903075,701307,4020,2025-04-02,28.6,mcg,Twice Daily,Oral
903076,706310,4037,2023-02-25,12.1,mg,Twice Daily,Subcutaneous
903077,702108,4021,2021-09-25,56.2,mL,Three Times Daily,IV
903078,705191,4025,2022-04-27,83.4,mcg,Twice Daily,IM
903079,703927,4036,2021-04-12,98.6,mg,Twice Daily,IM
903080,704777,4004,2025-06-26,63.5,mg,Once Daily,IV
903081,704688,4023,2023-05-26,31.5,mcg,As Needed,Subcutaneous
903082,702881,4006,2025-01-19,41.7,mL,Twice Daily,Subcutaneous
903083,700927,4026,2023-04-11,72.5,mcg,Twice Daily,Oral
903084,702220,4028,2024-11-19,47.9,mg,Three Times Daily,IM
903085,700475,4024,2023-07-08,52.5,mcg,Twice Daily,IM
903086,700503,4040,2024-03-02,14.4,mcg,Twice Daily,IV
903087,703662,4033,2025-06-05,53.9,mcg,As Needed,Oral
903088,700612,4026,2023-08-16,97.2,units,Three Times Daily,IV
903089,701693,4026,2024-11-13,34.0,mL,Three Times Daily,Topical
903090,704504,4025,2025-03-20,17.2,mcg,As Needed,IM
903091,700542,4030,2023-03-18,47.7,units,Twice Daily,Topical
903092,704792,4038,2025-06-11,52.1,mcg,Twice Daily,IV
903093,701335,4036,2025-07-29,99.8,units,Twice Daily,Oral
903094,700354,4020,2023-05-24,21.8,units,Three Times Daily,Subcutaneous
903095,703945,4036,2025-05-05,54.5,mcg,Once Daily,IM
903096,701258,4005,2023-12-05,37.6,mcg,Once Daily,Topical
903097,705611,4032,2025-01-16,74.8,mg,Once Daily,IV
903098,701120,4042,2025-11-24,87.1,mcg,Twice Daily,Oral
903099,705826,4030,2025-12-19,76.2,units,Once Daily,Oral
903100,706247,4042,2022-06-14,19.4,mcg,As Needed,Oral
903101,702975,4027,2022-11-30,65.3,units,Three Times Daily,IM
903102,702681,4024,2021-12-30,23.6,units,Twice Daily,IV
903103,706329,4021,2024-12-17,98.4,mcg,Twice Daily,Oral
903104,705630,4001,2022-03-02,56.2,units,As Needed,IM
903105,703061,4016,2024-11-03,43.3,units,Twice Daily,IM
903106,704624,4014,2022-08-11,64.8,mL,Three Times Daily,Oral
903107,701064,4010,2025-12-19,60.2,mg,Once Daily,Oral
903108,704020,4028,2021-11-21,91.8,mL,Three Times Daily,Subcutaneous
903109,702754,4036,2023-09-21,51.5,mcg,Three Times Daily,Oral
903110,700101,4019,2024-03-03,75.7,units,As Needed,Oral
903111,701063,4012,2024-03-30,98.5,mg,Twice Daily,Topical
903112,700128,4018,2021-07-12,63.4,mg,Twice Daily,IM
903113,700587,4015,2024-07-12,14.2,units,Three Times Daily,Topical
903114,703784,4019,2022-11-10,99.6,units,Once Daily,Topical
903115,704029,4040,2025-07-19,64.5,mL,Three Times Daily,Oral
903116,702330,4018,2025-10-26,98.9,mg,Three Times Daily,Topical
903117,701756,4028,2023-12-21,52.5,units,As Needed,IM
903118,701796,4017,2022-08-01,5.5,mL,Twice Daily,Topical
903119,700866,4021,2022-06-09,92.8,mg,Once Daily,IM
903120,700203,4028,2025-10-14,88.7,mL,Twice Daily,Topical
903121,700962,4016,2023-04-19,49.0,mcg,Three Times Daily,IV
903122,706279,4026,2024-07-29,35.0,mL,As Needed,IV
903123,702955,4019,2022-05-09,15.2,mg,Twice Daily,IV
903124,702545,4001,2025-11-05,92.9,mcg,Three Times Daily,IV
903125,703036,4029,2022-02-11,52.5,mcg,Once Daily,Subcutaneous
903126,700064,4022,2021-11-22,78.4,mL,Once Daily,Oral
903127,700902,4032,2024-01-30,61.9,mcg,As Needed,IM
903128,704453,4044,2021-09-15,12.2,mg,Twice Daily,Topical
903129,703795,4018,2022-03-18,5.3,mL,Once Daily,Topical
903130,703492,4036,2021-07-10,38.1,mg,Once Daily,Subcutaneous
903131,703452,4007,2022-09-28,1.2,mg,As Needed,IM
903132,700437,4008,2023-06-29,21.5,units,Twice Daily,IM
903133,705152,4044,2022-08-12,91.8,mg,Twice Daily,IM
903134,704333,4013,2021-08-10,58.2,mg,As Needed,Oral
903135,702339,4006,2021-01-16,69.6,mg,As Needed,Topical
903136,704891,4014,2024-09-21,78.1,mcg,As Needed,IM
903137,705848,4040,2024-06-23,94.7,units,As Needed,IV
903138,703633,4001,2022-08-28,15.8,mg,Once Daily,Topical
903139,702007,4020,2021-04-02,57.8,units,As Needed,Subcutaneous
903140,705516,4019,2025-07-20,39.2,units,As Needed,Topical
903141,702618,4023,2025-09-28,38.5,mcg,Once Daily,Topical
903142,700230,4007,2022-09-03,68.2,mL,Three Times Daily,IM
903143,705063,4023,2025-12-13,20.7,units,Once Daily,IV
903144,706077,4025,2025-01-13,63.6,mcg,Three Times Daily,Topical
903145,701726,4039,2021-11-05,36.6,mL,As Needed,Subcutaneous
903146,705866,4007,2023-01-16,12.3,units,Once Daily,IM
903147,704935,4033,2025-11-04,84.9,units,Once Daily,IM
903148,704587,4012,2025-12-30,14.7,units,Twice Daily,IV
903149,705902,4018,2025-02-10,50.8,mL,Once Daily,IV
903150,703346,4033,2021-06-18,28.1,mcg,Twice Daily,IM
903151,704005,4043,2024-09-15,95.4,units,Three Times Daily,IV
903152,704501,4045,2024-01-10,61.6,units,Once Daily,Subcutaneous
903153,702916,4004,2021-05-01,63.9,mL,Three Times Daily,Subcutaneous
903154,704585,4040,2022-03-25,54.5,units,Three Times Daily,Subcutaneous
903155,701297,4026,2023-07-04,89.7,mcg,As Needed,Oral
903156,702126,4035,2025-06-02,30.6,mcg,Twice Daily,Oral
903157,703750,4042,2022-06-16,57.0,mL,Once Daily,Oral
903158,701075,4023,2022-10-14,22.9,units,As Needed,IV
903159,705888,4028,2023-01-24,20.0,mL,Three Times Daily,Oral
903160,705050,4035,2022-08-31,48.4,mL,Twice Daily,Subcutaneous
903161,705896,4022,2025-03-26,27.8,mg,Once Daily,IM
903162,704871,4036,2023-04-11,75.0,mcg,As Needed,Oral
903163,706066,4008,2021-05-14,4.7,units,As Needed,Oral
903164,700460,4006,2024-07-05,12.1,mcg,Once Daily,IM
903165,704989,4040,2023-11-25,62.2,mg,Twice Daily,Subcutaneous
903166,705416,4002,2024-08-30,8.0,mL,Once Daily,Oral
903167,700993,4012,2023-07-24,32.2,mg,Twice Daily,IV
903168,701026,4029,2024-11-12,62.8,units,Once Daily,IM
903169,705521,4011,2024-01-16,22.1,mcg,Twice Daily,Oral
903170,704461,4019,2022-12-11,77.9,mL,Once Daily,Subcutaneous
903171,703578,4045,2021-12-20,96.0,mL,Three Times Daily,IV
903172,706421,4003,2023-11-22,93.7,mg,Three Times Daily,Subcutaneous
903173,704352,4021,2023-02-01,9.2,mcg,As Needed,IV
903174,704235,4026,2025-03-26,72.1,mg,Once Daily,IV
903175,704704,4027,2025-03-11,75.8,mL,As Needed,Oral
903176,702514,4029,2025-10-14,18.1,mcg,Twice Daily,Subcutaneous
903177,701696,4014,2023-03-23,9.9,mcg,As Needed,IM
903178,703759,4001,2025-11-01,10.8,mL,As Needed,Subcutaneous
903179,702103,4019,2021-08-28,49.9,units,Three Times Daily,IM
903180,702147,4036,2024-01-31,87.4,mg,Twice Daily,IM
903181,701268,4006,2025-06-21,33.6,mg,Three Times Daily,IM
903182,700823,4013,2024-07-17,17.0,mg,As Needed,Subcutaneous
903183,701521,4019,2022-09-09,60.5,units,As Needed,Oral
903184,706027,4043,2021-10-25,37.9,mcg,Once Daily,IV
903185,701188,4004,2025-06-14,98.2,mL,Three Times Daily,IV
903186,705643,4024,2021-12-03,53.1,mL,Three Times Daily,Topical
903187,701822,4037,2023-06-25,2.0,mL,Three Times Daily,Topical
903188,703953,4041,2023-01-04,76.3,mcg,As Needed,IV
903189,704616,4032,2021-05-22,93.7,units,As Needed,Subcutaneous
903190,706151,4022,2024-01-07,75.1,mcg,As Needed,IV
903191,703275,4032,2025-06-29,28.3,mcg,Once Daily,Subcutaneous
903192,704554,4017,2023-03-25,86.6,mcg,Twice Daily,IV
903193,702771,4038,2025-06-26,58.8,units,Once Daily,IM
903194,702214,4014,2025-05-15,51.8,units,As Needed,Subcutaneous
903195,704616,4013,2025-08-12,19.3,mg,Once Daily,IV
903196,705637,4023,2022-09-08,43.1,mcg,Once Daily,Oral
903197,703661,4021,2021-10-28,69.6,mg,As Needed,Subcutaneous
903198,705556,4027,2024-11-30,82.8,mcg,As Needed,IM
903199,700413,4006,2025-08-20,88.4,units,Once Daily,Oral
903200,705957,4012,2023-03-04,55.4,mcg,Once Daily,Oral
903201,700466,4010,2022-10-03,87.4,mg,Twice Daily,IV
903202,700044,4019,2024-10-30,96.1,units,Once Daily,Subcutaneous
903203,704017,4012,2021-06-19,70.6,units,Twice Daily,IM
903204,703117,4037,2025-03-04,86.8,mg,As Needed,Subcutaneous
903205,704197,4041,2023-10-18,95.0,mcg,As Needed,Oral
903206,702615,4011,2025-02-22,35.7,mg,Three Times Daily,IV
903207,702736,4012,2025-02-26,82.0,mg,Three Times Daily,IM
903208,703751,4006,2023-01-22,61.6,mg,As Needed,Subcutaneous
903209,704829,4026,2022-12-03,77.4,mL,Three Times Daily,IV
903210,700862,4012,2024-04-06,11.7,mg,Once Daily,IM
903211,703134,4003,2025-10-06,90.9,mL,Once Daily,Topical
903212,704249,4025,2023-05-09,72.2,mcg,Twice Daily,IM
903213,706206,4041,2023-04-10,25.5,mg,Twice Daily,Topical
903214,706391,4004,2022-09-15,68.0,mL,Once Daily,IV
903215,702350,4023,2023-09-26,66.0,mL,Once Daily,IM
903216,700494,4001,2023-05-15,55.5,units,Twice Daily,Oral
903217,706111,4004,2021-11-07,18.2,mL,Twice Daily,Oral
903218,704548,4017,2021-06-22,52.3,mL,Three Times Daily,Oral
903219,701442,4009,2021-05-16,63.8,mg,Once Daily,IV
903220,701209,4018,2024-09-11,55.3,mcg,Three Times Daily,Oral
903221,706413,4017,2024-10-30,33.7,mcg,Three Times Daily,Subcutaneous
903222,702576,4017,2025-02-09,70.4,mg,Twice Daily,IV
903223,700947,4019,2024-10-28,64.1,mcg,Three Times Daily,IM
903224,701856,4040,2021-06-28,23.7,mcg,Twice Daily,Topical
903225,704926,4021,2023-03-01,38.2,mL,Three Times Daily,IV
903226,702827,4034,2023-11-20,47.4,mL,Once Daily,Topical
903227,703085,4031,2023-01-25,85.2,mg,Once Daily,Oral
903228,700966,4028,2022-08-18,10.9,units,As Needed,Oral
903229,705239,4022,2024-09-09,40.5,mg,Three Times Daily,IV
903230,704401,4036,2023-09-20,9.8,mcg,As Needed,Subcutaneous
903231,700672,4034,2022-07-27,67.7,mg,As Needed,IM
903232,700700,4011,2025-08-28,41.1,units,Twice Daily,Topical
903233,703869,4007,2024-06-04,29.6,mcg,Twice Daily,Oral
903234,703558,4022,2025-06-05,84.6,mg,Three Times Daily,Subcutaneous
903235,703737,4021,2021-10-21,99.5,mg,Once Daily,Topical
903236,700118,4043,2023-02-03,73.0,units,Once Daily,IM
903237,704850,4039,2024-09-06,1.5,units,Twice Daily,IV
903238,702444,4011,2021-06-28,97.4,mcg,As Needed,IV
903239,705788,4007,2022-05-26,14.4,units,Twice Daily,Topical
903240,701687,4003,2025-05-09,30.0,mcg,Twice Daily,Topical
903241,703244,4039,2022-11-20,41.9,mL,Once Daily,Oral
903242,701886,4036,2022-10-10,14.8,mcg,Three Times Daily,Topical
903243,704955,4018,2022-12-11,42.9,mcg,Twice Daily,Topical
903244,701752,4007,2023-02-04,90.2,mL,Once Daily,Oral
903245,701309,4030,2021-12-23,26.7,mg,Twice Daily,Oral
903246,701616,4027,2021-12-06,27.0,units,Once Daily,IM
903247,701732,4041,2021-10-24,59.3,mg,Twice Daily,IV
903248,703827,4002,2025-12-03,67.1,mcg,Three Times Daily,IM
903249,703927,4018,2022-12-06,59.7,units,Once Daily,IV
903250,705476,4021,2022-08-02,8.2,units,As Needed,IM
903251,703092,4030,2023-01-16,88.1,mcg,Twice Daily,Subcutaneous
903252,704545,4043,2023-03-22,73.5,mL,As Needed,IV
903253,705335,4010,2024-06-06,57.5,mL,Three Times Daily,Topical
903254,704860,4025,2021-11-27,44.9,mcg,Once Daily,Oral
903255,701944,4040,2023-09-03,97.5,mg,Three Times Daily,IM
903256,703960,4038,2021-08-07,83.9,mcg,Once Daily,Topical
903257,703084,4042,2021-07-23,26.4,mcg,As Needed,IM
903258,701313,4019,2023-05-20,62.8,mcg,Twice Daily,IV
903259,703793,4013,2024-01-12,23.8,mcg,As Needed,IV
903260,705442,4037,2023-08-21,57.3,mL,Twice Daily,Oral
903261,705728,4025,2023-08-12,73.3,mg,As Needed,Topical
903262,700687,4005,2025-03-22,46.8,mg,Twice Daily,IM
903263,700515,4004,2022-04-23,30.5,mcg,As Needed,IM
903264,702647,4018,2025-03-18,34.4,mg,Three Times Daily,IV
903265,702223,4036,2021-01-23,86.2,units,Once Daily,Subcutaneous
903266,703191,4012,2021-09-13,7.5,units,Once Daily,Topical
903267,704537,4017,2024-07-01,91.3,units,Once Daily,Topical
903268,703641,4038,2021-12-11,26.2,units,As Needed,Topical
903269,702185,4021,2021-07-28,61.8,mL,Twice Daily,IM
903270,702102,4015,2022-09-14,50.5,mg,As Needed,Subcutaneous
903271,702261,4017,2021-04-27,31.8,mg,Once Daily,Subcutaneous
903272,702254,4017,2022-01-22,90.0,mL,Once Daily,Topical
903273,703504,4014,2023-12-16,82.9,mg,Three Times Daily,Topical
903274,700533,4029,2023-09-07,55.4,mL,As Needed,Oral
903275,703534,4033,2024-11-03,41.0,mcg,Twice Daily,Subcutaneous
903276,706311,4035,2022-06-21,67.8,units,Three Times Daily,IM
903277,706312,4015,2021-10-16,12.3,mL,As Needed,IM
903278,702223,4017,2025-05-22,94.8,mL,Once Daily,IV
903279,700450,4012,2024-07-18,89.0,mg,Three Times Daily,IM
903280,702327,4043,2022-04-28,51.4,mcg,As Needed,Topical
903281,703428,4005,2024-06-15,83.6,mcg,Twice Daily,Topical
903282,702724,4015,2022-06-06,92.0,mg,Three Times Daily,IM
903283,702379,4045,2022-12-12,13.6,mL,Twice Daily,Subcutaneous
903284,702317,4041,2024-07-01,26.7,mg,As Needed,Topical
903285,706244,4045,2022-07-05,21.5,mL,Three Times Daily,Subcutaneous
903286,701267,4035,2022-11-14,66.6,units,As Needed,IM
903287,703078,4034,2021-12-03,98.3,units,Three Times Daily,Oral
903288,704750,4020,2023-10-29,3.7,units,Twice Daily,Topical
903289,705180,4002,2023-04-22,99.5,units,Twice Daily,Oral
903290,704662,4026,2025-01-08,12.0,mg,Twice Daily,Subcutaneous
903291,706040,4001,2022-02-16,62.5,mg,As Needed,Oral
903292,706214,4005,2025-07-05,68.1,units,Three Times Daily,Subcutaneous
903293,704036,4032,2023-08-20,4.2,units,As Needed,IV
903294,705812,4002,2022-11-11,33.6,mcg,Once Daily,Subcutaneous
903295,705800,4026,2024-05-04,47.0,mg,Three Times Daily,IV
903296,705927,4010,2024-06-15,90.8,mcg,Three Times Daily,IM
903297,700546,4045,2024-06-07,70.4,mcg,Once Daily,Oral
903298,700085,4016,2023-02-18,63.0,units,As Needed,IV
903299,703746,4027,2025-01-29,13.4,mcg,Three Times Daily,IM
903300,701242,4013,2023-11-05,29.4,mL,Once Daily,IM
903301,704137,4024,2025-03-26,44.2,mg,Twice Daily,IV
903302,706086,4021,2024-02-07,30.5,units,Three Times Daily,IV
903303,703099,4005,2021-02-09,44.0,mcg,Three Times Daily,IV
903304,703814,4014,2025-06-27,92.0,mg,Twice Daily,Subcutaneous
903305,701229,4018,2024-05-25,60.7,mcg,As Needed,Topical
903306,701085,4043,2022-02-12,52.1,units,As Needed,Subcutaneous
903307,702648,4039,2023-03-15,54.0,mcg,Twice Daily,Subcutaneous
903308,703090,4029,2022-01-30,77.4,mcg,Twice Daily,IV
903309,706220,4041,2025-10-02,97.5,mcg,As Needed,Oral
903310,705185,4018,2025-10-16,98.2,mg,Once Daily,Subcutaneous
903311,702662,4009,2025-06-24,66.1,mL,Twice Daily,Subcutaneous
903312,705626,4015,2021-02-27,37.1,units,Twice Daily,Subcutaneous
903313,705814,4041,2025-05-19,59.3,units,Twice Daily,Oral
903314,703785,4001,2022-05-08,7.3,units,As Needed,IM
903315,703045,4016,2022-02-16,16.6,mg,Once Daily,IM
903316,700235,4035,2022-06-22,89.1,mcg,Twice Daily,Subcutaneous
903317,704923,4015,2025-09-04,74.9,mg,Once Daily,Topical
903318,700166,4018,2023-06-23,24.8,mg,Twice Daily,Subcutaneous
903319,704940,4036,2022-06-09,41.5,mL,Twice Daily,Topical
903320,701158,4038,2022-06-13,6.7,mg,As Needed,Topical
903321,702187,4020,2024-12-27,86.5,mcg,Three Times Daily,Oral
903322,700597,4012,2024-03-12,30.5,mcg,Three Times Daily,IM
903323,705139,4042,2025-04-21,54.9,mL,Once Daily,Topical
903324,700675,4035,2024-01-09,98.6,mg,Three Times Daily,Oral
903325,700006,4011,2021-01-17,18.5,mcg,Twice Daily,IV
903326,701622,4021,2021-02-15,88.3,units,Twice Daily,Oral
903327,702935,4016,2021-04-11,26.2,mcg,Three Times Daily,Subcutaneous
903328,706232,4003,2023-06-02,11.9,units,Three Times Daily,IV
903329,704218,4034,2024-09-03,2.7,mL,As Needed,Oral
903330,706045,4024,2025-11-11,84.0,units,Twice Daily,IV
903331,704823,4016,2021-04-19,0.7,units,Three Times Daily,Oral
903332,703868,4037,2025-03-20,95.2,mL,Twice Daily,Oral
903333,700813,4036,2024-10-30,18.8,mcg,Once Daily,Topical
903334,706022,4001,2022-07-15,81.3,mg,Twice Daily,Topical
903335,705672,4024,2025-01-18,86.2,mg,Three Times Daily,Subcutaneous
903336,705310,4024,2024-10-12,8.9,mcg,Once Daily,Subcutaneous
903337,704275,4039,2021-03-22,38.6,mg,Once Daily,Subcutaneous
903338,703564,4014,2022-05-02,28.0,mcg,As Needed,IM
903339,700855,4034,2021-02-27,2.0,mcg,Twice Daily,Subcutaneous
903340,705891,4042,2022-04-30,42.6,mg,Twice Daily,Subcutaneous
903341,700487,4037,2022-06-06,48.8,mL,Once Daily,Topical
903342,701128,4011,2023-06-28,68.1,mg,Once Daily,IV
903343,700716,4003,2021-08-19,24.8,mcg,Twice Daily,Oral
903344,704260,4027,2023-05-30,84.7,mg,Three Times Daily,Oral
903345,702067,4044,2025-02-01,48.2,mL,Once Daily,Oral
903346,700898,4044,2022-11-02,67.2,mL,As Needed,IV
903347,703677,4029,2025-11-18,47.1,units,Three Times Daily,IM
903348,700590,4023,2025-02-15,8.6,mg,Twice Daily,Topical
903349,703475,4021,2025-08-03,99.9,mg,As Needed,IM
903350,701479,4008,2024-03-20,78.0,mg,Once Daily,Topical
903351,705977,4036,2022-04-05,98.1,mcg,Twice Daily,IV
903352,701522,4021,2022-04-18,82.3,mg,As Needed,Topical
903353,702917,4024,2021-01-08,46.0,mg,As Needed,Oral
903354,703719,4012,2021-03-04,69.2,units,Once Daily,Topical
903355,703479,4019,2023-12-21,83.6,mg,As Needed,Subcutaneous
903356,701173,4039,2025-04-03,64.5,mg,As Needed,IV
903357,702608,4019,2024-03-16,65.2,mcg,Once Daily,Oral
903358,705946,4035,2023-01-25,20.5,mcg,Three Times Daily,Subcutaneous
903359,705252,4036,2025-11-15,11.4,mg,Three Times Daily,Topical
903360,701775,4005,2024-08-07,73.6,units,Twice Daily,Subcutaneous
903361,705963,4011,2025-01-16,56.8,mcg,Three Times Daily,Oral
903362,703340,4006,2025-09-01,73.4,units,Three Times Daily,IV
903363,702392,4025,2021-08-19,58.5,mL,Once Daily,IV
903364,705287,4012,2024-12-16,1.8,mg,As Needed,IM
903365,704779,4016,2022-04-02,97.3,mL,As Needed,IM
903366,701921,4015,2021-02-12,12.7,mcg,Once Daily,Topical
903367,700476,4042,2025-12-09,71.2,mL,Twice Daily,IV
903368,702562,4043,2023-05-04,61.7,units,As Needed,Subcutaneous
903369,706166,4001,2022-05-12,25.2,units,Twice Daily,Topical
903370,701457,4034,2025-09-28,82.9,units,Once Daily,IV
903371,702217,4034,2025-12-21,26.6,mg,Twice Daily,IV
903372,700429,4045,2025-08-08,7.5,units,Twice Daily,Subcutaneous
903373,705621,4040,2024-03-03,69.5,units,Once Daily,IM
903374,702471,4031,2025-12-29,32.9,mcg,Three Times Daily,Oral
903375,702995,4010,2025-08-30,16.7,mcg,Three Times Daily,Subcutaneous
903376,700733,4009,2023-08-05,18.0,mcg,Twice Daily,Oral
903377,701688,4044,2023-08-02,2.1,mcg,As Needed,Oral
903378,700151,4006,2024-03-26,30.8,units,As Needed,Subcutaneous
903379,700164,4030,2023-10-27,28.0,mcg,Once Daily,IV
903380,705937,4021,2021-12-29,48.4,mcg,Twice Daily,IV
903381,704988,4029,2021-07-17,48.2,mg,Twice Daily,Subcutaneous
903382,704488,4026,2024-09-04,68.1,mg,Three Times Daily,IM
903383,702483,4035,2024-02-24,51.5,units,As Needed,IM
903384,706011,4023,2024-04-12,81.5,units,Three Times Daily,IM
903385,702349,4025,2024-03-07,87.5,mL,Three Times Daily,IV
903386,701537,4034,2021-05-23,55.4,mg,Three Times Daily,IM
903387,700306,4009,2024-03-13,84.8,mcg,Twice Daily,Topical
903388,701713,4045,2024-03-01,99.0,mL,Once Daily,IV
903389,701171,4008,2024-09-19,66.4,mcg,As Needed,Topical
903390,700947,4033,2021-05-02,19.5,units,Three Times Daily,Topical
903391,705956,4020,2024-02-25,53.6,units,As Needed,IV
903392,703941,4017,2024-10-20,6.6,mg,Twice Daily,IM
903393,700184,4016,2025-11-19,78.1,mL,Twice Daily,Oral
903394,701374,4015,2025-06-04,4.7,mcg,Once Daily,IV
903395,703258,4013,2023-03-01,48.5,mL,Three Times Daily,Oral
903396,705390,4005,2023-06-28,93.1,mg,Once Daily,Topical
903397,706124,4038,2021-10-26,84.9,units,Once Daily,Subcutaneous
903398,705717,4014,2025-03-06,5.5,mg,Once Daily,IV
903399,701537,4018,2025-01-16,38.5,units,Once Daily,Oral
903400,702946,4034,2022-01-12,32.9,mL,Once Daily,Subcutaneous
903401,700851,4011,2023-11-24,7.6,mL,Three Times Daily,IM
903402,700962,4034,2021-01-08,11.5,units,As Needed,IM
903403,700222,4041,2021-11-10,56.7,mL,As Needed,IV
903404,702183,4016,2021-05-28,32.8,mg,Twice Daily,Topical
903405,706041,4040,2022-12-29,4.8,mL,Once Daily,Oral
903406,705315,4022,2023-03-04,85.2,mL,Three Times Daily,IV
903407,704680,4035,2024-01-21,54.7,mcg,Twice Daily,IV
903408,700060,4024,2022-06-02,70.5,units,Twice Daily,IM
903409,705562,4018,2022-02-28,69.7,mg,Twice Daily,IV
903410,703763,4002,2021-08-12,8.4,mL,Three Times Daily,IV
903411,702060,4017,2023-05-20,0.9,units,As Needed,Oral
903412,704324,4034,2023-09-12,84.5,mcg,As Needed,Oral
903413,700208,4001,2024-06-10,97.2,mcg,As Needed,Oral
903414,702820,4024,2025-07-24,56.1,units,Three Times Daily,Oral
903415,705530,4027,2024-09-18,51.8,mL,Twice Daily,Oral
903416,700645,4014,2021-03-15,12.4,mg,Twice Daily,Topical
903417,703100,4040,2022-10-26,56.1,mcg,As Needed,Topical
903418,702294,4002,2025-02-24,2.6,units,As Needed,IV
903419,700615,4011,2022-11-29,79.2,mcg,Three Times Daily,IV
903420,704710,4032,2023-01-29,52.2,mg,Once Daily,Topical
903421,704619,4005,2024-06-23,71.8,mcg,Twice Daily,IM
903422,706251,4026,2021-10-06,48.0,mL,Three Times Daily,Topical
903423,704622,4038,2022-03-03,74.1,mL,As Needed,IV
903424,706231,4007,2023-02-03,55.4,mg,Once Daily,Oral
903425,701693,4035,2025-02-07,53.6,mcg,Once Daily,IV
903426,703258,4028,2025-07-12,37.4,mcg,Three Times Daily,IM
903427,700069,4012,2024-10-25,28.9,mcg,Twice Daily,Topical
903428,701791,4025,2023-10-15,76.7,mcg,Once Daily,Oral
903429,700863,4035,2024-01-11,71.2,mcg,Once Daily,Topical
903430,702583,4031,2021-08-05,90.2,mg,As Needed,Topical
903431,702939,4014,2022-04-11,78.8,mg,As Needed,IV
903432,702176,4042,2022-08-11,7.8,mL,Twice Daily,Oral
903433,704161,4030,2022-09-01,95.4,mg,Twice Daily,Oral
903434,702159,4039,2023-09-05,75.1,units,Once Daily,IM
903435,702812,4022,2021-11-21,34.9,mL,As Needed,IV
903436,700846,4033,2023-05-08,64.7,units,Once Daily,IV
903437,703248,4030,2025-09-07,76.5,mL,Twice Daily,Subcutaneous
903438,702881,4044,2024-01-25,14.1,mg,As Needed,IV
903439,701560,4024,2025-12-24,96.6,mcg,Three Times Daily,Topical
903440,703195,4023,2022-01-16,65.2,mg,Three Times Daily,IV
903441,702620,4008,2024-06-30,2.5,mL,Three Times Daily,Topical
903442,700444,4001,2025-03-10,55.6,units,Once Daily,Subcutaneous
903443,701097,4005,2022-04-01,19.8,units,Three Times Daily,IM
903444,703998,4013,2023-02-16,25.5,units,Three Times Daily,Oral
903445,705374,4032,2022-11-15,7.4,mL,Once Daily,IV
903446,701001,4025,2023-12-09,42.0,units,As Needed,Topical
903447,706332,4040,2024-01-09,26.8,mcg,Three Times Daily,Topical
903448,702074,4025,2023-03-26,83.7,mcg,Once Daily,IM
903449,705940,4043,2022-10-28,86.1,mg,As Needed,IM
903450,700875,4006,2023-01-16,3.2,mg,Three Times Daily,IV
903451,701216,4012,2024-09-25,77.4,mL,Three Times Daily,Subcutaneous
903452,704406,4016,2021-09-29,4.4,mcg,Three Times Daily,Oral
903453,706437,4042,2023-09-20,45.0,mg,Three Times Daily,IM
903454,700068,4026,2024-02-04,10.9,mcg,As Needed,Subcutaneous
903455,702336,4043,2022-02-24,56.3,mL,Once Daily,Oral
903456,702806,4026,2023-03-11,95.6,mcg,As Needed,IM
903457,703083,4022,2023-10-10,23.4,mL,As Needed,IM
903458,704859,4027,2021-06-08,84.0,mcg,Three Times Daily,Topical
903459,704299,4016,2023-01-09,78.5,mg,As Needed,Topical
903460,701229,4009,2021-08-28,76.1,mcg,As Needed,Topical
903461,700953,4012,2024-08-23,27.0,mcg,Three Times Daily,IV
903462,706358,4003,2021-05-30,62.2,mL,Once Daily,IM
903463,702588,4014,2022-04-01,9.0,units,As Needed,Subcutaneous
903464,702142,4014,2024-12-09,48.6,mcg,Three Times Daily,Oral
903465,701608,4019,2023-06-07,92.0,mg,Twice Daily,IM
903466,702637,4023,2021-07-28,51.4,mg,Three Times Daily,IV
903467,701345,4025,2023-09-17,3.9,mcg,Twice Daily,Topical
903468,700083,4020,2023-07-02,70.0,mL,Three Times Daily,IM
903469,700552,4010,2025-03-22,87.3,units,Once Daily,Topical
903470,701178,4021,2022-06-10,20.1,units,Twice Daily,Subcutaneous
903471,705011,4007,2023-11-20,16.2,mcg,Three Times Daily,Subcutaneous
903472,703189,4014,2021-04-26,3.3,mcg,Once Daily,Topical
903473,705881,4009,2022-03-06,76.4,mL,Once Daily,Oral
903474,704885,4033,2025-09-28,91.2,units,As Needed,IM
903475,706000,4001,2021-05-01,49.1,mg,Once Daily,Subcutaneous
903476,703937,4016,2024-03-09,28.1,units,Three Times Daily,Topical
903477,701599,4036,2021-07-22,92.5,mL,Three Times Daily,IV
903478,700297,4043,2021-10-20,20.2,units,As Needed,Oral
903479,706292,4011,2025-04-26,42.6,units,Once Daily,Topical
903480,706419,4024,2023-11-09,90.5,units,Once Daily,Topical
903481,700761,4005,2024-01-07,98.8,mcg,Twice Daily,IV
903482,705269,4005,2023-01-31,26.8,units,Twice Daily,Oral
903483,703796,4026,2022-08-25,95.2,mcg,Twice Daily,Topical
903484,700618,4010,2022-12-31,48.4,mcg,Twice Daily,Subcutaneous
903485,701271,4016,2025-05-27,63.8,mcg,Once Daily,Subcutaneous
903486,704822,4030,2021-01-06,76.1,mL,Twice Daily,IV
903487,702210,4042,2022-05-30,37.5,mL,Once Daily,IV
903488,701510,4006,2023-01-27,83.5,mL,As Needed,IV
903489,705934,4022,2025-04-30,92.3,mcg,As Needed,IV
903490,705115,4001,2023-04-29,76.3,units,As Needed,Topical
903491,700238,4018,2024-12-18,12.1,mcg,Three Times Daily,Oral
903492,700340,4017,2022-01-10,5.8,units,As Needed,IV
903493,704378,4018,2025-10-01,30.5,mg,Twice Daily,IM
903494,702975,4035,2023-08-13,77.4,mL,As Needed,IV
903495,706374,4019,2021-08-31,85.9,mL,As Needed,IV
903496,702729,4009,2023-11-29,41.3,mcg,Three Times Daily,Oral
903497,701092,4014,2021-12-15,12.8,units,As Needed,Topical
903498,701958,4039,2023-09-15,74.8,mL,Twice Daily,IV
903499,701403,4009,2023-05-17,84.2,units,Twice Daily,Topical
903500,700315,4007,2021-05-23,11.4,units,Once Daily,IV
903501,702854,4017,2023-08-25,42.8,mL,Twice Daily,IM
903502,702654,4004,2024-12-06,64.4,mg,Twice Daily,Topical
903503,700073,4004,2022-01-17,75.5,units,Once Daily,IM
903504,704580,4025,2024-12-29,95.1,units,Once Daily,Subcutaneous
903505,702978,4039,2023-07-02,20.4,mcg,Three Times Daily,IV
903506,705401,4013,2022-10-31,91.0,units,Three Times Daily,Topical
903507,705304,4043,2023-02-17,84.9,units,Three Times Daily,IV
903508,702516,4040,2025-02-23,50.5,units,Once Daily,IV
903509,705295,4014,2021-03-21,59.4,mL,As Needed,Oral
903510,704379,4038,2021-08-09,70.2,units,Twice Daily,IV
903511,702786,4027,2024-05-13,89.7,mg,Once Daily,IV
903512,702643,4011,2021-06-13,55.7,mg,Once Daily,Topical
903513,703382,4007,2021-11-17,22.2,units,Three Times Daily,IV
903514,701530,4028,2025-03-09,43.0,units,Once Daily,IM
903515,704985,4016,2021-06-07,33.5,units,Twice Daily,Topical
903516,701850,4028,2022-02-07,95.0,mL,Three Times Daily,Subcutaneous
903517,704444,4031,2024-11-02,10.6,units,Three Times Daily,IV
903518,704073,4022,2022-12-28,46.8,units,Three Times Daily,Subcutaneous
903519,702198,4009,2024-01-17,98.8,mg,Twice Daily,IV
903520,704583,4037,2021-05-02,50.7,units,As Needed,Oral
903521,704421,4031,2024-05-11,43.9,mcg,Once Daily,IV
903522,702340,4031,2021-07-14,66.5,mL,Three Times Daily,IV
903523,706300,4021,2023-05-23,22.9,mg,Once Daily,Oral
903524,704396,4005,2024-09-05,84.7,mg,Three Times Daily,Topical
903525,702845,4019,2022-11-25,47.9,mL,Twice Daily,Oral
903526,702253,4021,2021-06-08,41.6,mcg,As Needed,IV
903527,703549,4030,2023-10-10,42.7,mg,Once Daily,Oral
903528,705478,4037,2021-11-02,68.5,units,Twice Daily,Topical
903529,700878,4013,2024-09-06,65.9,mL,Once Daily,IV
903530,701155,4001,2022-07-11,51.4,mcg,As Needed,Topical
903531,702159,4006,2023-07-15,59.8,mg,Three Times Daily,Oral
903532,700741,4044,2022-09-27,86.7,units,Three Times Daily,Topical
903533,701381,4019,2023-09-16,80.8,mcg,Twice Daily,Topical
903534,704432,4023,2022-12-13,52.4,mg,As Needed,Oral
903535,700345,4030,2024-11-20,93.2,mg,Three Times Daily,IM
903536,703666,4019,2021-03-08,46.3,units,Three Times Daily,Oral
903537,705713,4014,2025-07-13,31.2,mcg,Three Times Daily,Oral
903538,701035,4007,2021-10-24,16.2,mcg,Twice Daily,Topical
903539,700643,4045,2025-12-22,22.8,mcg,Once Daily,Oral
903540,702981,4010,2023-09-02,67.8,mcg,Once Daily,Subcutaneous
903541,701208,4032,2022-03-29,57.9,mL,Three Times Daily,Oral
903542,701567,4014,2025-05-02,13.5,mL,As Needed,Subcutaneous
903543,704960,4040,2022-09-04,48.1,mcg,Twice Daily,Oral
903544,700344,4017,2022-01-17,15.8,units,As Needed,Subcutaneous
903545,702557,4039,2022-03-24,40.8,mcg,Twice Daily,IV
903546,703887,4014,2023-06-18,24.7,units,Three Times Daily,IM
903547,701020,4002,2021-08-23,49.1,units,Twice Daily,Topical
903548,700444,4045,2022-04-04,86.4,mcg,Three Times Daily,Topical
903549,701881,4013,2022-04-27,30.1,units,As Needed,Topical
903550,703505,4013,2025-01-22,97.3,mcg,Twice Daily,Subcutaneous
903551,704811,4041,2023-09-02,50.1,units,Twice Daily,Subcutaneous
903552,700152,4021,2022-03-09,17.8,units,Twice Daily,Subcutaneous
903553,702332,4027,2025-09-11,66.9,mL,Twice Daily,IM
903554,701848,4030,2025-03-20,86.7,mcg,Once Daily,Subcutaneous
903555,700492,4031,2021-12-20,48.1,mcg,As Needed,IV
903556,703871,4024,2022-11-13,89.2,units,As Needed,IV
903557,706344,4028,2025-07-25,77.3,units,Three Times Daily,Topical
903558,703101,4010,2025-09-27,11.9,units,Three Times Daily,IV
903559,703154,4029,2021-04-29,85.6,mL,Three Times Daily,Oral
903560,705963,4034,2023-06-26,11.9,mg,Once Daily,IV
903561,706236,4019,2022-07-02,38.9,mL,As Needed,Topical
903562,704588,4017,2022-04-16,93.2,mg,As Needed,IM
903563,706210,4034,2025-12-12,27.3,mg,Twice Daily,IV
903564,703209,4014,2023-04-06,1.4,mg,Three Times Daily,Oral
903565,701969,4028,2025-04-15,43.0,mcg,As Needed,IM
903566,704389,4011,2022-05-15,94.2,mg,Three Times Daily,IM
903567,704950,4038,2022-10-11,42.7,mg,Twice Daily,Oral
903568,706336,4040,2024-12-30,11.2,mcg,Twice Daily,Topical
903569,701045,4007,2024-04-27,42.3,mcg,Three Times Daily,Subcutaneous
903570,700290,4018,2025-02-12,98.7,mL,Twice Daily,IM
903571,702034,4033,2022-04-03,20.6,mg,Once Daily,Topical
903572,702903,4011,2023-06-04,91.4,units,Twice Daily,IV
903573,700357,4041,2021-06-15,12.3,mcg,Three Times Daily,Topical
903574,704483,4020,2024-04-06,11.2,mL,As Needed,IV
903575,705355,4042,2021-12-30,5.3,mL,As Needed,Topical
903576,704074,4039,2022-08-06,16.5,units,As Needed,IM
903577,704327,4018,2025-08-12,94.2,mcg,Once Daily,IM
903578,702839,4042,2024-09-09,82.2,units,Twice Daily,Oral
903579,703620,4015,2021-10-31,33.7,mg,Twice Daily,IV
903580,703917,4035,2021-09-13,14.4,units,Twice Daily,Topical
903581,704399,4004,2025-02-07,56.3,mL,Twice Daily,Subcutaneous
903582,702673,4038,2023-09-29,12.8,mL,Once Daily,Topical
903583,702617,4035,2025-05-31,67.6,mL,Once Daily,Topical
903584,704387,4039,2025-01-01,88.4,units,Three Times Daily,Topical
903585,704743,4044,2023-02-25,52.6,mL,As Needed,IM
903586,702478,4043,2024-04-18,23.6,mg,Once Daily,Topical
903587,701467,4028,2022-03-16,31.8,mg,As Needed,IM
903588,704994,4038,2024-09-15,38.5,mL,As Needed,Topical
903589,705404,4024,2024-09-14,96.0,units,Once Daily,IV
903590,700841,4006,2021-04-19,86.1,units,Twice Daily,Topical
903591,703052,4030,2023-04-12,54.8,units,Twice Daily,Subcutaneous
903592,701671,4034,2021-11-16,68.5,units,Twice Daily,IM
903593,702342,4005,2021-07-14,10.2,mL,Three Times Daily,IV
903594,704946,4011,2024-03-04,18.7,mcg,Once Daily,IM
903595,704384,4009,2024-02-27,55.3,mg,Once Daily,IV
903596,701420,4013,2022-11-25,13.1,mL,As Needed,Oral
903597,702547,4017,2021-08-19,2.5,mg,Once Daily,Topical
903598,703243,4043,2025-09-19,11.0,units,Three Times Daily,IM
903599,702636,4008,2021-04-04,10.8,mcg,Twice Daily,Oral
903600,704522,4027,2022-08-21,74.2,mg,Three Times Daily,Subcutaneous
903601,704685,4002,2023-10-28,85.1,mg,Twice Daily,Subcutaneous
903602,706225,4019,2021-10-10,81.5,mg,Three Times Daily,IV
903603,704564,4039,2023-06-18,99.1,mcg,Three Times Daily,Subcutaneous
903604,702027,4031,2024-02-14,88.7,mg,Once Daily,IM
903605,701161,4043,2024-01-23,43.0,units,Three Times Daily,Topical
903606,703000,4022,2021-08-10,45.2,mL,Once Daily,Subcutaneous
903607,700200,4011,2024-08-27,31.1,mL,As Needed,IM
903608,704417,4014,2024-06-22,22.2,mcg,As Needed,Topical
903609,703890,4016,2022-05-15,79.3,mL,Once Daily,Oral
903610,701784,4030,2021-06-20,64.0,mcg,As Needed,Subcutaneous
903611,703471,4034,2023-07-09,14.5,mg,Once Daily,IM
903612,702240,4014,2023-09-02,70.3,mcg,Twice Daily,Topical
903613,704668,4032,2024-04-25,19.8,mL,As Needed,Oral
903614,706354,4035,2025-05-31,41.6,mcg,As Needed,IV
903615,702273,4036,2023-01-28,89.3,mcg,Once Daily,IM
903616,702044,4026,2024-06-19,6.9,mL,Three Times Daily,IM
903617,702095,4012,2024-03-17,37.5,mcg,As Needed,Oral
903618,703090,4008,2025-01-26,2.8,mL,Three Times Daily,Oral
903619,702613,4025,2024-05-10,44.9,mg,Twice Daily,Oral
903620,702925,4023,2024-03-05,67.9,mg,Three Times Daily,IM
903621,704161,4005,2022-10-16,0.5,mL,Once Daily,Subcutaneous
903622,702808,4013,2025-02-17,65.8,units,Once Daily,IV
903623,700429,4016,2022-12-16,65.0,units,Three Times Daily,IV
903624,705229,4031,2021-06-26,90.8,units,Twice Daily,IM
903625,705200,4007,2024-07-14,44.5,mcg,As Needed,IV
903626,704925,4039,2022-10-07,16.3,units,As Needed,Topical
903627,701264,4032,2025-09-07,68.4,units,Three Times Daily,Oral
903628,702757,4039,2025-07-01,38.9,units,As Needed,IM
903629,705716,4033,2021-11-29,17.8,units,As Needed,Oral
903630,701933,4030,2022-09-02,63.0,mL,Twice Daily,IV
903631,703443,4016,2025-12-08,11.9,mcg,Three Times Daily,Oral
903632,705750,4038,2025-07-08,16.2,mL,Three Times Daily,Topical
903633,702253,4025,2024-10-24,73.5,mcg,As Needed,Subcutaneous
903634,700551,4045,2021-07-02,69.1,mg,Three Times Daily,Topical
903635,700294,4032,2025-06-19,60.1,mcg,As Needed,Oral
903636,701121,4025,2023-05-30,78.8,mcg,Three Times Daily,Subcutaneous
903637,700660,4036,2025-02-26,15.5,mL,Twice Daily,IV
903638,700665,4036,2021-03-19,8.2,mg,Twice Daily,Oral
903639,702409,4040,2022-07-03,99.2,mcg,Once Daily,IV
903640,702067,4003,2023-09-15,51.8,units,Once Daily,Oral
903641,706486,4045,2021-05-25,96.9,mL,Twice Daily,Oral
903642,700510,4036,2022-03-15,59.6,mcg,As Needed,Topical
903643,701815,4043,2023-10-25,71.2,mg,Once Daily,Subcutaneous
903644,701263,4009,2024-08-07,29.9,mL,Three Times Daily,Oral
903645,700116,4018,2025-08-08,86.8,mg,Twice Daily,IM
903646,700278,4039,2024-07-07,39.0,mg,Once Daily,Topical
903647,703307,4033,2022-09-06,87.9,mL,As Needed,Oral
903648,703652,4013,2024-12-27,28.8,mcg,Once Daily,Oral
903649,705643,4012,2021-03-31,59.3,units,Three Times Daily,Subcutaneous
903650,704584,4003,2025-12-17,78.3,mL,Three Times Daily,Oral
903651,703103,4016,2021-07-04,78.5,mcg,Twice Daily,IV
903652,703843,4032,2025-12-17,79.0,mg,Once Daily,Oral
903653,704951,4020,2023-10-09,99.6,mcg,Three Times Daily,Oral
903654,701866,4035,2023-01-11,95.7,mg,Three Times Daily,Oral
903655,703478,4020,2023-11-08,20.7,units,Three Times Daily,IV
903656,700011,4030,2022-09-07,37.3,mL,Twice Daily,Topical
903657,705188,4016,2022-07-28,51.9,mcg,As Needed,IM
903658,700083,4040,2022-02-25,72.9,mL,Twice Daily,Topical
903659,705676,4045,2025-12-03,67.8,units,Twice Daily,IV
903660,704313,4037,2021-10-14,67.6,mL,Twice Daily,Topical
903661,700798,4033,2023-12-30,28.6,units,Twice Daily,Topical
903662,705815,4026,2025-05-05,34.1,mL,As Needed,Topical
903663,703047,4016,2021-05-07,20.9,mcg,As Needed,IV
903664,704633,4029,2023-11-28,88.1,mcg,As Needed,IM
903665,701624,4035,2021-11-07,42.2,mg,Once Daily,Oral
903666,704746,4031,2024-11-01,47.1,mg,Three Times Daily,Subcutaneous
903667,705844,4027,2022-09-24,95.8,units,Once Daily,Subcutaneous
903668,700790,4028,2025-10-01,91.7,units,Three Times Daily,IM
903669,702357,4026,2023-11-25,28.3,mg,Twice Daily,IV
903670,700537,4026,2024-03-07,88.9,mg,Twice Daily,Topical
903671,704021,4018,2025-02-20,55.0,units,As Needed,IV
903672,701432,4045,2022-01-13,65.6,mL,Once Daily,Topical
903673,703832,4045,2021-12-31,43.2,units,Once Daily,IM
903674,706241,4005,2021-01-09,98.4,mg,Twice Daily,Oral
903675,703749,4005,2025-07-25,68.6,mcg,Twice Daily,IM
903676,704781,4030,2025-08-26,35.4,mcg,Twice Daily,Topical
903677,705799,4007,2023-08-25,57.3,units,Twice Daily,Topical
903678,703973,4009,2021-01-10,86.9,mcg,Twice Daily,IV
903679,705479,4011,2021-12-25,6.9,mg,Twice Daily,IV
903680,700808,4029,2021-01-22,22.3,mL,Once Daily,Subcutaneous
903681,700555,4036,2025-10-06,1.2,mcg,Once Daily,IM
903682,703727,4035,2024-02-02,16.3,mcg,Twice Daily,Oral
903683,703400,4034,2021-01-12,55.0,mg,Three Times Daily,IM
903684,702069,4039,2024-10-12,37.7,mcg,Twice Daily,IM
903685,701407,4044,2021-02-09,49.7,mcg,As Needed,Oral
903686,706481,4026,2025-05-27,48.8,mcg,Twice Daily,Topical
903687,702236,4013,2025-06-10,19.2,mg,Three Times Daily,IV
903688,704828,4019,2021-03-11,82.3,units,Three Times Daily,Topical
903689,704722,4010,2022-08-29,34.6,mcg,As Needed,IV
903690,702527,4011,2024-12-26,83.9,units,Once Daily,IV
903691,701521,4030,2024-03-30,19.9,mcg,Once Daily,Oral
903692,706090,4036,2023-07-08,34.6,mL,As Needed,Topical
903693,701458,4004,2021-03-03,64.4,mg,Once Daily,Topical
903694,701218,4037,2022-08-31,33.6,mcg,Twice Daily,Topical
903695,703004,4030,2025-09-22,22.0,units,Twice Daily,IM
903696,705343,4032,2022-05-31,94.1,mcg,As Needed,Subcutaneous
903697,702408,4010,2024-01-25,45.4,mcg,As Needed,IM
903698,702250,4043,2023-04-22,91.8,units,Twice Daily,Oral
903699,704631,4030,2024-12-18,98.6,units,Three Times Daily,Oral
903700,702330,4045,2022-10-21,37.0,mcg,Three Times Daily,Subcutaneous
903701,703228,4031,2025-01-12,35.0,units,As Needed,Oral
903702,701719,4043,2024-04-09,21.3,mL,Once Daily,Topical
903703,703717,4041,2024-03-17,51.3,mg,Once Daily,Topical
903704,703939,4042,2022-01-05,22.0,units,Once Daily,Subcutaneous
903705,701330,4023,2023-11-23,25.1,mcg,Twice Daily,IM
903706,700394,4011,2021-03-25,75.8,mL,Three Times Daily,IV
903707,705385,4013,2024-05-26,44.0,units,As Needed,Topical
903708,702945,4039,2024-01-14,21.9,units,Three Times Daily,Oral
903709,703105,4043,2023-01-02,30.2,mL,Once Daily,Topical
903710,701296,4024,2021-07-16,19.8,units,As Needed,IM
903711,704802,4044,2021-05-03,24.4,units,Twice Daily,Topical
903712,706375,4023,2022-03-07,74.9,mg,Once Daily,Oral
903713,701737,4033,2022-03-20,85.4,mL,As Needed,Topical
903714,700522,4026,2025-09-10,95.5,mg,Twice Daily,Topical
903715,703739,4019,2021-04-23,99.1,mL,Three Times Daily,IV
903716,700292,4039,2022-02-23,41.0,mg,As Needed,IV
903717,700719,4021,2023-11-29,7.1,mg,Twice Daily,IV
903718,702999,4010,2023-08-27,60.5,units,Once Daily,Topical
903719,704150,4029,2024-04-09,7.4,units,Once Daily,Topical
903720,701055,4041,2021-07-26,69.8,mg,Once Daily,IV
903721,701834,4035,2023-10-18,70.5,mcg,Three Times Daily,IM
903722,700282,4016,2022-12-26,15.2,mg,Three Times Daily,IM
903723,701684,4035,2025-09-04,76.3,mcg,As Needed,IM
903724,706284,4034,2021-09-24,26.6,mg,As Needed,Topical
903725,703687,4034,2021-12-28,38.4,mcg,As Needed,Subcutaneous
903726,702406,4037,2023-09-05,6.6,mL,Twice Daily,Subcutaneous
903727,704476,4044,2023-06-18,43.4,mg,Twice Daily,Subcutaneous
903728,706429,4021,2021-03-21,30.7,mL,As Needed,Oral
903729,704659,4014,2025-06-22,64.0,units,Twice Daily,Topical
903730,705776,4006,2022-12-17,27.3,mL,Once Daily,IM
903731,705530,4021,2023-05-23,62.1,mcg,Twice Daily,IV
903732,706162,4018,2023-04-14,30.4,mL,Once Daily,Oral
903733,706136,4007,2021-03-14,23.9,mcg,Twice Daily,IV
903734,706453,4039,2023-08-02,74.4,mg,Twice Daily,Oral
903735,703999,4038,2025-05-17,31.2,mcg,As Needed,Topical
903736,700437,4025,2021-04-13,21.5,mcg,Twice Daily,Oral
903737,704320,4019,2021-04-13,95.8,mg,Twice Daily,IV
903738,705847,4031,2024-12-10,85.7,mcg,Three Times Daily,Subcutaneous
903739,705945,4024,2021-11-27,48.2,mcg,Once Daily,Topical
903740,701679,4032,2021-07-27,7.9,mg,Twice Daily,Subcutaneous
903741,703992,4031,2022-10-05,53.4,units,As Needed,IM
903742,702901,4029,2023-10-17,4.0,mg,Twice Daily,IV
903743,703905,4034,2022-03-15,83.2,mL,As Needed,Topical
903744,703093,4004,2024-04-29,42.7,mcg,As Needed,IV
903745,700398,4044,2021-05-28,21.8,mg,Once Daily,IV
903746,702898,4043,2021-11-09,76.6,mL,Twice Daily,Oral
903747,705306,4041,2024-07-31,16.9,units,Three Times Daily,IV
903748,700797,4028,2021-09-24,69.7,mg,As Needed,IM
903749,700867,4021,2024-03-19,64.1,units,Once Daily,Topical
903750,703417,4002,2021-11-08,16.6,mg,Three Times Daily,Topical
903751,700707,4022,2024-09-17,66.6,units,Three Times Daily,IM
903752,705401,4016,2021-08-29,78.3,mg,As Needed,IV
903753,703166,4038,2021-06-20,77.9,mcg,Once Daily,Oral
903754,703847,4044,2022-08-18,60.5,mL,Once Daily,Oral
903755,701656,4006,2021-04-14,10.1,units,As Needed,Topical
903756,704712,4017,2021-02-22,17.5,units,As Needed,IM
903757,700111,4017,2021-11-28,30.1,mcg,Three Times Daily,IV
903758,702283,4027,2025-10-25,93.8,mcg,Once Daily,Subcutaneous
903759,701920,4006,2025-01-21,10.0,units,Once Daily,Subcutaneous
903760,702580,4004,2021-05-02,55.2,mL,Once Daily,IM
903761,702922,4004,2022-10-09,89.3,mcg,As Needed,IM
903762,705233,4023,2021-03-14,44.1,units,As Needed,Oral
903763,703038,4022,2023-05-21,88.2,mL,Twice Daily,IV
903764,701669,4024,2022-04-28,32.6,mcg,Twice Daily,Oral
903765,704634,4005,2025-10-18,44.5,units,As Needed,Oral
903766,701478,4036,2024-04-23,59.8,mcg,Three Times Daily,IM
903767,705719,4003,2025-02-07,65.3,mg,As Needed,Topical
903768,706010,4037,2023-06-09,39.6,mg,Three Times Daily,Oral
903769,705766,4045,2022-06-15,46.3,mL,Twice Daily,IV
903770,705083,4012,2023-05-13,61.4,mL,Three Times Daily,IM
903771,706045,4023,2025-06-14,85.2,mg,As Needed,Topical
903772,704028,4016,2021-12-10,36.0,mcg,As Needed,Oral
903773,705865,4036,2024-05-21,56.2,units,Three Times Daily,IV
903774,706347,4008,2023-11-03,76.0,mg,Once Daily,Oral
903775,702826,4002,2022-12-26,96.2,mL,Once Daily,IM
903776,702791,4029,2022-03-27,12.6,mg,Once Daily,Oral
903777,705219,4024,2023-12-14,8.4,mL,Three Times Daily,Topical
903778,703854,4034,2024-03-31,4.2,mcg,As Needed,IV
903779,702139,4043,2023-01-02,21.7,units,Three Times Daily,IM
903780,706455,4036,2024-10-09,53.2,mcg,Three Times Daily,Oral
903781,700950,4007,2021-02-08,17.3,mL,Three Times Daily,Topical
903782,700724,4014,2021-07-09,25.1,mg,As Needed,IM
903783,704093,4023,2021-12-23,16.8,mg,Once Daily,IV
903784,705029,4043,2025-07-08,88.0,units,Once Daily,Oral
903785,706142,4006,2024-11-03,87.3,units,Once Daily,Topical
903786,704655,4001,2022-09-15,46.5,units,Three Times Daily,Oral
903787,701633,4037,2022-10-03,33.2,units,Once Daily,Topical
903788,705134,4044,2024-03-05,92.3,mg,Once Daily,Subcutaneous
903789,703958,4018,2025-03-29,63.2,mcg,Once Daily,IV
903790,700064,4036,2023-10-15,16.7,mcg,Twice Daily,Subcutaneous
903791,702087,4043,2025-12-01,81.1,units,Three Times Daily,IM
903792,704978,4027,2023-08-07,31.4,units,Twice Daily,IV
903793,700124,4028,2024-02-25,86.3,mL,As Needed,IM
903794,705090,4015,2024-09-28,53.8,mcg,Once Daily,IM
903795,702489,4007,2022-02-03,69.4,mL,As Needed,Oral
903796,701421,4001,2022-06-06,71.3,mcg,Three Times Daily,IM
903797,702518,4034,2024-01-19,5.2,mL,Once Daily,Oral
903798,705918,4004,2023-11-24,73.8,mL,Once Daily,IM
903799,701634,4032,2023-08-20,23.5,mcg,Twice Daily,Topical
903800,704104,4043,2024-02-25,76.4,units,As Needed,IV
903801,706308,4020,2024-05-18,31.2,mcg,As Needed,Oral
903802,701597,4009,2021-08-31,9.8,mg,As Needed,Topical
903803,703256,4006,2023-02-16,60.7,mcg,As Needed,Topical
903804,705481,4041,2024-02-15,98.9,mL,Twice Daily,Oral
903805,705914,4021,2022-09-30,3.0,mL,Three Times Daily,IM
903806,705385,4040,2022-01-27,2.2,mL,Twice Daily,Topical
903807,704823,4016,2025-03-10,18.8,units,Twice Daily,Oral
903808,705929,4001,2021-11-21,14.0,mcg,Twice Daily,IM
903809,703215,4044,2025-06-02,72.9,units,Three Times Daily,Subcutaneous
903810,705377,4036,2021-04-23,60.5,mL,Once Daily,IV
903811,700467,4040,2024-01-14,8.7,mcg,Three Times Daily,IV
903812,702817,4018,2025-09-16,12.1,units,Twice Daily,IV
903813,705221,4044,2023-01-30,76.3,mcg,Twice Daily,Topical
903814,700257,4040,2023-12-19,21.7,mL,Once Daily,IM
903815,704470,4009,2025-03-04,15.0,mcg,Once Daily,Topical
903816,701171,4021,2024-04-08,6.1,units,Twice Daily,Subcutaneous
903817,705954,4009,2022-06-19,79.4,mL,Once Daily,Oral
903818,702932,4012,2025-03-03,94.1,units,Twice Daily,IV
903819,702504,4037,2022-02-27,84.3,mg,Three Times Daily,Oral
903820,705634,4024,2022-08-21,1.9,mcg,Once Daily,IM
903821,701936,4005,2021-05-19,25.2,mg,As Needed,Oral
903822,706223,4013,2024-08-21,80.9,mL,Three Times Daily,Topical
903823,706182,4035,2023-07-02,77.6,mcg,As Needed,IV
903824,704546,4036,2021-02-09,18.8,mcg,As Needed,IM
903825,700386,4026,2022-09-23,77.2,mg,As Needed,Oral
903826,702321,4031,2025-08-11,31.6,mcg,Once Daily,Subcutaneous
903827,700976,4044,2024-02-29,98.8,units,Once Daily,Topical
903828,703032,4021,2023-12-02,91.0,mcg,Once Daily,Subcutaneous
903829,704916,4023,2023-11-19,87.7,mL,Twice Daily,IV
903830,703909,4011,2021-04-16,47.0,units,Twice Daily,Oral
903831,706488,4040,2025-05-30,53.3,mL,Once Daily,IM
903832,706366,4007,2021-02-05,68.4,mg,As Needed,Oral
903833,703968,4036,2025-08-06,17.2,mcg,Three Times Daily,IV
903834,705921,4019,2022-04-03,55.9,mcg,Twice Daily,IM
903835,704814,4021,2025-06-12,76.8,mL,Three Times Daily,IM
903836,704275,4030,2021-06-11,5.9,mL,Three Times Daily,Oral
903837,701407,4007,2025-10-20,22.9,mg,Once Daily,Subcutaneous
903838,700490,4010,2024-12-22,83.3,mL,Once Daily,IV
903839,701558,4021,2023-06-25,41.3,mcg,Once Daily,IM
903840,700467,4023,2021-08-07,16.3,units,As Needed,Topical
903841,702624,4027,2023-04-10,29.7,units,Three Times Daily,Oral
903842,700745,4015,2022-06-26,72.1,mg,Three Times Daily,Topical
903843,701515,4039,2025-09-22,62.3,mcg,Twice Daily,Topical
903844,700314,4045,2022-08-10,60.0,mL,As Needed,Oral
903845,701306,4029,2022-06-15,40.9,mcg,Once Daily,IM
903846,705283,4029,2022-02-14,73.3,mL,As Needed,Subcutaneous
903847,703916,4016,2024-11-05,75.6,units,As Needed,IM
903848,701026,4030,2022-06-14,72.6,mL,Once Daily,Oral
903849,705414,4007,2022-05-27,79.9,mL,Three Times Daily,IM
903850,704676,4028,2024-05-01,28.0,mL,As Needed,IM
903851,704652,4021,2024-03-28,91.2,mg,Three Times Daily,Topical
903852,704658,4030,2021-07-29,34.3,units,Three Times Daily,IV
903853,703439,4002,2024-03-13,28.1,mL,Once Daily,Subcutaneous
903854,703515,4014,2024-04-25,66.1,mg,As Needed,IM
903855,702837,4036,2021-06-16,96.3,mL,Three Times Daily,Subcutaneous
903856,700327,4004,2021-05-05,26.0,mg,Three Times Daily,IM
903857,705946,4035,2023-11-18,19.4,units,As Needed,Oral
903858,705162,4037,2021-05-22,5.6,mg,Twice Daily,IM
903859,702994,4043,2023-05-05,47.3,mcg,Once Daily,Oral
903860,704012,4002,2023-12-29,90.5,units,As Needed,Oral
903861,706074,4020,2024-07-08,90.1,mL,Once Daily,Subcutaneous
903862,702023,4006,2024-06-23,77.3,mg,Three Times Daily,Topical
903863,702963,4032,2021-03-10,25.5,mL,Once Daily,Topical
903864,704081,4039,2025-07-20,49.0,mg,As Needed,Oral
903865,705517,4018,2025-11-16,12.0,mcg,Once Daily,Topical
903866,702320,4031,2025-06-10,58.0,mcg,As Needed,IM
903867,704832,4005,2022-11-28,96.3,mL,Twice Daily,Topical
903868,702712,4013,2022-03-18,75.2,units,Once Daily,IM
903869,700820,4001,2025-10-24,44.3,mg,Twice Daily,Subcutaneous
903870,706457,4006,2024-10-27,66.0,units,Once Daily,Subcutaneous
903871,700234,4039,2023-04-19,57.7,units,As Needed,IM
903872,704312,4034,2023-07-07,65.8,mL,Three Times Daily,IM
903873,703618,4016,2025-06-06,6.3,mL,Three Times Daily,Topical
903874,701746,4026,2025-08-17,63.5,mcg,As Needed,Subcutaneous
903875,702777,4013,2024-02-18,57.1,units,As Needed,IV
903876,700551,4004,2025-04-16,98.9,units,Twice Daily,IV
903877,704559,4036,2025-06-14,7.6,mcg,Twice Daily,IM
903878,702692,4010,2022-06-11,37.4,mg,Twice Daily,Topical
903879,704885,4010,2025-07-02,84.8,mg,Once Daily,IM
903880,700032,4027,2021-07-27,41.1,mcg,As Needed,IV
903881,703801,4015,2024-07-25,99.1,mL,Three Times Daily,IV
903882,700770,4035,2021-07-05,8.1,units,Twice Daily,IM
903883,704937,4026,2025-04-04,3.0,mg,As Needed,IM
903884,703106,4034,2021-06-13,73.6,units,As Needed,Oral
903885,705840,4027,2022-11-18,95.1,mL,Twice Daily,Topical
903886,706176,4004,2023-02-16,5.8,mg,Twice Daily,IV
903887,703631,4012,2021-08-04,69.8,mcg,Twice Daily,IV
903888,705768,4042,2022-11-11,45.0,units,Three Times Daily,Subcutaneous
903889,702349,4041,2023-04-06,50.6,mL,Twice Daily,IM
903890,700432,4023,2021-08-15,70.9,mg,Twice Daily,Subcutaneous
903891,706375,4042,2023-01-03,22.9,mcg,As Needed,IM
903892,704435,4030,2022-05-14,52.3,mL,Twice Daily,Topical
903893,705747,4033,2025-02-04,67.6,mg,Twice Daily,IV
903894,701484,4016,2024-05-29,17.8,units,Once Daily,Oral
903895,700468,4042,2024-03-23,39.5,mg,Once Daily,Oral
903896,703327,4028,2024-04-16,47.5,mcg,As Needed,Topical
903897,702820,4004,2021-07-01,7.3,mcg,Twice Daily,Subcutaneous
903898,705396,4023,2024-03-20,98.8,mg,Once Daily,IM
903899,705466,4006,2025-11-27,0.9,mg,Once Daily,Topical
903900,702225,4017,2024-05-12,11.1,units,As Needed,IV
903901,702622,4033,2024-04-23,67.0,mcg,Once Daily,Subcutaneous
903902,702662,4007,2021-09-04,5.3,mcg,As Needed,Topical
903903,703669,4037,2021-05-16,93.9,mL,Three Times Daily,IV
903904,701928,4029,2025-01-15,96.5,units,Once Daily,IV
903905,700802,4003,2021-06-12,48.1,mg,Once Daily,IM
903906,703655,4019,2021-10-24,58.6,mg,Three Times Daily,Topical
903907,702878,4030,2024-02-03,88.3,mg,Twice Daily,Subcutaneous
903908,703172,4041,2023-04-16,23.3,mL,As Needed,Topical
903909,700583,4038,2022-10-06,42.1,mcg,Once Daily,Topical
903910,700777,4032,2025-06-22,88.7,units,Once Daily,Topical
903911,703723,4005,2025-04-28,36.1,mg,Once Daily,IM
903912,706087,4018,2021-12-15,92.8,mcg,As Needed,Oral
903913,701602,4021,2022-05-28,68.6,mL,As Needed,Subcutaneous
903914,703120,4018,2023-09-03,74.2,units,Twice Daily,IM
903915,702216,4001,2024-08-13,65.7,units,Once Daily,Topical
903916,702396,4013,2024-03-31,75.5,mL,As Needed,IM
903917,701108,4040,2022-04-07,85.8,mL,As Needed,IM
903918,700996,4012,2021-09-17,94.6,mg,Twice Daily,IM
903919,701410,4041,2023-07-09,20.6,mg,Once Daily,Topical
903920,700111,4026,2025-02-12,97.7,mcg,Twice Daily,Topical
903921,703006,4036,2025-01-05,82.1,mL,Once Daily,Oral
903922,703270,4020,2021-04-08,52.2,units,As Needed,Oral
903923,703983,4015,2025-05-24,41.5,units,Twice Daily,IV
903924,704198,4001,2022-06-28,42.5,mcg,Once Daily,Subcutaneous
903925,701903,4013,2023-03-11,60.7,mL,Twice Daily,Subcutaneous
903926,703489,4025,2023-08-11,70.4,mg,Once Daily,IV
903927,704384,4011,2024-01-11,68.9,units,Once Daily,IM
903928,704734,4027,2023-03-26,23.4,mcg,Twice Daily,IM
903929,703012,4017,2023-09-02,55.7,mg,As Needed,Oral
903930,701987,4022,2023-08-04,53.9,mcg,Once Daily,IV
903931,705393,4029,2023-01-11,20.7,units,Once Daily,IV
903932,704597,4038,2023-11-18,40.2,mg,Twice Daily,Subcutaneous
903933,702983,4012,2021-04-15,59.6,mcg,As Needed,Topical
903934,706476,4039,2024-01-12,89.9,mg,As Needed,Subcutaneous
903935,705634,4044,2021-05-13,34.9,mL,Three Times Daily,Topical
903936,705887,4044,2023-02-24,25.8,mL,Three Times Daily,IM
903937,704261,4041,2023-11-06,9.8,mL,Twice Daily,Topical
903938,704143,4010,2025-06-16,60.9,mg,Twice Daily,Subcutaneous
903939,702424,4045,2022-02-09,74.4,mg,Twice Daily,Subcutaneous
903940,704279,4032,2023-10-31,20.3,mcg,Once Daily,IM
903941,705345,4012,2023-11-17,61.9,mL,As Needed,Subcutaneous
903942,704863,4002,2024-05-05,96.8,mL,As Needed,IM
903943,704395,4002,2024-12-04,69.0,mL,As Needed,IV
903944,700443,4019,2025-04-07,60.2,mcg,Three Times Daily,Oral
903945,705925,4040,2023-09-18,6.7,units,Once Daily,Subcutaneous
903946,702178,4036,2024-09-12,98.6,mL,Once Daily,Topical
903947,703982,4006,2021-12-25,47.1,mcg,Three Times Daily,IM
903948,703695,4015,2025-03-14,50.4,mg,Once Daily,Oral
903949,705010,4006,2024-01-16,79.7,mg,As Needed,IV
903950,701532,4043,2025-12-26,46.7,mcg,Three Times Daily,IM
903951,703746,4002,2025-12-07,50.8,mL,Once Daily,Oral
903952,706050,4038,2024-10-03,82.3,mL,Twice Daily,Topical
903953,704979,4040,2021-12-09,21.7,units,Twice Daily,IV
903954,706091,4013,2025-09-15,19.8,mg,As Needed,Topical
903955,704201,4022,2021-09-07,30.8,mL,Twice Daily,Topical
903956,701079,4013,2023-07-28,54.5,mcg,Three Times Daily,IV
903957,706452,4038,2025-07-24,63.1,mL,Once Daily,Topical
903958,701700,4014,2025-12-13,80.5,units,Twice Daily,Subcutaneous
903959,701961,4042,2023-11-10,35.6,mcg,Twice Daily,Topical
903960,703768,4014,2022-09-24,21.6,mcg,As Needed,Oral
903961,701568,4017,2022-04-11,41.6,mcg,Once Daily,IM
903962,703806,4020,2022-10-18,17.8,mcg,As Needed,Topical
903963,702346,4003,2021-02-21,27.4,mcg,Twice Daily,IV
903964,701814,4042,2022-12-20,7.2,mcg,Twice Daily,Subcutaneous
903965,704316,4027,2022-11-29,7.9,mL,As Needed,IM
903966,702085,4005,2022-10-11,21.3,mL,Three Times Daily,Topical
903967,704460,4027,2024-09-27,33.6,units,Once Daily,Oral
903968,703414,4037,2021-08-23,94.4,units,Once Daily,IV
903969,703464,4025,2022-12-23,48.8,mL,As Needed,Topical
903970,701287,4006,2024-04-25,13.0,mcg,Three Times Daily,Subcutaneous
903971,702799,4002,2024-06-11,19.0,mg,As Needed,Topical
903972,704362,4037,2023-02-09,26.3,mg,Twice Daily,Topical
903973,704012,4040,2023-07-03,90.5,mL,Twice Daily,Oral
903974,700674,4015,2021-07-18,36.7,units,Once Daily,Oral
903975,706151,4010,2025-02-08,93.5,mL,Twice Daily,Subcutaneous
903976,705272,4022,2022-03-26,8.7,mL,Once Daily,Oral
903977,703212,4010,2025-09-30,86.4,mg,Once Daily,Topical
903978,706063,4036,2024-06-21,45.9,mg,Three Times Daily,Subcutaneous
903979,706216,4030,2023-01-23,89.5,units,Once Daily,Subcutaneous
903980,700809,4022,2021-06-21,74.5,mL,Twice Daily,Topical
903981,705074,4002,2023-08-04,26.5,mcg,Twice Daily,IM
903982,702271,4034,2021-01-03,39.3,mL,Three Times Daily,Oral
903983,700619,4028,2025-01-18,71.4,mcg,Three Times Daily,IV
903984,702580,4004,2021-05-18,23.7,mcg,Three Times Daily,Topical
903985,705012,4021,2022-01-13,68.2,mcg,Once Daily,Subcutaneous
903986,702161,4045,2025-12-11,57.0,units,Three Times Daily,Oral
903987,700070,4017,2022-02-05,34.3,mg,Twice Daily,IM
903988,704419,4041,2021-06-15,69.1,mcg,As Needed,IV
903989,706430,4020,2025-10-11,92.8,mcg,Once Daily,Topical
903990,701560,4044,2021-02-25,90.6,mg,As Needed,IM
903991,704151,4032,2022-07-08,53.9,mg,As Needed,Topical
903992,704785,4040,2021-11-21,72.7,units,Three Times Daily,Topical
903993,704253,4043,2021-08-25,39.6,mL,Three Times Daily,Oral
903994,704253,4009,2021-07-19,23.8,mcg,Once Daily,Subcutaneous
903995,703914,4003,2024-04-12,65.5,mL,Twice Daily,IV
903996,704221,4033,2023-07-26,28.4,mg,As Needed,Subcutaneous
903997,705866,4044,2024-04-21,28.2,units,Once Daily,Subcutaneous
903998,700105,4039,2022-02-17,73.3,units,As Needed,IM
903999,705031,4036,2021-01-23,88.0,mcg,Twice Daily,Oral
904000,702209,4014,2025-12-06,51.6,mL,As Needed,Topical
904001,702632,4007,2021-05-26,4.9,mg,Twice Daily,IV
904002,700525,4044,2021-07-20,71.5,mL,Once Daily,Topical
904003,705482,4042,2024-12-03,75.6,mcg,As Needed,Oral
904004,703100,4028,2023-01-11,93.8,mcg,Once Daily,IV
904005,705376,4015,2025-07-01,55.2,mcg,Three Times Daily,IV
904006,705488,4030,2025-08-10,58.1,mcg,As Needed,Topical
904007,703467,4027,2023-10-09,71.6,mL,Twice Daily,Subcutaneous
904008,705969,4003,2022-06-23,50.8,mL,Three Times Daily,IM
904009,705904,4010,2023-05-29,21.0,mcg,Once Daily,IV
904010,700600,4038,2021-01-20,81.5,mcg,Once Daily,Topical
904011,703489,4017,2023-11-26,63.6,units,Once Daily,Topical
904012,703770,4044,2021-09-21,28.6,mg,As Needed,Oral
904013,700753,4022,2022-10-14,96.8,units,As Needed,IV
904014,701834,4017,2022-11-20,83.0,mcg,As Needed,Oral
904015,705389,4029,2022-04-23,35.1,mcg,Once Daily,Topical
904016,705442,4045,2025-11-11,2.0,mcg,Once Daily,IV
904017,704089,4036,2024-10-06,95.9,mcg,Twice Daily,Topical
904018,705554,4030,2022-03-14,11.0,units,As Needed,IV
904019,704378,4032,2021-02-09,33.3,mg,Twice Daily,Topical
904020,702620,4024,2021-07-27,18.8,mcg,Once Daily,Oral
904021,705213,4002,2022-11-16,89.6,units,Twice Daily,Oral
904022,702303,4038,2021-09-01,33.8,mL,As Needed,IV
904023,702956,4007,2022-06-03,27.8,mcg,As Needed,Topical
904024,704483,4012,2024-09-22,45.6,mg,Three Times Daily,Oral
904025,705778,4020,2021-09-09,99.5,units,Three Times Daily,Subcutaneous
904026,700694,4004,2022-04-12,52.4,units,Three Times Daily,IM
904027,704091,4041,2021-05-31,3.5,mL,As Needed,Subcutaneous
904028,703176,4041,2022-03-07,63.0,mL,Once Daily,Topical
904029,701246,4042,2025-07-20,55.1,mg,Three Times Daily,Oral
904030,701386,4002,2024-06-24,8.2,mL,As Needed,Subcutaneous
904031,702275,4038,2022-05-28,84.9,mcg,Twice Daily,Topical
904032,700753,4030,2024-12-21,9.3,mg,Once Daily,IM
904033,701865,4004,2025-07-31,6.6,mL,Twice Daily,Oral
904034,705230,4020,2023-05-28,74.3,mcg,As Needed,Topical
904035,701801,4025,2025-03-18,48.2,mg,As Needed,Subcutaneous
904036,701719,4037,2022-11-13,6.0,units,Once Daily,IM
904037,704338,4030,2024-03-16,54.1,mg,As Needed,Subcutaneous
904038,703136,4035,2023-07-16,39.6,units,As Needed,IV
904039,700177,4010,2025-10-13,73.9,mg,As Needed,IV
904040,704308,4013,2024-11-26,4.9,units,Three Times Daily,IM
904041,705616,4004,2023-08-24,35.6,mg,As Needed,Topical
904042,701873,4022,2021-05-05,49.1,mg,Three Times Daily,IV
904043,706256,4043,2024-02-25,55.5,mL,Twice Daily,IM
904044,705452,4011,2024-03-09,70.7,mg,As Needed,Topical
904045,702434,4037,2024-11-01,37.5,mg,As Needed,IV
904046,705663,4014,2025-10-24,22.1,mcg,Three Times Daily,Oral
904047,705071,4042,2024-03-15,42.0,mg,Twice Daily,IV
904048,700824,4010,2024-02-11,28.6,units,Three Times Daily,Topical
904049,705895,4024,2021-08-11,71.4,mcg,Once Daily,Subcutaneous
904050,706205,4031,2025-06-08,5.3,units,As Needed,Topical
904051,700290,4029,2022-10-29,94.5,mcg,Twice Daily,Oral
904052,701192,4019,2021-06-30,88.5,units,As Needed,Oral
904053,702352,4038,2021-11-06,32.7,units,Three Times Daily,Topical
904054,704757,4002,2023-08-01,11.0,units,Once Daily,IV
904055,700372,4025,2023-07-24,66.0,mg,Once Daily,Topical
904056,702381,4022,2023-01-28,95.0,mL,As Needed,IM
904057,703955,4001,2022-02-05,93.0,mL,Twice Daily,Topical
904058,704458,4008,2025-10-14,9.9,mcg,Three Times Daily,Topical
904059,700130,4041,2022-02-16,42.7,mg,Three Times Daily,Subcutaneous
904060,703912,4039,2025-02-26,59.4,mL,As Needed,IM
904061,700147,4002,2024-01-18,83.2,mL,Three Times Daily,Subcutaneous
904062,706013,4036,2022-02-05,47.1,mg,Three Times Daily,Subcutaneous
904063,706270,4009,2025-06-15,47.6,mcg,Twice Daily,IM
904064,702137,4028,2021-01-01,57.5,mcg,Three Times Daily,IV
904065,703057,4007,2023-02-28,95.3,mg,As Needed,IM
904066,705790,4014,2025-10-04,27.5,units,Once Daily,Oral
904067,702836,4018,2023-06-07,64.8,mcg,Twice Daily,IV
904068,706033,4040,2023-11-21,96.3,mL,Three Times Daily,IM
904069,703287,4041,2021-12-11,45.6,units,Three Times Daily,Subcutaneous
904070,700369,4032,2021-07-03,32.7,mcg,Twice Daily,Oral
904071,701765,4001,2024-01-19,29.5,units,As Needed,Topical
904072,704979,4023,2023-05-11,65.5,mL,Once Daily,Topical
904073,700470,4040,2021-04-12,47.3,mcg,Twice Daily,IV
904074,701795,4011,2023-03-31,84.3,mg,Twice Daily,IM
904075,704013,4032,2024-12-17,26.0,mg,Twice Daily,Subcutaneous
904076,700315,4024,2022-02-28,99.8,mcg,Twice Daily,Topical
904077,702104,4005,2022-03-08,89.4,mcg,As Needed,Oral
904078,703816,4035,2025-09-11,36.5,mcg,Twice Daily,Subcutaneous
904079,704151,4021,2021-07-21,85.9,mL,Twice Daily,IV
904080,700923,4020,2023-11-21,99.9,units,Once Daily,Oral
904081,706017,4030,2022-08-21,99.6,mg,Three Times Daily,IV
904082,701223,4022,2023-10-26,31.9,mL,As Needed,IM
904083,703205,4010,2021-01-07,52.1,mL,Three Times Daily,Subcutaneous
904084,704820,4006,2024-06-20,51.1,mg,Three Times Daily,Oral
904085,700334,4013,2024-11-09,69.9,mg,As Needed,Subcutaneous
904086,701002,4036,2021-11-17,7.8,mcg,As Needed,IM
904087,702089,4012,2024-06-12,82.3,mcg,As Needed,Topical
904088,706291,4007,2023-01-04,19.9,mcg,Twice Daily,IV
904089,700281,4019,2021-04-04,46.5,units,Twice Daily,Subcutaneous
904090,700263,4045,2023-07-20,59.9,mg,As Needed,IV
904091,703729,4044,2021-12-24,47.7,mL,Three Times Daily,Subcutaneous
904092,704584,4022,2021-01-29,7.4,mcg,Twice Daily,Oral
904093,702236,4005,2022-01-28,37.3,units,As Needed,IV
904094,704001,4002,2022-11-04,44.8,units,Three Times Daily,IV
904095,702158,4011,2022-09-17,49.2,units,Twice Daily,Subcutaneous
904096,700924,4044,2022-09-09,97.6,mcg,Twice Daily,Oral
904097,701425,4005,2025-07-10,42.5,mL,Three Times Daily,IM
904098,701712,4044,2022-06-13,61.3,mcg,Once Daily,Oral
904099,702677,4005,2022-04-03,12.1,mL,Once Daily,IM
904100,702015,4008,2022-06-05,22.8,units,As Needed,Oral
904101,703468,4003,2021-02-22,6.8,mcg,As Needed,Oral
904102,701242,4013,2021-10-14,47.8,mcg,As Needed,Topical
904103,701779,4019,2024-04-18,50.4,mcg,Once Daily,IM
904104,703587,4002,2021-09-09,92.2,units,As Needed,IM
904105,704802,4002,2024-09-29,68.9,mg,Twice Daily,IM
904106,702896,4034,2024-05-22,22.7,mL,As Needed,IM
904107,703252,4036,2023-11-16,7.1,mL,Three Times Daily,IV
904108,701341,4015,2024-03-13,11.8,mcg,Three Times Daily,Subcutaneous
904109,701151,4005,2025-12-04,6.7,mL,Three Times Daily,Oral
904110,705238,4033,2025-10-09,96.6,units,Three Times Daily,IM
904111,702685,4010,2023-12-17,70.7,mL,Three Times Daily,Topical
904112,705198,4028,2022-08-20,8.2,mg,As Needed,IM
904113,702115,4002,2023-02-06,16.2,units,Twice Daily,Subcutaneous
904114,703314,4038,2022-10-27,71.4,units,As Needed,Topical
904115,700517,4012,2023-02-10,23.1,mcg,As Needed,Topical
904116,702107,4006,2022-07-31,54.8,mL,As Needed,Topical
904117,700826,4032,2022-01-08,15.4,mcg,Twice Daily,IV
904118,702229,4004,2023-06-18,88.4,units,Three Times Daily,IV
904119,700713,4010,2021-01-16,55.9,units,Twice Daily,Oral
904120,702684,4023,2025-12-28,30.6,mcg,Twice Daily,IM
904121,703790,4005,2021-04-17,90.9,units,As Needed,Subcutaneous
904122,700556,4010,2024-08-29,52.6,mL,As Needed,Subcutaneous
904123,700615,4014,2022-05-05,54.6,units,Twice Daily,Subcutaneous
904124,704720,4005,2022-08-31,40.0,mg,Three Times Daily,IV
904125,704465,4005,2022-06-18,12.9,mcg,Three Times Daily,IM
904126,705192,4041,2023-07-07,22.2,mcg,As Needed,Subcutaneous
904127,703018,4036,2021-12-15,47.6,mcg,Once Daily,IM
904128,700923,4010,2024-10-21,71.2,mL,Three Times Daily,Oral
904129,702574,4034,2022-12-01,20.9,mcg,As Needed,IV
904130,706251,4014,2024-02-12,16.0,units,As Needed,Oral
904131,700263,4035,2022-06-19,52.3,units,Three Times Daily,Subcutaneous
904132,705237,4040,2023-07-23,13.3,mg,Once Daily,Oral
904133,704037,4024,2024-01-29,43.9,mg,Three Times Daily,Subcutaneous
904134,703392,4028,2022-09-15,56.1,units,Twice Daily,Topical
904135,702402,4028,2024-09-21,49.1,mg,Twice Daily,Subcutaneous
904136,700800,4020,2023-05-15,90.1,mL,Once Daily,IM
904137,702464,4005,2021-04-20,7.1,mg,Twice Daily,Oral
904138,701246,4005,2025-09-08,90.3,mL,Once Daily,Oral
904139,700403,4035,2025-04-21,62.8,mcg,Twice Daily,IM
904140,706476,4008,2021-12-30,16.0,units,As Needed,Topical
904141,704918,4030,2024-09-19,10.8,mL,Twice Daily,IM
904142,704369,4037,2023-03-13,83.2,units,Twice Daily,IM
904143,702865,4030,2023-06-05,3.1,mL,Three Times Daily,Topical
904144,700779,4033,2021-10-25,58.2,mcg,As Needed,IV
904145,702651,4030,2021-02-17,87.8,mg,Three Times Daily,Oral
904146,706294,4033,2023-03-03,93.2,mcg,As Needed,Oral
904147,702073,4043,2024-03-12,62.0,mL,Twice Daily,Topical
904148,701453,4023,2022-02-26,96.5,mL,Twice Daily,IM
904149,700805,4027,2024-05-03,66.1,units,Three Times Daily,IV
904150,705628,4035,2024-01-10,93.7,mcg,Twice Daily,Topical
904151,704140,4043,2024-05-25,85.6,mg,Three Times Daily,Subcutaneous
904152,702276,4011,2021-10-21,4.4,units,As Needed,Oral
904153,705976,4020,2025-09-16,40.8,units,As Needed,Oral
904154,701520,4007,2022-11-05,40.6,mL,As Needed,Oral
904155,701875,4006,2025-11-14,32.9,mcg,Once Daily,Subcutaneous
904156,704891,4029,2022-01-30,99.9,mL,Twice Daily,Topical
904157,700578,4033,2025-01-20,15.2,units,As Needed,IV
904158,700722,4008,2024-08-10,24.4,units,As Needed,Subcutaneous
904159,701057,4044,2021-09-15,10.0,mg,Twice Daily,Topical
904160,702050,4024,2023-09-04,57.4,mL,Twice Daily,Topical
904161,701141,4022,2025-06-21,83.5,units,Twice Daily,IV
904162,700222,4041,2021-03-07,22.8,mcg,Once Daily,Topical
904163,704746,4022,2021-06-28,56.6,mcg,Twice Daily,Topical
904164,700069,4021,2021-12-11,20.0,mcg,Twice Daily,Topical
904165,700110,4021,2023-04-08,6.7,mcg,Three Times Daily,IM
904166,701641,4006,2021-05-06,12.5,mcg,As Needed,Oral
904167,704835,4025,2021-06-17,42.4,mcg,As Needed,IM
904168,700536,4032,2024-02-29,21.0,mL,As Needed,IM
904169,700466,4035,2025-05-13,9.5,mcg,Once Daily,IM
904170,703532,4009,2025-03-02,41.6,units,As Needed,IM
904171,702632,4025,2021-02-07,66.5,mg,Twice Daily,Subcutaneous
904172,705185,4039,2021-04-19,57.6,mcg,Once Daily,Oral
904173,704127,4025,2021-09-18,51.4,mg,As Needed,IV
904174,702586,4038,2022-04-26,46.7,mL,Twice Daily,Subcutaneous
904175,701507,4008,2022-11-13,50.7,mg,Once Daily,Oral
904176,700593,4039,2025-04-16,87.8,mg,Three Times Daily,Oral
904177,703037,4043,2021-03-10,3.6,mL,As Needed,IM
904178,702651,4039,2023-07-25,47.0,mcg,Once Daily,Oral
904179,701236,4034,2025-03-21,87.8,units,As Needed,IV
904180,702163,4029,2023-04-23,52.4,mcg,Once Daily,IV
904181,704444,4043,2025-12-15,22.7,units,Twice Daily,IV
904182,702987,4002,2022-08-29,24.0,units,Twice Daily,IV
904183,702030,4020,2021-03-30,63.9,mL,Once Daily,IM
904184,701036,4023,2021-12-29,79.3,units,Three Times Daily,Topical
904185,706414,4031,2025-06-17,85.4,mg,Twice Daily,Subcutaneous
904186,703845,4045,2022-08-05,51.0,mg,Once Daily,IV
904187,706232,4044,2021-08-01,82.4,units,As Needed,Subcutaneous
904188,702143,4027,2022-01-01,25.8,mg,As Needed,Topical
904189,702166,4021,2023-08-17,57.4,mL,Three Times Daily,IM
904190,701056,4041,2021-11-16,79.0,units,As Needed,Subcutaneous
904191,704433,4004,2023-10-26,91.2,mL,Twice Daily,IV
904192,700985,4044,2023-07-11,78.5,units,Once Daily,Topical
904193,702033,4041,2024-05-29,86.9,units,Once Daily,IV
904194,703693,4016,2021-11-30,88.8,units,Three Times Daily,Oral
904195,704459,4009,2021-10-16,27.3,mg,As Needed,Oral
904196,706467,4038,2022-11-13,32.7,units,Twice Daily,Subcutaneous
904197,701771,4031,2024-12-10,80.3,mL,Three Times Daily,IV
904198,703375,4023,2025-09-17,93.1,mcg,Three Times Daily,IM
904199,705921,4012,2022-08-08,81.3,mL,Twice Daily,IM
904200,701516,4040,2021-10-16,22.6,mcg,As Needed,Subcutaneous
904201,703917,4002,2023-09-21,99.2,units,As Needed,Topical
904202,706193,4029,2022-04-26,63.7,mL,Three Times Daily,IM
904203,701716,4019,2025-03-11,48.1,mcg,Three Times Daily,Subcutaneous
904204,700573,4014,2025-08-08,96.5,mL,Twice Daily,Topical
904205,702816,4023,2024-06-26,89.7,units,Twice Daily,IM
904206,701761,4005,2022-12-05,59.3,units,Twice Daily,Oral
904207,705810,4028,2022-06-27,36.7,mL,Three Times Daily,Oral
904208,704146,4020,2023-07-14,47.1,units,Twice Daily,Topical
904209,705946,4010,2024-08-12,55.3,units,Once Daily,IV
904210,702781,4011,2022-06-28,60.8,mL,Once Daily,Oral
904211,703274,4012,2025-05-18,70.5,mcg,As Needed,Oral
904212,702123,4007,2021-12-14,59.5,mcg,Twice Daily,Oral
904213,701712,4024,2024-02-26,87.2,units,As Needed,Oral
904214,705250,4005,2022-11-21,10.5,mg,Twice Daily,IM
904215,700205,4045,2021-02-23,94.8,mcg,Once Daily,Topical
904216,705162,4023,2023-12-11,19.7,units,Once Daily,Topical
904217,702930,4023,2022-09-17,28.4,mcg,Three Times Daily,IV
904218,701004,4008,2022-06-13,84.2,units,Twice Daily,IM
904219,705651,4034,2021-02-16,41.6,mg,Twice Daily,Subcutaneous
904220,703364,4034,2022-01-09,59.9,mg,Twice Daily,Topical
904221,706310,4038,2024-02-02,59.3,mcg,Twice Daily,IV
904222,703644,4002,2024-11-17,13.6,mcg,As Needed,Subcutaneous
904223,701992,4042,2021-06-23,40.4,mg,Twice Daily,IM
904224,705822,4002,2021-01-31,91.1,mL,As Needed,Oral
904225,705498,4002,2022-12-22,6.3,mcg,Twice Daily,Topical
904226,702468,4031,2023-09-22,70.6,mcg,Once Daily,Oral
904227,701008,4036,2025-12-25,49.9,mcg,Three Times Daily,Subcutaneous
904228,703646,4008,2023-10-08,3.1,units,Three Times Daily,IV
904229,702228,4008,2025-09-12,48.4,mL,As Needed,IM
904230,704946,4034,2023-01-08,39.2,mL,Twice Daily,Topical
904231,702556,4021,2021-07-15,63.8,units,As Needed,Subcutaneous
904232,701465,4043,2025-11-17,20.7,mg,Once Daily,IM
904233,701425,4015,2023-12-20,36.4,units,Once Daily,Subcutaneous
904234,702287,4020,2022-10-10,59.8,mg,Three Times Daily,Oral
904235,704668,4005,2022-11-05,75.9,mg,Twice Daily,IM
904236,705960,4013,2023-11-04,28.7,mL,Twice Daily,IV
904237,702323,4016,2024-04-08,71.9,mcg,Once Daily,Topical
904238,703618,4038,2021-06-05,46.7,mL,Twice Daily,Topical
904239,701804,4003,2022-12-12,51.9,mg,Once Daily,Oral
904240,704402,4001,2022-12-16,54.4,mg,Once Daily,IM
904241,702540,4040,2021-01-09,17.7,units,Twice Daily,Oral
904242,703899,4006,2025-06-29,28.6,mcg,Three Times Daily,Topical
904243,702519,4039,2022-12-19,79.1,mL,Three Times Daily,IM
904244,703866,4027,2021-11-27,43.9,mL,Once Daily,IM
904245,706335,4001,2022-08-30,36.3,mL,Twice Daily,IM
904246,700577,4024,2021-07-01,10.0,mL,Once Daily,Oral
904247,703125,4013,2024-06-30,18.5,mg,As Needed,Oral
904248,706012,4030,2021-09-25,55.0,units,Once Daily,Oral
904249,701703,4022,2021-07-27,48.3,mcg,Once Daily,IV
904250,702619,4001,2025-10-31,97.7,units,As Needed,Topical
904251,701515,4029,2025-05-18,18.5,units,Twice Daily,Oral
904252,702890,4026,2022-02-08,22.0,mcg,Twice Daily,Oral
904253,704099,4008,2024-01-11,69.3,mL,Twice Daily,IV
904254,703287,4037,2025-09-18,39.8,mg,Three Times Daily,Subcutaneous
904255,701881,4023,2022-11-18,30.2,mcg,Once Daily,Subcutaneous
904256,703838,4023,2022-03-18,6.0,units,As Needed,IM
904257,704193,4034,2023-03-31,65.1,mL,Three Times Daily,Oral
904258,706246,4002,2024-10-29,86.3,mg,Three Times Daily,Oral
904259,702624,4037,2022-11-03,98.0,mcg,Three Times Daily,IM
904260,705015,4018,2023-07-05,45.8,mg,Once Daily,Topical
904261,702600,4019,2025-05-12,63.1,mg,Once Daily,Oral
904262,701178,4013,2022-04-14,20.2,mL,Three Times Daily,IM
904263,701333,4029,2024-03-29,76.6,units,As Needed,Subcutaneous
904264,700703,4002,2023-11-10,31.7,mcg,Three Times Daily,Oral
904265,700243,4008,2022-07-29,85.5,mL,Once Daily,IV
904266,700180,4020,2023-12-20,84.1,mg,As Needed,Subcutaneous
904267,702665,4010,2025-08-27,10.2,mcg,Three Times Daily,IM
904268,706181,4024,2025-10-24,64.0,mL,Twice Daily,IM
904269,703390,4024,2022-09-21,83.7,mcg,Once Daily,Topical
904270,705250,4027,2023-07-12,52.8,mL,Once Daily,Topical
904271,701238,4020,2025-04-07,71.7,units,As Needed,Oral
904272,705329,4019,2023-03-08,22.1,mcg,Twice Daily,IM
904273,704101,4019,2022-08-11,62.7,units,Once Daily,IV
904274,701861,4019,2024-09-05,60.6,units,Twice Daily,IM
904275,702286,4003,2023-12-08,27.5,mg,Once Daily,Oral
904276,704276,4001,2021-03-22,92.4,units,As Needed,Oral
904277,702278,4032,2021-05-09,43.0,mcg,Once Daily,Subcutaneous
904278,702697,4037,2021-09-30,70.7,units,Once Daily,IM
904279,700526,4030,2021-09-27,9.1,units,Twice Daily,Topical
904280,702144,4039,2022-10-25,0.8,mL,Three Times Daily,IV
904281,702483,4037,2023-08-26,94.6,mcg,Three Times Daily,Topical
904282,705098,4045,2023-10-25,71.8,units,Three Times Daily,Topical
904283,703778,4024,2025-05-17,15.6,mg,Twice Daily,Oral
904284,706077,4023,2025-08-07,55.3,units,Once Daily,IM
904285,703140,4010,2025-03-01,10.6,mL,Twice Daily,IM
904286,701004,4026,2024-08-13,77.9,mcg,As Needed,Topical
904287,705674,4016,2024-09-27,37.6,units,As Needed,Oral
904288,701957,4001,2021-02-10,4.7,mcg,As Needed,Oral
904289,706001,4007,2021-03-12,3.2,mcg,Once Daily,Oral
904290,703132,4013,2024-01-26,24.7,units,Three Times Daily,IM
904291,703015,4036,2023-02-21,19.2,mcg,Twice Daily,Oral
904292,700388,4039,2021-05-22,99.6,mg,As Needed,IV
904293,701659,4021,2024-02-01,95.3,mL,As Needed,IV
904294,700458,4020,2024-12-14,88.1,mcg,Twice Daily,IV
904295,703416,4020,2022-10-03,38.7,mg,Once Daily,Oral
904296,706451,4010,2023-06-16,2.2,mcg,As Needed,IV
904297,702484,4001,2025-03-05,39.0,units,Twice Daily,Subcutaneous
904298,701021,4045,2023-12-31,76.7,mL,Three Times Daily,IV
904299,702588,4044,2024-08-06,10.7,mg,As Needed,IV
904300,704816,4027,2022-04-07,19.2,mL,Once Daily,Subcutaneous
904301,701677,4033,2025-07-03,26.9,mcg,Once Daily,IM
904302,700564,4014,2025-05-25,7.3,mg,As Needed,Subcutaneous
904303,704243,4019,2025-05-20,36.0,mL,As Needed,IV
904304,703475,4027,2025-06-22,35.0,mL,Twice Daily,Topical
904305,702092,4041,2021-04-12,46.8,mg,Three Times Daily,IV
904306,704762,4024,2024-11-02,5.6,mcg,Three Times Daily,IV
904307,701768,4011,2022-08-08,22.4,mL,As Needed,Topical
904308,705206,4031,2024-03-30,50.7,units,Once Daily,Topical
904309,705032,4012,2025-01-16,82.6,mcg,Once Daily,IM
904310,705391,4026,2022-01-11,9.5,units,As Needed,IV
904311,700072,4021,2024-07-18,10.4,units,Twice Daily,Topical
904312,705641,4034,2024-04-04,8.1,mcg,Twice Daily,IV
904313,702360,4038,2025-02-01,49.6,mg,Three Times Daily,IV
904314,703182,4037,2021-01-31,18.5,mL,Twice Daily,Subcutaneous
904315,702362,4003,2022-04-10,37.4,mcg,Three Times Daily,Topical
904316,702227,4025,2025-04-29,39.3,mg,Three Times Daily,Oral
904317,700711,4006,2024-07-14,11.4,units,Twice Daily,IV
904318,703249,4044,2021-09-14,95.4,mL,Once Daily,Oral
904319,703464,4045,2023-07-29,61.9,mg,As Needed,Oral
904320,701273,4023,2022-04-22,74.9,mg,As Needed,Subcutaneous
904321,700768,4039,2023-05-05,66.7,units,As Needed,IV
904322,703196,4008,2021-01-09,45.0,units,Three Times Daily,Subcutaneous
904323,701584,4005,2024-02-09,94.9,mL,Three Times Daily,IM
904324,705286,4036,2021-01-05,33.9,units,Three Times Daily,IV
904325,702278,4019,2022-01-15,94.5,mcg,Twice Daily,IM
904326,704796,4026,2023-10-24,62.8,units,Twice Daily,Oral
904327,702643,4043,2022-12-31,44.4,mcg,Once Daily,Subcutaneous
904328,703255,4038,2025-04-28,67.8,mcg,Twice Daily,IM
904329,702845,4037,2023-03-29,83.2,mg,As Needed,Oral
904330,701617,4018,2023-07-15,92.7,mL,Twice Daily,Subcutaneous
904331,705260,4009,2022-05-30,61.7,units,Once Daily,Subcutaneous
904332,701868,4032,2024-03-08,68.0,mg,Three Times Daily,IM
904333,704302,4023,2025-05-31,95.3,mL,Twice Daily,Subcutaneous
904334,705738,4039,2022-01-23,51.7,mg,As Needed,Oral
904335,701134,4016,2023-10-08,87.8,mcg,Twice Daily,IM
904336,705569,4002,2021-09-26,54.1,units,Twice Daily,Topical
904337,701590,4007,2024-01-03,83.6,mg,Three Times Daily,IM
904338,700595,4006,2024-11-30,58.9,mL,Three Times Daily,IV
904339,703897,4026,2022-07-26,24.0,units,As Needed,Subcutaneous
904340,704925,4004,2024-12-20,19.7,mg,Once Daily,Oral
904341,705082,4030,2025-01-15,32.1,mcg,Once Daily,Subcutaneous
904342,701496,4029,2021-11-22,27.3,mg,Three Times Daily,Oral
904343,701348,4038,2022-08-09,40.6,mL,Once Daily,Subcutaneous
904344,705789,4039,2024-08-02,69.8,mL,Once Daily,IM
904345,700226,4001,2022-07-20,86.3,mg,Once Daily,IM
904346,703450,4033,2024-09-23,16.5,mL,As Needed,IV
904347,706264,4026,2022-08-22,57.0,mg,Three Times Daily,Topical
904348,705584,4028,2021-01-21,66.3,units,As Needed,Subcutaneous
904349,704165,4029,2022-01-06,54.3,mg,Three Times Daily,Topical
904350,705585,4036,2022-04-05,7.1,mg,Twice Daily,IV
904351,701168,4003,2022-02-07,64.2,mL,Once Daily,IM
904352,704796,4039,2025-10-03,33.0,mL,Once Daily,Topical
904353,703743,4044,2022-04-23,24.1,mcg,Once Daily,IM
904354,704309,4045,2021-05-16,44.7,mg,As Needed,IM
904355,706399,4013,2022-04-21,71.5,mg,As Needed,IV
904356,700197,4044,2024-07-23,55.0,mL,Twice Daily,Topical
904357,703150,4002,2022-12-31,25.7,units,Once Daily,Topical
904358,704126,4009,2025-05-31,16.9,mL,Three Times Daily,Oral
904359,706490,4005,2022-09-03,35.2,units,Three Times Daily,IM
904360,701816,4002,2024-01-24,3.9,mg,Twice Daily,IM
904361,702276,4024,2025-05-22,88.2,mL,Twice Daily,Oral
904362,703059,4025,2025-02-06,29.5,mL,Once Daily,Subcutaneous
904363,700789,4005,2021-02-08,88.7,mL,Three Times Daily,IM
904364,702949,4032,2022-07-03,72.1,mcg,Once Daily,IV
904365,702268,4030,2024-12-04,94.3,mL,Once Daily,IM
904366,704030,4014,2023-02-25,58.0,mg,Twice Daily,IV
904367,703363,4017,2025-05-07,76.6,mg,As Needed,Oral
904368,705697,4010,2023-10-28,17.7,mg,Twice Daily,Oral
904369,701145,4034,2022-07-04,67.1,units,Once Daily,IV
904370,700119,4019,2021-04-11,54.3,units,Three Times Daily,IM
904371,702975,4020,2022-01-30,47.7,mg,Once Daily,Subcutaneous
904372,705544,4012,2021-09-25,23.2,mg,As Needed,Subcutaneous
904373,706316,4037,2025-04-15,69.0,units,Three Times Daily,IM
904374,702638,4042,2022-12-18,52.0,mcg,Twice Daily,IV
904375,701740,4026,2023-02-10,86.3,units,As Needed,Subcutaneous
904376,703589,4011,2023-07-04,9.7,mcg,Once Daily,Topical
904377,700614,4010,2021-03-11,7.2,units,Three Times Daily,IM
904378,705073,4009,2024-07-14,10.6,mcg,Once Daily,Topical
904379,701713,4027,2023-03-05,32.1,mg,As Needed,Topical
904380,702410,4010,2022-07-23,80.9,mcg,Three Times Daily,Oral
904381,700349,4032,2022-09-28,56.4,mL,Three Times Daily,IM
904382,700917,4005,2023-09-01,61.0,mL,As Needed,Topical
904383,700431,4028,2024-05-02,55.4,units,Twice Daily,IV
904384,700877,4028,2024-05-28,59.3,mg,Twice Daily,Oral
904385,704482,4010,2023-07-22,1.9,mL,As Needed,IM
904386,701039,4010,2022-05-31,70.7,mL,As Needed,Topical
904387,705580,4036,2022-05-24,79.1,mcg,Three Times Daily,Topical
904388,705338,4008,2023-03-19,97.2,units,Three Times Daily,Topical
904389,702885,4015,2023-02-17,67.7,mL,Three Times Daily,Topical
904390,703805,4007,2022-10-10,53.0,units,Three Times Daily,Oral
904391,703585,4011,2023-08-07,53.0,mcg,Once Daily,IV
904392,705344,4032,2024-06-21,33.0,mcg,Once Daily,Subcutaneous
904393,701675,4029,2024-09-23,47.6,units,Once Daily,Topical
904394,701826,4043,2025-03-21,4.6,mcg,Once Daily,IM
904395,700017,4007,2022-10-27,96.9,units,Once Daily,Topical
904396,703291,4013,2022-09-30,9.7,mg,Three Times Daily,Oral
904397,702240,4039,2024-05-13,16.7,units,Once Daily,IV
904398,705563,4035,2023-06-10,51.4,units,Twice Daily,IM
904399,703966,4026,2022-01-07,43.3,mcg,Twice Daily,IM
904400,706095,4025,2023-08-26,87.4,units,As Needed,Oral
904401,704045,4013,2021-03-07,30.9,mcg,Once Daily,IM
904402,702702,4041,2021-03-16,72.1,mcg,Once Daily,IV
904403,701142,4013,2023-07-09,42.6,mg,Once Daily,IV
904404,703435,4041,2023-09-25,38.5,mL,Three Times Daily,IV
904405,703445,4009,2024-01-23,21.4,mL,Twice Daily,Oral
904406,701426,4039,2025-11-28,81.5,mg,Twice Daily,Oral
904407,700481,4030,2024-03-15,20.1,units,As Needed,Topical
904408,702341,4023,2025-04-22,1.5,mcg,Three Times Daily,IV
904409,701693,4025,2022-10-09,83.1,units,Twice Daily,IV
904410,702130,4027,2021-08-20,21.5,units,As Needed,IM
904411,701076,4006,2022-05-30,15.5,units,As Needed,Topical
904412,705947,4008,2021-05-10,20.3,mL,Three Times Daily,Subcutaneous
904413,704794,4039,2022-01-16,93.8,mcg,Three Times Daily,Topical
904414,701354,4035,2024-07-16,67.3,mcg,As Needed,Topical
904415,701504,4033,2022-11-05,69.2,mL,Three Times Daily,IV
904416,700657,4044,2025-07-23,15.7,mL,Three Times Daily,Topical
904417,704993,4023,2021-11-15,61.6,units,As Needed,IV
904418,702373,4035,2025-09-08,86.2,mcg,Twice Daily,Subcutaneous
904419,703834,4004,2025-06-08,68.2,mL,Three Times Daily,IM
904420,703779,4013,2024-03-11,8.1,units,As Needed,Oral
904421,700221,4017,2025-02-03,43.6,mL,Once Daily,IM
904422,704987,4040,2021-04-18,71.3,units,Three Times Daily,Subcutaneous
904423,701197,4012,2025-10-17,9.7,units,Once Daily,IV
904424,705734,4014,2023-01-05,36.3,mcg,Three Times Daily,Subcutaneous
904425,702206,4038,2021-11-01,71.5,mcg,Once Daily,Subcutaneous
904426,706377,4032,2025-04-10,83.8,mL,Three Times Daily,Subcutaneous
904427,702632,4001,2021-12-14,64.0,units,Three Times Daily,IV
904428,700131,4035,2023-10-02,83.9,units,Three Times Daily,IM
904429,703913,4033,2024-11-02,65.6,units,Once Daily,IV
904430,703137,4010,2022-12-18,93.2,mg,As Needed,Oral
904431,705727,4014,2021-05-27,1.9,units,Once Daily,Topical
904432,701423,4010,2023-03-03,35.3,mL,Once Daily,Subcutaneous
904433,700358,4001,2022-02-02,6.9,mcg,Three Times Daily,Oral
904434,701350,4024,2021-06-13,38.3,mcg,As Needed,Oral
904435,700035,4008,2023-07-19,25.1,mg,Three Times Daily,Subcutaneous
904436,704635,4043,2021-01-17,25.0,units,Twice Daily,Topical
904437,704941,4038,2025-11-06,29.2,mL,Once Daily,Topical
904438,705782,4018,2021-06-29,29.3,mcg,Once Daily,Topical
904439,706312,4005,2024-05-02,58.3,mcg,Three Times Daily,IV
904440,704989,4040,2025-02-28,65.1,mcg,As Needed,IV
904441,705469,4015,2024-06-12,26.3,mcg,Once Daily,Oral
904442,700826,4005,2024-02-06,14.6,mcg,Twice Daily,IM
904443,703109,4022,2022-07-16,42.0,units,Once Daily,Topical
904444,700442,4027,2024-08-01,30.1,mg,As Needed,IM
904445,705547,4034,2025-05-29,92.0,mL,Three Times Daily,Oral
904446,704525,4035,2022-10-09,79.9,units,As Needed,Topical
904447,700140,4025,2023-03-03,88.6,mL,As Needed,IV
904448,703945,4002,2022-09-24,10.8,mg,Twice Daily,Subcutaneous
904449,703781,4023,2022-10-18,38.6,units,Twice Daily,IM
904450,701733,4021,2021-11-02,84.9,mg,Three Times Daily,Topical
904451,702107,4005,2022-04-04,17.9,mL,Twice Daily,Topical
904452,705938,4027,2023-06-21,78.1,mL,As Needed,Topical
904453,705466,4018,2022-05-12,87.4,mg,Twice Daily,Subcutaneous
904454,703505,4034,2022-11-17,27.8,mg,Twice Daily,Subcutaneous
904455,702307,4036,2021-04-14,96.7,units,Three Times Daily,Topical
904456,703449,4038,2021-11-24,83.7,mg,Three Times Daily,Oral
904457,706208,4027,2023-01-17,17.2,mL,As Needed,IM
904458,705959,4028,2021-08-09,57.6,mg,Once Daily,Topical
904459,702822,4015,2023-10-02,23.4,mcg,Once Daily,IV
904460,700695,4025,2021-03-28,46.5,mcg,Once Daily,IV
904461,702242,4019,2025-12-21,51.2,mg,Twice Daily,Oral
904462,705818,4017,2022-01-07,67.3,mg,Twice Daily,IM
904463,705687,4033,2021-07-20,61.7,mcg,As Needed,Oral
904464,704815,4001,2025-12-09,35.8,mcg,As Needed,IV
904465,705728,4027,2025-10-21,53.4,units,Once Daily,IV
904466,702690,4010,2022-02-10,8.3,mg,Three Times Daily,IV
904467,704895,4039,2024-10-10,56.2,mcg,Three Times Daily,Subcutaneous
904468,700171,4010,2021-04-10,97.7,units,Three Times Daily,IV
904469,706465,4032,2021-12-16,56.7,mcg,As Needed,Oral
904470,700587,4021,2024-04-22,87.1,mg,Once Daily,Topical
904471,700594,4008,2024-06-16,87.0,mg,Twice Daily,IM
904472,702663,4009,2023-12-31,95.6,mg,Once Daily,Oral
904473,703511,4036,2022-05-08,7.3,units,Three Times Daily,IM
904474,702369,4018,2024-05-07,64.3,mcg,Once Daily,Subcutaneous
904475,704377,4005,2022-02-05,91.8,units,Once Daily,Topical
904476,703042,4022,2022-05-12,79.1,units,Three Times Daily,Subcutaneous
904477,703011,4014,2025-08-14,45.1,mL,Three Times Daily,Subcutaneous
904478,702343,4032,2023-05-28,27.3,mg,Twice Daily,Oral
904479,702217,4032,2022-10-19,34.9,mcg,Three Times Daily,Topical
904480,704463,4012,2022-10-31,12.7,mcg,As Needed,Topical
904481,702143,4005,2023-05-12,21.4,units,Once Daily,IV
904482,701202,4028,2025-08-03,71.5,mL,Three Times Daily,Subcutaneous
904483,705177,4028,2022-09-05,17.8,units,Once Daily,Subcutaneous
904484,702686,4029,2021-05-15,83.3,mcg,As Needed,IM
904485,701427,4034,2022-08-31,25.8,units,As Needed,IV
904486,700816,4017,2024-05-30,41.1,mL,Three Times Daily,IV
904487,703356,4014,2024-10-29,30.3,units,As Needed,Topical
904488,701955,4040,2022-05-12,33.0,units,Twice Daily,Subcutaneous
904489,701851,4016,2023-03-23,81.2,mg,Twice Daily,IV
904490,702724,4021,2023-01-22,72.3,mL,Once Daily,IM
904491,704744,4027,2025-10-25,39.0,mcg,Twice Daily,Subcutaneous
904492,703713,4014,2022-06-26,36.3,mcg,Once Daily,Topical
904493,703263,4044,2024-03-27,67.3,units,As Needed,IV
904494,701955,4002,2022-05-26,69.2,units,Twice Daily,IV
904495,701740,4007,2022-07-05,5.1,mL,Twice Daily,Oral
904496,701033,4019,2024-09-15,22.0,mL,Three Times Daily,Subcutaneous
904497,704563,4022,2022-05-09,58.4,units,Three Times Daily,Topical
904498,702141,4018,2025-03-04,59.0,mL,Twice Daily,Topical
904499,700134,4029,2021-03-22,19.8,mL,Once Daily,IV
904500,703241,4024,2025-11-27,7.1,mL,As Needed,IM
904501,701560,4008,2025-10-11,98.0,mL,Twice Daily,Subcutaneous
904502,701664,4035,2022-11-11,13.1,mcg,Once Daily,Topical
904503,701135,4035,2022-02-01,87.3,mcg,Once Daily,Topical
904504,703926,4043,2025-04-26,35.3,mg,Three Times Daily,Oral
904505,706460,4036,2021-02-11,85.3,mL,As Needed,Subcutaneous
904506,703076,4038,2022-06-12,62.7,mg,Three Times Daily,Subcutaneous
904507,701480,4010,2023-06-03,5.4,mcg,Once Daily,Subcutaneous
904508,701613,4042,2022-09-30,91.2,mg,Once Daily,Subcutaneous
904509,705279,4032,2025-09-25,77.2,mL,Twice Daily,Topical
904510,703623,4036,2023-11-03,46.7,units,Three Times Daily,IV
904511,703353,4030,2024-05-14,59.7,mcg,Twice Daily,Oral
904512,704252,4015,2021-08-30,33.2,mcg,Once Daily,IM
904513,702637,4016,2024-08-31,15.0,units,Once Daily,Topical
904514,704632,4038,2021-11-09,6.2,units,Once Daily,Subcutaneous
904515,705672,4023,2022-03-06,54.3,mg,Twice Daily,Oral
904516,705102,4015,2024-11-02,18.4,mcg,Three Times Daily,IV
904517,705052,4006,2022-01-19,35.8,mg,Twice Daily,IM
904518,703087,4007,2025-03-24,30.6,mL,Once Daily,Subcutaneous
904519,705461,4015,2024-01-25,37.8,mcg,Once Daily,IV
904520,700566,4024,2023-04-26,17.4,units,As Needed,Topical
904521,704696,4003,2025-09-29,78.4,mcg,As Needed,IM
904522,705562,4014,2025-11-04,73.5,mg,Three Times Daily,Subcutaneous
904523,702639,4021,2021-12-03,82.0,mL,Once Daily,IM
904524,705125,4009,2023-08-06,49.0,mg,Twice Daily,IV
904525,701063,4041,2023-04-07,70.5,units,Twice Daily,Subcutaneous
904526,705741,4043,2025-06-05,13.9,mcg,Three Times Daily,Subcutaneous
904527,704684,4012,2024-09-11,59.2,units,As Needed,IV
904528,700385,4024,2022-06-30,93.4,mL,Twice Daily,Oral
904529,704756,4044,2022-02-14,31.0,mL,As Needed,IV
904530,705573,4041,2025-10-15,61.5,mg,As Needed,Oral
904531,702140,4020,2022-06-13,22.5,units,Three Times Daily,Topical
904532,705596,4035,2021-09-10,30.2,mg,As Needed,Subcutaneous
904533,706234,4035,2025-11-11,95.3,units,As Needed,IV
904534,705138,4034,2023-02-04,9.4,mcg,Twice Daily,IM
904535,704631,4028,2022-11-06,77.2,mcg,Twice Daily,IM
904536,703178,4005,2023-04-04,87.5,units,Twice Daily,Subcutaneous
904537,702450,4018,2024-05-23,60.1,mg,Twice Daily,IM
904538,706076,4009,2025-07-06,2.2,mcg,As Needed,IM
904539,705675,4006,2025-11-19,76.0,mL,Three Times Daily,IM
904540,704552,4007,2025-11-01,40.2,mL,Twice Daily,Subcutaneous
904541,704022,4001,2021-12-05,76.8,units,As Needed,IV
904542,703507,4030,2025-12-19,13.3,units,Twice Daily,Subcutaneous
904543,704924,4022,2025-01-01,62.1,mg,Once Daily,Subcutaneous
904544,703188,4033,2022-10-19,37.6,units,Once Daily,Oral
904545,702456,4036,2024-10-21,1.8,units,Three Times Daily,Oral
904546,704146,4005,2021-09-09,53.3,mL,Once Daily,Oral
904547,702644,4027,2021-10-01,59.5,mL,As Needed,Oral
904548,706112,4045,2024-10-16,92.6,mcg,Three Times Daily,Oral
904549,706181,4020,2024-10-20,92.3,mcg,As Needed,IV
904550,700697,4034,2023-10-07,70.1,mL,Twice Daily,Oral
904551,704016,4036,2021-10-23,38.2,mcg,Three Times Daily,Topical
904552,700405,4021,2025-08-11,3.4,units,Twice Daily,Topical
904553,705519,4015,2022-07-08,71.8,mL,Three Times Daily,Subcutaneous
904554,701369,4018,2021-08-17,40.2,mcg,As Needed,Subcutaneous
904555,700967,4022,2021-06-01,31.2,mg,As Needed,Topical
904556,705024,4039,2024-01-30,34.5,mcg,As Needed,Topical
904557,703031,4006,2025-02-22,8.3,mL,As Needed,IV
904558,700115,4045,2021-02-03,19.5,mcg,Three Times Daily,Topical
904559,701071,4016,2023-03-27,71.2,mg,Once Daily,IM
904560,704522,4028,2024-09-05,35.3,units,Once Daily,Topical
904561,701003,4030,2025-05-10,5.8,units,Once Daily,Oral
904562,700091,4038,2022-06-25,30.0,units,Three Times Daily,IV
904563,702565,4010,2023-05-23,88.6,mL,Three Times Daily,IM
904564,704567,4010,2021-06-09,89.6,mg,Twice Daily,IV
904565,701126,4003,2025-02-14,75.6,units,Three Times Daily,Topical
904566,703349,4041,2022-10-09,9.2,mg,Once Daily,Oral
904567,703297,4018,2023-03-02,92.2,units,As Needed,Subcutaneous
904568,703273,4022,2023-03-29,89.0,units,Twice Daily,IM
904569,701817,4029,2025-11-02,14.4,mL,As Needed,Oral
904570,702969,4008,2025-12-19,41.9,mg,Three Times Daily,Oral
904571,706317,4008,2021-12-31,51.8,mcg,Twice Daily,IV
904572,700814,4003,2024-07-21,0.7,mL,Three Times Daily,Topical
904573,700851,4030,2021-02-04,29.6,mL,Three Times Daily,Subcutaneous
904574,705825,4010,2023-09-14,28.1,units,As Needed,Oral
904575,704416,4008,2021-10-29,53.7,mL,Three Times Daily,Subcutaneous
904576,701472,4007,2025-10-19,1.2,mL,Twice Daily,Subcutaneous
904577,704898,4038,2021-12-24,45.2,units,Twice Daily,Oral
904578,701220,4039,2021-12-09,33.4,mcg,Twice Daily,Subcutaneous
904579,705649,4019,2023-11-11,55.9,units,As Needed,Oral
904580,700333,4014,2025-09-13,37.7,mcg,Once Daily,Oral
904581,700323,4033,2021-08-04,17.8,mL,Three Times Daily,IV
904582,705177,4028,2021-05-23,76.6,units,Once Daily,IV
904583,704165,4020,2023-07-26,11.2,mcg,As Needed,IV
904584,700522,4040,2021-03-15,56.8,mL,Three Times Daily,IV
904585,700124,4044,2024-01-06,16.4,mcg,Once Daily,IM
904586,705384,4001,2024-08-15,80.2,mcg,Twice Daily,Oral
904587,701984,4026,2021-03-29,47.5,mcg,Once Daily,Topical
904588,702320,4010,2025-11-27,69.6,mg,As Needed,IM
904589,700840,4032,2023-10-23,26.4,mcg,Once Daily,Topical
904590,705575,4032,2024-08-03,8.7,units,As Needed,Subcutaneous
904591,700644,4020,2022-09-08,35.4,units,Three Times Daily,Topical
904592,700728,4036,2021-08-26,43.0,mcg,As Needed,IV
904593,705524,4030,2021-10-11,75.8,units,Twice Daily,IV
904594,704126,4034,2024-12-01,27.5,mL,Three Times Daily,Oral
904595,705024,4033,2025-06-16,91.7,mg,Three Times Daily,IV
904596,703225,4014,2025-03-24,92.2,mL,Three Times Daily,Subcutaneous
904597,703538,4022,2024-06-01,34.3,mcg,Twice Daily,IV
904598,704575,4028,2023-01-26,23.4,mg,Once Daily,IV
904599,700049,4030,2021-12-10,76.6,mg,Once Daily,Oral
904600,703202,4008,2025-03-13,47.9,mcg,As Needed,Topical
904601,701634,4028,2023-02-22,49.8,units,Twice Daily,Oral
904602,702748,4021,2025-12-11,79.1,mL,As Needed,IM
904603,703584,4009,2024-01-09,43.2,mg,Twice Daily,Oral
904604,701519,4045,2024-04-16,50.2,units,Three Times Daily,Oral
904605,704862,4016,2025-03-30,77.6,mg,Once Daily,Subcutaneous
904606,705059,4028,2025-11-14,23.4,mcg,Once Daily,IM
904607,702517,4001,2023-06-14,92.3,mg,Three Times Daily,IM
904608,701823,4037,2024-03-03,62.0,mcg,Once Daily,IM
904609,704052,4005,2024-02-14,65.9,mL,Once Daily,Topical
904610,705680,4012,2023-04-06,95.9,mg,As Needed,Topical
904611,703778,4010,2025-07-09,7.5,mg,Twice Daily,Topical
904612,703708,4018,2021-11-20,23.7,mcg,As Needed,IV
904613,701968,4015,2023-04-16,63.7,mcg,Once Daily,IV
904614,703816,4045,2024-09-21,13.2,mg,Twice Daily,Oral
904615,705456,4002,2025-06-13,40.2,mL,Twice Daily,IV
904616,706400,4016,2025-02-03,60.9,units,Twice Daily,Subcutaneous
904617,700092,4040,2022-10-14,15.3,mg,As Needed,Topical
904618,702577,4009,2023-08-16,37.2,mg,As Needed,Subcutaneous
904619,703987,4029,2021-07-09,53.8,mg,Once Daily,Oral
904620,703783,4016,2021-01-18,74.5,mcg,Once Daily,Subcutaneous
904621,701106,4012,2021-11-12,5.1,mg,As Needed,Topical
904622,706062,4014,2022-04-09,17.6,units,Twice Daily,Oral
904623,702086,4040,2025-11-26,36.1,mL,As Needed,IM
904624,703546,4038,2021-12-13,6.7,mg,Once Daily,Subcutaneous
904625,702364,4033,2022-08-22,51.2,mcg,As Needed,IV
904626,700744,4025,2021-09-18,83.7,mcg,Three Times Daily,Topical
904627,702104,4023,2023-12-01,58.6,mL,As Needed,IM
904628,704764,4007,2021-07-01,92.7,mL,As Needed,Subcutaneous
904629,702415,4033,2021-01-21,53.9,mg,Three Times Daily,Topical
904630,705042,4007,2024-01-11,53.9,mg,Twice Daily,IM
904631,703546,4021,2023-05-20,82.3,units,Three Times Daily,IV
904632,700490,4011,2024-03-30,96.1,units,Once Daily,Subcutaneous
904633,705419,4018,2021-02-25,89.6,units,Twice Daily,Oral
904634,701059,4011,2022-12-21,16.9,mg,Once Daily,IV
904635,703080,4021,2023-02-28,99.5,mcg,Three Times Daily,Oral
904636,705741,4045,2023-12-16,35.7,units,As Needed,Topical
904637,705493,4019,2024-10-23,33.7,mL,As Needed,IV
904638,705303,4027,2024-09-05,72.0,mcg,Twice Daily,Oral
904639,700401,4012,2024-03-31,48.9,mL,Once Daily,IV
904640,702069,4002,2021-01-31,9.3,mcg,Once Daily,Subcutaneous
904641,702523,4006,2024-05-14,83.5,mcg,As Needed,IM
904642,706375,4039,2023-04-25,86.5,mcg,As Needed,Topical
904643,702006,4014,2025-07-06,84.6,mL,Once Daily,Topical
904644,706295,4025,2022-02-19,55.0,mL,Three Times Daily,IV
904645,702243,4039,2023-10-04,29.9,units,As Needed,Subcutaneous
904646,700031,4015,2025-01-02,85.6,mcg,As Needed,Topical
904647,701068,4024,2024-01-06,89.8,mg,Three Times Daily,IM
904648,706216,4021,2024-01-24,91.9,mL,As Needed,IM
904649,701102,4033,2023-10-11,67.7,mL,Three Times Daily,Oral
904650,705242,4020,2024-07-23,53.8,mcg,As Needed,Subcutaneous
904651,703377,4044,2023-08-26,0.8,mL,Twice Daily,IM
904652,703225,4006,2021-06-28,12.9,mg,Once Daily,IM
904653,701601,4008,2021-03-27,48.9,units,As Needed,IM
904654,703704,4031,2025-09-10,72.5,mL,As Needed,Topical
904655,703288,4007,2024-12-27,5.4,units,Once Daily,Oral
904656,700042,4036,2023-03-25,54.2,mcg,Once Daily,IM
904657,704442,4028,2023-04-25,46.0,mcg,Once Daily,Subcutaneous
904658,701131,4037,2025-08-10,14.8,mL,Three Times Daily,IV
904659,706175,4034,2023-07-24,42.0,mL,Once Daily,IV
904660,701627,4024,2025-03-01,35.9,units,Three Times Daily,Subcutaneous
904661,702934,4036,2024-05-15,81.9,mg,Three Times Daily,IV
904662,701436,4006,2021-06-24,20.0,mL,Three Times Daily,Subcutaneous
904663,706175,4024,2023-01-23,98.5,mcg,As Needed,Subcutaneous
904664,704427,4012,2022-12-23,90.3,mcg,Three Times Daily,IM
904665,701118,4031,2021-02-26,73.3,mg,Twice Daily,IV
904666,703383,4030,2022-03-31,80.1,mL,As Needed,Topical
904667,702061,4019,2022-10-10,10.1,mL,Twice Daily,Oral
904668,704702,4022,2021-05-06,77.0,mL,Twice Daily,Topical
904669,700137,4029,2024-07-20,20.5,mg,As Needed,IM
904670,705163,4019,2021-12-22,88.5,mcg,Three Times Daily,IV
904671,704784,4022,2021-07-19,40.2,mcg,Twice Daily,Subcutaneous
904672,704913,4011,2021-05-18,68.9,units,Twice Daily,Topical
904673,702855,4036,2024-02-02,77.4,mcg,As Needed,Topical
904674,704608,4019,2023-04-29,51.3,mcg,Twice Daily,Oral
904675,703332,4004,2021-03-10,42.5,mg,As Needed,IV
904676,702061,4015,2022-05-15,42.3,mcg,Once Daily,IM
904677,706017,4006,2022-07-04,87.0,units,Twice Daily,IV
904678,701068,4021,2022-10-13,97.6,mL,As Needed,IV
904679,700053,4001,2025-07-08,70.6,mL,Twice Daily,Topical
904680,704106,4004,2025-08-25,46.8,units,Three Times Daily,Subcutaneous
904681,701218,4016,2021-05-16,23.9,mg,As Needed,IV
904682,702763,4029,2024-05-23,50.9,mg,Twice Daily,IM
904683,702632,4026,2021-11-18,13.8,mcg,Three Times Daily,Topical
904684,703536,4032,2025-09-01,88.6,units,Three Times Daily,Oral
904685,704399,4020,2021-09-11,83.4,mL,Twice Daily,IM
904686,704105,4001,2025-10-17,77.8,mcg,Three Times Daily,IM
904687,701518,4017,2024-06-20,12.5,mg,Three Times Daily,IV
904688,700814,4004,2021-05-30,52.5,mg,Three Times Daily,Oral
904689,704379,4036,2025-03-28,45.4,units,Three Times Daily,Oral
904690,701148,4036,2023-04-03,23.3,mcg,Twice Daily,Oral
904691,701843,4020,2023-07-25,66.4,mcg,Once Daily,Subcutaneous
904692,705078,4018,2021-09-27,91.0,mcg,Three Times Daily,Subcutaneous
904693,701343,4039,2023-01-05,57.5,mcg,As Needed,Subcutaneous
904694,706075,4004,2021-06-11,91.7,mg,Twice Daily,Topical
904695,700767,4013,2022-04-01,84.5,units,Once Daily,IM
904696,700166,4045,2024-08-04,41.9,units,Twice Daily,Topical
904697,706066,4026,2024-04-29,5.6,mcg,As Needed,Oral
904698,705180,4009,2022-11-02,45.7,mcg,Three Times Daily,IM
904699,701222,4021,2023-04-21,46.0,mcg,Once Daily,IM
904700,701442,4016,2024-03-26,38.1,mcg,Three Times Daily,IM
904701,701735,4026,2025-11-01,22.6,mcg,As Needed,Subcutaneous
904702,701076,4038,2024-11-18,49.5,mcg,Once Daily,Subcutaneous
904703,701930,4030,2022-04-16,75.9,mg,Three Times Daily,Subcutaneous
904704,701596,4026,2024-08-10,51.4,units,Three Times Daily,IM
904705,703106,4034,2023-04-01,33.8,mcg,Twice Daily,Subcutaneous
904706,703612,4020,2022-11-17,13.5,units,As Needed,IM
904707,706370,4023,2022-11-27,67.4,mL,Once Daily,IV
904708,702951,4041,2022-12-21,86.7,mcg,As Needed,Oral
904709,701225,4032,2022-11-10,50.8,mg,Twice Daily,Topical
904710,704665,4030,2022-11-11,13.7,mL,Once Daily,IV
904711,705753,4026,2021-05-06,23.3,units,Three Times Daily,Topical
904712,705914,4043,2025-04-26,71.1,units,Three Times Daily,Oral
904713,703922,4024,2024-07-17,14.0,mL,As Needed,Oral
904714,704223,4044,2021-05-24,51.2,units,Three Times Daily,Topical
904715,701202,4003,2024-08-14,3.6,units,As Needed,Subcutaneous
904716,706312,4024,2023-01-26,30.2,units,Once Daily,IV
904717,706301,4041,2021-10-02,18.3,mcg,As Needed,Oral
904718,705518,4031,2025-05-27,43.7,mcg,Twice Daily,IV
904719,700398,4022,2023-11-17,65.9,mL,As Needed,IV
904720,706152,4022,2022-06-13,37.8,mL,Three Times Daily,Topical
904721,704682,4009,2021-08-03,67.0,mg,Twice Daily,IV
904722,706301,4023,2024-09-13,47.8,mcg,Once Daily,IM
904723,705543,4023,2023-05-01,76.5,mg,Once Daily,IM
904724,702558,4020,2025-09-22,14.1,mL,Three Times Daily,Oral
904725,701700,4027,2021-09-02,64.2,mg,Twice Daily,Subcutaneous
904726,702740,4027,2022-09-03,87.5,mL,As Needed,Topical
904727,705366,4029,2025-06-19,90.6,mcg,Twice Daily,Oral
904728,700689,4004,2024-02-12,90.3,mg,Once Daily,IV
904729,704028,4015,2022-10-01,91.6,mg,Twice Daily,IM
904730,704882,4007,2024-03-11,88.7,mL,Three Times Daily,Oral
904731,701055,4020,2021-05-16,77.8,mL,As Needed,IV
904732,702796,4009,2022-06-29,20.2,units,Once Daily,Topical
904733,704156,4029,2022-01-31,50.4,units,As Needed,Topical
904734,705006,4011,2024-09-19,27.6,mcg,Twice Daily,Oral
904735,700301,4002,2023-08-20,34.6,units,As Needed,Oral
904736,701704,4024,2023-02-09,89.1,mcg,Twice Daily,Topical
904737,701531,4002,2025-01-10,95.4,mg,Once Daily,IM
904738,704184,4041,2025-12-12,11.3,mcg,Twice Daily,IM
904739,702238,4012,2023-10-29,48.3,mcg,Three Times Daily,Oral
904740,702781,4022,2025-04-17,33.1,mg,Three Times Daily,IV
904741,704933,4005,2025-02-18,32.8,units,Once Daily,Subcutaneous
904742,705599,4016,2025-05-07,58.0,mL,Twice Daily,Topical
904743,702119,4007,2021-09-10,47.5,units,Three Times Daily,IM
904744,702034,4043,2024-04-23,99.8,units,Once Daily,Subcutaneous
904745,705846,4008,2025-11-04,70.8,mcg,Once Daily,IV
904746,700465,4020,2021-01-23,97.7,mg,Once Daily,IM
904747,704991,4027,2024-01-08,11.8,mg,Three Times Daily,Oral
904748,702689,4017,2024-03-02,57.5,units,As Needed,IM
904749,705024,4018,2023-08-13,97.3,mg,Three Times Daily,Oral
904750,702755,4017,2025-05-01,33.4,mg,Twice Daily,Oral
904751,704224,4012,2022-06-17,52.4,units,Once Daily,Topical
904752,704331,4031,2021-01-07,74.4,mg,As Needed,IV
904753,702026,4034,2022-05-04,77.7,mg,Once Daily,Oral
904754,704495,4003,2021-07-06,86.2,mg,Twice Daily,IM
904755,703512,4006,2023-06-18,74.6,units,As Needed,Oral
904756,703560,4008,2024-06-08,97.9,mL,Three Times Daily,IM
904757,702582,4043,2022-02-24,74.4,mg,Three Times Daily,Topical
904758,706035,4016,2021-10-07,6.3,mL,Three Times Daily,IV
904759,702738,4016,2024-12-03,72.8,mcg,Twice Daily,Subcutaneous
904760,700732,4029,2024-07-04,37.2,mL,As Needed,IM
904761,706418,4020,2025-08-18,50.5,mcg,As Needed,Subcutaneous
904762,702877,4016,2021-10-12,43.9,mg,Three Times Daily,IM
904763,701965,4010,2025-03-26,57.4,units,Three Times Daily,Oral
904764,704875,4023,2024-11-15,89.1,units,Three Times Daily,Subcutaneous
904765,703597,4033,2024-04-02,18.0,mg,As Needed,Topical
904766,700450,4030,2022-09-13,78.9,mg,As Needed,IV
904767,702733,4019,2022-03-27,96.0,mcg,Twice Daily,Subcutaneous
904768,705982,4009,2024-05-12,68.2,mL,Once Daily,Oral
904769,705724,4033,2024-09-17,74.0,units,Once Daily,IM
904770,703873,4025,2025-10-20,38.7,mL,Three Times Daily,Topical
904771,705343,4004,2023-06-04,51.2,mg,Once Daily,Oral
904772,700458,4037,2025-10-23,73.8,mcg,Three Times Daily,Oral
904773,703346,4040,2024-02-07,53.9,mcg,Three Times Daily,Topical
904774,700223,4020,2023-01-07,3.6,mg,Once Daily,Oral
904775,705775,4039,2023-09-28,62.9,mL,Twice Daily,Oral
904776,702624,4007,2022-09-19,95.5,mL,Three Times Daily,IM
904777,705383,4039,2025-07-05,71.1,mg,As Needed,Subcutaneous
904778,704079,4006,2023-03-18,89.3,mg,Three Times Daily,Oral
904779,704409,4043,2023-06-23,21.5,units,As Needed,IM
904780,701149,4007,2022-07-12,51.6,mg,Once Daily,IV
904781,702609,4006,2024-04-05,43.7,units,Three Times Daily,Subcutaneous
904782,703968,4002,2023-12-05,64.2,mg,Twice Daily,Subcutaneous
904783,702069,4011,2023-11-06,14.8,units,Twice Daily,Oral
904784,702828,4043,2022-02-20,44.1,mg,As Needed,IM
904785,703734,4024,2024-01-19,69.7,units,Twice Daily,IM
904786,701545,4006,2023-03-16,52.9,mL,Twice Daily,IV
904787,703811,4024,2024-10-08,12.9,mg,As Needed,Subcutaneous
904788,705323,4002,2021-08-22,54.0,mcg,Three Times Daily,Topical
904789,704814,4040,2024-05-02,73.7,mg,As Needed,IV
904790,705114,4015,2025-09-20,66.6,mL,Three Times Daily,Oral
904791,704600,4007,2024-06-22,78.8,mcg,Three Times Daily,Topical
904792,704255,4026,2024-06-22,35.0,mcg,As Needed,Oral
904793,702691,4033,2021-06-02,78.2,mcg,Once Daily,Oral
904794,705365,4034,2022-12-13,60.1,units,Twice Daily,IM
904795,703371,4011,2021-07-10,74.0,mcg,Twice Daily,Oral
904796,701508,4023,2024-02-21,45.9,mcg,Once Daily,Subcutaneous
904797,702736,4025,2021-09-08,19.8,units,As Needed,Subcutaneous
904798,704119,4012,2022-05-10,99.1,mg,Twice Daily,IM
904799,703005,4023,2023-11-24,81.2,units,As Needed,Oral
904800,703670,4033,2023-08-02,76.4,units,Twice Daily,IM
904801,706415,4042,2023-11-10,92.0,units,As Needed,IM
904802,700814,4021,2021-02-11,97.5,mcg,Once Daily,Oral
904803,702810,4009,2025-09-06,37.6,mL,Three Times Daily,IV
904804,704536,4041,2024-03-04,9.1,mL,Three Times Daily,Subcutaneous
904805,702399,4014,2022-09-07,69.9,mcg,Once Daily,Topical
904806,702062,4027,2024-11-07,86.4,mg,As Needed,Topical
904807,703038,4009,2023-02-28,69.3,mcg,Twice Daily,IM
904808,702096,4044,2022-04-04,55.8,units,Three Times Daily,IV
904809,701837,4045,2024-03-26,54.8,mg,Twice Daily,Oral
904810,706296,4027,2024-08-10,14.4,mcg,Once Daily,IM
904811,705045,4010,2024-07-22,21.7,mg,Three Times Daily,Oral
904812,701555,4004,2023-07-11,17.2,mL,Three Times Daily,Subcutaneous
904813,706023,4039,2025-03-02,41.1,mcg,Twice Daily,IM
904814,705869,4002,2022-12-19,53.1,mL,Once Daily,Subcutaneous
904815,704655,4040,2025-08-09,50.4,mg,Twice Daily,Topical
904816,704736,4024,2021-03-18,28.8,units,As Needed,IM
904817,706482,4036,2025-03-28,19.7,mL,Twice Daily,IV
904818,705938,4010,2023-04-18,60.0,units,As Needed,IV
904819,701403,4037,2025-01-07,33.1,mg,Once Daily,IM
904820,703135,4022,2023-05-19,9.8,mL,Three Times Daily,IM
904821,701970,4019,2023-02-17,59.9,mg,Once Daily,IM
904822,702457,4005,2023-01-17,79.1,mcg,As Needed,IV
904823,704391,4029,2022-02-06,6.1,mg,Three Times Daily,Oral
904824,704108,4032,2025-10-15,33.7,mg,Twice Daily,Subcutaneous
904825,706071,4042,2021-05-06,19.8,mcg,Three Times Daily,Topical
904826,702378,4016,2023-06-02,69.7,mcg,As Needed,IV
904827,701506,4003,2023-01-12,88.2,mL,Three Times Daily,IV
904828,701753,4033,2021-05-10,18.5,mg,Once Daily,Oral
904829,703437,4040,2025-07-12,92.8,units,As Needed,IM
904830,700919,4011,2021-10-20,28.5,mL,Once Daily,Topical
904831,704043,4040,2022-11-26,19.6,mL,Once Daily,Subcutaneous
904832,704961,4009,2021-12-14,97.5,mg,Three Times Daily,IV
904833,702405,4028,2021-12-11,77.9,mcg,Twice Daily,Topical
904834,705461,4029,2024-05-18,35.9,mL,Once Daily,Topical
904835,705947,4029,2023-08-15,57.4,mL,As Needed,IM
904836,704310,4039,2023-05-21,54.7,mg,Three Times Daily,IM
904837,704497,4041,2023-02-17,14.1,mL,Once Daily,Oral
904838,702425,4037,2025-03-05,94.0,mcg,Three Times Daily,Subcutaneous
904839,703052,4036,2022-12-01,57.3,mg,Once Daily,Subcutaneous
904840,702045,4016,2024-12-04,73.6,mcg,Twice Daily,Oral
904841,700811,4037,2021-09-28,79.7,units,As Needed,Topical
904842,705237,4034,2025-09-09,57.0,mL,As Needed,Oral
904843,703633,4037,2022-12-06,34.3,mL,Three Times Daily,Subcutaneous
904844,702031,4029,2024-01-16,54.3,mg,Once Daily,IV
904845,703500,4023,2025-06-21,97.8,units,As Needed,Oral
904846,702031,4044,2023-06-06,80.4,mL,Once Daily,IM
904847,700697,4042,2023-08-14,100.0,mcg,Once Daily,Oral
904848,705585,4045,2021-12-20,14.4,mcg,Twice Daily,Topical
904849,700526,4023,2023-08-02,10.4,mg,As Needed,Oral
904850,703591,4042,2024-05-19,70.8,mcg,As Needed,Subcutaneous
904851,700375,4036,2022-05-19,66.6,mcg,Three Times Daily,Topical
904852,701247,4013,2022-09-21,32.1,mcg,Twice Daily,IM
904853,702956,4015,2021-03-14,43.8,units,Once Daily,IV
904854,703970,4027,2025-04-01,18.6,units,Three Times Daily,Subcutaneous
904855,703144,4006,2021-06-24,37.8,mg,Three Times Daily,IV
904856,700016,4001,2022-05-20,92.9,units,Once Daily,Oral
904857,701784,4001,2021-06-20,36.6,mL,As Needed,Subcutaneous
904858,704761,4003,2023-04-12,21.1,units,Three Times Daily,IV
904859,703971,4008,2023-11-16,26.8,units,Twice Daily,IV
904860,703038,4043,2024-03-30,50.6,units,Once Daily,Subcutaneous
904861,700370,4031,2022-07-12,47.8,mL,As Needed,Topical
904862,701197,4043,2022-03-18,10.0,mg,As Needed,Topical
904863,700690,4032,2023-01-09,11.4,units,Twice Daily,Subcutaneous
904864,701235,4027,2024-11-01,24.3,mL,Once Daily,Topical
904865,706265,4016,2025-12-06,73.3,mg,Once Daily,Subcutaneous
904866,703717,4016,2022-07-04,45.3,mcg,Three Times Daily,Subcutaneous
904867,702337,4040,2023-01-21,12.4,units,Once Daily,Topical
904868,701217,4033,2022-09-20,68.3,mcg,Three Times Daily,IV
904869,701056,4045,2024-07-30,1.8,mcg,As Needed,IM
904870,700797,4016,2023-12-14,59.8,mcg,Three Times Daily,Subcutaneous
904871,703430,4036,2024-06-03,34.9,mg,As Needed,IM
904872,704887,4007,2022-02-03,5.3,mcg,Twice Daily,IV
904873,705004,4029,2021-05-31,12.8,mL,Twice Daily,IV
904874,702531,4040,2022-11-18,75.0,mg,Three Times Daily,IM
904875,706319,4043,2025-01-27,25.0,mg,As Needed,Subcutaneous
904876,700457,4028,2022-04-02,27.6,mL,Once Daily,Oral
904877,700907,4039,2025-01-07,49.0,mcg,Three Times Daily,IV
904878,704804,4016,2025-05-08,16.0,units,Three Times Daily,Subcutaneous
904879,703605,4002,2024-09-04,96.9,mcg,Once Daily,Oral
904880,700006,4029,2025-11-07,38.3,mg,As Needed,Oral
904881,705463,4036,2023-02-02,44.9,mcg,Once Daily,IV
904882,703687,4005,2022-12-29,7.7,mg,As Needed,Topical
904883,703399,4013,2024-05-14,56.0,units,As Needed,IV
904884,700109,4006,2021-07-30,79.9,mcg,Twice Daily,IM
904885,700783,4008,2024-12-09,42.4,mL,As Needed,IV
904886,703337,4009,2023-02-01,17.0,mL,As Needed,IM
904887,703467,4017,2024-09-05,3.0,mcg,Three Times Daily,Topical
904888,705137,4002,2021-08-02,35.1,mcg,Once Daily,IV
904889,704425,4035,2024-07-21,86.2,mg,Once Daily,Oral
904890,701826,4010,2022-03-04,10.5,units,As Needed,IV
904891,703374,4034,2025-10-28,95.6,mg,Twice Daily,Topical
904892,706483,4004,2022-07-07,87.5,mg,Twice Daily,Topical
904893,705864,4035,2024-08-23,4.6,mcg,As Needed,IV
904894,703422,4039,2024-06-11,8.7,mcg,Twice Daily,IM
904895,700470,4024,2021-02-22,44.8,mg,Twice Daily,IV
904896,701754,4019,2023-01-28,8.5,mcg,As Needed,Oral
904897,701822,4007,2025-01-03,95.4,mcg,Once Daily,Oral
904898,704748,4030,2023-04-05,2.8,units,As Needed,Subcutaneous
904899,700100,4023,2025-04-28,94.2,mL,Twice Daily,Topical
904900,701287,4006,2022-10-24,64.9,mg,Once Daily,Oral
904901,700886,4005,2024-02-11,54.8,mcg,Once Daily,IV
904902,705781,4027,2024-06-25,65.6,mL,Three Times Daily,IV
904903,702994,4022,2022-01-04,13.2,mL,Three Times Daily,IM
904904,705121,4013,2024-09-19,75.1,mg,Three Times Daily,Oral
904905,704686,4011,2025-11-21,26.6,units,Once Daily,IV
904906,704913,4021,2021-05-21,77.8,units,As Needed,IM
904907,703266,4032,2022-09-07,82.7,mcg,Three Times Daily,IV
904908,706487,4006,2023-06-17,43.8,mg,Once Daily,Oral
904909,704762,4012,2024-05-07,45.8,units,Three Times Daily,IV
904910,700921,4038,2022-08-16,21.9,mL,As Needed,Subcutaneous
904911,700719,4007,2022-10-03,58.6,mL,Once Daily,Topical
904912,705021,4011,2022-05-23,8.8,mcg,As Needed,Subcutaneous
904913,705684,4028,2023-05-01,29.5,mcg,Twice Daily,Topical
904914,705631,4029,2021-06-10,17.1,units,Once Daily,IV
904915,700505,4040,2023-09-01,88.7,mg,Twice Daily,IV
904916,704263,4027,2023-03-05,70.3,mL,Once Daily,Topical
904917,701776,4032,2021-04-10,75.3,units,Three Times Daily,Subcutaneous
904918,705342,4009,2022-07-11,79.2,units,Three Times Daily,Oral
904919,701775,4040,2021-12-31,14.0,mL,As Needed,Topical
904920,700317,4020,2023-11-14,87.4,mL,Once Daily,Topical
904921,704490,4023,2024-10-03,65.2,mcg,Once Daily,IM
904922,702538,4044,2022-12-21,20.3,mcg,Three Times Daily,IV
904923,702570,4037,2025-10-27,93.6,units,Three Times Daily,IV
904924,703321,4032,2022-08-28,44.1,mL,Twice Daily,Topical
904925,703414,4002,2023-02-25,36.3,mcg,Once Daily,IV
904926,704560,4044,2025-07-28,28.8,units,Three Times Daily,Topical
904927,700766,4009,2022-01-15,64.3,units,As Needed,IM
904928,704347,4012,2023-03-02,45.4,mcg,As Needed,IV
904929,701843,4034,2021-08-06,17.7,mL,Three Times Daily,Topical
904930,702219,4019,2024-10-14,77.1,units,Once Daily,Oral
904931,701630,4027,2023-04-15,16.2,mcg,Once Daily,Topical
904932,706157,4003,2023-08-03,39.5,units,Three Times Daily,Subcutaneous
904933,705883,4040,2023-06-21,56.9,mg,Twice Daily,Topical
904934,701578,4038,2022-09-16,5.2,mcg,Once Daily,Subcutaneous
904935,705914,4019,2023-04-01,70.3,mcg,Three Times Daily,Topical
904936,703643,4001,2021-01-03,7.8,mL,Twice Daily,IV
904937,704026,4031,2022-04-25,3.7,mg,As Needed,Subcutaneous
904938,703431,4014,2023-01-17,44.0,mcg,Three Times Daily,IV
904939,701307,4033,2023-06-22,47.1,mcg,Once Daily,Oral
904940,704286,4029,2023-02-05,32.7,mg,Once Daily,Topical
904941,702436,4011,2024-01-19,40.7,mL,As Needed,Subcutaneous
904942,702544,4037,2021-09-15,8.8,mg,Three Times Daily,IM
904943,703788,4021,2022-05-04,62.3,mL,As Needed,IV
904944,701588,4006,2025-02-25,74.9,mL,Three Times Daily,IV
904945,704963,4041,2025-02-10,21.4,units,Three Times Daily,IM
904946,706439,4019,2021-02-12,18.4,mL,Once Daily,Topical
904947,702689,4014,2023-03-26,4.1,mcg,Three Times Daily,Oral
904948,701552,4039,2024-06-14,47.3,units,As Needed,IM
904949,703286,4018,2021-01-06,69.3,mcg,Three Times Daily,IV
904950,703629,4002,2021-10-28,71.9,units,Twice Daily,Oral
904951,701508,4038,2021-08-20,3.8,mg,Twice Daily,Oral
904952,704118,4020,2023-07-14,96.9,mcg,Three Times Daily,Oral
904953,703963,4002,2021-02-06,98.4,units,Three Times Daily,Subcutaneous
904954,702179,4003,2021-07-08,82.8,units,Once Daily,IV
904955,702598,4039,2021-12-19,68.9,mL,Twice Daily,IV
904956,705497,4018,2021-12-30,37.1,mL,Three Times Daily,Oral
904957,704662,4021,2021-03-28,39.4,units,Once Daily,Subcutaneous
904958,701960,4030,2024-12-15,90.8,units,Once Daily,IV
904959,705418,4023,2021-11-21,27.9,mg,Twice Daily,IV
904960,705818,4009,2021-07-03,87.6,units,Once Daily,IV
904961,702237,4003,2024-05-15,15.5,units,As Needed,Subcutaneous
904962,701691,4026,2025-03-12,32.9,units,Once Daily,IM
904963,705140,4020,2022-01-25,42.6,units,Twice Daily,IV
904964,703349,4044,2021-11-11,62.1,mL,Twice Daily,Oral
904965,703462,4023,2021-09-07,74.5,mg,Once Daily,Oral
904966,701629,4033,2022-05-11,14.2,mcg,As Needed,Topical
904967,706166,4037,2024-09-04,40.3,units,As Needed,IM
904968,704951,4023,2023-02-13,37.5,mL,Once Daily,IV
904969,705672,4038,2023-10-26,30.5,mg,As Needed,IV
904970,702936,4037,2024-02-17,45.4,mg,Three Times Daily,IM
904971,703584,4005,2023-12-16,73.2,units,Three Times Daily,Oral
904972,705147,4014,2024-07-26,56.0,mg,Twice Daily,IM
904973,701935,4038,2025-06-18,50.7,mcg,Three Times Daily,IM
904974,702659,4023,2022-06-10,52.0,units,Twice Daily,IV
904975,702994,4039,2023-05-07,71.3,mg,As Needed,IM
904976,701883,4012,2025-07-09,55.8,mL,As Needed,Subcutaneous
904977,704236,4017,2022-09-19,71.1,mg,Once Daily,IV
904978,704206,4013,2023-04-04,50.5,mg,Twice Daily,Topical
904979,706400,4016,2024-02-29,69.4,mL,As Needed,IV
904980,703369,4027,2023-11-21,84.9,mcg,Twice Daily,Topical
904981,705704,4024,2025-01-09,8.3,mcg,As Needed,Oral
904982,701203,4037,2022-07-20,75.4,units,Three Times Daily,IV
904983,704194,4009,2022-02-09,81.5,mg,Twice Daily,IM
904984,702768,4017,2024-12-05,74.9,mcg,Twice Daily,IV
904985,702404,4043,2023-08-19,23.4,mcg,Once Daily,Subcutaneous
904986,704017,4023,2021-11-25,12.1,mcg,As Needed,Topical
904987,705235,4012,2023-03-08,91.7,mcg,Once Daily,IV
904988,706386,4004,2021-10-17,34.4,units,Three Times Daily,IM
904989,703665,4005,2025-10-29,18.7,mg,As Needed,Topical
904990,700281,4031,2025-08-12,67.8,units,Once Daily,Subcutaneous
904991,704974,4007,2023-12-03,86.9,units,Three Times Daily,Topical
904992,702522,4011,2021-09-23,98.6,units,Three Times Daily,Subcutaneous
904993,704015,4012,2021-08-26,54.5,mL,Three Times Daily,Subcutaneous
904994,706289,4038,2025-01-02,88.0,mg,Three Times Daily,Oral
904995,700486,4001,2025-04-22,48.6,mL,Three Times Daily,Oral
904996,704862,4008,2025-07-08,54.4,mL,Twice Daily,IV
904997,704717,4017,2021-02-03,56.9,mg,Three Times Daily,IV
904998,703974,4021,2021-04-18,87.5,mL,Three Times Daily,IV
904999,706025,4004,2022-09-06,24.5,mL,Twice Daily,Oral
905000,704654,4028,2024-02-06,74.8,units,Twice Daily,Oral
905001,703606,4037,2024-10-15,34.2,mcg,As Needed,Topical
905002,702871,4031,2024-02-24,10.2,mg,Once Daily,IM
905003,702394,4022,2021-01-11,97.6,units,Twice Daily,Topical
905004,701314,4009,2022-10-20,92.6,mg,Twice Daily,Topical
905005,702308,4026,2022-06-12,51.0,mcg,As Needed,Subcutaneous
905006,702362,4045,2022-08-26,15.8,mg,As Needed,Oral
905007,704964,4033,2024-04-08,86.5,mL,As Needed,Subcutaneous
905008,704237,4036,2021-01-15,40.5,mg,Twice Daily,IV
905009,700254,4037,2025-07-02,51.5,mL,Twice Daily,IM
905010,703365,4024,2023-10-29,99.0,units,Twice Daily,IV
905011,700393,4004,2024-08-22,46.9,mcg,Once Daily,IM
905012,700136,4009,2025-08-07,15.2,mg,Twice Daily,Subcutaneous
905013,705042,4015,2025-04-20,66.6,mg,Twice Daily,IV
905014,703262,4033,2023-01-19,55.4,mL,Once Daily,Oral
905015,706241,4005,2025-07-08,18.5,mg,Three Times Daily,IM
905016,702334,4026,2022-09-15,19.2,mL,As Needed,Topical
905017,704689,4003,2023-11-19,92.1,mcg,Twice Daily,Topical
905018,702275,4032,2025-06-04,4.5,mcg,Three Times Daily,IM
905019,704598,4042,2025-01-02,62.5,units,Twice Daily,Subcutaneous
905020,701432,4021,2025-12-09,79.1,mcg,Twice Daily,IM
905021,700621,4001,2024-06-24,37.7,mg,As Needed,Topical
905022,703760,4026,2025-10-23,14.2,mL,Three Times Daily,Subcutaneous
905023,701046,4027,2025-04-03,92.1,mg,Once Daily,Topical
905024,706468,4036,2021-04-18,26.4,units,Twice Daily,IM
905025,702227,4033,2023-03-24,18.5,units,Once Daily,Subcutaneous
905026,701225,4021,2023-04-02,6.8,mcg,As Needed,IM
905027,704030,4030,2025-09-25,89.4,mL,Once Daily,Oral
905028,704724,4044,2024-05-06,54.2,units,Three Times Daily,IM
905029,701987,4021,2024-10-17,39.2,units,Once Daily,Oral
905030,703472,4016,2023-10-20,77.0,mL,Three Times Daily,Oral
905031,700565,4037,2025-08-18,52.9,mg,Once Daily,Topical
905032,703750,4009,2023-04-09,30.8,mcg,Once Daily,IV
905033,704784,4029,2022-01-18,39.1,mL,Once Daily,IM
905034,704283,4020,2024-08-08,76.0,mL,Once Daily,Subcutaneous
905035,701799,4008,2024-04-30,27.1,mcg,As Needed,IV
905036,705588,4014,2022-03-16,53.9,mg,Three Times Daily,Oral
905037,704397,4038,2024-04-11,86.6,mcg,As Needed,Oral
905038,702493,4041,2025-10-11,87.8,units,Once Daily,Subcutaneous
905039,706226,4042,2023-03-01,89.4,mg,Three Times Daily,IM
905040,703296,4007,2023-04-24,76.5,mL,Three Times Daily,IM
905041,701118,4041,2024-12-05,51.3,mL,As Needed,Topical
905042,701243,4017,2021-02-28,50.2,mg,As Needed,Oral
905043,704665,4010,2021-01-20,95.8,units,Three Times Daily,Subcutaneous
905044,700525,4037,2025-11-28,77.1,mcg,Three Times Daily,IV
905045,700512,4025,2024-11-24,21.6,mL,As Needed,IM
905046,702727,4023,2021-05-23,33.3,units,As Needed,Oral
905047,700096,4044,2025-09-12,33.4,mcg,Three Times Daily,IV
905048,701918,4040,2022-06-06,77.5,mg,As Needed,IM
905049,701996,4036,2021-10-06,46.9,mg,Three Times Daily,IM
905050,702415,4041,2023-11-22,73.1,mcg,Twice Daily,Subcutaneous
905051,703072,4018,2022-11-04,4.9,mg,Twice Daily,Oral
905052,705202,4042,2021-08-27,66.8,mL,Three Times Daily,Subcutaneous
905053,704221,4030,2025-01-16,31.8,mcg,As Needed,Topical
905054,701593,4039,2025-12-30,22.3,mL,Three Times Daily,IM
905055,705119,4006,2025-10-04,66.6,mcg,As Needed,Topical
905056,705806,4015,2022-06-30,10.8,mcg,As Needed,Oral
905057,700014,4024,2025-09-23,66.6,units,Three Times Daily,IM
905058,700056,4029,2024-12-07,99.4,mcg,Once Daily,IM
905059,704498,4042,2024-06-01,91.8,mcg,As Needed,Subcutaneous
905060,701915,4045,2023-03-20,76.6,units,Twice Daily,Oral
905061,702005,4016,2022-07-22,34.2,units,Once Daily,IM
905062,700097,4009,2023-02-15,30.4,units,Three Times Daily,Topical
905063,704847,4006,2023-12-01,96.8,mg,Twice Daily,IM
905064,701333,4014,2024-10-08,10.3,mg,Twice Daily,IV
905065,705035,4017,2021-05-31,21.5,units,As Needed,Subcutaneous
905066,705214,4011,2023-08-15,82.9,mcg,Twice Daily,Subcutaneous
905067,705138,4028,2023-04-21,49.9,mcg,Twice Daily,Oral
905068,704483,4007,2021-06-13,90.3,mg,Twice Daily,Subcutaneous
905069,704482,4033,2022-08-09,37.4,mcg,Twice Daily,Subcutaneous
905070,704468,4029,2024-10-18,30.9,mg,Three Times Daily,Topical
905071,706283,4029,2025-09-14,59.5,mcg,Twice Daily,Subcutaneous
905072,704610,4002,2025-03-18,68.8,mg,As Needed,IV
905073,704959,4030,2021-12-07,67.0,mg,Twice Daily,Oral
905074,704579,4019,2023-01-13,25.8,mg,Once Daily,IM
905075,700097,4044,2022-10-19,84.6,mL,Twice Daily,Subcutaneous
905076,704995,4044,2022-04-27,46.2,mL,As Needed,IV
905077,700316,4010,2022-06-02,8.7,units,Twice Daily,Subcutaneous
905078,705944,4001,2023-05-26,55.4,mg,Twice Daily,Oral
905079,701153,4035,2021-12-29,29.0,units,Twice Daily,IM
905080,700762,4017,2024-04-04,59.2,mL,Twice Daily,IV
905081,703596,4034,2024-06-05,19.0,mL,Once Daily,Topical
905082,704208,4034,2021-11-04,82.7,mL,Three Times Daily,Topical
905083,700133,4037,2024-11-27,17.7,mcg,Once Daily,Topical
905084,700750,4016,2023-03-04,42.3,mcg,Three Times Daily,Subcutaneous
905085,703790,4005,2023-04-30,4.0,mcg,Twice Daily,IM
905086,701204,4013,2024-03-17,65.0,mcg,Once Daily,Topical
905087,703564,4001,2024-05-19,9.8,mg,Twice Daily,Subcutaneous
905088,702031,4016,2024-09-07,72.5,mg,Twice Daily,IM
905089,702529,4008,2022-08-10,67.2,mcg,Twice Daily,IM
905090,705959,4006,2025-05-11,42.1,units,Once Daily,Oral
905091,704011,4043,2022-09-26,49.1,mL,Three Times Daily,IM
905092,700741,4044,2023-04-20,83.8,mcg,Three Times Daily,Topical
905093,700314,4013,2024-05-06,26.0,units,As Needed,Oral
905094,703230,4009,2021-03-05,63.9,mcg,As Needed,IV
905095,701573,4039,2023-09-19,57.6,units,Once Daily,Topical
905096,702212,4034,2024-09-21,72.6,mg,As Needed,IV
905097,702615,4009,2021-05-06,40.7,mg,Twice Daily,Topical
905098,704938,4002,2022-08-26,88.2,mg,Three Times Daily,IV
905099,705432,4012,2024-07-17,24.0,units,As Needed,IV
905100,700572,4005,2025-04-04,80.5,mL,Twice Daily,Topical
905101,703166,4023,2022-01-18,60.4,mL,Twice Daily,Subcutaneous
905102,706485,4008,2024-04-10,80.0,mg,Three Times Daily,Topical
905103,706359,4030,2023-07-13,96.3,mL,Three Times Daily,Oral
905104,705679,4012,2022-12-09,0.8,mL,Once Daily,Topical
905105,704245,4003,2024-03-13,3.3,mL,Three Times Daily,Oral
905106,702976,4030,2021-08-26,0.6,mL,Three Times Daily,Subcutaneous
905107,705278,4020,2022-04-23,31.6,mg,Twice Daily,Topical
905108,703936,4039,2023-01-19,39.7,mL,Once Daily,Oral
905109,702985,4032,2025-11-16,37.7,mcg,Three Times Daily,IV
905110,702106,4039,2025-03-26,5.4,mL,As Needed,IV
905111,700190,4025,2024-11-03,90.3,mg,Twice Daily,Oral
905112,705708,4034,2022-03-16,13.3,mg,Three Times Daily,IV
905113,706008,4014,2021-02-02,54.2,units,Once Daily,Topical
905114,700402,4036,2024-10-27,90.6,units,Twice Daily,IV
905115,705679,4043,2021-06-06,54.2,mL,As Needed,Topical
905116,700406,4032,2022-07-09,37.2,mg,As Needed,Oral
905117,703117,4038,2025-08-22,70.6,mg,Three Times Daily,Topical
905118,702103,4013,2022-08-04,99.6,mg,Once Daily,IV
905119,700423,4043,2022-08-27,60.4,units,Once Daily,Topical
905120,702156,4012,2023-07-23,64.7,mL,Three Times Daily,IM
905121,701988,4033,2023-03-09,18.5,mg,Three Times Daily,IM
905122,702042,4033,2021-07-28,26.7,mL,Once Daily,Topical
905123,704008,4041,2022-05-26,79.5,mcg,Twice Daily,Topical
905124,701482,4041,2022-05-08,75.1,mcg,Once Daily,IM
905125,705597,4042,2023-05-14,24.2,units,Twice Daily,IM
905126,705995,4037,2022-11-04,50.8,mg,Once Daily,Subcutaneous
905127,706160,4004,2022-09-29,87.9,units,Once Daily,Oral
905128,705474,4045,2021-04-11,18.3,units,Three Times Daily,Oral
905129,702878,4016,2025-05-30,72.6,mg,Three Times Daily,IV
905130,705587,4018,2021-04-15,35.1,mg,Once Daily,Topical
905131,702506,4028,2024-04-06,7.1,mg,As Needed,Oral
905132,700204,4005,2023-11-16,28.4,mcg,Once Daily,IM
905133,702952,4008,2023-02-11,42.2,mg,As Needed,Topical
905134,706095,4038,2022-07-30,74.6,mg,Once Daily,Subcutaneous
905135,700419,4043,2025-06-09,13.2,units,As Needed,Subcutaneous
905136,701440,4043,2024-06-20,85.8,mcg,Twice Daily,IV
905137,700601,4017,2022-02-25,32.6,mcg,Three Times Daily,IV
905138,701616,4019,2022-10-01,15.5,units,As Needed,IV
905139,704329,4041,2021-08-31,37.4,mg,As Needed,Topical
905140,706130,4041,2025-02-01,92.8,mg,Once Daily,Topical
905141,701019,4033,2021-09-29,56.6,mcg,Once Daily,IM
905142,705869,4022,2021-11-05,35.3,units,Once Daily,Subcutaneous
905143,705176,4026,2024-04-24,43.3,mL,Twice Daily,Oral
905144,700851,4015,2024-04-27,73.9,mcg,Once Daily,Topical
905145,703665,4033,2022-01-16,4.9,units,As Needed,IM
905146,700863,4010,2022-07-09,95.1,units,Three Times Daily,Subcutaneous
905147,704744,4005,2022-01-23,83.4,mcg,Three Times Daily,IM
905148,704019,4016,2021-02-04,88.7,mg,Twice Daily,Oral
905149,702932,4041,2021-10-31,66.9,mL,Once Daily,IM
905150,702817,4009,2021-05-16,59.3,mcg,Three Times Daily,IM
905151,701116,4030,2025-02-05,34.6,mL,Once Daily,IV
905152,705291,4015,2024-04-22,30.4,mL,As Needed,Oral
905153,702933,4038,2022-03-29,9.3,mcg,Once Daily,Topical
905154,700369,4022,2025-01-24,3.9,units,Three Times Daily,Oral
905155,700577,4003,2024-08-17,5.9,mL,As Needed,IV
905156,700477,4018,2023-07-16,18.3,mg,Twice Daily,Subcutaneous
905157,704393,4022,2025-05-09,16.6,units,As Needed,Oral
905158,705081,4032,2025-03-20,78.6,mL,Once Daily,Subcutaneous
905159,703809,4036,2022-04-18,11.0,mL,Once Daily,IM
905160,705514,4005,2021-02-20,76.7,mL,Three Times Daily,Topical
905161,704980,4001,2023-06-13,44.3,mcg,Once Daily,Topical
905162,706158,4028,2025-12-01,96.0,units,As Needed,Subcutaneous
905163,706020,4006,2025-12-28,60.6,mcg,As Needed,Oral
905164,700018,4023,2024-06-21,56.0,mcg,Once Daily,Oral
905165,706381,4023,2021-08-29,64.5,mL,Once Daily,Subcutaneous
905166,705543,4001,2025-08-08,49.6,mg,Three Times Daily,Topical
905167,702052,4015,2021-04-12,57.3,mL,Twice Daily,IM
905168,702701,4009,2023-05-07,70.8,mL,As Needed,Topical
905169,702102,4014,2022-01-17,84.5,mg,Twice Daily,Subcutaneous
905170,702777,4045,2021-05-03,92.2,mL,Three Times Daily,Subcutaneous
905171,701301,4026,2023-11-12,69.0,mcg,Once Daily,Topical
905172,702445,4017,2022-11-08,91.8,units,As Needed,Subcutaneous
905173,705973,4020,2024-06-14,54.6,mcg,As Needed,Subcutaneous
905174,702383,4038,2022-05-18,24.0,mcg,Three Times Daily,Subcutaneous
905175,704895,4037,2024-11-17,34.2,mcg,Once Daily,Topical
905176,702565,4042,2024-07-15,86.4,mcg,Three Times Daily,Oral
905177,706485,4007,2024-04-17,64.6,mg,As Needed,Subcutaneous
905178,702313,4028,2024-09-14,28.2,units,Once Daily,Topical
905179,702044,4031,2023-02-09,58.0,mL,Twice Daily,Oral
905180,701069,4036,2024-08-01,66.6,units,Once Daily,Subcutaneous
905181,702559,4003,2025-02-15,99.8,mL,As Needed,Oral
905182,705513,4034,2025-07-12,50.9,units,Three Times Daily,Oral
905183,706281,4005,2025-01-21,90.2,mcg,Twice Daily,IV
905184,704302,4030,2024-02-28,34.3,mg,Three Times Daily,IV
905185,702070,4008,2024-11-17,64.0,mcg,As Needed,Topical
905186,701976,4007,2025-06-06,79.3,mcg,Once Daily,IM
905187,704612,4014,2021-07-21,93.1,mcg,Once Daily,Subcutaneous
905188,705035,4017,2022-05-14,48.5,mL,Three Times Daily,IM
905189,705790,4015,2024-01-05,85.6,mg,As Needed,IV
905190,705580,4007,2023-05-03,52.7,units,Once Daily,IM
905191,703685,4009,2022-02-05,65.0,mg,Three Times Daily,IM
905192,701168,4005,2021-03-05,24.5,units,Once Daily,Oral
905193,700015,4034,2022-11-15,82.5,mcg,Once Daily,Topical
905194,704872,4031,2023-12-31,96.9,mcg,As Needed,Oral
905195,706474,4037,2023-03-10,77.9,mcg,Three Times Daily,IM
905196,705391,4023,2024-04-15,27.3,mL,As Needed,IM
905197,703772,4036,2021-01-13,7.8,mg,Once Daily,IM
905198,705230,4031,2024-05-10,6.3,mcg,As Needed,IV
905199,701953,4020,2021-02-22,71.7,mcg,Twice Daily,Subcutaneous
905200,700456,4020,2024-06-27,78.8,mL,Once Daily,IM
905201,700860,4007,2022-01-25,66.7,units,As Needed,Oral
905202,701997,4030,2021-07-31,67.0,mg,As Needed,Oral
905203,705881,4011,2024-04-17,91.9,mg,As Needed,Subcutaneous
905204,700333,4034,2021-09-24,44.8,units,As Needed,Topical
905205,703361,4037,2022-08-02,49.6,mL,Three Times Daily,IM
905206,704310,4001,2021-09-29,24.9,units,Three Times Daily,IV
905207,705802,4038,2024-04-22,100.0,units,Once Daily,Topical
905208,701295,4043,2021-01-11,94.5,mcg,Twice Daily,Topical
905209,702518,4042,2024-10-25,23.9,units,Three Times Daily,IV
905210,704556,4033,2025-09-02,23.2,mL,Once Daily,Subcutaneous
905211,704720,4020,2022-06-13,77.4,mcg,Twice Daily,IM
905212,700757,4040,2024-09-26,19.0,mg,Twice Daily,Topical
905213,706362,4011,2022-08-18,20.6,mg,Twice Daily,Subcutaneous
905214,701243,4002,2025-07-12,85.6,mL,As Needed,IV
905215,702279,4004,2022-06-16,59.6,units,Twice Daily,Oral
905216,701949,4034,2024-11-06,28.3,units,Twice Daily,IM
905217,704574,4038,2025-08-14,40.5,mL,Once Daily,Oral
905218,705589,4022,2021-07-28,17.6,mL,Twice Daily,Topical
905219,701802,4044,2024-11-19,59.5,mcg,As Needed,IM
905220,705693,4032,2022-10-09,16.0,mg,As Needed,IM
905221,700386,4032,2022-10-30,32.3,mcg,Once Daily,Oral
905222,701448,4022,2024-03-01,96.9,mcg,Twice Daily,Oral
905223,704903,4005,2021-09-18,57.0,mcg,As Needed,Subcutaneous
905224,704056,4005,2024-09-16,35.1,mg,Once Daily,Subcutaneous
905225,704146,4028,2022-11-12,92.6,mg,Once Daily,IM
905226,705516,4014,2025-03-17,37.3,units,Once Daily,Subcutaneous
905227,704322,4005,2023-10-13,72.7,units,Three Times Daily,Subcutaneous
905228,700304,4021,2025-08-09,33.2,units,Twice Daily,Topical
905229,704408,4003,2021-09-04,30.7,mg,As Needed,Topical
905230,700210,4012,2022-07-29,47.6,mg,Three Times Daily,Topical
905231,704769,4033,2023-11-24,55.9,mcg,Twice Daily,Oral
905232,702954,4019,2021-06-30,43.3,mg,As Needed,Topical
905233,700649,4040,2024-08-11,83.3,mL,As Needed,Subcutaneous
905234,703686,4007,2025-05-03,69.4,mcg,Three Times Daily,IV
905235,704246,4012,2024-07-03,96.2,mL,As Needed,Subcutaneous
905236,701201,4011,2021-06-26,38.6,mcg,Once Daily,Subcutaneous
905237,704984,4015,2024-09-10,54.4,units,As Needed,IV
905238,705328,4037,2023-10-23,86.8,units,Once Daily,Topical
905239,706372,4022,2025-08-02,27.8,mcg,Three Times Daily,IV
905240,700061,4031,2024-12-29,75.0,mcg,Three Times Daily,Subcutaneous
905241,700497,4003,2025-01-27,59.3,mg,As Needed,Oral
905242,706175,4005,2021-02-23,59.4,mL,As Needed,IM
905243,700625,4033,2025-04-18,26.6,units,Twice Daily,Oral
905244,703862,4014,2025-09-10,27.4,mcg,Three Times Daily,Oral
905245,705342,4011,2025-03-18,93.2,mcg,As Needed,IV
905246,705367,4020,2024-07-01,4.5,mL,Once Daily,IV
905247,700021,4043,2021-10-27,54.7,mcg,Once Daily,Oral
905248,702351,4031,2025-11-01,69.2,mL,As Needed,IV
905249,705627,4016,2025-03-22,18.5,mL,As Needed,Oral
905250,701885,4009,2025-05-30,53.5,mcg,Twice Daily,Subcutaneous
905251,701857,4005,2025-05-01,90.4,units,As Needed,Oral
905252,702666,4018,2022-05-25,81.1,units,Once Daily,IV
905253,703037,4020,2023-02-03,88.2,mL,Three Times Daily,Subcutaneous
905254,706229,4028,2023-04-09,41.9,mg,Three Times Daily,IM
905255,700145,4019,2024-10-05,61.9,mL,Twice Daily,Oral
905256,706295,4013,2023-04-26,19.0,units,As Needed,Topical
905257,704146,4018,2021-01-12,86.5,units,As Needed,Topical
905258,702768,4018,2023-03-05,15.6,mL,Once Daily,Topical
905259,702501,4013,2024-11-11,12.5,mcg,Twice Daily,Subcutaneous
905260,705440,4011,2022-04-19,81.6,units,As Needed,Oral
905261,703820,4005,2025-09-20,36.1,mcg,Twice Daily,IV
905262,705168,4036,2025-02-10,73.8,mg,Three Times Daily,Subcutaneous
905263,700013,4012,2023-03-14,97.4,mL,Once Daily,Oral
905264,706289,4019,2023-08-21,34.5,mcg,As Needed,Oral
905265,700960,4021,2023-12-05,94.7,mL,As Needed,Oral
905266,704682,4005,2021-02-07,26.5,units,Once Daily,IM
905267,706067,4033,2022-07-11,77.5,mg,Twice Daily,IM
905268,701876,4042,2024-03-06,55.8,mg,As Needed,Oral
905269,701375,4001,2025-07-20,77.5,mg,Three Times Daily,Topical
905270,702073,4011,2022-06-15,24.5,mL,Three Times Daily,IM
905271,700788,4042,2025-11-05,78.4,mg,As Needed,IM
905272,702935,4035,2022-09-06,72.4,mL,As Needed,Topical
905273,700571,4005,2025-06-10,10.9,units,Three Times Daily,IV
905274,703274,4025,2024-03-05,62.4,mg,Three Times Daily,Subcutaneous
905275,701407,4011,2024-09-16,38.8,units,As Needed,IV
905276,705204,4022,2021-12-01,87.4,mcg,Once Daily,IM
905277,706386,4006,2021-04-09,33.7,units,Three Times Daily,Topical
905278,703545,4040,2022-11-14,71.2,mg,Three Times Daily,Topical
905279,703361,4001,2023-10-29,59.6,mg,Three Times Daily,Subcutaneous
905280,705070,4013,2021-02-11,62.0,units,As Needed,Oral
905281,702654,4019,2023-10-25,14.2,mg,Twice Daily,Topical
905282,703974,4022,2024-05-10,24.2,mg,Once Daily,IM
905283,705132,4029,2025-09-22,64.8,mg,Three Times Daily,IM
905284,701209,4030,2021-12-19,4.0,units,Twice Daily,IM
905285,700980,4003,2022-07-19,89.8,mL,Once Daily,Subcutaneous
905286,701741,4007,2021-03-15,72.0,units,As Needed,Oral
905287,702361,4029,2024-08-14,8.1,mcg,Three Times Daily,Subcutaneous
905288,704451,4006,2023-01-13,58.7,mL,As Needed,IM
905289,705060,4042,2021-10-26,99.5,mcg,Twice Daily,Subcutaneous
905290,703033,4010,2023-04-09,9.2,mg,Once Daily,Oral
905291,700075,4031,2021-12-29,2.8,mcg,As Needed,Topical
905292,705810,4008,2025-06-06,36.2,units,As Needed,Topical
905293,701179,4006,2022-02-20,47.4,units,Once Daily,Oral
905294,701597,4007,2025-04-24,56.0,mg,Once Daily,IV
905295,703815,4006,2022-06-13,45.7,mcg,Once Daily,Topical
905296,700773,4019,2025-03-20,65.0,mg,As Needed,Oral
905297,700465,4027,2021-08-13,77.8,mL,Once Daily,Subcutaneous
905298,703940,4002,2023-05-07,6.5,mg,Once Daily,IV
905299,702001,4022,2024-10-13,42.3,mcg,Once Daily,Topical
905300,701877,4039,2022-09-08,15.1,units,As Needed,Subcutaneous
905301,700195,4036,2024-06-09,65.3,mcg,Three Times Daily,IV
905302,702180,4033,2025-06-27,67.4,mL,As Needed,Subcutaneous
905303,704691,4012,2024-03-13,81.6,mg,Twice Daily,IV
905304,703058,4029,2025-05-05,85.4,mcg,Once Daily,Topical
905305,700357,4009,2022-04-02,99.6,mcg,Once Daily,IM
905306,700515,4041,2023-02-28,7.3,mL,As Needed,Subcutaneous
905307,703667,4023,2025-01-22,85.3,mg,Three Times Daily,Subcutaneous
905308,705093,4026,2025-06-17,93.3,units,Three Times Daily,IV
905309,706415,4028,2025-07-22,94.0,mg,As Needed,IV
905310,700241,4008,2025-01-04,4.1,mL,As Needed,Oral
905311,702528,4011,2025-03-22,66.1,mL,As Needed,Topical
905312,701939,4011,2025-04-24,86.2,units,Once Daily,IM
905313,703743,4031,2021-02-11,19.2,mL,Once Daily,Subcutaneous
905314,700107,4013,2021-10-23,57.8,mcg,Twice Daily,IM
905315,701968,4043,2025-03-23,46.4,mcg,Once Daily,Oral
905316,705329,4016,2021-01-12,18.8,mL,As Needed,Oral
905317,701206,4011,2024-11-29,39.5,units,Twice Daily,Oral
905318,700311,4042,2022-05-12,30.5,mg,Three Times Daily,IV
905319,702618,4038,2025-07-28,85.0,units,Twice Daily,Oral
905320,705201,4033,2023-02-23,73.5,units,Three Times Daily,IM
905321,701622,4035,2025-10-01,1.2,units,As Needed,Topical
905322,702232,4018,2021-05-19,55.9,units,Twice Daily,Topical
905323,702415,4031,2024-05-13,3.7,units,Twice Daily,IV
905324,705856,4031,2023-04-02,92.3,units,Once Daily,Topical
905325,704543,4011,2022-05-09,4.3,mL,As Needed,Topical
905326,703008,4038,2021-06-18,18.8,mg,Three Times Daily,IM
905327,705283,4007,2024-05-18,20.7,mg,Twice Daily,IV
905328,705407,4030,2021-04-10,80.4,mL,Twice Daily,IM
905329,705651,4018,2023-11-14,47.1,units,Three Times Daily,IV
905330,700352,4038,2022-04-05,17.1,units,Twice Daily,IV
905331,705492,4019,2021-04-11,14.3,mg,As Needed,IM
905332,700596,4017,2023-11-13,37.9,units,As Needed,Subcutaneous
905333,706074,4026,2022-03-30,57.0,mL,Twice Daily,Oral
905334,704292,4020,2023-04-15,79.7,mg,Three Times Daily,IM
905335,703183,4003,2022-01-04,77.6,mcg,As Needed,Subcutaneous
905336,701930,4043,2025-01-14,4.5,mg,Once Daily,Subcutaneous
905337,703632,4009,2024-11-21,65.1,mg,Once Daily,IV
905338,701631,4022,2022-04-27,2.1,units,Three Times Daily,Oral
905339,701124,4034,2022-02-25,57.2,mL,Twice Daily,Oral
905340,702657,4034,2024-02-10,18.0,mg,Three Times Daily,Oral
905341,702583,4019,2023-08-04,86.1,mg,As Needed,IV
905342,703690,4038,2021-03-17,38.7,mcg,Once Daily,Oral
905343,704941,4004,2024-10-17,84.2,mL,As Needed,Oral
905344,706368,4003,2024-07-02,91.5,mg,Three Times Daily,Topical
905345,701561,4026,2025-02-15,40.3,units,Once Daily,IM
905346,702264,4002,2025-01-24,59.6,mg,As Needed,Topical
905347,700185,4019,2025-10-16,93.2,mL,Three Times Daily,Oral
905348,704634,4022,2022-05-27,24.9,mL,Twice Daily,IM
905349,702724,4006,2021-11-12,9.4,mL,Three Times Daily,IV
905350,704640,4041,2024-08-19,52.0,mL,As Needed,Topical
905351,700411,4032,2025-09-09,55.3,mcg,Once Daily,Topical
905352,700463,4038,2022-12-02,43.6,mL,As Needed,Topical
905353,701406,4005,2024-01-10,96.9,mcg,Once Daily,IM
905354,701954,4018,2023-11-25,42.5,mg,Once Daily,IM
905355,702523,4038,2022-07-09,55.9,mL,Twice Daily,Oral
905356,701113,4035,2022-08-01,6.4,units,As Needed,IV
905357,701310,4039,2022-06-19,4.9,units,As Needed,Oral
905358,703200,4044,2024-12-15,58.5,units,As Needed,IV
905359,700673,4039,2023-06-23,91.7,mL,Three Times Daily,Subcutaneous
905360,702679,4020,2023-08-07,82.3,units,Once Daily,Oral
905361,706138,4016,2024-08-20,56.6,mL,Once Daily,Topical
905362,700392,4014,2023-08-30,50.4,mcg,Once Daily,IV
905363,702373,4039,2024-06-04,76.6,mg,Twice Daily,Oral
905364,704110,4039,2024-07-27,0.7,units,Once Daily,Oral
905365,704321,4024,2023-05-08,40.1,mg,Twice Daily,Topical
905366,701853,4008,2024-02-21,10.2,mcg,Twice Daily,IM
905367,701393,4043,2023-04-18,49.0,mcg,As Needed,IM
905368,701045,4042,2022-06-12,77.5,mg,As Needed,IV
905369,700737,4022,2023-03-09,48.4,mg,As Needed,IM
905370,704458,4035,2024-03-09,30.5,mg,Once Daily,Subcutaneous
905371,703163,4006,2024-06-14,46.9,units,Once Daily,Topical
905372,705086,4002,2023-07-19,35.6,mcg,Twice Daily,IV
905373,703209,4001,2025-08-30,16.8,mL,Once Daily,Topical
905374,703168,4015,2024-12-23,75.6,units,As Needed,IV
905375,702409,4029,2024-09-27,20.4,mcg,Once Daily,Subcutaneous
905376,701610,4008,2025-09-01,83.2,mg,Twice Daily,IM
905377,703837,4044,2023-03-25,64.8,mcg,Once Daily,Subcutaneous
905378,704542,4034,2021-10-28,81.6,mg,Three Times Daily,IV
905379,703897,4012,2022-09-09,14.2,mcg,Twice Daily,Topical
905380,700028,4026,2024-12-10,39.2,mL,Once Daily,Topical
905381,704125,4018,2022-01-10,13.4,units,Once Daily,Subcutaneous
905382,700235,4008,2025-10-19,0.5,mg,As Needed,Oral
905383,705099,4039,2024-04-11,75.7,mcg,Three Times Daily,IV
905384,701969,4043,2021-12-22,97.8,mL,Once Daily,Subcutaneous
905385,701754,4038,2021-07-16,64.5,mg,Three Times Daily,IM
905386,703635,4040,2022-06-19,11.3,units,Three Times Daily,Subcutaneous
905387,706331,4009,2025-06-05,91.6,units,Once Daily,IV
905388,701833,4039,2022-06-04,65.8,mL,As Needed,IV
905389,705651,4042,2022-05-28,85.6,mL,Three Times Daily,IM
905390,700791,4032,2022-12-15,66.9,units,As Needed,IV
905391,703807,4010,2024-05-28,49.5,mcg,Twice Daily,Topical
905392,701564,4036,2024-05-27,8.0,mL,Twice Daily,IV
905393,700842,4024,2021-03-29,8.4,mL,Once Daily,Subcutaneous
905394,704727,4008,2024-05-29,97.4,mcg,Twice Daily,Topical
905395,703912,4025,2022-11-20,11.6,mL,Once Daily,IM
905396,704576,4026,2023-12-03,71.8,mcg,As Needed,IM
905397,705666,4012,2025-05-14,26.7,mcg,Three Times Daily,Subcutaneous
905398,700914,4026,2024-12-16,97.1,mcg,Twice Daily,IV
905399,702593,4035,2021-02-14,51.0,mg,As Needed,IV
905400,705431,4044,2022-10-29,31.0,mL,Three Times Daily,IM
905401,705458,4024,2023-01-23,31.3,mcg,Twice Daily,Subcutaneous
905402,704382,4016,2023-07-06,43.8,mL,Twice Daily,IV
905403,705123,4041,2021-09-24,2.0,mg,As Needed,Oral
905404,705270,4044,2025-09-29,35.3,mg,Once Daily,Subcutaneous
905405,705618,4038,2025-11-04,19.1,mcg,Three Times Daily,Oral
905406,703323,4006,2023-09-12,98.5,mcg,Once Daily,Topical
905407,705008,4040,2023-05-26,33.0,mcg,Once Daily,IM
905408,701505,4039,2025-03-11,17.5,mL,As Needed,IV
905409,705968,4018,2024-09-04,97.4,units,Three Times Daily,Topical
905410,706364,4036,2021-01-06,11.1,mg,Once Daily,IM
905411,701063,4013,2022-08-09,70.0,mL,Once Daily,IM
905412,701150,4034,2021-12-18,10.7,mL,Three Times Daily,IM
905413,702515,4039,2025-01-25,1.6,units,Twice Daily,IM
905414,702302,4022,2023-04-09,77.8,mcg,Three Times Daily,IV
905415,705348,4007,2025-02-25,4.8,mcg,Once Daily,IM
905416,702111,4018,2025-02-25,42.1,units,As Needed,Oral
905417,700869,4021,2024-07-15,72.6,units,As Needed,IV
905418,702173,4027,2024-09-04,68.4,units,Twice Daily,IV
905419,706267,4008,2025-10-08,3.1,mg,Once Daily,IM
905420,702932,4032,2025-05-15,3.3,mg,Twice Daily,IM
905421,702721,4005,2025-12-23,36.6,mg,As Needed,Subcutaneous
905422,701513,4014,2023-12-25,87.5,mL,Once Daily,Topical
905423,705755,4002,2021-04-22,90.2,mL,Three Times Daily,Topical
905424,703471,4039,2025-02-09,49.0,mL,As Needed,IM
905425,704377,4024,2025-03-08,16.8,mL,Once Daily,IV
905426,701055,4013,2022-07-11,74.4,units,Twice Daily,Subcutaneous
905427,705948,4022,2024-04-13,32.8,mL,Three Times Daily,Subcutaneous
905428,705292,4011,2024-07-09,97.6,mg,As Needed,IM
905429,700050,4041,2023-04-07,78.1,units,Twice Daily,Topical
905430,705098,4019,2024-11-24,10.2,mL,Once Daily,Subcutaneous
905431,701279,4044,2024-06-20,78.9,mL,Three Times Daily,IV
905432,701936,4030,2022-06-18,84.4,mcg,Three Times Daily,Subcutaneous
905433,703401,4004,2024-11-28,39.6,mg,Three Times Daily,IV
905434,705318,4028,2022-07-01,13.2,mcg,Twice Daily,IV
905435,700434,4011,2025-08-02,52.6,units,Three Times Daily,Oral
905436,703882,4042,2023-01-09,75.7,units,Three Times Daily,Subcutaneous
905437,703149,4004,2022-08-03,99.8,mg,Once Daily,Subcutaneous
905438,701409,4016,2025-04-15,90.7,mcg,Once Daily,IM
905439,701648,4026,2025-09-14,91.7,mg,Three Times Daily,IV
905440,705824,4028,2024-01-22,74.9,mcg,Three Times Daily,Oral
905441,702765,4031,2025-11-20,77.8,mcg,Once Daily,Topical
905442,706133,4007,2024-04-09,36.6,mcg,Once Daily,IM
905443,702657,4016,2024-05-21,13.2,mL,As Needed,IM
905444,705750,4027,2024-03-20,99.8,mL,Once Daily,Topical
905445,702094,4038,2025-06-30,2.9,units,Three Times Daily,Oral
905446,704063,4013,2025-01-08,52.5,mcg,Once Daily,Topical
905447,701298,4022,2023-10-20,65.9,units,Three Times Daily,Topical
905448,706330,4037,2021-01-08,50.6,units,Twice Daily,Subcutaneous
905449,702150,4023,2021-08-16,51.1,units,Once Daily,IM
905450,702511,4019,2022-11-02,47.7,units,As Needed,Oral
905451,704288,4006,2022-10-12,58.9,mg,Once Daily,IM
905452,701390,4012,2024-08-11,46.8,mg,Twice Daily,IM
905453,700392,4011,2023-11-24,57.1,mL,Three Times Daily,Oral
905454,706431,4012,2024-11-04,8.2,mcg,Once Daily,IM
905455,702574,4008,2022-10-07,39.6,mg,As Needed,IV
905456,706037,4011,2025-05-12,95.2,mcg,Twice Daily,Subcutaneous
905457,706471,4010,2025-05-08,54.4,mg,Twice Daily,Subcutaneous
905458,702871,4029,2024-03-10,96.6,mL,Three Times Daily,IM
905459,704772,4015,2025-01-14,35.8,units,Three Times Daily,IM
905460,705031,4045,2022-06-14,7.2,mL,As Needed,IV
905461,706298,4034,2025-10-24,2.4,mL,Three Times Daily,Oral
905462,706308,4001,2021-05-22,90.4,mg,Twice Daily,Oral
905463,700207,4039,2021-06-22,29.6,units,As Needed,Topical
905464,706052,4006,2024-10-23,26.6,units,As Needed,Oral
905465,706378,4045,2025-10-22,90.0,mcg,Twice Daily,Subcutaneous
905466,701340,4029,2025-06-29,17.0,mL,Three Times Daily,Topical
905467,703581,4027,2023-01-26,44.1,units,Once Daily,Topical
905468,704378,4034,2022-01-15,95.0,mcg,As Needed,IV
905469,701644,4013,2024-03-20,63.8,units,As Needed,Oral
905470,702337,4039,2021-06-01,96.4,units,Twice Daily,Subcutaneous
905471,705888,4018,2025-10-23,24.5,units,Once Daily,Oral
905472,700495,4014,2023-05-03,28.9,mL,Twice Daily,Subcutaneous
905473,702912,4021,2022-01-30,67.8,mcg,Once Daily,IM
905474,702448,4032,2025-09-28,99.3,units,Once Daily,Topical
905475,705057,4031,2021-05-11,68.0,mg,As Needed,Oral
905476,704973,4036,2022-09-03,72.5,mL,Three Times Daily,Subcutaneous
905477,702432,4029,2023-05-05,18.6,mL,As Needed,Subcutaneous
905478,700958,4024,2025-09-09,81.8,mg,Three Times Daily,IM
905479,703285,4029,2021-05-17,71.9,units,Twice Daily,IM
905480,705391,4010,2025-01-26,46.9,mL,Once Daily,Oral
905481,704084,4036,2023-07-28,57.2,mg,Three Times Daily,Topical
905482,700163,4003,2024-02-27,62.5,units,Twice Daily,IM
905483,700006,4024,2023-11-27,8.6,mcg,Once Daily,IM
905484,704743,4037,2022-11-18,96.9,mL,As Needed,Subcutaneous
905485,705788,4022,2022-12-13,61.3,mg,Twice Daily,Oral
905486,702994,4014,2023-10-01,55.9,mcg,Once Daily,Topical
905487,701490,4002,2023-11-08,54.3,mcg,As Needed,IV
905488,700485,4022,2024-02-22,97.9,mg,Once Daily,IV
905489,706437,4024,2024-02-29,91.0,units,Once Daily,IV
905490,700007,4018,2022-07-06,25.2,mg,Three Times Daily,IV
905491,701845,4018,2025-05-06,4.0,mL,Twice Daily,Subcutaneous
905492,700934,4036,2023-06-12,76.5,mcg,As Needed,IV
905493,704329,4030,2025-12-01,23.0,mcg,As Needed,Oral
905494,705289,4037,2022-10-15,14.7,mL,Three Times Daily,IM
905495,704335,4002,2025-01-30,99.9,mg,Once Daily,Topical
905496,700443,4019,2023-08-25,40.6,mcg,As Needed,Subcutaneous
905497,702957,4036,2023-04-23,74.4,units,As Needed,Topical
905498,702060,4038,2021-01-24,32.2,mg,Twice Daily,IV
905499,701178,4013,2025-05-19,3.0,units,As Needed,Topical
905500,704307,4015,2022-07-11,23.4,units,As Needed,Subcutaneous
905501,702230,4026,2024-03-20,7.8,mg,Twice Daily,Topical
905502,704843,4024,2025-04-29,12.8,units,Once Daily,Oral
905503,701272,4033,2023-04-12,79.9,units,Once Daily,Oral
905504,704526,4003,2023-10-23,92.7,mcg,Once Daily,IM
905505,702210,4043,2024-08-29,96.4,units,As Needed,Subcutaneous
905506,700479,4040,2024-04-05,40.1,mg,Once Daily,Topical
905507,705746,4037,2025-07-06,28.8,mL,Once Daily,Oral
905508,705229,4009,2023-01-05,79.5,units,As Needed,Topical
905509,705560,4015,2022-10-23,47.0,mg,Once Daily,Oral
905510,704433,4025,2025-09-30,82.3,mg,As Needed,Oral
905511,705305,4042,2025-05-29,84.5,units,Once Daily,IM
905512,700035,4039,2023-11-04,96.3,mL,Twice Daily,Topical
905513,704625,4040,2021-06-02,34.0,units,Three Times Daily,Subcutaneous
905514,703489,4031,2023-06-06,28.1,mg,As Needed,IV
905515,702103,4017,2023-09-20,54.5,mL,Three Times Daily,IM
905516,704834,4026,2021-08-26,48.9,units,Once Daily,Subcutaneous
905517,703730,4045,2025-06-07,95.0,mg,Once Daily,Subcutaneous
905518,704770,4038,2024-01-10,33.4,mg,Three Times Daily,Subcutaneous
905519,702438,4031,2025-04-15,72.7,units,Three Times Daily,Subcutaneous
905520,705110,4045,2025-06-24,36.3,units,As Needed,IV
905521,700490,4015,2023-05-15,2.1,mcg,Once Daily,Oral
905522,703442,4007,2025-03-21,7.6,mL,Once Daily,IM
905523,701214,4045,2021-09-29,15.1,units,Once Daily,Oral
905524,704036,4020,2021-12-31,41.0,mcg,Twice Daily,IV
905525,701534,4010,2021-11-15,68.7,mg,As Needed,IV
905526,706246,4005,2021-11-16,37.9,mg,Once Daily,IV
905527,705750,4016,2021-10-15,81.4,mcg,Once Daily,Topical
905528,701471,4045,2022-02-06,94.2,mcg,Once Daily,IV
905529,702966,4009,2025-09-22,92.7,units,Twice Daily,Topical
905530,702964,4031,2024-01-07,3.0,units,As Needed,Oral
905531,704313,4043,2022-06-14,2.3,mcg,Three Times Daily,Subcutaneous
905532,703639,4003,2025-09-11,76.3,mg,Once Daily,Oral
905533,700465,4043,2025-05-31,62.7,mcg,Three Times Daily,IV
905534,704024,4045,2021-12-20,31.1,units,As Needed,Topical
905535,703299,4001,2023-06-24,91.5,mg,Three Times Daily,Subcutaneous
905536,706209,4026,2023-10-02,5.3,mL,Twice Daily,Subcutaneous
905537,704724,4027,2022-07-02,25.9,mL,As Needed,Subcutaneous
905538,702388,4029,2025-06-05,27.1,mL,Once Daily,Subcutaneous
905539,702909,4032,2024-04-23,10.9,mg,Once Daily,IV
905540,704562,4028,2021-11-25,56.6,mg,As Needed,Topical
905541,702972,4030,2023-05-07,15.8,units,Twice Daily,Oral
905542,703280,4026,2024-04-16,66.2,mcg,Twice Daily,Subcutaneous
905543,700444,4022,2025-02-27,68.5,mg,Once Daily,Subcutaneous
905544,700441,4024,2025-06-23,64.9,mcg,As Needed,IM
905545,701099,4045,2021-05-20,74.6,mg,Once Daily,Subcutaneous
905546,700527,4026,2025-07-31,99.5,mL,Twice Daily,IM
905547,701842,4007,2023-09-04,80.7,mL,Once Daily,Oral
905548,706293,4045,2021-05-19,46.2,mg,Twice Daily,IV
905549,702096,4001,2023-11-17,29.4,mg,Three Times Daily,Subcutaneous
905550,702286,4040,2023-09-27,22.2,mL,Once Daily,IV
905551,705307,4023,2021-04-24,84.3,mcg,Three Times Daily,IM
905552,703296,4002,2024-01-03,78.5,mcg,Once Daily,IV
905553,704174,4042,2024-11-19,11.6,mcg,Twice Daily,Subcutaneous
905554,704646,4011,2025-12-29,94.4,units,Twice Daily,Topical
905555,700723,4007,2022-05-04,53.3,units,As Needed,Topical
905556,705616,4014,2022-09-12,12.2,mcg,Once Daily,IV
905557,702213,4013,2025-11-19,96.7,units,Twice Daily,Oral
905558,702446,4001,2022-11-03,42.0,units,Twice Daily,Subcutaneous
905559,700062,4041,2025-07-10,47.7,mg,As Needed,IV
905560,702758,4027,2024-09-10,69.3,mcg,Three Times Daily,IM
905561,705167,4003,2024-05-01,34.8,mcg,Three Times Daily,IM
905562,702043,4037,2022-03-23,4.6,mL,Twice Daily,IV
905563,704044,4027,2025-11-20,66.7,mL,Twice Daily,Oral
905564,704736,4040,2023-07-01,36.2,mL,Three Times Daily,Topical
905565,700736,4014,2025-09-16,63.3,mg,Three Times Daily,IV
905566,700070,4029,2023-11-23,76.9,mg,Three Times Daily,Subcutaneous
905567,702855,4020,2021-04-07,3.8,mcg,As Needed,Subcutaneous
905568,702887,4037,2024-09-17,64.9,mL,As Needed,Topical
905569,704607,4041,2021-07-26,82.8,mcg,As Needed,Subcutaneous
905570,702929,4018,2022-08-09,1.8,units,As Needed,Oral
905571,705457,4022,2024-02-11,32.6,mL,As Needed,Topical
905572,703617,4030,2024-02-20,69.1,units,As Needed,Oral
905573,702082,4012,2021-08-19,84.2,units,As Needed,Subcutaneous
905574,704143,4034,2023-05-25,69.6,units,Three Times Daily,Topical
905575,701004,4026,2022-07-07,83.0,units,Twice Daily,Subcutaneous
905576,705837,4036,2021-08-18,85.2,mL,Three Times Daily,Oral
905577,704133,4036,2022-05-15,79.4,mL,Twice Daily,Topical
905578,700131,4018,2025-08-14,32.3,units,Three Times Daily,Oral
905579,703524,4025,2025-01-03,24.5,units,Once Daily,Topical
905580,702893,4005,2022-06-16,48.3,units,Three Times Daily,Subcutaneous
905581,701802,4027,2024-09-27,57.6,mcg,As Needed,Topical
905582,702709,4037,2021-04-30,3.5,mL,Once Daily,Oral
905583,700467,4012,2023-12-13,90.8,units,Once Daily,IM
905584,706102,4039,2021-03-19,37.6,mcg,Once Daily,Topical
905585,700072,4022,2025-06-19,16.6,mcg,Twice Daily,Topical
905586,703190,4011,2023-12-17,21.4,mcg,Twice Daily,IM
905587,706455,4010,2025-09-27,31.3,mg,Once Daily,Subcutaneous
905588,703907,4036,2024-08-03,36.4,mL,Twice Daily,IV
905589,705696,4038,2023-12-04,91.4,mcg,As Needed,IM
905590,700258,4018,2022-12-23,35.8,mg,Once Daily,Subcutaneous
905591,703623,4043,2024-04-13,23.7,mL,Twice Daily,Topical
905592,701340,4044,2024-05-14,39.0,units,As Needed,Subcutaneous
905593,705137,4011,2022-01-14,18.2,mcg,Twice Daily,Subcutaneous
905594,701869,4016,2021-02-10,48.8,mL,As Needed,IV
905595,705217,4025,2022-08-09,92.9,mg,Twice Daily,Topical
905596,706235,4003,2023-09-02,74.9,mL,Once Daily,Subcutaneous
905597,705434,4002,2024-12-17,89.0,units,Twice Daily,Subcutaneous
905598,702975,4027,2022-10-29,97.8,units,Once Daily,Subcutaneous
905599,701120,4011,2022-11-10,38.7,mL,Twice Daily,Topical
905600,705126,4006,2023-03-01,18.5,units,As Needed,IM
905601,703455,4028,2023-11-05,65.4,mcg,Three Times Daily,Subcutaneous
905602,705683,4003,2023-10-22,67.1,mcg,Three Times Daily,IM
905603,705042,4044,2024-06-25,64.7,mg,Twice Daily,IV
905604,700707,4015,2023-04-13,76.9,mcg,Three Times Daily,IM
905605,705213,4006,2022-08-28,20.6,units,As Needed,Topical
905606,704920,4015,2022-08-23,1.8,units,Three Times Daily,IM
905607,705259,4036,2025-10-15,50.3,mL,Once Daily,Subcutaneous
905608,704314,4017,2022-03-14,15.1,mcg,Twice Daily,Oral
905609,704964,4030,2023-06-23,3.3,mL,Once Daily,IM
905610,701031,4040,2024-03-19,46.2,mg,Once Daily,Oral
905611,705119,4006,2025-03-30,68.1,mL,Once Daily,IM
905612,700698,4011,2023-05-28,54.0,mg,Twice Daily,IV
905613,706178,4037,2022-09-01,3.6,mcg,Three Times Daily,IM
905614,703975,4008,2023-07-04,19.8,units,Twice Daily,IV
905615,704226,4017,2025-06-02,43.2,mL,Three Times Daily,IV
905616,700675,4001,2025-11-17,81.7,mg,As Needed,Subcutaneous
905617,703364,4001,2025-04-03,29.9,mL,As Needed,Oral
905618,704073,4039,2024-04-13,85.6,mcg,Three Times Daily,IV
905619,701435,4030,2024-01-23,83.8,units,Twice Daily,Subcutaneous
905620,702714,4020,2025-01-08,62.7,mg,As Needed,Subcutaneous
905621,701808,4043,2025-09-11,84.6,units,Three Times Daily,Oral
905622,702696,4023,2022-12-03,65.8,units,Three Times Daily,Topical
905623,702171,4044,2021-04-15,19.3,mL,As Needed,Subcutaneous
905624,701025,4044,2022-02-06,1.7,mcg,Twice Daily,Topical
905625,702513,4031,2023-03-27,59.8,units,Once Daily,Oral
905626,703176,4023,2023-08-12,20.9,units,Three Times Daily,IM
905627,702422,4005,2022-10-01,61.2,mL,Twice Daily,Subcutaneous
905628,705706,4045,2021-06-03,22.2,mcg,Twice Daily,IM
905629,700598,4006,2021-04-18,13.2,units,Three Times Daily,Subcutaneous
905630,701512,4036,2023-06-07,42.4,mL,Twice Daily,Oral
905631,700032,4017,2021-07-14,75.0,mL,Twice Daily,Topical
905632,702332,4037,2023-01-07,24.0,mL,Three Times Daily,IM
905633,704148,4027,2022-10-23,84.0,mcg,Twice Daily,IM
905634,704711,4010,2021-04-13,89.3,mL,Once Daily,IV
905635,705725,4028,2022-11-13,26.0,mL,As Needed,Subcutaneous
905636,705782,4041,2023-01-09,26.3,mL,Twice Daily,Oral
905637,702414,4002,2024-08-08,36.0,units,Twice Daily,Subcutaneous
905638,700234,4007,2023-07-10,71.3,mcg,Three Times Daily,Topical
905639,703506,4008,2022-04-14,12.7,units,Twice Daily,IM
905640,706391,4036,2022-01-17,79.5,mg,As Needed,IV
905641,704494,4033,2023-01-16,51.9,mL,As Needed,IV
905642,706265,4001,2025-10-09,60.0,mL,Once Daily,Topical
905643,706314,4031,2023-02-13,81.5,units,Once Daily,Oral
905644,706353,4012,2022-05-28,10.5,units,Once Daily,Oral
905645,702246,4024,2021-05-22,86.7,mL,Three Times Daily,Topical
905646,702151,4016,2021-06-25,94.3,mg,Three Times Daily,IM
905647,702291,4017,2025-12-02,68.7,units,As Needed,IM
905648,703150,4011,2021-02-18,77.0,mL,As Needed,Subcutaneous
905649,704253,4035,2022-04-27,13.3,mL,Twice Daily,IM
905650,705609,4025,2021-07-12,52.0,mL,As Needed,Topical
905651,706193,4036,2023-05-15,25.3,mg,Twice Daily,IM
905652,702829,4004,2022-11-17,79.4,mcg,Three Times Daily,IM
905653,705540,4013,2021-12-16,79.5,mL,Three Times Daily,Topical
905654,704648,4037,2024-07-19,38.4,mL,Three Times Daily,Topical
905655,702163,4039,2025-04-14,71.4,units,As Needed,Topical
905656,701430,4004,2022-01-24,52.3,units,Three Times Daily,Topical
905657,700578,4045,2024-01-26,51.5,units,Twice Daily,IM
905658,700044,4004,2025-05-31,66.9,units,Three Times Daily,Oral
905659,701208,4008,2023-10-22,58.8,mcg,Once Daily,Topical
905660,700980,4009,2023-08-27,17.1,mcg,As Needed,Oral
905661,706393,4044,2024-05-16,62.4,mcg,Three Times Daily,Oral
905662,700151,4014,2023-12-04,43.2,mL,Once Daily,IM
905663,700279,4004,2025-08-17,45.3,mg,Once Daily,IM
905664,701210,4036,2024-08-30,79.9,mL,Twice Daily,Oral
905665,706487,4023,2024-03-19,75.3,mg,As Needed,Subcutaneous
905666,700496,4038,2023-12-25,72.0,units,As Needed,Oral
905667,702221,4020,2025-01-18,83.8,units,Three Times Daily,Oral
905668,700788,4030,2021-06-27,20.3,mL,Three Times Daily,Oral
905669,700988,4031,2025-10-22,50.2,units,As Needed,Subcutaneous
905670,706497,4002,2024-05-28,96.1,mcg,As Needed,Oral
905671,700988,4016,2024-06-21,10.5,mL,Once Daily,Oral
905672,701933,4011,2024-10-10,93.7,units,Three Times Daily,IV
905673,704719,4020,2023-03-30,14.9,mcg,Twice Daily,IM
905674,702307,4045,2021-11-04,4.6,mcg,Three Times Daily,IV
905675,700196,4006,2025-03-07,19.7,units,As Needed,IV
905676,704784,4038,2025-02-01,45.4,mcg,As Needed,IM
905677,704562,4026,2021-05-30,27.5,mg,Three Times Daily,Oral
905678,700715,4022,2023-12-18,45.5,mcg,Three Times Daily,IV
905679,700872,4015,2024-05-30,47.4,mg,As Needed,IV
905680,703400,4005,2021-01-29,99.2,mcg,As Needed,IV
905681,706129,4005,2023-06-26,55.5,mcg,As Needed,Oral
905682,702161,4039,2021-04-18,77.0,mg,Twice Daily,Oral
905683,700516,4008,2024-02-09,9.8,units,Once Daily,Topical
905684,700359,4009,2022-01-18,60.4,units,Twice Daily,Topical
905685,702321,4028,2025-04-08,28.1,mg,Twice Daily,Topical
905686,703982,4024,2022-11-14,26.7,mg,Twice Daily,Subcutaneous
905687,700968,4016,2023-11-01,99.5,mg,Three Times Daily,Oral
905688,701151,4040,2022-04-29,31.7,mcg,Once Daily,Subcutaneous
905689,703013,4020,2021-03-01,87.2,mg,As Needed,Topical
905690,703936,4012,2023-05-21,46.4,mg,Once Daily,IV
905691,703766,4012,2024-11-02,38.4,mL,Three Times Daily,IM
905692,703921,4027,2022-01-17,14.5,units,Twice Daily,Subcutaneous
905693,703508,4034,2023-09-16,66.5,units,Three Times Daily,Oral
905694,705640,4026,2024-07-31,53.7,mL,As Needed,IM
905695,703107,4041,2023-05-13,62.1,mcg,Three Times Daily,IM
905696,705437,4038,2022-01-08,83.4,mcg,Three Times Daily,IM
905697,700562,4031,2022-10-26,79.7,mL,Once Daily,IM
905698,706339,4029,2025-04-16,10.5,mg,As Needed,Subcutaneous
905699,703433,4017,2023-10-09,5.2,mL,As Needed,Oral
905700,701913,4013,2021-04-19,52.8,units,As Needed,Oral
905701,702605,4029,2024-10-08,12.9,units,Three Times Daily,Oral
905702,705263,4018,2023-03-04,97.3,mcg,Twice Daily,Topical
905703,701716,4039,2022-05-21,66.7,units,Three Times Daily,Topical
905704,705931,4009,2023-04-30,87.6,units,As Needed,Subcutaneous
905705,702653,4019,2024-02-22,3.2,mg,As Needed,IM
905706,701250,4030,2024-06-16,46.1,mg,Once Daily,Subcutaneous
905707,703358,4005,2022-04-22,46.3,mcg,Twice Daily,Oral
905708,705623,4008,2024-03-07,24.7,mcg,Three Times Daily,Subcutaneous
905709,703665,4011,2023-03-15,9.0,mg,As Needed,IV
905710,700850,4009,2023-06-18,28.2,mg,Twice Daily,Oral
905711,703833,4027,2024-10-01,68.4,mcg,As Needed,IV
905712,704727,4013,2023-09-03,3.9,mcg,As Needed,Topical
905713,705227,4041,2025-07-25,50.2,units,Three Times Daily,IV
905714,705146,4022,2021-10-28,44.6,units,Twice Daily,IM
905715,702301,4011,2022-02-18,26.7,mcg,As Needed,IV
905716,700708,4019,2025-12-06,30.1,mcg,Twice Daily,Subcutaneous
905717,702061,4024,2021-06-23,22.2,mg,Once Daily,Topical
905718,701803,4029,2025-11-18,65.0,mg,Twice Daily,Subcutaneous
905719,702158,4025,2024-01-22,47.4,mL,Three Times Daily,Subcutaneous
905720,704275,4029,2023-04-24,77.7,units,As Needed,IV
905721,703766,4008,2023-11-27,70.6,units,As Needed,IM
905722,705528,4013,2021-09-12,55.4,units,As Needed,Oral
905723,706038,4045,2024-08-11,97.1,mg,Once Daily,Oral
905724,700346,4010,2024-12-29,39.5,mcg,Once Daily,IV
905725,703859,4014,2023-04-28,87.6,mcg,Once Daily,IM
905726,705491,4024,2022-01-27,48.0,mg,Twice Daily,Oral
905727,702005,4016,2021-10-22,22.6,units,As Needed,Topical
905728,701642,4043,2024-03-21,63.9,units,Twice Daily,IM
905729,706495,4011,2025-11-16,49.7,units,Once Daily,Topical
905730,702228,4030,2021-12-15,34.3,mg,As Needed,Oral
905731,701139,4002,2022-09-18,84.9,mg,As Needed,Subcutaneous
905732,700811,4034,2024-10-13,7.1,mL,As Needed,Oral
905733,701846,4040,2022-11-27,32.6,mL,Three Times Daily,Topical
905734,702236,4043,2024-06-17,73.2,units,As Needed,IV
905735,704069,4015,2022-02-07,18.4,units,Three Times Daily,Topical
905736,700466,4036,2024-03-31,49.9,units,Once Daily,Oral
905737,704938,4013,2022-10-09,36.6,units,Twice Daily,IM
905738,701890,4005,2021-04-07,33.2,units,Once Daily,Subcutaneous
905739,703448,4035,2023-02-12,41.8,mL,Three Times Daily,Subcutaneous
905740,701938,4043,2025-12-18,54.2,mcg,As Needed,Oral
905741,701649,4030,2024-09-10,31.0,units,Three Times Daily,IV
905742,701702,4021,2024-10-05,40.6,mg,As Needed,IV
905743,705693,4008,2022-07-10,62.5,mg,Twice Daily,Subcutaneous
905744,706101,4007,2025-12-01,33.5,mg,Once Daily,Oral
905745,701203,4012,2021-12-07,87.0,mg,Twice Daily,Subcutaneous
905746,704378,4015,2023-11-21,80.4,mL,Once Daily,IV
905747,702264,4019,2023-03-25,14.6,mg,Twice Daily,Topical
905748,701765,4039,2024-09-14,84.9,units,Once Daily,Subcutaneous
905749,701941,4001,2022-09-18,18.5,mL,Once Daily,Oral
905750,701472,4030,2023-11-18,12.0,mg,Once Daily,Subcutaneous
905751,702302,4042,2023-07-10,97.7,mcg,As Needed,IV
905752,702012,4017,2025-11-18,55.2,mcg,Once Daily,Oral
905753,701120,4045,2023-09-19,86.9,units,Three Times Daily,IM
905754,702802,4024,2023-04-12,25.0,units,Twice Daily,Subcutaneous
905755,704165,4037,2024-10-06,94.5,mL,Once Daily,Subcutaneous
905756,702814,4029,2022-11-10,90.1,mL,Twice Daily,Topical
905757,702241,4041,2025-07-31,54.0,units,Twice Daily,IV
905758,700726,4027,2024-08-22,84.3,mg,Three Times Daily,IV
905759,702660,4043,2024-06-25,38.7,mL,Three Times Daily,Oral
905760,701040,4028,2025-04-23,60.4,mL,Twice Daily,Topical
905761,704358,4011,2025-11-10,66.7,units,Twice Daily,Oral
905762,701848,4040,2022-01-19,84.7,units,As Needed,Subcutaneous
905763,705036,4005,2021-05-05,65.4,mcg,As Needed,Subcutaneous
905764,703885,4019,2025-02-04,97.9,mL,Three Times Daily,Subcutaneous
905765,704647,4042,2025-02-13,1.7,units,Once Daily,Topical
905766,704048,4028,2023-03-18,83.6,mcg,Three Times Daily,Topical
905767,701930,4045,2022-02-17,30.2,units,Once Daily,Topical
905768,705194,4028,2022-05-24,11.7,mL,Three Times Daily,IM
905769,701495,4007,2021-12-23,21.9,mg,Twice Daily,IM
905770,704553,4041,2022-09-25,79.7,mL,Once Daily,Subcutaneous
905771,702114,4036,2021-11-03,40.2,units,Twice Daily,Subcutaneous
905772,701415,4027,2022-10-21,66.5,mg,Twice Daily,IM
905773,703266,4022,2024-07-15,66.0,mg,Twice Daily,Oral
905774,706232,4011,2025-10-24,35.1,mL,As Needed,IM
905775,702423,4010,2021-06-25,53.3,mcg,Once Daily,IM
905776,702644,4040,2022-11-30,51.0,mg,As Needed,Subcutaneous
905777,700331,4024,2022-11-17,43.7,mcg,Once Daily,IM
905778,706408,4037,2023-03-19,25.1,mcg,As Needed,IM
905779,705637,4024,2024-12-05,46.4,mg,Three Times Daily,Subcutaneous
905780,700433,4033,2021-01-24,7.9,mg,As Needed,Topical
905781,706484,4013,2021-06-29,71.2,mg,Three Times Daily,Subcutaneous
905782,705556,4037,2023-03-15,49.5,mg,As Needed,Oral
905783,701615,4007,2024-05-09,79.9,units,Three Times Daily,IM
905784,701646,4020,2024-03-13,22.4,mcg,Three Times Daily,IV
905785,705969,4026,2021-03-11,40.3,mg,Once Daily,IM
905786,705107,4042,2025-06-09,91.9,units,Three Times Daily,Topical
905787,702464,4024,2023-06-07,52.6,mcg,Twice Daily,Oral
905788,706285,4029,2024-02-26,91.3,mL,Once Daily,Oral
905789,701451,4026,2022-09-17,40.0,mg,Once Daily,Oral
905790,703150,4032,2024-03-05,92.9,mcg,Twice Daily,Subcutaneous
905791,702966,4040,2022-07-09,49.6,mcg,Once Daily,Subcutaneous
905792,703465,4040,2025-12-18,20.0,units,As Needed,Oral
905793,705020,4017,2022-12-15,51.2,mL,Three Times Daily,IV
905794,702710,4033,2021-06-26,67.0,mcg,Once Daily,Subcutaneous
905795,701933,4035,2024-08-18,70.6,mg,Once Daily,Oral
905796,706114,4039,2021-03-19,51.7,units,Three Times Daily,Topical
905797,702202,4042,2025-07-17,50.7,mL,Once Daily,Oral
905798,701393,4031,2022-03-09,24.0,units,Three Times Daily,Subcutaneous
905799,704548,4020,2022-01-09,8.2,units,As Needed,Subcutaneous
905800,705660,4043,2021-08-20,6.2,units,As Needed,Topical
905801,701611,4043,2022-05-12,38.5,units,As Needed,Oral
905802,706353,4016,2025-01-19,28.3,units,Twice Daily,Subcutaneous
905803,705881,4006,2023-04-18,89.6,mcg,As Needed,IM
905804,702504,4012,2024-05-19,4.4,mcg,As Needed,Subcutaneous
905805,703725,4039,2024-05-01,82.0,mcg,Twice Daily,Topical
905806,705682,4017,2021-06-22,51.4,mL,Once Daily,Topical
905807,704370,4001,2021-03-12,79.5,mg,As Needed,Topical
905808,705539,4008,2023-09-13,15.6,units,As Needed,IV
905809,705390,4007,2023-01-04,90.0,mL,Twice Daily,Topical
905810,704690,4010,2021-02-23,35.3,mL,As Needed,Subcutaneous
905811,704842,4024,2021-09-04,97.8,mcg,Once Daily,Oral
905812,703506,4026,2021-12-24,76.6,mg,Three Times Daily,Subcutaneous
905813,701094,4003,2025-02-20,84.9,mL,As Needed,Oral
905814,702667,4034,2025-01-03,3.9,mL,Twice Daily,Topical
905815,705282,4034,2021-03-05,1.3,mcg,Once Daily,Subcutaneous
905816,703705,4023,2021-08-07,19.1,units,As Needed,Oral
905817,704990,4035,2021-12-22,70.2,units,Twice Daily,IM
905818,700665,4015,2025-06-16,61.3,units,Twice Daily,IV
905819,706369,4001,2024-08-22,79.4,mcg,Twice Daily,IM
905820,700813,4009,2021-08-04,80.0,mL,Once Daily,Subcutaneous
905821,702049,4009,2023-10-25,82.7,units,Twice Daily,IV
905822,700058,4032,2023-02-10,99.4,mL,Twice Daily,IM
905823,705296,4019,2021-02-05,64.6,mL,Three Times Daily,Topical
905824,703473,4027,2023-08-08,50.8,mL,Three Times Daily,Topical
905825,701463,4027,2021-06-14,38.0,mcg,Twice Daily,Oral
905826,700475,4011,2021-05-13,96.7,mL,Twice Daily,IM
905827,703109,4040,2024-05-22,65.2,mg,Twice Daily,Subcutaneous
905828,706336,4027,2023-12-08,71.1,mL,Once Daily,IV
905829,704838,4022,2025-02-12,73.4,mg,Once Daily,Topical
905830,702452,4014,2025-10-06,28.7,mL,As Needed,IM
905831,705450,4022,2025-12-09,72.3,units,As Needed,Oral
905832,700184,4006,2024-01-30,23.4,mL,Three Times Daily,Subcutaneous
905833,703106,4026,2023-11-30,52.4,mcg,Twice Daily,Oral
905834,704119,4044,2021-05-19,14.1,mcg,Twice Daily,Topical
905835,703923,4003,2022-05-27,53.0,units,As Needed,Topical
905836,703360,4002,2022-03-21,89.8,units,Once Daily,IV
905837,703906,4038,2024-06-03,37.3,mg,As Needed,Oral
905838,702106,4035,2022-07-25,45.1,mcg,As Needed,IM
905839,700477,4024,2023-01-29,61.8,mg,As Needed,IM
905840,702420,4023,2025-12-23,99.9,units,Twice Daily,IV
905841,704519,4012,2021-02-24,92.3,units,Once Daily,Subcutaneous
905842,702489,4004,2021-03-02,41.3,mg,Twice Daily,Subcutaneous
905843,703541,4030,2023-06-11,98.3,mL,Three Times Daily,Topical
905844,701443,4012,2025-09-29,74.8,mL,As Needed,Oral
905845,702562,4031,2023-07-23,11.1,mg,As Needed,Oral
905846,702194,4014,2025-05-01,98.5,mcg,Twice Daily,IM
905847,702119,4032,2023-04-03,70.4,units,Once Daily,IV
905848,703228,4031,2021-05-13,64.2,mL,Twice Daily,Topical
905849,701454,4001,2024-02-19,96.7,mg,As Needed,Subcutaneous
905850,700098,4037,2024-06-09,51.1,mL,Once Daily,IV
905851,705851,4021,2022-02-27,19.2,mL,Once Daily,IV
905852,700019,4045,2024-03-30,28.8,mg,Three Times Daily,Topical
905853,704124,4043,2023-04-03,58.5,units,Once Daily,Topical
905854,704856,4007,2025-02-09,22.8,mcg,As Needed,Oral
905855,700290,4016,2024-06-20,28.2,units,Once Daily,Oral
905856,700517,4018,2024-10-31,91.8,units,As Needed,Oral
905857,703301,4021,2024-04-24,41.0,units,Three Times Daily,Oral
905858,703230,4008,2025-04-24,79.0,mg,Once Daily,Topical
905859,706296,4037,2022-08-12,46.0,mg,As Needed,IV
905860,703429,4021,2022-10-27,61.3,mL,As Needed,Topical
905861,700979,4010,2024-07-30,97.4,mcg,Once Daily,IV
905862,702323,4007,2025-12-20,2.2,mcg,Three Times Daily,Oral
905863,700753,4036,2024-06-15,7.6,units,Twice Daily,Topical
905864,704857,4035,2021-06-12,28.0,units,As Needed,IM
905865,701549,4043,2024-03-15,50.7,mg,Once Daily,Topical
905866,700348,4006,2022-07-25,96.3,mg,As Needed,IV
905867,701981,4029,2023-02-02,38.3,mL,As Needed,IM
905868,703496,4036,2024-07-22,42.7,units,As Needed,IM
905869,702813,4001,2021-04-09,65.2,mL,Three Times Daily,Subcutaneous
905870,702816,4015,2024-03-11,98.2,mg,As Needed,IV
905871,701983,4013,2021-11-14,26.9,mL,Three Times Daily,Topical
905872,701555,4009,2022-05-31,63.3,mcg,Twice Daily,Oral
905873,705649,4036,2021-03-02,77.4,mL,Twice Daily,IV
905874,706360,4012,2022-04-04,20.6,mg,As Needed,IV
905875,705328,4009,2025-11-18,21.1,units,As Needed,IV
905876,701132,4007,2025-10-26,61.4,mcg,Three Times Daily,Oral
905877,702321,4013,2021-08-23,78.0,mcg,Twice Daily,Topical
905878,703070,4017,2021-02-26,37.1,mg,Once Daily,IM
905879,703203,4042,2023-04-19,85.7,units,Three Times Daily,Subcutaneous
905880,702043,4005,2023-10-20,45.2,mL,Twice Daily,Subcutaneous
905881,701682,4006,2024-12-25,48.5,mg,Once Daily,Topical
905882,703454,4040,2025-01-17,35.6,mg,Twice Daily,Oral
905883,702318,4027,2021-07-08,23.5,mg,Once Daily,Topical
905884,703051,4038,2022-09-10,24.9,mg,Twice Daily,Subcutaneous
905885,705251,4008,2021-06-29,70.4,units,Once Daily,IM
905886,702924,4001,2022-11-07,42.6,mcg,Once Daily,IV
905887,702311,4035,2025-02-09,28.4,mg,Three Times Daily,Subcutaneous
905888,706247,4001,2022-11-20,51.0,mcg,Three Times Daily,Oral
905889,704889,4014,2024-10-20,3.9,mL,Twice Daily,Subcutaneous
905890,700889,4021,2025-01-02,51.4,units,Three Times Daily,Subcutaneous
905891,706033,4018,2023-05-12,59.7,units,Once Daily,Oral
905892,702764,4027,2025-05-18,93.8,mg,Once Daily,Subcutaneous
905893,702935,4012,2021-08-15,69.1,mg,Twice Daily,Subcutaneous
905894,704700,4035,2021-07-04,45.9,mL,Twice Daily,IM
905895,703832,4038,2021-07-22,55.7,units,Three Times Daily,IM
905896,705282,4036,2024-01-20,98.2,mL,Twice Daily,IV
905897,700177,4008,2021-11-23,16.1,mcg,Twice Daily,Subcutaneous
905898,702419,4039,2021-10-04,66.3,units,Three Times Daily,Oral
905899,705403,4007,2024-10-03,73.6,mL,Twice Daily,Topical
905900,703260,4003,2023-04-03,39.4,mcg,Three Times Daily,Subcutaneous
905901,706435,4008,2025-04-03,27.3,units,As Needed,IM
905902,703836,4030,2022-03-04,30.0,mcg,Once Daily,IM
905903,701469,4040,2023-09-24,37.3,mL,Twice Daily,IM
905904,706010,4040,2023-12-11,22.6,mL,Twice Daily,IV
905905,702629,4043,2021-10-21,39.3,mcg,Once Daily,IV
905906,705384,4028,2023-08-17,75.9,mcg,As Needed,IV
905907,705390,4043,2021-12-04,59.9,mL,Three Times Daily,IV
905908,705102,4004,2021-03-30,75.0,mg,As Needed,IM
905909,703793,4003,2025-08-29,95.2,units,Three Times Daily,IM
905910,703363,4019,2024-11-30,25.0,mcg,Three Times Daily,IM
905911,706255,4019,2021-11-20,33.5,mL,Three Times Daily,IM
905912,702518,4021,2023-08-07,32.4,mL,Three Times Daily,IM
905913,700192,4005,2023-12-23,67.7,units,As Needed,Topical
905914,704314,4044,2021-01-25,41.0,units,As Needed,Subcutaneous
905915,700418,4031,2021-09-01,28.4,mg,As Needed,Oral
905916,704515,4025,2023-10-23,63.2,units,Twice Daily,Oral
905917,700157,4029,2024-07-12,91.0,mL,Once Daily,Oral
905918,703999,4017,2025-07-28,30.8,units,Twice Daily,Oral
905919,705826,4021,2022-04-09,70.8,mcg,Twice Daily,Subcutaneous
905920,704194,4002,2022-04-24,41.6,units,As Needed,IM
905921,704635,4044,2022-12-11,89.0,units,Twice Daily,Topical
905922,703981,4012,2024-02-08,58.0,units,Once Daily,Oral
905923,702381,4003,2024-11-28,39.7,mcg,Three Times Daily,Oral
905924,704394,4045,2024-09-12,79.9,mcg,Twice Daily,Topical
905925,705228,4036,2025-08-22,52.1,mcg,Once Daily,IM
905926,700376,4029,2023-08-29,67.1,mcg,Twice Daily,IV
905927,701462,4027,2022-09-29,69.9,mg,Twice Daily,Oral
905928,704497,4015,2024-05-10,93.6,mL,Twice Daily,Oral
905929,702576,4012,2024-09-30,7.3,mcg,As Needed,Oral
905930,703110,4034,2022-01-02,47.4,units,As Needed,Oral
905931,701427,4004,2022-04-13,56.8,units,Three Times Daily,Topical
905932,702624,4016,2022-05-22,91.4,mg,Three Times Daily,Subcutaneous
905933,702115,4037,2025-07-23,11.2,units,Three Times Daily,Subcutaneous
905934,706436,4037,2021-04-22,24.1,mg,Three Times Daily,Topical
905935,700008,4010,2022-04-13,93.6,mcg,Three Times Daily,IM
905936,705341,4018,2023-12-26,48.5,units,Once Daily,Oral
905937,704129,4017,2021-03-20,66.4,mg,As Needed,Oral
905938,705296,4007,2023-02-21,55.7,units,As Needed,Subcutaneous
905939,704513,4003,2024-03-01,90.0,units,Three Times Daily,Oral
905940,706416,4037,2022-06-08,9.6,mL,Once Daily,Subcutaneous
905941,700221,4041,2021-06-14,5.6,mL,Twice Daily,IM
905942,705828,4034,2025-11-26,46.1,mL,Three Times Daily,Subcutaneous
905943,703174,4021,2021-12-14,90.0,mcg,Twice Daily,Oral
905944,703838,4007,2022-07-12,60.3,mL,As Needed,Oral
905945,701138,4023,2022-04-09,70.2,mL,As Needed,Subcutaneous
905946,706066,4004,2023-08-05,88.9,mg,Once Daily,Subcutaneous
905947,703845,4023,2025-04-23,15.0,mg,Twice Daily,Subcutaneous
905948,700321,4030,2023-09-23,62.7,units,Once Daily,IV
905949,702348,4011,2025-12-29,18.4,units,Three Times Daily,Subcutaneous
905950,705395,4025,2021-02-23,78.7,mcg,As Needed,Topical
905951,700814,4011,2022-06-27,76.9,mL,Twice Daily,Topical
905952,704986,4010,2022-07-01,8.4,units,Once Daily,Oral
905953,705382,4004,2021-02-22,94.4,mcg,As Needed,Subcutaneous
905954,703407,4006,2024-01-17,39.9,mcg,Three Times Daily,IV
905955,702992,4032,2021-01-23,12.5,mcg,Three Times Daily,IM
905956,702369,4004,2024-12-31,24.1,mL,As Needed,Oral
905957,700288,4009,2024-05-04,90.7,units,Once Daily,IM
905958,703467,4043,2023-07-09,49.2,units,As Needed,IV
905959,705970,4010,2022-07-11,67.7,units,As Needed,Topical
905960,702066,4028,2023-07-30,45.3,mg,Three Times Daily,Oral
905961,703930,4013,2025-12-08,10.4,units,Twice Daily,IM
905962,706281,4032,2021-05-24,65.1,mg,Three Times Daily,Topical
905963,700445,4038,2024-01-07,99.9,mcg,Three Times Daily,Oral
905964,701783,4044,2025-12-09,52.0,mcg,Three Times Daily,IM
905965,706274,4017,2023-07-27,22.5,mL,Twice Daily,IM
905966,704637,4018,2023-04-13,27.7,units,As Needed,Oral
905967,704241,4007,2023-06-16,25.1,mcg,As Needed,IV
905968,704573,4014,2021-04-29,94.5,mg,Three Times Daily,Subcutaneous
905969,704465,4032,2025-11-28,95.3,units,As Needed,IV
905970,704027,4043,2025-07-05,28.9,mL,Three Times Daily,Oral
905971,700895,4010,2024-05-26,1.2,mL,Once Daily,Oral
905972,702293,4027,2025-04-08,32.0,units,As Needed,IV
905973,703208,4041,2024-08-29,57.0,units,Once Daily,IV
905974,702528,4041,2025-09-03,82.0,mL,Twice Daily,IV
905975,705985,4006,2023-06-01,42.1,mg,Twice Daily,Topical
905976,705168,4001,2025-04-26,48.7,mcg,Twice Daily,Oral
905977,703484,4033,2023-04-22,13.1,mg,Once Daily,IV
905978,706199,4010,2022-07-28,57.5,mg,As Needed,IM
905979,700831,4018,2024-03-25,61.7,mL,Three Times Daily,Topical
905980,700697,4042,2021-12-07,14.2,mg,Three Times Daily,Topical
905981,703126,4016,2023-08-17,32.1,units,Twice Daily,Subcutaneous
905982,700278,4040,2024-10-09,28.9,mL,Three Times Daily,IM
905983,700843,4011,2022-03-13,88.5,mg,Once Daily,Oral
905984,703682,4044,2025-09-11,57.4,mL,Twice Daily,Topical
905985,701792,4019,2025-06-28,70.9,mg,Twice Daily,Topical
905986,701347,4028,2023-07-05,41.4,mL,Three Times Daily,IV
905987,702764,4001,2024-01-23,39.5,mL,Twice Daily,Oral
905988,704081,4038,2023-09-12,31.5,mL,As Needed,IM
905989,702986,4024,2025-03-08,25.4,mL,Three Times Daily,IM
905990,705445,4031,2023-01-18,96.4,mg,Twice Daily,IM
905991,701320,4031,2023-08-30,43.8,mg,Twice Daily,IM
905992,700950,4011,2021-10-15,34.7,mL,As Needed,Subcutaneous
905993,701032,4013,2022-05-13,36.2,mL,Twice Daily,Subcutaneous
905994,702120,4038,2022-05-12,36.6,mcg,Three Times Daily,IV
905995,704633,4004,2022-11-04,18.2,mL,Three Times Daily,IM
905996,701870,4025,2021-02-02,20.8,mcg,Three Times Daily,IV
905997,703669,4042,2022-06-01,66.7,mg,Twice Daily,Subcutaneous
905998,700262,4040,2023-07-06,1.9,mg,Once Daily,IM
905999,703686,4017,2021-10-18,73.2,mcg,As Needed,IM
906000,704265,4006,2021-12-31,17.7,mg,As Needed,Subcutaneous
906001,702335,4024,2023-09-06,78.8,mL,Three Times Daily,Topical
906002,701686,4036,2021-02-27,34.7,mg,As Needed,Subcutaneous
906003,706243,4027,2024-07-19,14.0,units,Three Times Daily,IV
906004,701402,4009,2025-03-30,76.2,mg,Once Daily,Oral
906005,700979,4015,2025-09-27,46.0,mcg,Three Times Daily,IM
906006,700359,4018,2024-10-04,17.9,units,Three Times Daily,Topical
906007,701357,4025,2024-03-21,61.2,mcg,Three Times Daily,Oral
906008,701848,4042,2023-04-10,60.5,mg,Twice Daily,IV
906009,704118,4014,2021-09-06,62.7,mg,Once Daily,Oral
906010,705611,4007,2025-05-10,28.1,mcg,As Needed,Subcutaneous
906011,703183,4029,2022-08-18,0.9,mL,Three Times Daily,IM
906012,704501,4002,2025-04-27,75.5,mL,Twice Daily,IV
906013,701027,4039,2022-03-19,1.9,mcg,Twice Daily,Topical
906014,702506,4004,2022-04-17,31.0,units,Twice Daily,IV
906015,702413,4008,2021-05-30,31.6,mL,Three Times Daily,IM
906016,700197,4008,2025-09-10,23.5,mg,Once Daily,Topical
906017,701753,4023,2024-09-23,36.9,mL,Three Times Daily,Topical
906018,704590,4028,2025-05-27,76.9,mg,Once Daily,Topical
906019,705733,4034,2023-06-16,77.7,mg,Twice Daily,Oral
906020,702566,4004,2024-01-04,13.1,mL,Three Times Daily,Topical
906021,704381,4024,2023-11-23,80.2,mL,Once Daily,Subcutaneous
906022,705633,4008,2023-06-16,13.1,mL,Three Times Daily,IM
906023,704680,4001,2024-01-19,79.8,mL,As Needed,IM
906024,705186,4016,2022-05-12,32.6,mcg,Three Times Daily,Subcutaneous
906025,702568,4031,2024-06-29,6.4,mg,Twice Daily,Oral
906026,705419,4024,2024-06-01,93.9,mL,As Needed,Topical
906027,704036,4026,2024-11-12,67.6,mL,As Needed,IM
906028,703262,4012,2022-03-03,44.2,mL,Once Daily,IM
906029,700077,4044,2023-12-05,13.4,mg,Once Daily,IM
906030,702167,4045,2022-03-06,6.2,mL,As Needed,Topical
906031,701949,4018,2024-05-21,73.2,mg,Once Daily,IV
906032,702409,4015,2021-06-17,94.2,mcg,Twice Daily,Oral
906033,701577,4036,2024-03-08,88.5,units,Once Daily,Subcutaneous
906034,701167,4026,2024-10-17,48.7,mL,Once Daily,Oral
906035,706332,4038,2025-11-04,30.0,mg,As Needed,Subcutaneous
906036,701608,4010,2023-04-27,14.7,mL,Three Times Daily,Subcutaneous
906037,701927,4024,2023-06-06,32.7,mg,As Needed,Subcutaneous
906038,701524,4021,2024-11-29,81.4,mg,Three Times Daily,Topical
906039,704952,4007,2022-08-26,72.5,mg,Three Times Daily,IV
906040,703921,4045,2024-12-13,93.9,mL,Twice Daily,IV
906041,702207,4006,2021-07-10,19.6,units,Twice Daily,IV
906042,701500,4033,2024-03-12,17.0,mL,Three Times Daily,Subcutaneous
906043,700532,4021,2023-10-27,59.2,mg,Once Daily,IV
906044,702449,4021,2025-06-29,70.1,mL,Once Daily,Subcutaneous
906045,700237,4009,2021-07-09,35.9,units,Twice Daily,Topical
906046,705132,4030,2022-01-06,63.0,units,Twice Daily,Oral
906047,704044,4028,2023-06-27,76.9,units,Three Times Daily,IV
906048,705241,4021,2024-05-31,71.5,units,Twice Daily,Oral
906049,701154,4010,2024-12-28,21.6,mL,Twice Daily,IV
906050,705298,4007,2025-01-23,58.2,mL,Three Times Daily,Subcutaneous
906051,704652,4023,2023-04-27,55.0,mcg,Twice Daily,Subcutaneous
906052,701918,4038,2023-04-22,61.0,mL,Twice Daily,IV
906053,701682,4025,2021-04-30,44.9,mcg,Once Daily,IM
906054,700696,4015,2021-02-24,57.5,mL,Twice Daily,Topical
906055,705512,4027,2024-08-27,40.7,units,Three Times Daily,Subcutaneous
906056,706236,4003,2021-05-16,84.9,mL,Once Daily,Subcutaneous
906057,705283,4039,2024-02-04,26.2,mL,Twice Daily,Oral
906058,701753,4018,2022-02-18,9.9,mg,Three Times Daily,Subcutaneous
906059,702702,4009,2025-01-27,19.4,units,Once Daily,Subcutaneous
906060,704579,4005,2021-01-04,69.1,mL,Three Times Daily,Oral
906061,702532,4025,2023-04-14,30.8,mg,Twice Daily,Oral
906062,703618,4015,2024-02-03,26.3,mcg,As Needed,Topical
906063,705486,4015,2021-07-22,27.0,mL,Three Times Daily,Subcutaneous
906064,702834,4016,2025-11-26,7.4,mcg,Three Times Daily,IV
906065,705481,4038,2023-08-26,95.2,mL,As Needed,IV
906066,703970,4024,2023-04-20,34.8,mg,Three Times Daily,Subcutaneous
906067,702838,4037,2025-04-12,64.6,units,Twice Daily,Topical
906068,701274,4014,2022-03-08,72.8,units,Three Times Daily,IV
906069,703584,4031,2023-05-09,38.0,mL,Twice Daily,IM
906070,702366,4031,2024-01-07,87.5,mL,Three Times Daily,IM
906071,702691,4042,2021-08-15,71.5,units,Once Daily,Topical
906072,704410,4044,2025-05-06,6.4,units,Three Times Daily,IM
906073,705999,4021,2025-10-26,82.1,mcg,Three Times Daily,Topical
906074,703711,4022,2021-11-27,22.4,mg,As Needed,IM
906075,701987,4045,2021-06-16,40.0,mg,Twice Daily,Subcutaneous
906076,700317,4021,2022-11-29,99.0,mL,Twice Daily,IV
906077,701865,4033,2022-02-04,26.4,mcg,Three Times Daily,Subcutaneous
906078,701856,4033,2023-01-28,93.3,mg,Once Daily,IV
906079,704790,4036,2023-04-09,77.8,units,Once Daily,IV
906080,700085,4031,2021-02-09,72.6,units,As Needed,IM
906081,700487,4016,2024-07-16,99.1,mL,Three Times Daily,Oral
906082,705526,4030,2025-03-10,89.6,mg,Three Times Daily,Topical
906083,706428,4016,2021-11-06,85.1,units,Twice Daily,Subcutaneous
906084,706091,4011,2022-09-03,5.8,mL,Twice Daily,IM
906085,702553,4036,2024-04-12,38.3,units,As Needed,Topical
906086,704173,4037,2024-07-25,34.0,units,As Needed,IM
906087,701383,4026,2024-12-17,7.3,mg,Twice Daily,IV
906088,705649,4037,2024-06-30,12.0,mL,Once Daily,IV
906089,705572,4012,2022-06-19,68.6,mg,Once Daily,Oral
906090,700235,4044,2024-12-12,81.0,mcg,Three Times Daily,Subcutaneous
906091,703901,4004,2022-08-03,61.8,mcg,Twice Daily,IV
906092,701330,4023,2024-10-20,78.2,mL,Once Daily,Oral
906093,700852,4033,2023-06-11,60.5,mg,As Needed,Oral
906094,703230,4037,2021-11-19,71.6,units,Twice Daily,IM
906095,702601,4023,2022-04-04,72.5,mL,Twice Daily,Topical
906096,705107,4032,2022-12-29,81.1,units,As Needed,IM
906097,705973,4043,2025-09-13,31.5,units,Twice Daily,Subcutaneous
906098,703974,4019,2023-09-03,79.1,units,Twice Daily,Topical
906099,702912,4020,2023-04-27,50.3,mL,Once Daily,IM
906100,704789,4007,2024-07-08,96.2,units,Once Daily,Subcutaneous
906101,701890,4032,2023-02-14,16.9,mg,Once Daily,IM
906102,703386,4007,2024-08-03,98.7,mg,Three Times Daily,IV
906103,701016,4040,2021-04-26,9.6,units,Once Daily,Oral
906104,701793,4006,2024-07-29,60.0,mcg,Three Times Daily,Subcutaneous
906105,705279,4032,2021-03-05,68.4,mcg,As Needed,IV
906106,705268,4009,2024-07-19,90.1,mg,Three Times Daily,IV
906107,702632,4044,2021-12-22,76.1,units,Three Times Daily,IV
906108,704590,4026,2025-11-28,10.0,mcg,Once Daily,IM
906109,704902,4027,2022-01-29,61.9,mcg,Once Daily,Oral
906110,704664,4018,2025-01-08,70.3,units,Twice Daily,IV
906111,705806,4024,2025-04-02,20.7,mg,As Needed,IV
906112,703722,4035,2022-12-31,65.9,units,Once Daily,Oral
906113,700806,4024,2024-08-04,9.6,mcg,Three Times Daily,IM
906114,702778,4020,2023-05-05,14.6,units,Twice Daily,IM
906115,701099,4043,2025-10-03,36.5,units,Once Daily,Topical
906116,702958,4044,2025-12-25,20.0,mcg,Twice Daily,Topical
906117,700725,4016,2025-04-24,0.8,mcg,Twice Daily,Topical
906118,703671,4019,2021-06-28,62.3,mL,Once Daily,Subcutaneous
906119,705692,4009,2021-11-04,46.5,mcg,As Needed,IV
906120,703938,4017,2025-07-07,22.7,mL,Once Daily,IV
906121,702620,4010,2024-11-13,21.6,units,Three Times Daily,Subcutaneous
906122,704114,4003,2021-09-26,59.5,mcg,As Needed,IV
906123,702378,4040,2024-05-02,11.2,mL,Three Times Daily,Subcutaneous
906124,705657,4018,2025-11-15,25.2,mcg,Twice Daily,Topical
906125,705558,4011,2021-11-08,4.6,mcg,As Needed,IM
906126,705783,4042,2022-05-15,76.7,units,Twice Daily,Oral
906127,703024,4027,2021-05-06,97.6,mL,As Needed,IV
906128,702465,4004,2025-07-02,26.9,units,Once Daily,Topical
906129,703635,4045,2023-07-27,46.7,mL,Once Daily,Oral
906130,705991,4035,2022-10-07,44.0,mL,Three Times Daily,IM
906131,700463,4002,2022-03-21,54.4,units,Twice Daily,IM
906132,703036,4010,2022-02-12,37.8,mg,Three Times Daily,Subcutaneous
906133,703078,4045,2024-02-06,13.7,mL,Twice Daily,Subcutaneous
906134,703867,4020,2024-10-03,25.2,mL,Once Daily,IV
906135,705993,4031,2022-11-11,79.8,mg,Three Times Daily,IM
906136,701677,4044,2021-04-20,60.0,mg,As Needed,IM
906137,704048,4037,2024-09-01,7.4,mg,Once Daily,IV
906138,700390,4017,2024-08-21,22.0,units,As Needed,Oral
906139,700435,4027,2024-05-27,40.3,mcg,Twice Daily,Topical
906140,703496,4005,2022-07-23,64.8,units,Once Daily,Topical
906141,702027,4018,2025-07-06,78.6,mcg,Three Times Daily,Topical
906142,700201,4020,2025-01-25,58.6,units,Twice Daily,IV
906143,700578,4005,2024-01-12,90.0,units,Three Times Daily,Oral
906144,700959,4038,2021-09-18,80.6,units,Once Daily,IV
906145,703778,4041,2021-05-15,47.9,mL,Three Times Daily,Oral
906146,700677,4019,2023-02-08,73.0,mg,Twice Daily,Subcutaneous
906147,701723,4009,2023-04-15,16.6,units,As Needed,Subcutaneous
906148,705286,4018,2022-01-28,35.1,units,Three Times Daily,Subcutaneous
906149,701303,4037,2022-07-14,2.6,mg,Once Daily,Topical
906150,705703,4003,2023-08-19,74.3,mL,As Needed,Topical
906151,704165,4028,2022-05-20,93.2,units,Three Times Daily,Oral
906152,704171,4003,2024-05-27,38.1,units,As Needed,Topical
906153,700189,4013,2022-11-17,31.2,mcg,Once Daily,Oral
906154,703075,4012,2021-05-07,26.9,mg,Twice Daily,Topical
906155,701954,4005,2022-03-18,0.5,mg,Three Times Daily,IM
906156,704257,4016,2023-03-30,31.1,mcg,Twice Daily,IM
906157,705241,4043,2021-07-18,2.2,mg,Three Times Daily,Topical
906158,700883,4019,2023-11-16,56.3,mcg,Twice Daily,IM
906159,706114,4009,2025-04-19,68.6,units,As Needed,IM
906160,702742,4027,2023-02-05,36.1,mL,As Needed,IV
906161,706483,4010,2024-01-07,40.6,mg,Three Times Daily,IV
906162,705981,4025,2024-01-03,32.0,mL,Once Daily,Oral
906163,700219,4045,2025-06-20,27.0,units,Three Times Daily,IM
906164,705866,4012,2025-07-11,32.7,mg,Once Daily,Topical
906165,705091,4009,2023-11-27,56.4,units,As Needed,Oral
906166,703434,4027,2025-06-04,56.4,units,As Needed,IM
906167,703871,4038,2023-01-16,73.7,mg,Three Times Daily,IM
906168,700076,4026,2025-04-05,13.8,mL,Once Daily,IV
906169,705092,4033,2021-06-17,95.9,mL,Twice Daily,Subcutaneous
906170,701835,4028,2024-01-19,52.5,mcg,Once Daily,Oral
906171,702796,4017,2021-03-05,84.7,mcg,Once Daily,Topical
906172,700562,4019,2021-06-26,6.6,units,Three Times Daily,Subcutaneous
906173,702317,4025,2023-12-02,36.4,mcg,Once Daily,IM
906174,702809,4040,2023-05-22,73.0,mcg,Twice Daily,Topical
906175,704265,4042,2021-08-29,10.2,mL,Once Daily,IV
906176,701472,4023,2023-12-17,17.2,mg,Twice Daily,Subcutaneous
906177,706049,4019,2022-03-18,57.7,units,Twice Daily,Topical
906178,705838,4016,2021-09-14,49.1,mg,Once Daily,IM
906179,704689,4025,2023-01-22,39.9,mL,Three Times Daily,Oral
906180,704776,4017,2021-09-15,16.9,units,Twice Daily,Oral
906181,705712,4013,2021-06-30,1.6,mg,As Needed,Subcutaneous
906182,703531,4009,2023-10-21,1.1,mg,Twice Daily,Oral
906183,702892,4028,2023-01-05,61.2,mL,Twice Daily,Topical
906184,706220,4031,2024-10-26,43.2,units,Twice Daily,IM
906185,700459,4007,2024-10-15,78.4,mg,Twice Daily,Subcutaneous
906186,705848,4007,2025-06-11,34.3,units,As Needed,Topical
906187,703709,4036,2021-06-29,0.5,mL,Twice Daily,Oral
906188,701887,4009,2024-04-09,51.1,units,Twice Daily,Oral
906189,705173,4019,2021-10-24,45.2,mcg,As Needed,Oral
906190,704191,4012,2023-10-26,20.0,mg,Twice Daily,Oral
906191,702724,4036,2025-03-13,99.5,mcg,Once Daily,Oral
906192,702293,4027,2022-03-19,11.8,units,Twice Daily,Subcutaneous
906193,700237,4034,2024-06-29,38.8,mcg,Once Daily,Subcutaneous
906194,704916,4026,2024-08-11,53.1,mg,Twice Daily,Topical
906195,704951,4038,2024-05-01,34.6,mcg,Three Times Daily,Oral
906196,705494,4022,2024-05-07,36.5,mg,Three Times Daily,IM
906197,702384,4021,2024-07-06,90.0,mcg,Once Daily,Topical
906198,701160,4007,2023-02-23,41.1,units,Three Times Daily,Subcutaneous
906199,703802,4038,2021-02-09,46.1,mL,Three Times Daily,Subcutaneous
906200,700991,4007,2025-04-21,50.0,mL,Twice Daily,IM
906201,702004,4031,2021-05-27,60.2,mcg,Once Daily,Subcutaneous
906202,703296,4037,2024-04-25,37.9,mL,As Needed,Subcutaneous
906203,702784,4044,2021-10-06,93.1,mcg,As Needed,IV
906204,704876,4014,2022-05-05,8.4,mcg,Once Daily,Oral
906205,702045,4032,2021-04-18,24.5,mL,As Needed,Oral
906206,702661,4026,2022-09-20,96.0,units,As Needed,IM
906207,705713,4008,2025-10-15,24.5,mL,Three Times Daily,IM
906208,700254,4014,2021-11-13,85.8,mcg,Twice Daily,Topical
906209,702627,4015,2024-01-30,70.4,mL,Twice Daily,IM
906210,705377,4017,2024-05-18,81.9,mg,Twice Daily,IV
906211,701808,4018,2024-04-06,67.1,mcg,Once Daily,Oral
906212,702033,4026,2023-11-11,41.9,mg,As Needed,IM
906213,702997,4016,2021-01-10,97.9,mcg,Twice Daily,Subcutaneous
906214,704161,4038,2021-07-18,1.2,units,As Needed,Oral
906215,705958,4038,2023-02-13,55.2,mL,Twice Daily,IM
906216,701146,4005,2023-08-21,34.2,mcg,Three Times Daily,IM
906217,702667,4037,2023-01-28,57.4,mcg,Twice Daily,Topical
906218,700872,4018,2021-12-28,93.7,units,Three Times Daily,Topical
906219,702042,4040,2025-03-24,96.6,mg,Once Daily,IM
906220,704446,4032,2023-03-23,31.9,mcg,Twice Daily,IV
906221,701661,4015,2022-01-04,93.8,units,Three Times Daily,Oral
906222,703325,4026,2022-12-24,98.7,mg,As Needed,Oral
906223,703429,4042,2023-06-11,48.2,mL,As Needed,Topical
906224,704069,4003,2023-12-29,13.7,mL,Three Times Daily,IV
906225,705938,4001,2025-09-29,97.2,units,As Needed,IV
906226,705738,4017,2024-11-17,89.7,mcg,Twice Daily,IV
906227,700622,4010,2025-10-18,65.9,units,Twice Daily,Oral
906228,704847,4015,2023-11-28,3.3,mcg,Three Times Daily,Topical
906229,700901,4038,2022-07-06,36.1,mL,Once Daily,Oral
906230,705990,4045,2022-08-23,15.8,mg,Once Daily,Oral
906231,700318,4003,2024-12-01,19.4,mL,Twice Daily,IM
906232,704959,4044,2025-05-12,68.8,mL,As Needed,IV
906233,704458,4017,2024-11-10,39.4,units,Twice Daily,IM
906234,702344,4005,2025-08-30,34.2,mL,Once Daily,Topical
906235,704978,4030,2022-02-14,47.0,mg,Three Times Daily,Oral
906236,702613,4045,2021-04-28,16.4,units,Twice Daily,Topical
906237,700237,4020,2022-10-16,44.1,mcg,Three Times Daily,IM
906238,701028,4017,2023-11-05,93.6,mL,Twice Daily,Oral
906239,702441,4010,2023-04-29,79.7,mcg,Three Times Daily,IM
906240,701607,4005,2023-07-23,4.7,mcg,Once Daily,Subcutaneous
906241,701066,4006,2021-03-01,43.4,units,Twice Daily,Oral
906242,704596,4027,2022-10-14,86.0,units,As Needed,Subcutaneous
906243,702693,4041,2021-09-07,25.5,units,As Needed,IM
906244,703359,4023,2021-01-25,84.0,mg,As Needed,Topical
906245,701250,4031,2022-03-07,59.3,mL,Three Times Daily,IM
906246,705822,4017,2025-02-13,1.4,mL,As Needed,Topical
906247,700297,4006,2021-03-09,88.4,mL,Once Daily,Oral
906248,702941,4038,2023-08-14,89.7,mcg,Once Daily,Oral
906249,702516,4039,2022-07-10,82.6,mg,Once Daily,IM
906250,702589,4001,2023-05-27,53.0,mg,Three Times Daily,Oral
906251,706348,4044,2021-02-22,73.0,mg,As Needed,Topical
906252,701820,4037,2021-06-25,13.4,units,Three Times Daily,IM
906253,704968,4012,2022-01-18,86.1,mL,Twice Daily,Subcutaneous
906254,700294,4005,2025-11-06,94.9,mg,Three Times Daily,Topical
906255,702204,4003,2025-01-02,33.2,mL,Three Times Daily,IM
906256,704683,4039,2021-11-23,26.5,mcg,Twice Daily,Subcutaneous
906257,702825,4003,2025-11-25,25.1,mg,Three Times Daily,IV
906258,703672,4004,2022-09-28,34.1,mcg,As Needed,Oral
906259,700230,4005,2023-12-28,8.3,units,As Needed,Oral
906260,700141,4042,2023-11-12,79.3,units,Twice Daily,Subcutaneous
906261,700150,4023,2025-12-30,32.6,mL,Twice Daily,IV
906262,706270,4036,2023-12-14,8.5,units,Twice Daily,Oral
906263,704436,4040,2025-02-12,98.9,mg,Three Times Daily,Oral
906264,704906,4009,2021-05-31,21.8,mcg,As Needed,Topical
906265,706400,4044,2024-07-02,81.9,mcg,Twice Daily,IM
906266,703404,4016,2025-09-14,49.5,mg,As Needed,Oral
906267,701381,4031,2024-12-23,37.9,mg,Three Times Daily,IM
906268,706109,4020,2024-12-08,66.9,units,Once Daily,IV
906269,702213,4032,2021-07-11,86.2,mL,As Needed,Topical
906270,700500,4029,2023-11-18,6.1,mg,As Needed,IV
906271,704712,4042,2023-10-02,4.9,mL,Twice Daily,IM
906272,701291,4010,2024-06-10,98.5,mg,Once Daily,IM
906273,700718,4037,2021-06-23,27.1,mcg,Twice Daily,Topical
906274,700253,4026,2025-02-14,5.9,mL,Three Times Daily,IM
906275,700727,4006,2023-01-27,33.2,units,Twice Daily,Topical
906276,704831,4010,2022-05-08,18.5,mL,Three Times Daily,IV
906277,702005,4018,2022-08-29,45.5,mg,Twice Daily,IV
906278,704604,4015,2025-08-13,88.2,mg,Three Times Daily,Subcutaneous
906279,700103,4021,2024-11-13,89.6,units,As Needed,IV
906280,704952,4012,2025-07-04,31.5,units,Twice Daily,Subcutaneous
906281,700252,4014,2022-11-10,47.8,mcg,Once Daily,Oral
906282,704049,4034,2022-10-08,54.3,units,Three Times Daily,Topical
906283,701906,4022,2021-11-01,25.6,mg,As Needed,IM
906284,701289,4025,2023-10-16,17.2,mL,As Needed,Topical
906285,705984,4033,2024-04-09,47.8,mg,Twice Daily,Subcutaneous
906286,701008,4036,2024-05-25,40.8,units,Twice Daily,Topical
906287,704392,4001,2022-06-13,89.9,mcg,Three Times Daily,Topical
906288,704806,4006,2023-07-25,84.8,units,Twice Daily,IV
906289,702288,4020,2021-03-13,66.5,mL,Three Times Daily,Oral
906290,700621,4006,2023-03-30,28.7,mcg,Once Daily,Subcutaneous
906291,701893,4027,2023-10-30,37.5,mcg,Twice Daily,Oral
906292,703613,4011,2025-04-06,18.2,mL,As Needed,IM
906293,706296,4024,2021-05-14,27.4,units,Once Daily,Oral
906294,701531,4045,2024-05-04,98.4,mcg,Three Times Daily,IV
906295,703487,4041,2024-08-04,55.3,mg,Once Daily,Subcutaneous
906296,702986,4020,2021-12-03,81.9,units,As Needed,Oral
906297,702231,4023,2025-01-05,27.8,units,As Needed,IM
906298,700770,4005,2021-02-16,41.4,mL,Three Times Daily,Oral
906299,700712,4031,2024-12-30,60.0,mcg,As Needed,IV
906300,705042,4003,2025-12-13,5.5,units,Three Times Daily,Subcutaneous
906301,704974,4031,2021-06-07,89.9,units,As Needed,IV
906302,702374,4029,2024-09-01,84.7,mcg,As Needed,Subcutaneous
906303,706045,4034,2021-05-25,98.1,mg,Once Daily,Subcutaneous
906304,702303,4031,2021-06-25,38.9,mg,Three Times Daily,Topical
906305,701252,4013,2024-01-07,12.7,mcg,Three Times Daily,IV
906306,704503,4044,2022-10-16,68.2,mL,Once Daily,IV
906307,704904,4023,2021-10-01,13.6,units,Twice Daily,Oral
906308,704449,4011,2023-05-31,31.3,mg,Once Daily,Topical
906309,700464,4025,2025-09-04,21.9,units,Twice Daily,IV
906310,702200,4030,2023-11-22,63.8,mL,As Needed,IM
906311,705483,4017,2022-02-08,64.9,units,As Needed,Subcutaneous
906312,703255,4021,2024-02-20,33.5,mcg,Three Times Daily,Subcutaneous
906313,702865,4002,2023-09-23,74.5,mg,Once Daily,IM
906314,705508,4016,2022-07-04,78.4,mL,Twice Daily,IV
906315,704016,4022,2024-09-19,68.9,mcg,Three Times Daily,Oral
906316,702676,4017,2022-02-20,6.3,mL,Three Times Daily,Oral
906317,705133,4041,2025-11-27,15.0,mcg,As Needed,Topical
906318,702732,4035,2023-12-15,38.2,mg,Once Daily,Topical
906319,705212,4002,2021-10-05,43.9,mcg,Three Times Daily,Subcutaneous
906320,704830,4025,2021-06-03,33.1,units,Once Daily,IM
906321,703771,4026,2021-12-04,55.8,mg,Three Times Daily,IV
906322,704886,4044,2024-10-23,30.5,units,As Needed,Topical
906323,702911,4031,2024-03-17,42.1,mL,Twice Daily,IV
906324,702055,4033,2025-12-11,2.5,mL,As Needed,Oral
906325,706349,4018,2025-11-06,35.8,units,Twice Daily,Oral
906326,703431,4024,2025-11-25,69.6,mL,Once Daily,IV
906327,700550,4014,2021-08-28,50.5,mL,As Needed,IV
906328,703164,4024,2022-12-08,72.4,mg,Three Times Daily,IM
906329,703729,4043,2021-09-17,61.1,mcg,Twice Daily,IM
906330,705400,4040,2021-12-05,98.2,mcg,As Needed,IV
906331,705751,4005,2022-09-28,27.3,mcg,Once Daily,Subcutaneous
906332,702958,4026,2021-03-26,11.1,mg,Once Daily,IV
906333,703719,4002,2023-09-21,13.8,mcg,Once Daily,Topical
906334,703058,4012,2022-10-10,27.2,mL,As Needed,IV
906335,702369,4035,2022-05-09,57.7,mcg,Once Daily,Subcutaneous
906336,704337,4043,2021-05-14,77.5,units,Three Times Daily,Oral
906337,700436,4035,2023-09-20,4.3,units,Three Times Daily,IM
906338,704997,4029,2024-08-04,96.6,units,Once Daily,IM
906339,705515,4032,2021-03-30,35.7,units,Once Daily,IV
906340,705660,4030,2024-09-22,82.5,mcg,Twice Daily,Topical
906341,704237,4016,2022-10-28,67.3,mL,Twice Daily,Topical
906342,706116,4038,2023-09-24,59.4,mL,Twice Daily,IV
906343,701913,4002,2021-03-25,9.1,mcg,Once Daily,Oral
906344,700674,4018,2024-08-14,89.6,mL,As Needed,Subcutaneous
906345,702783,4009,2024-06-08,38.1,mL,Once Daily,Topical
906346,703130,4001,2024-05-02,89.3,mg,As Needed,Oral
906347,703567,4022,2024-11-12,19.5,units,Once Daily,IM
906348,706046,4021,2024-08-20,96.7,mg,As Needed,IV
906349,701962,4018,2023-01-15,62.4,mcg,Three Times Daily,Topical
906350,705914,4027,2023-03-25,83.7,mL,Twice Daily,Topical
906351,702228,4044,2025-04-27,50.5,mL,Twice Daily,IV
906352,704155,4017,2024-06-30,59.9,mcg,Twice Daily,Topical
906353,703373,4010,2024-08-18,32.3,mg,Once Daily,Oral
906354,700991,4031,2024-01-17,74.4,mg,Twice Daily,Oral
906355,700417,4026,2024-05-25,90.3,mL,As Needed,IV
906356,703672,4004,2021-02-04,71.8,mcg,As Needed,IM
906357,705706,4016,2024-06-16,47.3,mg,Twice Daily,Topical
906358,700580,4011,2024-03-30,83.6,units,Once Daily,IM
906359,704579,4001,2022-04-01,50.2,mcg,Once Daily,IV
906360,700547,4035,2022-09-02,44.2,mg,As Needed,Oral
906361,703402,4015,2024-09-14,66.6,units,As Needed,Oral
906362,704348,4032,2023-02-20,23.4,mg,Three Times Daily,IM
906363,704655,4045,2025-04-07,47.8,units,Once Daily,Topical
906364,702381,4010,2022-02-23,4.5,units,Once Daily,Topical
906365,704591,4006,2022-01-17,98.5,mcg,As Needed,Oral
906366,701691,4023,2024-08-05,96.2,units,Once Daily,IM
906367,701646,4026,2021-08-26,98.6,units,Once Daily,Oral
906368,704947,4005,2021-11-22,87.9,units,Once Daily,IM
906369,700738,4024,2024-07-08,90.2,mg,As Needed,Oral
906370,701016,4013,2023-11-10,9.0,mcg,As Needed,Oral
906371,703495,4014,2021-08-21,21.7,mg,Three Times Daily,Topical
906372,702156,4019,2025-11-14,66.9,units,As Needed,Oral
906373,704444,4002,2023-03-02,20.6,units,Three Times Daily,IM
906374,703680,4026,2023-06-12,5.4,mg,Twice Daily,Subcutaneous
906375,704372,4043,2021-04-16,41.1,mcg,Three Times Daily,Topical
906376,701302,4031,2025-01-18,92.9,mg,As Needed,IM
906377,701976,4031,2023-09-03,99.6,units,Once Daily,IV
906378,703202,4020,2023-09-17,49.1,mcg,Once Daily,Subcutaneous
906379,702627,4027,2021-09-29,61.2,units,Three Times Daily,Oral
906380,702960,4040,2025-03-28,35.0,mg,Once Daily,IM
906381,705019,4019,2025-05-12,28.6,mL,Twice Daily,Topical
906382,705328,4028,2023-09-14,93.0,mL,As Needed,IM
906383,700800,4043,2021-01-13,72.1,mL,Twice Daily,Topical
906384,701683,4014,2021-08-31,22.5,mL,Three Times Daily,IM
906385,701682,4041,2022-01-10,25.1,units,Three Times Daily,IV
906386,703925,4006,2025-06-12,72.0,mcg,Twice Daily,IM
906387,704355,4012,2021-12-19,40.1,mL,Three Times Daily,IV
906388,700088,4007,2021-03-09,49.7,mcg,Twice Daily,Subcutaneous
906389,704342,4016,2024-02-29,81.0,mg,As Needed,Topical
906390,701662,4039,2025-04-03,68.9,mL,As Needed,Subcutaneous
906391,705788,4019,2023-05-18,94.6,mcg,As Needed,IM
906392,703733,4035,2023-11-11,83.1,mL,Three Times Daily,IM
906393,702052,4031,2021-02-18,26.9,mL,Twice Daily,Topical
906394,702543,4038,2023-07-02,55.5,units,As Needed,IM
906395,700449,4008,2022-01-29,26.8,mcg,As Needed,Oral
906396,702779,4042,2024-03-25,31.6,mg,Twice Daily,IV
906397,702834,4010,2023-06-01,74.6,units,Three Times Daily,Subcutaneous
906398,704133,4017,2021-06-28,38.8,mcg,Twice Daily,IV
906399,705460,4038,2022-03-07,48.2,mcg,As Needed,IM
906400,701310,4030,2022-09-07,67.2,units,As Needed,IV
906401,700240,4020,2025-02-15,41.6,mL,Twice Daily,IV
906402,706370,4037,2022-12-09,43.8,mg,Once Daily,Oral
906403,704421,4027,2025-04-15,35.0,mg,Once Daily,IM
906404,701233,4028,2025-10-30,45.7,mg,Twice Daily,Subcutaneous
906405,705056,4002,2025-03-06,79.0,mL,Once Daily,Oral
906406,704180,4024,2022-11-23,59.7,units,As Needed,IM
906407,705926,4031,2021-05-14,7.2,mcg,Once Daily,IM
906408,700657,4002,2022-01-23,10.5,mcg,Twice Daily,IV
906409,706028,4028,2024-04-14,1.8,units,As Needed,Topical
906410,704180,4037,2025-07-22,20.7,mg,Three Times Daily,Topical
906411,700267,4032,2023-01-17,22.7,units,Three Times Daily,IV
906412,704120,4007,2021-06-20,7.7,units,Twice Daily,IM
906413,702930,4010,2021-09-26,69.1,mcg,Three Times Daily,Oral
906414,702681,4004,2021-10-22,70.1,mg,Three Times Daily,IV
906415,702074,4019,2021-11-12,53.1,mL,As Needed,Oral
906416,701206,4013,2023-02-04,64.7,mg,Twice Daily,Oral
906417,701512,4031,2024-03-31,89.2,mg,Once Daily,Oral
906418,700399,4036,2022-02-11,23.7,mL,As Needed,Topical
906419,705771,4031,2025-08-11,45.6,units,Twice Daily,IV
906420,703484,4023,2025-07-08,41.3,units,As Needed,IV
906421,702089,4031,2022-01-06,82.3,mg,Twice Daily,IM
906422,705182,4016,2021-08-05,31.1,mL,As Needed,IV
906423,704899,4022,2025-02-24,37.7,units,Three Times Daily,Oral
906424,705547,4009,2023-03-31,19.6,mcg,Once Daily,Topical
906425,700952,4021,2022-02-15,3.6,units,Once Daily,Topical
906426,700631,4001,2021-03-27,89.2,mcg,Twice Daily,IV
906427,704735,4015,2022-12-04,80.8,mL,Once Daily,IV
906428,702721,4007,2025-07-15,79.9,units,Three Times Daily,IM
906429,704534,4027,2022-03-05,26.6,mcg,Once Daily,IV
906430,702192,4033,2025-09-02,14.0,mL,Twice Daily,IM
906431,700589,4018,2021-06-22,60.3,mcg,As Needed,Topical
906432,700819,4006,2021-06-23,47.5,mL,Three Times Daily,Subcutaneous
906433,705269,4024,2024-11-03,24.9,units,Three Times Daily,Topical
906434,704498,4026,2021-03-12,77.7,mL,As Needed,Oral
906435,702702,4008,2025-03-27,15.1,mL,Three Times Daily,IV
906436,704371,4040,2022-04-20,82.3,mcg,As Needed,IM
906437,705960,4007,2022-12-16,93.8,mcg,Twice Daily,Subcutaneous
906438,706366,4034,2022-01-13,74.4,mcg,Three Times Daily,Oral
906439,704214,4030,2023-06-28,67.4,mL,Twice Daily,Topical
906440,703724,4021,2023-06-29,35.4,mL,Twice Daily,IV
906441,701483,4012,2021-12-26,17.3,units,Twice Daily,Topical
906442,702629,4015,2021-05-05,22.5,mg,Three Times Daily,Subcutaneous
906443,703056,4020,2024-05-07,35.2,units,As Needed,Oral
906444,704188,4034,2025-04-19,46.0,units,As Needed,Subcutaneous
906445,703008,4044,2022-10-03,90.9,units,Three Times Daily,IV
906446,701331,4012,2023-01-14,43.6,units,Three Times Daily,Topical
906447,704262,4006,2024-11-01,91.0,mcg,Twice Daily,Topical
906448,701442,4041,2025-12-22,24.5,mL,Once Daily,IM
906449,703909,4035,2021-04-17,81.4,mg,Once Daily,IM
906450,702379,4028,2022-04-14,63.9,mL,As Needed,IM
906451,705144,4025,2024-07-20,20.1,mg,Once Daily,IV
906452,706325,4039,2025-10-12,13.1,units,Three Times Daily,Topical
906453,703984,4005,2023-02-13,0.9,units,Twice Daily,Topical
906454,704264,4024,2021-10-23,34.2,mcg,Twice Daily,Topical
906455,701730,4029,2024-09-05,25.3,mg,Once Daily,Oral
906456,705333,4029,2022-11-26,94.5,mcg,Twice Daily,Subcutaneous
906457,702497,4012,2025-11-14,74.5,units,Once Daily,IM
906458,705722,4008,2023-10-15,9.0,mcg,Once Daily,IV
906459,701609,4002,2021-06-25,72.3,mL,Once Daily,Topical
906460,701960,4040,2022-02-09,26.7,mL,Once Daily,Oral
906461,706068,4031,2021-07-31,79.6,mg,Once Daily,Oral
906462,700510,4002,2024-07-30,45.8,units,Once Daily,Subcutaneous
906463,701841,4017,2023-10-30,22.1,mL,As Needed,Oral
906464,704909,4021,2024-04-19,84.1,mL,As Needed,Topical
906465,704210,4041,2024-05-24,96.1,mg,Twice Daily,IM
906466,702176,4012,2023-12-28,49.1,mg,As Needed,Subcutaneous
906467,703527,4040,2024-09-23,41.2,mg,Three Times Daily,Topical
906468,702463,4003,2025-03-07,65.0,mcg,Once Daily,Oral
906469,701959,4003,2024-09-12,24.8,mg,Twice Daily,IV
906470,702825,4025,2022-11-28,93.7,units,As Needed,IV
906471,704749,4024,2021-05-26,64.4,mg,Once Daily,Oral
906472,704293,4040,2022-11-21,73.8,mL,As Needed,Oral
906473,701536,4031,2025-03-02,78.7,mL,As Needed,Subcutaneous
906474,702523,4003,2023-07-28,80.1,mcg,As Needed,IM
906475,705011,4010,2022-01-15,74.8,mL,Once Daily,IV
906476,703370,4028,2025-10-31,28.6,mL,Once Daily,Topical
906477,705135,4033,2025-02-13,66.4,mg,As Needed,IM
906478,704179,4022,2024-12-23,61.0,mcg,Three Times Daily,IM
906479,701373,4017,2022-10-05,91.8,mL,Three Times Daily,IM
906480,703764,4041,2025-07-10,74.6,mL,Three Times Daily,IM
906481,704252,4004,2021-04-13,56.2,units,Twice Daily,Subcutaneous
906482,701230,4018,2021-08-23,92.3,mL,Twice Daily,Topical
906483,705554,4022,2022-05-16,86.3,mg,Three Times Daily,Oral
906484,702546,4005,2025-03-17,29.7,units,As Needed,IM
906485,701102,4016,2021-06-07,92.5,mg,As Needed,IV
906486,704627,4012,2021-02-24,46.7,mcg,Twice Daily,Oral
906487,702768,4042,2022-05-30,27.8,mg,Twice Daily,IV
906488,702979,4034,2022-06-11,17.3,mg,Three Times Daily,IM
906489,705924,4041,2023-05-25,68.6,mg,Twice Daily,IM
906490,702465,4005,2024-11-28,64.6,mL,Twice Daily,IV
906491,703623,4003,2024-09-05,60.1,mcg,As Needed,Oral
906492,700677,4032,2025-05-15,82.6,mcg,Three Times Daily,IM
906493,706321,4044,2021-08-24,98.3,mcg,Twice Daily,Subcutaneous
906494,704021,4001,2024-11-12,13.7,mL,Twice Daily,Topical
906495,704436,4002,2022-09-06,82.7,mg,Twice Daily,Topical
906496,704760,4045,2023-04-02,72.1,mcg,Once Daily,Oral
906497,701698,4035,2023-04-06,46.4,mg,Three Times Daily,IV
906498,701340,4008,2021-05-27,34.9,units,Twice Daily,Oral
906499,700064,4003,2021-04-05,62.5,units,Three Times Daily,IM
906500,706488,4024,2021-12-11,72.4,mg,As Needed,IM
906501,704664,4037,2021-08-12,49.9,mcg,Once Daily,IM
906502,705756,4024,2022-08-05,25.8,mL,As Needed,Topical
906503,704881,4023,2024-05-28,72.2,mL,Twice Daily,Topical
906504,705418,4022,2025-09-21,13.2,mcg,Three Times Daily,IV
906505,705120,4002,2021-04-29,19.7,mg,Once Daily,IM
906506,706058,4013,2025-10-21,60.2,mg,Once Daily,Oral
906507,706006,4009,2025-11-06,45.4,units,Twice Daily,IV
906508,705993,4023,2024-03-23,61.0,units,As Needed,IV
906509,704430,4025,2025-06-20,81.0,mg,Twice Daily,Topical
906510,703743,4022,2023-09-13,79.6,mg,Three Times Daily,IV
906511,703905,4041,2021-03-11,58.4,mg,Once Daily,IM
906512,700455,4034,2022-08-29,86.6,mcg,Once Daily,IV
906513,701695,4020,2025-11-01,33.1,mcg,Three Times Daily,Subcutaneous
906514,703867,4041,2023-08-29,52.8,mg,As Needed,Subcutaneous
906515,701284,4017,2025-08-05,64.7,mg,Twice Daily,Subcutaneous
906516,702168,4040,2021-06-04,44.8,units,Three Times Daily,IV
906517,700537,4028,2021-05-22,92.0,units,Once Daily,Subcutaneous
906518,700414,4041,2023-08-06,98.2,mL,Three Times Daily,Subcutaneous
906519,701218,4015,2024-09-08,1.0,mL,Three Times Daily,Oral
906520,705039,4014,2021-12-29,81.4,mcg,Twice Daily,Subcutaneous
906521,702130,4009,2024-11-21,99.7,mg,Once Daily,IM
906522,703367,4006,2024-08-23,86.8,units,As Needed,IM
906523,704340,4022,2021-04-29,88.5,units,As Needed,IV
906524,704460,4001,2025-07-26,87.8,mcg,As Needed,Subcutaneous
906525,705080,4038,2023-12-11,8.4,mg,Once Daily,Topical
906526,703259,4032,2024-08-16,17.5,mcg,As Needed,IM
906527,702939,4025,2021-09-01,34.6,mL,Three Times Daily,IV
906528,703241,4027,2022-09-21,21.3,mcg,Twice Daily,IV
906529,702000,4015,2022-12-21,53.9,mcg,Twice Daily,IV
906530,701695,4033,2024-01-26,26.5,mcg,Twice Daily,Topical
906531,700748,4044,2025-10-12,16.6,mcg,Three Times Daily,Oral
906532,700491,4031,2021-08-10,19.2,units,Once Daily,Subcutaneous
906533,700035,4005,2025-01-04,74.5,mcg,As Needed,Oral
906534,704944,4044,2024-11-03,18.6,mcg,Once Daily,Topical
906535,705591,4033,2023-07-29,50.0,mcg,As Needed,Oral
906536,704686,4044,2024-01-24,89.5,mg,Once Daily,Oral
906537,701587,4041,2023-08-09,54.4,mg,Twice Daily,IM
906538,701825,4015,2021-09-27,20.0,units,Once Daily,Topical
906539,700618,4029,2025-11-03,42.8,mg,Twice Daily,Subcutaneous
906540,704087,4036,2025-08-14,70.4,mL,Twice Daily,Subcutaneous
906541,702122,4014,2025-07-11,52.7,units,As Needed,Topical
906542,705835,4020,2023-11-25,76.8,units,As Needed,Topical
906543,706421,4029,2025-08-04,10.0,mcg,As Needed,IM
906544,704316,4007,2023-10-23,34.3,units,Three Times Daily,IM
906545,702294,4003,2024-08-13,16.3,mL,As Needed,IM
906546,701220,4010,2022-10-29,93.7,mcg,Three Times Daily,IM
906547,705512,4023,2025-03-15,22.4,mcg,Once Daily,IV
906548,703048,4036,2023-03-18,79.9,units,Three Times Daily,Topical
906549,703508,4025,2021-11-07,19.6,mcg,As Needed,IM
906550,703102,4032,2022-10-07,89.9,mg,Twice Daily,IV
906551,702209,4045,2021-05-10,9.6,units,Twice Daily,Subcutaneous
906552,705805,4016,2024-11-22,30.2,mcg,As Needed,Oral
906553,703816,4012,2024-12-25,13.6,mg,Three Times Daily,Topical
906554,701078,4019,2024-04-22,32.8,mg,Three Times Daily,IM
906555,701387,4008,2022-08-08,52.3,mg,Three Times Daily,Subcutaneous
906556,705152,4042,2024-01-02,97.1,mg,Three Times Daily,Topical
906557,700099,4002,2022-01-28,32.1,mcg,Three Times Daily,Topical
906558,704641,4006,2024-05-07,25.4,mg,Once Daily,Subcutaneous
906559,706399,4036,2021-03-11,64.3,units,Twice Daily,IM
906560,704389,4026,2025-04-18,33.0,mcg,Three Times Daily,Subcutaneous
906561,702474,4029,2021-03-06,32.3,mg,Three Times Daily,Topical
906562,702642,4004,2021-03-23,96.0,mg,As Needed,Oral
906563,700285,4042,2025-01-22,22.1,mcg,As Needed,IV
906564,704987,4034,2024-10-28,12.8,mcg,Once Daily,IV
906565,700888,4027,2025-06-16,90.6,mg,As Needed,IM
906566,700585,4036,2023-10-18,63.5,mL,As Needed,IM
906567,703459,4004,2025-10-21,64.6,mcg,Three Times Daily,Subcutaneous
906568,706068,4033,2022-02-20,69.9,units,Twice Daily,IV
906569,700588,4029,2025-06-20,40.8,mcg,As Needed,IM
906570,702222,4025,2022-09-24,52.3,mL,Once Daily,IV
906571,700095,4040,2023-08-02,76.2,units,Three Times Daily,IM
906572,700225,4026,2025-12-17,55.9,mg,Three Times Daily,IV
906573,703073,4009,2024-04-24,59.4,mL,Twice Daily,IM
906574,704577,4027,2023-04-27,94.8,mcg,As Needed,Topical
906575,702351,4033,2023-04-05,41.1,mL,Twice Daily,Topical
906576,705656,4007,2025-03-22,31.2,mL,Three Times Daily,IM
906577,701659,4032,2021-06-21,11.1,mg,Once Daily,Oral
906578,702369,4017,2025-03-17,10.0,mL,Three Times Daily,Topical
906579,706499,4002,2025-05-23,44.3,mcg,As Needed,IV
906580,705846,4002,2021-03-14,31.6,units,Twice Daily,Oral
906581,704236,4028,2025-11-17,52.1,units,Three Times Daily,Subcutaneous
906582,704484,4035,2022-10-08,6.1,mg,Once Daily,Oral
906583,701446,4019,2021-09-27,68.4,units,Once Daily,Topical
906584,701021,4036,2024-11-29,0.9,mL,Three Times Daily,Topical
906585,705032,4038,2024-07-27,1.6,mcg,Three Times Daily,IM
906586,703581,4023,2021-04-28,10.4,mcg,As Needed,IV
906587,701358,4004,2021-07-20,3.1,mL,Twice Daily,Subcutaneous
906588,701438,4026,2024-02-12,29.3,mcg,Twice Daily,Oral
906589,705700,4015,2022-07-14,85.8,units,As Needed,Topical
906590,703055,4043,2024-02-05,15.4,units,As Needed,Topical
906591,700308,4009,2023-03-16,82.8,mL,Three Times Daily,Topical
906592,700749,4034,2023-10-02,55.7,mg,Twice Daily,Topical
906593,700926,4033,2021-03-20,13.5,mL,As Needed,Topical
906594,703002,4013,2024-10-04,89.8,mg,Once Daily,Topical
906595,701786,4007,2021-02-03,51.8,mL,Twice Daily,Oral
906596,704317,4007,2024-12-16,57.2,mg,As Needed,Oral
906597,704022,4040,2025-05-04,54.8,mcg,Twice Daily,Oral
906598,706267,4017,2023-03-07,85.2,mg,Twice Daily,Oral
906599,701714,4026,2025-06-18,80.6,mg,Twice Daily,Topical
906600,704292,4038,2022-08-09,10.9,units,As Needed,Oral
906601,705070,4035,2024-09-18,62.3,units,Three Times Daily,Topical
906602,700901,4045,2023-05-07,97.1,mL,Twice Daily,Topical
906603,700098,4004,2024-11-13,67.6,mL,Once Daily,IM
906604,702702,4016,2023-02-28,85.9,units,Three Times Daily,Oral
906605,703792,4040,2022-10-07,21.7,units,Twice Daily,Topical
906606,703184,4032,2025-12-20,67.2,mg,Once Daily,Subcutaneous
906607,704999,4024,2022-10-24,67.5,mcg,Once Daily,Oral
906608,705449,4020,2022-09-23,9.7,mcg,Twice Daily,Topical
906609,703879,4008,2022-03-23,38.7,mL,Twice Daily,IM
906610,701219,4039,2025-07-10,40.0,units,As Needed,IM
906611,700073,4003,2023-11-25,74.9,mcg,Three Times Daily,Topical
906612,703640,4008,2023-03-12,56.1,mL,Twice Daily,IV
906613,702638,4034,2021-12-08,17.3,mcg,Three Times Daily,IV
906614,706206,4014,2021-07-09,34.6,mcg,As Needed,IV
906615,701270,4020,2024-04-20,4.3,mL,Once Daily,Oral
906616,705411,4021,2023-06-18,34.6,mg,As Needed,Subcutaneous
906617,701690,4037,2024-01-21,3.8,units,Once Daily,IV
906618,705587,4003,2023-02-26,98.5,mL,Once Daily,IM
906619,703858,4009,2021-11-25,79.8,mcg,Three Times Daily,Oral
906620,702245,4026,2021-02-22,95.9,mcg,Once Daily,Oral
906621,702069,4019,2023-05-28,45.0,mL,Once Daily,Subcutaneous
906622,704323,4017,2023-05-30,36.8,units,Once Daily,IM
906623,704776,4032,2025-08-29,97.9,mcg,Once Daily,Topical
906624,706004,4003,2021-04-02,85.7,mg,Twice Daily,Oral
906625,704626,4024,2022-10-02,69.6,mg,Twice Daily,Oral
906626,704922,4012,2024-11-03,36.5,units,Twice Daily,IV
906627,701556,4016,2021-07-20,24.7,mL,Twice Daily,IV
906628,705411,4013,2025-10-09,49.5,mcg,As Needed,Subcutaneous
906629,705568,4025,2021-12-03,23.9,mg,As Needed,Oral
906630,706311,4030,2023-12-23,18.1,units,As Needed,IV
906631,705557,4039,2024-07-13,32.4,mL,Once Daily,Topical
906632,700947,4013,2021-05-20,11.7,mcg,Three Times Daily,IM
906633,702472,4032,2022-05-26,50.0,units,Once Daily,IM
906634,700948,4004,2022-01-12,80.7,mg,Once Daily,Topical
906635,702563,4038,2022-07-28,94.8,mg,As Needed,Topical
906636,703911,4005,2025-09-29,42.3,units,As Needed,Topical
906637,701161,4027,2025-06-15,96.2,mg,As Needed,IM
906638,706297,4010,2025-11-14,70.9,units,Twice Daily,Oral
906639,702580,4020,2023-06-05,6.3,mcg,Twice Daily,Topical
906640,700521,4040,2024-09-15,42.3,mL,Three Times Daily,Subcutaneous
906641,700527,4040,2024-01-11,96.0,mg,Twice Daily,Subcutaneous
906642,704510,4004,2021-06-06,25.0,mcg,Once Daily,Subcutaneous
906643,703600,4010,2022-10-01,9.4,mcg,As Needed,IM
906644,701461,4001,2022-01-06,29.3,units,Twice Daily,Oral
906645,700612,4003,2023-03-20,60.5,mcg,Three Times Daily,IM
906646,706295,4021,2022-05-31,82.4,units,Three Times Daily,Subcutaneous
906647,704691,4040,2023-06-18,48.9,mcg,Twice Daily,Topical
906648,705470,4011,2024-04-17,62.9,units,As Needed,Oral
906649,701551,4034,2025-08-04,89.0,units,Twice Daily,IM
906650,701842,4037,2022-09-21,62.7,units,Twice Daily,Oral
906651,705802,4025,2024-07-02,53.3,mL,Three Times Daily,IV
906652,701823,4006,2021-11-20,6.3,mcg,Once Daily,IM
906653,706029,4020,2022-02-03,66.9,mL,Once Daily,IM
906654,705785,4020,2025-03-13,54.9,mg,Three Times Daily,IV
906655,705626,4038,2023-01-03,83.1,mcg,Once Daily,IM
906656,706036,4040,2022-07-03,52.8,mcg,As Needed,IV
906657,705408,4034,2022-05-27,28.6,mg,Twice Daily,Subcutaneous
906658,703419,4007,2022-11-08,18.2,mcg,Once Daily,Topical
906659,702641,4029,2021-05-31,68.8,mcg,Three Times Daily,Subcutaneous
906660,705484,4002,2025-10-11,45.5,mg,As Needed,Oral
906661,706148,4004,2024-04-08,65.7,mcg,Once Daily,Oral
906662,706417,4017,2021-11-17,83.0,units,Once Daily,Subcutaneous
906663,705315,4021,2021-11-09,32.7,mcg,Three Times Daily,IV
906664,703761,4003,2023-12-09,63.1,units,Once Daily,Topical
906665,704928,4041,2024-12-31,93.0,units,As Needed,Oral
906666,706443,4026,2025-07-31,21.5,mcg,Once Daily,IV
906667,703791,4043,2025-03-12,85.8,mg,As Needed,Subcutaneous
906668,705751,4021,2022-03-20,18.6,mL,Once Daily,Subcutaneous
906669,700878,4020,2024-08-22,36.4,mL,As Needed,Oral
906670,703579,4040,2022-09-17,43.2,units,Once Daily,Oral
906671,705611,4028,2023-10-16,60.4,mL,Twice Daily,IM
906672,702928,4007,2021-12-12,18.1,mcg,Once Daily,Oral
906673,701785,4023,2023-10-09,49.1,units,Twice Daily,Subcutaneous
906674,705348,4017,2021-05-29,94.3,units,As Needed,IV
906675,701093,4031,2024-10-30,34.1,units,As Needed,IM
906676,703501,4008,2025-07-23,22.6,mg,Once Daily,IV
906677,704408,4041,2023-11-01,5.2,mcg,Twice Daily,Subcutaneous
906678,700332,4037,2022-02-28,70.7,mL,As Needed,Topical
906679,705875,4008,2025-01-31,50.6,units,As Needed,Subcutaneous
906680,705633,4013,2023-04-05,53.1,mL,As Needed,IM
906681,706194,4023,2023-04-30,97.7,mg,Twice Daily,Oral
906682,705560,4015,2021-10-09,25.1,mg,As Needed,Oral
906683,704066,4025,2022-11-08,83.9,units,Once Daily,IV
906684,704427,4021,2025-12-02,17.7,mg,Once Daily,Subcutaneous
906685,702604,4028,2025-09-03,46.0,mL,As Needed,Oral
906686,701048,4007,2023-06-21,65.6,mcg,Three Times Daily,Subcutaneous
906687,705660,4025,2025-10-04,85.1,units,As Needed,IM
906688,705611,4010,2025-08-03,72.4,mg,As Needed,IV
906689,700607,4041,2024-04-05,62.8,mcg,As Needed,Topical
906690,706497,4027,2021-01-15,2.2,mcg,As Needed,Oral
906691,702272,4018,2025-03-07,56.2,mcg,As Needed,Topical
906692,701606,4030,2024-07-18,37.1,mL,As Needed,Topical
906693,705276,4031,2023-01-08,96.8,mL,Once Daily,Subcutaneous
906694,701891,4015,2021-07-12,33.0,mL,Once Daily,Topical
906695,700488,4015,2022-09-19,10.8,mL,Twice Daily,Oral
906696,700099,4004,2021-03-08,14.9,mg,Three Times Daily,Topical
906697,701382,4036,2023-08-07,69.2,units,Three Times Daily,Oral
906698,701518,4006,2024-12-03,41.5,mg,Three Times Daily,Oral
906699,703296,4022,2021-04-04,40.0,mcg,Three Times Daily,IM
906700,700535,4004,2021-12-14,38.3,mg,As Needed,IV
906701,704653,4023,2023-06-26,96.0,mcg,As Needed,Subcutaneous
906702,705896,4031,2023-04-10,14.9,mg,Three Times Daily,IV
906703,703499,4026,2025-12-21,84.4,mcg,Twice Daily,IV
906704,700635,4011,2021-09-25,85.6,mg,Three Times Daily,Oral
906705,706449,4021,2023-08-18,66.0,mg,Twice Daily,IM
906706,703278,4014,2023-03-27,26.8,mcg,Once Daily,Subcutaneous
906707,703304,4027,2025-06-09,62.3,mL,Twice Daily,Oral
906708,701654,4010,2025-07-18,7.4,mcg,As Needed,Oral
906709,700620,4008,2022-04-16,93.3,units,Twice Daily,Topical
906710,704744,4004,2022-04-03,66.9,mg,Twice Daily,Topical
906711,701987,4045,2024-09-15,14.7,mcg,Three Times Daily,IV
906712,702403,4007,2024-05-31,78.0,mg,Once Daily,Topical
906713,704009,4029,2024-02-18,31.6,mL,Twice Daily,Subcutaneous
906714,700985,4045,2025-11-29,4.5,mcg,Three Times Daily,Subcutaneous
906715,700988,4025,2023-11-19,23.5,mL,Three Times Daily,Oral
906716,701612,4038,2025-06-14,65.2,mg,Three Times Daily,Topical
906717,704530,4001,2024-05-23,65.4,mL,Once Daily,Oral
906718,700970,4016,2025-08-01,95.5,mcg,Twice Daily,Subcutaneous
906719,700067,4003,2024-03-21,38.0,mcg,Three Times Daily,Topical
906720,702204,4043,2023-08-09,78.2,units,Once Daily,IM
906721,704802,4033,2025-10-09,48.6,mg,As Needed,IM
906722,704969,4007,2021-12-20,74.9,mcg,As Needed,IV
906723,703553,4044,2024-08-26,50.5,units,Once Daily,Topical
906724,702729,4040,2022-12-11,47.0,mcg,Once Daily,Topical
906725,701616,4015,2022-10-16,38.7,mcg,Once Daily,Oral
906726,700684,4008,2024-08-14,4.0,mg,Three Times Daily,IM
906727,705962,4025,2021-01-20,84.4,units,Three Times Daily,IM
906728,703886,4001,2023-05-07,63.3,mL,Once Daily,Oral
906729,701591,4010,2022-06-07,48.3,units,Twice Daily,Topical
906730,701197,4016,2023-10-23,55.1,mL,Three Times Daily,IV
906731,701146,4012,2023-05-11,20.2,units,As Needed,Topical
906732,705107,4025,2021-05-02,95.2,mcg,As Needed,IM
906733,706161,4023,2024-01-01,27.3,mcg,As Needed,IM
906734,704057,4014,2025-07-29,0.6,units,Twice Daily,Topical
906735,706188,4008,2024-07-27,60.0,mcg,Three Times Daily,IM
906736,701150,4008,2024-05-13,82.4,mg,Three Times Daily,Subcutaneous
906737,705570,4026,2021-10-17,63.2,mcg,Three Times Daily,IM
906738,703838,4002,2023-03-23,28.5,units,Once Daily,IV
906739,704012,4044,2025-12-25,42.0,mL,As Needed,IV
906740,706205,4009,2024-06-05,70.9,mg,Twice Daily,IM
906741,700665,4041,2023-09-18,68.5,units,As Needed,Oral
906742,702677,4020,2025-03-28,46.1,mg,Twice Daily,IV
906743,706134,4038,2025-07-22,1.0,mcg,As Needed,Topical
906744,705553,4023,2025-10-06,56.1,mL,As Needed,Subcutaneous
906745,704056,4014,2025-09-17,44.2,mcg,As Needed,IV
906746,702083,4038,2022-11-04,31.6,mcg,As Needed,Subcutaneous
906747,703491,4028,2025-11-20,72.0,mL,Three Times Daily,Subcutaneous
906748,703060,4031,2025-07-06,40.1,mcg,Once Daily,Topical
906749,702227,4028,2025-02-05,54.9,mg,Once Daily,Topical
906750,700199,4034,2022-04-23,17.9,mcg,Once Daily,Oral
906751,701794,4002,2025-05-24,14.5,mg,Once Daily,IV
906752,705105,4003,2025-03-08,47.2,mL,Three Times Daily,Subcutaneous
906753,702582,4037,2025-03-25,15.0,units,As Needed,Subcutaneous
906754,704694,4031,2025-07-30,92.5,units,Twice Daily,Topical
906755,702907,4016,2021-02-15,53.5,mcg,Twice Daily,IV
906756,705805,4029,2025-08-07,55.4,mcg,As Needed,IM
906757,705997,4045,2023-10-20,69.5,mL,Once Daily,Subcutaneous
906758,706475,4007,2024-08-31,51.3,mcg,Once Daily,IV
906759,706336,4044,2024-05-05,63.3,units,Once Daily,IM
906760,701408,4045,2025-05-29,25.3,units,Three Times Daily,IV
906761,702445,4042,2022-07-05,22.3,mcg,Three Times Daily,Oral
906762,701170,4038,2025-05-10,6.9,units,Three Times Daily,IV
906763,702714,4011,2021-12-24,45.9,mL,Once Daily,Oral
906764,700931,4018,2023-08-25,43.5,mL,Once Daily,Topical
906765,702301,4045,2023-04-29,90.4,mg,As Needed,Topical
906766,702183,4026,2025-09-23,13.9,units,As Needed,Subcutaneous
906767,702439,4013,2022-04-12,62.4,mcg,As Needed,Subcutaneous
906768,705268,4036,2024-11-18,25.1,mL,Three Times Daily,IM
906769,702805,4043,2023-06-12,80.7,mcg,As Needed,IV
906770,706155,4002,2024-12-01,15.8,mcg,Twice Daily,Subcutaneous
906771,704875,4033,2021-02-20,7.8,mcg,As Needed,IM
906772,706107,4028,2021-01-14,35.2,mg,Twice Daily,IM
906773,701596,4022,2025-10-02,78.8,units,Three Times Daily,Subcutaneous
906774,701460,4023,2023-12-14,21.0,mL,Twice Daily,Subcutaneous
906775,703857,4023,2022-07-23,28.9,mg,Twice Daily,Oral
906776,702788,4037,2024-12-10,65.0,mg,Once Daily,IM
906777,704163,4044,2022-08-10,35.7,mg,As Needed,IV
906778,706189,4039,2025-10-28,64.6,units,As Needed,Topical
906779,703892,4031,2025-09-19,73.3,mg,Three Times Daily,IV
906780,702243,4023,2024-04-10,24.7,mL,As Needed,IM
906781,703893,4008,2023-04-02,45.0,mcg,Twice Daily,Oral
906782,704399,4031,2025-12-16,26.2,units,Once Daily,Subcutaneous
906783,703724,4017,2023-01-15,72.6,mL,Three Times Daily,Oral
906784,703860,4034,2023-07-10,51.2,mcg,Twice Daily,IV
906785,704890,4045,2021-09-10,7.5,units,Once Daily,IV
906786,702590,4023,2021-03-04,75.1,mg,As Needed,IM
906787,700700,4039,2021-01-04,79.1,mcg,Twice Daily,IM
906788,704140,4041,2021-01-02,28.5,mcg,Twice Daily,Subcutaneous
906789,701273,4025,2024-07-01,62.9,mg,Twice Daily,Topical
906790,705518,4028,2024-10-26,94.8,mL,Three Times Daily,Subcutaneous
906791,706267,4015,2021-04-12,35.2,mcg,Three Times Daily,IM
906792,702228,4021,2021-02-13,87.0,units,As Needed,Oral
906793,703712,4006,2022-12-02,95.9,mL,Once Daily,IM
906794,705347,4008,2024-01-03,49.1,mL,Three Times Daily,Topical
906795,700127,4033,2024-03-16,24.1,mL,Once Daily,Subcutaneous
906796,704665,4021,2021-08-25,15.8,mcg,Three Times Daily,IM
906797,700775,4021,2023-03-20,50.4,mL,As Needed,IV
906798,705440,4010,2021-07-20,90.2,mcg,Once Daily,Topical
906799,701160,4040,2025-02-08,65.8,mcg,Twice Daily,Oral
906800,705463,4004,2022-12-14,77.3,mL,As Needed,Topical
906801,705063,4009,2021-02-03,44.5,mL,As Needed,Oral
906802,702652,4030,2023-09-26,32.0,mL,As Needed,Oral
906803,706045,4028,2022-02-09,97.6,mg,Three Times Daily,IV
906804,704467,4030,2022-06-13,21.2,mL,As Needed,Oral
906805,701250,4023,2023-12-07,93.6,mL,As Needed,IV
906806,702378,4024,2022-06-17,88.7,mL,Twice Daily,Subcutaneous
906807,702444,4010,2022-08-12,12.3,mcg,Twice Daily,IV
906808,706268,4038,2022-02-12,29.6,units,Three Times Daily,IM
906809,701618,4019,2025-10-23,83.7,mg,As Needed,IM
906810,702481,4042,2023-09-04,31.0,mL,As Needed,IM
906811,703374,4033,2022-03-08,56.0,units,Once Daily,IM
906812,706332,4025,2023-01-20,57.1,mg,Three Times Daily,Topical
906813,704755,4021,2024-09-27,72.9,mg,Twice Daily,Topical
906814,701844,4020,2023-12-27,94.3,mg,Three Times Daily,Subcutaneous
906815,705807,4016,2023-11-10,2.3,mL,Twice Daily,Subcutaneous
906816,701403,4002,2021-05-07,93.4,units,Three Times Daily,Topical
906817,705402,4036,2022-12-21,83.4,mcg,As Needed,IM
906818,703556,4037,2024-07-07,12.4,units,As Needed,IM
906819,703833,4011,2022-02-23,67.8,mcg,As Needed,Oral
906820,701403,4007,2022-07-20,67.4,mcg,As Needed,Topical
906821,702553,4020,2021-10-01,28.1,mL,Twice Daily,Oral
906822,700919,4041,2025-01-09,77.3,mg,As Needed,Oral
906823,703579,4007,2022-06-26,87.3,mcg,Twice Daily,Oral
906824,700080,4011,2023-08-26,25.1,units,Twice Daily,IM
906825,703191,4041,2023-07-20,83.2,mg,Twice Daily,IV
906826,701285,4027,2022-02-06,76.1,mL,Twice Daily,Oral
906827,704462,4033,2025-03-16,8.1,mcg,Three Times Daily,IM
906828,705609,4008,2021-06-26,68.7,units,Three Times Daily,Oral
906829,704086,4008,2022-05-11,16.3,mcg,Twice Daily,Subcutaneous
906830,700209,4001,2025-02-02,20.5,mcg,As Needed,IV
906831,700390,4032,2023-04-12,11.8,mL,Three Times Daily,Topical
906832,702871,4031,2023-01-23,73.0,mL,As Needed,IV
906833,702336,4003,2025-05-22,93.9,units,Three Times Daily,Subcutaneous
906834,703777,4021,2022-02-09,29.3,mg,As Needed,Oral
906835,700249,4005,2025-08-07,50.7,mL,Twice Daily,IV
906836,702674,4044,2021-08-21,49.9,units,Three Times Daily,Subcutaneous
906837,703583,4038,2025-01-26,1.2,mL,Three Times Daily,Subcutaneous
906838,701084,4014,2021-11-19,31.4,units,As Needed,Subcutaneous
906839,705575,4024,2023-10-27,22.0,mcg,As Needed,IM
906840,703975,4032,2022-06-02,1.2,mcg,Twice Daily,Oral
906841,704816,4016,2023-02-18,14.2,mL,Once Daily,Subcutaneous
906842,705745,4013,2024-08-03,56.5,units,Once Daily,Oral
906843,701542,4024,2024-12-22,69.5,units,Once Daily,Topical
906844,705989,4009,2021-09-04,99.9,units,Twice Daily,Subcutaneous
906845,700675,4016,2021-03-08,70.9,mg,Three Times Daily,IV
906846,705474,4043,2022-06-23,9.5,mcg,Three Times Daily,Topical
906847,701200,4044,2021-10-29,44.7,mL,Once Daily,Oral
906848,700886,4045,2024-01-21,66.7,mL,Once Daily,Subcutaneous
906849,700316,4040,2025-09-16,49.7,mL,Twice Daily,IV
906850,701258,4025,2024-06-30,31.6,mL,As Needed,Topical
906851,703430,4015,2023-06-13,6.0,mL,As Needed,IV
906852,705714,4030,2021-04-16,40.8,units,Twice Daily,Subcutaneous
906853,706336,4042,2025-07-06,34.3,units,Once Daily,IV
906854,702662,4013,2021-12-05,86.1,mg,Three Times Daily,IM
906855,700991,4044,2022-06-20,17.5,units,Once Daily,IM
906856,703558,4021,2022-09-03,96.6,mg,Three Times Daily,Oral
906857,701445,4038,2024-02-22,83.7,units,Twice Daily,Oral
906858,701412,4015,2023-04-15,26.3,mcg,As Needed,IV
906859,705133,4001,2022-09-21,4.0,mg,Three Times Daily,Oral
906860,701780,4016,2021-08-02,47.2,mcg,Once Daily,Oral
906861,704810,4029,2022-01-08,64.8,units,Three Times Daily,Topical
906862,704855,4023,2021-12-27,31.0,mcg,As Needed,Oral
906863,704264,4019,2025-11-29,1.8,mcg,Twice Daily,IM
906864,700378,4035,2025-10-31,95.5,units,Twice Daily,Subcutaneous
906865,704002,4027,2025-04-28,34.4,mL,Once Daily,IM
906866,702277,4034,2022-04-17,93.3,units,As Needed,IM
906867,701724,4043,2022-05-04,32.5,mcg,Once Daily,Topical
906868,703768,4007,2023-12-03,64.2,mcg,Once Daily,Oral
906869,700738,4012,2024-12-06,59.2,mL,As Needed,Oral
906870,701485,4040,2025-05-13,81.4,mL,Twice Daily,Oral
906871,702608,4010,2023-05-04,91.1,mL,As Needed,IM
906872,706473,4022,2023-01-17,46.3,units,Twice Daily,Oral
906873,705503,4033,2021-08-21,42.8,units,Once Daily,IM
906874,702274,4012,2024-08-13,80.3,units,Once Daily,IM
906875,702221,4028,2021-02-22,13.8,mcg,Twice Daily,Topical
906876,703636,4021,2025-09-15,26.4,units,Twice Daily,IM
906877,701876,4040,2024-01-08,12.3,mg,Three Times Daily,Oral
906878,706337,4038,2023-11-28,30.3,units,As Needed,Topical
906879,701066,4015,2022-03-11,54.6,mcg,Three Times Daily,Subcutaneous
906880,702480,4032,2023-01-09,68.9,mg,Once Daily,Subcutaneous
906881,705457,4006,2022-04-25,27.7,units,Twice Daily,IM
906882,701380,4033,2023-12-22,70.2,mcg,Three Times Daily,Oral
906883,704602,4019,2025-05-29,42.0,mg,As Needed,Topical
906884,701395,4034,2024-10-17,74.5,mL,Twice Daily,Oral
906885,701080,4030,2024-11-03,53.9,units,Once Daily,Subcutaneous
906886,705131,4027,2023-09-04,86.8,mcg,Once Daily,IM
906887,701982,4026,2024-03-14,84.9,mg,Twice Daily,Topical
906888,701154,4023,2025-02-06,42.9,mg,As Needed,Oral
906889,701278,4028,2022-04-27,80.7,mcg,Twice Daily,Subcutaneous
906890,704763,4004,2023-01-14,58.0,mcg,Three Times Daily,IM
906891,704726,4011,2023-11-26,24.4,mcg,Twice Daily,Oral
906892,706392,4021,2023-05-31,12.1,mL,As Needed,Oral
906893,706214,4009,2024-09-25,5.2,mg,As Needed,IM
906894,702177,4012,2024-07-19,25.2,mcg,Twice Daily,Subcutaneous
906895,705074,4038,2025-08-11,8.8,mcg,As Needed,IV
906896,704412,4001,2023-09-21,19.2,mg,Three Times Daily,IV
906897,701459,4012,2025-07-21,42.5,mg,Three Times Daily,Oral
906898,700787,4023,2024-01-25,16.2,mg,Twice Daily,Topical
906899,701665,4041,2021-04-07,73.0,units,Three Times Daily,IM
906900,703768,4006,2021-07-27,1.8,units,Once Daily,Oral
906901,700302,4032,2023-01-16,92.7,mcg,Three Times Daily,Topical
906902,704704,4039,2021-05-14,38.8,units,Twice Daily,IM
906903,704983,4028,2022-01-30,11.1,mL,As Needed,Subcutaneous
906904,701921,4010,2024-06-22,1.4,mcg,As Needed,Oral
906905,705694,4016,2024-05-27,91.8,mg,Twice Daily,Subcutaneous
906906,702431,4020,2025-07-25,46.2,units,Three Times Daily,Subcutaneous
906907,701915,4022,2025-08-29,87.2,mL,Three Times Daily,IM
906908,704174,4042,2022-10-06,54.6,units,Twice Daily,Topical
906909,705116,4024,2025-06-28,12.3,mcg,Three Times Daily,Subcutaneous
906910,704105,4030,2024-05-19,65.3,mg,Three Times Daily,IM
906911,703627,4014,2024-08-15,73.8,mg,Twice Daily,IV
906912,703593,4026,2021-01-08,52.8,mcg,Twice Daily,Topical
906913,702571,4008,2025-09-15,28.3,mcg,Twice Daily,Topical
906914,704363,4026,2021-09-26,83.5,mg,As Needed,Subcutaneous
906915,700794,4022,2021-03-15,9.9,mcg,Twice Daily,IM
906916,703721,4040,2023-10-17,53.9,mL,Three Times Daily,Oral
906917,705603,4012,2021-12-29,83.6,mL,Twice Daily,Topical
906918,701161,4009,2021-07-17,40.0,mg,Twice Daily,IV
906919,705768,4030,2025-11-22,40.3,units,Once Daily,IV
906920,701462,4037,2024-01-26,29.2,units,As Needed,IV
906921,705061,4018,2022-02-16,36.6,mg,Twice Daily,Subcutaneous
906922,704879,4040,2025-08-19,34.3,mL,Three Times Daily,IM
906923,701381,4035,2025-05-23,36.7,mL,Three Times Daily,Topical
906924,705538,4020,2025-05-09,8.1,units,Twice Daily,IV
906925,701869,4012,2024-05-23,32.3,mL,Once Daily,Subcutaneous
906926,705582,4041,2024-07-07,94.3,mcg,Once Daily,Oral
906927,704609,4044,2022-03-24,38.2,mcg,As Needed,Subcutaneous
906928,703858,4037,2021-04-24,93.4,mcg,As Needed,Topical
906929,706083,4044,2022-08-02,4.1,mL,Once Daily,Subcutaneous
906930,704110,4039,2024-05-20,63.7,mg,Once Daily,IV
906931,706393,4030,2025-07-29,39.6,mcg,As Needed,IV
906932,700667,4003,2023-07-06,35.0,mg,Three Times Daily,Oral
906933,703463,4008,2022-10-13,57.5,mL,Twice Daily,IM
906934,706196,4042,2025-06-22,11.7,mg,Twice Daily,Oral
906935,705247,4028,2024-07-30,73.1,units,As Needed,Oral
906936,703344,4039,2025-03-03,82.4,mL,Twice Daily,IM
906937,701194,4001,2021-07-09,4.4,mL,Twice Daily,Oral
906938,700491,4017,2023-05-19,15.9,units,Once Daily,Subcutaneous
906939,703909,4015,2025-04-05,12.1,mg,As Needed,IM
906940,702306,4017,2024-02-09,93.9,mL,As Needed,IM
906941,705443,4012,2021-01-21,69.3,units,Twice Daily,Subcutaneous
906942,703043,4040,2024-06-26,29.1,mcg,Once Daily,IM
906943,703917,4019,2025-01-03,10.2,units,Twice Daily,Oral
906944,703013,4025,2021-08-16,66.9,mcg,Three Times Daily,IV
906945,705760,4045,2024-06-14,9.3,mL,Twice Daily,Subcutaneous
906946,702187,4038,2023-10-12,92.2,mcg,Once Daily,Oral
906947,701362,4003,2023-01-12,26.9,mL,As Needed,Subcutaneous
906948,701093,4024,2021-06-03,27.0,mcg,As Needed,Subcutaneous
906949,700200,4003,2024-02-20,46.2,units,Twice Daily,Topical
906950,703035,4045,2025-03-29,94.4,mcg,Once Daily,IM
906951,701202,4043,2024-06-15,39.3,mL,Twice Daily,Oral
906952,705866,4012,2022-03-01,34.8,mL,Three Times Daily,IM
906953,703331,4008,2021-10-23,58.7,mL,As Needed,Oral
906954,702948,4032,2025-07-19,97.7,units,Once Daily,Subcutaneous
906955,703873,4022,2022-09-23,24.8,mcg,As Needed,Oral
906956,704194,4014,2025-08-18,86.8,mg,Twice Daily,IM
906957,706426,4016,2025-07-13,49.8,mcg,Twice Daily,IM
906958,703200,4023,2024-10-31,78.9,mL,As Needed,Subcutaneous
906959,700396,4014,2023-08-14,37.2,mL,Once Daily,IM
906960,700436,4016,2024-09-21,45.3,mcg,As Needed,Oral
906961,700586,4034,2024-04-20,39.2,units,Once Daily,Topical
906962,702091,4043,2022-09-01,51.5,units,Three Times Daily,IV
906963,705659,4018,2025-03-23,16.5,mcg,Once Daily,Subcutaneous
906964,703941,4035,2025-07-16,82.9,mcg,Twice Daily,Topical
906965,705249,4025,2021-04-16,39.2,mL,As Needed,Subcutaneous
906966,705908,4014,2024-02-27,33.4,mL,Twice Daily,Topical
906967,706162,4036,2022-11-07,83.9,mcg,Twice Daily,IV
906968,700239,4040,2024-01-20,22.0,mcg,Twice Daily,Subcutaneous
906969,705254,4003,2023-11-16,72.9,mL,As Needed,IM
906970,700952,4002,2025-01-10,34.4,mg,Three Times Daily,Topical
906971,703398,4038,2021-12-15,57.3,units,Three Times Daily,Topical
906972,703933,4042,2023-03-14,51.9,mcg,Three Times Daily,Oral
906973,702309,4022,2021-09-07,58.2,mL,Twice Daily,IM
906974,702537,4025,2025-06-20,58.5,mcg,Three Times Daily,Subcutaneous
906975,703948,4026,2025-05-20,68.9,mg,Three Times Daily,IM
906976,704207,4008,2021-11-17,47.1,units,Three Times Daily,Topical
906977,700755,4027,2022-03-31,49.5,mg,Three Times Daily,Topical
906978,704291,4025,2022-11-18,76.0,mL,Three Times Daily,Topical
906979,705460,4038,2023-08-07,21.3,mL,As Needed,IV
906980,700837,4029,2024-12-26,78.0,mL,Three Times Daily,IM
906981,705749,4041,2025-06-05,1.3,mcg,Three Times Daily,IM
906982,705237,4019,2022-09-23,57.9,units,Three Times Daily,Oral
906983,702490,4006,2024-05-20,43.8,mcg,Once Daily,IM
906984,701544,4044,2024-01-10,63.4,mL,Once Daily,Subcutaneous
906985,702810,4001,2022-09-26,49.1,mg,Once Daily,IV
906986,700705,4033,2024-02-02,79.1,mg,As Needed,Oral
906987,705094,4044,2022-10-09,20.2,mL,Once Daily,Oral
906988,703491,4030,2025-05-20,27.4,mL,As Needed,IM
906989,706276,4016,2023-08-13,58.0,mg,As Needed,Oral
906990,701545,4018,2022-12-04,24.0,mg,Three Times Daily,Subcutaneous
906991,703016,4015,2024-05-24,94.5,units,Once Daily,Topical
906992,702276,4037,2022-06-04,86.1,mcg,Twice Daily,IV
906993,703631,4029,2024-07-08,76.1,mg,As Needed,Topical
906994,700600,4016,2021-03-04,75.3,mcg,As Needed,IV
906995,705202,4016,2023-08-12,64.8,mg,As Needed,IM
906996,700244,4021,2021-08-16,73.6,units,As Needed,IV
906997,703157,4024,2022-06-05,3.8,units,Twice Daily,Subcutaneous
906998,702590,4035,2025-02-24,58.3,units,As Needed,Topical
906999,705598,4044,2025-05-02,26.6,mcg,Once Daily,Subcutaneous
907000,705681,4043,2023-07-07,10.2,units,Twice Daily,Topical
907001,703429,4015,2021-04-24,97.2,mcg,Once Daily,IM
907002,705139,4036,2022-07-28,94.6,units,As Needed,Oral
907003,700904,4015,2022-05-19,90.6,mL,Once Daily,Oral
907004,702981,4015,2021-07-29,64.9,mcg,Three Times Daily,IM
907005,704331,4038,2022-06-09,0.8,mcg,Twice Daily,Subcutaneous
907006,701919,4021,2022-04-02,30.1,units,Twice Daily,Topical
907007,706327,4001,2023-11-13,2.3,mcg,Once Daily,Oral
907008,701801,4025,2022-04-26,33.3,mcg,Once Daily,Topical
907009,704889,4041,2022-06-07,30.0,mg,Three Times Daily,IM
907010,703113,4025,2023-10-05,57.4,units,Three Times Daily,Oral
907011,700516,4018,2022-03-19,14.7,mL,Once Daily,Topical
907012,705737,4004,2025-11-21,32.7,units,Once Daily,Oral
907013,702199,4045,2024-04-17,89.9,units,Three Times Daily,Subcutaneous
907014,700153,4023,2021-10-22,23.5,units,Twice Daily,Topical
907015,700718,4025,2023-02-20,49.6,mg,Three Times Daily,Oral
907016,701935,4030,2025-12-15,12.3,mL,Once Daily,Topical
907017,703111,4031,2021-05-14,75.4,mg,As Needed,Oral
907018,700533,4022,2025-09-11,8.5,units,Twice Daily,Subcutaneous
907019,703422,4014,2025-06-18,17.2,mL,Three Times Daily,Topical
907020,701114,4028,2025-06-20,98.6,mcg,Twice Daily,Topical
907021,701648,4038,2024-07-18,30.0,mL,Once Daily,Topical
907022,703888,4034,2022-04-06,1.5,mL,Twice Daily,IM
907023,702148,4017,2025-06-12,24.2,mcg,Three Times Daily,Oral
907024,705212,4012,2021-06-14,43.4,mcg,Once Daily,IV
907025,702008,4044,2023-11-03,47.3,mcg,Three Times Daily,Subcutaneous
907026,706001,4036,2023-10-15,41.0,mg,Three Times Daily,Topical
907027,702956,4037,2024-05-02,14.0,mg,Twice Daily,IM
907028,703055,4033,2024-06-06,19.1,units,As Needed,Topical
907029,700355,4003,2023-02-24,66.9,mcg,Three Times Daily,Oral
907030,706131,4030,2022-10-30,97.3,units,Three Times Daily,IM
907031,704811,4044,2023-06-17,75.0,mL,Three Times Daily,IM
907032,703333,4025,2021-10-20,77.2,mL,Once Daily,Oral
907033,703650,4009,2023-10-20,44.0,units,Twice Daily,IV
907034,703503,4002,2023-04-13,36.2,units,Twice Daily,Oral
907035,703434,4014,2023-10-04,80.2,units,Twice Daily,Oral
907036,702606,4042,2021-11-13,69.5,units,Once Daily,IV
907037,700930,4024,2021-02-04,45.1,mcg,Once Daily,Subcutaneous
907038,702773,4041,2024-04-28,75.9,mg,Twice Daily,Subcutaneous
907039,701357,4029,2025-08-22,7.6,mcg,Twice Daily,Topical
907040,705715,4023,2025-02-15,7.0,mg,Once Daily,Oral
907041,705217,4013,2021-12-21,71.1,mcg,Twice Daily,IV
907042,701158,4026,2024-03-13,98.1,mcg,Twice Daily,Topical
907043,703693,4022,2022-01-06,16.4,mg,Once Daily,Oral
907044,705887,4040,2025-05-19,95.0,units,Once Daily,Oral
907045,705481,4023,2023-03-25,97.1,mL,Twice Daily,Topical
907046,705508,4031,2023-10-05,10.1,mcg,Once Daily,IM
907047,702946,4030,2024-06-28,45.7,mg,Three Times Daily,IM
907048,703625,4026,2024-01-25,43.8,mg,Once Daily,Subcutaneous
907049,700877,4038,2021-12-10,21.8,mL,As Needed,IM
907050,700282,4005,2022-09-20,44.4,mcg,Three Times Daily,Oral
907051,705045,4006,2021-07-27,83.7,units,Once Daily,IV
907052,700029,4001,2021-08-27,91.7,units,Three Times Daily,IV
907053,704505,4020,2021-02-18,33.5,mcg,Once Daily,Subcutaneous
907054,705830,4027,2022-02-10,22.5,mg,Once Daily,IM
907055,700547,4033,2024-09-03,52.4,mg,Twice Daily,IM
907056,704108,4021,2021-12-05,29.9,mcg,Once Daily,IM
907057,702523,4011,2021-07-25,53.8,mL,As Needed,Topical
907058,701620,4001,2021-04-10,62.6,mL,Three Times Daily,Topical
907059,706399,4043,2024-11-26,79.7,mL,As Needed,Subcutaneous
907060,702996,4014,2021-05-29,65.4,mg,Once Daily,IM
907061,706463,4019,2024-12-22,53.6,mcg,Twice Daily,Topical
907062,701127,4003,2023-08-22,67.6,mcg,As Needed,IM
907063,706251,4015,2025-04-08,22.8,mL,Once Daily,IM
907064,703352,4029,2021-05-24,93.4,mg,Twice Daily,IV
907065,700125,4001,2021-08-02,65.0,mL,As Needed,Topical
907066,704982,4018,2025-09-08,84.7,mcg,Twice Daily,Topical
907067,705210,4030,2025-05-12,22.1,mL,As Needed,Topical
907068,700012,4010,2021-03-15,68.4,mg,Twice Daily,Oral
907069,705366,4027,2023-05-07,2.9,mL,Twice Daily,IM
907070,705490,4003,2023-06-20,15.1,mcg,Three Times Daily,IV
907071,705601,4016,2025-06-16,14.0,mcg,Three Times Daily,IM
907072,703018,4010,2022-06-11,88.7,units,Once Daily,IV
907073,704832,4008,2024-06-09,46.7,mcg,As Needed,IV
907074,705224,4043,2024-01-02,68.1,mcg,Twice Daily,Topical
907075,700024,4028,2025-09-24,97.5,mg,Once Daily,Oral
907076,706489,4039,2024-05-25,87.5,mcg,Three Times Daily,Oral
907077,700252,4029,2025-04-16,61.2,units,Twice Daily,Topical
907078,704976,4041,2023-04-30,26.1,mg,Three Times Daily,IM
907079,705717,4013,2022-10-04,16.1,units,As Needed,Oral
907080,702837,4026,2025-06-04,68.4,mg,Twice Daily,Oral
907081,705870,4004,2024-05-24,34.3,mL,Twice Daily,Topical
907082,705501,4034,2022-04-04,42.8,mL,Once Daily,Oral
907083,700342,4018,2021-09-09,67.8,units,Once Daily,Oral
907084,704137,4022,2025-05-01,80.4,mcg,Three Times Daily,Topical
907085,701666,4011,2022-12-03,55.9,units,Three Times Daily,IV
907086,703692,4009,2021-10-29,85.8,mcg,Once Daily,IM
907087,704380,4034,2023-04-10,84.3,mg,Twice Daily,Subcutaneous
907088,703636,4041,2025-02-11,55.5,mL,Once Daily,Oral
907089,701434,4018,2025-07-29,8.8,mL,Once Daily,Topical
907090,704423,4022,2025-09-12,68.9,mg,Three Times Daily,Subcutaneous
907091,706469,4041,2025-11-16,38.0,mcg,Three Times Daily,IM
907092,700858,4010,2023-04-16,78.1,mg,Three Times Daily,Oral
907093,703625,4028,2021-10-20,7.8,mL,Three Times Daily,Topical
907094,706363,4023,2023-09-09,45.8,mcg,Three Times Daily,IV
907095,704497,4003,2025-01-11,42.0,mcg,Twice Daily,Topical
907096,705783,4007,2025-12-01,19.2,mcg,Twice Daily,Topical
907097,701302,4008,2021-12-16,55.4,units,Once Daily,Topical
907098,703721,4032,2022-05-07,53.2,mg,As Needed,Topical
907099,704554,4044,2021-06-26,48.1,mL,Three Times Daily,Oral
907100,703640,4001,2025-07-08,33.4,mcg,Once Daily,Topical
907101,703257,4025,2022-01-19,91.8,units,Three Times Daily,Topical
907102,700274,4026,2024-09-05,78.8,mL,Three Times Daily,IV
907103,705878,4035,2023-03-02,84.6,mcg,Twice Daily,IM
907104,704406,4013,2024-04-09,28.6,mcg,Three Times Daily,Subcutaneous
907105,704043,4028,2023-07-15,95.9,mL,As Needed,Oral
907106,702565,4011,2025-02-08,32.9,mg,Three Times Daily,Oral
907107,705103,4012,2022-04-15,10.8,mg,Twice Daily,Subcutaneous
907108,700169,4043,2025-10-27,82.1,mL,As Needed,IM
907109,703260,4028,2024-04-30,4.2,mL,As Needed,Subcutaneous
907110,702314,4025,2024-06-15,97.2,mL,Twice Daily,IM
907111,700142,4029,2024-05-01,11.9,units,Three Times Daily,Topical
907112,701873,4001,2023-01-15,14.4,mg,Once Daily,Oral
907113,703123,4040,2024-05-07,3.0,mcg,Three Times Daily,Topical
907114,706358,4023,2024-03-02,11.5,mcg,Three Times Daily,IV
907115,702901,4025,2025-01-08,23.6,mg,Three Times Daily,IM
907116,702351,4017,2025-03-12,79.6,mL,As Needed,Oral
907117,706485,4007,2022-02-12,1.6,mcg,Three Times Daily,Subcutaneous
907118,705524,4042,2022-08-11,85.5,mL,As Needed,Subcutaneous
907119,705140,4030,2024-01-07,30.6,units,As Needed,Oral
907120,702029,4006,2024-08-14,89.0,mL,Twice Daily,Subcutaneous
907121,706186,4031,2024-09-07,42.0,mg,Twice Daily,Subcutaneous
907122,702265,4008,2025-04-14,70.7,mL,Twice Daily,IV
907123,704221,4029,2025-01-18,15.0,mg,As Needed,IM
907124,706118,4044,2025-06-21,54.6,mL,Three Times Daily,Topical
907125,704559,4025,2022-06-10,33.2,units,Three Times Daily,Topical
907126,705807,4009,2024-08-25,26.5,mL,Twice Daily,IV
907127,701741,4031,2022-09-28,67.9,mg,Three Times Daily,Oral
907128,701249,4038,2021-01-23,90.5,units,Once Daily,Topical
907129,702740,4029,2023-01-11,63.6,mg,Once Daily,IM
907130,703018,4016,2025-08-06,88.5,units,Three Times Daily,Subcutaneous
907131,701730,4037,2021-06-23,37.9,mg,Once Daily,IV
907132,704106,4008,2024-12-08,66.6,units,Twice Daily,Subcutaneous
907133,700090,4005,2023-04-02,10.3,mcg,As Needed,IM
907134,702471,4036,2023-10-14,95.1,mg,Once Daily,Oral
907135,704008,4018,2021-11-22,71.2,mcg,Once Daily,Topical
907136,703340,4003,2021-09-13,53.3,mcg,Twice Daily,IM
907137,701904,4034,2022-12-12,86.8,units,Twice Daily,Oral
907138,701997,4005,2025-11-19,71.4,units,Twice Daily,IM
907139,704568,4008,2022-04-24,44.8,mg,As Needed,IM
907140,700185,4037,2025-12-11,57.1,mcg,Once Daily,IM
907141,704457,4012,2021-10-24,56.2,units,Twice Daily,IV
907142,700020,4018,2021-06-09,66.3,mcg,Twice Daily,IV
907143,702955,4027,2024-09-02,76.4,units,Once Daily,IM
907144,703364,4007,2025-03-21,38.8,mL,As Needed,Subcutaneous
907145,705270,4043,2024-06-19,76.7,mcg,Twice Daily,Subcutaneous
907146,704541,4019,2024-05-09,28.4,mcg,As Needed,Topical
907147,703656,4040,2021-06-01,38.3,mL,Once Daily,Oral
907148,700660,4018,2025-04-17,37.6,mcg,Twice Daily,Oral
907149,701536,4036,2022-10-31,8.6,mL,As Needed,Subcutaneous
907150,703367,4008,2022-07-01,19.7,mcg,Three Times Daily,Subcutaneous
907151,701685,4029,2024-07-01,98.2,mcg,Three Times Daily,Topical
907152,704664,4018,2023-09-29,50.7,mg,Once Daily,IV
907153,706380,4005,2023-06-23,22.5,mcg,As Needed,IM
907154,705543,4005,2021-03-20,38.7,units,Three Times Daily,Topical
907155,703562,4041,2025-07-23,44.9,mcg,Three Times Daily,Subcutaneous
907156,701694,4025,2021-02-02,47.4,mL,As Needed,Topical
907157,704696,4001,2024-06-08,44.1,mg,Once Daily,Subcutaneous
907158,703416,4045,2024-02-06,79.0,mcg,Once Daily,Subcutaneous
907159,704967,4011,2022-05-07,36.2,mg,Three Times Daily,Topical
907160,705483,4014,2024-09-27,59.5,mg,As Needed,Oral
907161,703325,4041,2025-07-16,45.6,mL,As Needed,Subcutaneous
907162,705582,4009,2025-12-16,46.6,mL,As Needed,IV
907163,703031,4005,2021-05-26,94.2,mL,Once Daily,IV
907164,701437,4024,2024-06-01,32.9,mL,Three Times Daily,Oral
907165,702255,4006,2022-04-05,13.6,mL,Twice Daily,IM
907166,705076,4017,2025-11-28,38.3,mcg,As Needed,Topical
907167,700381,4011,2024-08-31,13.6,mg,Twice Daily,Subcutaneous
907168,702740,4030,2021-03-04,82.1,units,Once Daily,IM
907169,706359,4012,2022-03-03,23.8,mcg,Twice Daily,Topical
907170,700915,4015,2022-06-12,56.5,mL,As Needed,Subcutaneous
907171,702081,4014,2025-09-25,20.0,units,Once Daily,Topical
907172,705529,4008,2025-07-23,6.1,mg,As Needed,IM
907173,701919,4013,2025-07-22,32.6,mcg,Once Daily,Subcutaneous
907174,706289,4028,2022-12-27,99.2,mg,Once Daily,Topical
907175,702208,4043,2021-11-20,97.5,mL,Once Daily,IV
907176,704182,4020,2025-03-23,47.6,mL,As Needed,Topical
907177,701058,4026,2023-08-06,38.4,mg,As Needed,Oral
907178,704454,4041,2024-02-19,97.5,mL,As Needed,Subcutaneous
907179,701484,4040,2023-10-13,43.6,mcg,As Needed,Topical
907180,702433,4040,2022-05-25,2.2,mg,As Needed,Topical
907181,705309,4023,2021-07-17,95.7,mcg,Twice Daily,Oral
907182,705842,4015,2023-08-19,84.5,mL,Three Times Daily,Topical
907183,703450,4028,2022-06-02,69.0,mcg,As Needed,Subcutaneous
907184,703774,4001,2023-08-25,86.6,units,As Needed,Topical
907185,702085,4018,2023-06-09,15.1,units,As Needed,IM
907186,706465,4009,2022-06-24,23.3,mL,As Needed,IV
907187,701154,4002,2023-01-14,8.7,mcg,Three Times Daily,Subcutaneous
907188,706244,4013,2024-09-18,92.5,mL,Three Times Daily,IV
907189,701552,4014,2023-10-11,33.4,units,As Needed,Topical
907190,704791,4009,2025-12-08,93.0,mL,Once Daily,Subcutaneous
907191,706233,4026,2024-08-01,48.5,mL,Twice Daily,Subcutaneous
907192,700043,4032,2025-11-18,72.4,mg,Once Daily,IV
907193,701108,4003,2025-10-30,75.4,mL,Once Daily,Subcutaneous
907194,705998,4018,2022-06-26,30.8,units,Once Daily,IM
907195,704864,4021,2022-02-18,45.8,units,As Needed,Topical
907196,701713,4031,2023-10-01,90.1,mcg,Twice Daily,IM
907197,704754,4024,2022-09-30,78.5,mg,As Needed,Subcutaneous
907198,706305,4034,2025-04-02,56.8,mg,Once Daily,Topical
907199,705594,4042,2024-10-24,41.3,units,Twice Daily,Subcutaneous
907200,703324,4005,2021-06-06,97.7,units,As Needed,IM
907201,705519,4032,2023-11-02,4.6,units,Twice Daily,IM
907202,701511,4021,2025-03-04,76.9,mcg,Twice Daily,Subcutaneous
907203,706122,4027,2021-12-30,58.7,units,As Needed,Topical
907204,706363,4033,2021-03-24,92.5,mg,Once Daily,Subcutaneous
907205,701857,4003,2022-09-11,74.4,mcg,As Needed,Oral
907206,704841,4019,2021-11-26,15.0,units,Once Daily,IV
907207,703799,4001,2025-10-09,78.9,mg,Twice Daily,Subcutaneous
907208,701210,4045,2022-11-25,32.9,mg,Twice Daily,Subcutaneous
907209,700410,4004,2025-01-15,34.4,units,Once Daily,Oral
907210,701316,4027,2023-07-03,49.1,mcg,Once Daily,Oral
907211,705108,4042,2025-05-02,63.7,mcg,Once Daily,Topical
907212,703202,4023,2023-01-13,1.7,units,Once Daily,IV
907213,703688,4004,2021-04-26,95.6,mg,Three Times Daily,IM
907214,702285,4020,2021-11-06,63.4,mcg,Once Daily,Oral
907215,704182,4012,2025-06-18,41.5,units,Once Daily,IV
907216,700114,4031,2025-05-13,65.7,units,Twice Daily,Subcutaneous
907217,704271,4009,2023-04-13,68.3,mg,Twice Daily,IM
907218,701432,4013,2024-02-28,2.4,mg,Once Daily,IV
907219,702139,4034,2024-09-20,10.8,mL,Three Times Daily,IM
907220,705945,4033,2024-11-02,56.1,mL,Once Daily,IV
907221,704936,4040,2024-12-01,41.0,mcg,Twice Daily,Topical
907222,700333,4030,2021-11-30,47.4,units,Twice Daily,Subcutaneous
907223,702240,4022,2021-09-13,21.6,units,Once Daily,Subcutaneous
907224,705989,4007,2025-01-07,93.7,mcg,As Needed,Subcutaneous
907225,706349,4036,2024-08-13,35.4,mg,As Needed,Subcutaneous
907226,703401,4017,2023-11-15,6.4,mcg,Three Times Daily,Topical
907227,701501,4009,2025-12-26,64.1,mg,Once Daily,Topical
907228,706141,4043,2023-09-15,58.4,mg,Twice Daily,Subcutaneous
907229,705161,4004,2021-11-29,58.4,mL,Three Times Daily,Topical
907230,705999,4038,2022-07-07,7.7,mg,Twice Daily,Oral
907231,700614,4028,2024-05-31,77.2,mg,Twice Daily,IV
907232,705051,4032,2024-12-15,33.7,mcg,As Needed,Oral
907233,701912,4018,2024-06-19,95.3,mcg,Once Daily,IM
907234,701060,4005,2023-05-20,62.4,units,As Needed,IV
907235,700225,4002,2024-10-30,67.7,units,Once Daily,Oral
907236,702240,4011,2023-10-07,58.6,mcg,As Needed,IV
907237,704905,4030,2022-01-05,45.5,mg,As Needed,IV
907238,702750,4044,2025-08-28,34.3,units,Once Daily,Topical
907239,703733,4027,2023-01-13,16.3,mg,As Needed,Subcutaneous
907240,700515,4015,2024-01-28,62.0,mL,As Needed,IV
907241,706340,4024,2021-06-09,99.6,mg,Once Daily,IM
907242,701513,4019,2025-09-12,41.4,mcg,As Needed,IV
907243,706346,4040,2024-06-20,25.0,mg,As Needed,Subcutaneous
907244,703986,4001,2023-02-15,79.9,units,Once Daily,IV
907245,703907,4028,2022-09-25,93.5,mL,As Needed,Subcutaneous
907246,702009,4008,2024-11-22,98.6,units,Once Daily,Topical
907247,706213,4022,2025-06-07,85.6,mg,Once Daily,Topical
907248,705107,4025,2023-09-12,51.2,units,Twice Daily,Subcutaneous
907249,705106,4018,2025-03-07,85.4,mL,Three Times Daily,IM
907250,704986,4009,2025-02-26,7.8,mcg,Once Daily,Subcutaneous
907251,703409,4008,2022-02-23,80.9,units,As Needed,Subcutaneous
907252,702620,4043,2021-08-06,9.9,units,Twice Daily,IV
907253,703029,4022,2021-03-23,61.0,mg,Three Times Daily,IM
907254,705068,4002,2021-08-29,33.8,mL,As Needed,Oral
907255,705110,4037,2022-06-11,56.3,mg,Three Times Daily,Topical
907256,703167,4035,2023-07-07,30.9,units,Three Times Daily,Subcutaneous
907257,700843,4006,2023-05-20,6.2,mcg,Twice Daily,IV
907258,700316,4011,2023-12-02,79.4,mL,Once Daily,Topical
907259,701490,4023,2024-12-10,12.6,mL,Three Times Daily,Subcutaneous
907260,700256,4043,2022-05-06,61.9,mg,Once Daily,Oral
907261,704490,4015,2023-08-29,30.6,units,As Needed,IM
907262,701122,4019,2021-02-01,63.2,mcg,Twice Daily,Topical
907263,701535,4042,2024-12-25,42.9,mL,As Needed,Subcutaneous
907264,701510,4024,2021-08-19,87.6,mg,Twice Daily,Subcutaneous
907265,706442,4010,2025-02-03,72.9,mL,Twice Daily,IM
907266,701418,4040,2021-10-15,25.2,mL,Twice Daily,Subcutaneous
907267,702822,4033,2025-07-10,96.5,mL,Three Times Daily,Subcutaneous
907268,700081,4018,2023-10-21,25.9,units,Three Times Daily,IV
907269,701863,4045,2023-03-31,16.2,mL,Twice Daily,Topical
907270,703021,4018,2022-02-01,97.5,mcg,Twice Daily,IM
907271,706339,4045,2023-09-27,8.7,mL,Three Times Daily,Topical
907272,704014,4019,2024-07-12,36.1,units,Twice Daily,IV
907273,700584,4024,2022-07-20,63.4,mcg,Three Times Daily,Topical
907274,706006,4025,2021-03-19,95.4,mg,As Needed,IV
907275,702424,4040,2021-05-20,29.3,mL,Three Times Daily,Oral
907276,701116,4009,2021-07-27,65.9,mg,Once Daily,Subcutaneous
907277,704209,4035,2024-11-20,2.9,mg,Once Daily,Topical
907278,701720,4028,2024-03-13,71.6,units,Three Times Daily,Subcutaneous
907279,702499,4028,2023-01-07,91.6,units,Twice Daily,Oral
907280,702520,4013,2024-03-08,16.6,units,Once Daily,Topical
907281,700009,4041,2022-08-12,78.0,mg,As Needed,IM
907282,700975,4032,2022-10-15,50.3,mg,Twice Daily,Topical
907283,704509,4023,2024-03-10,60.1,mL,Three Times Daily,IV
907284,702291,4018,2023-08-16,70.7,mg,Once Daily,Subcutaneous
907285,702964,4012,2024-09-10,70.6,mg,Once Daily,Topical
907286,703252,4026,2023-02-23,47.8,mg,As Needed,Subcutaneous
907287,705435,4021,2023-09-08,46.2,mcg,Twice Daily,IV
907288,703106,4009,2022-07-01,29.5,units,Three Times Daily,IM
907289,702873,4021,2023-12-24,16.7,mcg,Twice Daily,Topical
907290,704684,4042,2025-06-29,85.3,mg,Once Daily,Topical
907291,701065,4023,2024-01-09,82.7,units,Three Times Daily,Topical
907292,703453,4041,2021-08-02,85.9,mg,Once Daily,IM
907293,700234,4006,2025-02-11,97.5,units,As Needed,IV
907294,701271,4029,2021-05-13,36.1,mg,As Needed,Topical
907295,705678,4001,2022-04-01,44.8,mcg,Twice Daily,IM
907296,703579,4009,2024-10-13,91.9,units,Twice Daily,Subcutaneous
907297,700575,4003,2025-12-24,19.5,units,Once Daily,IV
907298,704824,4009,2024-08-25,60.4,mg,As Needed,IM
907299,705043,4024,2023-01-14,68.9,mg,Twice Daily,IV
907300,706194,4044,2021-03-21,75.1,mg,As Needed,IV
907301,705646,4028,2025-04-15,84.1,units,Three Times Daily,Oral
907302,700164,4026,2021-03-04,26.7,mg,Three Times Daily,Oral
907303,703137,4016,2024-10-26,60.1,units,As Needed,Oral
907304,705447,4007,2025-09-25,93.7,mcg,Three Times Daily,Topical
907305,701160,4017,2025-12-10,90.1,mL,As Needed,IM
907306,704893,4037,2023-09-01,59.4,mcg,Three Times Daily,IV
907307,703222,4038,2025-12-29,27.6,mg,Twice Daily,IM
907308,700987,4034,2022-01-13,53.1,mcg,Once Daily,IM
907309,701594,4019,2024-08-02,35.9,mcg,As Needed,IM
907310,702417,4008,2024-07-30,68.4,mcg,As Needed,IV
907311,706106,4023,2023-08-16,58.3,mg,Three Times Daily,Oral
907312,703742,4016,2025-12-02,15.6,mL,Three Times Daily,Subcutaneous
907313,700499,4014,2023-05-11,40.3,mL,Twice Daily,IV
907314,703659,4018,2021-07-02,95.1,units,As Needed,Oral
907315,701717,4025,2024-11-10,79.2,mcg,Once Daily,IM
907316,706246,4016,2023-02-16,41.9,mg,Three Times Daily,IM
907317,704170,4015,2022-09-17,86.5,mL,As Needed,Oral
907318,705498,4044,2023-08-15,48.4,mcg,Twice Daily,Subcutaneous
907319,703547,4025,2023-10-09,49.2,mg,As Needed,Oral
907320,706432,4032,2021-07-19,81.8,mL,Three Times Daily,Oral
907321,704374,4025,2025-04-14,73.3,mL,Twice Daily,Topical
907322,705197,4025,2025-06-10,1.7,mg,Three Times Daily,IV
907323,703831,4036,2021-02-09,39.5,units,Once Daily,IM
907324,702790,4008,2025-01-04,1.2,mL,Once Daily,Oral
907325,703192,4036,2021-11-16,55.2,mcg,As Needed,Topical
907326,703113,4040,2023-04-13,44.6,mL,Three Times Daily,Topical
907327,705902,4016,2024-05-03,25.4,mcg,Once Daily,Subcutaneous
907328,703724,4016,2023-11-08,98.7,mg,Once Daily,Subcutaneous
907329,703127,4006,2022-07-14,13.4,mcg,Once Daily,Topical
907330,704315,4038,2025-01-31,88.9,mcg,Twice Daily,IV
907331,705271,4014,2025-07-15,93.8,mcg,Twice Daily,Topical
907332,700435,4021,2022-07-06,88.5,units,Three Times Daily,Topical
907333,704226,4025,2021-01-28,45.5,mg,Three Times Daily,Topical
907334,704476,4044,2022-11-04,97.3,mL,Twice Daily,Subcutaneous
907335,701639,4028,2021-02-27,1.7,mcg,As Needed,IV
907336,701559,4006,2021-08-31,30.3,units,Once Daily,Oral
907337,701179,4037,2024-12-11,14.6,mg,Three Times Daily,Subcutaneous
907338,705812,4010,2022-12-12,15.9,mg,Once Daily,Oral
907339,700583,4007,2023-05-07,74.5,mcg,Twice Daily,Topical
907340,705607,4011,2022-03-06,27.4,mg,As Needed,IM
907341,700139,4012,2022-08-22,39.7,mL,Once Daily,IM
907342,706343,4009,2024-09-15,60.5,units,Three Times Daily,Oral
907343,703211,4005,2024-12-26,78.5,mg,Once Daily,IM
907344,703885,4026,2023-09-22,29.2,mL,Once Daily,Subcutaneous
907345,704641,4027,2024-05-09,83.1,mL,Twice Daily,Topical
907346,701248,4041,2022-05-02,53.8,mcg,Twice Daily,Topical
907347,700361,4042,2021-08-31,70.9,mcg,As Needed,IV
907348,703188,4040,2021-03-13,69.5,mg,Three Times Daily,Subcutaneous
907349,706164,4014,2021-10-06,89.5,mL,Twice Daily,Topical
907350,702372,4017,2023-02-17,82.2,mg,Twice Daily,Subcutaneous
907351,701061,4008,2023-06-01,87.5,mL,Three Times Daily,IM
907352,703646,4001,2021-08-23,67.5,units,Twice Daily,Topical
907353,703452,4042,2024-06-23,12.6,mL,Twice Daily,IM
907354,704513,4032,2024-05-02,16.0,mL,Three Times Daily,IV
907355,706252,4006,2022-12-10,82.4,mg,Twice Daily,IM
907356,703158,4032,2021-05-12,62.9,mL,Three Times Daily,IM
907357,705412,4005,2022-07-27,3.6,mg,Twice Daily,IV
907358,703701,4021,2022-03-02,16.4,mL,As Needed,Oral
907359,702945,4029,2025-10-25,87.8,units,Once Daily,IV
907360,701450,4027,2023-12-15,56.6,mL,Twice Daily,IV
907361,703769,4014,2025-06-12,11.8,mcg,Once Daily,Oral
907362,701415,4037,2024-01-22,6.0,mg,Three Times Daily,Topical
907363,700072,4041,2024-12-27,99.9,mcg,Twice Daily,Topical
907364,706344,4035,2025-05-07,29.9,mg,Once Daily,IM
907365,704186,4025,2024-02-21,66.2,units,Once Daily,Topical
907366,706104,4024,2025-03-03,33.2,mcg,Once Daily,Topical
907367,700923,4027,2025-05-25,76.3,mcg,As Needed,IM
907368,701768,4007,2022-11-27,90.9,mg,Twice Daily,IV
907369,705625,4026,2022-08-14,47.7,mcg,As Needed,IV
907370,705955,4001,2022-01-03,90.7,mg,Twice Daily,IM
907371,704284,4028,2021-08-15,29.9,units,Once Daily,Subcutaneous
907372,704191,4021,2023-12-19,68.1,units,Twice Daily,Topical
907373,700871,4037,2024-11-03,16.6,mg,As Needed,Topical
907374,700934,4016,2024-03-10,25.8,mg,Twice Daily,Subcutaneous
907375,702066,4006,2023-06-20,82.0,units,Once Daily,IV
907376,700535,4021,2021-04-06,93.7,mcg,Three Times Daily,Subcutaneous
907377,703371,4002,2024-12-06,72.3,mcg,As Needed,IM
907378,705338,4016,2025-05-09,16.1,mcg,As Needed,Subcutaneous
907379,700520,4015,2025-06-10,2.9,mcg,Three Times Daily,IV
907380,703003,4016,2024-08-24,8.8,mg,Twice Daily,IM
907381,705071,4032,2025-04-11,33.1,units,Once Daily,Topical
907382,705788,4037,2022-07-18,33.6,units,Twice Daily,IM
907383,703502,4004,2021-11-19,4.8,units,Three Times Daily,IV
907384,705627,4021,2021-04-04,98.7,units,Three Times Daily,Topical
907385,706285,4027,2021-09-14,55.3,mg,As Needed,Topical
907386,704279,4024,2024-04-14,5.6,mg,Once Daily,IM
907387,706056,4006,2022-06-23,67.7,units,Twice Daily,Oral
907388,703459,4034,2022-12-31,86.7,mL,As Needed,Topical
907389,705655,4038,2023-07-25,26.1,mL,Twice Daily,IM
907390,701356,4043,2021-02-27,80.1,units,Three Times Daily,Oral
907391,704387,4018,2025-08-28,88.7,mcg,Once Daily,Subcutaneous
907392,701667,4021,2022-05-22,14.1,mg,Once Daily,IM
907393,704916,4015,2024-02-18,41.7,mg,Three Times Daily,Subcutaneous
907394,703115,4030,2022-05-15,9.7,units,Once Daily,IV
907395,703681,4041,2024-09-11,2.6,mcg,Three Times Daily,Oral
907396,705936,4006,2021-07-13,76.5,mcg,Twice Daily,IV
907397,705211,4037,2021-02-18,8.6,mg,As Needed,Oral
907398,705885,4015,2025-05-25,55.2,mL,Once Daily,IM
907399,702074,4018,2021-10-15,49.0,mL,Twice Daily,Subcutaneous
907400,705956,4010,2022-10-27,48.8,mL,Three Times Daily,Subcutaneous
907401,706090,4003,2023-06-12,89.4,mcg,Three Times Daily,Oral
907402,701772,4027,2021-08-09,58.7,units,As Needed,IM
907403,700946,4024,2025-11-11,95.7,mg,As Needed,IM
907404,702421,4004,2024-06-16,73.9,mcg,As Needed,Topical
907405,705300,4011,2023-05-15,48.1,mcg,Twice Daily,IV
907406,706494,4030,2023-11-12,13.1,mcg,Twice Daily,Subcutaneous
907407,700811,4001,2024-08-08,59.0,mL,Once Daily,Subcutaneous
907408,700884,4008,2021-03-24,69.3,mcg,As Needed,IV
907409,701308,4011,2023-07-16,95.2,mg,Twice Daily,Oral
907410,702352,4035,2022-02-12,30.4,mL,Once Daily,IV
907411,704788,4015,2024-07-18,99.8,mL,Three Times Daily,Topical
907412,700847,4009,2022-03-07,6.7,mcg,As Needed,IM
907413,705501,4044,2021-04-13,21.8,mcg,Twice Daily,Oral
907414,702469,4040,2024-10-22,97.4,mL,As Needed,Oral
907415,706035,4012,2021-06-11,41.6,units,As Needed,IM
907416,703223,4014,2023-03-03,98.7,mg,Once Daily,Topical
907417,705073,4006,2023-03-18,98.9,units,Three Times Daily,Subcutaneous
907418,700580,4013,2023-08-02,30.2,mg,Once Daily,Oral
907419,700768,4019,2023-11-27,47.6,mcg,Three Times Daily,IV
907420,702165,4007,2024-12-06,21.2,mg,Once Daily,Oral
907421,704435,4016,2024-07-27,82.5,mcg,Three Times Daily,IV
907422,700804,4029,2022-06-30,14.3,mg,Twice Daily,IV
907423,700683,4036,2021-11-19,16.9,mg,Once Daily,Oral
907424,706127,4002,2021-10-20,80.7,mcg,Twice Daily,IM
907425,702645,4033,2023-12-23,78.1,mg,As Needed,IM
907426,706018,4032,2024-03-30,79.3,mL,Three Times Daily,IV
907427,700857,4001,2025-06-15,21.2,mL,Twice Daily,Topical
907428,704846,4002,2025-06-03,71.6,mL,Once Daily,IV
907429,702246,4040,2021-12-17,40.0,mg,Once Daily,Topical
907430,700030,4038,2023-02-27,65.6,mg,Twice Daily,IM
907431,705989,4030,2021-04-20,20.7,mcg,Once Daily,IV
907432,702913,4027,2023-07-27,91.9,mL,Once Daily,IV
907433,701957,4018,2022-05-09,59.5,mg,Three Times Daily,Subcutaneous
907434,700668,4040,2023-07-19,76.0,mg,Once Daily,IV
907435,701374,4004,2025-07-30,44.0,mcg,As Needed,Subcutaneous
907436,704735,4016,2024-10-01,85.2,units,As Needed,Subcutaneous
907437,704792,4040,2025-07-06,38.8,units,Three Times Daily,IV
907438,702496,4032,2021-06-16,29.6,mL,Twice Daily,IV
907439,705962,4022,2021-10-13,98.2,mcg,Twice Daily,IV
907440,703663,4031,2023-04-18,49.1,mg,Twice Daily,IM
907441,700723,4044,2024-06-16,35.4,mL,Once Daily,Subcutaneous
907442,701973,4015,2024-01-31,56.3,mL,Three Times Daily,IM
907443,703299,4043,2025-11-17,82.5,units,Three Times Daily,IV
907444,705727,4024,2022-04-19,51.9,mcg,As Needed,Subcutaneous
907445,701548,4009,2023-10-24,52.4,mcg,As Needed,Subcutaneous
907446,705736,4003,2021-03-03,52.7,mg,As Needed,Topical
907447,701548,4003,2021-11-14,49.2,mg,Once Daily,IV
907448,701878,4034,2024-01-05,69.9,mcg,As Needed,IV
907449,704314,4002,2024-02-19,83.5,mg,As Needed,Oral
907450,701518,4040,2024-04-09,62.4,mg,Twice Daily,IV
907451,703584,4031,2025-07-26,32.4,mg,As Needed,Subcutaneous
907452,702823,4027,2025-12-26,80.7,mcg,Twice Daily,IV
907453,705187,4041,2022-03-22,10.8,mL,As Needed,Oral
907454,700243,4017,2025-01-19,38.4,mg,Once Daily,Oral
907455,701979,4010,2025-01-02,82.6,mcg,Three Times Daily,Subcutaneous
907456,704713,4038,2023-07-10,71.8,units,As Needed,Oral
907457,702796,4025,2023-03-04,96.8,mL,Once Daily,IV
907458,704384,4011,2024-10-25,38.4,mcg,As Needed,IM
907459,704527,4037,2023-02-15,63.9,mcg,Three Times Daily,IM
907460,701671,4029,2021-06-26,79.4,mg,Once Daily,Subcutaneous
907461,703060,4011,2022-09-07,51.1,mcg,Twice Daily,Oral
907462,704655,4035,2023-07-19,29.9,mcg,Three Times Daily,Subcutaneous
907463,705802,4031,2022-12-23,12.2,mL,Twice Daily,Subcutaneous
907464,705309,4028,2025-02-18,22.6,units,Three Times Daily,IV
907465,704176,4013,2023-09-25,6.0,mL,Twice Daily,IV
907466,702995,4033,2021-05-05,27.0,mL,Once Daily,Oral
907467,702488,4014,2025-12-13,12.3,mL,Three Times Daily,Topical
907468,702298,4031,2021-11-27,3.8,mL,Twice Daily,IV
907469,706180,4027,2024-10-26,37.6,mcg,Twice Daily,Subcutaneous
907470,701451,4031,2023-01-23,48.3,mg,Once Daily,IM
907471,702199,4036,2023-06-07,59.0,mcg,Three Times Daily,Oral
907472,702189,4012,2022-01-02,82.1,mL,Three Times Daily,Subcutaneous
907473,704141,4045,2021-07-15,6.2,units,Twice Daily,Oral
907474,701736,4031,2023-01-25,11.2,mL,Once Daily,Subcutaneous
907475,701458,4002,2023-10-09,40.5,mg,As Needed,Topical
907476,705732,4003,2021-09-28,60.7,units,Twice Daily,IV
907477,703286,4043,2021-01-25,21.6,mL,As Needed,Topical
907478,704207,4031,2021-06-19,21.4,mg,As Needed,Oral
907479,703444,4028,2022-08-02,3.7,mcg,Three Times Daily,Oral
907480,703790,4034,2022-04-20,58.3,mL,Once Daily,IM
907481,703013,4032,2024-08-11,56.5,units,As Needed,Oral
907482,702463,4016,2022-11-02,51.3,units,Three Times Daily,Subcutaneous
907483,701846,4040,2023-05-05,93.7,mL,Once Daily,Subcutaneous
907484,702249,4017,2022-07-31,48.4,mcg,Three Times Daily,Subcutaneous
907485,700520,4019,2025-02-27,80.5,mL,Once Daily,IM
907486,702316,4040,2023-12-08,37.7,units,As Needed,IV
907487,704027,4037,2023-05-31,76.6,mg,Once Daily,Topical
907488,703013,4028,2023-09-06,82.3,mg,Three Times Daily,Topical
907489,702999,4032,2023-10-07,4.6,mcg,Once Daily,Subcutaneous
907490,703104,4003,2021-05-10,12.5,mL,Twice Daily,Topical
907491,700410,4033,2024-08-02,88.5,mL,Three Times Daily,IM
907492,701918,4020,2021-12-29,48.4,mcg,Twice Daily,Subcutaneous
907493,705217,4035,2025-01-02,74.9,mL,Twice Daily,Oral
907494,703465,4035,2021-06-05,61.6,mcg,Once Daily,Subcutaneous
907495,701274,4025,2022-03-24,58.9,units,Three Times Daily,Oral
907496,701153,4026,2023-04-22,12.2,mcg,Three Times Daily,Oral
907497,704239,4038,2021-08-21,2.9,mg,As Needed,IV
907498,702530,4027,2025-11-02,60.4,mL,Three Times Daily,Topical
907499,705923,4018,2022-02-24,98.3,mL,Once Daily,IV
907500,702139,4026,2024-09-06,63.2,mg,As Needed,Subcutaneous
907501,700008,4014,2024-01-30,73.8,mg,As Needed,IM
907502,701542,4007,2025-05-20,6.2,mg,As Needed,IV
907503,705526,4017,2022-12-16,90.6,units,Once Daily,Oral
907504,703948,4010,2023-04-14,64.5,mL,Once Daily,Subcutaneous
907505,701652,4010,2024-05-24,73.0,mL,Once Daily,IV
907506,701448,4011,2025-07-21,87.0,mcg,Twice Daily,Oral
907507,700932,4016,2025-01-17,66.6,mL,As Needed,Subcutaneous
907508,703149,4006,2024-12-06,13.7,mL,Twice Daily,IM
907509,702891,4036,2022-05-25,57.1,mcg,Once Daily,IV
907510,702292,4038,2023-02-27,18.1,mL,As Needed,IV
907511,700199,4028,2021-11-06,81.5,mg,Three Times Daily,Topical
907512,704973,4037,2022-10-26,36.8,units,Twice Daily,Subcutaneous
907513,701407,4043,2022-07-22,10.8,mL,Three Times Daily,IV
907514,703807,4025,2022-02-26,47.3,units,Twice Daily,Subcutaneous
907515,701348,4034,2025-09-05,49.1,mL,As Needed,Oral
907516,700356,4044,2025-12-06,94.3,units,Once Daily,IV
907517,705319,4025,2021-12-30,9.3,mcg,Twice Daily,Oral
907518,700806,4001,2021-05-22,25.0,units,As Needed,Subcutaneous
907519,704919,4035,2021-01-19,81.8,mL,Once Daily,Oral
907520,703425,4037,2024-09-16,26.8,mg,As Needed,IV
907521,703019,4011,2024-07-25,92.6,mL,As Needed,Topical
907522,705468,4034,2023-02-25,35.1,mg,Once Daily,IM
907523,704880,4030,2024-08-21,83.3,mcg,Once Daily,IV
907524,701965,4001,2021-11-09,65.9,mg,Twice Daily,Oral
907525,703508,4029,2025-08-06,27.1,mL,As Needed,Topical
907526,701817,4029,2022-08-20,51.4,mcg,As Needed,Subcutaneous
907527,700346,4009,2021-04-06,38.3,mL,Twice Daily,IM
907528,705398,4019,2021-06-06,91.2,mL,Twice Daily,IV
907529,705968,4022,2022-07-21,94.5,mL,Three Times Daily,Oral
907530,700211,4016,2021-12-14,99.7,units,As Needed,IV
907531,701841,4022,2024-01-19,87.8,mcg,Twice Daily,Topical
907532,700822,4036,2024-07-15,92.4,mg,As Needed,IM
907533,705323,4043,2025-01-17,63.9,units,Twice Daily,IV
907534,703136,4045,2024-07-22,48.5,mg,Once Daily,IM
907535,703630,4002,2023-09-09,61.4,mcg,Once Daily,Oral
907536,701025,4020,2021-01-13,84.5,units,Once Daily,Subcutaneous
907537,703299,4005,2025-12-13,75.3,mL,As Needed,IV
907538,700718,4028,2021-08-30,8.6,mL,Three Times Daily,IM
907539,704205,4020,2022-07-29,54.9,mcg,Twice Daily,Oral
907540,704213,4027,2023-07-11,40.3,units,As Needed,IV
907541,702228,4016,2024-11-01,28.1,mg,Twice Daily,Oral
907542,700586,4039,2025-01-23,36.3,mcg,Three Times Daily,Oral
907543,703646,4038,2021-01-29,35.0,mL,Once Daily,IV
907544,701948,4021,2023-01-12,17.9,units,Once Daily,Subcutaneous
907545,702826,4036,2023-07-27,51.6,mL,As Needed,IV
907546,705290,4031,2022-10-17,98.0,units,As Needed,Oral
907547,704890,4035,2024-07-27,28.4,mL,Once Daily,Subcutaneous
907548,706422,4041,2021-10-19,21.2,mcg,Twice Daily,IM
907549,700031,4028,2023-02-25,66.0,units,Once Daily,IM
907550,701696,4041,2022-06-09,25.0,mg,Three Times Daily,Topical
907551,705284,4042,2021-03-13,71.9,mg,As Needed,Oral
907552,703271,4011,2023-04-27,62.3,mL,Twice Daily,Subcutaneous
907553,702120,4033,2021-08-26,92.3,units,Once Daily,IV
907554,700495,4045,2025-04-11,24.4,mcg,As Needed,IV
907555,702845,4007,2024-05-08,85.8,mL,As Needed,IV
907556,702805,4004,2021-09-12,71.3,mcg,Once Daily,Subcutaneous
907557,703518,4013,2022-11-08,44.4,mL,Once Daily,IM
907558,704215,4033,2024-04-07,29.7,units,Three Times Daily,Oral
907559,705209,4021,2024-11-21,24.5,mg,Three Times Daily,IV
907560,704778,4040,2021-06-09,44.4,mg,As Needed,IV
907561,706181,4009,2022-07-01,34.6,units,Once Daily,IV
907562,702396,4039,2024-05-16,61.0,units,Three Times Daily,IM
907563,704256,4025,2021-06-01,40.7,units,As Needed,Subcutaneous
907564,704259,4034,2022-10-13,23.3,units,Once Daily,IM
907565,703979,4011,2023-08-03,79.9,mL,Once Daily,IM
907566,701671,4023,2024-12-31,44.5,mg,Once Daily,Topical
907567,705232,4029,2023-06-06,51.9,mL,As Needed,IV
907568,703447,4036,2024-04-25,68.0,mcg,Once Daily,IV
907569,700632,4025,2021-05-10,23.4,units,Twice Daily,Subcutaneous
907570,700252,4025,2021-10-17,34.6,mcg,As Needed,Subcutaneous
907571,701418,4013,2023-04-12,22.3,mg,Three Times Daily,IV
907572,702907,4006,2022-10-28,64.9,units,Twice Daily,IV
907573,700070,4007,2025-11-13,85.7,mcg,As Needed,IM
907574,700647,4020,2024-11-03,40.9,mcg,Once Daily,Subcutaneous
907575,704396,4006,2023-03-02,18.7,units,Three Times Daily,Topical
907576,700914,4007,2023-02-05,75.8,mcg,Once Daily,IV
907577,700589,4003,2021-08-16,99.8,mL,As Needed,Oral
907578,702938,4033,2025-01-30,20.5,mL,Once Daily,IV
907579,705520,4017,2025-06-05,23.5,mcg,As Needed,IM
907580,702578,4035,2023-11-06,78.3,units,As Needed,IV
907581,703262,4039,2023-10-08,36.6,units,Three Times Daily,Subcutaneous
907582,704029,4042,2025-06-16,75.0,mcg,Twice Daily,Topical
907583,700094,4005,2022-02-02,33.5,mL,Twice Daily,Topical
907584,702573,4035,2023-11-03,74.7,mcg,Three Times Daily,Topical
907585,703889,4008,2023-02-10,72.1,mL,As Needed,Oral
907586,701022,4038,2023-06-07,81.0,mcg,Twice Daily,IV
907587,703347,4038,2023-04-17,80.7,mL,As Needed,Oral
907588,703144,4021,2023-08-09,7.6,mcg,Twice Daily,IV
907589,700465,4036,2024-11-06,67.5,mg,Three Times Daily,Topical
907590,704900,4035,2024-03-09,43.8,mcg,Twice Daily,IV
907591,701416,4020,2023-07-23,75.0,units,Twice Daily,Oral
907592,702206,4014,2025-03-29,94.0,mL,As Needed,Subcutaneous
907593,703078,4045,2023-07-07,43.2,mg,Three Times Daily,Subcutaneous
907594,703048,4038,2023-03-30,20.8,units,Twice Daily,Subcutaneous
907595,704478,4014,2021-09-10,61.0,mcg,Three Times Daily,Oral
907596,704331,4019,2025-01-13,13.8,mg,As Needed,Subcutaneous
907597,701006,4006,2022-09-26,17.6,mL,Three Times Daily,Oral
907598,705123,4030,2021-12-24,95.3,mcg,As Needed,Subcutaneous
907599,701176,4003,2025-08-04,14.5,mcg,As Needed,Topical
907600,705212,4003,2024-08-02,60.7,mg,As Needed,IM
907601,700524,4034,2023-07-21,79.1,mg,Once Daily,IV
907602,705668,4043,2021-06-22,49.1,mL,As Needed,Oral
907603,704563,4003,2022-04-18,73.0,units,Twice Daily,Subcutaneous
907604,701072,4029,2021-03-31,57.6,mL,Once Daily,IV
907605,704595,4021,2024-04-14,99.8,mcg,As Needed,IM
907606,705632,4021,2024-05-29,8.4,mcg,Once Daily,Topical
907607,706311,4003,2022-09-27,23.6,mg,Twice Daily,IM
907608,700832,4037,2022-04-02,57.4,mg,Three Times Daily,Topical
907609,706482,4017,2025-09-26,51.4,mg,As Needed,Topical
907610,704483,4022,2022-04-28,9.8,mcg,Once Daily,IV
907611,701353,4010,2021-06-07,55.0,mL,As Needed,Topical
907612,704334,4044,2025-11-20,11.4,mL,Three Times Daily,Topical
907613,702995,4008,2021-05-08,69.3,units,Twice Daily,Subcutaneous
907614,700422,4042,2021-09-26,65.4,mcg,Three Times Daily,IM
907615,701686,4012,2025-11-15,7.1,mL,Three Times Daily,IV
907616,700725,4012,2024-02-15,46.9,mL,Three Times Daily,Oral
907617,702831,4014,2025-06-21,71.3,units,Once Daily,Oral
907618,704086,4017,2024-06-11,80.2,mcg,Twice Daily,Subcutaneous
907619,700112,4017,2023-09-11,4.1,mL,As Needed,Topical
907620,701983,4030,2023-05-31,47.0,mcg,Twice Daily,Topical
907621,706219,4044,2025-05-25,98.8,mcg,Three Times Daily,IM
907622,701115,4013,2025-04-28,38.7,mL,Three Times Daily,Subcutaneous
907623,701149,4006,2023-05-18,53.6,mcg,Twice Daily,Oral
907624,702338,4019,2021-01-07,30.3,mcg,As Needed,IV
907625,701758,4026,2025-03-01,6.0,units,Twice Daily,Topical
907626,705047,4013,2025-10-20,90.4,mL,Twice Daily,IM
907627,705156,4030,2024-04-21,63.3,mcg,Twice Daily,Oral
907628,702822,4038,2021-08-24,52.6,mcg,As Needed,Subcutaneous
907629,700524,4023,2024-08-16,81.2,mL,Three Times Daily,Topical
907630,706414,4005,2024-01-19,15.1,units,Twice Daily,Oral
907631,703769,4011,2021-09-19,87.0,units,Three Times Daily,IV
907632,701942,4023,2022-03-19,61.1,mL,Once Daily,Topical
907633,703407,4017,2025-08-03,71.0,units,Three Times Daily,Subcutaneous
907634,700864,4041,2022-01-02,62.3,mg,Three Times Daily,Subcutaneous
907635,700427,4020,2025-10-24,82.4,mL,Once Daily,IV
907636,701374,4030,2022-11-20,79.4,units,Once Daily,IV
907637,706388,4013,2023-07-18,57.4,mL,Twice Daily,Oral
907638,705975,4019,2025-10-20,84.1,units,Three Times Daily,Oral
907639,701552,4031,2022-05-18,78.7,units,Three Times Daily,IV
907640,706439,4007,2025-08-12,50.6,mcg,Once Daily,Subcutaneous
907641,701292,4045,2022-11-12,9.9,mg,Twice Daily,IM
907642,706100,4004,2025-10-12,86.8,units,Once Daily,IV
907643,704206,4008,2022-01-20,37.9,mcg,Once Daily,Oral
907644,702529,4012,2023-08-27,82.0,units,As Needed,IV
907645,703214,4016,2025-08-16,77.3,units,Twice Daily,IV
907646,702271,4009,2025-07-04,9.0,mg,Twice Daily,Topical
907647,705044,4009,2024-05-24,27.6,mg,Twice Daily,Subcutaneous
907648,701374,4022,2024-09-03,82.8,mg,Three Times Daily,Subcutaneous
907649,706073,4028,2021-01-20,58.5,mg,Three Times Daily,Subcutaneous
907650,702853,4013,2022-09-19,32.6,mL,Three Times Daily,Oral
907651,700402,4001,2022-10-22,16.3,units,Once Daily,Oral
907652,706026,4035,2021-12-31,43.6,mcg,Twice Daily,Subcutaneous
907653,706258,4042,2025-05-17,63.0,mg,Three Times Daily,Subcutaneous
907654,700658,4024,2022-07-25,35.6,mg,Twice Daily,IV
907655,700641,4027,2025-01-08,60.3,mcg,Three Times Daily,Oral
907656,700429,4027,2024-10-10,81.4,units,Once Daily,Subcutaneous
907657,700771,4037,2022-10-17,27.4,mg,Three Times Daily,Topical
907658,702861,4027,2024-10-14,9.4,units,As Needed,Topical
907659,704842,4034,2024-08-14,18.4,units,Once Daily,Topical
907660,700662,4008,2022-02-07,24.1,mg,Three Times Daily,Oral
907661,705588,4034,2021-02-19,13.4,units,Twice Daily,Topical
907662,700605,4021,2023-03-23,40.9,units,Twice Daily,Oral
907663,704968,4035,2021-04-23,33.0,mg,Once Daily,IM
907664,700347,4017,2024-06-11,38.7,units,Once Daily,IV
907665,705079,4023,2024-12-04,36.3,mg,Twice Daily,Topical
907666,702833,4008,2022-07-29,25.3,mL,As Needed,Subcutaneous
907667,704716,4016,2024-06-09,64.3,units,Once Daily,IV
907668,705523,4031,2025-08-09,24.6,mL,Three Times Daily,Subcutaneous
907669,706048,4044,2024-05-29,93.2,mg,As Needed,IM
907670,700484,4012,2025-05-11,32.2,mL,Twice Daily,Topical
907671,700907,4030,2021-01-05,95.3,mL,Once Daily,Topical
907672,705464,4024,2023-02-11,19.4,units,As Needed,Oral
907673,701358,4031,2023-10-16,9.1,mg,Twice Daily,Subcutaneous
907674,702187,4042,2022-05-24,31.1,units,Three Times Daily,IM
907675,704736,4012,2021-02-10,32.6,mL,As Needed,Oral
907676,704643,4044,2021-10-27,80.9,mcg,Once Daily,Topical
907677,705533,4022,2025-06-12,77.4,units,As Needed,Oral
907678,703538,4017,2023-07-01,19.0,mg,As Needed,IV
907679,705859,4004,2025-06-28,92.3,mcg,Once Daily,Topical
907680,702867,4033,2024-06-15,35.7,mg,Three Times Daily,IV
907681,704357,4025,2024-02-21,98.7,units,As Needed,Oral
907682,705335,4015,2022-01-15,96.5,mg,As Needed,IM
907683,705404,4041,2021-07-06,27.7,mL,As Needed,Oral
907684,700388,4019,2025-02-26,45.4,mg,Three Times Daily,IV
907685,700673,4016,2023-11-19,84.6,units,Once Daily,IM
907686,703419,4030,2024-01-22,30.5,mg,Twice Daily,IV
907687,700122,4009,2021-10-11,45.2,mg,As Needed,IV
907688,705670,4022,2024-11-16,19.7,units,Twice Daily,IV
907689,702751,4033,2021-10-06,50.0,units,Three Times Daily,Oral
907690,700260,4035,2024-03-09,27.7,units,Three Times Daily,IV
907691,700933,4008,2025-07-22,11.8,mcg,Twice Daily,IM
907692,702934,4044,2021-07-30,69.3,units,As Needed,Subcutaneous
907693,704981,4039,2022-09-24,36.1,mg,Once Daily,IM
907694,702653,4038,2025-10-07,53.4,mL,As Needed,IV
907695,701409,4041,2023-07-06,55.6,mg,Twice Daily,Oral
907696,705994,4016,2024-08-17,59.3,units,Twice Daily,Subcutaneous
907697,702499,4038,2022-03-09,77.2,mcg,As Needed,Oral
907698,702180,4007,2023-12-09,71.9,mL,As Needed,Topical
907699,705294,4015,2022-09-05,76.1,mL,Once Daily,IV
907700,701031,4037,2025-08-22,81.3,mg,As Needed,IM
907701,705693,4025,2022-09-28,39.8,mL,As Needed,IM
907702,702781,4009,2021-02-08,79.5,mg,Once Daily,IM
907703,703129,4028,2021-11-19,36.2,mg,Once Daily,Subcutaneous
907704,702061,4012,2024-11-13,41.9,mcg,Once Daily,Oral
907705,702138,4044,2023-05-21,90.3,mL,As Needed,IV
907706,702200,4042,2021-01-25,67.7,units,Twice Daily,Oral
907707,700692,4016,2021-10-13,25.3,mL,Twice Daily,IM
907708,700838,4020,2021-08-10,66.7,mL,Once Daily,Topical
907709,705093,4044,2024-02-26,15.8,units,As Needed,Subcutaneous
907710,703099,4028,2021-11-30,26.4,mcg,Twice Daily,Topical
907711,701467,4004,2023-12-24,6.1,mcg,Twice Daily,IV
907712,705221,4044,2024-03-15,68.2,mL,As Needed,IV
907713,700438,4018,2023-06-26,94.8,units,Twice Daily,IV
907714,700415,4017,2025-04-30,93.4,mcg,Three Times Daily,IM
907715,703576,4034,2021-02-17,80.9,mcg,Twice Daily,Oral
907716,702804,4010,2023-01-24,16.4,mcg,As Needed,Subcutaneous
907717,702900,4030,2025-11-11,84.5,mcg,Once Daily,IV
907718,704693,4032,2025-02-18,0.8,mg,Three Times Daily,Subcutaneous
907719,703677,4029,2024-11-14,91.7,mL,Three Times Daily,Subcutaneous
907720,703864,4013,2021-04-04,70.5,units,Twice Daily,IV
907721,700232,4009,2021-04-18,17.9,mg,Twice Daily,IV
907722,703396,4006,2022-06-21,56.6,units,Once Daily,Subcutaneous
907723,700909,4020,2022-03-21,62.9,mg,Once Daily,Subcutaneous
907724,700164,4023,2021-04-13,27.2,mg,Three Times Daily,IM
907725,706064,4004,2025-09-05,85.2,mL,Twice Daily,IV
907726,703373,4011,2021-01-15,51.5,mcg,Once Daily,Topical
907727,705117,4033,2025-04-09,56.7,units,Three Times Daily,IM
907728,702698,4020,2025-10-19,88.7,mg,Once Daily,Oral
907729,702709,4024,2023-07-12,65.6,mg,Once Daily,Topical
907730,702546,4002,2025-05-10,59.2,mg,As Needed,Oral
907731,703920,4011,2022-11-09,13.0,mg,As Needed,Subcutaneous
907732,700502,4040,2022-01-01,54.4,mL,Twice Daily,Topical
907733,701779,4020,2024-01-05,91.4,mL,As Needed,Oral
907734,706325,4033,2024-03-05,60.8,mg,Once Daily,Oral
907735,704831,4002,2023-03-14,28.8,mcg,Twice Daily,Oral
907736,702744,4039,2025-01-26,83.0,mL,Twice Daily,IV
907737,706011,4019,2022-05-29,43.7,mcg,Three Times Daily,Oral
907738,700765,4013,2023-08-04,8.4,units,Once Daily,Topical
907739,700703,4013,2025-02-04,48.6,mg,Once Daily,IM
907740,700381,4005,2023-03-24,76.3,mcg,Three Times Daily,Topical
907741,702767,4034,2024-04-06,91.9,units,Three Times Daily,IM
907742,703265,4038,2025-10-14,66.6,units,Twice Daily,Subcutaneous
907743,701441,4028,2025-10-02,84.0,mg,Twice Daily,Subcutaneous
907744,704593,4009,2021-01-13,75.1,units,As Needed,IM
907745,703787,4003,2025-09-28,18.6,units,Three Times Daily,Topical
907746,704198,4023,2025-08-08,98.4,units,As Needed,IV
907747,700720,4041,2021-12-30,6.1,mg,Three Times Daily,Topical
907748,706007,4011,2021-09-28,27.8,mL,Once Daily,Subcutaneous
907749,700118,4028,2023-05-04,76.5,mg,Once Daily,Oral
907750,704484,4015,2024-12-07,13.8,mcg,Twice Daily,Topical
907751,702738,4034,2021-04-22,57.0,mg,Twice Daily,Topical
907752,704093,4021,2021-08-25,63.3,mL,Once Daily,Subcutaneous
907753,704472,4040,2022-07-14,68.9,mL,As Needed,Oral
907754,702446,4009,2022-04-04,16.5,mL,Three Times Daily,IV
907755,701315,4018,2025-07-14,21.1,mcg,Once Daily,Oral
907756,704782,4015,2022-02-02,12.8,mg,Once Daily,IV
907757,702158,4040,2021-06-03,17.5,mL,Twice Daily,Subcutaneous
907758,703952,4042,2022-12-31,83.4,mg,Three Times Daily,Oral
907759,700807,4035,2024-06-17,11.8,units,Three Times Daily,Subcutaneous
907760,705424,4044,2025-09-28,40.4,mL,Twice Daily,IM
907761,701525,4010,2023-10-03,2.0,units,Twice Daily,Subcutaneous
907762,706370,4007,2024-06-15,76.5,mL,Three Times Daily,Oral
907763,704854,4023,2023-04-17,95.7,mcg,As Needed,Oral
907764,705999,4040,2021-01-15,30.3,mL,Three Times Daily,IV
907765,706401,4033,2022-07-30,30.8,units,Once Daily,Topical
907766,701695,4013,2024-01-11,57.6,mcg,As Needed,IM
907767,706192,4001,2024-11-08,13.5,mg,As Needed,IM
907768,703687,4017,2021-07-16,60.4,mcg,Three Times Daily,IV
907769,706160,4022,2025-08-05,55.3,mcg,Once Daily,IM
907770,704351,4023,2021-07-18,40.2,mL,Once Daily,Topical
907771,706094,4044,2024-01-08,70.2,mcg,Once Daily,Topical
907772,700792,4027,2023-03-30,54.6,mg,Three Times Daily,Topical
907773,700235,4003,2021-05-02,84.5,mcg,As Needed,Topical
907774,705697,4045,2025-10-29,72.8,mg,Twice Daily,Subcutaneous
907775,706500,4021,2025-02-02,58.2,mL,Twice Daily,Oral
907776,701138,4019,2021-06-03,32.1,mg,As Needed,IM
907777,704619,4031,2023-07-26,3.4,mcg,Once Daily,Oral
907778,703021,4018,2023-01-22,37.4,units,Once Daily,IV
907779,705712,4035,2025-12-28,77.4,mcg,Three Times Daily,Subcutaneous
907780,702269,4038,2021-12-23,89.2,mcg,Three Times Daily,Subcutaneous
907781,704371,4027,2021-10-19,85.2,mcg,Twice Daily,Topical
907782,706378,4035,2025-12-28,37.3,mg,Twice Daily,IV
907783,705071,4031,2022-04-27,3.5,units,Once Daily,Topical
907784,700019,4033,2022-02-21,93.8,mg,Three Times Daily,IV
907785,705791,4020,2025-12-22,68.5,units,As Needed,Subcutaneous
907786,704364,4025,2023-03-19,48.2,mL,Twice Daily,Topical
907787,704678,4020,2021-06-28,78.0,mg,As Needed,Topical
907788,703174,4013,2025-02-09,9.4,mL,Twice Daily,IV
907789,700298,4023,2025-10-29,9.2,units,Twice Daily,Oral
907790,704346,4028,2022-06-08,70.9,mcg,Three Times Daily,IV
907791,704019,4020,2021-10-13,7.2,units,Twice Daily,Oral
907792,700821,4021,2021-03-22,5.4,mcg,Twice Daily,Topical
907793,700983,4038,2023-01-16,72.2,units,Once Daily,Topical
907794,703882,4003,2023-01-28,74.3,units,Once Daily,IM
907795,703769,4022,2021-04-20,41.6,mg,Once Daily,Topical
907796,703876,4043,2023-09-08,39.5,units,As Needed,Subcutaneous
907797,704242,4034,2022-10-23,44.5,units,As Needed,Subcutaneous
907798,705469,4010,2024-01-05,37.2,mcg,Three Times Daily,Oral
907799,706395,4017,2021-05-11,44.9,mg,Once Daily,IV
907800,700435,4019,2022-05-21,19.0,mL,Three Times Daily,IV
907801,702452,4005,2021-08-08,58.6,mL,Twice Daily,IV
907802,700451,4005,2025-05-19,51.9,mg,As Needed,Oral
907803,705352,4034,2025-08-03,66.7,mL,Once Daily,IV
907804,702617,4033,2021-09-12,18.7,units,Three Times Daily,Oral
907805,705518,4015,2021-07-27,9.3,units,As Needed,IM
907806,705852,4002,2021-08-20,80.7,units,Once Daily,IM
907807,704976,4036,2024-03-11,90.5,mcg,Once Daily,Oral
907808,703884,4022,2022-08-10,17.6,mg,Twice Daily,Subcutaneous
907809,705226,4006,2021-12-03,41.9,units,Once Daily,IM
907810,701817,4027,2021-11-01,72.7,mg,Once Daily,IM
907811,703648,4042,2023-10-05,52.7,mL,Twice Daily,IM
907812,700895,4038,2023-11-22,56.9,mg,As Needed,Subcutaneous
907813,705506,4029,2025-01-03,34.5,units,As Needed,Topical
907814,702982,4016,2024-05-20,12.4,mL,Once Daily,IM
907815,700846,4035,2025-11-10,96.1,mg,As Needed,Subcutaneous
907816,702054,4041,2025-04-02,74.5,mg,Once Daily,Subcutaneous
907817,701840,4042,2022-08-07,32.4,units,As Needed,IV
907818,700600,4006,2022-03-28,71.6,units,Once Daily,Oral
907819,706225,4034,2021-05-03,39.4,mg,Three Times Daily,Oral
907820,704124,4043,2022-11-19,19.9,mcg,Twice Daily,IV
907821,704974,4041,2025-06-07,67.9,mL,As Needed,IV
907822,703965,4034,2025-07-10,41.3,mcg,Three Times Daily,IV
907823,700450,4025,2025-01-16,12.0,mcg,As Needed,Subcutaneous
907824,702303,4028,2025-02-25,33.7,mcg,As Needed,IV
907825,703753,4038,2023-01-01,39.4,mL,Three Times Daily,IM
907826,700756,4042,2023-06-24,39.0,mg,Three Times Daily,Oral
907827,705507,4013,2023-08-17,57.4,mL,Twice Daily,IV
907828,700505,4013,2025-04-06,44.0,units,Three Times Daily,Subcutaneous
907829,701607,4039,2024-12-26,74.2,mg,Three Times Daily,Subcutaneous
907830,705889,4035,2023-06-22,62.5,units,Three Times Daily,IM
907831,702286,4003,2021-01-06,52.7,mg,As Needed,Oral
907832,703363,4036,2021-03-31,76.3,units,Twice Daily,IM
907833,704131,4029,2025-06-05,93.2,mcg,Three Times Daily,Oral
907834,706065,4022,2023-12-27,22.8,units,Once Daily,Topical
907835,703262,4007,2025-09-18,79.2,mcg,As Needed,IM
907836,702448,4005,2021-08-23,43.4,units,Twice Daily,IM
907837,701217,4043,2023-06-19,56.9,mcg,Twice Daily,Subcutaneous
907838,704866,4038,2025-11-22,82.2,mg,As Needed,Subcutaneous
907839,706083,4010,2023-11-03,55.8,mL,As Needed,Oral
907840,706459,4001,2025-07-22,18.6,units,As Needed,IV
907841,704138,4008,2025-06-29,97.8,units,Once Daily,Topical
907842,704835,4022,2024-10-11,84.2,units,Twice Daily,IM
907843,702413,4022,2025-02-02,11.0,units,Once Daily,IM
907844,701657,4015,2021-11-02,17.5,mg,Once Daily,Oral
907845,705425,4039,2023-03-02,35.5,mg,Three Times Daily,Subcutaneous
907846,703765,4030,2022-05-18,47.6,mL,Once Daily,Subcutaneous
907847,705114,4018,2023-09-29,16.6,mcg,Three Times Daily,IM
907848,705442,4006,2022-05-26,45.2,mg,As Needed,IV
907849,705157,4012,2021-09-25,44.9,mg,As Needed,Subcutaneous
907850,700437,4039,2023-06-01,26.0,mcg,As Needed,Topical
907851,701459,4002,2021-07-29,15.2,mg,Three Times Daily,IV
907852,703660,4006,2022-06-04,16.4,units,As Needed,Oral
907853,702882,4022,2021-01-01,83.2,mg,Three Times Daily,IM
907854,703800,4044,2025-07-13,79.6,mg,Twice Daily,Topical
907855,706274,4004,2023-11-23,2.5,mg,As Needed,Topical
907856,706274,4015,2023-02-23,22.1,mL,Once Daily,Oral
907857,704509,4037,2021-10-28,3.3,mcg,Once Daily,Topical
907858,703306,4033,2021-11-27,14.2,mg,Twice Daily,IV
907859,702534,4030,2025-10-27,8.2,units,As Needed,IM
907860,702003,4041,2024-12-03,76.4,mcg,As Needed,Subcutaneous
907861,702384,4018,2024-11-23,35.9,mg,Three Times Daily,Topical
907862,705575,4040,2021-09-27,70.2,units,Twice Daily,IM
907863,703324,4014,2023-07-22,54.1,mg,As Needed,IV
907864,705789,4043,2022-06-13,25.0,mL,As Needed,IM
907865,700979,4043,2023-03-19,50.0,mL,Once Daily,Oral
907866,701788,4020,2025-03-16,23.6,mg,Once Daily,IM
907867,700261,4036,2021-11-09,34.7,mL,Once Daily,IV
907868,703033,4021,2022-09-24,88.2,units,As Needed,Topical
907869,706403,4037,2021-12-25,81.6,mcg,Three Times Daily,Subcutaneous
907870,702396,4028,2024-03-06,44.1,units,Three Times Daily,Oral
907871,702650,4017,2025-10-09,17.2,mg,Once Daily,Oral
907872,704235,4035,2023-10-21,16.3,mL,Three Times Daily,Oral
907873,704875,4018,2022-12-13,65.2,mg,As Needed,Topical
907874,704615,4026,2025-07-04,49.7,mg,Once Daily,IM
907875,700346,4040,2021-05-23,53.7,mL,Twice Daily,Subcutaneous
907876,703951,4030,2022-10-30,8.0,mcg,As Needed,Topical
907877,703396,4003,2023-03-28,38.2,mg,Three Times Daily,IV
907878,701299,4032,2025-09-14,37.4,mcg,Once Daily,IM
907879,700650,4045,2024-09-16,27.3,mg,Once Daily,Topical
907880,704226,4015,2024-03-09,75.7,mg,Once Daily,IV
907881,704551,4005,2024-04-28,13.8,mcg,Twice Daily,IV
907882,705228,4026,2022-03-16,78.9,mL,Twice Daily,IV
907883,704384,4032,2024-03-30,9.1,mcg,Twice Daily,IV
907884,704862,4040,2021-06-17,16.0,mg,Once Daily,Subcutaneous
907885,701295,4024,2023-05-31,52.9,mg,Twice Daily,Subcutaneous
907886,703596,4045,2024-11-27,58.0,units,Once Daily,Topical
907887,705311,4021,2021-02-28,96.8,units,As Needed,IV
907888,704719,4043,2024-11-27,60.8,mL,As Needed,IM
907889,701004,4009,2024-05-02,56.6,mcg,Three Times Daily,IV
907890,704808,4026,2021-03-26,19.2,mL,Twice Daily,Topical
907891,701767,4023,2021-05-09,9.0,mg,Twice Daily,Topical
907892,700183,4026,2023-10-30,79.1,units,Three Times Daily,Oral
907893,706353,4029,2022-08-15,77.5,mg,As Needed,Subcutaneous
907894,701224,4044,2025-07-13,42.7,units,Twice Daily,Subcutaneous
907895,704219,4012,2025-07-11,8.3,mg,Once Daily,Topical
907896,700288,4021,2022-05-10,48.4,mL,As Needed,Oral
907897,700778,4004,2025-09-07,40.4,mcg,As Needed,Oral
907898,700931,4037,2025-11-09,73.7,mcg,Once Daily,IM
907899,702140,4006,2023-10-10,57.6,mL,As Needed,IV
907900,700992,4019,2025-07-30,14.5,units,Once Daily,Topical
907901,703716,4037,2021-09-07,18.2,units,As Needed,IM
907902,704606,4005,2022-11-09,15.3,mL,Once Daily,Oral
907903,703826,4029,2021-07-08,33.9,units,Three Times Daily,Oral
907904,705754,4019,2024-03-07,28.4,mg,As Needed,Oral
907905,700171,4008,2025-06-04,26.2,mcg,Twice Daily,Oral
907906,701014,4007,2021-11-01,45.2,mcg,Once Daily,Topical
907907,705605,4013,2023-07-13,83.0,mL,Three Times Daily,IM
907908,703740,4028,2022-02-03,31.7,mcg,Once Daily,Subcutaneous
907909,704941,4030,2025-06-17,29.7,units,Once Daily,IM
907910,700726,4042,2021-09-10,46.8,units,Twice Daily,IM
907911,701179,4034,2022-10-29,31.7,mg,As Needed,Topical
907912,700053,4019,2025-07-18,61.2,mL,Three Times Daily,IM
907913,701289,4015,2024-10-29,7.2,mL,Once Daily,IM
907914,702523,4005,2021-05-28,23.2,mg,As Needed,IM
907915,703891,4005,2024-07-03,75.2,units,Once Daily,IV
907916,706097,4013,2025-05-21,86.7,mg,Once Daily,Topical
907917,704748,4040,2021-04-26,42.3,mcg,Three Times Daily,Oral
907918,703852,4038,2024-12-11,24.2,mg,As Needed,IM
907919,703683,4038,2021-07-08,35.7,mcg,As Needed,Subcutaneous
907920,700632,4012,2024-09-27,82.5,units,Once Daily,Topical
907921,702524,4042,2024-05-28,62.2,mg,As Needed,Subcutaneous
907922,704382,4001,2022-07-29,32.3,units,Once Daily,Subcutaneous
907923,705787,4033,2022-10-27,77.7,mcg,Once Daily,IV
907924,701835,4021,2021-06-25,42.0,mL,Once Daily,Oral
907925,703424,4004,2024-08-22,14.7,mg,As Needed,Subcutaneous
907926,701338,4001,2023-07-13,16.3,mg,Once Daily,IM
907927,706374,4035,2022-12-12,98.4,mL,Once Daily,IM
907928,704614,4042,2025-04-17,20.6,mg,Three Times Daily,Topical
907929,704063,4024,2021-01-28,90.2,mg,Twice Daily,Oral
907930,703829,4021,2025-03-06,79.4,mL,Once Daily,Subcutaneous
907931,705249,4037,2022-05-06,35.9,units,Once Daily,Subcutaneous
907932,700299,4018,2021-07-07,35.9,mL,Twice Daily,Oral
907933,704117,4044,2021-12-02,64.3,mL,Three Times Daily,Oral
907934,703788,4003,2024-12-09,40.8,mg,Once Daily,IM
907935,704620,4029,2021-09-22,12.4,mg,Three Times Daily,IM
907936,705349,4002,2021-11-18,95.8,units,As Needed,Topical
907937,702222,4024,2021-10-18,39.5,mcg,Three Times Daily,Topical
907938,700179,4006,2022-08-15,27.0,mcg,Three Times Daily,Subcutaneous
907939,702896,4026,2022-01-10,9.0,mcg,Twice Daily,IM
907940,700460,4034,2021-03-03,54.2,units,Three Times Daily,Topical
907941,700941,4041,2024-09-09,42.6,units,Three Times Daily,Topical
907942,700910,4023,2021-11-01,93.9,units,As Needed,IM
907943,702185,4039,2025-10-22,2.9,mg,Twice Daily,Topical
907944,702306,4043,2022-12-23,95.4,mL,Twice Daily,Subcutaneous
907945,704253,4042,2025-02-24,88.5,mg,Three Times Daily,Topical
907946,704925,4034,2025-08-28,43.2,mL,As Needed,Topical
907947,704643,4038,2021-10-12,43.2,units,Twice Daily,Oral
907948,704037,4042,2025-04-24,39.8,mg,Twice Daily,IM
907949,701669,4020,2023-05-22,31.2,mcg,Three Times Daily,Subcutaneous
907950,702988,4029,2024-07-26,71.3,units,Twice Daily,IV
907951,705682,4032,2025-02-23,71.3,units,As Needed,IM
907952,701335,4020,2024-04-19,25.8,units,As Needed,Subcutaneous
907953,701913,4008,2023-08-30,41.5,units,As Needed,Oral
907954,705932,4024,2024-05-09,17.0,mcg,Once Daily,IM
907955,701605,4007,2025-01-07,83.4,mL,Twice Daily,Oral
907956,706078,4026,2024-04-14,26.8,mg,Twice Daily,Oral
907957,702823,4018,2025-11-11,65.9,mcg,As Needed,Subcutaneous
907958,703781,4038,2025-12-06,89.4,mg,Once Daily,Subcutaneous
907959,703713,4041,2022-06-12,32.9,mcg,As Needed,IV
907960,706355,4012,2025-06-11,70.6,units,Twice Daily,Oral
907961,705833,4024,2024-05-13,63.8,mL,Twice Daily,Oral
907962,705799,4008,2021-05-04,46.9,mg,As Needed,Oral
907963,704489,4009,2021-03-07,80.0,mL,Twice Daily,Topical
907964,702356,4009,2025-10-28,72.8,units,As Needed,IV
907965,703536,4019,2022-12-08,71.6,units,Twice Daily,Topical
907966,705971,4016,2022-01-08,63.9,mcg,Once Daily,Topical
907967,702671,4034,2024-09-04,22.3,units,Once Daily,IV
907968,705838,4001,2023-06-24,92.1,mcg,Three Times Daily,Subcutaneous
907969,702988,4020,2021-05-24,35.7,units,Twice Daily,Topical
907970,704985,4028,2021-10-08,82.5,mcg,Three Times Daily,Subcutaneous
907971,704035,4028,2024-12-12,65.0,mcg,Once Daily,Subcutaneous
907972,701135,4021,2024-06-23,31.9,mL,Twice Daily,IM
907973,704875,4038,2021-02-08,90.3,mL,As Needed,Oral
907974,704892,4011,2023-01-09,9.9,mcg,As Needed,IV
907975,702600,4024,2023-05-30,59.9,mL,Three Times Daily,Topical
907976,701771,4012,2021-05-30,65.6,mL,Twice Daily,IV
907977,701035,4026,2024-02-09,72.2,mcg,As Needed,Topical
907978,705546,4038,2025-01-29,58.5,mcg,Once Daily,IM
907979,703404,4009,2022-12-30,19.0,units,Once Daily,IM
907980,704129,4004,2021-10-31,61.2,mL,Twice Daily,Subcutaneous
907981,702053,4004,2025-07-13,72.1,mL,Twice Daily,Oral
907982,705397,4015,2021-02-17,85.1,mL,As Needed,Oral
907983,705150,4036,2021-03-06,74.5,units,As Needed,Subcutaneous
907984,705537,4010,2021-04-20,7.7,mcg,Three Times Daily,IM
907985,702634,4028,2021-09-11,58.4,mcg,As Needed,IM
907986,705661,4039,2021-03-27,68.9,mcg,Once Daily,IM
907987,702611,4010,2025-04-14,97.2,mcg,As Needed,Topical
907988,704449,4042,2021-05-12,13.5,mcg,Three Times Daily,IV
907989,700193,4016,2023-11-01,28.7,mcg,Three Times Daily,IM
907990,701759,4014,2025-06-08,80.7,mg,Twice Daily,IV
907991,706192,4004,2023-03-13,59.7,mcg,Three Times Daily,IV
907992,706367,4036,2025-07-07,31.4,units,Twice Daily,IV
907993,702152,4039,2024-10-25,68.6,units,Three Times Daily,IV
907994,700786,4042,2024-10-29,28.9,units,Once Daily,Oral
907995,700728,4042,2022-09-30,18.7,units,Once Daily,Oral
907996,704832,4008,2022-01-14,10.9,mcg,Three Times Daily,Subcutaneous
907997,700283,4023,2021-07-10,59.3,mL,Once Daily,Topical
907998,702235,4038,2022-04-12,27.6,mcg,As Needed,Oral
907999,702535,4041,2022-12-10,65.7,mcg,Three Times Daily,Oral
908000,704771,4016,2025-03-23,73.0,mL,Twice Daily,Oral
908001,705786,4027,2025-03-06,82.3,units,Twice Daily,IM
908002,704554,4045,2023-12-17,47.7,mL,Once Daily,Topical
908003,702812,4024,2025-02-28,17.4,mcg,As Needed,Topical
908004,704916,4022,2022-07-29,18.4,mg,As Needed,IV
908005,703075,4027,2021-08-25,35.6,mcg,Twice Daily,Oral
908006,702509,4024,2024-12-28,67.2,mL,Twice Daily,IM
908007,706102,4011,2023-06-28,90.6,mcg,Three Times Daily,IV
908008,703733,4016,2024-03-02,93.8,units,As Needed,IM
908009,700054,4028,2024-09-07,25.1,mcg,Three Times Daily,Oral
908010,701818,4011,2022-07-10,15.4,mcg,Once Daily,Topical
908011,702570,4020,2024-06-24,85.8,mcg,Twice Daily,IV
908012,703436,4033,2025-06-22,69.1,mcg,Once Daily,IV
908013,701172,4007,2024-08-22,42.0,mcg,Three Times Daily,Subcutaneous
908014,705815,4010,2024-10-22,11.7,mg,Three Times Daily,Topical
908015,704089,4039,2022-07-27,38.0,units,Twice Daily,IM
908016,706097,4045,2023-02-17,1.5,mL,Twice Daily,Topical
908017,705976,4021,2022-04-08,88.2,mg,As Needed,IV
908018,704065,4042,2021-01-24,76.4,mL,Twice Daily,IV
908019,702384,4003,2023-02-18,52.9,mcg,As Needed,IV
908020,703119,4005,2022-03-30,54.2,units,Once Daily,IM
908021,702277,4038,2021-05-05,14.1,mcg,Once Daily,IV
908022,700866,4001,2023-01-06,91.0,mL,Three Times Daily,IV
908023,706280,4036,2025-01-30,24.7,mcg,Three Times Daily,Topical
908024,700911,4012,2025-06-27,11.3,mg,As Needed,Subcutaneous
908025,704237,4031,2024-08-09,81.2,mcg,As Needed,Oral
908026,703353,4041,2025-05-06,66.6,mg,Twice Daily,Subcutaneous
908027,700045,4026,2025-04-20,15.3,mg,As Needed,IM
908028,702332,4034,2025-09-24,1.0,mL,Three Times Daily,Oral
908029,705949,4045,2024-04-06,77.9,mg,Once Daily,Subcutaneous
908030,704596,4039,2025-05-19,88.1,units,Once Daily,Oral
908031,704836,4045,2025-08-26,65.6,mL,Twice Daily,Oral
908032,703238,4016,2021-01-15,84.9,mg,Once Daily,Topical
908033,705712,4024,2024-02-15,66.9,mL,Three Times Daily,Oral
908034,703380,4043,2024-05-21,98.2,mg,Three Times Daily,Subcutaneous
908035,705325,4036,2025-11-06,97.7,mg,Three Times Daily,IV
908036,703085,4005,2023-11-03,85.1,units,Three Times Daily,Topical
908037,702665,4001,2022-03-02,65.3,units,Three Times Daily,IM
908038,700951,4042,2025-06-30,8.3,mg,As Needed,IV
908039,705382,4021,2022-04-06,80.0,mcg,Twice Daily,IV
908040,702709,4010,2021-09-06,72.1,mg,Three Times Daily,IV
908041,701280,4008,2025-09-30,84.6,mL,As Needed,Topical
908042,700277,4020,2025-03-13,95.5,mg,Once Daily,Subcutaneous
908043,700412,4035,2021-02-25,99.4,mcg,Twice Daily,IM
908044,706472,4030,2021-09-26,10.6,mg,Twice Daily,Oral
908045,701235,4018,2025-12-01,1.3,units,Three Times Daily,Topical
908046,700495,4045,2023-10-22,72.8,mL,Once Daily,Topical
908047,704178,4045,2024-06-13,88.4,units,Three Times Daily,Topical
908048,706164,4028,2023-01-30,57.2,mcg,Twice Daily,IM
908049,700645,4027,2021-05-24,6.5,units,Three Times Daily,Subcutaneous
908050,704759,4030,2022-11-11,80.0,mg,Three Times Daily,Oral
908051,705739,4037,2022-07-13,19.0,mg,Three Times Daily,Topical
908052,705844,4035,2023-01-24,48.5,units,As Needed,IV
908053,706281,4019,2021-09-29,37.4,mg,Three Times Daily,Topical
908054,701367,4042,2025-04-21,49.6,mL,Three Times Daily,IV
908055,705862,4041,2021-12-28,15.9,mcg,As Needed,Subcutaneous
908056,704736,4038,2025-08-20,67.5,mL,As Needed,IV
908057,702152,4004,2025-06-24,41.2,units,Three Times Daily,Oral
908058,702484,4003,2025-04-29,38.7,mL,Three Times Daily,IM
908059,700925,4010,2022-07-22,18.1,units,Twice Daily,IM
908060,705406,4011,2021-09-30,62.2,mL,Twice Daily,Subcutaneous
908061,703917,4045,2023-07-24,66.2,mL,Once Daily,Subcutaneous
908062,702139,4028,2021-03-08,8.5,units,Three Times Daily,IM
908063,701041,4040,2025-10-01,82.4,mg,Twice Daily,IV
908064,702226,4004,2025-05-24,88.7,mL,As Needed,Oral
908065,705508,4039,2023-05-25,98.9,mcg,As Needed,Oral
908066,701219,4003,2021-01-18,34.9,mcg,Twice Daily,IV
908067,705499,4034,2021-07-09,60.9,mg,Once Daily,IM
908068,702797,4021,2024-07-04,12.6,mcg,Twice Daily,Subcutaneous
908069,706446,4025,2021-01-31,42.3,mcg,As Needed,Topical
908070,703052,4045,2025-04-25,85.9,mg,Twice Daily,Topical
908071,701793,4003,2025-09-27,72.3,mcg,As Needed,IM
908072,701090,4017,2024-02-10,51.7,mL,As Needed,IV
908073,703124,4017,2024-01-11,84.0,units,Twice Daily,Oral
908074,705368,4023,2024-11-05,83.1,mL,Twice Daily,IV
908075,704835,4017,2024-04-17,90.9,mcg,Twice Daily,IM
908076,705635,4021,2024-05-25,20.5,mL,As Needed,IM
908077,702257,4015,2021-06-02,23.3,mcg,Once Daily,IV
908078,706399,4018,2021-07-23,97.6,mcg,Three Times Daily,IV
908079,705875,4023,2023-01-26,50.9,mg,Three Times Daily,Subcutaneous
908080,705376,4017,2025-06-22,65.0,mL,As Needed,Topical
908081,701290,4013,2021-09-18,90.7,units,Three Times Daily,IM
908082,706218,4015,2025-03-19,54.6,mcg,Three Times Daily,Subcutaneous
908083,704178,4043,2023-01-19,15.4,mL,Twice Daily,IV
908084,701639,4019,2021-07-07,38.8,mg,Once Daily,IV
908085,700314,4012,2025-10-28,51.9,mg,Three Times Daily,IM
908086,704037,4025,2024-06-09,47.8,mcg,Twice Daily,Subcutaneous
908087,700198,4010,2022-12-15,99.4,units,As Needed,IM
908088,703258,4013,2024-01-27,23.5,mL,Once Daily,IV
908089,703615,4002,2025-05-31,76.4,mcg,Once Daily,Oral
908090,702212,4018,2024-07-14,3.6,mg,Twice Daily,Subcutaneous
908091,703342,4034,2021-04-12,36.9,units,Three Times Daily,Topical
908092,705857,4034,2022-03-16,10.2,mg,Three Times Daily,Topical
908093,705853,4021,2024-06-23,57.0,mL,Twice Daily,Oral
908094,701107,4043,2025-02-25,28.9,mL,Three Times Daily,Subcutaneous
908095,700202,4009,2023-03-21,62.5,units,Three Times Daily,IV
908096,702647,4019,2024-03-05,59.0,mg,As Needed,Oral
908097,702184,4010,2024-11-14,51.7,mL,Once Daily,IV
908098,702264,4034,2023-09-28,84.6,mg,Once Daily,Topical
908099,703163,4014,2022-04-16,44.3,units,Once Daily,Subcutaneous
908100,701952,4008,2022-06-10,75.5,mg,Once Daily,IM
908101,701067,4037,2024-11-15,43.0,mL,Twice Daily,IM
908102,702718,4033,2024-07-12,95.8,mL,Twice Daily,IV
908103,706319,4034,2024-09-16,16.4,units,Three Times Daily,Oral
908104,700250,4016,2022-09-09,73.6,units,Three Times Daily,Subcutaneous
908105,705514,4013,2021-01-21,6.9,mcg,Three Times Daily,Subcutaneous
908106,704050,4039,2023-08-07,16.4,units,As Needed,Oral
908107,700589,4027,2021-07-16,53.2,mcg,Once Daily,IM
908108,705521,4039,2023-04-07,45.6,mcg,As Needed,Oral
908109,701877,4033,2025-12-20,96.0,mg,As Needed,Oral
908110,702685,4033,2025-06-28,0.6,mg,Three Times Daily,Subcutaneous
908111,701228,4004,2021-02-12,59.9,mg,As Needed,IV
908112,704944,4037,2021-02-23,32.1,mcg,Once Daily,Subcutaneous
908113,702876,4025,2021-07-15,48.8,mcg,Twice Daily,Subcutaneous
908114,702314,4011,2024-03-28,55.8,mg,Twice Daily,Oral
908115,700785,4011,2023-12-20,54.3,mcg,Three Times Daily,IV
908116,700915,4022,2021-04-20,96.0,units,Twice Daily,Topical
908117,703776,4014,2022-12-23,98.7,mcg,Three Times Daily,Topical
908118,704270,4039,2025-07-15,50.7,mcg,Three Times Daily,Oral
908119,704795,4002,2021-07-31,40.5,units,Twice Daily,IV
908120,701912,4034,2025-04-26,72.4,mg,As Needed,IV
908121,702431,4011,2022-12-14,52.1,mg,Three Times Daily,IV
908122,704050,4045,2025-07-14,73.7,units,As Needed,IV
908123,705729,4005,2022-07-07,38.6,units,As Needed,IV
908124,702693,4027,2025-11-26,46.8,mL,As Needed,Subcutaneous
908125,706134,4018,2025-03-17,8.6,units,Twice Daily,Subcutaneous
908126,700063,4032,2022-08-01,65.9,mL,Three Times Daily,IV
908127,704892,4003,2024-08-12,82.1,mcg,Twice Daily,Oral
908128,701323,4023,2022-12-21,18.2,mcg,As Needed,Subcutaneous
908129,704616,4008,2024-11-28,95.2,mL,Three Times Daily,Subcutaneous
908130,701146,4010,2023-05-08,98.2,units,Three Times Daily,Subcutaneous
908131,700418,4007,2024-01-13,57.8,mg,As Needed,Topical
908132,705869,4028,2021-10-12,8.3,units,Once Daily,IV
908133,704304,4038,2024-12-17,79.6,mcg,As Needed,IV
908134,705545,4024,2025-10-26,47.0,mcg,Once Daily,IV
908135,701102,4024,2023-01-30,86.6,mg,As Needed,IM
908136,702228,4024,2024-08-12,81.1,mcg,Three Times Daily,IV
908137,705265,4029,2021-06-22,58.8,mg,Once Daily,Subcutaneous
908138,702949,4024,2023-03-30,4.0,mL,Twice Daily,Subcutaneous
908139,704509,4039,2024-12-16,59.4,mg,Twice Daily,Subcutaneous
908140,700147,4003,2025-04-29,76.3,units,Once Daily,Subcutaneous
908141,701143,4036,2025-04-03,65.7,mL,As Needed,IM
908142,702202,4038,2023-04-07,65.6,units,As Needed,Oral
908143,702939,4026,2025-12-07,76.8,mcg,As Needed,Topical
908144,702379,4015,2024-08-23,53.2,mcg,As Needed,IV
908145,703884,4004,2021-04-01,76.6,mcg,Once Daily,IM
908146,703097,4012,2024-10-22,22.6,mcg,Three Times Daily,Oral
908147,703293,4005,2022-03-18,41.0,mg,Three Times Daily,Subcutaneous
908148,703111,4018,2021-07-14,66.1,mg,Three Times Daily,Subcutaneous
908149,700488,4004,2021-09-06,16.8,units,Three Times Daily,Oral
908150,701833,4003,2022-02-02,76.8,mg,As Needed,IV
908151,701019,4038,2023-02-13,58.8,units,Once Daily,IM
908152,703230,4017,2022-01-27,73.3,mL,Twice Daily,Topical
908153,700342,4025,2023-07-01,86.2,mcg,Once Daily,Topical
908154,702234,4023,2022-02-11,96.8,units,As Needed,Topical
908155,703808,4009,2022-02-09,29.3,mL,Three Times Daily,Oral
908156,705155,4041,2024-10-16,79.5,mL,Twice Daily,Oral
908157,705989,4004,2024-10-10,36.4,mg,Once Daily,IM
908158,702525,4022,2023-11-06,48.8,mL,Once Daily,Oral
908159,704150,4039,2023-04-01,61.4,mcg,As Needed,IV
908160,704015,4029,2023-08-24,24.1,units,Once Daily,IM
908161,700232,4012,2024-07-06,21.6,mcg,Once Daily,Subcutaneous
908162,700367,4030,2022-04-10,59.4,units,As Needed,IM
908163,703637,4018,2024-02-08,70.1,units,Three Times Daily,Topical
908164,705571,4016,2022-03-19,95.6,mcg,As Needed,IV
908165,700494,4039,2023-08-11,57.0,mL,Twice Daily,Topical
908166,704034,4030,2024-07-28,59.4,units,As Needed,Oral
908167,706464,4045,2021-01-19,41.7,mcg,As Needed,IV
908168,705874,4043,2023-05-22,78.5,mL,As Needed,Oral
908169,702992,4021,2025-10-13,73.7,units,Once Daily,Oral
908170,706345,4022,2021-08-26,19.4,mL,Three Times Daily,IM
908171,700039,4025,2022-07-30,38.8,mcg,Once Daily,IV
908172,701985,4030,2022-04-27,14.0,mL,Once Daily,IV
908173,701957,4006,2024-03-28,11.4,mL,Three Times Daily,IV
908174,703339,4045,2024-01-29,93.2,mcg,Three Times Daily,Topical
908175,700267,4029,2025-06-04,66.6,mL,Once Daily,Topical
908176,705942,4007,2024-01-14,89.6,mcg,As Needed,Topical
908177,706082,4029,2022-02-15,57.6,mg,Three Times Daily,Oral
908178,702702,4035,2024-10-08,26.1,mL,Once Daily,IV
908179,701838,4009,2025-03-01,26.4,mg,Three Times Daily,Oral
908180,701643,4017,2025-07-05,24.7,units,As Needed,IV
908181,701860,4021,2022-06-21,31.9,mg,Twice Daily,Oral
908182,703472,4021,2025-10-09,20.9,units,Three Times Daily,IV
908183,705959,4017,2023-03-01,14.5,units,Twice Daily,Oral
908184,704769,4019,2024-07-04,90.0,mg,Once Daily,Topical
908185,702905,4025,2025-08-06,57.6,mL,As Needed,Subcutaneous
908186,705766,4033,2023-04-09,22.3,mcg,As Needed,IM
908187,701972,4029,2022-03-10,57.5,units,Three Times Daily,Subcutaneous
908188,703720,4025,2022-08-05,25.1,mL,Twice Daily,Topical
908189,701950,4030,2023-03-14,68.5,mg,Three Times Daily,IV
908190,700391,4007,2025-10-16,88.6,mL,Twice Daily,IV
908191,706258,4034,2022-11-20,16.8,mcg,Twice Daily,Oral
908192,700531,4029,2022-02-10,55.4,mL,Once Daily,Topical
908193,701599,4041,2024-02-14,37.3,mg,As Needed,Subcutaneous
908194,700515,4009,2024-09-17,82.6,mcg,As Needed,Oral
908195,706137,4033,2021-08-29,5.3,mg,Three Times Daily,Subcutaneous
908196,700970,4037,2024-10-17,69.7,mL,Once Daily,IM
908197,706303,4005,2023-08-25,64.7,mL,Once Daily,IV
908198,705039,4037,2024-03-21,78.1,mcg,Twice Daily,IV
908199,701789,4030,2022-04-02,55.4,mcg,As Needed,IV
908200,705133,4015,2024-01-20,44.8,mcg,Once Daily,IV
908201,706239,4035,2022-03-15,25.8,mL,Twice Daily,IV
908202,701737,4032,2021-08-01,87.9,mL,Once Daily,IM
908203,702707,4033,2023-10-17,89.4,mL,Once Daily,Subcutaneous
908204,701442,4015,2021-10-07,50.0,mg,As Needed,Oral
908205,704836,4022,2025-08-02,90.7,mL,Three Times Daily,IV
908206,704883,4001,2024-11-03,4.5,units,Three Times Daily,IV
908207,701810,4034,2023-08-23,84.3,units,Twice Daily,Subcutaneous
908208,701345,4037,2023-12-16,80.7,mg,Once Daily,Oral
908209,703712,4010,2025-07-16,82.2,mcg,Once Daily,Subcutaneous
908210,701117,4004,2022-05-17,64.8,mg,As Needed,Subcutaneous
908211,704083,4017,2025-02-08,57.0,mg,Twice Daily,IV
908212,700908,4003,2021-10-27,83.4,mcg,Twice Daily,IM
908213,704840,4044,2022-05-23,77.0,units,Three Times Daily,Subcutaneous
908214,703398,4001,2024-01-21,93.7,mg,Three Times Daily,Topical
908215,704075,4020,2023-09-11,82.2,mcg,Three Times Daily,Oral
908216,701939,4016,2023-05-17,33.5,mg,As Needed,IV
908217,703482,4020,2022-10-05,15.6,mL,Twice Daily,Subcutaneous
908218,706182,4005,2023-02-02,16.3,mcg,Three Times Daily,IV
908219,705401,4039,2022-09-18,85.8,mcg,Once Daily,Topical
908220,703281,4043,2024-09-18,73.9,mL,Twice Daily,Oral
908221,703852,4011,2021-02-07,98.6,mcg,Three Times Daily,Topical
908222,701748,4024,2021-11-20,89.5,mL,Three Times Daily,Subcutaneous
908223,706207,4010,2022-08-08,92.6,mg,Twice Daily,Subcutaneous
908224,706312,4037,2025-01-26,68.4,units,Three Times Daily,IV
908225,700924,4016,2023-01-10,29.3,mL,Three Times Daily,IM
908226,700646,4014,2024-04-15,48.2,mL,As Needed,IV
908227,703772,4009,2023-11-06,3.7,units,Three Times Daily,IM
908228,704532,4031,2025-04-16,64.3,mcg,Three Times Daily,Oral
908229,700663,4024,2021-12-25,23.7,mcg,Twice Daily,Subcutaneous
908230,705343,4037,2024-05-28,92.4,mcg,Three Times Daily,IV
908231,706274,4010,2023-09-03,34.7,units,Twice Daily,IM
908232,700993,4023,2022-02-15,48.5,mg,Twice Daily,Oral
908233,703273,4003,2024-06-19,43.9,mg,Three Times Daily,Oral
908234,701178,4002,2021-11-09,47.4,mg,As Needed,IM
908235,704753,4026,2024-12-30,91.3,mL,Three Times Daily,Oral
908236,701105,4039,2024-01-21,52.5,units,Three Times Daily,Topical
908237,706253,4005,2022-05-21,65.5,units,Twice Daily,Oral
908238,704894,4040,2022-07-10,72.7,mL,Twice Daily,IM
908239,702021,4021,2022-12-31,78.8,mcg,Once Daily,Subcutaneous
908240,703632,4039,2023-11-12,15.3,mL,As Needed,IM
908241,703054,4044,2023-04-24,5.2,units,Twice Daily,IV
908242,702932,4010,2024-02-24,33.9,mg,Twice Daily,Topical
908243,700371,4007,2023-06-22,10.1,mg,Once Daily,Subcutaneous
908244,702581,4015,2022-04-10,73.4,mcg,Twice Daily,Topical
908245,702170,4012,2025-08-05,85.6,mL,Three Times Daily,IM
908246,702322,4025,2022-12-10,59.3,mg,Twice Daily,Oral
908247,702843,4018,2022-10-09,34.6,units,Twice Daily,IM
908248,706341,4007,2025-05-14,30.5,mL,As Needed,IV
908249,706042,4003,2024-11-03,51.8,mcg,Twice Daily,Topical
908250,702493,4018,2024-09-25,87.6,units,Once Daily,IV
908251,702132,4029,2024-06-27,15.9,units,Once Daily,IV
908252,704613,4039,2025-10-09,79.9,mL,As Needed,Topical
908253,704877,4013,2024-01-01,22.9,mL,Three Times Daily,Topical
908254,701598,4013,2021-10-14,22.4,units,Twice Daily,Subcutaneous
908255,706056,4005,2024-06-11,19.0,mL,Three Times Daily,Subcutaneous
908256,704517,4023,2022-04-04,15.5,mcg,Once Daily,Topical
908257,700560,4006,2021-08-18,8.3,mg,Three Times Daily,Subcutaneous
908258,705801,4025,2025-07-26,88.9,mg,Once Daily,IM
908259,705293,4014,2022-08-01,11.3,mg,Once Daily,IV
908260,704152,4028,2024-08-21,24.0,mcg,Three Times Daily,IV
908261,704186,4019,2023-12-27,78.4,units,Twice Daily,Oral
908262,705391,4014,2024-03-06,9.1,mcg,Once Daily,Topical
908263,704809,4015,2024-10-09,19.3,mg,Three Times Daily,Topical
908264,701468,4021,2022-02-07,23.4,mg,Once Daily,Oral
908265,706423,4015,2023-05-08,65.2,mL,As Needed,IV
908266,704601,4026,2023-10-28,75.3,units,Twice Daily,IV
908267,702541,4017,2024-03-21,67.9,mcg,As Needed,Oral
908268,701813,4018,2024-09-13,51.2,units,Three Times Daily,IM
908269,702978,4036,2022-11-04,99.6,mcg,As Needed,Oral
908270,704306,4040,2022-02-26,70.4,units,Once Daily,IM
908271,704763,4029,2025-12-29,27.9,units,Once Daily,Oral
908272,704865,4029,2025-02-03,85.9,units,As Needed,Oral
908273,701364,4019,2024-03-01,54.1,mL,Once Daily,Topical
908274,704311,4034,2024-01-19,82.9,mg,Once Daily,Subcutaneous
908275,705286,4031,2021-05-12,1.2,mcg,As Needed,IV
908276,705234,4010,2021-04-02,76.1,mcg,Once Daily,Topical
908277,705287,4016,2022-08-29,60.5,mL,Once Daily,Topical
908278,702332,4036,2021-12-06,74.3,units,Twice Daily,IV
908279,702933,4006,2025-07-12,72.2,mL,Three Times Daily,IV
908280,705359,4028,2023-09-21,14.7,mcg,As Needed,Subcutaneous
908281,701437,4004,2025-06-21,81.8,mcg,Twice Daily,Oral
908282,705537,4034,2022-02-10,2.7,mcg,Twice Daily,IV
908283,702594,4021,2024-07-17,45.9,mg,Twice Daily,Oral
908284,700904,4001,2023-10-08,25.9,mL,Twice Daily,Topical
908285,704131,4036,2021-07-12,58.8,mcg,As Needed,Oral
908286,703370,4016,2022-09-20,74.3,mg,Twice Daily,IM
908287,705949,4032,2025-08-03,91.6,units,Three Times Daily,Subcutaneous
908288,705310,4005,2024-01-27,8.7,mg,Three Times Daily,IM
908289,706001,4016,2025-05-10,58.4,units,Once Daily,Oral
908290,705185,4037,2025-08-03,35.8,mcg,Twice Daily,Subcutaneous
908291,706263,4032,2024-04-17,25.7,mL,Twice Daily,IV
908292,704911,4006,2021-12-06,8.7,units,Twice Daily,Subcutaneous
908293,701489,4029,2023-07-02,23.2,units,Once Daily,Subcutaneous
908294,704343,4040,2024-03-29,46.5,mL,As Needed,Oral
908295,706410,4003,2023-01-28,1.1,mg,Three Times Daily,IM
908296,705708,4042,2025-02-21,58.8,mcg,Twice Daily,Subcutaneous
908297,705438,4020,2021-05-07,10.9,units,Three Times Daily,Topical
908298,702020,4039,2025-01-14,57.7,mg,As Needed,Subcutaneous
908299,700734,4005,2023-08-01,38.0,mL,As Needed,Topical
908300,700200,4041,2021-10-27,77.5,mcg,Three Times Daily,Subcutaneous
908301,705281,4014,2021-06-29,44.1,mcg,Three Times Daily,IV
908302,701978,4011,2022-04-27,94.4,mL,Once Daily,Topical
908303,704409,4038,2024-09-03,32.9,mcg,As Needed,Oral
908304,701293,4003,2024-04-04,54.5,mL,As Needed,IV
908305,705922,4038,2023-01-26,73.3,mg,Three Times Daily,Subcutaneous
908306,701323,4025,2021-09-17,22.3,units,Twice Daily,Topical
908307,701808,4035,2022-01-24,2.1,mL,Three Times Daily,IV
908308,706218,4017,2024-09-29,78.6,mL,As Needed,Oral
908309,703418,4041,2024-07-02,29.7,units,Once Daily,Subcutaneous
908310,702600,4035,2021-08-24,16.4,mL,Once Daily,Oral
908311,700537,4012,2021-12-21,59.5,mL,Three Times Daily,Topical
908312,701805,4040,2022-10-11,37.6,mg,Three Times Daily,Topical
908313,702217,4025,2023-11-23,26.9,mL,Three Times Daily,Oral
908314,700949,4002,2025-01-29,70.8,mcg,Twice Daily,IM
908315,704347,4028,2025-11-23,96.8,units,As Needed,Oral
908316,701843,4021,2024-12-02,52.9,mg,Three Times Daily,IM
908317,702653,4004,2023-04-19,77.7,units,Once Daily,Oral
908318,703072,4004,2021-12-03,84.2,units,Once Daily,Oral
908319,703012,4019,2024-05-11,48.7,mcg,As Needed,IM
908320,705103,4012,2023-09-24,50.9,mL,As Needed,Oral
908321,701638,4027,2025-09-25,72.0,mcg,Three Times Daily,Oral
908322,705225,4016,2025-01-16,92.6,mcg,Once Daily,IM
908323,701014,4013,2023-08-04,81.8,mcg,Twice Daily,Oral
908324,705876,4034,2024-08-18,78.3,units,Three Times Daily,Oral
908325,702390,4044,2024-07-20,77.7,mcg,Twice Daily,IM
908326,702369,4013,2022-11-16,47.3,mL,Twice Daily,Topical
908327,702596,4013,2022-12-29,86.1,mg,Twice Daily,IV
908328,704504,4029,2021-06-08,36.1,units,Three Times Daily,Topical
908329,706345,4019,2024-07-08,61.0,mg,Once Daily,Oral
908330,705651,4010,2021-12-12,14.1,mL,Twice Daily,IV
908331,703955,4018,2025-01-10,65.2,mcg,As Needed,Topical
908332,703336,4008,2025-08-31,75.1,mL,As Needed,IV
908333,705150,4034,2021-12-27,41.4,mg,Twice Daily,IM
908334,702846,4008,2024-03-14,51.5,mcg,Twice Daily,Topical
908335,703372,4014,2021-07-30,2.1,mL,Twice Daily,IM
908336,700449,4036,2023-08-21,90.5,mg,Three Times Daily,Topical
908337,701627,4027,2022-07-15,81.5,mL,Three Times Daily,Subcutaneous
908338,702025,4043,2022-03-10,73.5,mg,Twice Daily,Subcutaneous
908339,702214,4022,2022-08-29,7.3,units,As Needed,IV
908340,702931,4004,2021-04-26,22.2,mL,Once Daily,IM
908341,701144,4026,2025-03-29,98.9,mL,As Needed,Topical
908342,704865,4014,2024-02-04,46.2,units,As Needed,Oral
908343,706431,4008,2023-04-23,87.8,mg,As Needed,IV
908344,702340,4028,2025-12-13,67.9,mcg,Three Times Daily,IV
908345,704745,4033,2022-07-05,81.1,mL,As Needed,Subcutaneous
908346,705379,4022,2023-02-01,61.2,mL,Once Daily,Topical
908347,701649,4014,2025-12-08,19.5,units,Twice Daily,IV
908348,706123,4009,2021-02-18,51.7,mL,Twice Daily,Oral
908349,702711,4024,2021-10-15,84.2,mcg,Three Times Daily,IV
908350,704919,4032,2024-04-07,91.1,mL,Three Times Daily,IV
908351,700264,4011,2024-10-01,70.8,units,Twice Daily,Topical
908352,703470,4038,2021-06-28,67.3,mg,Once Daily,Subcutaneous
908353,700230,4015,2025-09-05,63.1,mL,Twice Daily,IV
908354,702682,4040,2024-04-18,56.9,mg,Twice Daily,Topical
908355,706381,4006,2022-12-19,89.1,mcg,Once Daily,Oral
908356,701164,4018,2024-01-13,77.0,mL,Twice Daily,Subcutaneous
908357,703275,4008,2022-12-21,71.9,mcg,Twice Daily,IV
908358,700652,4034,2021-02-04,41.3,mcg,Twice Daily,IV
908359,700716,4038,2023-05-01,46.5,mcg,As Needed,Topical
908360,703134,4025,2025-02-05,43.8,units,Once Daily,Oral
908361,701959,4011,2025-04-24,99.9,units,Twice Daily,Oral
908362,702825,4029,2023-02-24,92.2,mg,As Needed,Oral
908363,700125,4027,2021-05-27,11.1,mL,Once Daily,Oral
908364,702327,4005,2025-12-17,47.4,mg,As Needed,Subcutaneous
908365,703988,4009,2022-09-19,27.0,mL,Three Times Daily,Oral
908366,703248,4036,2021-08-31,30.3,mL,Once Daily,Subcutaneous
908367,703619,4023,2024-12-29,2.1,units,Three Times Daily,IM
908368,703355,4013,2022-01-09,13.7,units,Three Times Daily,Topical
908369,700994,4036,2022-04-11,59.1,mL,As Needed,IM
908370,704964,4040,2025-03-25,66.1,mcg,As Needed,IV
908371,705174,4021,2023-07-29,95.5,mL,Twice Daily,Topical
908372,700386,4044,2023-07-14,82.6,mg,Once Daily,Subcutaneous
908373,701771,4009,2022-08-26,25.5,mg,Three Times Daily,IM
908374,703599,4002,2022-01-30,53.5,units,Three Times Daily,IM
908375,700917,4025,2023-05-21,20.0,mL,Three Times Daily,Subcutaneous
908376,701763,4001,2023-01-04,46.8,units,Twice Daily,Oral
908377,702284,4008,2023-01-29,76.9,mL,Twice Daily,Subcutaneous
908378,702233,4032,2025-01-21,76.2,units,As Needed,Topical
908379,706413,4032,2022-07-09,77.3,mg,As Needed,IV
908380,705311,4021,2021-09-29,21.1,mcg,Once Daily,IV
908381,704343,4022,2021-01-25,42.6,mg,Three Times Daily,IV
908382,705730,4002,2021-07-14,70.5,mcg,Three Times Daily,Subcutaneous
908383,706386,4043,2025-12-18,10.9,mg,As Needed,Subcutaneous
908384,702329,4010,2024-11-12,33.8,units,Once Daily,Topical
908385,701258,4001,2023-09-21,61.0,mL,Three Times Daily,IM
908386,706129,4045,2024-12-26,51.6,mL,Three Times Daily,Subcutaneous
908387,702472,4043,2024-08-12,7.8,mL,Twice Daily,Oral
908388,706294,4044,2022-12-28,71.7,mcg,Twice Daily,IV
908389,702781,4010,2024-01-01,37.8,mcg,As Needed,Topical
908390,703716,4043,2025-07-11,93.4,units,Three Times Daily,Subcutaneous
908391,701168,4037,2023-01-01,27.9,mL,Twice Daily,Subcutaneous
908392,702422,4008,2024-01-02,98.1,mcg,Three Times Daily,Topical
908393,703255,4004,2023-08-30,87.8,mL,Three Times Daily,IM
908394,702140,4034,2023-12-29,74.2,mcg,Three Times Daily,Subcutaneous
908395,702262,4026,2024-01-19,22.5,mg,Three Times Daily,IM
908396,705709,4029,2021-10-17,67.1,units,Three Times Daily,Oral
908397,705350,4008,2022-10-25,15.8,mcg,As Needed,IM
908398,702770,4019,2022-11-23,60.4,mg,As Needed,Topical
908399,704777,4008,2025-02-16,69.9,mcg,Twice Daily,IV
908400,704637,4012,2022-03-04,33.4,mcg,Twice Daily,IM
908401,703477,4018,2024-04-06,99.4,mcg,Twice Daily,IV
908402,704588,4013,2024-09-18,9.2,mcg,As Needed,Subcutaneous
908403,700504,4002,2025-07-07,60.3,mcg,Three Times Daily,Oral
908404,705531,4019,2022-07-15,72.2,mcg,Once Daily,Oral
908405,704352,4023,2025-12-14,14.8,mL,As Needed,Oral
908406,706377,4014,2024-12-25,90.0,units,Three Times Daily,IV
908407,701279,4032,2021-10-21,56.5,mL,Twice Daily,Topical
908408,700965,4024,2024-05-23,96.4,mL,Three Times Daily,IM
908409,700393,4009,2025-08-15,46.5,mL,Twice Daily,IM
908410,702359,4010,2022-01-16,94.4,mL,Once Daily,Subcutaneous
908411,700638,4034,2022-03-22,57.1,mg,Three Times Daily,Subcutaneous
908412,705303,4012,2021-08-29,22.4,mL,Three Times Daily,Oral
908413,701460,4014,2023-07-17,44.4,mcg,Once Daily,Topical
908414,706483,4021,2023-09-08,45.0,mg,Twice Daily,Subcutaneous
908415,704055,4044,2022-03-10,88.5,units,Three Times Daily,Subcutaneous
908416,703744,4023,2024-03-05,52.7,units,Once Daily,IV
908417,705059,4001,2022-11-07,81.5,mg,As Needed,Subcutaneous
908418,704712,4039,2023-05-15,82.2,mL,Once Daily,Oral
908419,705546,4017,2025-03-10,51.0,units,As Needed,IV
908420,702705,4033,2023-08-12,10.4,mg,As Needed,Oral
908421,705195,4015,2024-07-12,80.6,units,As Needed,Topical
908422,700809,4003,2024-09-28,94.0,mg,Twice Daily,Topical
908423,704641,4024,2025-02-06,97.6,mL,Once Daily,IM
908424,705668,4017,2023-08-05,26.5,mL,Three Times Daily,Subcutaneous
908425,701393,4038,2023-12-27,14.8,mL,As Needed,IV
908426,704319,4011,2022-05-22,15.1,units,As Needed,Subcutaneous
908427,701453,4026,2022-02-24,68.5,mL,Three Times Daily,IM
908428,700787,4013,2021-06-27,94.3,units,As Needed,Topical
908429,700601,4043,2023-09-16,8.7,mg,As Needed,IM
908430,705971,4012,2021-11-24,46.5,mL,Once Daily,Oral
908431,703622,4016,2023-08-06,71.6,units,Once Daily,Subcutaneous
908432,702347,4015,2021-06-23,81.0,mcg,Twice Daily,IV
908433,703238,4019,2024-09-28,46.0,units,Once Daily,Subcutaneous
908434,701609,4019,2022-06-13,1.0,units,Three Times Daily,Oral
908435,701096,4037,2023-07-27,13.6,units,Three Times Daily,Topical
908436,706133,4007,2023-01-08,8.5,units,Twice Daily,Topical
908437,701084,4013,2025-03-25,53.5,mg,As Needed,Subcutaneous
908438,701921,4005,2024-09-22,71.9,units,As Needed,IM
908439,705269,4017,2025-08-13,74.6,units,Once Daily,Topical
908440,704030,4032,2025-06-07,33.2,mcg,Twice Daily,Subcutaneous
908441,700260,4011,2025-09-23,22.8,mg,As Needed,Topical
908442,700850,4035,2021-07-31,49.0,mcg,As Needed,Topical
908443,703562,4007,2023-09-28,49.9,units,Three Times Daily,IV
908444,700334,4022,2021-12-28,87.2,mg,As Needed,Oral
908445,701147,4005,2025-10-24,85.9,units,Twice Daily,IV
908446,705268,4008,2024-05-03,17.1,mg,Once Daily,Topical
908447,700816,4014,2025-01-14,7.4,units,Once Daily,Oral
908448,704900,4029,2022-01-31,44.8,mcg,Three Times Daily,Oral
908449,701538,4029,2021-07-22,58.5,mL,Three Times Daily,IV
908450,704528,4041,2021-04-12,93.6,mL,Once Daily,Topical
908451,704303,4042,2021-04-21,88.2,mcg,Twice Daily,Oral
908452,700355,4030,2023-06-03,81.3,mg,Three Times Daily,Subcutaneous
908453,703678,4028,2022-02-24,94.9,mg,As Needed,Oral
908454,705624,4022,2024-11-06,70.5,mcg,Once Daily,IV
908455,701351,4024,2023-09-01,16.4,mL,Three Times Daily,Subcutaneous
908456,702129,4036,2025-03-16,88.8,mcg,Twice Daily,Topical
908457,700736,4024,2022-01-22,70.1,mg,As Needed,IM
908458,705785,4035,2021-06-16,77.0,mL,Twice Daily,Topical
908459,702032,4002,2024-12-28,55.3,mL,Twice Daily,IV
908460,701884,4040,2021-11-12,81.9,units,Twice Daily,Topical
908461,700372,4009,2022-02-15,10.4,units,Three Times Daily,Subcutaneous
908462,704646,4020,2023-09-25,70.3,mL,Three Times Daily,Topical
908463,701544,4013,2021-06-18,43.6,mg,Three Times Daily,Oral
908464,703132,4005,2021-01-06,19.8,mg,Three Times Daily,Subcutaneous
908465,705398,4012,2024-06-16,40.5,mcg,As Needed,IM
908466,704262,4020,2023-02-02,86.2,mcg,As Needed,Subcutaneous
908467,704422,4044,2023-02-25,23.3,mcg,Once Daily,Subcutaneous
908468,703677,4016,2024-04-05,64.3,mg,Once Daily,Topical
908469,705342,4038,2023-07-17,76.3,mcg,Once Daily,Topical
908470,706076,4003,2025-05-19,33.2,mcg,Once Daily,IM
908471,700480,4019,2021-11-28,26.9,mL,Three Times Daily,IV
908472,704723,4027,2021-10-02,69.2,units,Twice Daily,IV
908473,702174,4017,2023-12-23,9.3,mL,As Needed,Oral
908474,701521,4023,2025-09-15,55.9,units,Twice Daily,Topical
908475,704608,4011,2022-07-08,87.9,mcg,Twice Daily,IV
908476,706321,4036,2022-08-26,60.6,units,Three Times Daily,IM
908477,700694,4041,2025-10-14,37.8,mL,Once Daily,Topical
908478,700021,4021,2024-10-05,77.2,mL,Three Times Daily,IM
908479,703639,4021,2024-02-18,36.8,units,Three Times Daily,Oral
908480,700484,4031,2022-06-24,25.5,mL,Twice Daily,Oral
908481,705382,4001,2025-01-30,9.2,mL,Three Times Daily,Subcutaneous
908482,704246,4040,2025-12-30,86.9,units,Once Daily,Subcutaneous
908483,704818,4038,2023-01-14,64.4,mg,Three Times Daily,Subcutaneous
908484,700672,4034,2023-10-09,47.6,mL,Twice Daily,Subcutaneous
908485,705224,4021,2021-03-03,64.6,mg,Once Daily,IM
908486,703558,4015,2022-09-22,16.5,units,Twice Daily,Oral
908487,706030,4026,2023-07-01,3.2,mg,Twice Daily,IM
908488,700383,4005,2025-06-22,80.6,mg,As Needed,IM
908489,705235,4045,2022-12-08,90.4,mL,As Needed,Oral
908490,704136,4037,2022-08-27,10.5,mcg,Once Daily,IM
908491,705227,4010,2021-03-12,42.8,units,As Needed,Topical
908492,706316,4021,2025-09-15,90.5,units,Twice Daily,IV
908493,703384,4007,2024-05-20,81.1,mg,Once Daily,IV
908494,706417,4029,2023-11-02,40.6,mL,Twice Daily,IV
908495,700529,4010,2024-02-21,10.0,mcg,Three Times Daily,IM
908496,700209,4012,2025-11-29,32.6,mcg,Twice Daily,IM
908497,701238,4030,2025-06-14,81.3,mg,As Needed,Oral
908498,701564,4003,2022-04-25,24.0,units,Twice Daily,Oral
908499,705038,4010,2023-07-09,93.1,mg,As Needed,IV
908500,706287,4001,2022-07-24,36.7,mL,Twice Daily,IV
908501,701401,4021,2024-05-19,85.3,units,As Needed,Oral
908502,701850,4001,2021-08-22,43.0,units,Three Times Daily,Topical
908503,702965,4023,2021-08-18,53.5,mcg,Three Times Daily,IV
908504,705837,4026,2023-07-11,79.7,mg,Once Daily,IV
908505,705924,4020,2023-01-12,31.9,mL,Twice Daily,Subcutaneous
908506,705780,4014,2025-05-28,1.6,mg,Twice Daily,IM
908507,704837,4016,2023-11-21,17.8,units,As Needed,Subcutaneous
908508,700070,4017,2022-12-26,37.9,mg,As Needed,IM
908509,705747,4013,2024-08-18,95.6,units,Once Daily,IM
908510,701046,4021,2021-01-14,92.7,mg,Once Daily,Subcutaneous
908511,704614,4025,2024-08-02,96.0,mg,As Needed,Oral
908512,704947,4030,2021-06-04,88.4,mL,As Needed,Topical
908513,704974,4006,2024-03-22,76.2,mL,Twice Daily,Topical
908514,700977,4017,2022-12-15,2.0,mcg,Once Daily,IM
908515,700959,4022,2021-04-20,44.4,mg,Twice Daily,IV
908516,702752,4024,2021-05-27,96.8,mL,Once Daily,IV
908517,700285,4044,2021-09-21,11.6,units,Three Times Daily,Subcutaneous
908518,703248,4005,2025-06-09,73.1,mcg,As Needed,Subcutaneous
908519,701491,4024,2023-02-03,74.4,mL,Once Daily,Subcutaneous
908520,700431,4016,2023-06-14,21.8,mcg,As Needed,IV
908521,704524,4035,2023-04-30,92.9,units,As Needed,Subcutaneous
908522,705744,4042,2023-07-04,21.9,mg,Three Times Daily,IM
908523,704428,4033,2021-11-25,94.4,mL,Three Times Daily,IV
908524,700444,4018,2022-06-06,60.3,mL,Once Daily,Topical
908525,701913,4023,2025-04-15,1.3,mg,As Needed,Subcutaneous
908526,701237,4023,2025-10-17,61.3,mcg,As Needed,Topical
908527,704539,4045,2023-08-11,55.8,mL,As Needed,Subcutaneous
908528,705647,4010,2023-11-03,65.8,mg,Twice Daily,IV
908529,701215,4016,2024-09-28,52.6,mg,Twice Daily,IM
908530,700478,4030,2022-02-08,59.6,mg,As Needed,Topical
908531,704601,4032,2025-09-14,59.4,mg,Three Times Daily,Topical
908532,701473,4010,2022-08-08,83.0,units,Twice Daily,IM
908533,701566,4013,2025-06-12,66.3,units,Twice Daily,IV
908534,704245,4008,2021-08-16,27.9,units,As Needed,Oral
908535,706393,4015,2022-12-10,5.4,mL,Three Times Daily,Subcutaneous
908536,704700,4018,2024-12-18,40.7,mL,As Needed,IV
908537,700660,4024,2025-01-16,65.6,mL,Twice Daily,IM
908538,704339,4022,2021-04-16,22.9,mg,As Needed,Topical
908539,701939,4040,2021-08-21,97.3,mg,Once Daily,Subcutaneous
908540,703197,4021,2022-12-17,98.8,mg,Three Times Daily,IM
908541,701368,4023,2023-02-26,45.8,mL,Three Times Daily,IM
908542,702315,4033,2024-01-13,96.4,mL,Once Daily,IM
908543,705530,4010,2024-09-18,74.5,units,As Needed,IV
908544,704392,4031,2021-05-18,65.8,mL,Three Times Daily,IM
908545,703388,4029,2023-10-21,76.0,mg,Once Daily,Topical
908546,700922,4025,2025-08-11,68.4,units,Twice Daily,IV
908547,700557,4004,2021-11-29,83.0,units,As Needed,Oral
908548,703174,4040,2025-11-27,2.8,mL,Twice Daily,IM
908549,704111,4018,2023-06-12,90.2,mcg,Once Daily,Oral
908550,703341,4021,2024-10-15,24.6,mL,Once Daily,IM
908551,700337,4029,2021-07-08,54.9,mL,As Needed,Topical
908552,706350,4009,2024-12-28,85.5,mL,Twice Daily,Subcutaneous
908553,703539,4014,2021-01-17,33.6,mg,As Needed,Topical
908554,703754,4018,2021-12-17,98.7,mL,Twice Daily,IM
908555,704507,4019,2021-06-28,19.4,mg,Twice Daily,IM
908556,703150,4009,2023-06-22,21.5,mL,As Needed,IM
908557,702370,4018,2021-04-26,50.9,mcg,Twice Daily,Oral
908558,701415,4034,2024-06-03,8.2,mL,As Needed,IM
908559,701665,4010,2025-07-11,2.1,units,As Needed,IM
908560,700597,4037,2021-03-10,66.7,mL,As Needed,Topical
908561,704064,4012,2021-09-23,46.3,mcg,Twice Daily,Oral
908562,700565,4032,2023-06-22,71.2,units,Twice Daily,Subcutaneous
908563,700553,4040,2024-03-24,95.6,units,Once Daily,Oral
908564,702855,4029,2023-08-29,94.3,mg,As Needed,IM
908565,703832,4006,2021-03-07,74.9,mcg,Three Times Daily,Subcutaneous
908566,700965,4001,2023-01-14,43.4,units,As Needed,Oral
908567,702549,4019,2025-11-15,45.8,units,Twice Daily,Oral
908568,702368,4010,2022-10-06,46.4,mcg,Once Daily,IV
908569,701564,4001,2022-07-26,85.9,mcg,Three Times Daily,Oral
908570,701510,4030,2023-09-03,81.7,mg,Once Daily,Oral
908571,703958,4044,2023-09-23,70.7,mg,As Needed,IV
908572,705863,4005,2024-08-15,65.5,mcg,Three Times Daily,IV
908573,700753,4044,2023-11-16,28.3,mcg,Twice Daily,IM
908574,700419,4036,2025-05-18,52.9,mg,Once Daily,Oral
908575,701485,4017,2021-11-25,34.3,mg,Once Daily,IM
908576,706299,4001,2024-09-09,58.0,mcg,Twice Daily,Topical
908577,700641,4012,2021-01-31,91.5,mg,Three Times Daily,Subcutaneous
908578,702743,4014,2023-10-25,55.4,mg,Three Times Daily,Subcutaneous
908579,700945,4034,2021-03-26,99.8,mL,Twice Daily,IV
908580,700009,4017,2022-11-05,50.2,units,Once Daily,Subcutaneous
908581,705367,4009,2023-07-24,17.5,mL,Twice Daily,Topical
908582,702532,4005,2025-10-05,98.0,units,As Needed,IV
908583,704460,4009,2021-06-02,17.4,mg,Three Times Daily,IV
908584,700198,4030,2023-03-17,57.9,mcg,Three Times Daily,IM
908585,700363,4041,2022-06-29,72.8,mg,Once Daily,Topical
908586,704107,4035,2025-07-15,48.7,mL,Three Times Daily,Oral
908587,706114,4018,2022-11-26,4.7,units,As Needed,IV
908588,705799,4044,2022-02-24,63.1,mL,Three Times Daily,Oral
908589,703836,4021,2024-09-10,98.6,mcg,As Needed,Topical
908590,706372,4003,2025-03-20,68.4,units,Three Times Daily,Oral
908591,702672,4014,2025-01-08,61.4,mL,Twice Daily,Oral
908592,706467,4011,2023-03-04,59.2,mL,Three Times Daily,IV
908593,700668,4025,2023-01-30,36.4,units,Once Daily,Subcutaneous
908594,703782,4037,2022-06-23,29.1,mg,As Needed,Topical
908595,701856,4010,2025-02-04,73.1,mcg,Twice Daily,Oral
908596,703208,4021,2023-12-17,29.6,mcg,Twice Daily,Subcutaneous
908597,702520,4016,2022-03-23,91.3,mcg,As Needed,IM
908598,704783,4038,2024-08-11,19.7,mg,Once Daily,Subcutaneous
908599,702191,4032,2023-10-12,97.4,mg,Once Daily,Subcutaneous
908600,702296,4004,2024-03-04,44.1,mL,As Needed,Subcutaneous
908601,703513,4001,2024-07-10,10.0,mcg,Twice Daily,IV
908602,702100,4010,2022-08-19,4.4,mL,Twice Daily,IV
908603,703100,4008,2023-04-21,83.2,mcg,As Needed,Oral
908604,706072,4032,2023-09-18,52.0,mcg,Three Times Daily,Oral
908605,705577,4003,2023-07-25,19.9,mcg,Once Daily,Topical
908606,703105,4031,2025-04-05,26.8,units,As Needed,Oral
908607,705980,4023,2021-08-01,10.3,mg,As Needed,IM
908608,703914,4037,2024-06-27,26.2,mL,Three Times Daily,Subcutaneous
908609,700883,4008,2025-10-08,8.5,mL,As Needed,IM
908610,702756,4042,2024-06-11,41.9,mL,Three Times Daily,Subcutaneous
908611,705023,4029,2023-08-15,47.8,mL,Once Daily,Oral
908612,706285,4033,2024-08-12,56.2,mg,Once Daily,IM
908613,700154,4025,2021-03-01,57.0,mg,Three Times Daily,Subcutaneous
908614,706435,4002,2023-03-05,30.5,units,As Needed,IM
908615,701415,4005,2025-12-14,87.2,units,As Needed,IM
908616,701794,4014,2021-03-09,32.1,mL,Three Times Daily,IM
908617,703767,4035,2024-01-04,58.4,units,Three Times Daily,Subcutaneous
908618,705606,4014,2024-04-07,31.7,mL,Three Times Daily,Subcutaneous
908619,703345,4039,2021-07-23,82.8,mg,Three Times Daily,IV
908620,701007,4019,2022-06-23,99.8,mcg,As Needed,IV
908621,701780,4016,2025-11-04,17.5,mg,Three Times Daily,Subcutaneous
908622,701335,4018,2025-08-15,95.5,mL,Three Times Daily,Oral
908623,700981,4002,2023-12-10,7.6,mg,Twice Daily,Subcutaneous
908624,703101,4003,2024-12-10,80.6,mL,Three Times Daily,Subcutaneous
908625,704064,4007,2023-07-23,94.3,mcg,Once Daily,Oral
908626,705136,4041,2024-08-29,65.3,mcg,Once Daily,IV
908627,703108,4012,2022-04-10,33.0,mg,As Needed,Topical
908628,705384,4016,2024-01-13,19.8,mcg,Three Times Daily,Subcutaneous
908629,706357,4018,2025-12-06,82.0,mL,Twice Daily,IV
908630,704285,4035,2024-01-29,10.2,mcg,Twice Daily,Topical
908631,700742,4032,2025-04-19,48.1,mcg,As Needed,IM
908632,705226,4010,2025-08-15,79.9,mcg,Three Times Daily,Oral
908633,703834,4033,2025-02-24,82.7,mL,Three Times Daily,Subcutaneous
908634,703143,4016,2021-04-02,35.3,mL,Twice Daily,Subcutaneous
908635,701421,4023,2021-01-07,52.8,mL,Twice Daily,IV
908636,702453,4030,2021-04-23,15.2,units,Three Times Daily,Topical
908637,704997,4008,2024-03-17,57.7,units,Twice Daily,IM
908638,702217,4001,2024-05-17,47.3,units,Three Times Daily,Subcutaneous
908639,706044,4009,2024-09-21,90.8,mg,Three Times Daily,Oral
908640,700609,4033,2024-09-29,46.8,units,Three Times Daily,Oral
908641,706203,4016,2023-10-27,63.7,units,Once Daily,Subcutaneous
908642,705035,4004,2025-02-26,37.1,mcg,Three Times Daily,IV
908643,701796,4042,2021-03-31,28.5,mcg,Twice Daily,IV
908644,702872,4007,2022-01-04,13.2,mL,Once Daily,IV
908645,700549,4030,2024-04-20,50.6,mcg,Twice Daily,Oral
908646,705476,4003,2023-11-03,53.1,units,As Needed,IV
908647,703752,4007,2022-04-17,39.8,mcg,Twice Daily,IM
908648,703941,4026,2022-12-28,56.1,mg,Once Daily,Topical
908649,704582,4040,2022-10-14,59.0,mcg,As Needed,Subcutaneous
908650,701929,4024,2025-02-21,12.6,mL,Once Daily,IM
908651,706440,4016,2021-09-29,26.8,mg,Three Times Daily,IV
908652,700227,4034,2021-06-03,86.1,mcg,As Needed,IM
908653,701440,4008,2022-07-14,48.6,mL,As Needed,Subcutaneous
908654,701146,4031,2023-02-25,35.0,units,As Needed,Oral
908655,704385,4021,2021-05-23,7.6,mL,As Needed,Subcutaneous
908656,706107,4011,2022-07-21,51.1,mg,Three Times Daily,Topical
908657,702166,4030,2025-02-14,64.3,units,Once Daily,IM
908658,704858,4030,2023-06-12,56.8,units,Three Times Daily,Topical
908659,702482,4011,2024-12-08,78.8,mcg,Once Daily,Oral
908660,705180,4038,2021-01-15,28.4,mcg,Three Times Daily,Subcutaneous
908661,705798,4012,2021-06-26,5.6,mcg,Once Daily,Oral
908662,705352,4026,2024-11-12,58.2,units,Twice Daily,IM
908663,702401,4042,2024-07-02,23.5,mg,Three Times Daily,IV
908664,700996,4028,2021-02-14,18.7,mg,As Needed,Oral
908665,704650,4009,2023-05-26,65.1,units,Three Times Daily,Topical
908666,700785,4010,2021-11-01,53.6,mg,As Needed,Topical
908667,706198,4015,2025-04-06,85.6,mg,As Needed,Subcutaneous
908668,703954,4032,2025-04-01,77.3,mL,Once Daily,IM
908669,701938,4012,2023-05-23,45.5,units,Twice Daily,Oral
908670,703541,4017,2021-02-20,31.3,mg,As Needed,Topical
908671,705779,4009,2024-02-05,97.7,mg,Twice Daily,IV
908672,705603,4018,2025-02-05,67.7,mL,Twice Daily,Subcutaneous
908673,705715,4029,2024-06-18,98.9,mL,Twice Daily,IM
908674,700564,4007,2023-01-25,58.4,units,Twice Daily,IM
908675,704391,4025,2024-08-13,23.8,mg,Once Daily,IM
908676,703199,4013,2022-03-25,67.4,mg,As Needed,IM
908677,703426,4037,2024-01-27,90.6,mcg,Once Daily,Oral
908678,702627,4012,2024-12-17,63.7,units,Once Daily,Topical
908679,703261,4045,2021-03-04,46.9,mg,Three Times Daily,Oral
908680,702984,4035,2025-10-16,22.5,mcg,Three Times Daily,IM
908681,705018,4022,2022-06-30,72.0,mL,Twice Daily,Topical
908682,700190,4015,2025-11-25,31.7,mg,Three Times Daily,Subcutaneous
908683,705416,4007,2025-04-09,43.8,units,Twice Daily,Oral
908684,700347,4038,2025-12-20,67.2,units,Three Times Daily,IM
908685,703395,4006,2021-03-18,48.9,mg,Once Daily,Subcutaneous
908686,704167,4045,2024-05-04,56.5,mL,Twice Daily,Topical
908687,705363,4037,2022-07-13,21.5,mcg,Three Times Daily,IV
908688,705605,4006,2022-09-17,82.0,units,As Needed,Topical
908689,705010,4019,2023-10-11,15.6,mcg,As Needed,Topical
908690,702604,4033,2024-07-08,17.7,units,Twice Daily,IM
908691,702651,4005,2025-12-28,6.3,units,As Needed,Topical
908692,700074,4033,2024-03-09,70.9,mcg,Once Daily,Oral
908693,703947,4021,2025-07-16,93.2,mg,Three Times Daily,IV
908694,703417,4015,2023-10-30,7.5,mcg,Once Daily,IM
908695,705599,4027,2023-09-22,18.1,mL,Once Daily,IM
908696,705729,4030,2022-04-03,37.6,mL,Twice Daily,Topical
908697,705908,4005,2022-06-07,28.6,mcg,Twice Daily,Topical
908698,706092,4023,2024-06-28,63.2,units,As Needed,Topical
908699,702462,4041,2021-03-04,4.5,mL,Twice Daily,IV
908700,703298,4021,2022-09-07,58.5,mcg,Three Times Daily,Oral
908701,701634,4001,2023-11-27,55.4,mcg,Three Times Daily,Topical
908702,701097,4009,2025-06-10,4.6,mcg,Once Daily,Subcutaneous
908703,706213,4034,2021-12-01,37.9,mcg,Twice Daily,Topical
908704,700216,4032,2023-07-29,92.1,units,As Needed,Topical
908705,703637,4006,2021-12-27,19.7,mL,Twice Daily,Subcutaneous
908706,706085,4023,2025-12-21,93.0,mL,Once Daily,IV
908707,703463,4039,2025-04-05,73.2,mL,Three Times Daily,IV
908708,705921,4016,2025-01-12,26.3,mg,Twice Daily,IV
908709,701735,4017,2022-10-18,1.3,mg,Once Daily,Topical
908710,704461,4014,2021-09-14,42.6,mcg,Once Daily,IV
908711,704237,4015,2025-10-31,60.1,units,As Needed,Topical
908712,703396,4042,2025-08-08,11.2,mL,As Needed,Topical
908713,705586,4004,2024-07-11,6.8,mcg,Three Times Daily,Oral
908714,705035,4038,2024-04-21,4.9,mL,Three Times Daily,Subcutaneous
908715,702203,4042,2024-11-20,75.9,mg,Three Times Daily,Topical
908716,706044,4026,2023-11-12,77.1,mcg,Three Times Daily,Oral
908717,705682,4006,2024-05-15,66.7,mcg,Once Daily,IV
908718,700152,4026,2022-05-27,71.9,mg,As Needed,Oral
908719,706222,4032,2022-12-22,35.1,mL,As Needed,Oral
908720,702764,4019,2022-11-25,12.4,mL,Once Daily,IM
908721,705001,4044,2024-06-05,14.0,mcg,Once Daily,Subcutaneous
908722,704827,4038,2023-12-07,31.8,mg,Three Times Daily,IM
908723,700712,4045,2022-09-01,37.8,mcg,As Needed,Subcutaneous
908724,704938,4023,2021-11-19,90.8,mg,Three Times Daily,IM
908725,700191,4010,2024-07-22,38.0,mL,As Needed,IV
908726,705036,4040,2022-01-25,43.9,mcg,Once Daily,IM
908727,705089,4014,2022-03-19,43.3,units,Once Daily,IM
908728,705427,4010,2022-01-17,73.0,units,Three Times Daily,Oral
908729,702124,4029,2023-09-06,3.4,mg,As Needed,Topical
908730,701842,4009,2023-02-03,45.0,units,Three Times Daily,IM
908731,705440,4022,2023-01-13,87.0,mg,Once Daily,Oral
908732,704207,4004,2023-11-17,87.3,units,As Needed,IM
908733,705764,4025,2021-05-24,74.1,mcg,Three Times Daily,Topical
908734,701545,4017,2024-01-14,40.4,mg,Three Times Daily,Topical
908735,705609,4034,2024-06-15,25.5,mL,Twice Daily,Subcutaneous
908736,703657,4040,2025-02-14,9.6,mg,As Needed,Oral
908737,700777,4005,2021-11-29,48.4,mcg,Once Daily,IV
908738,705485,4017,2021-08-19,85.7,mcg,Three Times Daily,Topical
908739,702611,4014,2022-11-28,35.2,mg,Once Daily,Oral
908740,706451,4009,2021-03-03,51.6,mL,Three Times Daily,Topical
908741,700967,4039,2023-01-04,33.2,mcg,Once Daily,IM
908742,704984,4025,2023-11-06,40.6,mcg,Twice Daily,Subcutaneous
908743,700806,4045,2024-01-08,14.4,mcg,Three Times Daily,Topical
908744,700061,4028,2024-12-15,69.5,mcg,Twice Daily,IV
908745,700642,4001,2021-04-22,5.4,mg,Once Daily,IV
908746,700698,4038,2023-05-23,97.4,mg,As Needed,IM
908747,702533,4006,2021-05-21,38.7,units,Twice Daily,Subcutaneous
908748,705464,4004,2024-11-09,27.5,mcg,As Needed,IV
908749,700295,4044,2025-07-31,59.2,units,Twice Daily,IM
908750,703980,4018,2025-03-27,90.3,mL,Three Times Daily,Subcutaneous
908751,701579,4035,2022-04-30,88.4,mL,Once Daily,IV
908752,705607,4016,2023-07-06,92.6,mg,Once Daily,IM
908753,700375,4005,2021-03-17,9.9,mL,Once Daily,Oral
908754,701060,4004,2023-03-11,23.0,mL,Twice Daily,Oral
908755,703139,4037,2023-12-03,7.8,mL,As Needed,IV
908756,701155,4011,2021-02-22,9.8,mcg,Once Daily,Oral
908757,701424,4016,2023-10-13,19.2,mL,Three Times Daily,Subcutaneous
908758,703242,4023,2021-03-31,12.5,mL,Once Daily,Topical
908759,703799,4004,2021-09-20,33.5,mg,Once Daily,IM
908760,705633,4021,2021-02-27,41.2,mcg,Twice Daily,Subcutaneous
908761,702462,4034,2024-01-02,34.2,mL,As Needed,Oral
908762,705856,4026,2023-12-08,41.1,mcg,As Needed,Topical
908763,700738,4044,2021-09-18,86.9,mL,Twice Daily,Oral
908764,701769,4039,2024-03-26,82.9,mcg,Once Daily,IM
908765,704323,4027,2021-11-08,96.3,mL,Twice Daily,Subcutaneous
908766,701052,4012,2024-11-28,78.9,mg,Three Times Daily,Topical
908767,700864,4020,2025-07-22,84.3,mg,Twice Daily,Oral
908768,701705,4045,2025-01-07,69.5,mL,Twice Daily,IM
908769,700751,4036,2022-03-17,17.8,mg,Three Times Daily,Topical
908770,700636,4045,2023-05-09,93.7,units,As Needed,IM
908771,700103,4037,2022-10-28,21.3,mcg,Once Daily,IM
908772,702244,4040,2021-01-22,67.9,mg,Once Daily,IV
908773,701952,4024,2025-04-24,23.4,mg,As Needed,Oral
908774,700976,4019,2025-10-07,9.4,mg,Three Times Daily,Oral
908775,704643,4018,2024-12-15,20.0,mg,As Needed,Topical
908776,705710,4043,2024-09-15,23.6,units,Three Times Daily,IV
908777,702964,4006,2022-07-18,38.4,mg,Three Times Daily,IM
908778,702982,4015,2024-01-29,7.4,units,Three Times Daily,Subcutaneous
908779,700028,4038,2022-11-22,58.8,units,Twice Daily,Oral
908780,703579,4037,2022-06-27,80.0,mg,Three Times Daily,Oral
908781,703523,4025,2021-02-10,76.6,units,Twice Daily,Oral
908782,701880,4034,2023-09-01,83.8,mg,Three Times Daily,Topical
908783,704636,4033,2024-08-19,98.0,mL,Three Times Daily,IM
908784,701905,4027,2024-09-15,99.6,mg,Three Times Daily,Topical
908785,701991,4009,2025-07-22,41.3,mL,Once Daily,IM
908786,702544,4033,2025-01-12,50.5,units,Three Times Daily,Topical
908787,700719,4041,2021-11-24,50.1,mg,Once Daily,Subcutaneous
908788,704121,4017,2023-02-13,64.4,mg,Once Daily,Subcutaneous
908789,704743,4036,2025-10-14,24.9,units,Twice Daily,IV
908790,706168,4003,2022-05-23,77.4,mL,Twice Daily,IM
908791,706475,4030,2024-06-19,13.1,units,Three Times Daily,Topical
908792,701856,4040,2022-03-14,95.1,mcg,Once Daily,Subcutaneous
908793,701252,4016,2022-05-22,12.9,units,Three Times Daily,IM
908794,700778,4021,2021-09-15,74.4,mg,As Needed,Subcutaneous
908795,704701,4043,2022-03-23,40.0,mcg,Once Daily,Oral
908796,704876,4039,2024-04-08,63.6,mcg,Twice Daily,Oral
908797,701014,4009,2021-04-25,31.8,mcg,Once Daily,Topical
908798,705319,4045,2022-02-26,12.4,mg,Twice Daily,IM
908799,700157,4006,2021-03-26,93.8,units,Twice Daily,IV
908800,701978,4030,2024-03-27,51.3,mL,Twice Daily,IM
908801,705461,4024,2023-05-29,30.4,mcg,Twice Daily,IV
908802,701884,4010,2025-02-03,62.6,mcg,Once Daily,IV
908803,703485,4034,2025-05-05,26.2,units,Three Times Daily,Topical
908804,703890,4041,2024-12-10,4.5,mL,Once Daily,IV
908805,700767,4039,2023-12-23,79.5,mL,As Needed,Subcutaneous
908806,700105,4032,2025-10-22,99.6,mL,Once Daily,IM
908807,705029,4026,2025-10-04,95.7,mcg,Once Daily,Oral
908808,702323,4028,2023-05-15,88.0,units,Three Times Daily,IM
908809,700501,4005,2022-04-26,74.9,mL,Three Times Daily,Oral
908810,700761,4003,2021-03-12,16.6,mg,Once Daily,IV
908811,701246,4007,2024-07-19,16.0,units,As Needed,Topical
908812,704638,4022,2025-05-02,15.4,mcg,As Needed,IV
908813,705816,4030,2024-05-15,46.2,mL,As Needed,Oral
908814,705237,4028,2021-10-15,47.9,mL,Once Daily,Topical
908815,703231,4024,2022-02-02,58.0,mcg,Twice Daily,Oral
908816,702711,4025,2025-07-18,23.1,units,As Needed,Topical
908817,706051,4034,2024-10-20,4.5,mg,As Needed,IM
908818,702954,4027,2021-07-27,10.5,mcg,Once Daily,IV
908819,700119,4045,2025-04-29,7.4,mL,Twice Daily,IV
908820,706073,4008,2022-05-24,79.4,units,Twice Daily,Subcutaneous
908821,700648,4043,2023-05-06,13.9,mL,Three Times Daily,Subcutaneous
908822,705040,4032,2021-08-28,75.2,mL,Three Times Daily,Oral
908823,705126,4040,2023-02-24,11.2,mcg,Three Times Daily,IV
908824,702114,4045,2023-08-21,49.8,units,Three Times Daily,Subcutaneous
908825,702813,4014,2022-01-26,29.1,mg,Once Daily,IM
908826,702104,4002,2024-08-21,65.3,mcg,Once Daily,IM
908827,700015,4040,2023-05-22,15.0,units,Three Times Daily,Oral
908828,703097,4024,2023-11-06,59.1,units,Three Times Daily,Oral
908829,703254,4043,2023-04-05,57.4,units,Twice Daily,IM
908830,704922,4003,2022-04-25,40.6,mcg,Once Daily,Topical
908831,701743,4001,2025-01-25,48.5,mcg,Three Times Daily,Topical
908832,702824,4028,2022-05-15,15.1,mcg,As Needed,Subcutaneous
908833,706279,4026,2021-03-20,81.1,mg,As Needed,Topical
908834,703786,4025,2023-11-07,60.7,units,Once Daily,IV
908835,701148,4027,2021-11-07,12.4,units,Once Daily,Oral
908836,705612,4010,2023-06-14,91.8,units,As Needed,Topical
908837,701635,4040,2023-04-03,62.5,mL,Three Times Daily,IV
908838,703331,4024,2022-12-19,17.6,mg,Twice Daily,IV
908839,702306,4032,2024-12-20,22.8,mL,As Needed,Topical
908840,704125,4045,2024-02-26,20.8,mg,Once Daily,Subcutaneous
908841,700185,4011,2022-11-16,22.9,mg,As Needed,Topical
908842,703900,4001,2024-09-02,21.4,units,Once Daily,IV
908843,705036,4045,2023-09-19,74.7,mL,As Needed,Subcutaneous
908844,702441,4002,2021-10-07,59.3,units,Twice Daily,IV
908845,702851,4015,2022-06-22,23.7,mL,As Needed,IM
908846,702922,4008,2022-03-23,93.2,mL,Once Daily,IV
908847,700368,4013,2025-04-24,1.7,mL,Once Daily,Topical
908848,703864,4026,2021-05-19,68.7,mcg,Once Daily,Subcutaneous
908849,700700,4034,2024-03-08,54.6,mL,Twice Daily,Oral
908850,702498,4024,2022-08-12,53.4,mL,Three Times Daily,Oral
908851,702306,4001,2024-10-18,55.4,mg,Once Daily,Subcutaneous
908852,700531,4005,2022-12-22,48.9,mg,As Needed,IM
908853,705387,4041,2024-03-31,94.7,units,Once Daily,IM
908854,704850,4041,2022-11-27,62.1,mL,Three Times Daily,Oral
908855,700272,4019,2025-08-09,46.2,units,Once Daily,IM
908856,701568,4012,2023-12-07,86.1,mL,Three Times Daily,Subcutaneous
908857,702618,4009,2022-04-16,89.0,mcg,Once Daily,Topical
908858,702649,4002,2022-11-28,77.6,mcg,Once Daily,IV
908859,706195,4008,2021-11-15,57.6,units,Three Times Daily,Subcutaneous
908860,701384,4043,2022-03-09,4.7,mg,As Needed,Oral
908861,701722,4010,2025-03-15,91.1,mg,As Needed,Topical
908862,700327,4029,2025-11-24,81.8,mL,Once Daily,IV
908863,701660,4023,2025-05-22,93.4,units,Once Daily,Subcutaneous
908864,702066,4027,2025-06-28,13.9,units,Three Times Daily,Subcutaneous
908865,701288,4037,2022-07-10,96.1,units,As Needed,IM
908866,700428,4016,2021-05-28,96.6,mg,Three Times Daily,IV
908867,701139,4043,2021-02-14,45.6,units,Once Daily,Subcutaneous
908868,701824,4032,2022-04-26,7.9,units,Once Daily,Subcutaneous
908869,703460,4013,2021-07-16,62.4,mL,Twice Daily,Subcutaneous
908870,705973,4006,2022-08-12,62.8,mcg,Three Times Daily,IM
908871,702392,4023,2022-04-28,53.3,mcg,As Needed,IM
908872,705554,4036,2025-03-07,33.2,mcg,Three Times Daily,Topical
908873,703334,4024,2023-04-04,7.6,mcg,Three Times Daily,Oral
908874,706303,4011,2021-11-02,56.5,mL,As Needed,IV
908875,706060,4030,2024-09-13,31.8,mL,As Needed,Subcutaneous
908876,700620,4015,2025-10-04,10.4,mcg,Twice Daily,Subcutaneous
908877,704475,4017,2023-05-17,19.4,units,Twice Daily,Oral
908878,704666,4030,2025-05-31,79.2,units,Twice Daily,Topical
908879,706089,4022,2025-01-03,80.7,mL,Once Daily,Topical
908880,700705,4015,2021-06-29,76.9,mg,Three Times Daily,Subcutaneous
908881,706163,4003,2025-01-09,8.0,units,Twice Daily,Oral
908882,702178,4021,2023-03-21,11.5,mg,Twice Daily,Subcutaneous
908883,704308,4038,2024-11-22,23.7,units,As Needed,Subcutaneous
908884,706455,4009,2022-02-02,97.9,mg,As Needed,IM
908885,700581,4044,2024-04-11,27.9,mL,As Needed,Subcutaneous
908886,703620,4015,2023-06-27,93.5,mg,Twice Daily,IM
908887,703537,4022,2023-12-16,66.1,mg,Once Daily,IM
908888,703261,4036,2022-10-13,3.2,mcg,Once Daily,Subcutaneous
908889,704108,4033,2022-09-22,49.0,mcg,Once Daily,IM
908890,706230,4021,2023-08-07,83.7,mL,Once Daily,IV
908891,701005,4022,2024-09-05,6.8,mcg,Twice Daily,Oral
908892,701384,4007,2021-05-10,61.2,mg,Three Times Daily,Subcutaneous
908893,702149,4027,2024-11-17,32.4,mg,Once Daily,IV
908894,702078,4005,2023-01-08,20.4,mcg,As Needed,Subcutaneous
908895,701481,4024,2022-09-04,53.1,mg,Once Daily,Topical
908896,703539,4002,2025-07-03,79.7,mcg,As Needed,IV
908897,704399,4022,2022-08-31,78.0,mL,Once Daily,IM
908898,703770,4006,2024-03-14,17.8,mcg,Three Times Daily,IV
908899,703676,4026,2025-02-08,35.1,mcg,As Needed,IV
908900,705850,4003,2024-03-23,35.1,mL,Once Daily,IV
908901,702151,4004,2023-12-29,82.5,mg,Twice Daily,Oral
908902,701818,4044,2021-06-04,49.9,mg,As Needed,IM
908903,705210,4013,2021-07-01,37.8,mL,Once Daily,Topical
908904,706435,4037,2023-10-12,80.6,mcg,Once Daily,IM
908905,705522,4019,2022-11-23,89.1,units,Twice Daily,IV
908906,700594,4034,2021-05-17,32.7,mcg,Once Daily,IM
908907,700721,4045,2025-10-16,98.5,mL,Twice Daily,Topical
908908,702586,4038,2024-08-06,53.8,mL,Once Daily,Topical
908909,702146,4044,2024-05-04,6.7,mcg,Twice Daily,Topical
908910,700947,4008,2024-08-20,36.9,mL,Three Times Daily,IV
908911,702222,4010,2025-12-03,54.7,mL,As Needed,Oral
908912,700485,4021,2021-07-17,82.7,units,Three Times Daily,IM
908913,703574,4019,2021-06-07,71.1,mg,Once Daily,Topical
908914,700611,4011,2024-05-08,20.4,mcg,Once Daily,IV
908915,706025,4009,2022-01-17,42.7,mL,Twice Daily,Subcutaneous
908916,701936,4044,2023-12-04,10.3,mg,Three Times Daily,Oral
908917,705044,4020,2023-01-09,87.8,mg,As Needed,IM
908918,704821,4045,2022-03-22,0.9,units,Twice Daily,Topical
908919,701019,4038,2024-02-24,26.4,mg,Twice Daily,Topical
908920,705568,4010,2022-09-07,76.3,mcg,Once Daily,Subcutaneous
908921,704302,4001,2023-11-22,2.7,mg,Twice Daily,Oral
908922,705181,4029,2021-04-24,72.2,mcg,Three Times Daily,Oral
908923,700257,4031,2023-10-23,65.6,units,As Needed,Topical
908924,705940,4043,2022-07-30,44.8,mg,Three Times Daily,IM
908925,705861,4026,2021-06-19,14.6,mL,Three Times Daily,Subcutaneous
908926,706441,4020,2022-11-27,31.3,mg,Once Daily,IM
908927,705035,4006,2022-11-13,20.3,mcg,Once Daily,Topical
908928,706255,4031,2025-12-06,1.1,mcg,Three Times Daily,IV
908929,704932,4012,2023-08-05,37.1,mL,Three Times Daily,IM
908930,701635,4017,2022-06-19,90.3,mg,Once Daily,Oral
908931,703538,4024,2024-04-26,48.2,units,As Needed,Subcutaneous
908932,702058,4006,2023-10-09,60.3,units,Three Times Daily,IV
908933,701181,4019,2021-09-25,94.2,units,Twice Daily,IM
908934,706121,4041,2021-08-19,45.4,mg,Twice Daily,Oral
908935,702034,4034,2021-07-23,58.6,mg,Twice Daily,Oral
908936,705832,4003,2024-08-03,9.7,units,Once Daily,IV
908937,701851,4038,2024-10-10,13.8,mL,Twice Daily,Subcutaneous
908938,706498,4017,2024-07-30,58.6,mL,Three Times Daily,Oral
908939,705241,4019,2023-08-07,5.3,mg,Twice Daily,Oral
908940,702635,4004,2023-01-08,4.1,units,Twice Daily,IM
908941,706124,4013,2021-09-09,10.9,mL,Three Times Daily,IV
908942,700202,4009,2025-06-03,23.7,units,As Needed,Subcutaneous
908943,700545,4030,2023-01-31,10.2,units,Once Daily,IM
908944,700561,4004,2021-07-12,26.0,mL,Once Daily,IM
908945,706141,4024,2025-07-01,74.0,mg,As Needed,IV
908946,701006,4015,2023-04-16,41.9,mg,Once Daily,Topical
908947,704212,4009,2024-02-06,66.6,mL,Three Times Daily,Oral
908948,703417,4020,2023-01-24,76.6,mg,As Needed,IV
908949,703636,4031,2023-12-11,33.1,mcg,Three Times Daily,Topical
908950,705246,4032,2021-05-25,89.5,mg,Twice Daily,Oral
908951,701591,4007,2023-01-07,86.2,mg,Once Daily,Oral
908952,706358,4036,2023-08-19,41.6,units,Twice Daily,Oral
908953,700709,4005,2024-03-03,82.6,mg,Twice Daily,IV
908954,706120,4002,2021-03-20,34.0,mcg,Twice Daily,IV
908955,700126,4009,2023-02-09,72.5,mcg,Three Times Daily,Subcutaneous
908956,700432,4026,2023-12-12,97.1,units,As Needed,Subcutaneous
908957,703055,4017,2021-09-04,31.5,units,Once Daily,Subcutaneous
908958,702477,4032,2024-05-18,57.5,mg,As Needed,IM
908959,700668,4030,2022-11-25,36.4,units,Once Daily,IV
908960,704910,4005,2023-06-06,50.0,units,As Needed,Topical
908961,705836,4043,2025-10-31,22.2,mL,Once Daily,Topical
908962,703880,4020,2024-07-23,43.1,mcg,Once Daily,Subcutaneous
908963,700723,4006,2024-10-11,64.6,mcg,Once Daily,Topical
908964,705887,4008,2023-01-05,34.8,units,Three Times Daily,Topical
908965,701753,4032,2023-10-10,29.3,mcg,Twice Daily,Topical
908966,701426,4012,2021-09-09,33.4,mL,As Needed,Topical
908967,703437,4026,2022-11-18,31.6,units,Twice Daily,Oral
908968,701135,4020,2025-12-13,16.5,mcg,Twice Daily,IM
908969,700224,4040,2022-04-15,90.7,mg,Once Daily,Topical
908970,705173,4040,2024-02-09,95.6,units,Twice Daily,Topical
908971,703748,4013,2022-03-21,26.8,mg,Three Times Daily,Topical
908972,700441,4024,2021-06-14,61.9,units,Twice Daily,IV
908973,706370,4034,2022-09-17,31.9,units,Twice Daily,IM
908974,704077,4008,2022-12-21,58.2,units,As Needed,IV
908975,705154,4016,2023-06-29,29.7,mcg,Once Daily,Topical
908976,701983,4021,2022-01-28,6.6,units,As Needed,Topical
908977,702864,4022,2021-06-05,15.4,mL,As Needed,Topical
908978,705045,4031,2021-06-25,52.6,units,Three Times Daily,Subcutaneous
908979,701610,4021,2025-12-04,25.3,mg,Twice Daily,IV
908980,703775,4011,2021-01-15,48.6,mL,Three Times Daily,Topical
908981,703977,4021,2025-04-26,91.0,mL,Twice Daily,Topical
908982,703951,4044,2024-05-07,4.6,mcg,Once Daily,Topical
908983,706167,4024,2023-11-15,81.6,mcg,Three Times Daily,Topical
908984,701862,4017,2023-08-08,48.9,mcg,As Needed,IM
908985,704983,4005,2024-06-11,15.9,mg,As Needed,IV
908986,700127,4011,2025-03-10,23.6,mL,As Needed,Oral
908987,702760,4008,2023-03-07,99.1,mcg,Once Daily,Topical
908988,703787,4006,2024-08-28,35.1,mg,As Needed,IM
908989,700740,4009,2021-11-07,6.9,mL,As Needed,IV
908990,701416,4029,2021-04-03,58.8,units,Once Daily,Subcutaneous
908991,701417,4039,2021-03-03,19.6,mL,Twice Daily,Subcutaneous
908992,704506,4006,2024-08-04,89.9,mL,As Needed,Topical
908993,701583,4006,2021-04-05,35.8,mcg,Once Daily,IV
908994,701841,4020,2022-05-07,62.0,mg,Once Daily,Subcutaneous
908995,704894,4027,2022-10-28,85.2,mL,Once Daily,Topical
908996,701836,4015,2021-08-10,98.4,mcg,Three Times Daily,Oral
908997,702979,4024,2022-07-13,95.9,units,Twice Daily,Topical
908998,704670,4008,2023-10-25,11.7,mg,Three Times Daily,Topical
908999,700628,4034,2025-03-16,34.1,mL,Once Daily,Subcutaneous
909000,703878,4025,2025-01-24,64.5,mg,Twice Daily,Subcutaneous
909001,700512,4003,2021-01-05,12.9,units,As Needed,Oral
909002,703580,4012,2023-06-21,38.6,units,Three Times Daily,Oral
909003,703640,4029,2022-12-26,95.1,units,Three Times Daily,Oral
909004,700762,4009,2024-04-16,19.5,mg,As Needed,IV
909005,702246,4019,2023-12-06,50.0,units,Three Times Daily,Subcutaneous
909006,700242,4042,2025-05-31,5.4,mcg,As Needed,IM
909007,703110,4025,2022-07-02,64.2,mcg,Three Times Daily,Subcutaneous
909008,703585,4034,2025-09-15,59.5,mg,Twice Daily,IM
909009,704593,4029,2023-09-19,83.6,units,As Needed,Topical
909010,701292,4023,2021-07-26,87.2,mL,Twice Daily,Oral
909011,701473,4038,2022-07-13,21.6,mL,Three Times Daily,Topical
909012,701340,4019,2024-06-25,86.0,mL,As Needed,Topical
909013,703811,4015,2021-07-15,98.0,mg,Three Times Daily,Topical
909014,700401,4010,2025-12-01,88.5,mcg,As Needed,Topical
909015,704217,4013,2025-07-10,86.4,mL,Once Daily,Topical
909016,703759,4038,2025-09-28,57.4,units,Once Daily,Oral
909017,704680,4005,2024-05-13,65.7,mcg,Twice Daily,Subcutaneous
909018,703812,4045,2021-01-29,78.9,mL,Twice Daily,IM
909019,701813,4016,2021-01-10,18.2,mg,Twice Daily,Topical
909020,706149,4028,2023-06-21,97.8,units,Three Times Daily,Subcutaneous
909021,702975,4030,2025-01-05,30.2,mg,Three Times Daily,Oral
909022,706492,4009,2021-02-09,51.7,mL,Three Times Daily,Topical
909023,703870,4011,2021-07-16,55.0,mL,As Needed,Subcutaneous
909024,701142,4025,2024-07-17,83.7,units,Twice Daily,Subcutaneous
909025,700973,4037,2022-12-23,46.8,mcg,Twice Daily,IV
909026,702473,4018,2023-05-31,41.7,mg,Three Times Daily,IV
909027,703741,4012,2021-11-13,35.7,mg,Twice Daily,IM
909028,701505,4002,2021-06-26,88.5,mL,As Needed,IM
909029,701449,4001,2022-06-25,85.2,mcg,Three Times Daily,Oral
909030,700822,4017,2022-08-14,43.2,mcg,Twice Daily,Topical
909031,701327,4024,2024-12-04,41.9,mg,As Needed,Oral
909032,700915,4037,2023-04-08,19.3,units,Twice Daily,Topical
909033,702921,4036,2021-07-15,50.6,mcg,Twice Daily,Oral
909034,706080,4029,2025-07-01,34.3,mg,Twice Daily,Subcutaneous
909035,702352,4044,2023-01-27,40.9,units,As Needed,IV
909036,700319,4020,2024-09-06,20.0,mg,Once Daily,Subcutaneous
909037,705008,4008,2024-05-20,61.7,mL,Once Daily,Oral
909038,702011,4008,2025-11-08,43.9,mg,Once Daily,Subcutaneous
909039,700487,4022,2025-07-24,90.7,mg,Once Daily,Subcutaneous
909040,700370,4025,2023-05-26,42.9,mL,Three Times Daily,Subcutaneous
909041,703504,4009,2023-09-02,78.9,mcg,Once Daily,IV
909042,703631,4017,2021-07-10,59.7,units,Twice Daily,IM
909043,706055,4017,2025-05-02,89.9,mg,Three Times Daily,IM
909044,700501,4023,2023-10-15,86.1,mL,Three Times Daily,IM
909045,703654,4024,2024-11-12,86.5,mg,Once Daily,IV
909046,705113,4042,2024-09-17,97.8,units,Twice Daily,Topical
909047,705203,4003,2024-09-22,11.3,mL,Three Times Daily,Topical
909048,704255,4015,2025-06-16,28.1,units,Twice Daily,Oral
909049,705715,4045,2025-03-29,0.5,mcg,As Needed,Topical
909050,705024,4002,2022-08-12,80.7,mL,As Needed,Subcutaneous
909051,706323,4037,2024-05-28,69.8,mL,Three Times Daily,Topical
909052,702025,4010,2024-01-29,93.1,mL,Twice Daily,IM
909053,704653,4031,2025-02-10,70.9,mg,As Needed,IM
909054,702774,4013,2022-02-01,6.4,mcg,As Needed,IV
909055,703595,4013,2021-06-09,22.1,mcg,Three Times Daily,IM
909056,704464,4027,2025-09-17,9.7,units,As Needed,IV
909057,703552,4004,2024-03-29,2.1,mcg,Three Times Daily,IM
909058,701002,4020,2022-08-11,27.6,units,Once Daily,IM
909059,701205,4018,2022-08-24,58.1,mcg,Once Daily,Subcutaneous
909060,700076,4001,2022-04-16,87.2,mL,Once Daily,IM
909061,700127,4043,2021-05-29,66.5,units,Three Times Daily,IM
909062,703293,4033,2025-06-25,18.9,mL,Three Times Daily,Oral
909063,705124,4043,2022-07-10,48.4,mL,As Needed,IV
909064,704080,4018,2021-04-14,23.3,mg,As Needed,IM
909065,700919,4026,2024-11-30,59.8,mg,Three Times Daily,IV
909066,704042,4016,2024-05-09,60.2,mL,Once Daily,IV
909067,706033,4043,2025-07-03,35.9,units,Twice Daily,IM
909068,700989,4034,2025-04-01,17.1,mL,Three Times Daily,IM
909069,705349,4044,2022-03-06,71.9,mL,As Needed,Topical
909070,703562,4013,2025-08-11,30.3,units,Once Daily,Subcutaneous
909071,700493,4001,2025-02-26,92.9,mL,Once Daily,IM
909072,701959,4044,2025-12-06,39.7,mcg,As Needed,Oral
909073,703538,4038,2021-08-30,1.3,units,Three Times Daily,IM
909074,700726,4008,2021-04-03,54.2,mL,Twice Daily,Subcutaneous
909075,700851,4037,2022-05-13,51.3,mcg,Once Daily,Oral
909076,702897,4028,2022-07-15,35.6,units,Once Daily,IV
909077,704529,4019,2023-09-13,13.4,mL,As Needed,Oral
909078,700362,4025,2023-04-26,68.0,mcg,As Needed,IV
909079,705125,4021,2023-05-20,30.2,mcg,As Needed,Oral
909080,701295,4038,2022-06-15,5.0,mL,Twice Daily,IV
909081,704858,4019,2024-08-29,91.5,mL,Three Times Daily,IV
909082,700959,4040,2022-06-15,16.5,mg,As Needed,IV
909083,705786,4015,2025-08-14,15.4,mcg,As Needed,IV
909084,700616,4023,2024-08-27,15.0,units,Once Daily,IM
909085,700555,4031,2023-03-26,24.5,mcg,Twice Daily,Topical
909086,700468,4035,2022-02-09,23.6,mcg,Once Daily,Topical
909087,702676,4035,2022-08-24,14.3,mL,Three Times Daily,Topical
909088,704053,4008,2021-06-08,76.5,mcg,As Needed,Topical
909089,703939,4012,2025-03-20,72.4,mg,Once Daily,Oral
909090,702468,4030,2022-03-11,4.5,units,Twice Daily,IM
909091,705578,4042,2025-02-13,12.8,mg,Once Daily,Subcutaneous
909092,705356,4018,2022-03-27,79.5,mL,Three Times Daily,IV
909093,704506,4045,2023-02-26,53.4,units,Once Daily,Subcutaneous
909094,701728,4031,2021-02-17,21.4,mcg,As Needed,Topical
909095,700267,4031,2024-08-17,79.1,units,Twice Daily,IM
909096,704089,4011,2022-03-22,74.3,mg,Once Daily,IM
909097,706177,4025,2023-03-16,72.8,mg,Three Times Daily,IV
909098,701908,4018,2024-10-12,8.9,units,Once Daily,IM
909099,703590,4016,2025-05-31,75.5,units,As Needed,IV
909100,703074,4044,2023-11-20,40.4,mg,Twice Daily,Subcutaneous
909101,704720,4007,2024-11-23,22.0,mcg,Twice Daily,IV
909102,701865,4015,2024-10-28,46.4,mg,Twice Daily,Topical
909103,704115,4017,2022-10-20,30.2,mg,Once Daily,Subcutaneous
909104,706233,4012,2022-12-16,87.2,mL,Three Times Daily,Topical
909105,702974,4011,2021-08-10,51.9,mcg,As Needed,Subcutaneous
909106,704817,4010,2022-08-04,69.9,mg,Once Daily,Subcutaneous
909107,703789,4029,2021-04-10,9.0,mcg,Once Daily,IV
909108,700153,4032,2024-02-29,31.9,mL,Twice Daily,Subcutaneous
909109,701523,4018,2024-12-02,68.6,units,Twice Daily,Oral
909110,706226,4021,2025-08-25,28.4,mcg,Twice Daily,Subcutaneous
909111,704880,4042,2025-11-09,57.7,mg,Three Times Daily,IM
909112,704089,4028,2022-04-16,28.2,mL,Three Times Daily,IV
909113,704488,4014,2022-05-18,25.8,units,Once Daily,Topical
909114,700853,4028,2021-11-28,22.3,mL,As Needed,Topical
909115,703857,4016,2024-06-29,23.3,mg,Three Times Daily,Subcutaneous
909116,705926,4013,2021-09-15,74.9,mL,Twice Daily,IV
909117,703674,4030,2021-10-26,4.0,mg,Three Times Daily,IM
909118,701422,4037,2021-07-30,25.2,mL,Once Daily,Oral
909119,701139,4019,2021-06-12,91.0,mL,Once Daily,Topical
909120,702831,4018,2023-12-20,32.6,mcg,Three Times Daily,IM
909121,705080,4006,2024-07-05,38.2,mcg,Three Times Daily,IM
909122,706421,4026,2022-06-11,79.0,mcg,Twice Daily,Oral
909123,702834,4029,2023-12-18,70.6,mL,Twice Daily,IV
909124,702873,4020,2025-04-04,3.1,mg,Three Times Daily,Oral
909125,700210,4037,2025-07-18,11.1,mcg,Twice Daily,Oral
909126,701234,4012,2025-11-19,43.2,units,Three Times Daily,Oral
909127,702247,4040,2024-05-13,50.2,mg,Twice Daily,Oral
909128,704416,4028,2021-12-29,17.0,mL,Once Daily,Topical
909129,703860,4018,2024-12-06,25.4,units,Once Daily,Topical
909130,700383,4006,2023-07-28,78.4,mcg,As Needed,IV
909131,704256,4002,2021-06-10,39.2,mg,As Needed,IV
909132,705509,4009,2021-01-15,79.2,mg,Once Daily,Topical
909133,700662,4030,2022-04-21,74.8,units,Twice Daily,Topical
909134,704256,4012,2021-12-16,37.6,mL,Three Times Daily,Topical
909135,702090,4005,2022-12-27,84.1,units,Once Daily,IV
909136,703015,4039,2024-06-25,61.9,mg,Twice Daily,Subcutaneous
909137,703015,4002,2024-07-11,3.4,mL,As Needed,IM
909138,700435,4038,2021-04-12,20.0,mL,As Needed,Topical
909139,701045,4008,2023-12-28,21.0,mL,Twice Daily,IM
909140,701196,4006,2024-07-29,1.4,units,Three Times Daily,Subcutaneous
909141,702633,4011,2021-04-16,70.0,mcg,Three Times Daily,IV
909142,701836,4031,2025-11-11,72.0,mcg,As Needed,Oral
909143,705942,4010,2023-11-14,81.8,mL,As Needed,IV
909144,700890,4037,2024-04-16,48.7,mcg,Once Daily,IM
909145,705563,4022,2024-10-03,33.6,units,Three Times Daily,IV
909146,705998,4033,2021-01-28,67.0,units,Twice Daily,Topical
909147,703244,4009,2022-03-23,75.4,mg,Once Daily,Subcutaneous
909148,701007,4036,2022-10-12,77.8,mg,As Needed,IV
909149,704367,4023,2023-01-09,52.2,mL,Twice Daily,Topical
909150,704785,4031,2024-05-18,26.5,mcg,Three Times Daily,Subcutaneous
909151,706170,4021,2024-01-07,9.6,mcg,As Needed,Topical
909152,702376,4003,2024-04-26,50.1,mL,Once Daily,Topical
909153,701026,4011,2024-10-24,33.1,units,As Needed,Subcutaneous
909154,702761,4030,2025-02-26,93.0,mcg,Once Daily,IM
909155,704708,4025,2023-11-29,98.2,units,Twice Daily,Subcutaneous
909156,706354,4028,2023-06-28,2.4,mL,Once Daily,Oral
909157,703193,4045,2023-03-27,92.2,mcg,Once Daily,Oral
909158,706271,4025,2025-10-23,50.1,units,Once Daily,IM
909159,704148,4017,2021-07-11,71.0,mcg,Once Daily,Subcutaneous
909160,701291,4023,2021-04-08,18.5,mg,Twice Daily,IV
909161,703777,4036,2021-12-21,87.3,mL,Twice Daily,Subcutaneous
909162,702764,4045,2022-10-30,15.3,units,Twice Daily,Topical
909163,702816,4039,2022-07-04,74.2,mcg,Twice Daily,IM
909164,705676,4002,2021-01-26,75.4,mg,Three Times Daily,Topical
909165,705873,4011,2025-05-25,3.8,mL,As Needed,Subcutaneous
909166,705766,4012,2025-02-15,59.0,mcg,Twice Daily,Topical
909167,701607,4004,2022-05-01,64.5,mL,Twice Daily,Subcutaneous
909168,706340,4021,2025-04-12,76.9,mL,As Needed,Oral
909169,702158,4038,2022-06-21,66.3,units,As Needed,IV
909170,703464,4005,2021-12-17,5.7,mL,Twice Daily,Subcutaneous
909171,701815,4002,2023-08-04,48.3,mL,Three Times Daily,Topical
909172,700370,4035,2025-09-01,82.4,units,Once Daily,IM
909173,703854,4035,2025-12-13,60.2,mg,Once Daily,IV
909174,703255,4026,2025-01-25,15.6,units,Three Times Daily,Oral
909175,704325,4014,2023-05-02,17.4,mg,Once Daily,Subcutaneous
909176,702977,4041,2021-08-05,31.6,mg,As Needed,Subcutaneous
909177,705742,4023,2025-01-24,51.4,mcg,As Needed,IM
909178,700134,4033,2024-03-07,33.3,mcg,As Needed,Subcutaneous
909179,701134,4013,2022-02-03,19.6,mg,Twice Daily,Subcutaneous
909180,704013,4025,2025-06-26,61.3,mg,Once Daily,Topical
909181,705975,4018,2025-12-21,82.1,mg,Twice Daily,Topical
909182,704367,4021,2022-03-18,61.5,mg,Once Daily,Oral
909183,702159,4038,2021-08-24,15.3,mL,Once Daily,IV
909184,701762,4025,2023-08-31,4.7,mg,Three Times Daily,Subcutaneous
909185,705437,4012,2024-06-25,59.3,mL,Three Times Daily,IM
909186,701461,4031,2024-09-30,97.9,mcg,Once Daily,Oral
909187,702229,4012,2021-03-30,19.3,mg,Three Times Daily,IM
909188,705433,4031,2025-11-24,61.0,mg,Three Times Daily,Topical
909189,705699,4003,2025-10-11,47.4,mL,Twice Daily,Subcutaneous
909190,700350,4034,2022-12-16,83.5,mg,Three Times Daily,Subcutaneous
909191,706480,4027,2023-07-28,6.4,mL,Twice Daily,Oral
909192,702318,4021,2022-10-08,44.0,mcg,As Needed,IM
909193,702581,4021,2022-05-18,30.3,mL,As Needed,Subcutaneous
909194,700450,4001,2022-11-20,24.8,mcg,As Needed,IM
909195,705681,4029,2023-10-28,74.2,mL,As Needed,Subcutaneous
909196,703348,4015,2024-01-27,20.8,mg,Twice Daily,IV
909197,704988,4030,2025-12-04,36.6,units,Twice Daily,Subcutaneous
909198,703218,4005,2024-01-30,89.3,mcg,Three Times Daily,IV
909199,700361,4023,2021-03-31,77.1,mL,Twice Daily,IV
909200,704660,4038,2024-05-14,67.9,mcg,Once Daily,Subcutaneous
909201,702321,4002,2023-12-04,37.0,mL,Once Daily,IV
909202,706478,4004,2025-04-15,66.3,units,As Needed,IV
909203,704365,4002,2025-04-19,16.4,units,Once Daily,IV
909204,706171,4026,2023-03-24,62.3,mcg,Once Daily,IM
909205,701542,4033,2023-06-12,22.2,mcg,Three Times Daily,Topical
909206,705795,4028,2022-07-03,17.0,units,Twice Daily,Oral
909207,705347,4003,2024-10-27,73.8,units,As Needed,Oral
909208,701938,4030,2025-11-05,81.8,mg,Twice Daily,IM
909209,704386,4039,2023-10-08,84.6,mL,Once Daily,Subcutaneous
909210,700164,4009,2025-02-18,7.5,units,As Needed,IV
909211,705484,4020,2021-02-25,13.5,mg,Once Daily,Subcutaneous
909212,704850,4040,2022-01-20,90.1,units,As Needed,IM
909213,703549,4017,2022-08-13,39.2,mg,As Needed,IM
909214,704408,4041,2023-12-08,72.8,units,Twice Daily,Topical
909215,701312,4020,2023-02-20,34.1,units,Twice Daily,Subcutaneous
909216,705069,4014,2025-10-06,21.3,mcg,Three Times Daily,Oral
909217,700984,4014,2023-02-08,94.8,mL,Twice Daily,Oral
909218,704240,4043,2022-03-06,21.9,mcg,As Needed,Oral
909219,702369,4003,2022-07-18,62.3,mg,Twice Daily,IM
909220,705466,4010,2021-10-10,33.9,units,As Needed,Oral
909221,701424,4003,2022-09-17,92.7,mg,Three Times Daily,IM
909222,702861,4014,2022-07-28,81.6,mL,As Needed,Oral
909223,700043,4009,2021-01-20,26.4,units,Twice Daily,Topical
909224,701244,4033,2023-09-27,41.4,mg,Three Times Daily,IV
909225,700404,4033,2022-09-10,54.2,units,Once Daily,Subcutaneous
909226,703271,4016,2023-07-04,4.5,mcg,Three Times Daily,IM
909227,700787,4007,2022-05-09,31.4,mL,Twice Daily,Topical
909228,700392,4020,2022-05-04,66.1,units,Once Daily,Subcutaneous
909229,702385,4028,2023-04-07,7.1,units,Once Daily,IV
909230,701235,4044,2021-02-22,30.8,units,Once Daily,IM
909231,701518,4030,2025-07-13,65.9,mL,Once Daily,Topical
909232,703761,4026,2025-07-06,23.8,mg,Twice Daily,IV
909233,702195,4039,2021-04-09,23.2,mcg,Three Times Daily,Topical
909234,702569,4026,2023-12-10,20.5,mg,As Needed,Subcutaneous
909235,703618,4039,2025-05-13,80.3,mcg,Once Daily,IV
909236,701378,4010,2022-10-22,77.0,mg,As Needed,IV
909237,701986,4038,2023-09-24,72.5,mcg,Once Daily,IV
909238,700913,4018,2024-06-28,82.3,mg,Three Times Daily,IM
909239,701147,4028,2024-10-23,13.5,mg,Twice Daily,Oral
909240,704746,4041,2025-11-19,67.8,units,Once Daily,IV
909241,703583,4008,2021-10-15,49.1,mcg,Twice Daily,Subcutaneous
909242,700765,4040,2023-07-05,31.3,units,Three Times Daily,Oral
909243,706120,4004,2023-02-03,38.2,mcg,Once Daily,IM
909244,704036,4015,2025-12-04,51.0,mcg,Twice Daily,Oral
909245,705824,4021,2023-08-14,41.3,units,As Needed,IV
909246,702647,4015,2025-03-01,15.4,mcg,Twice Daily,Oral
909247,700494,4012,2022-09-03,57.6,mcg,As Needed,Subcutaneous
909248,705806,4005,2023-02-26,5.1,mcg,Twice Daily,Oral
909249,706311,4003,2022-04-14,23.9,units,Twice Daily,IM
909250,702450,4007,2024-01-24,77.0,mcg,Once Daily,IV
909251,704829,4010,2022-11-21,29.7,mcg,As Needed,Subcutaneous
909252,703780,4002,2023-11-12,93.9,mcg,As Needed,Subcutaneous
909253,704369,4011,2022-11-15,83.8,mg,Once Daily,Topical
909254,702374,4034,2025-09-08,38.7,units,Once Daily,IM
909255,700254,4045,2022-03-25,90.0,mL,Once Daily,Topical
909256,704567,4021,2024-10-06,17.5,mcg,Three Times Daily,IV
909257,701416,4003,2023-03-26,20.2,mcg,Three Times Daily,Topical
909258,700696,4042,2023-01-25,83.9,units,As Needed,IM
909259,701596,4023,2023-05-31,82.5,mcg,Twice Daily,IV
909260,704712,4012,2024-11-27,74.9,mL,As Needed,Topical
909261,702227,4033,2023-08-13,79.1,mcg,As Needed,IV
909262,700081,4004,2022-03-13,56.4,units,Three Times Daily,Oral
909263,701517,4006,2021-01-30,8.1,mcg,Three Times Daily,Oral
909264,705135,4022,2021-04-18,89.5,mcg,Twice Daily,Oral
909265,701668,4009,2023-12-01,13.6,mcg,Twice Daily,IM
909266,705036,4032,2021-03-18,17.6,mg,Twice Daily,IM
909267,701041,4001,2025-02-03,79.4,mcg,As Needed,IM
909268,706171,4038,2021-05-24,5.6,mL,Three Times Daily,Topical
909269,703439,4043,2024-11-09,49.4,units,Three Times Daily,Subcutaneous
909270,706063,4036,2021-12-23,27.1,mcg,Once Daily,Oral
909271,706100,4005,2024-11-21,34.3,mcg,As Needed,IV
909272,700035,4035,2023-06-03,39.1,mL,Twice Daily,IM
909273,703997,4020,2025-02-28,17.8,mg,As Needed,IV
909274,706029,4030,2023-06-21,80.6,mL,Once Daily,Subcutaneous
909275,704882,4001,2021-07-24,28.9,mcg,Twice Daily,Subcutaneous
909276,700219,4036,2024-03-20,41.2,mcg,Twice Daily,IV
909277,702412,4027,2024-03-25,8.0,mL,Twice Daily,IM
909278,703518,4015,2025-07-07,10.2,units,Twice Daily,IM
909279,702030,4002,2023-10-16,59.8,mL,As Needed,IM
909280,704238,4009,2025-09-02,42.7,units,As Needed,Subcutaneous
909281,704862,4040,2025-11-16,49.2,mg,As Needed,Oral
909282,700015,4032,2022-10-20,60.1,mg,As Needed,Oral
909283,700832,4005,2022-04-05,85.4,units,Once Daily,Subcutaneous
909284,701561,4035,2021-09-18,24.0,units,Twice Daily,Oral
909285,705385,4009,2025-01-14,4.8,units,As Needed,Topical
909286,701565,4008,2025-03-31,49.9,units,Twice Daily,IV
909287,703302,4003,2021-07-30,57.2,units,Twice Daily,Topical
909288,705707,4003,2023-12-19,4.9,units,As Needed,IV
909289,706480,4003,2024-04-01,13.6,mL,Three Times Daily,Topical
909290,704891,4033,2022-05-06,87.7,units,Twice Daily,IM
909291,702028,4019,2022-07-31,1.8,units,Three Times Daily,Topical
909292,701670,4032,2023-10-27,79.8,mL,Three Times Daily,IV
909293,702635,4030,2024-12-19,70.1,mL,Once Daily,IV
909294,703722,4043,2022-10-06,95.5,units,Twice Daily,Subcutaneous
909295,706435,4015,2023-05-25,23.2,mL,Twice Daily,IV
909296,705745,4030,2024-05-11,22.2,mg,As Needed,IM
909297,701688,4008,2025-02-01,53.7,mcg,Once Daily,IV
909298,702940,4004,2023-04-29,48.7,mL,Three Times Daily,IV
909299,704791,4003,2023-05-25,65.9,mcg,Twice Daily,Oral
909300,702611,4029,2025-11-23,68.8,mL,Once Daily,IM
909301,703005,4022,2022-02-17,6.0,units,Twice Daily,Topical
909302,702013,4043,2022-08-30,59.6,mg,As Needed,Oral
909303,706282,4024,2024-06-02,68.6,units,Once Daily,IV
909304,701456,4007,2025-04-29,40.9,mg,Once Daily,Oral
909305,703863,4042,2025-08-17,89.3,units,Twice Daily,Oral
909306,704444,4012,2025-04-12,46.1,mL,Twice Daily,IV
909307,701323,4036,2023-09-01,77.6,units,Three Times Daily,IM
909308,702276,4003,2021-08-27,10.2,mL,Once Daily,IV
909309,702569,4013,2021-07-29,94.3,units,Three Times Daily,Oral
909310,704818,4032,2025-10-07,48.7,mL,As Needed,IM
909311,704433,4009,2021-09-26,19.3,units,Twice Daily,IM
909312,702842,4030,2022-10-08,11.2,mcg,Twice Daily,IM
909313,705213,4031,2022-12-08,49.9,mg,Twice Daily,IM
909314,702582,4043,2021-12-08,19.6,units,Three Times Daily,IV
909315,703972,4006,2024-10-07,24.2,mg,Three Times Daily,IM
909316,703052,4012,2025-07-25,5.5,mcg,As Needed,IM
909317,705804,4023,2023-07-13,92.5,units,Once Daily,Oral
909318,705679,4016,2021-09-05,39.9,mcg,Twice Daily,Topical
909319,703473,4016,2023-12-15,80.5,mL,Three Times Daily,IV
909320,702579,4021,2023-12-19,80.0,mcg,As Needed,Topical
909321,703619,4036,2021-01-10,75.6,mL,Three Times Daily,Oral
909322,702457,4014,2022-06-07,81.1,units,Twice Daily,IM
909323,702501,4006,2021-04-02,2.8,mL,Three Times Daily,IV
909324,700062,4008,2023-03-21,71.5,mg,Once Daily,IM
909325,706339,4001,2021-07-08,79.6,units,As Needed,Topical
909326,701325,4020,2025-10-07,38.8,mcg,As Needed,Oral
909327,705588,4026,2022-02-26,51.8,mL,Three Times Daily,IM
909328,701297,4008,2021-02-04,82.0,mL,As Needed,Oral
909329,704140,4006,2021-12-08,92.5,mg,Twice Daily,Oral
909330,703036,4006,2021-11-10,42.2,mL,Three Times Daily,Topical
909331,703541,4041,2025-06-22,33.5,mL,Once Daily,IV
909332,704059,4027,2025-09-28,19.8,units,As Needed,IV
909333,704161,4017,2023-06-14,23.1,mL,As Needed,Oral
909334,701513,4029,2022-01-29,32.1,mL,Twice Daily,Subcutaneous
909335,704680,4021,2023-02-13,3.3,mL,Once Daily,Subcutaneous
909336,705610,4004,2022-09-20,83.2,mcg,Once Daily,Topical
909337,702704,4002,2021-08-21,86.8,mL,Three Times Daily,Subcutaneous
909338,702048,4037,2025-11-27,11.1,mg,Once Daily,Subcutaneous
909339,705376,4020,2025-06-24,82.6,units,As Needed,IV
909340,700491,4001,2023-05-16,62.1,units,As Needed,Oral
909341,701692,4009,2023-12-10,29.5,mcg,Three Times Daily,Subcutaneous
909342,703547,4031,2025-09-28,18.0,mcg,Three Times Daily,IM
909343,703013,4004,2022-10-24,85.2,mg,Twice Daily,IV
909344,701440,4004,2025-06-12,85.5,mg,Three Times Daily,Topical
909345,700697,4045,2023-07-13,50.7,mcg,Three Times Daily,Topical
909346,704379,4007,2024-09-29,95.2,mL,Once Daily,IM
909347,702579,4039,2022-05-13,58.4,mg,Three Times Daily,IV
909348,704014,4024,2023-01-17,47.6,mg,Twice Daily,Topical
909349,700853,4015,2024-02-02,18.9,units,As Needed,Oral
909350,704781,4017,2021-04-06,16.3,mcg,Twice Daily,Topical
909351,706232,4034,2023-01-01,22.8,mL,As Needed,Subcutaneous
909352,704652,4031,2021-01-27,90.9,mg,Twice Daily,IM
909353,703204,4009,2025-09-13,23.9,mL,Three Times Daily,Subcutaneous
909354,700642,4028,2021-03-27,90.8,mcg,As Needed,IM
909355,701241,4005,2024-08-18,75.8,mg,As Needed,IM
909356,700018,4039,2021-01-05,51.8,mL,As Needed,Subcutaneous
909357,704378,4033,2024-05-12,39.0,mcg,As Needed,Topical
909358,704707,4031,2024-12-28,20.9,mg,Three Times Daily,Oral
909359,701988,4003,2024-03-07,64.6,mg,Once Daily,IM
909360,702867,4003,2023-01-04,97.4,units,Three Times Daily,Subcutaneous
909361,700899,4038,2021-02-26,88.7,mcg,Twice Daily,IM
909362,700478,4001,2022-10-26,29.6,units,Twice Daily,IV
909363,704103,4013,2022-03-14,98.5,units,Twice Daily,IV
909364,700817,4009,2023-01-31,79.9,mL,Once Daily,Subcutaneous
909365,703883,4005,2024-01-21,67.7,units,Three Times Daily,Oral
909366,703277,4007,2024-05-15,10.9,mg,Three Times Daily,Subcutaneous
909367,700984,4007,2022-10-20,79.0,mL,Twice Daily,Subcutaneous
909368,701028,4002,2022-11-06,11.2,units,Twice Daily,Oral
909369,701481,4001,2023-09-15,50.1,mg,As Needed,Subcutaneous
909370,700502,4002,2021-08-02,78.1,units,Twice Daily,Subcutaneous
909371,702578,4039,2021-12-11,13.0,mcg,Once Daily,Topical
909372,703679,4030,2021-09-13,89.8,units,Twice Daily,Subcutaneous
909373,705789,4040,2024-11-24,91.6,mcg,As Needed,IM
909374,701111,4025,2021-09-21,62.9,mg,Once Daily,IM
909375,702813,4017,2022-07-19,72.4,mL,Once Daily,Topical
909376,700706,4037,2024-07-23,42.8,units,Three Times Daily,IM
909377,702131,4005,2022-02-21,36.0,mg,Once Daily,Topical
909378,705756,4005,2022-05-04,77.9,units,As Needed,IM
909379,706098,4039,2023-05-07,16.5,mL,Twice Daily,Topical
909380,702801,4023,2021-06-10,56.7,units,Twice Daily,Subcutaneous
909381,705215,4040,2021-03-30,50.4,units,Once Daily,Oral
909382,703174,4017,2024-06-06,74.6,mg,Twice Daily,Topical
909383,702115,4017,2023-03-13,84.9,mcg,Once Daily,IM
909384,700687,4045,2025-09-28,64.7,units,Three Times Daily,Oral
909385,701939,4005,2024-03-07,93.3,mL,Once Daily,IM
909386,702445,4027,2023-08-18,43.7,mL,Twice Daily,Subcutaneous
909387,701482,4039,2025-11-29,84.4,mcg,Once Daily,Subcutaneous
909388,702393,4016,2021-09-16,19.2,mcg,Twice Daily,Topical
909389,702449,4002,2022-08-06,0.9,mL,Twice Daily,Topical
909390,705307,4042,2024-03-19,63.2,units,As Needed,Oral
909391,701285,4043,2021-10-15,18.2,mg,Three Times Daily,IV
909392,705785,4039,2025-04-16,97.8,mcg,Three Times Daily,IM
909393,706095,4005,2022-01-28,6.8,mL,Once Daily,IM
909394,705116,4011,2021-12-04,56.1,mL,Twice Daily,IV
909395,703210,4002,2022-10-13,87.0,mcg,Twice Daily,IV
909396,702265,4031,2021-06-29,59.3,mg,Once Daily,IV
909397,704618,4001,2023-10-29,49.1,mg,As Needed,IM
909398,705518,4016,2022-11-29,50.3,mg,Once Daily,Oral
909399,705788,4033,2024-06-05,16.0,mcg,Once Daily,Oral
909400,700121,4018,2021-05-03,43.6,units,Twice Daily,Subcutaneous
909401,706434,4028,2021-11-12,93.6,mg,Once Daily,IM
909402,704185,4034,2022-03-02,4.0,mg,Three Times Daily,Topical
909403,701532,4023,2023-03-23,65.3,units,Three Times Daily,IM
909404,702482,4033,2024-06-09,65.1,mg,As Needed,Topical
909405,704641,4011,2021-12-27,92.6,mL,As Needed,IM
909406,705148,4041,2021-08-23,11.9,mcg,Twice Daily,Subcutaneous
909407,700251,4034,2025-03-11,70.1,mcg,Once Daily,IM
909408,705563,4004,2025-06-24,84.2,mL,Once Daily,IM
909409,703169,4015,2022-12-29,11.5,mg,Twice Daily,IV
909410,706441,4019,2024-08-01,27.8,units,As Needed,Topical
909411,704997,4028,2021-06-21,56.8,units,Three Times Daily,Oral
909412,701767,4028,2025-09-02,1.2,mcg,Three Times Daily,IV
909413,702237,4011,2021-03-08,10.6,mcg,Once Daily,Subcutaneous
909414,705290,4007,2022-12-08,5.3,mL,Once Daily,Oral
909415,702701,4037,2022-10-05,0.8,units,As Needed,IM
909416,702789,4018,2025-03-24,58.1,units,Once Daily,Oral
909417,704213,4015,2024-05-12,52.1,mL,Once Daily,Oral
909418,703707,4018,2025-12-16,47.7,mcg,Three Times Daily,IM
909419,703482,4010,2022-02-16,97.1,mL,Three Times Daily,Subcutaneous
909420,703810,4028,2022-01-31,55.4,units,Once Daily,IV
909421,701350,4012,2021-11-03,95.1,mcg,Once Daily,Topical
909422,706309,4040,2024-07-19,60.2,mcg,Once Daily,Subcutaneous
909423,706194,4045,2023-08-11,63.8,units,Twice Daily,IM
909424,704960,4016,2023-07-03,11.5,mcg,As Needed,Topical
909425,706399,4030,2025-01-30,42.4,units,Once Daily,Subcutaneous
909426,704522,4035,2022-09-21,84.4,units,Once Daily,Subcutaneous
909427,706061,4003,2022-06-23,84.8,mg,Three Times Daily,IM
909428,705167,4018,2022-05-22,83.4,mg,Twice Daily,IV
909429,702530,4011,2024-12-10,62.7,mcg,As Needed,IM
909430,700211,4036,2024-03-24,46.2,mcg,Twice Daily,IV
909431,704272,4042,2025-06-15,70.7,mcg,Twice Daily,Oral
909432,705948,4003,2025-08-31,35.9,mg,Three Times Daily,Topical
909433,701034,4008,2024-02-23,31.1,units,Three Times Daily,Topical
909434,704601,4002,2022-07-29,78.4,mg,Three Times Daily,Subcutaneous
909435,706069,4017,2022-05-15,32.3,mL,As Needed,Subcutaneous
909436,701985,4001,2025-04-01,17.0,mL,Twice Daily,IM
909437,700321,4015,2023-11-19,97.6,mL,Twice Daily,IV
909438,701087,4010,2024-10-31,52.0,mcg,Three Times Daily,IM
909439,706335,4017,2025-06-07,28.6,mL,Twice Daily,Oral
909440,704809,4003,2023-11-22,45.1,mg,Twice Daily,Oral
909441,705065,4044,2022-02-01,16.5,mL,As Needed,IV
909442,702121,4028,2023-06-28,29.2,mL,Once Daily,IM
909443,706082,4017,2022-11-22,44.5,mg,Twice Daily,Subcutaneous
909444,705182,4034,2022-12-29,19.5,units,As Needed,Topical
909445,704135,4040,2025-04-23,69.4,mcg,Once Daily,IM
909446,704833,4004,2022-05-23,14.4,mg,Twice Daily,IV
909447,700959,4019,2025-07-26,86.8,mL,Once Daily,IM
909448,704817,4015,2021-04-19,70.4,mg,Once Daily,IM
909449,700329,4025,2024-04-18,53.1,mcg,Three Times Daily,Oral
909450,702205,4044,2024-06-13,82.6,mcg,Three Times Daily,IM
909451,705541,4016,2023-05-12,5.9,mg,As Needed,Subcutaneous
909452,703986,4030,2025-12-25,69.0,mL,Three Times Daily,IM
909453,701163,4035,2021-04-02,19.0,units,Once Daily,Oral
909454,703945,4023,2025-10-09,28.9,units,Once Daily,IM
909455,702464,4014,2021-04-28,40.1,mcg,Three Times Daily,Oral
909456,706182,4013,2024-04-12,53.1,mcg,Three Times Daily,Subcutaneous
909457,703629,4029,2023-09-03,75.8,mcg,Three Times Daily,Topical
909458,701135,4024,2021-06-04,22.0,mL,Twice Daily,IM
909459,704163,4043,2023-03-20,57.9,mcg,Twice Daily,IV
909460,700459,4025,2023-12-14,27.1,mcg,As Needed,Oral
909461,702088,4018,2022-05-16,15.7,units,As Needed,Oral
909462,700374,4004,2025-10-05,91.4,units,Once Daily,Subcutaneous
909463,702455,4030,2023-09-07,47.2,units,Once Daily,IM
909464,703679,4012,2023-07-02,19.6,mg,Once Daily,Oral
909465,701313,4028,2022-02-01,82.5,mcg,As Needed,Oral
909466,700366,4021,2023-04-07,32.2,units,As Needed,Topical
909467,706221,4026,2025-01-23,13.5,mg,Once Daily,Topical
909468,705196,4022,2024-07-09,6.6,mg,Twice Daily,IV
909469,703118,4041,2023-05-18,33.8,mg,Once Daily,Topical
909470,702924,4018,2025-02-17,85.0,mg,Once Daily,IM
909471,702771,4030,2023-08-02,43.5,mL,As Needed,Oral
909472,704869,4009,2025-11-15,17.8,mL,Three Times Daily,Topical
909473,701909,4021,2025-01-23,30.1,mcg,Three Times Daily,Oral
909474,706135,4029,2024-05-14,12.5,mg,Three Times Daily,Subcutaneous
909475,703261,4037,2022-05-06,68.1,mcg,Once Daily,IM
909476,700355,4034,2022-03-17,18.2,mcg,Once Daily,IV
909477,701599,4041,2023-11-09,44.6,mcg,Once Daily,Subcutaneous
909478,703332,4035,2024-10-07,4.0,mcg,Once Daily,IM
909479,705274,4020,2022-11-24,65.7,units,Twice Daily,IV
909480,701073,4001,2022-02-09,30.3,units,As Needed,IV
909481,705000,4032,2024-03-19,18.5,mcg,As Needed,Topical
909482,700156,4017,2021-10-28,70.3,mcg,Twice Daily,Topical
909483,700796,4021,2021-02-11,46.9,mcg,Twice Daily,IM
909484,700565,4026,2025-08-28,69.5,mcg,Twice Daily,Subcutaneous
909485,701214,4033,2023-10-07,45.3,mg,As Needed,IV
909486,702142,4037,2025-07-08,16.7,mL,Once Daily,IM
909487,706359,4028,2025-03-10,59.0,mcg,As Needed,Oral
909488,703582,4028,2022-04-09,88.8,mg,Three Times Daily,Topical
909489,701462,4014,2025-10-08,79.3,mg,As Needed,Oral
909490,705293,4033,2021-12-29,41.1,mg,Twice Daily,Oral
909491,705383,4027,2024-09-13,84.4,mcg,Twice Daily,Topical
909492,702058,4032,2024-05-11,3.9,mcg,As Needed,Topical
909493,705335,4020,2025-03-04,76.9,units,Once Daily,Topical
909494,705640,4012,2025-10-30,70.0,mg,As Needed,Subcutaneous
909495,705392,4040,2024-08-18,72.5,mcg,As Needed,Oral
909496,704871,4005,2023-11-24,14.2,mg,Three Times Daily,Subcutaneous
909497,706013,4030,2021-02-20,1.3,units,Three Times Daily,Topical
909498,702984,4039,2025-08-13,31.8,mcg,Once Daily,Oral
909499,704321,4027,2021-11-02,31.2,mcg,Twice Daily,Oral
909500,705563,4022,2022-08-16,59.4,mg,Three Times Daily,IV
909501,705066,4009,2025-01-27,33.2,mcg,Once Daily,Topical
909502,706466,4030,2025-04-22,17.9,mcg,Once Daily,IV
909503,701726,4030,2023-03-02,95.5,mL,As Needed,IM
909504,700727,4031,2023-01-22,65.8,units,Three Times Daily,IM
909505,701072,4006,2022-01-06,32.9,mg,Three Times Daily,Topical
909506,704844,4036,2022-04-26,58.4,mcg,Three Times Daily,IM
909507,704739,4003,2022-05-01,55.4,mcg,Twice Daily,Subcutaneous
909508,702349,4013,2023-09-19,80.4,units,Three Times Daily,IV
909509,704882,4009,2023-01-20,74.9,units,As Needed,Topical
909510,701093,4006,2025-06-24,21.6,mL,As Needed,IV
909511,701649,4032,2023-06-26,49.6,mL,As Needed,IV
909512,702118,4031,2023-03-23,36.2,mL,Once Daily,IM
909513,703905,4022,2024-06-18,20.3,mcg,As Needed,Oral
909514,700646,4031,2022-01-18,82.5,units,Twice Daily,Subcutaneous
909515,706068,4025,2022-03-09,4.8,units,Twice Daily,IM
909516,703914,4031,2022-10-03,23.4,mg,Three Times Daily,Oral
909517,701526,4018,2021-06-11,84.5,mL,Once Daily,Topical
909518,700213,4035,2024-08-01,70.9,mL,Three Times Daily,IV
909519,700778,4021,2025-06-07,43.7,mg,Once Daily,IV
909520,700870,4032,2024-06-06,24.1,units,As Needed,IM
909521,705496,4045,2025-09-06,34.1,mcg,As Needed,IM
909522,703104,4002,2024-07-11,72.2,mg,Twice Daily,Topical
909523,705145,4022,2023-03-31,71.5,units,Twice Daily,Oral
909524,701778,4030,2024-07-30,32.7,units,Twice Daily,Oral
909525,705905,4042,2025-04-21,80.6,units,Three Times Daily,Topical
909526,704643,4017,2023-05-21,74.6,units,As Needed,IM
909527,704448,4016,2021-09-24,41.1,mcg,As Needed,Subcutaneous
909528,702330,4031,2023-04-18,75.3,mcg,Once Daily,Topical
909529,705104,4037,2024-02-19,9.4,mL,Twice Daily,Subcutaneous
909530,704065,4043,2023-12-23,40.1,mL,Twice Daily,IM
909531,702269,4043,2025-01-15,72.8,mg,Twice Daily,Subcutaneous
909532,705480,4010,2022-04-04,32.8,mcg,Twice Daily,IV
909533,704715,4019,2021-01-25,10.0,mL,As Needed,Oral
909534,703473,4003,2024-05-26,16.8,mL,Once Daily,Topical
909535,701032,4012,2022-10-09,59.9,units,Once Daily,IM
909536,702595,4034,2024-02-26,99.3,units,Twice Daily,Oral
909537,701421,4019,2024-06-26,93.3,mg,Three Times Daily,Oral
909538,705865,4027,2021-12-13,38.4,mcg,As Needed,IV
909539,702814,4023,2023-09-19,19.4,mcg,Once Daily,IV
909540,706404,4002,2025-09-11,72.9,mg,Twice Daily,Oral
909541,700920,4032,2025-06-17,85.7,mcg,Twice Daily,IM
909542,701009,4001,2023-08-28,88.2,mg,As Needed,IM
909543,702028,4035,2024-07-26,26.3,mcg,Twice Daily,IV
909544,700551,4029,2023-07-16,52.2,mL,Once Daily,Subcutaneous
909545,704720,4005,2022-03-29,15.2,units,Once Daily,IM
909546,704454,4007,2022-10-29,0.7,mg,Once Daily,IV
909547,705930,4020,2022-01-28,13.3,mg,Twice Daily,Oral
909548,702118,4040,2024-04-11,82.4,mg,Twice Daily,IV
909549,704597,4001,2025-12-10,49.9,mcg,As Needed,Oral
909550,700570,4002,2024-07-19,26.1,mL,Three Times Daily,IV
909551,706156,4007,2025-03-01,99.3,mcg,Once Daily,IM
909552,704326,4017,2024-01-02,32.9,mg,Twice Daily,IV
909553,705603,4032,2022-06-30,53.5,units,Once Daily,Subcutaneous
909554,702592,4012,2024-09-08,59.6,units,Once Daily,Topical
909555,705297,4042,2021-10-27,19.4,mL,As Needed,Oral
909556,705385,4040,2021-11-29,19.6,mL,Twice Daily,Subcutaneous
909557,705642,4041,2022-05-17,95.6,mL,Once Daily,IM
909558,703344,4019,2022-09-15,49.7,mcg,Twice Daily,IM
909559,704659,4045,2024-08-11,30.9,mcg,Once Daily,Oral
909560,703763,4037,2021-09-18,15.5,mL,Once Daily,IM
909561,705135,4010,2021-06-24,4.5,units,Once Daily,Oral
909562,702186,4031,2022-11-21,94.2,mL,Twice Daily,IM
909563,703366,4007,2025-07-08,23.7,mcg,As Needed,IV
909564,704221,4006,2021-03-31,46.3,mL,Once Daily,Subcutaneous
909565,705015,4039,2024-05-05,4.1,mL,Once Daily,Oral
909566,704261,4008,2024-12-23,79.6,mg,As Needed,Topical
909567,704425,4045,2025-07-09,28.6,mg,Twice Daily,Subcutaneous
909568,703305,4042,2022-07-04,95.7,mg,As Needed,Topical
909569,701825,4015,2022-12-26,81.7,mL,Once Daily,Subcutaneous
909570,704561,4043,2023-02-05,85.0,mL,Twice Daily,Oral
909571,700291,4003,2024-08-16,20.9,units,Three Times Daily,IM
909572,700658,4027,2023-07-13,19.5,mcg,As Needed,IV
909573,705257,4033,2023-05-11,61.3,mg,As Needed,IM
909574,703598,4041,2022-06-19,12.6,units,Twice Daily,IM
909575,702985,4029,2023-11-14,96.1,mg,Once Daily,Subcutaneous
909576,703194,4023,2021-03-19,10.0,mcg,Twice Daily,Oral
909577,703518,4040,2024-01-06,70.3,mL,Three Times Daily,Topical
909578,702623,4036,2024-03-16,16.8,mL,As Needed,Topical
909579,702237,4035,2025-02-06,62.3,units,As Needed,Oral
909580,702413,4039,2022-07-12,86.7,mL,As Needed,Subcutaneous
909581,703229,4028,2025-02-12,21.0,units,As Needed,IV
909582,705051,4024,2025-12-22,13.2,mL,Once Daily,IV
909583,705794,4016,2021-01-25,63.3,mg,As Needed,Topical
909584,705415,4035,2021-06-14,10.1,mL,Once Daily,Oral
909585,703374,4002,2022-10-03,86.9,mL,Three Times Daily,Oral
909586,700577,4033,2021-06-15,88.7,mg,Three Times Daily,IM
909587,704890,4020,2025-02-06,76.9,mcg,Twice Daily,Oral
909588,702964,4042,2024-05-13,38.9,units,Twice Daily,Topical
909589,706344,4037,2022-09-11,40.7,mg,As Needed,Oral
909590,705437,4006,2024-01-21,21.7,mL,Twice Daily,Subcutaneous
909591,702612,4003,2023-12-19,64.8,mL,Twice Daily,IM
909592,700112,4026,2023-06-27,8.0,mcg,Three Times Daily,Topical
909593,703505,4032,2024-08-23,75.7,mL,Once Daily,Topical
909594,703100,4030,2022-04-17,20.2,units,As Needed,IM
909595,704312,4022,2021-03-10,91.2,mL,Once Daily,Subcutaneous
909596,702999,4026,2024-03-17,74.2,mg,Twice Daily,Oral
909597,704454,4005,2022-05-21,42.2,units,As Needed,Topical
909598,700173,4040,2024-10-26,30.2,units,Once Daily,IV
909599,703054,4024,2022-08-24,25.0,mL,Once Daily,Subcutaneous
909600,706217,4024,2022-11-23,69.2,mcg,Twice Daily,Topical
909601,701475,4026,2024-11-05,89.5,mL,Twice Daily,Oral
909602,701211,4015,2024-07-07,94.5,units,Three Times Daily,IM
909603,704286,4007,2021-04-24,96.7,mcg,Twice Daily,Topical
909604,705025,4030,2024-08-09,94.0,mcg,Three Times Daily,IM
909605,702221,4020,2025-12-10,71.4,mcg,As Needed,Topical
909606,702632,4007,2025-07-24,19.9,units,Once Daily,IV
909607,700412,4037,2025-03-07,33.8,mcg,Once Daily,Subcutaneous
909608,700933,4002,2025-09-18,38.8,units,Once Daily,IM
909609,705837,4031,2024-01-27,66.1,units,As Needed,IV
909610,700492,4005,2021-11-16,44.7,units,Three Times Daily,IM
909611,705968,4009,2021-12-04,35.0,mg,Twice Daily,IV
909612,702680,4041,2023-04-05,36.1,mcg,Three Times Daily,IV
909613,700279,4040,2025-10-13,55.9,mL,Once Daily,Topical
909614,702372,4038,2022-07-10,75.0,mL,Once Daily,Oral
909615,701427,4024,2023-04-27,27.2,mcg,Once Daily,IV
909616,704897,4004,2022-11-03,55.0,mL,Once Daily,Oral
909617,704325,4038,2025-08-27,17.4,mg,Twice Daily,IM
909618,703020,4037,2024-06-29,99.9,units,Once Daily,IM
909619,704175,4006,2022-11-27,53.2,mL,Once Daily,Subcutaneous
909620,705307,4022,2023-02-17,23.0,mg,As Needed,IM
909621,701041,4001,2024-12-13,63.6,mg,As Needed,Oral
909622,704086,4030,2024-09-03,27.8,mL,Twice Daily,Oral
909623,704375,4008,2022-06-20,67.3,units,Three Times Daily,Topical
909624,706359,4024,2021-08-16,23.4,units,Twice Daily,Oral
909625,705730,4027,2022-08-02,13.6,units,Once Daily,IV
909626,700963,4034,2021-12-17,25.5,mg,As Needed,IV
909627,700251,4024,2021-03-12,56.9,mcg,As Needed,Subcutaneous
909628,702989,4027,2022-03-29,45.9,mg,Once Daily,Topical
909629,701317,4004,2022-04-17,75.2,mL,Three Times Daily,Oral
909630,701568,4023,2025-03-08,25.7,mL,Twice Daily,Oral
909631,705510,4026,2021-12-22,66.0,mL,Once Daily,IV
909632,700372,4032,2023-03-02,37.7,mg,Three Times Daily,Oral
909633,704569,4036,2024-03-16,47.3,units,Three Times Daily,IM
909634,705050,4039,2021-05-09,91.8,units,Three Times Daily,IM
909635,701140,4005,2025-03-17,79.5,mcg,As Needed,Subcutaneous
909636,701511,4041,2022-11-15,25.4,units,As Needed,Subcutaneous
909637,704160,4043,2022-05-06,70.6,units,As Needed,Oral
909638,701866,4038,2025-07-28,12.6,mL,As Needed,IV
909639,706419,4024,2023-07-26,99.8,mcg,Once Daily,Oral
909640,704669,4030,2021-10-30,89.0,mcg,Three Times Daily,IM
909641,702996,4011,2022-07-07,84.8,mg,As Needed,Oral
909642,702890,4030,2024-08-14,64.2,units,Three Times Daily,Oral
909643,703151,4004,2025-01-31,20.3,units,Three Times Daily,IV
909644,700693,4044,2022-03-04,49.9,mg,Three Times Daily,IM
909645,703657,4034,2021-04-21,46.0,units,Twice Daily,Subcutaneous
909646,704770,4043,2024-09-06,41.7,mg,Once Daily,IV
909647,705880,4001,2025-12-09,65.5,units,Three Times Daily,Subcutaneous
909648,700500,4041,2022-03-21,74.0,mL,Once Daily,Subcutaneous
909649,706424,4021,2023-07-11,27.5,units,Once Daily,IM
909650,703205,4014,2023-01-13,66.4,mg,Once Daily,IM
909651,703163,4007,2024-10-22,36.8,mg,Once Daily,IM
909652,703519,4040,2023-11-05,2.2,units,Once Daily,Oral
909653,703481,4036,2025-12-15,16.2,units,Twice Daily,Topical
909654,705853,4043,2021-11-02,65.1,units,Twice Daily,IV
909655,702110,4007,2023-05-07,81.4,units,Twice Daily,Subcutaneous
909656,704978,4034,2025-10-01,6.7,mcg,As Needed,Subcutaneous
909657,706142,4036,2021-02-14,16.1,mcg,Three Times Daily,Subcutaneous
909658,702898,4023,2023-03-30,46.3,units,As Needed,Subcutaneous
909659,700456,4004,2024-07-02,11.2,mg,Once Daily,IV
909660,704031,4024,2021-05-06,65.2,mcg,Twice Daily,Topical
909661,701428,4017,2025-06-07,3.9,mL,Once Daily,Topical
909662,704702,4023,2024-12-21,11.2,mcg,Twice Daily,IV
909663,703584,4019,2024-04-09,73.1,units,Three Times Daily,Topical
909664,702864,4040,2022-06-30,82.8,mcg,Once Daily,Subcutaneous
909665,703850,4028,2022-01-22,26.0,mcg,As Needed,Oral
909666,706456,4036,2021-03-26,46.1,mL,Twice Daily,IM
909667,701598,4034,2021-01-24,58.1,mL,Twice Daily,IV
909668,705404,4023,2022-07-20,2.7,mL,Three Times Daily,Topical
909669,706100,4020,2025-08-21,71.0,mg,Once Daily,Subcutaneous
909670,700285,4036,2022-08-04,6.4,units,Once Daily,Oral
909671,700538,4044,2021-11-18,18.5,mcg,Once Daily,Subcutaneous
909672,701525,4002,2025-06-14,73.5,units,Once Daily,Oral
909673,702554,4015,2024-08-27,83.2,mL,Twice Daily,Oral
909674,703374,4012,2025-05-26,71.2,mcg,Once Daily,Subcutaneous
909675,705064,4029,2024-06-02,91.7,mL,Three Times Daily,Topical
909676,701376,4036,2021-06-07,98.7,units,Three Times Daily,IV
909677,701455,4028,2023-01-14,81.3,mL,Twice Daily,Subcutaneous
909678,704886,4010,2024-04-29,61.9,units,As Needed,Subcutaneous
909679,700800,4009,2023-03-24,5.9,units,Twice Daily,Topical
909680,702166,4040,2024-06-05,90.1,units,As Needed,IV
909681,705362,4016,2023-01-12,29.1,mL,Three Times Daily,IV
909682,706500,4010,2025-03-26,39.4,mcg,As Needed,Oral
909683,704022,4036,2021-02-18,52.3,mcg,Three Times Daily,IM
909684,702259,4016,2025-08-25,88.4,mg,Twice Daily,IM
909685,703643,4029,2023-06-26,80.4,mg,Twice Daily,IV
909686,704625,4005,2025-12-15,50.6,units,Twice Daily,IM
909687,705573,4024,2022-06-21,87.9,mcg,Once Daily,Subcutaneous
909688,705604,4023,2022-04-08,85.3,mL,As Needed,Subcutaneous
909689,700166,4034,2023-06-28,34.8,mg,Three Times Daily,IM
909690,704443,4004,2021-08-22,28.5,units,Twice Daily,Topical
909691,703974,4028,2023-06-14,39.6,units,Three Times Daily,Oral
909692,700137,4005,2024-07-26,76.8,units,Three Times Daily,Oral
909693,706210,4036,2024-01-12,63.0,units,As Needed,IV
909694,702024,4009,2024-10-27,12.4,mL,Once Daily,Topical
909695,703988,4017,2023-04-15,32.3,units,Twice Daily,IM
909696,705489,4003,2022-12-26,87.8,mg,As Needed,Oral
909697,702018,4002,2023-09-28,93.3,mL,Three Times Daily,IV
909698,705693,4017,2024-12-14,13.9,units,Twice Daily,Oral
909699,701630,4011,2024-06-23,97.5,mg,Once Daily,Subcutaneous
909700,702074,4010,2025-11-26,62.9,mcg,As Needed,IM
909701,703299,4027,2024-05-14,80.0,mL,Twice Daily,Subcutaneous
909702,703180,4043,2022-04-28,82.9,mg,Twice Daily,IV
909703,705565,4026,2021-04-23,15.0,units,Once Daily,Topical
909704,700513,4029,2022-06-20,62.3,mcg,As Needed,Topical
909705,706111,4021,2023-11-13,14.3,mg,Once Daily,IV
909706,705267,4011,2021-05-19,44.0,units,Three Times Daily,Topical
909707,704731,4004,2025-05-31,36.0,units,As Needed,IM
909708,701501,4030,2024-05-24,84.7,units,Once Daily,Oral
909709,700314,4038,2023-09-06,15.3,units,Twice Daily,Subcutaneous
909710,702748,4004,2022-09-30,85.2,units,As Needed,Oral
909711,702906,4003,2024-10-19,35.9,units,As Needed,Subcutaneous
909712,706039,4041,2021-09-11,6.6,mcg,Three Times Daily,Oral
909713,704149,4025,2022-04-22,66.6,mg,Once Daily,IM
909714,702647,4004,2023-03-26,99.5,units,Three Times Daily,IM
909715,704837,4017,2022-06-02,89.0,mL,As Needed,IM
909716,704627,4003,2025-10-25,92.5,units,As Needed,Subcutaneous
909717,706055,4017,2023-05-30,36.5,units,Twice Daily,IM
909718,701504,4004,2022-06-23,20.9,mg,Twice Daily,IV
909719,700412,4006,2021-04-15,86.6,units,Three Times Daily,Oral
909720,700387,4029,2023-03-11,3.6,mg,Twice Daily,IV
909721,705395,4036,2021-04-29,94.8,mL,As Needed,IV
909722,701816,4014,2021-11-27,37.6,units,Twice Daily,IM
909723,700696,4032,2025-07-06,70.1,mg,Once Daily,IV
909724,700347,4005,2023-01-17,38.7,mcg,Twice Daily,IV
909725,705512,4001,2024-05-17,62.4,mg,Twice Daily,Oral
909726,700465,4022,2023-09-19,33.7,mcg,Twice Daily,Subcutaneous
909727,706350,4020,2024-04-26,32.0,mcg,Once Daily,Oral
909728,702271,4025,2022-10-26,36.2,mL,Once Daily,Oral
909729,704019,4024,2021-01-02,79.0,units,Once Daily,Subcutaneous
909730,703900,4045,2021-08-20,20.9,mg,Twice Daily,Subcutaneous
909731,701234,4003,2022-01-03,44.0,units,Once Daily,IV
909732,705181,4022,2022-07-27,30.7,mL,Three Times Daily,Oral
909733,703926,4011,2024-01-16,8.7,mcg,As Needed,Topical
909734,702759,4035,2023-11-09,72.8,mL,Twice Daily,IM
909735,703739,4012,2021-11-10,88.3,mcg,As Needed,Oral
909736,700549,4019,2021-02-22,24.9,mcg,Three Times Daily,IV
909737,705683,4009,2025-09-28,37.8,mL,Once Daily,IV
909738,706353,4028,2025-06-10,88.5,mg,Three Times Daily,IM
909739,703569,4016,2024-10-01,88.7,units,Three Times Daily,IM
909740,703363,4017,2024-09-13,71.7,mg,As Needed,Subcutaneous
909741,701325,4036,2023-07-21,47.2,mg,As Needed,Oral
909742,700194,4041,2024-08-04,15.9,mcg,As Needed,IM
909743,703075,4032,2021-09-19,59.8,mL,Once Daily,IV
909744,706357,4045,2021-07-18,38.7,mcg,Three Times Daily,Topical
909745,700549,4039,2023-07-20,32.3,mcg,Twice Daily,IM
909746,700267,4011,2024-06-28,82.9,mL,Twice Daily,IV
909747,700763,4013,2023-11-23,41.9,units,Three Times Daily,Oral
909748,701665,4036,2024-01-31,51.1,mcg,Three Times Daily,IM
909749,702812,4009,2024-03-14,41.9,units,Twice Daily,IV
909750,705267,4044,2021-08-21,70.5,mcg,Twice Daily,Topical
909751,703925,4040,2023-09-11,21.9,mg,Once Daily,IM
909752,705172,4006,2025-01-07,66.0,mg,As Needed,Topical
909753,700284,4019,2021-04-03,52.0,mcg,Once Daily,Subcutaneous
909754,700594,4024,2023-05-28,76.5,units,Once Daily,Oral
909755,700107,4035,2021-06-17,52.4,mL,As Needed,IM
909756,705413,4037,2023-12-01,37.0,mL,As Needed,IV
909757,702195,4042,2023-01-02,11.9,mcg,As Needed,Topical
909758,702382,4030,2021-04-03,51.7,mg,Three Times Daily,IV
909759,701340,4012,2021-12-04,31.5,mL,As Needed,Oral
909760,704865,4022,2024-12-09,89.9,units,Three Times Daily,IM
909761,701627,4018,2021-07-21,25.2,mcg,Twice Daily,Topical
909762,701792,4023,2024-10-30,79.9,mL,Three Times Daily,Topical
909763,701932,4024,2022-04-19,46.8,mg,As Needed,Oral
909764,701835,4012,2024-03-11,1.8,mcg,Three Times Daily,Topical
909765,704279,4018,2023-07-31,27.1,units,Three Times Daily,Topical
909766,700485,4019,2023-11-19,91.7,units,Three Times Daily,Subcutaneous
909767,702009,4016,2024-11-21,31.2,mcg,Once Daily,IM
909768,703399,4005,2024-11-21,58.9,units,Once Daily,IV
909769,704203,4039,2023-04-24,58.3,mcg,Three Times Daily,IM
909770,702556,4007,2021-03-12,66.1,units,Once Daily,IM
909771,703312,4024,2022-01-15,95.1,mg,As Needed,Oral
909772,705662,4031,2023-11-17,74.1,mcg,Once Daily,Subcutaneous
909773,700348,4007,2021-08-27,56.3,units,Once Daily,Oral
909774,700520,4005,2025-02-03,91.4,mg,Once Daily,Subcutaneous
909775,704311,4029,2021-02-21,77.6,units,Twice Daily,Subcutaneous
909776,705388,4020,2025-08-11,25.8,mcg,Three Times Daily,Topical
909777,703520,4037,2025-09-25,24.0,mg,Once Daily,Subcutaneous
909778,703161,4005,2023-10-25,85.1,mcg,Once Daily,IV
909779,704937,4022,2024-11-04,12.8,mL,Three Times Daily,IV
909780,703054,4039,2021-04-07,18.6,mcg,As Needed,Topical
909781,705521,4012,2023-11-15,70.3,units,As Needed,IM
909782,706246,4042,2021-03-28,18.8,mcg,As Needed,IM
909783,700940,4016,2021-02-13,85.8,units,Once Daily,Topical
909784,700260,4001,2023-01-04,20.2,mL,Once Daily,Subcutaneous
909785,704006,4005,2021-08-02,27.6,mcg,Three Times Daily,Subcutaneous
909786,705982,4007,2022-08-14,52.6,mcg,Twice Daily,Topical
909787,702904,4034,2024-07-24,60.8,mg,As Needed,Topical
909788,701841,4001,2023-11-10,56.0,units,Twice Daily,IV
909789,700999,4041,2024-02-23,47.1,mcg,As Needed,IM
909790,703770,4030,2024-10-30,7.7,mcg,As Needed,Topical
909791,706409,4010,2023-03-26,59.1,units,Twice Daily,IV
909792,702776,4045,2024-07-03,75.9,mL,As Needed,Oral
909793,703864,4003,2025-08-04,47.1,mcg,Three Times Daily,IV
909794,700463,4015,2024-02-19,29.0,units,Three Times Daily,Topical
909795,702439,4009,2021-11-08,14.0,mL,As Needed,IV
909796,700824,4042,2024-04-24,33.1,mg,Once Daily,IM
909797,705652,4004,2024-04-22,92.2,mcg,Once Daily,IM
909798,701523,4003,2023-09-03,37.2,units,Three Times Daily,IV
909799,700420,4003,2021-09-18,73.7,mg,Three Times Daily,Topical
909800,702511,4023,2023-05-12,30.0,mcg,Three Times Daily,IM
909801,704904,4005,2022-02-11,12.6,units,Twice Daily,IM
909802,702732,4003,2022-03-19,87.8,mg,Once Daily,Subcutaneous
909803,703735,4038,2022-08-25,21.3,mg,Once Daily,Subcutaneous
909804,705829,4028,2022-07-11,8.5,units,Twice Daily,Oral
909805,701490,4044,2024-04-25,38.7,mL,Twice Daily,IV
909806,705385,4029,2024-11-20,85.3,mg,Once Daily,IV
909807,702986,4033,2025-01-23,10.1,mL,As Needed,IV
909808,703286,4021,2021-05-29,16.5,mcg,As Needed,Topical
909809,701058,4030,2024-01-26,71.9,mL,As Needed,IV
909810,702875,4012,2022-06-28,35.1,mcg,Once Daily,Topical
909811,706465,4031,2021-06-22,56.9,mcg,Three Times Daily,IM
909812,702422,4031,2024-11-24,37.5,mcg,As Needed,Topical
909813,700094,4008,2022-04-29,97.5,units,Twice Daily,Subcutaneous
909814,705971,4045,2024-02-01,86.1,units,As Needed,Topical
909815,703907,4037,2025-10-10,77.4,mL,Twice Daily,IV
909816,704828,4003,2022-10-20,67.1,mg,As Needed,IM
909817,701354,4042,2021-02-20,50.5,units,As Needed,Oral
909818,701545,4009,2024-06-27,40.9,mL,Once Daily,IV
909819,702204,4023,2024-01-28,1.1,mL,Three Times Daily,Subcutaneous
909820,703595,4041,2025-03-04,68.4,units,As Needed,Subcutaneous
909821,702064,4014,2025-02-14,56.6,mg,Three Times Daily,Subcutaneous
909822,706307,4039,2024-07-08,10.2,mcg,Once Daily,Subcutaneous
909823,705835,4018,2021-10-28,69.6,mg,Twice Daily,Topical
909824,701048,4012,2025-01-12,53.2,mcg,Once Daily,Topical
909825,701699,4041,2021-05-19,34.0,mL,Twice Daily,IM
909826,703227,4014,2025-01-22,23.3,units,Three Times Daily,IV
909827,706061,4027,2025-08-10,64.0,mcg,Once Daily,IV
909828,703611,4044,2023-05-25,19.8,units,Once Daily,Topical
909829,706189,4033,2024-07-14,51.2,mcg,Once Daily,Subcutaneous
909830,702725,4018,2023-08-22,73.8,mL,Once Daily,IM
909831,704634,4001,2023-01-01,79.3,mL,Three Times Daily,Subcutaneous
909832,706322,4032,2021-12-30,42.4,mg,As Needed,Topical
909833,700889,4020,2022-09-01,40.5,mcg,Twice Daily,IV
909834,704518,4036,2024-02-14,53.2,mL,Twice Daily,IV
909835,704475,4029,2024-12-19,33.8,mcg,Twice Daily,Subcutaneous
909836,702034,4025,2021-09-17,86.6,mcg,Once Daily,Oral
909837,701035,4020,2021-03-14,66.2,mL,Three Times Daily,IV
909838,702810,4030,2021-11-22,36.9,mg,Twice Daily,IM
909839,701910,4042,2025-09-27,17.9,mcg,As Needed,Subcutaneous
909840,704939,4028,2023-08-24,97.7,mcg,As Needed,IM
909841,704037,4024,2021-11-05,96.2,mL,As Needed,Topical
909842,704741,4024,2023-05-29,23.6,units,Once Daily,Topical
909843,701360,4023,2024-06-29,28.0,mcg,Once Daily,Subcutaneous
909844,704366,4044,2022-02-14,29.0,mL,As Needed,Topical
909845,704769,4039,2023-03-11,34.7,mL,Once Daily,IM
909846,703892,4001,2022-05-28,31.9,units,Three Times Daily,IV
909847,705893,4032,2023-12-13,1.6,mg,Once Daily,Subcutaneous
909848,703626,4005,2022-12-07,77.5,mg,Once Daily,IM
909849,703999,4015,2023-07-18,57.5,mg,Three Times Daily,IM
909850,705939,4010,2024-06-08,8.5,units,Twice Daily,IV
909851,703747,4033,2022-04-01,97.2,mg,Three Times Daily,IM
909852,701681,4040,2024-03-23,33.8,mcg,As Needed,Topical
909853,700061,4023,2022-07-17,85.9,mg,Twice Daily,IV
909854,702636,4038,2021-11-17,94.1,units,Twice Daily,Oral
909855,703820,4012,2023-01-20,2.1,mcg,Once Daily,IM
909856,703492,4030,2025-01-03,96.2,mL,Once Daily,Topical
909857,704007,4011,2023-07-31,37.5,units,Twice Daily,Topical
909858,701351,4042,2025-05-11,10.5,mg,Three Times Daily,IV
909859,705176,4020,2023-05-03,56.9,units,Once Daily,Topical
909860,702128,4038,2022-11-21,4.4,mcg,As Needed,IV
909861,701951,4004,2024-11-11,30.6,mL,Three Times Daily,Oral
909862,701775,4042,2025-07-11,83.6,mg,As Needed,IV
909863,706229,4015,2024-07-23,79.4,units,Three Times Daily,IV
909864,702285,4017,2024-03-30,97.2,mL,Twice Daily,IV
909865,702532,4020,2022-12-11,3.4,units,As Needed,Topical
909866,704147,4012,2022-05-22,55.4,units,Once Daily,Oral
909867,705695,4038,2024-08-01,10.9,mcg,Once Daily,Oral
909868,700491,4007,2023-07-14,91.0,mg,Twice Daily,IV
909869,702006,4010,2024-02-10,4.2,mcg,As Needed,IM
909870,705099,4039,2023-07-01,92.3,mcg,Once Daily,IM
909871,704378,4037,2021-04-08,30.5,mcg,Three Times Daily,IV
909872,700891,4003,2021-06-05,66.9,units,As Needed,IM
909873,702943,4029,2022-11-26,44.6,mg,Three Times Daily,IM
909874,705197,4038,2023-09-11,60.9,mL,Three Times Daily,IV
909875,700716,4024,2022-04-09,42.1,mL,Three Times Daily,Topical
909876,700357,4017,2023-02-13,71.7,mcg,Twice Daily,IV
909877,706228,4003,2021-05-12,18.0,mcg,As Needed,Subcutaneous
909878,701806,4009,2024-08-23,31.9,mcg,Twice Daily,IM
909879,706313,4026,2024-01-20,23.8,mg,Twice Daily,IV
909880,704877,4014,2025-01-18,31.2,mg,Once Daily,Topical
909881,701416,4007,2025-12-07,17.4,mcg,Three Times Daily,Oral
909882,703317,4013,2022-05-22,61.5,units,Once Daily,Topical
909883,705599,4023,2024-11-26,45.3,mcg,As Needed,IM
909884,704589,4004,2022-02-03,40.2,mg,As Needed,Subcutaneous
909885,700603,4037,2025-02-10,86.2,mg,Twice Daily,Subcutaneous
909886,702847,4029,2025-07-06,60.2,mcg,Three Times Daily,IM
909887,702881,4033,2023-05-26,54.6,mL,As Needed,Subcutaneous
909888,702851,4021,2021-03-11,67.6,mg,Twice Daily,Oral
909889,700632,4019,2022-10-16,62.3,mcg,Once Daily,IV
909890,700512,4005,2025-01-26,65.2,mcg,Three Times Daily,IM
909891,705292,4015,2023-07-03,63.2,mcg,Once Daily,Topical
909892,705585,4040,2023-07-09,28.6,mg,As Needed,IM
909893,700854,4039,2022-06-03,70.9,mcg,Three Times Daily,IM
909894,705489,4042,2022-07-08,51.3,mcg,Twice Daily,IM
909895,706045,4004,2022-08-13,77.8,units,As Needed,Topical
909896,705947,4024,2023-05-16,33.8,mcg,Once Daily,Topical
909897,700268,4045,2025-12-08,52.8,mg,Once Daily,IM
909898,704741,4040,2021-12-31,75.0,mcg,Three Times Daily,IM
909899,705575,4034,2025-03-10,35.0,mcg,As Needed,Subcutaneous
909900,702770,4020,2022-12-25,71.0,mcg,Twice Daily,Subcutaneous
909901,700762,4017,2025-05-25,76.0,mg,Three Times Daily,Topical
909902,704506,4013,2022-05-27,55.1,mg,Twice Daily,Topical
909903,700455,4030,2021-09-03,21.4,units,Once Daily,Subcutaneous
909904,700275,4001,2025-10-02,93.7,mcg,Once Daily,IV
909905,704431,4008,2024-11-28,47.3,mcg,Twice Daily,Topical
909906,703845,4018,2023-10-28,86.3,mL,Once Daily,IV
909907,700969,4001,2024-08-02,90.8,mcg,Twice Daily,Oral
909908,700725,4020,2023-07-18,8.1,mL,As Needed,Subcutaneous
909909,703823,4037,2024-10-15,42.9,mcg,Three Times Daily,IM
909910,704194,4039,2022-01-18,41.6,units,Three Times Daily,Oral
909911,702710,4037,2023-09-16,48.1,mg,Twice Daily,Topical
909912,701689,4005,2021-08-06,19.6,mcg,Once Daily,Oral
909913,700002,4026,2024-09-01,93.6,mL,Once Daily,Oral
909914,705936,4042,2023-12-22,15.5,mL,As Needed,Topical
909915,700077,4022,2024-07-27,12.3,mL,Once Daily,IV
909916,705774,4026,2022-10-01,25.7,mcg,As Needed,Oral
909917,704590,4006,2024-02-28,8.4,mg,Three Times Daily,Topical
909918,702370,4008,2023-04-27,40.5,mcg,Once Daily,IM
909919,702815,4039,2021-07-02,23.2,mg,As Needed,IM
909920,703764,4009,2025-06-03,48.1,mL,Three Times Daily,IM
909921,702834,4007,2021-07-23,57.2,units,Once Daily,Subcutaneous
909922,700011,4026,2023-09-14,51.6,units,Three Times Daily,Subcutaneous
909923,701576,4041,2021-10-24,88.7,mcg,As Needed,Subcutaneous
909924,704367,4044,2023-03-16,89.3,units,Three Times Daily,Oral
909925,706385,4018,2024-02-27,59.6,mg,Once Daily,Subcutaneous
909926,703255,4034,2021-08-09,53.0,mcg,Twice Daily,IM
909927,700057,4024,2025-04-07,39.1,mcg,Once Daily,Subcutaneous
909928,702404,4001,2025-12-03,69.3,mL,Three Times Daily,Subcutaneous
909929,702429,4043,2023-11-25,21.9,mL,Twice Daily,Topical
909930,703789,4005,2022-09-15,27.3,mL,Twice Daily,Subcutaneous
909931,703090,4033,2023-03-24,55.4,mL,As Needed,Oral
909932,705661,4016,2023-05-31,60.6,mg,Once Daily,IM
909933,706231,4033,2024-01-29,71.9,mL,Once Daily,Oral
909934,701903,4025,2023-01-04,96.0,mg,Three Times Daily,IV
909935,706123,4023,2023-05-30,5.4,mL,Twice Daily,IM
909936,702602,4006,2022-11-29,64.0,mL,Twice Daily,Subcutaneous
909937,704995,4030,2024-01-11,51.1,units,Twice Daily,IV
909938,704758,4003,2022-10-05,39.5,mL,Once Daily,IV
909939,702235,4019,2022-07-20,9.6,mL,Once Daily,Subcutaneous
909940,703657,4030,2022-11-05,70.0,mcg,Once Daily,IV
909941,700560,4040,2025-02-14,73.7,mcg,As Needed,Oral
909942,704829,4024,2023-02-08,16.7,mcg,Once Daily,Topical
909943,703798,4042,2021-04-11,69.8,mg,Twice Daily,Oral
909944,700836,4029,2022-06-16,4.1,mg,Once Daily,IM
909945,705472,4017,2023-10-04,15.9,mg,Twice Daily,Oral
909946,705663,4038,2023-04-12,20.7,mL,As Needed,Topical
909947,705341,4041,2023-10-17,96.6,mL,As Needed,Subcutaneous
909948,702503,4025,2025-06-05,55.7,units,As Needed,Subcutaneous
909949,704874,4044,2025-07-05,50.9,mcg,As Needed,IV
909950,704575,4001,2025-12-26,98.1,mcg,As Needed,IV
909951,702155,4016,2024-03-06,16.3,mcg,As Needed,Oral
909952,705736,4012,2024-07-16,97.4,units,Three Times Daily,IV
909953,703085,4011,2025-06-21,23.8,units,As Needed,Topical
909954,705567,4010,2023-05-18,66.5,mL,Once Daily,IV
909955,704082,4003,2023-11-08,76.5,mcg,As Needed,IV
909956,701262,4029,2024-07-12,1.5,units,Three Times Daily,Oral
909957,704548,4034,2024-06-17,73.5,mL,As Needed,Subcutaneous
909958,704414,4031,2021-11-18,50.9,mL,Once Daily,Oral
909959,704758,4004,2024-08-11,52.2,units,Once Daily,Topical
909960,701710,4032,2024-12-09,31.9,mg,Twice Daily,IV
909961,703525,4003,2023-12-29,90.7,mL,Once Daily,IM
909962,706098,4045,2021-10-17,19.5,mcg,Once Daily,IV
909963,704735,4036,2023-02-08,38.2,mL,Once Daily,Subcutaneous
909964,703203,4018,2024-11-07,4.7,units,Once Daily,IV
909965,702485,4038,2022-07-20,44.5,mL,Three Times Daily,IM
909966,706486,4022,2021-06-15,91.7,mg,As Needed,Oral
909967,704406,4005,2022-11-02,24.7,units,As Needed,IV
909968,703241,4044,2025-05-04,78.7,mL,Once Daily,Subcutaneous
909969,701391,4021,2024-11-05,4.3,mg,Three Times Daily,Oral
909970,703809,4005,2024-01-10,82.1,mcg,Twice Daily,Subcutaneous
909971,703097,4026,2022-10-28,31.6,mcg,Once Daily,Subcutaneous
909972,701904,4022,2022-01-25,6.7,mL,Three Times Daily,IM
909973,704046,4009,2022-09-24,33.6,units,As Needed,IV
909974,705885,4022,2022-03-09,56.3,mcg,Twice Daily,IM
909975,705900,4045,2023-02-27,93.0,mg,Three Times Daily,Topical
909976,705640,4012,2021-06-02,33.2,units,Twice Daily,Oral
909977,704150,4042,2022-07-30,37.7,mL,Once Daily,Topical
909978,702452,4013,2021-06-14,69.6,units,As Needed,Subcutaneous
909979,702876,4039,2022-08-18,2.5,mcg,Once Daily,Oral
909980,700580,4020,2021-01-30,70.6,mg,Three Times Daily,IM
909981,706244,4005,2021-03-23,4.3,units,As Needed,IM
909982,701140,4003,2025-02-08,94.5,mcg,Three Times Daily,Oral
909983,704786,4020,2025-11-30,99.4,units,Once Daily,Topical
909984,702362,4015,2024-04-01,74.6,mcg,Twice Daily,Oral
909985,702514,4028,2021-07-12,44.2,mg,Once Daily,Topical
909986,700715,4005,2022-10-02,18.4,mL,As Needed,IV
909987,701974,4030,2024-09-24,4.8,mcg,As Needed,IV
909988,701002,4014,2024-05-10,83.0,mg,Three Times Daily,Oral
909989,701778,4001,2025-11-18,77.4,mcg,Once Daily,IM
909990,702561,4043,2023-11-13,91.9,units,Twice Daily,Subcutaneous
909991,700323,4007,2022-07-24,27.0,mg,Twice Daily,Topical
909992,704420,4028,2025-05-30,41.9,units,Twice Daily,Subcutaneous
909993,704020,4029,2023-04-21,91.1,units,Once Daily,IM
909994,705901,4008,2024-07-03,37.2,mg,Twice Daily,Subcutaneous
909995,701209,4021,2024-08-05,27.6,mcg,As Needed,Subcutaneous
909996,702608,4038,2023-09-07,58.7,mL,Once Daily,Topical
909997,704454,4035,2025-03-11,47.6,mg,Three Times Daily,IV
909998,702835,4042,2022-02-27,20.9,mL,Three Times Daily,IV
909999,702026,4027,2024-07-23,88.0,mg,As Needed,Topical
910000,702889,4012,2023-03-23,64.0,mg,Three Times Daily,Topical
910001,701758,4020,2022-08-12,27.3,mL,As Needed,Subcutaneous
910002,705666,4039,2021-01-27,63.5,mcg,Twice Daily,Topical
910003,703903,4021,2022-06-08,95.2,mcg,As Needed,Subcutaneous
910004,701176,4019,2021-12-24,18.6,mcg,Once Daily,Oral
910005,705605,4013,2021-09-13,63.0,mL,As Needed,Subcutaneous
910006,705087,4003,2023-07-04,99.8,mg,Once Daily,Topical
910007,702345,4034,2021-09-05,49.5,mg,As Needed,IV
910008,705719,4027,2024-01-26,76.7,units,Twice Daily,IM
910009,703024,4018,2021-06-10,70.9,units,Three Times Daily,IM
910010,706185,4003,2021-03-07,49.6,units,As Needed,IV
910011,702362,4037,2023-03-25,42.7,units,Twice Daily,IM
910012,705550,4003,2021-08-21,67.9,mg,Three Times Daily,Oral
910013,703345,4038,2023-02-16,59.6,mcg,Twice Daily,Topical
910014,704360,4036,2024-04-01,48.2,units,Once Daily,Oral
910015,701139,4017,2025-07-17,12.4,mg,Three Times Daily,IM
910016,700520,4043,2024-12-22,77.8,mL,Three Times Daily,Oral
910017,702978,4026,2021-03-02,80.1,mg,Three Times Daily,Topical
910018,701472,4018,2025-01-17,33.5,units,Once Daily,IV
910019,700268,4021,2022-11-28,31.6,mg,Twice Daily,IV
910020,703757,4025,2024-09-14,47.1,mcg,Twice Daily,IV
910021,701234,4036,2022-07-14,35.4,mL,Three Times Daily,Topical
910022,701188,4033,2021-12-13,77.7,mL,Once Daily,IM
910023,704666,4031,2021-01-30,95.8,mL,As Needed,Topical
910024,702462,4008,2023-12-14,9.8,mg,Three Times Daily,IM
910025,701685,4034,2021-05-27,14.4,units,Twice Daily,Topical
910026,704874,4043,2021-11-06,37.9,mL,Three Times Daily,IM
910027,701106,4040,2022-03-24,45.4,units,Three Times Daily,Oral
910028,702691,4020,2023-03-06,25.8,mL,Three Times Daily,Topical
910029,704245,4037,2022-03-20,89.9,mL,As Needed,Topical
910030,702335,4044,2022-01-31,73.9,mL,As Needed,IM
910031,700867,4043,2022-08-31,87.6,mL,Three Times Daily,IM
910032,703139,4026,2021-03-04,35.4,mcg,Three Times Daily,Oral
910033,701492,4025,2023-05-16,88.5,units,Once Daily,Subcutaneous
910034,705693,4029,2021-06-04,91.7,mg,Twice Daily,IM
910035,704261,4024,2022-07-03,91.7,mL,Twice Daily,IV
910036,700387,4011,2022-01-12,1.0,mL,Once Daily,IV
910037,700735,4007,2024-12-17,47.6,mcg,Twice Daily,Oral
910038,703020,4006,2025-05-04,71.2,units,Once Daily,Oral
910039,705823,4024,2023-02-20,78.1,mg,Once Daily,Subcutaneous
910040,701795,4039,2025-12-23,22.3,mL,As Needed,IV
910041,705637,4010,2022-07-26,60.4,mL,As Needed,IM
910042,705958,4029,2023-03-12,46.3,mcg,Three Times Daily,IM
910043,704808,4041,2022-02-26,67.1,mg,Twice Daily,IM
910044,702215,4010,2023-10-14,74.1,mg,Twice Daily,IV
910045,702130,4005,2025-06-26,46.0,mg,Three Times Daily,IM
910046,705397,4036,2025-03-04,3.8,mL,Once Daily,IV
910047,705920,4013,2021-03-14,62.2,mL,Three Times Daily,Topical
910048,701795,4025,2024-05-10,99.5,mg,As Needed,Subcutaneous
910049,705552,4011,2024-05-17,80.1,mcg,Twice Daily,Topical
910050,701003,4004,2024-10-14,22.8,mL,Once Daily,Oral
910051,705424,4033,2021-09-16,69.9,units,Three Times Daily,Subcutaneous
910052,700664,4016,2022-05-17,41.8,units,Once Daily,Oral
910053,702609,4039,2024-12-01,30.8,mL,Twice Daily,Topical
910054,704179,4041,2022-10-07,41.8,mg,As Needed,Topical
910055,703591,4040,2023-03-01,67.2,mcg,Three Times Daily,IV
910056,702260,4044,2021-08-19,71.0,mL,Once Daily,Subcutaneous
910057,702334,4033,2024-11-30,7.2,mg,Three Times Daily,Oral
910058,704443,4016,2022-03-13,74.2,mcg,As Needed,Oral
910059,700475,4014,2023-04-10,87.6,units,Twice Daily,Oral
910060,701023,4015,2021-10-30,69.3,mg,Three Times Daily,Topical
910061,700561,4043,2022-12-14,39.2,mcg,Three Times Daily,Topical
910062,703201,4036,2023-08-02,85.1,mcg,As Needed,IV
910063,704999,4036,2023-07-10,46.9,units,Twice Daily,Topical
910064,706161,4040,2022-10-27,62.7,units,Once Daily,Topical
910065,705930,4032,2023-09-12,18.8,units,As Needed,IV
910066,702975,4022,2023-05-05,2.1,mcg,Three Times Daily,IM
910067,700997,4002,2021-11-12,63.4,units,Once Daily,IV
910068,702701,4009,2023-05-12,18.8,units,As Needed,IM
910069,701675,4044,2022-01-13,5.6,mg,Twice Daily,IV
910070,704764,4028,2022-07-31,19.2,mg,Twice Daily,IV
910071,705896,4043,2024-01-31,74.0,mg,Three Times Daily,IM
910072,705007,4009,2025-12-11,26.7,mcg,Twice Daily,Oral
910073,702386,4040,2021-03-20,62.3,mL,As Needed,Subcutaneous
910074,704420,4034,2022-09-07,69.4,mg,Three Times Daily,Oral
910075,705455,4001,2024-04-30,22.4,mL,As Needed,Topical
910076,702567,4043,2025-02-06,61.3,mcg,Twice Daily,IV
910077,703262,4027,2023-02-23,27.4,mg,Three Times Daily,Oral
910078,702293,4010,2024-12-27,68.8,mg,As Needed,IV
910079,700618,4045,2021-04-09,23.9,mL,As Needed,Oral
910080,702383,4017,2024-07-26,46.4,mcg,Once Daily,IV
910081,705443,4003,2021-01-24,28.3,mg,Once Daily,IM
910082,706103,4016,2025-04-22,99.4,units,Once Daily,Subcutaneous
910083,703499,4018,2025-06-01,66.2,mL,As Needed,IV
910084,703783,4026,2022-11-08,11.7,mcg,Three Times Daily,Oral
910085,703074,4016,2025-12-10,95.0,mg,Three Times Daily,Topical
910086,701024,4018,2021-03-10,68.7,mg,Once Daily,IM
910087,702721,4009,2022-02-03,55.4,mL,Three Times Daily,Topical
910088,701746,4013,2022-02-01,33.1,mcg,Twice Daily,IV
910089,702602,4044,2025-05-12,42.8,mcg,As Needed,Oral
910090,701251,4027,2025-09-04,65.6,units,Twice Daily,IM
910091,705031,4012,2021-09-28,21.6,units,Twice Daily,Oral
910092,705327,4030,2024-03-06,44.7,units,As Needed,Oral
910093,704481,4032,2024-10-08,66.5,units,As Needed,Topical
910094,704186,4005,2024-07-23,53.9,mg,Twice Daily,IM
910095,700545,4034,2024-02-28,89.6,units,Three Times Daily,IM
910096,700809,4012,2023-10-09,28.9,mcg,Twice Daily,Topical
910097,704313,4024,2023-09-30,91.8,mcg,Three Times Daily,Oral
910098,702136,4033,2024-06-09,69.1,mL,Twice Daily,IV
910099,704832,4042,2023-04-18,34.5,mg,As Needed,Subcutaneous
910100,703899,4002,2022-05-21,15.1,mg,Three Times Daily,Topical
910101,702649,4036,2022-08-02,29.8,mcg,Once Daily,Topical
910102,706234,4006,2024-08-13,23.1,units,As Needed,Oral
910103,702921,4041,2022-06-12,91.1,units,As Needed,IM
910104,704796,4032,2024-04-05,51.1,units,Twice Daily,IV
910105,701452,4034,2022-04-29,67.6,units,Twice Daily,IV
910106,706465,4026,2024-10-25,7.2,mg,Three Times Daily,Topical
910107,704210,4033,2025-07-25,94.8,mL,As Needed,Topical
910108,706094,4002,2023-04-16,88.6,mL,Three Times Daily,IM
910109,704071,4014,2021-01-06,50.5,mcg,As Needed,Topical
910110,705979,4037,2025-06-02,94.9,mcg,As Needed,Topical
910111,702423,4015,2022-02-20,53.0,mg,Once Daily,IV
910112,701916,4017,2024-07-07,85.8,mg,Once Daily,IM
910113,701417,4028,2024-04-21,63.0,mg,Twice Daily,IM
910114,700162,4022,2023-06-27,30.7,mcg,Once Daily,Topical
910115,703012,4041,2021-02-27,74.2,mg,Once Daily,IM
910116,704370,4020,2023-08-04,31.0,mcg,Three Times Daily,Oral
910117,700040,4028,2023-09-06,32.1,mg,Once Daily,IV
910118,702864,4019,2025-05-30,77.4,units,Once Daily,Subcutaneous
910119,700656,4019,2022-12-10,57.4,units,Once Daily,Topical
910120,706470,4004,2025-10-25,57.2,mL,Three Times Daily,Subcutaneous
910121,705301,4043,2022-05-03,43.6,mcg,Once Daily,IM
910122,704062,4007,2025-04-07,27.4,mg,Twice Daily,Topical
910123,706219,4013,2024-04-14,67.4,mcg,Three Times Daily,IM
910124,705223,4012,2022-06-25,98.7,mcg,Once Daily,Subcutaneous
910125,705507,4010,2021-09-11,16.9,mL,Once Daily,IM
910126,704416,4016,2024-05-27,14.0,units,Twice Daily,Oral
910127,703245,4015,2022-02-16,36.0,mg,As Needed,Topical
910128,700383,4039,2022-03-25,65.6,mg,As Needed,IV
910129,700568,4030,2022-05-16,75.6,mg,Three Times Daily,IM
910130,700578,4041,2021-04-08,47.5,mL,Twice Daily,IM
910131,702567,4033,2024-12-28,2.0,mL,Once Daily,IV
910132,706252,4021,2023-06-26,37.2,mcg,Three Times Daily,IM
910133,704669,4013,2023-05-22,89.9,mg,Twice Daily,Oral
910134,702298,4034,2021-07-03,44.5,mL,Twice Daily,Topical
910135,702763,4002,2023-08-22,8.7,mL,Three Times Daily,Subcutaneous
910136,700896,4019,2025-12-12,14.8,mg,As Needed,Subcutaneous
910137,702662,4042,2025-06-21,60.7,mg,Three Times Daily,Subcutaneous
910138,704735,4027,2022-03-16,41.8,units,Three Times Daily,Topical
910139,705367,4007,2025-02-28,2.4,mcg,Three Times Daily,Subcutaneous
910140,703133,4040,2024-02-07,83.6,mL,Twice Daily,IM
910141,700517,4001,2025-06-05,50.7,units,Three Times Daily,Subcutaneous
910142,702335,4004,2025-07-29,78.6,mL,As Needed,Oral
910143,705693,4016,2025-09-10,83.0,units,Three Times Daily,Oral
910144,702288,4027,2025-09-29,17.2,mg,Three Times Daily,Oral
910145,706320,4007,2024-02-13,88.5,mcg,Twice Daily,Subcutaneous
910146,705090,4018,2021-01-01,36.3,mcg,As Needed,IM
910147,700779,4001,2021-06-14,18.8,mcg,As Needed,Topical
910148,701291,4001,2023-04-18,38.0,mL,As Needed,IV
910149,702284,4012,2023-12-18,97.5,mcg,Three Times Daily,Oral
910150,703848,4044,2025-12-25,91.5,mcg,Once Daily,Subcutaneous
910151,702522,4011,2022-03-17,95.1,mcg,Twice Daily,Topical
910152,700774,4006,2023-11-01,0.8,mg,Once Daily,Subcutaneous
910153,701312,4023,2024-05-03,23.5,mL,Once Daily,Oral
910154,703509,4007,2021-03-20,72.8,units,Once Daily,Subcutaneous
910155,703818,4043,2021-10-10,79.7,mcg,Three Times Daily,Oral
910156,700541,4036,2025-04-24,52.2,mL,Twice Daily,Oral
910157,704972,4011,2022-05-18,33.4,units,Three Times Daily,Oral
910158,704824,4044,2024-03-13,34.5,mcg,As Needed,IM
910159,701984,4001,2024-11-27,53.9,mcg,As Needed,Subcutaneous
910160,705651,4042,2025-08-08,0.8,units,Three Times Daily,IV
910161,703179,4022,2023-11-05,69.3,mcg,Twice Daily,Topical
910162,701988,4031,2025-11-27,57.4,units,Three Times Daily,Subcutaneous
910163,705593,4014,2025-11-11,51.2,mg,Three Times Daily,IV
910164,704319,4010,2021-09-10,20.3,units,Three Times Daily,IV
910165,701601,4045,2024-06-01,18.0,mcg,Once Daily,IM
910166,704915,4036,2024-06-29,10.8,mg,As Needed,Oral
910167,702423,4033,2024-12-11,91.4,mg,Three Times Daily,Topical
910168,702129,4041,2025-12-23,87.0,mcg,Twice Daily,Oral
910169,700949,4002,2024-08-13,58.2,mcg,Once Daily,Topical
910170,704199,4015,2022-08-18,27.6,mg,Three Times Daily,Subcutaneous
910171,703321,4012,2022-10-10,75.9,mcg,Three Times Daily,IV
910172,704530,4008,2025-06-01,15.2,mg,As Needed,Topical
910173,700432,4041,2021-05-08,81.2,mL,As Needed,IM
910174,703946,4038,2023-01-06,81.7,units,Three Times Daily,Subcutaneous
910175,701363,4018,2021-01-01,29.0,mcg,As Needed,IV
910176,703385,4013,2024-08-30,49.3,mg,Once Daily,Topical
910177,705231,4027,2024-10-18,61.5,mcg,As Needed,IM
910178,701705,4028,2021-11-03,20.7,mcg,Three Times Daily,Subcutaneous
910179,703101,4003,2022-04-09,34.0,mL,Three Times Daily,Subcutaneous
910180,703267,4044,2025-04-16,60.1,mL,As Needed,Topical
910181,703424,4030,2022-03-05,55.4,mg,As Needed,Oral
910182,700655,4025,2025-02-22,44.3,units,As Needed,IM
910183,705097,4037,2024-07-12,23.3,mg,Three Times Daily,Subcutaneous
910184,705757,4027,2025-08-04,54.0,mL,Twice Daily,IM
910185,703765,4015,2021-05-04,37.4,mg,Three Times Daily,IM
910186,702893,4038,2025-08-29,21.1,mg,As Needed,Oral
910187,706166,4011,2025-11-05,30.5,mcg,Three Times Daily,IV
910188,705814,4032,2021-11-21,24.1,mg,Once Daily,IV
910189,701869,4007,2023-10-12,38.2,mL,Twice Daily,Subcutaneous
910190,701686,4017,2024-11-11,96.4,mg,Three Times Daily,Oral
910191,701672,4009,2025-12-24,93.7,units,As Needed,IM
910192,702876,4039,2021-10-17,66.4,mcg,Twice Daily,Subcutaneous
910193,703999,4030,2021-03-15,74.8,mL,As Needed,Subcutaneous
910194,706235,4034,2024-06-11,39.6,mL,Three Times Daily,IV
910195,705413,4003,2024-10-06,77.6,mL,Twice Daily,Subcutaneous
910196,701056,4043,2023-11-17,84.9,mcg,Twice Daily,IV
910197,704076,4029,2023-11-19,80.0,mg,Three Times Daily,Subcutaneous
910198,700915,4004,2022-06-16,19.8,mg,Three Times Daily,IV
910199,704486,4024,2022-10-20,82.2,mL,As Needed,IM
910200,703226,4029,2025-02-12,81.4,units,Three Times Daily,Topical
910201,705651,4018,2024-11-14,71.5,mg,Once Daily,IV
910202,702556,4045,2023-11-05,84.6,mcg,Twice Daily,IM
910203,705639,4037,2025-09-08,84.3,mcg,Twice Daily,Topical
910204,702653,4039,2022-04-03,57.8,units,Three Times Daily,Oral
910205,703078,4017,2021-10-06,67.7,mL,As Needed,Topical
910206,706009,4039,2024-08-26,35.0,mcg,Twice Daily,Oral
910207,702763,4003,2022-08-11,11.9,mg,Twice Daily,IM
910208,704207,4015,2024-02-14,53.9,units,Twice Daily,Subcutaneous
910209,705873,4010,2023-08-18,52.5,mcg,Three Times Daily,IM
910210,704868,4026,2021-11-03,79.7,mL,Twice Daily,Oral
910211,704991,4040,2025-03-14,19.5,mcg,Twice Daily,IV
910212,706134,4015,2025-06-02,85.0,units,Once Daily,IM
910213,706206,4036,2021-08-29,79.2,mg,Once Daily,Oral
910214,701249,4012,2022-04-14,72.9,mcg,As Needed,Subcutaneous
910215,703993,4028,2022-02-04,18.7,mcg,Twice Daily,Oral
910216,701373,4018,2024-02-28,32.4,units,Once Daily,IM
910217,701999,4003,2022-12-28,42.1,mg,Once Daily,IM
910218,703777,4026,2021-08-17,0.5,mL,Twice Daily,IM
910219,700021,4027,2024-12-08,20.4,mg,Twice Daily,IV
910220,700015,4016,2023-06-02,66.6,mg,Twice Daily,Topical
910221,700650,4020,2022-04-23,57.7,mcg,Once Daily,Oral
910222,704625,4027,2022-05-11,94.6,mL,Twice Daily,Oral
910223,703417,4019,2025-07-10,17.4,mcg,Three Times Daily,Oral
910224,702049,4004,2024-06-27,52.0,units,Twice Daily,Oral
910225,703283,4039,2023-07-25,2.5,mL,Twice Daily,IV
910226,701281,4042,2021-01-16,58.4,mL,Once Daily,IM
910227,700497,4039,2024-02-02,11.0,mcg,As Needed,Subcutaneous
910228,705816,4037,2025-06-05,9.4,mcg,Twice Daily,Oral
910229,701067,4033,2023-09-06,44.3,mg,Once Daily,Oral
910230,703895,4001,2022-01-24,34.1,mL,Once Daily,Topical
910231,703040,4002,2025-04-03,45.4,mg,As Needed,Topical
910232,700947,4044,2021-03-26,3.3,mcg,As Needed,IM
910233,702148,4032,2024-02-29,8.0,mg,As Needed,Subcutaneous
910234,703309,4025,2023-10-31,7.7,mL,As Needed,Subcutaneous
910235,703362,4015,2022-01-11,13.3,units,Three Times Daily,Topical
910236,704159,4038,2022-12-02,43.4,mg,As Needed,Subcutaneous
910237,701157,4034,2021-02-05,44.3,mg,Twice Daily,IV
910238,704641,4014,2023-08-31,32.7,units,Twice Daily,Oral
910239,700170,4045,2025-06-24,10.9,mcg,As Needed,Topical
910240,705831,4035,2022-02-14,86.1,mcg,Three Times Daily,Oral
910241,706144,4042,2025-01-27,63.0,mL,Once Daily,Topical
910242,701243,4039,2021-09-17,63.3,units,Three Times Daily,IM
910243,704567,4009,2025-01-20,31.5,units,Once Daily,IV
910244,705324,4038,2025-02-04,89.3,mcg,Three Times Daily,IV
910245,701516,4031,2021-05-06,30.9,mL,Three Times Daily,IM
910246,702654,4016,2025-06-07,65.2,mcg,As Needed,Topical
910247,701112,4041,2025-11-30,91.9,mg,Once Daily,Oral
910248,704999,4034,2022-09-10,99.4,mg,Three Times Daily,Topical
910249,702244,4023,2025-12-22,20.9,mL,Twice Daily,IM
910250,702587,4018,2023-05-08,86.9,mg,Once Daily,Oral
910251,703481,4010,2022-05-26,71.4,mcg,Twice Daily,IV
910252,705283,4009,2025-09-08,7.7,units,As Needed,Oral
910253,701058,4021,2025-04-30,18.0,mcg,As Needed,Subcutaneous
910254,705696,4019,2022-03-30,51.3,mL,Twice Daily,IM
910255,702746,4011,2023-12-12,51.2,mL,Three Times Daily,Oral
910256,700654,4007,2023-08-12,78.6,units,Twice Daily,IM
910257,702692,4004,2023-10-21,43.6,mcg,Once Daily,IV
910258,704728,4018,2021-05-02,71.9,units,Once Daily,Oral
910259,702090,4017,2022-09-03,99.5,units,Three Times Daily,Oral
910260,703803,4029,2021-06-24,95.1,units,Twice Daily,IM
910261,702838,4028,2022-07-26,54.5,mg,As Needed,Oral
910262,705110,4035,2025-05-10,77.0,mg,As Needed,IM
910263,704163,4028,2021-11-18,34.5,mcg,Three Times Daily,Oral
910264,706037,4041,2023-04-15,78.3,units,Three Times Daily,IV
910265,702981,4004,2022-08-16,63.9,mg,As Needed,Subcutaneous
910266,705376,4012,2022-11-02,43.3,mL,As Needed,IM
910267,703975,4027,2025-08-29,48.5,mL,Once Daily,Oral
910268,703207,4030,2022-11-28,45.2,units,Twice Daily,IM
910269,702792,4004,2021-08-18,65.4,mg,As Needed,Subcutaneous
910270,704973,4037,2025-10-01,70.5,mcg,Twice Daily,Subcutaneous
910271,701909,4011,2025-04-12,49.2,mg,Twice Daily,Oral
910272,702141,4001,2023-12-17,86.3,mcg,As Needed,IV
910273,703309,4027,2023-12-27,94.7,mg,As Needed,Subcutaneous
910274,705229,4036,2022-07-30,67.8,mcg,Three Times Daily,Topical
910275,704309,4043,2022-07-16,19.5,mcg,Twice Daily,IV
910276,705933,4014,2021-07-20,18.2,mg,Twice Daily,IV
910277,703237,4023,2021-10-11,99.9,mcg,As Needed,IM
910278,701108,4026,2025-06-18,52.7,mcg,As Needed,IV
910279,705791,4015,2023-04-02,66.3,mL,As Needed,Topical
910280,702298,4003,2022-08-14,51.0,mg,Three Times Daily,IM
910281,704909,4031,2021-05-15,66.4,mcg,Three Times Daily,IV
910282,701735,4044,2022-02-22,46.1,mg,Twice Daily,IM
910283,702275,4024,2022-04-24,87.4,mcg,Three Times Daily,Oral
910284,703867,4033,2024-03-24,28.2,mg,Three Times Daily,Topical
910285,701507,4027,2024-04-23,99.5,mg,Three Times Daily,IM
910286,705975,4025,2024-03-08,62.0,mcg,As Needed,Topical
910287,705341,4039,2023-10-03,9.4,mL,Three Times Daily,Oral
910288,700366,4016,2022-01-04,45.9,mg,Three Times Daily,Subcutaneous
910289,703874,4006,2021-08-26,40.0,mL,Three Times Daily,Subcutaneous
910290,705138,4010,2022-08-19,93.4,mcg,Once Daily,IM
910291,700286,4026,2025-11-01,30.1,mL,Once Daily,Subcutaneous
910292,706121,4006,2024-08-20,46.8,mcg,Twice Daily,Subcutaneous
910293,700383,4021,2022-10-06,72.4,mg,As Needed,IV
910294,705251,4042,2025-09-23,9.4,units,Twice Daily,Topical
910295,702724,4022,2024-09-28,19.0,mcg,Once Daily,Oral
910296,703045,4009,2025-02-11,65.8,mg,Three Times Daily,IM
910297,702043,4040,2025-01-12,10.5,mcg,Once Daily,IV
910298,702841,4019,2021-08-26,29.0,units,As Needed,Oral
910299,705655,4038,2022-11-09,41.9,mL,Once Daily,Subcutaneous
910300,703905,4028,2022-03-26,22.4,mg,Three Times Daily,IV
910301,703237,4013,2025-02-23,33.1,mg,Once Daily,IM
910302,701685,4023,2023-10-17,24.3,mL,As Needed,Oral
910303,703550,4029,2024-07-02,77.8,mL,Twice Daily,Subcutaneous
910304,703936,4012,2022-09-27,24.6,mL,Twice Daily,Topical
910305,701967,4024,2024-04-29,78.8,mL,Twice Daily,Oral
910306,703504,4024,2022-08-13,25.2,mg,As Needed,Topical
910307,702213,4005,2021-12-20,6.7,units,Twice Daily,Oral
910308,705083,4045,2024-11-21,88.9,mg,Once Daily,IM
910309,700102,4009,2023-04-01,72.6,units,Twice Daily,Oral
910310,706051,4033,2025-06-10,21.7,mg,Twice Daily,Topical
910311,701348,4035,2021-03-28,30.8,mcg,Once Daily,Topical
910312,701810,4019,2024-11-03,23.5,mcg,As Needed,IM
910313,700134,4028,2022-11-27,73.9,units,Three Times Daily,Subcutaneous
910314,702222,4001,2024-07-06,1.8,mL,As Needed,Topical
910315,700809,4043,2022-10-19,96.3,units,As Needed,Oral
910316,706064,4040,2022-10-19,37.7,mL,Twice Daily,Subcutaneous
910317,705519,4038,2025-06-09,29.0,units,Once Daily,Oral
910318,706437,4028,2022-05-16,78.5,mg,Once Daily,Topical
910319,703098,4011,2022-10-21,32.5,mcg,As Needed,Subcutaneous
910320,702286,4021,2025-11-25,57.2,units,Three Times Daily,IM
910321,701178,4020,2025-01-24,41.1,units,Once Daily,Subcutaneous
910322,704146,4007,2023-03-30,62.9,units,As Needed,Oral
910323,704727,4001,2021-12-09,10.5,mL,As Needed,Topical
910324,705662,4021,2024-09-21,38.8,mg,Twice Daily,Oral
910325,706231,4007,2022-01-15,90.3,units,Three Times Daily,IM
910326,705282,4016,2021-11-11,97.6,mL,Three Times Daily,Oral
910327,705872,4011,2021-04-23,11.9,mcg,Twice Daily,Subcutaneous
910328,706190,4022,2021-08-07,66.0,mcg,As Needed,Oral
910329,705699,4014,2023-10-09,41.5,mL,As Needed,Topical
910330,705372,4038,2024-10-01,35.9,mL,As Needed,Subcutaneous
910331,702067,4002,2023-06-18,2.5,mL,Twice Daily,Subcutaneous
910332,706330,4020,2021-01-05,11.7,mcg,Twice Daily,Topical
910333,705875,4004,2025-08-05,23.7,units,Once Daily,Oral
910334,703559,4030,2022-10-10,46.5,mcg,Three Times Daily,Topical
910335,701389,4038,2023-10-04,67.0,units,Twice Daily,Subcutaneous
910336,703725,4042,2024-05-30,55.6,units,Once Daily,IM
910337,700458,4028,2022-10-17,43.3,mL,Three Times Daily,Subcutaneous
910338,701425,4021,2024-02-26,62.6,mg,Three Times Daily,IM
910339,700543,4012,2022-11-29,43.4,mL,Once Daily,IV
910340,702740,4033,2021-10-17,36.6,mcg,Once Daily,IV
910341,703241,4003,2022-02-22,97.6,mg,Once Daily,Subcutaneous
910342,704572,4035,2021-04-04,84.5,mcg,Three Times Daily,Topical
910343,701849,4019,2024-06-13,10.7,mL,Once Daily,Subcutaneous
910344,702142,4001,2024-01-11,66.8,mg,Three Times Daily,IM
910345,701767,4033,2025-07-17,99.5,mg,Twice Daily,Subcutaneous
910346,701501,4040,2024-03-24,62.0,units,As Needed,Oral
910347,704087,4030,2022-04-15,22.8,mg,As Needed,IM
910348,704301,4001,2022-11-09,67.2,mcg,Three Times Daily,Topical
910349,702843,4004,2024-08-01,19.0,mL,As Needed,Oral
910350,703391,4044,2021-02-07,82.1,units,Three Times Daily,IM
910351,705827,4004,2023-01-21,52.9,units,Once Daily,IM
910352,703804,4011,2025-05-04,27.6,mcg,Three Times Daily,Oral
910353,700567,4004,2021-07-23,35.0,mcg,Once Daily,Subcutaneous
910354,701324,4043,2021-01-06,71.8,mg,Once Daily,Subcutaneous
910355,701354,4016,2022-06-13,12.0,mcg,Three Times Daily,Oral
910356,706317,4017,2021-08-15,90.6,mL,Three Times Daily,IM
910357,703280,4032,2021-06-25,12.5,units,Twice Daily,Topical
910358,704321,4021,2025-07-26,41.6,mL,Once Daily,Topical
910359,701274,4041,2025-09-15,76.5,units,Three Times Daily,Oral
910360,703733,4034,2024-10-26,78.4,mg,Twice Daily,IV
910361,705606,4040,2023-08-24,10.2,units,Once Daily,Oral
910362,702073,4001,2021-05-25,28.0,mg,As Needed,Subcutaneous
910363,704539,4020,2025-03-12,35.4,mL,As Needed,Oral
910364,704034,4023,2023-02-02,91.6,mg,Once Daily,IM
910365,705034,4008,2021-09-05,46.4,mL,Twice Daily,IV
910366,702710,4014,2024-11-26,90.1,mcg,Twice Daily,Topical
910367,705506,4039,2023-01-21,85.7,mcg,Three Times Daily,IV
910368,704795,4009,2022-07-21,4.3,units,Once Daily,IV
910369,704235,4010,2025-01-30,70.0,units,Twice Daily,Oral
910370,705033,4040,2021-06-15,88.1,units,Once Daily,IM
910371,700220,4009,2022-01-21,36.9,units,As Needed,IV
910372,704228,4036,2024-06-10,48.7,mcg,Once Daily,IV
910373,704763,4021,2021-04-04,23.9,units,Once Daily,Oral
910374,701454,4041,2022-09-04,52.5,mL,Twice Daily,Topical
910375,704162,4016,2021-01-06,35.7,mg,As Needed,Subcutaneous
910376,705099,4023,2021-05-17,72.0,mcg,Once Daily,Topical
910377,702788,4035,2025-02-22,24.1,mL,Twice Daily,Subcutaneous
910378,701719,4029,2025-06-06,51.3,mcg,Three Times Daily,IV
910379,701702,4019,2021-01-07,47.1,mcg,Twice Daily,IM
910380,700389,4031,2022-10-10,40.6,units,Twice Daily,Subcutaneous
910381,704361,4031,2023-03-22,25.4,mcg,Twice Daily,Topical
910382,704477,4017,2023-04-05,71.4,mcg,As Needed,Oral
910383,702296,4026,2021-03-12,22.5,mL,Twice Daily,Oral
910384,701868,4017,2024-09-05,90.2,mcg,As Needed,Topical
910385,700307,4011,2024-11-01,61.0,mL,As Needed,IV
910386,702991,4013,2025-09-30,98.2,mcg,Twice Daily,IV
910387,704521,4003,2021-08-25,91.8,mcg,Twice Daily,Subcutaneous
910388,704911,4018,2023-07-06,15.0,units,Once Daily,Oral
910389,705724,4037,2025-06-18,78.4,mL,Three Times Daily,Subcutaneous
910390,705707,4029,2023-10-19,18.0,mL,Twice Daily,Oral
910391,703668,4028,2021-10-15,94.1,units,As Needed,IV
910392,703739,4026,2022-08-31,68.4,mg,Once Daily,Subcutaneous
910393,706176,4035,2024-07-19,19.2,mcg,Once Daily,Subcutaneous
910394,703129,4026,2025-07-30,17.4,mcg,Twice Daily,Subcutaneous
910395,703185,4035,2023-11-23,74.9,mg,Once Daily,Subcutaneous
910396,703193,4035,2022-12-17,62.0,units,As Needed,Subcutaneous
910397,700561,4029,2024-02-06,13.7,mL,Twice Daily,Oral
910398,704804,4005,2024-09-08,50.5,mcg,Three Times Daily,IV
910399,704400,4029,2024-12-09,82.7,mg,Twice Daily,Oral
910400,702638,4025,2024-11-23,15.3,mg,As Needed,Oral
910401,702566,4032,2024-02-11,1.8,mcg,Once Daily,Subcutaneous
910402,702371,4019,2025-05-14,13.7,mcg,Three Times Daily,IM
910403,705546,4038,2021-09-18,18.9,mg,Three Times Daily,Subcutaneous
910404,700126,4025,2021-07-16,63.4,mg,Three Times Daily,Subcutaneous
910405,700972,4031,2023-04-19,34.1,units,Three Times Daily,Topical
910406,706022,4025,2025-12-17,10.9,units,Three Times Daily,Topical
910407,701433,4010,2022-05-28,39.9,mL,As Needed,Oral
910408,704348,4037,2025-04-13,58.9,mg,Twice Daily,IM
910409,702395,4021,2021-05-22,30.9,units,Twice Daily,IV
910410,703572,4008,2024-02-03,58.5,mL,Once Daily,IV
910411,704835,4040,2021-01-24,91.2,mL,Once Daily,Topical
910412,700177,4006,2023-01-13,40.5,mcg,As Needed,IM
910413,701187,4007,2022-05-02,94.2,mcg,As Needed,Topical
910414,705756,4030,2021-11-26,86.1,units,Once Daily,IM
910415,706279,4045,2023-05-30,2.7,mg,Three Times Daily,Subcutaneous
910416,703796,4044,2022-02-13,67.1,mcg,Once Daily,Subcutaneous
910417,703179,4024,2025-05-15,34.3,mL,As Needed,IV
910418,703786,4008,2021-03-14,25.8,mg,Once Daily,Subcutaneous
910419,702699,4008,2024-05-13,73.8,mcg,Three Times Daily,IV
910420,701724,4031,2025-02-02,73.0,mcg,Once Daily,IV
910421,705225,4045,2023-02-09,68.9,mg,Twice Daily,IV
910422,701159,4041,2024-12-09,4.3,mcg,Twice Daily,Topical
910423,705840,4004,2021-11-16,59.5,mg,As Needed,IM
910424,705657,4036,2021-11-09,59.7,mL,Three Times Daily,IV
910425,704567,4045,2023-12-08,96.7,mg,Once Daily,Oral
910426,701244,4002,2022-04-28,78.1,mcg,Three Times Daily,Oral
910427,702676,4041,2025-03-17,36.4,mg,Three Times Daily,Topical
910428,703669,4022,2025-12-22,63.9,mcg,As Needed,Subcutaneous
910429,700772,4021,2023-02-15,89.1,mL,Once Daily,Oral
910430,702552,4035,2025-09-14,81.5,mL,As Needed,Topical
910431,704395,4039,2025-05-13,43.7,units,As Needed,Oral
910432,705165,4032,2021-10-12,92.6,mg,Once Daily,Oral
910433,703115,4005,2023-05-16,97.4,mg,Three Times Daily,Topical
910434,704744,4001,2022-11-06,77.0,mcg,Once Daily,IM
910435,705298,4031,2022-10-05,18.0,mg,Twice Daily,Subcutaneous
910436,701630,4026,2023-09-12,74.9,mg,Three Times Daily,IM
910437,701124,4026,2021-10-23,40.6,units,Twice Daily,Subcutaneous
910438,704540,4023,2021-12-04,24.8,mg,Twice Daily,Oral
910439,705791,4041,2021-06-22,11.9,mcg,Twice Daily,Topical
910440,703360,4017,2022-08-16,10.6,mg,Three Times Daily,Topical
910441,700037,4035,2024-06-07,40.6,mg,Twice Daily,Oral
910442,701764,4019,2024-05-20,56.4,units,Once Daily,Oral
910443,704594,4045,2022-11-16,67.9,mL,As Needed,Subcutaneous
910444,700356,4003,2025-06-17,86.7,mL,Three Times Daily,IM
910445,704475,4005,2025-01-26,14.9,mg,Three Times Daily,Subcutaneous
910446,702214,4029,2024-12-16,31.7,units,Three Times Daily,Topical
910447,706004,4025,2022-11-03,3.8,mL,As Needed,IV
910448,702658,4028,2022-07-05,66.6,units,Once Daily,IV
910449,702526,4029,2022-08-14,2.8,mg,Twice Daily,IV
910450,702971,4043,2023-01-21,5.1,mcg,Three Times Daily,Topical
910451,703582,4035,2021-02-10,60.0,mg,Once Daily,Subcutaneous
910452,704287,4009,2023-03-01,19.8,mcg,Twice Daily,Subcutaneous
910453,701928,4010,2022-04-06,66.0,mcg,As Needed,Subcutaneous
910454,704962,4016,2021-01-19,35.9,mg,Once Daily,IM
910455,702383,4031,2023-02-26,26.3,mcg,Three Times Daily,IV
910456,700007,4015,2025-10-25,76.2,mg,As Needed,Oral
910457,703780,4019,2022-11-17,74.3,mg,Three Times Daily,Subcutaneous
910458,701257,4043,2021-04-19,6.5,mL,Once Daily,IV
910459,705295,4020,2022-01-13,72.6,mg,Once Daily,IM
910460,705680,4039,2021-07-17,94.6,mL,Three Times Daily,Oral
910461,705128,4017,2024-09-04,47.6,mcg,Once Daily,IV
910462,700087,4019,2025-03-08,53.4,units,As Needed,IV
910463,705535,4035,2025-08-24,34.2,mL,As Needed,Subcutaneous
910464,705936,4043,2022-12-15,76.5,units,Once Daily,Subcutaneous
910465,700666,4036,2025-06-05,76.6,units,Twice Daily,Subcutaneous
910466,705456,4037,2025-08-18,89.2,mL,Twice Daily,IV
910467,703371,4037,2025-12-23,72.5,mL,Three Times Daily,Topical
910468,700050,4030,2024-01-02,98.0,mL,As Needed,IM
910469,704279,4018,2022-11-24,97.0,units,Three Times Daily,Subcutaneous
910470,701677,4029,2021-02-03,41.1,mg,Once Daily,IM
910471,700310,4042,2024-11-29,72.3,mg,As Needed,IV
910472,702099,4025,2023-02-16,2.3,units,Three Times Daily,IM
910473,704869,4009,2024-04-19,38.9,units,Twice Daily,Oral
910474,705579,4036,2023-05-26,41.1,mL,As Needed,Topical
910475,701902,4035,2023-03-18,83.2,mL,As Needed,Subcutaneous
910476,703380,4033,2021-02-20,27.6,mL,Three Times Daily,Oral
910477,704353,4004,2022-12-25,21.8,mg,As Needed,IM
910478,704050,4025,2022-05-09,46.5,mcg,Three Times Daily,IV
910479,700206,4039,2021-01-18,23.1,units,Twice Daily,Oral
910480,702216,4009,2025-07-22,18.0,mL,Once Daily,IM
910481,700198,4002,2023-05-10,47.7,units,As Needed,Topical
910482,706138,4040,2022-08-03,27.6,units,Once Daily,Oral
910483,700889,4025,2022-10-06,12.6,mg,Three Times Daily,Topical
910484,702154,4038,2025-04-18,25.9,units,As Needed,Subcutaneous
910485,701687,4014,2025-09-09,74.9,mL,Three Times Daily,IV
910486,706210,4019,2025-07-14,11.3,units,Once Daily,IM
910487,702905,4025,2025-12-18,10.0,mL,Once Daily,Subcutaneous
910488,703357,4039,2025-08-23,41.2,mL,As Needed,Subcutaneous
910489,701794,4043,2021-06-24,16.7,units,Three Times Daily,Subcutaneous
910490,702891,4002,2023-08-23,39.0,mcg,Three Times Daily,IV
910491,701869,4010,2022-11-04,91.6,mL,Once Daily,Subcutaneous
910492,702873,4043,2021-12-18,15.2,units,Once Daily,Oral
910493,701396,4003,2024-01-05,72.0,mg,Twice Daily,Subcutaneous
910494,704047,4027,2025-06-30,8.1,mg,As Needed,IM
910495,706084,4041,2025-12-18,77.9,units,Twice Daily,Subcutaneous
910496,700777,4030,2024-08-28,93.5,mg,Twice Daily,IM
910497,706265,4035,2023-08-12,77.9,mcg,As Needed,Oral
910498,704770,4018,2024-07-30,88.3,mL,Twice Daily,IM
910499,705090,4027,2021-05-08,74.3,mg,As Needed,Subcutaneous
910500,704018,4019,2023-09-10,27.9,mg,Three Times Daily,IV
910501,704515,4017,2025-01-15,23.4,units,As Needed,IV
910502,705793,4004,2025-12-12,90.0,mcg,Twice Daily,Topical
910503,700599,4036,2023-03-09,3.6,mL,Twice Daily,Subcutaneous
910504,703697,4021,2025-11-26,54.2,units,Twice Daily,Topical
910505,703611,4011,2024-12-11,34.0,mcg,As Needed,Subcutaneous
910506,701590,4016,2023-05-17,91.3,units,Once Daily,Oral
910507,700934,4018,2025-01-12,17.0,mL,Twice Daily,IM
910508,701079,4017,2025-10-26,37.2,mcg,Three Times Daily,IM
910509,700705,4014,2025-03-29,10.2,units,Three Times Daily,IV
910510,706456,4014,2022-12-01,93.8,mL,Three Times Daily,IV
910511,700687,4041,2023-10-21,33.9,mL,As Needed,IM
910512,702002,4034,2024-11-07,37.5,mcg,Once Daily,Topical
910513,701081,4040,2024-10-05,6.6,mg,As Needed,Subcutaneous
910514,706307,4002,2024-05-27,10.7,mL,Three Times Daily,IM
910515,705180,4035,2024-09-10,93.3,mg,Twice Daily,IV
910516,701798,4016,2022-04-08,64.8,mcg,As Needed,Subcutaneous
910517,704227,4036,2024-09-21,61.5,units,Once Daily,IV
910518,705984,4042,2024-08-14,79.0,mg,Three Times Daily,IM
910519,705316,4028,2024-05-09,63.2,mg,As Needed,IV
910520,701325,4012,2022-07-24,25.8,mg,Once Daily,IV
910521,703591,4042,2023-05-24,91.4,mcg,Twice Daily,IV
910522,701425,4029,2021-06-01,25.0,mL,Three Times Daily,IM
910523,701062,4009,2021-07-15,82.2,units,As Needed,Oral
910524,704911,4019,2021-07-02,28.5,units,As Needed,Oral
910525,705057,4004,2024-10-23,25.8,mL,Twice Daily,IV
910526,705570,4010,2025-01-03,58.3,mL,Once Daily,IV
910527,702689,4009,2024-08-17,13.9,units,Once Daily,Oral
910528,702059,4029,2021-09-09,37.8,mL,Three Times Daily,IM
910529,700574,4044,2024-10-08,50.7,mcg,Once Daily,IM
910530,701801,4026,2025-03-03,89.2,units,Once Daily,Subcutaneous
910531,702693,4028,2022-12-15,38.6,mL,Three Times Daily,Topical
910532,700808,4024,2024-08-25,4.9,units,Three Times Daily,IM
910533,701849,4031,2024-11-11,81.9,mcg,As Needed,Subcutaneous
910534,706433,4006,2023-12-20,61.8,units,Twice Daily,Oral
910535,702982,4035,2022-06-05,68.2,mg,Once Daily,IV
910536,705560,4045,2025-10-23,9.5,units,Twice Daily,Topical
910537,702943,4013,2023-10-17,18.1,mg,Three Times Daily,IV
910538,703575,4041,2022-03-30,55.0,mg,Twice Daily,IV
910539,703027,4036,2024-06-14,20.6,units,Twice Daily,IV
910540,701054,4029,2024-08-30,81.9,mL,As Needed,IM
910541,700253,4030,2023-02-11,2.9,units,As Needed,Oral
910542,702534,4014,2021-10-08,81.9,units,Twice Daily,IV
910543,704437,4022,2025-02-26,46.7,mg,Once Daily,Topical
910544,703752,4028,2025-11-14,59.2,mL,Once Daily,IM
910545,704548,4015,2022-07-14,20.3,mg,Once Daily,Oral
910546,703071,4006,2021-06-18,39.2,mg,As Needed,IV
910547,705014,4040,2023-12-06,57.8,mg,As Needed,IV
910548,702839,4042,2024-02-08,16.4,mg,Twice Daily,Oral
910549,703557,4014,2025-09-29,39.3,units,Twice Daily,IM
910550,701481,4044,2021-05-31,67.7,mg,Once Daily,Subcutaneous
910551,705014,4040,2025-07-01,90.4,mcg,Twice Daily,Subcutaneous
910552,700957,4028,2022-06-21,26.1,mL,Once Daily,IM
910553,700036,4030,2023-12-02,76.0,mg,Twice Daily,Subcutaneous
910554,701531,4030,2023-04-26,13.2,mg,Three Times Daily,IV
910555,702812,4001,2021-08-11,19.2,mL,Once Daily,IM
910556,704225,4008,2021-07-14,81.2,mL,Once Daily,Subcutaneous
910557,701356,4023,2023-01-12,86.3,mcg,Once Daily,Topical
910558,700992,4037,2022-05-22,54.4,mL,Three Times Daily,IM
910559,705443,4013,2025-08-20,17.1,units,Twice Daily,IV
910560,703993,4045,2021-11-30,18.9,mg,Three Times Daily,IM
910561,703027,4024,2024-01-09,94.7,mcg,Three Times Daily,Oral
910562,705829,4022,2025-08-05,55.8,units,Three Times Daily,IM
910563,704433,4001,2024-06-03,31.6,units,As Needed,IV
910564,702326,4004,2023-03-08,59.1,mg,Three Times Daily,Topical
910565,703513,4045,2023-12-30,28.0,units,Three Times Daily,Topical
910566,704744,4020,2025-03-18,74.1,mL,As Needed,IV
910567,701630,4017,2022-06-27,17.7,mL,Once Daily,Oral
910568,700939,4010,2025-08-15,27.6,mcg,Once Daily,Oral
910569,704840,4017,2022-10-03,72.0,mg,Twice Daily,IM
910570,702232,4043,2022-06-07,5.5,mg,As Needed,Subcutaneous
910571,700647,4018,2021-02-03,99.5,mcg,Twice Daily,Topical
910572,705742,4035,2023-07-19,33.7,mg,As Needed,IM
910573,701940,4020,2021-08-29,69.9,units,Three Times Daily,Subcutaneous
910574,701549,4013,2025-02-03,8.7,units,Three Times Daily,Oral
910575,701252,4008,2023-06-12,56.9,mL,Three Times Daily,Oral
910576,700498,4035,2022-06-11,53.8,mcg,Twice Daily,IV
910577,701737,4033,2025-06-02,26.7,mL,Once Daily,IM
910578,701422,4019,2025-01-04,35.1,mcg,As Needed,Oral
910579,701808,4044,2024-02-14,85.0,mcg,As Needed,Topical
910580,701583,4025,2023-09-20,23.7,mL,Twice Daily,Oral
910581,701424,4002,2024-09-25,69.1,mcg,Twice Daily,IV
910582,703523,4006,2025-09-18,45.3,mcg,Once Daily,Subcutaneous
910583,702821,4035,2024-04-08,51.2,mg,Once Daily,Oral
910584,704909,4002,2025-04-11,37.2,mcg,Once Daily,IM
910585,701625,4008,2025-04-19,78.6,mg,Once Daily,Topical
910586,703428,4008,2025-04-17,1.0,mg,As Needed,IM
910587,705083,4036,2025-09-10,18.2,mcg,Twice Daily,Topical
910588,705595,4039,2021-03-30,36.2,mL,Once Daily,Subcutaneous
910589,705594,4042,2023-08-22,21.2,mcg,Three Times Daily,Topical
910590,700499,4036,2022-11-19,54.8,mcg,As Needed,Oral
910591,705518,4021,2023-11-07,69.2,units,Once Daily,IM
910592,702158,4025,2023-01-12,59.1,mcg,Twice Daily,Topical
910593,702369,4034,2021-09-13,49.5,mcg,Once Daily,IM
910594,700474,4031,2022-10-28,69.3,mg,Twice Daily,Oral
910595,702732,4017,2025-02-14,88.9,units,Three Times Daily,IV
910596,701316,4030,2024-09-18,68.9,mcg,Twice Daily,Oral
910597,706418,4018,2023-12-23,67.0,units,Once Daily,Subcutaneous
910598,701239,4029,2022-05-22,92.6,mcg,As Needed,IV
910599,705448,4022,2025-01-17,95.9,units,Once Daily,Topical
910600,703250,4037,2021-10-06,21.1,units,Once Daily,Subcutaneous
910601,704189,4019,2024-08-27,33.2,mcg,As Needed,IV
910602,702092,4016,2023-08-08,1.7,mg,As Needed,Subcutaneous
910603,702746,4004,2024-11-29,35.8,mL,As Needed,IM
910604,700340,4038,2022-05-20,72.6,mL,As Needed,IM
910605,705329,4036,2023-07-21,97.6,mcg,Once Daily,IM
910606,704908,4001,2025-04-25,1.8,mg,Once Daily,IV
910607,704935,4034,2023-12-31,12.0,mL,As Needed,Topical
910608,705198,4031,2022-01-02,52.8,mg,As Needed,IV
910609,703330,4035,2021-08-29,11.3,mcg,Three Times Daily,Subcutaneous
910610,706408,4045,2024-06-26,5.5,mcg,Once Daily,Topical
910611,702556,4011,2025-11-26,44.6,mL,As Needed,IM
910612,700732,4018,2022-08-30,72.0,mg,Once Daily,Oral
910613,700138,4006,2023-05-03,33.9,mcg,As Needed,Oral
910614,706409,4044,2022-03-06,20.9,mL,As Needed,IM
910615,705383,4025,2024-08-01,34.9,units,Three Times Daily,Subcutaneous
910616,701969,4043,2025-06-16,13.5,units,Once Daily,IV
910617,703235,4011,2022-05-18,35.8,mL,As Needed,Subcutaneous
910618,703236,4035,2025-06-09,49.6,units,As Needed,IM
910619,705576,4014,2025-09-26,7.8,units,As Needed,IM
910620,704554,4031,2022-12-10,55.1,mcg,Once Daily,IV
910621,700258,4030,2023-07-05,51.2,mg,Twice Daily,IM
910622,705143,4021,2024-01-03,41.4,mL,Once Daily,Oral
910623,702794,4003,2022-10-13,62.4,mcg,As Needed,Topical
910624,703412,4021,2024-03-20,93.4,units,Once Daily,Oral
910625,702519,4023,2021-03-03,32.9,units,Once Daily,IV
910626,706358,4010,2025-02-22,13.7,mcg,As Needed,Subcutaneous
910627,700853,4032,2021-04-11,74.1,units,Three Times Daily,Subcutaneous
910628,705490,4034,2023-05-28,25.4,units,Three Times Daily,Oral
910629,703071,4011,2024-09-06,72.6,mcg,Once Daily,Topical
910630,705101,4027,2023-08-31,28.1,mg,Once Daily,IM
910631,700352,4029,2024-03-17,11.9,mg,Once Daily,Subcutaneous
910632,705399,4003,2023-03-21,100.0,mL,Once Daily,IM
910633,703566,4024,2022-01-05,53.3,mcg,As Needed,Topical
910634,706131,4027,2023-05-03,74.5,mcg,Once Daily,Subcutaneous
910635,700637,4016,2025-06-11,39.5,units,Three Times Daily,Oral
910636,703358,4015,2022-02-28,90.8,units,As Needed,Topical
910637,704895,4019,2025-10-03,82.8,units,Twice Daily,Topical
910638,704307,4028,2023-09-09,83.1,mg,Once Daily,Subcutaneous
910639,701450,4044,2025-03-19,79.9,units,Three Times Daily,Subcutaneous
910640,705242,4006,2024-02-27,58.5,mcg,Three Times Daily,Subcutaneous
910641,701398,4001,2025-08-17,48.5,mcg,Three Times Daily,IM
910642,703570,4001,2021-09-16,65.4,mg,As Needed,Oral
910643,704663,4038,2023-08-16,27.8,units,As Needed,IM
910644,704911,4020,2025-04-29,54.1,units,Once Daily,Subcutaneous
910645,700096,4007,2022-03-09,68.1,mcg,Three Times Daily,Oral
910646,703201,4028,2022-12-20,9.6,mcg,Three Times Daily,Topical
910647,706456,4002,2024-04-20,75.7,mcg,As Needed,IV
910648,700267,4005,2022-11-17,47.6,mcg,Once Daily,Subcutaneous
910649,702652,4007,2021-10-03,95.1,mL,Once Daily,IV
910650,704121,4008,2024-11-29,95.0,mL,Three Times Daily,Topical
910651,702428,4043,2025-07-28,84.4,mcg,Once Daily,IV
910652,703309,4028,2021-10-12,42.7,mL,Once Daily,IM
910653,700410,4040,2022-12-18,72.2,units,Twice Daily,IM
910654,705018,4025,2025-02-23,22.6,mg,Once Daily,Subcutaneous
910655,701544,4023,2025-11-10,29.2,mL,Once Daily,IM
910656,700489,4022,2024-03-12,57.9,mL,Three Times Daily,IV
910657,701987,4025,2024-01-05,74.0,units,Three Times Daily,IM
910658,706331,4001,2021-10-17,43.9,mL,As Needed,IM
910659,702987,4033,2025-05-18,79.0,mL,As Needed,Subcutaneous
910660,701262,4033,2023-01-04,63.9,mcg,Once Daily,Subcutaneous
910661,703251,4045,2021-02-06,32.0,mg,As Needed,Subcutaneous
910662,705035,4014,2021-10-29,28.4,mg,As Needed,IV
910663,701038,4001,2021-10-05,79.0,units,Twice Daily,Subcutaneous
910664,704232,4039,2024-02-24,30.3,units,As Needed,IV
910665,702602,4024,2024-04-10,21.7,mcg,Three Times Daily,IV
910666,705891,4012,2023-02-27,73.1,mL,As Needed,Subcutaneous
910667,702519,4013,2024-09-15,6.9,mL,Once Daily,Subcutaneous
910668,702001,4023,2024-12-27,21.6,units,Twice Daily,Topical
910669,703370,4004,2025-05-19,84.9,units,As Needed,IV
910670,702723,4034,2025-01-28,54.5,units,Once Daily,Subcutaneous
910671,704660,4038,2022-06-20,54.6,units,As Needed,IV
910672,704909,4027,2022-07-31,85.9,mcg,Three Times Daily,Subcutaneous
910673,704094,4032,2023-08-25,81.3,mg,Once Daily,Topical
910674,704354,4043,2025-07-17,78.7,units,Once Daily,IM
910675,702637,4027,2022-04-23,35.9,mg,Three Times Daily,IV
910676,702664,4001,2025-08-28,20.2,mcg,Three Times Daily,Topical
910677,704289,4012,2021-12-12,54.8,mL,As Needed,Oral
910678,701735,4007,2025-06-18,55.7,mL,Once Daily,Topical
910679,700137,4039,2024-04-27,5.1,mL,As Needed,Oral
910680,704144,4007,2021-08-29,42.3,mg,Twice Daily,IV
910681,703057,4016,2021-02-21,54.0,mcg,Three Times Daily,Topical
910682,706091,4028,2025-03-02,48.9,mL,Three Times Daily,Oral
910683,701958,4042,2022-01-07,98.3,mcg,Twice Daily,Oral
910684,702247,4044,2024-07-26,21.6,mcg,Twice Daily,Oral
910685,700050,4034,2022-05-17,16.2,mg,Once Daily,Topical
910686,703267,4009,2023-08-27,88.3,mg,Twice Daily,Subcutaneous
910687,704074,4041,2021-05-27,93.6,mg,Once Daily,Oral
910688,705103,4037,2025-05-28,86.1,mcg,Once Daily,Topical
910689,704933,4022,2023-06-27,90.0,units,As Needed,IM
910690,700793,4012,2022-08-02,50.1,mg,Twice Daily,IM
910691,700652,4007,2024-06-08,88.7,mcg,Three Times Daily,Subcutaneous
910692,705898,4044,2023-06-01,50.0,mg,As Needed,Subcutaneous
910693,702962,4026,2021-10-26,39.1,mL,Twice Daily,Subcutaneous
910694,702416,4037,2025-03-17,18.4,mL,Once Daily,IM
910695,705604,4006,2022-06-26,76.5,units,Once Daily,IM
910696,703839,4027,2025-04-10,59.4,units,Three Times Daily,IV
910697,700448,4027,2021-04-15,36.8,mL,As Needed,Oral
910698,703546,4029,2024-02-13,3.4,mL,As Needed,Subcutaneous
910699,701657,4034,2023-08-29,67.3,mcg,Once Daily,IM
910700,704086,4036,2022-02-23,70.3,mg,Once Daily,Oral
910701,705528,4031,2022-04-17,8.2,mcg,Twice Daily,IV
910702,700320,4029,2025-02-24,57.4,mL,Twice Daily,Topical
910703,705968,4022,2025-06-21,38.6,units,Three Times Daily,IM
910704,704273,4007,2022-06-01,65.9,mg,Three Times Daily,IM
910705,702649,4009,2021-07-15,35.5,units,Twice Daily,Oral
910706,702021,4018,2025-12-02,72.9,mL,Twice Daily,IM
910707,702363,4012,2021-10-04,13.6,mg,Three Times Daily,Topical
910708,701896,4019,2024-03-28,27.1,mcg,As Needed,IM
910709,705192,4035,2024-11-22,66.0,mg,Twice Daily,IV
910710,702589,4003,2024-02-01,81.3,mg,Twice Daily,IV
910711,703284,4043,2024-03-09,76.8,mcg,Once Daily,Topical
910712,703715,4032,2021-08-30,45.2,mL,As Needed,IV
910713,705378,4008,2022-01-29,30.6,mL,Once Daily,IM
910714,701767,4002,2024-11-22,42.2,units,Three Times Daily,IV
910715,703918,4010,2021-05-22,44.8,mL,Three Times Daily,IV
910716,701340,4035,2021-04-06,12.0,mg,As Needed,IV
910717,700279,4011,2025-04-25,21.3,mg,As Needed,Subcutaneous
910718,703380,4028,2021-07-19,21.9,mL,Once Daily,Topical
910719,703947,4016,2022-12-20,27.5,mcg,Once Daily,IV
910720,700916,4041,2025-07-14,50.3,mL,Once Daily,Topical
910721,701314,4037,2025-07-07,24.8,mL,Once Daily,Subcutaneous
910722,704256,4031,2025-06-03,88.3,mL,As Needed,Topical
910723,701563,4027,2021-03-06,91.6,mL,As Needed,IM
910724,702285,4032,2021-04-06,98.7,mcg,Twice Daily,IM
910725,703722,4032,2025-12-12,17.0,mcg,Three Times Daily,IV
910726,702429,4008,2023-12-26,72.6,mL,Three Times Daily,IM
910727,701698,4003,2023-04-30,88.1,units,Twice Daily,Subcutaneous
910728,701952,4037,2022-04-24,6.8,units,Once Daily,Topical
910729,705577,4014,2023-10-03,82.3,units,As Needed,Topical
910730,702937,4013,2024-08-07,59.1,mL,Twice Daily,Subcutaneous
910731,705802,4012,2022-01-14,30.6,mcg,Three Times Daily,IM
910732,703725,4038,2022-03-06,58.8,mcg,As Needed,Subcutaneous
910733,701308,4018,2021-05-07,54.0,mcg,As Needed,IM
910734,700159,4003,2022-10-19,76.0,mcg,Three Times Daily,Topical
910735,700648,4005,2022-12-25,20.4,mL,Three Times Daily,Subcutaneous
910736,705976,4009,2022-04-14,21.4,mL,Twice Daily,IM
910737,705490,4005,2021-02-07,9.0,mg,Once Daily,Subcutaneous
910738,701912,4039,2024-06-01,58.7,mg,Once Daily,IM
910739,703230,4015,2023-06-13,72.7,mcg,Once Daily,Topical
910740,704708,4039,2023-05-16,49.8,mg,Twice Daily,IM
910741,706086,4022,2024-05-09,55.0,mcg,As Needed,Oral
910742,700912,4031,2022-04-11,30.4,mcg,Three Times Daily,Subcutaneous
910743,702764,4021,2025-11-05,45.3,mL,Twice Daily,Oral
910744,701569,4005,2022-09-30,86.5,mg,As Needed,IM
910745,704342,4032,2021-03-07,86.1,units,Once Daily,Subcutaneous
910746,700430,4011,2023-01-31,82.9,units,Three Times Daily,IV
910747,704224,4016,2021-10-18,12.8,mcg,Twice Daily,Topical
910748,706266,4026,2024-04-06,97.3,mL,As Needed,Subcutaneous
910749,703153,4032,2021-04-20,8.7,mL,As Needed,Subcutaneous
910750,701569,4031,2025-04-13,97.0,mL,Once Daily,IM
910751,705286,4016,2025-03-07,69.1,mg,Twice Daily,Oral
910752,700062,4032,2023-03-19,89.9,mL,Once Daily,IV
910753,701785,4028,2024-04-27,72.2,units,Three Times Daily,Topical
910754,704778,4003,2025-08-22,78.7,mcg,Three Times Daily,Oral
910755,701941,4020,2025-09-06,91.3,mcg,As Needed,Topical
910756,701469,4002,2024-12-29,92.2,units,Three Times Daily,Topical
910757,705472,4016,2021-01-30,26.6,mg,Twice Daily,Oral
910758,702127,4009,2024-10-18,100.0,mL,Twice Daily,IV
910759,703898,4031,2023-06-01,58.4,units,Three Times Daily,IM
910760,704121,4004,2021-01-12,91.1,mcg,Three Times Daily,IV
910761,705463,4021,2023-04-29,31.6,mcg,Three Times Daily,IM
910762,702045,4007,2024-05-29,37.4,mL,Twice Daily,IM
910763,700716,4011,2022-08-30,25.4,mcg,Twice Daily,Oral
910764,703574,4027,2022-02-04,88.9,mcg,Once Daily,Oral
910765,701543,4043,2022-03-30,67.6,mcg,As Needed,Topical
910766,701786,4002,2021-11-18,5.8,mg,Once Daily,Subcutaneous
910767,702720,4038,2024-11-08,32.1,mg,As Needed,Topical
910768,702072,4031,2022-11-01,10.9,mL,Once Daily,IM
910769,702327,4009,2021-08-20,40.1,mL,Twice Daily,Topical
910770,701447,4022,2025-07-09,86.5,mg,Once Daily,IM
910771,702274,4039,2025-10-30,42.3,mL,Once Daily,IM
910772,701925,4021,2021-11-06,4.8,units,As Needed,Oral
910773,702876,4029,2023-05-05,32.8,mcg,As Needed,Topical
910774,703213,4039,2024-12-26,71.8,units,Once Daily,IV
910775,706176,4008,2023-06-16,48.1,mcg,As Needed,Topical
910776,704976,4034,2025-12-22,74.3,mcg,Three Times Daily,IV
910777,701608,4002,2022-09-02,74.6,units,Three Times Daily,IV
910778,700830,4024,2024-07-05,81.0,mcg,Twice Daily,Topical
910779,701312,4026,2022-06-15,80.0,mL,Once Daily,Subcutaneous
910780,703538,4034,2021-02-08,67.5,units,As Needed,Oral
910781,701107,4039,2025-06-25,58.8,mg,Once Daily,Subcutaneous
910782,704039,4045,2021-02-21,9.1,mcg,Three Times Daily,Topical
910783,703967,4040,2025-05-15,19.4,mL,As Needed,IV
910784,701016,4003,2022-05-06,85.8,mcg,As Needed,IV
910785,706246,4018,2021-02-17,83.6,mg,Twice Daily,Topical
910786,700617,4036,2023-10-04,53.6,mL,Once Daily,IM
910787,701323,4005,2022-11-01,80.6,mL,As Needed,IM
910788,702851,4034,2022-04-26,28.7,mL,Once Daily,Topical
910789,705449,4022,2025-04-17,2.8,units,Twice Daily,IM
910790,705120,4002,2023-09-14,38.4,mcg,As Needed,IV
910791,704399,4007,2025-03-04,85.2,mcg,Once Daily,Subcutaneous
910792,702171,4030,2023-12-19,5.1,units,As Needed,Oral
910793,701589,4021,2021-10-14,10.8,mg,As Needed,IV
910794,705001,4040,2021-07-08,36.3,mL,Once Daily,Oral
910795,702383,4028,2021-07-22,35.4,mg,As Needed,Subcutaneous
910796,703926,4034,2023-01-02,53.0,mg,As Needed,Subcutaneous
910797,700289,4005,2022-10-18,51.9,mcg,As Needed,IM
910798,700508,4032,2022-10-20,4.2,units,As Needed,IV
910799,703872,4020,2025-03-22,54.7,mL,Three Times Daily,Oral
910800,701825,4016,2021-12-21,12.2,mg,As Needed,IM
910801,702392,4042,2023-11-27,70.7,units,Once Daily,Topical
910802,705057,4029,2023-11-16,94.2,units,Twice Daily,Oral
910803,703072,4032,2021-09-08,99.6,mcg,As Needed,Subcutaneous
910804,701481,4005,2025-11-07,44.6,mcg,As Needed,Oral
910805,704183,4005,2024-07-07,65.0,mcg,As Needed,Subcutaneous
910806,701416,4005,2023-02-16,53.6,mcg,Three Times Daily,Subcutaneous
910807,702496,4036,2022-01-27,18.1,mL,As Needed,Subcutaneous
910808,705021,4016,2025-08-24,47.7,mg,Twice Daily,IM
910809,700530,4031,2023-05-08,94.3,mcg,Once Daily,Oral
910810,701008,4005,2021-06-22,52.0,mg,Three Times Daily,Topical
910811,700200,4024,2025-12-19,80.4,units,As Needed,IM
910812,704362,4029,2023-09-30,58.4,units,Three Times Daily,IV
910813,700547,4030,2021-06-27,49.1,mL,Three Times Daily,Subcutaneous
910814,701274,4038,2022-04-19,7.4,mcg,As Needed,Oral
910815,703160,4013,2025-09-28,94.2,mL,As Needed,Topical
910816,705000,4033,2021-05-24,13.9,mcg,Once Daily,Subcutaneous
910817,700389,4008,2022-11-09,72.9,mg,Twice Daily,IM
910818,700280,4038,2024-07-07,30.2,units,As Needed,IV
910819,706436,4039,2022-01-03,31.6,mcg,As Needed,IV
910820,701733,4011,2024-10-17,51.7,mcg,Twice Daily,IM
910821,705626,4035,2022-07-09,46.8,mL,Three Times Daily,Subcutaneous
910822,703828,4020,2024-08-08,9.1,mL,Three Times Daily,Oral
910823,702206,4001,2025-12-22,16.7,mcg,As Needed,Oral
910824,706261,4018,2024-03-14,92.7,mcg,As Needed,Subcutaneous
910825,703275,4038,2022-12-02,43.0,mg,Once Daily,IV
910826,705030,4029,2024-06-23,38.7,mcg,Twice Daily,IM
910827,705914,4031,2022-04-03,51.3,mg,As Needed,IV
910828,704775,4025,2024-11-12,23.5,mL,Three Times Daily,IM
910829,701778,4001,2023-02-15,9.5,mg,Three Times Daily,Topical
910830,701701,4006,2023-01-06,89.8,mg,Three Times Daily,Oral
910831,704841,4017,2022-06-30,14.1,mL,As Needed,Oral
910832,701114,4009,2023-10-16,63.5,mcg,As Needed,IM
910833,705435,4001,2023-06-21,70.1,mcg,Twice Daily,Subcutaneous
910834,703735,4015,2025-08-20,1.4,mL,Twice Daily,Oral
910835,702372,4017,2025-06-17,73.7,mcg,Three Times Daily,IM
910836,700717,4001,2023-02-09,98.4,mL,As Needed,IM
910837,703487,4027,2024-09-20,84.9,units,Twice Daily,IV
910838,703538,4006,2022-05-14,40.1,units,Three Times Daily,Oral
910839,705545,4020,2025-08-11,1.9,mg,As Needed,Oral
910840,701058,4018,2022-04-15,91.0,units,Three Times Daily,Subcutaneous
910841,701870,4005,2024-08-02,83.2,units,Twice Daily,IV
910842,705209,4014,2024-01-24,94.0,units,Three Times Daily,Topical
910843,705593,4031,2025-10-03,98.4,mL,Twice Daily,IM
910844,702242,4018,2022-05-05,23.2,mg,Three Times Daily,IV
910845,701362,4018,2023-07-14,27.8,mcg,Twice Daily,Oral
910846,704946,4039,2025-07-15,39.0,mL,As Needed,IM
910847,702922,4006,2025-07-21,9.0,units,Once Daily,IM
910848,704567,4035,2023-11-17,96.4,units,Once Daily,IV
910849,704034,4038,2022-09-09,74.8,mg,As Needed,Topical
910850,700853,4003,2025-06-25,5.1,mL,Twice Daily,Topical
910851,706401,4029,2025-07-27,68.3,mcg,As Needed,Oral
910852,704734,4039,2023-07-02,13.9,mg,Three Times Daily,IV
910853,704856,4039,2023-09-30,78.6,mg,Once Daily,IV
910854,706429,4036,2025-08-11,66.1,mcg,As Needed,IV
910855,705817,4041,2023-07-30,55.8,mL,Three Times Daily,Topical
910856,701215,4021,2023-01-25,33.9,mg,As Needed,Topical
910857,701504,4040,2024-01-21,70.2,units,Twice Daily,IV
910858,705495,4004,2021-12-09,29.2,mL,Three Times Daily,Subcutaneous
910859,700548,4037,2024-08-21,2.7,mg,As Needed,IV
910860,706093,4001,2025-01-23,91.6,mg,Twice Daily,Subcutaneous
910861,702509,4015,2024-10-26,11.6,mg,Three Times Daily,IM
910862,704995,4020,2022-04-18,78.3,mcg,As Needed,IV
910863,701585,4010,2023-08-25,37.4,mcg,Three Times Daily,Topical
910864,703770,4020,2021-08-15,45.8,mL,As Needed,IM
910865,703942,4037,2023-08-22,25.7,mg,Three Times Daily,IV
910866,700251,4021,2021-11-20,14.2,mg,As Needed,IM
910867,702980,4045,2023-08-25,5.3,units,Once Daily,IV
910868,700301,4020,2023-06-27,2.1,mcg,Twice Daily,Oral
910869,701906,4031,2025-09-06,58.2,units,As Needed,Oral
910870,704853,4040,2023-03-10,89.7,units,As Needed,IV
910871,703534,4031,2021-08-04,23.1,mcg,Once Daily,IM
910872,703234,4038,2023-07-15,8.2,units,Three Times Daily,Oral
910873,700022,4013,2022-01-03,53.2,mg,As Needed,IV
910874,705619,4010,2024-12-15,50.1,mcg,Once Daily,Oral
910875,706267,4028,2025-10-16,73.4,mL,Three Times Daily,Oral
910876,702612,4015,2024-08-04,20.1,mg,Twice Daily,IV
910877,703671,4028,2023-06-30,86.3,units,Three Times Daily,IV
910878,700538,4029,2024-07-12,7.2,mg,Twice Daily,Subcutaneous
910879,701109,4036,2021-09-01,52.4,mL,Once Daily,IV
910880,705126,4001,2025-07-17,64.6,mL,Once Daily,Oral
910881,705996,4023,2025-03-13,23.9,mcg,Once Daily,Topical
910882,704282,4036,2024-02-25,5.7,units,Three Times Daily,IV
910883,700676,4025,2022-09-02,9.5,units,Three Times Daily,IV
910884,701582,4038,2021-06-21,88.1,mg,Three Times Daily,Subcutaneous
910885,701207,4017,2024-09-16,0.6,units,As Needed,Subcutaneous
910886,704907,4008,2022-02-10,27.3,mg,Once Daily,IV
910887,706051,4003,2025-01-13,97.9,mg,Twice Daily,IM
910888,706414,4009,2022-05-18,38.2,mL,Twice Daily,Subcutaneous
910889,703816,4043,2025-01-06,12.6,mg,Twice Daily,Oral
910890,702841,4038,2021-05-27,6.1,mg,Twice Daily,Oral
910891,705585,4025,2024-11-13,93.8,mL,As Needed,IM
910892,702287,4028,2024-05-31,88.1,mcg,Twice Daily,Topical
910893,701447,4045,2025-11-21,9.0,mL,Three Times Daily,Subcutaneous
910894,705059,4036,2021-12-25,58.9,mcg,Once Daily,Topical
910895,703303,4036,2024-11-26,62.3,mg,As Needed,Topical
910896,702890,4017,2025-12-11,70.2,mg,Three Times Daily,IM
910897,702630,4004,2021-10-01,14.5,mg,Twice Daily,Subcutaneous
910898,700693,4027,2025-08-26,18.2,mL,Three Times Daily,IM
910899,700652,4020,2023-06-15,94.0,mg,As Needed,Subcutaneous
910900,705945,4044,2024-09-17,63.5,mg,Three Times Daily,Topical
910901,701756,4016,2023-01-23,35.5,units,Once Daily,IM
910902,701700,4032,2024-08-14,85.4,units,Once Daily,Topical
910903,702625,4017,2021-12-16,52.9,mL,Twice Daily,Subcutaneous
910904,703007,4034,2024-10-08,11.5,mcg,As Needed,IV
910905,701702,4018,2023-04-17,76.3,mg,Twice Daily,IV
910906,703699,4003,2021-04-13,84.3,mL,Twice Daily,Subcutaneous
910907,700214,4011,2025-04-22,5.3,mL,Twice Daily,Subcutaneous
910908,705794,4012,2025-07-07,12.0,mcg,Once Daily,Oral
910909,702223,4025,2024-01-17,22.9,mg,Three Times Daily,Topical
910910,700564,4037,2023-01-31,14.9,units,Three Times Daily,Topical
910911,704267,4017,2023-03-02,70.8,mcg,As Needed,IV
910912,702077,4044,2023-10-07,9.5,mg,As Needed,IV
910913,701507,4034,2024-10-22,10.0,units,Once Daily,Topical
910914,703822,4020,2023-09-16,99.6,units,Three Times Daily,IM
910915,703836,4017,2021-09-25,54.7,mg,As Needed,IV
910916,705030,4020,2025-08-10,39.1,mcg,As Needed,IM
910917,706462,4003,2025-02-05,34.3,units,As Needed,IM
910918,702938,4001,2022-12-21,46.1,units,Twice Daily,Subcutaneous
910919,701232,4028,2023-10-04,26.5,mg,As Needed,Subcutaneous
910920,702467,4038,2024-06-07,93.0,mL,Twice Daily,Oral
910921,700823,4006,2023-03-24,93.5,mcg,Once Daily,Subcutaneous
910922,703590,4044,2022-03-11,96.4,mg,Once Daily,Topical
910923,706412,4022,2024-06-15,91.4,mL,Twice Daily,Oral
910924,701441,4013,2022-03-06,93.4,units,As Needed,Oral
910925,703802,4040,2021-07-10,44.9,mg,Once Daily,IV
910926,703564,4004,2024-07-06,28.2,mL,As Needed,Subcutaneous
910927,704645,4045,2021-12-21,35.8,units,Once Daily,Topical
910928,702904,4024,2025-08-13,76.3,mL,Twice Daily,IM
910929,703615,4010,2024-10-13,14.0,mg,Once Daily,Subcutaneous
910930,703247,4042,2025-10-25,1.0,mg,Once Daily,IV
910931,704930,4002,2021-09-20,71.1,mL,As Needed,IM
910932,701878,4016,2022-08-16,51.7,units,Three Times Daily,Topical
910933,701271,4010,2024-09-12,74.1,mcg,As Needed,IV
910934,703708,4009,2023-01-10,63.5,mg,As Needed,Subcutaneous
910935,701664,4026,2023-06-10,16.2,mL,As Needed,Topical
910936,704585,4007,2024-05-11,65.4,units,Once Daily,IV
910937,700978,4016,2022-05-23,97.5,mg,Three Times Daily,Oral
910938,706045,4002,2024-01-29,58.9,units,Three Times Daily,Oral
910939,706132,4038,2021-10-24,20.9,mcg,Three Times Daily,Topical
910940,700497,4028,2021-04-21,18.5,mL,Once Daily,IM
910941,701305,4026,2024-02-23,19.1,units,Once Daily,Topical
910942,704555,4014,2023-04-26,70.5,mg,Twice Daily,Topical
910943,703596,4008,2025-09-29,81.6,units,As Needed,IM
910944,701032,4011,2023-08-17,16.1,units,Twice Daily,Subcutaneous
910945,702652,4033,2024-08-14,98.1,units,Three Times Daily,Topical
910946,700959,4013,2023-02-24,66.6,units,Twice Daily,IV
910947,702017,4039,2021-04-23,37.9,mL,As Needed,Subcutaneous
910948,702109,4006,2024-03-17,30.4,mcg,Twice Daily,IV
910949,701896,4019,2025-03-07,74.9,units,Twice Daily,Topical
910950,700724,4028,2024-04-23,52.6,mcg,Three Times Daily,Topical
910951,705342,4024,2022-11-16,35.9,mcg,Twice Daily,Topical
910952,701180,4024,2023-03-09,12.4,mcg,As Needed,Subcutaneous
910953,700884,4035,2022-06-03,61.1,mg,Once Daily,Topical
910954,702784,4007,2023-11-14,49.0,units,Three Times Daily,Subcutaneous
910955,702104,4009,2022-09-21,71.8,mL,As Needed,IM
910956,702512,4001,2024-12-15,98.3,mg,Three Times Daily,Oral
910957,700645,4006,2023-12-16,45.3,mcg,Three Times Daily,Subcutaneous
910958,701982,4042,2024-09-24,97.2,mL,Twice Daily,IM
910959,701668,4012,2025-08-01,4.6,mL,Once Daily,Subcutaneous
910960,706043,4028,2022-08-24,57.9,mg,Three Times Daily,IV
910961,702948,4040,2025-04-18,82.8,mg,Three Times Daily,Oral
910962,704160,4038,2024-12-23,20.8,units,As Needed,Topical
910963,705585,4028,2024-02-06,51.9,units,Twice Daily,IM
910964,703470,4026,2025-08-13,81.9,mg,Once Daily,Subcutaneous
910965,705377,4035,2021-12-31,49.8,units,As Needed,IV
910966,701097,4018,2025-08-15,58.8,mL,Three Times Daily,Topical
910967,704127,4027,2025-09-23,6.8,mg,Three Times Daily,Topical
910968,702956,4010,2023-08-26,87.0,units,Once Daily,IM
910969,704232,4016,2022-01-27,1.3,units,Twice Daily,Subcutaneous
910970,705822,4008,2021-12-31,51.4,mL,Once Daily,Subcutaneous
910971,706119,4043,2025-11-12,47.7,mcg,Twice Daily,Subcutaneous
910972,702199,4007,2023-03-08,9.0,mg,As Needed,IV
910973,705057,4013,2021-09-11,23.4,units,Three Times Daily,Topical
910974,704545,4044,2021-02-10,72.8,mcg,Three Times Daily,Subcutaneous
910975,700334,4011,2025-09-28,89.7,units,Three Times Daily,IM
910976,704794,4035,2022-06-24,17.2,mg,Three Times Daily,IM
910977,703630,4005,2025-04-21,96.0,mcg,Once Daily,Subcutaneous
910978,704839,4029,2022-05-11,18.3,mg,Three Times Daily,IV
910979,701632,4023,2023-09-22,61.7,mL,Three Times Daily,Subcutaneous
910980,702789,4037,2024-10-14,65.3,mcg,As Needed,IV
910981,700748,4021,2022-02-28,67.5,units,As Needed,Topical
910982,704316,4034,2024-06-08,76.0,mg,Twice Daily,Topical
910983,703190,4034,2024-03-01,55.8,mcg,Three Times Daily,IV
910984,705182,4017,2021-02-14,3.2,mL,Twice Daily,Subcutaneous
910985,705796,4013,2022-03-06,53.2,mg,Three Times Daily,IM
910986,703425,4005,2023-09-07,83.4,mcg,Once Daily,Oral
910987,703675,4031,2023-04-30,57.9,mcg,Three Times Daily,IV
910988,703553,4017,2022-10-03,16.1,mg,Twice Daily,IV
910989,705123,4024,2025-01-21,21.0,mL,Three Times Daily,IV
910990,703860,4017,2022-11-30,49.9,mg,Once Daily,IV
910991,700448,4016,2025-06-22,12.6,mL,As Needed,Oral
910992,700498,4026,2025-12-23,13.3,mcg,Twice Daily,IM
910993,700867,4021,2022-10-01,57.8,mg,Once Daily,Oral
910994,703390,4011,2024-10-12,95.3,mL,Once Daily,Subcutaneous
910995,704110,4024,2021-09-07,24.7,units,Once Daily,Topical
910996,706394,4031,2024-01-12,47.0,mg,Twice Daily,Subcutaneous
910997,701995,4038,2025-02-04,32.7,units,As Needed,Oral
910998,705504,4004,2022-01-13,73.6,mg,Once Daily,Topical
910999,701193,4006,2021-04-23,53.8,mcg,Twice Daily,IM
911000,704981,4034,2023-12-30,59.9,mL,Twice Daily,IM
