Patient_ID,First_Name,Last_Name,Gender,Date_of_Birth,City,State,Insurance_Type,Smoking_Status,Blood_Type,Registration_Date
100001,Michael,Williams,Female,1937-08-07,Springfield,MO,Private,Never,A+,2022-07-23
100002,Karen,Clark,Male,1954-08-01,St. Louis,MO,Medicare,Never,A-,2025-07-22
100003,Joseph,Martin,Male,1936-03-04,St. Joseph,MO,Private,Never,O-,2024-08-08
100004,David,Robinson,Male,1937-09-19,Springfield,MO,Private,Never,A+,2024-02-28
100005,Linda,Clark,Female,1994-03-30,O'Fallon,MO,Medicaid,Former,B+,2021-01-18
100006,Daniel,Anderson,Male,1996-12-23,St. Joseph,MO,Private,Former,O+,2025-02-27
100007,Michael,Johnson,Female,2005-07-02,St. Charles,MO,Private,Former,B-,2025-01-11
100008,Charles,Young,Female,1962-03-03,St. Charles,MO,Private,Former,O-,2022-05-05
100009,Matthew,Smith,Female,1936-01-06,Columbia,MO,Private,Former,B+,2024-09-23
100010,David,Brown,Female,1992-07-11,Florissant,MO,Medicare,Former,AB-,2021-12-21
100011,David,Martin,Male,1954-10-21,Jefferson City,MO,Private,Former,AB+,2021-08-25
100012,Lisa,Smith,Female,1995-04-02,Independence,MO,Medicare,Former,O+,2022-10-21
100013,Daniel,Martin,Female,1971-08-21,O'Fallon,MO,Medicare,Never,AB+,2021-05-20
100014,Patricia,White,Male,1966-09-18,Jefferson City,MO,Medicaid,Never,A+,2024-08-27
100015,Linda,Young,Male,1987-02-11,Jefferson City,MO,Medicaid,Former,AB+,2021-01-11
100016,Lisa,Martin,Female,1959-03-18,Columbia,MO,Private,Never,AB+,2025-07-25
100017,John,Robinson,Female,1963-09-08,St. Charles,MO,Private,Never,AB-,2023-12-27
100018,Nancy,Williams,Male,1982-11-14,Kansas City,MO,Private,Never,A-,2022-04-23
100019,Daniel,Williams,Female,1967-03-21,Springfield,MO,Medicare,Never,A-,2023-08-15
100020,Mary,Wilson,Female,1994-11-28,St. Louis,MO,Uninsured,Current,B+,2025-05-20
100021,Lisa,Garcia,Male,1944-06-07,Kansas City,MO,Private,Never,O+,2022-03-21
100022,Barbara,Moore,Other,1991-07-26,Kansas City,MO,Medicare,Never,B+,2022-02-07
100023,Jennifer,Walker,Female,1970-02-26,Florissant,MO,Medicaid,Never,A-,2024-03-06
100024,Mary,Johnson,Female,1938-12-21,Florissant,MO,Private,Former,A+,2024-05-06
100025,Daniel,Davis,Female,1995-12-26,Kansas City,MO,Private,Former,A-,2025-05-07
100026,James,Walker,Male,1942-03-15,St. Charles,MO,Private,Former,B+,2024-05-02
100027,Barbara,Johnson,Male,2001-05-27,Jefferson City,MO,Private,Former,B-,2021-12-11
100028,Nancy,Brown,Male,1962-10-19,Springfield,MO,Private,Never,O+,2024-01-11
100029,Barbara,Jackson,Male,1942-08-02,Jefferson City,MO,Medicare,Never,AB+,2021-03-22
100030,Thomas,Brown,Male,1983-10-29,Jefferson City,MO,Private,Never,AB-,2021-07-23
100031,Elizabeth,Moore,Female,2004-01-21,Jefferson City,MO,Medicare,Former,B-,2024-03-28
100032,Jessica,Thomas,Female,2000-05-09,Springfield,MO,Private,Former,B-,2022-03-29
100033,Joseph,Moore,Female,1995-02-02,Springfield,MO,Private,Never,AB+,2021-01-08
100034,Joseph,Martin,Female,2001-02-16,Columbia,MO,Private,Never,A-,2025-10-31
100035,Charles,Robinson,Female,1952-10-13,Independence,MO,Uninsured,Never,O-,2021-11-03
100036,Barbara,Clark,Male,1974-08-09,Kansas City,MO,Medicaid,Former,O+,2022-04-08
100037,Matthew,Garcia,Male,1996-05-25,St. Joseph,MO,Private,Never,A+,2021-07-09
100038,Karen,Taylor,Female,1935-02-07,Columbia,MO,Private,Never,B-,2025-11-23
100039,John,Johnson,Female,2002-01-04,Columbia,MO,Uninsured,Never,A+,2024-02-22
100040,Robert,Allen,Male,1961-03-05,St. Louis,MO,Private,Former,AB-,2025-09-04
100041,Charles,Lewis,Female,1946-02-12,St. Joseph,MO,Medicare,Former,AB-,2023-02-05
100042,Michael,Lewis,Male,1998-02-21,Florissant,MO,Uninsured,Never,AB-,2025-12-24
100043,Daniel,Jones,Female,1964-08-19,St. Louis,MO,Private,Former,B+,2023-05-20
100044,William,Lewis,Female,1968-06-15,Florissant,MO,Medicare,Never,B-,2022-03-09
100045,Michael,Johnson,Female,1969-01-26,Independence,MO,Private,Current,AB-,2025-12-06
100046,Sarah,Anderson,Female,1980-08-25,O'Fallon,MO,Private,Never,B+,2022-01-15
100047,Patricia,Johnson,Female,1998-01-15,Florissant,MO,Private,Former,AB-,2025-09-21
100048,Susan,Taylor,Female,2001-04-04,Jefferson City,MO,Medicaid,Never,A-,2023-07-14
100049,Sarah,Clark,Female,1952-08-10,Florissant,MO,Private,Never,B-,2021-03-04
100050,William,King,Female,1997-02-17,St. Joseph,MO,Private,Former,B+,2023-09-19
100051,Daniel,Jackson,Female,1986-02-24,Springfield,MO,Private,Never,AB-,2024-07-30
100052,Mary,Wilson,Male,1955-05-04,St. Joseph,MO,Medicare,Never,O+,2022-10-15
100053,Karen,Allen,Male,1948-06-29,Independence,MO,Medicaid,Never,B+,2022-03-02
100054,Joseph,Lewis,Female,1997-06-06,Columbia,MO,Private,Never,AB-,2023-01-08
100055,Michael,Wilson,Male,1995-10-27,Jefferson City,MO,Private,Never,A-,2024-08-09
100056,Barbara,Williams,Male,1959-09-20,O'Fallon,MO,Medicaid,Never,A+,2023-04-09
100057,Linda,Walker,Female,1976-02-27,Independence,MO,Medicaid,Former,O-,2024-08-21
100058,Joseph,Wilson,Female,1965-01-02,Columbia,MO,Medicare,Former,AB-,2025-11-15
100059,John,Martin,Female,1941-11-30,St. Charles,MO,Private,Never,A+,2024-09-25
100060,Susan,Lewis,Male,1957-05-25,St. Joseph,MO,Medicare,Former,B-,2022-08-18
100061,Thomas,Miller,Male,1998-09-26,Independence,MO,Medicare,Current,A-,2024-12-08
100062,Patricia,White,Male,1990-04-20,St. Joseph,MO,Medicare,Never,O+,2024-03-26
100063,Sarah,White,Male,1992-01-06,O'Fallon,MO,Private,Never,B-,2025-09-26
100064,Linda,Smith,Male,1952-01-17,Columbia,MO,Medicaid,Former,O+,2022-02-04
100065,Patricia,Brown,Male,2005-05-26,St. Joseph,MO,Medicaid,Former,A+,2021-09-06
100066,Mary,Brown,Female,1986-12-31,Springfield,MO,Private,Never,A-,2025-02-27
100067,Jennifer,Miller,Female,1946-06-18,Florissant,MO,Medicare,Never,AB+,2021-11-25
100068,Nancy,Davis,Male,1938-11-04,St. Louis,MO,Medicaid,,A-,2024-07-25
100069,Elizabeth,Harris,Male,1983-10-29,O'Fallon,MO,Private,Current,A-,2022-04-07
100070,Patricia,Jones,Female,1973-11-04,St. Louis,MO,Medicaid,Never,O+,2024-03-19
100071,Nancy,Miller,Male,1949-11-25,Kansas City,MO,Private,Current,AB+,2022-08-26
100072,Sarah,Robinson,Female,1993-07-02,Florissant,MO,Medicare,Never,B+,2023-01-04
100073,Barbara,Robinson,Male,1976-09-15,O'Fallon,MO,Private,Never,B+,2024-10-18
100074,Mary,Brown,Male,1958-10-15,Independence,MO,Medicaid,Never,B+,2025-08-05
100075,Elizabeth,Garcia,Male,1968-05-28,Springfield,MO,Private,Former,A+,2021-05-07
100076,Patricia,Miller,Male,1974-05-23,Independence,MO,Medicaid,Never,A-,2021-06-03
100077,Susan,Clark,Female,2000-04-11,St. Charles,MO,Medicaid,Never,AB-,2022-07-12
100078,Jessica,Jones,Female,1935-08-31,Kansas City,MO,Private,Current,AB+,2021-05-02
100079,Joseph,Robinson,Female,1991-03-02,Springfield,MO,Uninsured,Current,AB-,2021-10-11
100080,Linda,Williams,Male,1948-09-02,St. Joseph,MO,Medicare,Never,A+,2021-01-13
100081,Susan,Miller,Female,1945-09-13,St. Joseph,MO,Private,Never,AB+,2022-10-17
100082,Matthew,Young,Female,2004-04-18,Jefferson City,MO,Medicaid,Former,AB-,2021-03-13
100083,Linda,Martin,Female,1980-01-14,St. Joseph,MO,Private,Former,O-,2022-04-29
100084,Daniel,Miller,Male,1938-05-11,Columbia,MO,Medicaid,Never,O+,2022-11-10
100085,Jessica,Jones,Male,1968-10-16,Kansas City,MO,Private,Current,A+,2024-10-19
100086,Richard,Young,Female,1990-05-19,Columbia,MO,Medicaid,Never,A+,2025-02-21
100087,Sarah,Jones,Female,1965-01-14,Florissant,MO,Medicaid,Former,O-,2025-07-21
100088,Joseph,Allen,Male,1987-12-30,Jefferson City,MO,Medicare,Never,A+,2024-04-03
100089,Daniel,Johnson,Male,1963-11-12,Jefferson City,MO,Medicare,Never,AB+,2023-10-21
100090,Lisa,Walker,Female,1967-07-12,St. Joseph,MO,Private,Never,AB-,2022-08-26
100091,Richard,Young,Female,1973-04-13,Springfield,MO,Uninsured,Former,AB-,2023-02-19
100092,William,Garcia,Male,1940-08-27,Florissant,MO,Private,Current,B-,2023-11-04
100093,Joseph,Jackson,Female,1990-12-15,St. Charles,MO,Medicaid,Never,A+,2025-08-11
100094,Richard,Walker,Female,1963-02-22,Kansas City,MO,Medicaid,Never,B+,2025-01-21
100095,James,Anderson,Female,1966-11-22,Kansas City,MO,Private,Never,A-,2024-04-19
100096,Michael,Allen,Female,1937-09-03,O'Fallon,MO,Uninsured,Current,O+,2021-09-04
100097,William,King,Male,1984-10-29,,MO,Medicaid,Current,O+,2023-08-13
100098,Lisa,Miller,Female,1949-02-07,St. Joseph,MO,Private,Former,B-,2022-07-06
100099,James,Jones,Male,1981-06-27,O'Fallon,MO,Uninsured,Never,B-,2023-04-10
100100,Barbara,Smith,Female,1975-10-04,St. Charles,MO,Private,Current,AB+,2021-11-24
100101,Linda,Moore,Female,1981-01-26,Jefferson City,MO,Medicare,Never,B-,2025-11-06
100102,Lisa,Walker,Male,1971-08-04,St. Louis,MO,Medicare,Never,AB-,2021-09-25
100103,David,Clark,Female,1935-12-19,St. Charles,MO,Private,Never,AB+,2025-08-28
100104,Charles,Moore,Female,1990-07-09,St. Charles,MO,Private,Never,AB+,2025-12-03
100105,Thomas,Walker,Male,1954-12-14,Springfield,MO,Medicare,Former,O+,2024-12-03
100106,Linda,Walker,Female,1956-09-24,Springfield,MO,Medicaid,Former,O+,2023-11-05
100107,John,Clark,Female,1939-04-16,Springfield,MO,Private,Never,B+,2021-01-20
100108,John,Jones,Female,1941-02-08,Springfield,MO,Private,Never,A+,2023-01-01
100109,James,Moore,Male,1951-07-21,Independence,MO,Medicaid,Never,O-,2021-09-02
100110,Robert,Brown,Male,1977-01-16,St. Joseph,MO,Private,Never,O-,2022-12-13
100111,Elizabeth,Harris,Male,1985-03-08,Kansas City,MO,Private,Never,B-,2024-10-30
100112,Michael,Williams,Female,1953-03-29,St. Joseph,MO,Private,Never,A+,2024-11-12
100113,William,Harris,Male,1950-10-03,St. Joseph,MO,Medicare,Former,A+,2023-12-30
100114,Michael,Taylor,Female,1989-06-27,Kansas City,MO,Private,Current,A+,2024-09-09
100115,William,Walker,Male,1953-12-16,Springfield,MO,Private,Current,AB+,2022-01-06
100116,Linda,Robinson,Female,1990-04-27,St. Joseph,MO,Medicare,Current,A+,2021-04-07
100117,Barbara,Allen,Male,2005-10-20,Independence,MO,Private,Former,B-,2023-05-21
100118,Mary,Walker,Male,1940-01-19,Springfield,MO,Medicaid,Never,AB+,2023-03-25
100119,James,Brown,Male,2000-11-08,Independence,MO,Medicaid,Current,B-,2024-04-14
100120,Jessica,Johnson,Male,1945-12-24,O'Fallon,MO,Medicaid,Never,AB+,2024-10-23
100121,Matthew,Robinson,Female,1946-11-24,St. Joseph,MO,Medicaid,Former,O-,2025-10-09
100122,Matthew,White,Female,1981-06-22,Columbia,MO,Medicaid,Never,A-,2023-05-16
100123,Lisa,Clark,Female,1964-05-06,Independence,MO,Private,Former,A-,2024-07-11
100124,Robert,Davis,Female,1964-07-19,O'Fallon,MO,Medicare,Never,O-,2024-10-05
100125,John,Williams,Female,1962-05-06,Florissant,MO,Uninsured,Never,A-,2024-09-21
100126,Barbara,Wilson,Female,1955-02-14,Florissant,MO,Private,Never,A-,2021-10-21
100127,Linda,Robinson,Female,1974-05-09,O'Fallon,MO,Medicare,Never,O-,2024-03-26
100128,Nancy,Garcia,Female,1959-11-22,Jefferson City,MO,Medicare,Current,AB+,2021-01-19
100129,John,Anderson,Male,1941-10-14,Jefferson City,MO,Private,Never,A+,2022-11-12
100130,James,Walker,Female,1955-05-28,Springfield,MO,Private,Never,O-,2025-08-05
100131,John,Anderson,Male,1986-04-24,Jefferson City,MO,Medicare,Current,B+,2024-02-29
100132,Robert,Moore,Female,1972-03-24,Florissant,MO,Medicare,Former,O+,2022-11-11
100133,Joseph,Harris,Female,1989-05-24,Jefferson City,MO,Private,Never,AB-,2025-08-02
100134,Susan,Wilson,Male,1937-04-23,Columbia,MO,Medicare,Never,B+,2025-03-12
100135,John,Harris,Male,1941-01-25,Florissant,MO,Private,Never,A-,2024-07-11
100136,James,King,Female,2003-05-29,Independence,MO,Private,Current,A+,2023-02-15
100137,Robert,Wilson,Female,1954-06-21,St. Charles,MO,Medicaid,Former,B-,2021-12-25
100138,Matthew,Wilson,Male,1970-01-31,Jefferson City,MO,Medicaid,Current,A+,2022-05-16
100139,Susan,Smith,Female,1936-11-27,Jefferson City,MO,Medicare,Never,B-,2024-03-06
100140,Michael,Johnson,Female,1936-12-15,St. Joseph,MO,Private,Never,B+,2024-08-02
100141,William,White,Female,1941-09-27,Kansas City,MO,Medicare,Never,A+,2022-04-08
100142,Joseph,Smith,Female,1981-07-02,Columbia,MO,Medicaid,Former,A+,2022-07-23
100143,Joseph,Anderson,Female,1936-10-22,Florissant,MO,Private,Never,AB-,2022-05-07
100144,Elizabeth,Clark,Male,1997-07-18,Florissant,MO,Medicare,Never,O-,2022-10-06
100145,Richard,Davis,Female,2002-11-28,St. Louis,MO,Private,Never,B+,2021-08-28
100146,Charles,Walker,Female,1944-10-29,Kansas City,MO,Private,Never,A+,2023-07-16
100147,Michael,Taylor,Male,1952-02-03,Jefferson City,MO,Private,Former,B-,2025-01-13
100148,Thomas,Allen,Male,2003-06-28,O'Fallon,MO,Private,Never,O+,2021-04-23
100149,Karen,Johnson,Male,1963-08-10,St. Joseph,MO,Private,Never,A+,2021-10-23
100150,Patricia,Davis,Female,2001-01-17,Independence,MO,Medicaid,Never,B-,2024-06-12
100151,Robert,Young,Female,1979-01-08,St. Joseph,MO,Medicaid,Current,A-,2024-11-08
100152,Matthew,Davis,Female,1955-05-01,Jefferson City,MO,Medicaid,Never,A+,2025-10-18
100153,Michael,Harris,Female,1958-06-18,St. Louis,MO,Private,Never,B-,2022-07-23
100154,Richard,Jackson,Female,1963-12-30,St. Charles,MO,Medicaid,Never,O+,2023-04-26
100155,Joseph,Harris,Male,1956-05-24,Florissant,MO,Uninsured,Never,B+,2024-02-22
100156,David,Allen,Male,1946-05-28,Independence,MO,Private,Current,A-,2021-07-26
100157,Patricia,King,Male,2005-07-20,Kansas City,MO,Medicaid,Never,A+,2023-12-10
100158,Richard,Moore,Male,1944-12-02,,MO,Private,Current,AB-,2022-09-24
100159,Michael,Lewis,Female,1971-03-27,Columbia,MO,Medicaid,Never,B-,2023-10-19
100160,Charles,Jones,Female,1969-06-17,O'Fallon,MO,Private,Current,O+,2023-12-29
100161,Nancy,Thomas,Male,1939-04-08,St. Joseph,MO,Private,Former,AB-,2025-07-23
100162,Mary,Smith,Female,1951-04-04,St. Louis,MO,Medicare,Former,A+,2023-03-20
100163,Elizabeth,Allen,Female,2003-04-22,St. Charles,MO,Medicare,Former,B-,2023-10-22
100164,Richard,Jones,Male,1963-02-09,Springfield,MO,Private,Never,A+,2023-01-05
100165,Daniel,Davis,Male,1996-12-02,O'Fallon,MO,Private,Never,A-,2022-12-17
100166,Jennifer,Moore,Male,1953-01-11,Jefferson City,MO,Uninsured,,O+,2023-05-28
100167,Barbara,Davis,Male,2005-11-22,St. Charles,MO,Medicare,Never,O+,2022-11-08
100168,Barbara,Allen,Female,1947-03-06,O'Fallon,MO,Medicaid,Former,A-,2025-11-25
100169,Karen,Taylor,Male,1970-06-24,O'Fallon,MO,Medicare,Never,A+,2022-05-20
100170,David,Smith,Male,1991-11-21,Florissant,MO,Private,Former,A+,2024-10-22
100171,Matthew,Moore,Female,1975-05-29,O'Fallon,MO,Medicaid,Never,AB+,2024-03-10
100172,Michael,Lewis,Other,1935-02-01,Columbia,MO,Medicare,Never,A+,2024-11-03
100173,James,King,Male,1948-07-04,St. Charles,MO,Private,Current,O+,2025-06-21
100174,James,Williams,Male,1947-05-07,Jefferson City,MO,Private,Former,A+,2025-08-02
100175,Karen,King,Male,1970-10-02,Jefferson City,MO,Medicaid,Former,AB-,2022-04-24
100176,Richard,Harris,Male,1945-10-05,Columbia,MO,Private,Former,AB-,2024-11-02
100177,William,Jones,Male,1995-11-27,Kansas City,MO,Private,Current,A-,2023-02-14
100178,John,Robinson,Female,1952-07-17,St. Charles,MO,Medicare,Never,AB-,2021-06-17
100179,Michael,Walker,Male,1948-11-13,O'Fallon,MO,Medicaid,Former,A+,2022-10-17
100180,Jennifer,Davis,Male,1937-03-02,St. Louis,MO,Medicaid,Never,B+,2023-04-03
100181,Linda,Martin,Female,1948-10-07,Independence,MO,Private,Never,O-,2025-02-24
100182,William,Brown,Male,1983-06-18,St. Charles,MO,Private,Never,A+,2021-06-25
100183,Robert,Taylor,Male,1966-10-21,Springfield,MO,Medicaid,Never,O-,2023-10-30
100184,James,Robinson,Male,1948-02-26,St. Louis,MO,Medicaid,Never,O+,2021-12-21
100185,Charles,Jackson,Female,1972-04-24,Columbia,MO,Private,Current,AB+,2023-10-18
100186,Elizabeth,Lewis,Male,1967-01-28,O'Fallon,MO,Uninsured,Former,B-,2021-03-10
100187,Barbara,Miller,Female,1978-07-24,Kansas City,MO,Private,Never,O+,2021-06-24
100188,Lisa,Lewis,Female,1952-04-04,Springfield,MO,Uninsured,Never,O-,2022-07-23
100189,Joseph,Lewis,Male,1987-05-31,Kansas City,MO,Private,Never,A-,2021-05-16
100190,Nancy,Taylor,Other,1991-11-16,Kansas City,MO,Private,Never,AB-,2021-10-22
100191,Lisa,Jones,Male,1941-01-21,St. Joseph,MO,Medicaid,Former,B+,2023-01-09
100192,William,Jones,Male,1952-04-19,Florissant,MO,Medicaid,Never,O+,2024-10-23
100193,Karen,Young,Female,1974-05-09,Springfield,MO,Medicare,Never,B-,2023-05-15
100194,Thomas,Davis,Female,1993-03-10,Independence,MO,Private,Current,B+,2024-05-16
100195,Thomas,Anderson,Female,1996-06-02,Florissant,MO,Private,Former,A-,2025-02-16
100196,Karen,Garcia,Male,1956-11-22,Springfield,MO,Private,Former,AB-,2021-08-14
100197,Barbara,Jackson,Male,1950-12-03,Kansas City,MO,Medicaid,Former,AB+,2022-12-25
100198,Michael,White,Female,1996-09-09,Florissant,MO,Medicare,Never,O-,2023-10-24
100199,Mary,Harris,Male,1949-05-26,Springfield,MO,Medicaid,Never,O+,2024-02-14
100200,John,Davis,Male,2003-11-20,Independence,MO,Medicaid,Former,O+,2023-06-30
100201,Thomas,Davis,Male,1945-09-28,St. Louis,MO,Private,Former,O+,2024-02-03
100202,Robert,Wilson,Male,1961-02-01,St. Charles,MO,Private,Never,O-,2025-06-15
100203,Thomas,Johnson,Female,1999-08-02,O'Fallon,MO,Medicare,Never,A-,2021-05-11
100204,Lisa,Jackson,Male,2004-11-21,Springfield,MO,Medicare,Former,B+,2023-08-31
100205,Thomas,Clark,Other,1984-03-13,Independence,MO,Private,Never,B+,2024-07-08
100206,Thomas,Williams,Male,1983-10-28,St. Charles,MO,Medicaid,Never,A-,2025-03-15
100207,Mary,Harris,Female,1988-08-25,Florissant,MO,Private,Never,O+,2025-03-10
100208,Mary,Brown,Male,2002-02-04,Springfield,MO,Medicaid,Never,A+,2025-11-27
100209,Nancy,Brown,Male,1981-05-28,Springfield,MO,Medicaid,Never,A-,2024-05-21
100210,Matthew,Martin,Male,1999-03-24,Columbia,MO,Medicaid,Never,AB-,2023-01-07
100211,Robert,Wilson,Male,2001-09-24,Springfield,MO,Medicare,Former,AB-,2025-10-17
100212,James,Wilson,Female,1981-01-31,O'Fallon,MO,Private,Never,AB+,2022-09-24
100213,James,Allen,Other,1942-07-18,Columbia,MO,Medicare,Never,A-,2021-01-29
100214,Charles,Clark,Female,1989-12-02,St. Charles,MO,Medicaid,Never,B-,2023-08-10
100215,Mary,Anderson,Male,1980-05-12,Florissant,MO,Medicaid,Current,O-,2024-12-18
100216,Daniel,Walker,Male,2001-12-13,Florissant,MO,Medicare,Never,O-,2021-05-13
100217,Barbara,Brown,Male,1967-06-09,Jefferson City,MO,Medicare,Never,AB-,2024-12-05
100218,Jennifer,Thomas,Female,2001-03-18,Jefferson City,MO,Private,Former,AB-,2023-09-26
100219,Matthew,Davis,Female,1980-06-18,St. Charles,MO,Private,Never,AB-,2023-04-30
100220,Patricia,Johnson,Female,1949-07-16,St. Joseph,MO,Private,Former,A+,2021-03-06
100221,Matthew,Young,Male,1967-07-05,Independence,MO,Medicare,Never,B-,2023-12-03
100222,David,Moore,Female,1949-06-18,St. Joseph,MO,Medicare,Current,O+,2025-04-06
100223,Lisa,Walker,Male,1976-07-10,Independence,MO,Medicare,Current,O+,2022-05-12
100224,Thomas,White,Female,1957-12-25,Columbia,MO,Medicaid,Current,A-,2023-12-25
100225,Jennifer,Johnson,Female,1958-03-18,St. Charles,MO,Private,Never,A+,2023-07-28
100226,Lisa,Taylor,Female,1997-09-12,,MO,Private,Current,AB-,2023-09-20
100227,Robert,Anderson,Female,1995-11-19,Jefferson City,MO,Private,Never,O+,2023-05-09
100228,Karen,Jackson,Male,1976-10-17,Jefferson City,MO,Medicare,Former,B-,2024-08-10
100229,Mary,Harris,Female,1963-08-24,Kansas City,MO,Medicaid,Former,O+,2023-01-01
100230,Jennifer,Davis,Male,1939-10-14,Independence,MO,Private,Never,O-,2024-11-14
100231,Nancy,Clark,Female,1978-12-24,St. Charles,MO,Medicaid,Former,B-,2025-02-02
100232,David,Allen,Male,1974-07-08,St. Louis,MO,Private,Never,A+,2022-12-18
100233,Jessica,Wilson,Female,1946-02-28,Columbia,MO,Uninsured,Never,O+,2021-07-20
100234,Jessica,Davis,Female,1983-07-12,Springfield,MO,Private,Current,AB-,2021-02-22
100235,James,Martin,Female,1975-08-17,Springfield,MO,Private,Never,A+,2025-05-13
100236,William,Clark,Female,1995-11-17,Independence,MO,Medicaid,Never,O-,2024-11-23
100237,Jennifer,Young,Female,1979-09-29,St. Joseph,MO,Medicaid,Never,B+,2025-06-10
100238,Jessica,Robinson,Female,1986-05-11,Columbia,MO,Medicare,Current,AB-,2022-02-01
100239,John,Robinson,Female,1972-11-07,Florissant,MO,Private,Never,A+,2024-06-03
100240,Karen,Walker,Female,1970-02-22,O'Fallon,MO,Medicare,Never,A-,2023-05-10
100241,Patricia,Thomas,Male,1960-02-07,Springfield,MO,Private,Current,O+,2023-07-20
100242,Charles,Lewis,Female,1968-02-19,Jefferson City,MO,Private,Never,AB-,2024-03-26
100243,John,Martin,Female,2002-09-17,Columbia,MO,Private,Never,AB+,2022-12-09
100244,Charles,Harris,Female,1997-04-20,St. Joseph,MO,Medicare,Former,AB-,2022-12-12
100245,Karen,King,Male,1972-07-22,St. Charles,MO,Medicare,Never,B+,2023-10-31
100246,Michael,Walker,Male,1963-01-13,St. Joseph,MO,Private,Former,A+,2022-11-15
100247,Karen,Williams,Female,1945-06-05,Columbia,MO,Private,Never,O-,2025-10-31
100248,William,Allen,Male,1937-11-17,Florissant,MO,Private,Current,AB+,2025-11-30
100249,James,Miller,Female,1967-05-02,Springfield,MO,Medicaid,Current,B+,2024-02-15
100250,Linda,Harris,Female,1992-01-07,Jefferson City,MO,Private,Never,A-,2021-04-25
100251,Michael,Thomas,Male,2001-08-04,St. Louis,MO,Private,Never,O-,2022-02-05
100252,Sarah,Wilson,Female,1973-12-08,St. Charles,MO,Medicaid,Current,O-,2023-02-28
100253,Linda,Jackson,Female,1981-02-06,Jefferson City,MO,Private,Never,AB-,2024-03-28
100254,James,Clark,Female,1962-11-24,Florissant,MO,Private,Never,O+,2022-07-21
100255,David,Walker,Female,1942-02-11,O'Fallon,MO,Medicare,Former,AB+,2023-06-22
100256,Sarah,Moore,Male,1997-12-17,Florissant,MO,Medicare,Former,O+,2023-06-07
100257,Matthew,Walker,Female,1961-12-22,Florissant,MO,Private,Former,O-,2022-09-11
100258,Elizabeth,Davis,Male,1959-12-26,Springfield,MO,Medicare,Never,A+,2023-03-01
100259,John,Martin,Female,1982-12-24,Columbia,MO,Private,Never,A+,2025-07-11
100260,Michael,Davis,Female,1993-05-15,Columbia,MO,Private,Current,A-,2021-08-16
100261,Jessica,Martin,Male,1978-06-12,Jefferson City,MO,Private,Former,B+,2021-07-09
100262,Jessica,Miller,Female,1960-09-20,O'Fallon,MO,Private,Former,AB+,2025-07-20
100263,Karen,Allen,Female,1973-05-09,O'Fallon,MO,Medicare,Current,A-,2021-03-24
100264,Thomas,Thomas,Male,1952-03-27,St. Joseph,MO,Medicaid,Former,B+,2021-03-16
100265,Mary,Taylor,Other,1971-05-30,St. Louis,MO,Private,Never,B-,2022-09-15
100266,James,Young,Male,1959-04-19,Florissant,MO,Medicare,Former,B-,2021-04-06
100267,Jessica,Young,Male,2005-08-30,St. Louis,MO,Private,Never,B+,2025-05-19
100268,Barbara,Taylor,Female,2002-02-06,Kansas City,MO,Private,Never,A+,2021-10-03
100269,Robert,Young,Female,1966-11-24,Independence,MO,Medicaid,Never,A+,2025-07-03
100270,Robert,Moore,Female,1946-02-25,Florissant,MO,Medicaid,Former,B-,2021-04-26
100271,Matthew,Clark,Female,1951-10-26,St. Louis,MO,Private,Current,O-,2023-02-17
100272,William,Johnson,Female,1961-09-03,Springfield,MO,Private,Never,A+,2022-04-05
100273,William,Walker,Female,1951-11-01,Independence,MO,Medicare,Never,O+,2024-06-27
100274,John,Jackson,Male,1986-03-17,O'Fallon,MO,Private,Never,O-,2021-09-22
100275,Charles,Robinson,Male,1978-10-05,Florissant,MO,Private,Former,A+,2022-01-21
100276,Jessica,Clark,Male,1939-09-19,Florissant,MO,Uninsured,Former,B+,2022-10-26
100277,Jessica,Jackson,Male,1952-04-25,O'Fallon,MO,Medicare,Never,AB-,2024-03-01
100278,John,Lewis,Female,1971-09-17,St. Joseph,MO,Medicare,Former,B+,2021-01-21
100279,Karen,Allen,Male,2002-03-04,Springfield,MO,Private,Never,A+,2024-10-18
100280,Lisa,King,Male,1996-09-24,Florissant,MO,Private,Never,B+,2022-10-17
100281,Nancy,Thomas,Male,1940-03-06,St. Louis,MO,Medicaid,Never,AB+,2023-10-19
100282,Lisa,Moore,Female,1971-01-27,Florissant,MO,Private,Current,B-,2023-04-19
100283,James,Young,Female,1942-01-30,Independence,MO,Private,Never,AB-,2025-02-04
100284,Lisa,Taylor,Female,1962-07-03,Florissant,MO,Medicare,Former,O-,2022-05-05
100285,Karen,Jones,Female,1950-06-20,St. Louis,MO,Private,Never,O-,2025-02-24
100286,David,Smith,Female,1949-12-24,St. Charles,MO,Private,Never,AB+,2025-08-21
100287,Thomas,King,Female,1935-07-14,Independence,MO,Medicaid,Never,AB+,2022-10-05
100288,Linda,Williams,Male,1987-03-07,Jefferson City,MO,Medicaid,Never,A+,2025-03-09
100289,Patricia,Young,Female,2004-05-16,Jefferson City,MO,Private,Never,A+,2024-02-14
100290,Jennifer,Lewis,Female,1975-11-03,Independence,MO,Medicaid,Former,O-,2024-04-26
100291,Linda,Allen,Female,1950-09-03,Springfield,MO,Medicare,Never,AB+,2021-01-14
100292,Karen,Miller,Female,1955-08-03,St. Charles,MO,Uninsured,Former,AB+,2025-01-29
100293,John,Thomas,Female,1973-09-29,Independence,MO,Private,Never,O-,2021-06-05
100294,Jessica,Jackson,Female,1986-03-03,St. Louis,MO,Private,Never,A-,2021-04-06
100295,John,Jones,Female,1962-04-26,Kansas City,MO,Private,Never,A-,2021-10-13
100296,Sarah,Jackson,Male,1961-07-16,Columbia,MO,Medicare,Current,O+,2025-11-18
100297,Susan,Davis,Female,1945-07-18,Florissant,MO,Medicare,Never,B-,2024-12-03
100298,Sarah,Anderson,Male,1977-08-31,St. Joseph,MO,Medicaid,Never,AB+,2022-03-17
100299,Mary,White,Female,1937-06-15,St. Charles,MO,Medicaid,Current,B+,2025-10-11
100300,Nancy,Davis,Female,1948-12-04,St. Louis,MO,Private,Never,AB-,2024-04-26
100301,John,Smith,Male,1990-11-14,St. Joseph,MO,Private,Former,A-,2024-07-17
100302,Jessica,Thomas,Female,1950-03-31,Jefferson City,MO,Private,Never,O-,2023-08-16
100303,William,Jones,Male,1998-06-22,Independence,MO,Medicare,Former,A+,2021-10-19
100304,Patricia,Williams,Female,1999-02-23,St. Charles,MO,Medicaid,Never,AB+,2025-12-01
100305,James,Smith,Male,1984-03-22,O'Fallon,MO,Private,Current,B+,2021-03-24
100306,Patricia,Brown,Female,1949-10-02,Florissant,MO,Medicaid,Never,AB-,2024-11-10
100307,James,Davis,Male,1951-01-23,Columbia,MO,Medicare,Never,B+,2021-08-05
100308,Susan,Williams,Female,1957-11-18,Jefferson City,MO,Private,Never,O+,2024-10-21
100309,Daniel,Anderson,Male,1947-12-18,Independence,MO,Medicare,Never,B+,2022-06-13
100310,Jessica,Johnson,Female,2004-09-19,Florissant,MO,Medicaid,Former,A+,2024-09-22
100311,Karen,Taylor,Female,1938-09-27,Jefferson City,MO,Private,Never,A-,2022-04-27
100312,Lisa,Anderson,Other,2001-05-01,O'Fallon,MO,Medicare,Never,B+,2023-01-25
100313,Linda,Walker,Female,1989-12-07,St. Joseph,MO,Private,Never,AB-,2021-04-02
100314,Michael,Martin,Female,1958-10-20,Columbia,MO,Medicaid,Never,A-,2023-05-24
100315,John,Miller,Male,1958-08-07,Columbia,MO,Medicare,Never,O+,2023-08-31
100316,Thomas,Johnson,Male,1941-11-06,Florissant,MO,Medicare,Never,O+,2024-02-14
100317,James,Wilson,Male,1943-07-25,St. Louis,MO,Private,Former,B-,2024-03-25
100318,Jessica,White,Female,2003-10-12,Florissant,MO,Private,Current,A+,2024-12-05
100319,Barbara,Moore,Female,1960-07-01,Jefferson City,MO,Uninsured,Never,A-,2025-07-01
100320,Charles,Wilson,Male,1939-06-03,,MO,Private,Former,O+,2022-04-14
100321,Nancy,Robinson,Female,1962-08-11,Columbia,MO,Private,Never,O+,2021-09-17
100322,Matthew,Brown,Female,1953-07-08,Kansas City,MO,Medicaid,Never,A-,2024-02-24
100323,Nancy,Young,Female,2002-03-01,Columbia,MO,Medicaid,Never,B+,2025-07-13
100324,Susan,Anderson,Male,1956-01-25,Florissant,MO,Medicaid,Never,O-,2024-07-25
100325,Jennifer,Young,Male,1975-12-28,Jefferson City,MO,Medicaid,Never,AB-,2021-04-05
100326,Jennifer,Thomas,Female,1937-02-26,St. Louis,MO,Medicaid,Current,B+,2024-06-12
100327,Richard,Harris,Female,1968-11-19,Independence,MO,Medicare,Current,AB-,2022-10-30
100328,Charles,Martin,Male,1985-09-02,St. Louis,MO,Medicare,Never,O+,2023-03-11
100329,Nancy,Martin,Female,1969-08-29,O'Fallon,MO,Medicaid,Never,O+,2022-07-04
100330,Linda,Johnson,Female,1943-05-24,,MO,Medicaid,Current,A+,2024-07-13
100331,Mary,Walker,Female,2001-07-18,Springfield,MO,Private,Never,A-,2021-06-09
100332,Daniel,Robinson,Female,1996-04-02,St. Charles,MO,Private,Former,AB+,2023-06-13
100333,James,Taylor,Male,1990-06-13,St. Joseph,MO,Medicaid,Never,O+,2022-12-06
100334,Joseph,White,Male,1962-11-11,St. Charles,MO,Medicare,Never,AB-,2023-11-16
100335,James,Lewis,Female,1942-08-12,St. Charles,MO,Medicaid,Never,AB-,2022-09-26
100336,Robert,Allen,Male,1954-05-08,St. Louis,MO,Private,Current,O-,2025-04-27
100337,Jessica,Garcia,Male,1976-03-09,Jefferson City,MO,Medicare,,O-,2022-07-26
100338,Charles,King,Male,1942-03-10,St. Charles,MO,Private,Never,B+,2023-07-02
100339,Patricia,Lewis,Male,1997-08-08,Florissant,MO,Private,Former,B+,2025-05-30
100340,John,Jones,Male,1973-01-07,St. Louis,MO,Medicare,Never,O+,2024-03-12
100341,Thomas,Brown,Male,1942-06-02,Jefferson City,MO,Medicaid,Never,O+,2024-01-07
100342,Thomas,Jackson,Male,1985-04-10,Springfield,MO,Medicare,Former,B-,2025-03-24
100343,Barbara,Brown,Male,1956-09-17,Kansas City,MO,Private,Former,AB-,2023-07-05
100344,Susan,Robinson,Female,2004-09-03,Florissant,MO,Private,Never,A+,2022-12-11
100345,Daniel,Anderson,Female,1936-05-12,Independence,MO,Private,Never,A-,2024-09-11
100346,Jennifer,King,Female,1958-04-01,St. Joseph,MO,Private,Current,A-,2021-11-28
100347,John,Young,Male,1961-11-27,Independence,MO,Private,Current,O-,2024-01-07
100348,William,Williams,Male,1980-02-20,Jefferson City,MO,Private,Former,A-,2022-09-12
100349,Robert,Jones,Female,1978-05-23,O'Fallon,MO,Medicare,Never,AB-,2021-07-27
100350,Lisa,Garcia,Female,2004-02-08,Jefferson City,MO,Medicaid,Former,B+,2023-02-15
100351,Thomas,Walker,Female,1963-08-07,Kansas City,MO,Medicare,Never,A+,2024-08-08
100352,Susan,Young,Male,2002-12-05,Springfield,MO,Private,Current,A-,2022-01-14
100353,Daniel,Davis,Female,1950-10-31,Columbia,MO,Medicare,Never,AB-,2025-01-19
100354,John,Miller,Male,1949-12-28,Jefferson City,MO,Private,,AB+,2023-10-06
100355,James,Walker,Male,1988-01-05,Springfield,MO,Medicare,Never,O+,2021-03-20
100356,Karen,Anderson,Female,1937-12-28,Independence,MO,Private,Former,B-,2025-01-17
100357,Daniel,Garcia,Female,1967-10-23,Jefferson City,MO,Medicaid,Former,B-,2022-10-01
100358,Matthew,Martin,Male,1937-02-19,Jefferson City,MO,Medicaid,Never,A-,2025-11-15
100359,James,Brown,Male,1984-01-04,St. Charles,MO,Private,Never,B+,2022-02-11
100360,John,Moore,Female,1975-06-14,Independence,MO,Medicaid,Former,B-,2022-01-09
100361,Sarah,Robinson,Male,1947-03-24,St. Joseph,MO,Uninsured,Never,B-,2023-06-08
100362,Elizabeth,Harris,Male,1953-06-17,St. Joseph,MO,Medicare,Former,O-,2023-08-23
100363,Nancy,Allen,Male,1969-12-15,Florissant,MO,Medicaid,Current,B-,2025-03-15
100364,John,Miller,Female,1954-10-27,O'Fallon,MO,Private,Never,B-,2021-12-16
100365,Linda,Brown,Male,1947-08-05,Columbia,MO,Private,Never,A-,2023-07-01
100366,Susan,Martin,Other,1948-09-26,Jefferson City,MO,Medicaid,Never,O-,2024-01-20
100367,Lisa,Williams,Female,1962-01-31,Jefferson City,MO,Private,Never,AB-,2024-01-27
100368,Sarah,King,Other,1935-04-19,Florissant,MO,Private,Never,A+,2022-08-29
100369,Joseph,Jones,Female,1956-03-18,O'Fallon,MO,Private,Former,A+,2025-04-24
100370,Nancy,White,Male,1954-03-23,Independence,MO,Medicaid,Never,B+,2023-09-01
100371,Matthew,Allen,Male,1968-02-18,Jefferson City,MO,Medicare,Never,AB-,2025-03-03
100372,Mary,Robinson,Male,1947-09-29,Springfield,MO,Private,Former,O+,2021-12-29
100373,Elizabeth,Brown,Male,1963-06-27,St. Louis,MO,Private,Former,AB+,2023-12-24
100374,Mary,King,Female,1944-11-14,O'Fallon,MO,Private,Current,A+,2023-12-11
100375,Thomas,King,Male,1935-03-05,Jefferson City,MO,Medicare,Never,AB+,2021-09-03
100376,Linda,Johnson,Male,1989-10-13,O'Fallon,MO,Medicare,Former,A+,2025-10-05
100377,James,Clark,Male,1970-10-01,St. Joseph,MO,Private,Current,O-,2023-07-31
100378,William,Lewis,Female,1947-04-22,Columbia,MO,Medicare,Never,A+,2024-09-26
100379,David,Lewis,Male,1970-03-10,Jefferson City,MO,Medicaid,Never,O-,2023-04-01
100380,Nancy,Harris,Male,2000-10-30,Columbia,MO,Medicaid,Never,O-,2022-09-20
100381,Jessica,Martin,Male,1980-11-22,Kansas City,MO,Private,Current,B+,2022-07-01
100382,Michael,Lewis,Female,1977-12-12,St. Louis,MO,Medicare,Never,B-,2023-04-08
100383,Elizabeth,Young,Female,1989-09-30,Florissant,MO,Private,Current,B+,2023-02-20
100384,Matthew,King,Male,1941-12-21,Columbia,MO,Private,Former,O-,2024-05-20
100385,John,Moore,Male,2002-07-29,Jefferson City,MO,Private,Never,O-,2025-04-07
100386,Sarah,Thomas,Male,1951-10-14,St. Charles,MO,Medicaid,Never,A+,2024-03-05
100387,Lisa,Garcia,Male,1989-07-28,Florissant,MO,Medicaid,Never,AB-,2021-09-19
100388,Richard,Walker,Female,1968-02-22,Florissant,MO,Private,Never,B-,2025-06-20
100389,Michael,Brown,Female,1982-09-24,Independence,MO,Private,Former,AB-,2024-12-07
100390,Patricia,Lewis,Male,1949-04-08,Columbia,MO,Private,Former,AB-,2025-04-23
100391,Richard,White,Female,1971-06-20,St. Charles,MO,Private,Never,AB-,2024-12-11
100392,Karen,Moore,Male,1955-11-18,Columbia,MO,Private,Former,B-,2024-04-02
100393,James,Brown,Female,2005-10-19,Independence,MO,Private,Never,AB-,2022-06-25
100394,Linda,Allen,Female,1984-11-20,St. Louis,MO,Medicare,Never,B-,2024-03-14
100395,Susan,Harris,Male,1985-10-24,Jefferson City,MO,Medicaid,Never,AB+,2024-07-16
100396,Jessica,Allen,Female,1937-01-31,St. Joseph,MO,Private,Never,O-,2025-09-27
100397,Susan,Smith,Male,1955-08-10,St. Joseph,MO,Medicaid,Current,O+,2024-08-12
100398,Barbara,Clark,Male,1984-03-19,Columbia,MO,Private,Former,A+,2021-11-04
100399,Charles,Robinson,Male,1990-04-25,Independence,MO,Medicaid,Never,A-,2025-07-09
100400,Matthew,Harris,Male,1960-11-28,O'Fallon,MO,Private,Never,AB-,2025-01-30
100401,Joseph,Jackson,Female,1984-11-28,Jefferson City,MO,Private,Never,B+,2025-03-26
100402,Mary,Taylor,Female,1986-08-15,Columbia,MO,Medicaid,Never,AB+,2023-01-05
100403,Mary,Young,Female,1949-05-26,O'Fallon,MO,Uninsured,Former,B+,2025-04-04
100404,Matthew,Moore,Female,1941-06-05,Jefferson City,MO,Medicaid,Current,A-,2024-05-13
100405,Nancy,Smith,Female,1959-01-05,O'Fallon,MO,Medicaid,Former,B-,2024-10-29
100406,Charles,Harris,Male,1951-07-09,Florissant,MO,Medicaid,Never,A-,2022-08-27
100407,Nancy,Garcia,Female,1944-07-31,Columbia,MO,Private,Never,B+,2022-02-17
100408,Nancy,Brown,Male,1983-04-22,Independence,MO,Private,Never,O-,2021-03-16
100409,Thomas,Robinson,Female,1988-02-10,Jefferson City,MO,Private,Never,O-,2022-02-24
100410,Karen,White,Female,2003-06-26,St. Joseph,MO,Medicare,Never,A-,2023-07-14
100411,Elizabeth,Jackson,Male,2002-02-19,Columbia,MO,Private,Never,O-,2023-08-01
100412,Jennifer,Jackson,Female,1935-07-16,Jefferson City,MO,Medicaid,Never,A+,2023-03-23
100413,Joseph,Garcia,Female,2003-03-17,Jefferson City,MO,Private,Former,A-,2022-05-01
100414,Nancy,Jackson,Female,1958-10-01,O'Fallon,MO,Private,Former,AB-,2023-01-27
100415,David,Martin,Male,1987-03-26,O'Fallon,MO,Private,Never,A+,2025-02-11
100416,Robert,Taylor,Male,1986-07-17,St. Charles,MO,Private,Former,AB-,2021-02-17
100417,James,Miller,Male,1956-08-29,Columbia,MO,Private,Never,O+,2022-06-30
100418,Linda,Wilson,Male,1983-03-15,Kansas City,MO,Private,Never,O+,2024-01-02
100419,Daniel,White,Male,1992-02-03,Springfield,MO,Medicaid,Former,A-,2023-05-02
100420,Barbara,Jones,Female,1988-03-04,Kansas City,MO,Private,Never,A+,2023-04-16
100421,Barbara,Robinson,Male,1964-05-01,Jefferson City,MO,Medicaid,Current,O-,2022-07-17
100422,Robert,Anderson,Female,1947-11-28,St. Charles,MO,Medicare,Never,A+,2021-12-02
100423,Michael,Clark,Female,1965-02-01,Jefferson City,MO,Medicaid,Former,O+,2023-05-09
100424,Patricia,Williams,Female,2003-02-02,Kansas City,MO,Medicaid,Never,A-,2023-08-24
100425,Jennifer,Moore,Male,1991-07-03,Jefferson City,MO,Medicaid,Former,AB+,2023-07-20
100426,Richard,Taylor,Female,1958-01-11,O'Fallon,MO,Private,Former,B-,2023-05-17
100427,Karen,Harris,Female,1957-09-13,Columbia,MO,Medicare,Former,B-,2021-01-03
100428,Joseph,Young,Male,1960-07-10,St. Joseph,MO,Medicare,Former,B-,2025-09-05
100429,John,Moore,Male,1936-06-08,Kansas City,MO,Private,Never,O-,2023-11-20
100430,Matthew,Garcia,Female,1947-06-11,Springfield,MO,Medicaid,Never,A+,2022-12-23
100431,Linda,Harris,Male,1946-09-21,Springfield,MO,Private,Former,O-,2025-11-10
100432,Karen,Moore,Male,1998-02-15,O'Fallon,MO,Private,Never,O+,2025-09-18
100433,Jessica,Lewis,Male,1958-09-05,Columbia,MO,Uninsured,Current,B-,2022-03-02
100434,Richard,Walker,Male,1974-01-31,St. Louis,MO,Private,Never,O+,2022-08-03
100435,Sarah,Lewis,Female,1980-12-06,St. Louis,MO,Medicare,Never,A+,2021-09-17
100436,Elizabeth,Anderson,Male,1979-08-10,Independence,MO,Medicaid,Never,O+,2023-07-12
100437,Charles,Williams,Female,1937-06-17,Independence,MO,Medicare,Current,AB+,2023-06-04
100438,Thomas,Martin,Female,1950-09-25,Kansas City,MO,Private,Current,O-,2021-07-06
100439,Lisa,Lewis,Female,1989-06-26,O'Fallon,MO,Medicare,Never,A-,2022-07-22
100440,Charles,Jones,Female,1987-11-22,O'Fallon,MO,Medicaid,Never,O+,2022-02-19
100441,Matthew,Jones,Female,1940-01-25,Jefferson City,MO,Medicare,Never,O+,2022-04-25
100442,Robert,Robinson,Male,1964-04-28,Springfield,MO,Private,Never,A-,2021-02-02
100443,Daniel,Harris,Female,1951-05-26,Springfield,MO,Medicaid,Current,A+,2025-01-07
100444,Matthew,Walker,Female,1999-05-17,Springfield,MO,Uninsured,Never,A+,2024-07-27
100445,William,Anderson,Female,2005-09-23,St. Charles,MO,Medicare,Never,O-,2022-01-16
100446,Barbara,Jones,Female,1956-04-25,Columbia,MO,Medicare,Never,O+,2023-07-15
100447,Daniel,Brown,Male,1960-12-08,Florissant,MO,Medicare,Never,AB+,2024-07-22
100448,James,Garcia,Male,1997-11-19,Jefferson City,MO,Private,Former,B-,2021-08-03
100449,James,Brown,Female,2003-03-03,St. Louis,MO,Private,Never,AB+,2023-03-04
100450,Joseph,Miller,Male,1941-12-02,O'Fallon,MO,Medicare,Never,A-,2023-11-11
100451,Mary,Miller,Female,1948-04-02,St. Louis,MO,Medicare,Current,A-,2024-12-06
100452,Nancy,Clark,Male,1981-05-27,St. Charles,MO,Private,Never,AB-,2025-04-02
100453,Jessica,Williams,Male,1976-03-31,St. Louis,MO,Medicare,Former,B-,2022-11-25
100454,Linda,Smith,Male,1982-08-20,Springfield,MO,Medicare,Never,O+,2021-07-30
100455,Richard,King,Male,1943-12-07,St. Joseph,MO,Medicare,Former,A-,2021-02-15
100456,Daniel,Brown,Female,1996-08-14,Jefferson City,MO,Medicare,Never,AB-,2021-07-23
100457,James,Garcia,Male,1969-10-18,St. Joseph,MO,Medicaid,Never,A+,2022-10-18
100458,Jessica,Wilson,Other,1984-08-13,Independence,MO,Medicare,Never,A-,2022-07-15
100459,Michael,Young,Female,1961-07-13,St. Joseph,MO,Medicaid,Never,B+,2024-11-17
100460,Robert,Martin,Male,2004-04-04,Florissant,MO,Private,Never,B-,2021-11-25
100461,Nancy,Thomas,Female,1943-07-02,O'Fallon,MO,Medicaid,Never,AB-,2024-03-01
100462,Matthew,Robinson,Female,1987-04-04,St. Charles,MO,Private,Former,B-,2025-07-29
100463,John,King,Female,1963-03-30,O'Fallon,MO,Medicare,Current,B-,2025-10-17
100464,Barbara,Brown,Male,1995-06-28,Florissant,MO,Private,Never,B+,2024-12-29
100465,Jessica,Walker,Female,1954-04-10,O'Fallon,MO,Medicaid,Never,AB+,2021-07-17
100466,Charles,King,Female,1948-12-13,St. Joseph,MO,Private,Former,A+,2025-05-26
100467,Robert,Thomas,Male,1993-10-23,Columbia,MO,Medicare,Former,B-,2024-12-04
100468,Nancy,Anderson,Male,1946-08-03,O'Fallon,MO,Private,Never,A-,2024-02-09
100469,Susan,Young,Female,1996-07-18,Independence,MO,Medicare,Never,O-,2022-01-18
100470,Robert,Miller,Male,1976-03-25,Jefferson City,MO,Medicaid,Never,A+,2023-05-24
100471,Joseph,Williams,Female,1954-06-07,,MO,Uninsured,Never,A-,2025-10-11
100472,Thomas,Allen,Male,1988-01-01,St. Louis,MO,Private,Current,A+,2023-04-07
100473,Susan,Martin,Female,1978-07-07,Kansas City,MO,Medicaid,Former,O+,2023-12-28
100474,Karen,King,Female,1974-12-26,St. Joseph,MO,Private,Former,A+,2021-11-09
100475,Robert,Anderson,Male,1982-08-29,Springfield,MO,Medicaid,Never,AB-,2025-09-14
100476,Barbara,White,Male,1946-05-01,Florissant,MO,Medicare,Never,A-,2025-11-02
100477,Jessica,White,Female,1985-08-04,St. Charles,MO,Uninsured,Current,O-,2025-05-13
100478,Jessica,Young,Female,1977-05-25,St. Joseph,MO,Medicaid,Never,A-,2024-03-14
100479,Daniel,Anderson,Female,1937-05-30,Jefferson City,MO,Private,Never,O+,2022-07-31
100480,Michael,Moore,Male,1995-03-31,St. Louis,MO,Medicare,Never,A+,2025-07-15
100481,Patricia,Garcia,Male,1937-12-14,O'Fallon,MO,Private,Never,B-,2022-10-16
100482,James,Thomas,Male,2001-01-16,Springfield,MO,Private,Never,O-,2024-12-09
100483,Robert,Wilson,Female,1957-04-08,Springfield,MO,Uninsured,Never,A-,2025-05-17
100484,Matthew,Moore,Male,1987-01-15,Kansas City,MO,Private,Current,O+,2021-04-28
100485,Elizabeth,Brown,Male,1995-04-23,Columbia,MO,Medicare,Former,O-,2023-05-24
100486,Nancy,King,Female,2003-08-01,Kansas City,MO,Private,Never,B+,2024-01-30
100487,Robert,Taylor,Female,1986-03-14,O'Fallon,MO,Medicare,Former,B+,2022-02-12
100488,Patricia,Robinson,Male,1936-11-02,St. Joseph,MO,Private,Never,A+,2022-02-27
100489,Mary,Clark,Male,1984-12-29,Independence,MO,Private,Never,AB+,2023-01-29
100490,Karen,Taylor,Female,1984-05-21,Florissant,MO,Private,Former,A+,2025-04-30
100491,Elizabeth,Walker,Female,1984-03-27,Springfield,MO,Private,Never,O+,2024-10-19
100492,Charles,Brown,Male,2000-11-07,St. Charles,MO,Medicare,Never,A+,2021-07-28
100493,James,Clark,Female,1971-09-02,St. Joseph,MO,Private,Former,B-,2022-08-28
100494,Lisa,Smith,Female,1978-01-26,St. Charles,MO,Medicaid,Current,B-,2023-01-27
100495,Robert,Miller,Male,1972-10-08,St. Louis,MO,Private,Never,AB-,2022-03-09
100496,Richard,Garcia,Male,1981-07-28,St. Charles,MO,Medicare,Never,O+,2022-10-15
100497,Patricia,Jackson,Female,1961-06-19,Springfield,MO,Private,Never,AB+,2022-08-30
100498,Jessica,Clark,Female,1977-10-24,Springfield,MO,Medicare,Never,O-,2023-08-03
100499,Lisa,King,Male,1946-06-26,Springfield,MO,Private,Never,O+,2023-02-26
100500,Jessica,Taylor,Female,1938-12-27,St. Joseph,MO,Medicare,Never,O+,2023-09-29
100501,Matthew,Robinson,Female,2004-05-05,St. Joseph,MO,Private,Former,AB+,2022-04-15
100502,Mary,King,Male,1983-12-30,Florissant,MO,Medicare,Never,O+,2022-05-17
100503,Thomas,Jackson,Female,1945-06-10,Jefferson City,MO,Private,Never,AB+,2025-12-24
100504,Karen,White,Female,1983-12-02,Columbia,MO,Medicaid,Never,AB+,2022-12-27
100505,Lisa,Miller,Male,1993-01-07,O'Fallon,MO,Private,Never,AB+,2025-03-12
100506,Barbara,Walker,Male,1946-02-02,O'Fallon,MO,Medicaid,Current,O+,2024-01-24
100507,Sarah,Anderson,Male,1995-03-15,St. Louis,MO,Private,Never,O+,2022-01-26
100508,John,Thomas,Female,1961-04-24,Kansas City,MO,Medicaid,Current,A+,2021-02-06
100509,James,King,Female,1977-12-05,Florissant,MO,Private,Current,O+,2023-05-12
100510,James,Martin,Male,1990-08-16,Jefferson City,MO,Medicare,Former,A+,2021-02-06
100511,Charles,Jones,Female,1998-07-07,Independence,MO,Medicaid,Never,AB-,2025-01-07
100512,David,Walker,Female,1942-03-05,St. Louis,MO,Private,Current,B+,2021-05-02
100513,Robert,Clark,Female,1967-04-28,St. Joseph,MO,Medicare,Never,B+,2025-08-26
100514,Barbara,Jones,Male,1940-02-11,Jefferson City,MO,Medicare,Never,AB-,2021-01-03
100515,John,Williams,Male,1987-08-02,Springfield,MO,Private,Never,AB-,2023-02-24
100516,James,Allen,Male,1971-05-17,St. Joseph,MO,Uninsured,Never,A-,2021-12-16
100517,James,Jones,Female,2004-03-26,Kansas City,MO,Private,Never,A+,2022-03-23
100518,Linda,King,Male,1992-05-14,Kansas City,MO,Medicaid,Never,AB+,2022-05-08
100519,Elizabeth,Harris,Female,1968-02-02,O'Fallon,MO,Medicaid,Never,O-,2021-01-29
100520,David,Lewis,Male,1947-11-06,Columbia,MO,Private,Former,A-,2023-01-23
100521,Barbara,Lewis,Male,1952-02-09,Columbia,MO,Medicare,Never,B-,2022-12-05
100522,Richard,Walker,Female,1957-11-24,Independence,MO,Private,Never,A+,2025-10-22
100523,Barbara,Thomas,Female,1991-05-28,St. Joseph,MO,Medicare,Current,O+,2025-11-11
100524,Susan,Wilson,Male,1960-11-06,St. Joseph,MO,Uninsured,Never,AB-,2021-10-15
100525,Mary,Smith,Male,1997-09-14,Kansas City,MO,Private,Former,B+,2022-06-05
100526,Charles,Clark,Female,1973-12-18,Springfield,MO,Private,Current,A+,2022-04-26
100527,Sarah,Walker,Male,1968-09-05,Springfield,MO,Medicare,Never,AB-,2023-05-06
100528,John,Brown,Male,1949-04-27,St. Charles,MO,Private,Never,O-,2022-01-12
100529,Matthew,Anderson,Female,1991-11-07,Springfield,MO,Medicaid,Current,O-,2021-04-07
100530,Thomas,Miller,Male,1944-12-12,Jefferson City,MO,Private,Current,A+,2023-03-22
100531,Linda,Young,Male,1972-03-31,Columbia,MO,Private,Former,O+,2024-06-13
100532,Elizabeth,Allen,Male,1991-05-13,Springfield,MO,Medicare,Never,A+,2025-12-21
100533,Mary,Smith,Male,1971-07-05,Florissant,MO,Medicaid,Current,O+,2021-04-07
100534,Charles,Harris,Male,1936-01-01,St. Joseph,MO,Private,Never,A+,2023-10-31
100535,William,King,Male,1958-11-11,Springfield,MO,Medicaid,Never,B-,2025-09-17
100536,Michael,Johnson,Male,2005-07-12,St. Charles,MO,Private,Never,B+,2023-10-25
100537,Patricia,Taylor,Male,1936-05-17,Independence,MO,Medicaid,Never,A+,2021-05-09
100538,Daniel,Wilson,Female,1940-02-09,Independence,MO,Medicaid,Former,AB-,2023-07-16
100539,Sarah,Miller,Male,1955-04-03,Kansas City,MO,Private,Former,B-,2024-09-08
100540,Richard,Young,Male,1995-10-22,Springfield,MO,Private,Former,O-,2025-09-23
100541,David,Harris,Female,1995-11-27,St. Joseph,MO,Medicare,Never,A-,2024-04-19
100542,Lisa,Harris,Female,1997-05-12,St. Joseph,MO,Private,Never,A+,2024-02-09
100543,Patricia,Johnson,Male,1977-05-09,Columbia,MO,Private,Former,O+,2025-08-04
100544,Daniel,Garcia,Female,1963-06-15,Independence,MO,Private,,B-,2022-12-26
100545,Patricia,Martin,Male,1943-11-01,Kansas City,MO,Medicaid,Current,AB+,2022-12-27
100546,Elizabeth,Garcia,Male,1998-05-21,,MO,Medicaid,Former,A-,2023-04-12
100547,Robert,Johnson,Female,1967-09-12,Independence,MO,Private,Former,B+,2025-12-29
100548,William,Smith,Female,1998-12-10,Independence,MO,Private,Never,A+,2022-06-14
100549,Lisa,Anderson,Male,1996-12-27,St. Joseph,MO,Medicare,Former,A+,2023-03-16
100550,John,Walker,Male,1969-12-19,Springfield,MO,Private,Current,B-,2023-12-09
100551,Thomas,Jones,Female,1983-07-23,St. Louis,MO,Medicaid,Never,O-,2022-07-04
100552,John,Johnson,Male,1957-05-10,Springfield,MO,Medicare,Former,B+,2025-11-21
100553,Jessica,Young,Female,2003-07-12,,MO,Private,Never,AB+,2023-01-05
100554,Patricia,White,Male,2003-07-23,Independence,MO,Private,Never,A-,2022-10-15
100555,Sarah,Johnson,Female,1943-03-08,Columbia,MO,Medicaid,Former,AB-,2025-08-18
100556,Thomas,Anderson,Female,1981-01-19,St. Louis,MO,Private,Former,B+,2025-12-29
100557,Michael,Johnson,Female,1961-03-23,St. Charles,MO,Private,Current,A+,2024-09-15
100558,Lisa,White,Female,1963-06-29,Kansas City,MO,Private,Never,B-,2025-11-22
100559,Matthew,White,Female,1940-05-13,Springfield,MO,Private,Never,AB+,2025-06-25
100560,Robert,Lewis,Male,1942-04-23,Columbia,MO,Medicare,Former,B-,2022-04-04
100561,Barbara,Miller,Male,1949-06-17,St. Charles,MO,Medicare,Never,A-,2021-10-30
100562,Thomas,Young,Male,1958-08-21,St. Charles,MO,Medicaid,Never,O+,2024-09-09
100563,Matthew,Thomas,Female,1938-10-15,Independence,MO,Private,Never,O+,2024-04-17
100564,Richard,King,Female,1968-07-27,Jefferson City,MO,Private,Never,B+,2022-10-26
100565,Matthew,Jackson,Male,1997-07-21,Independence,MO,Medicaid,Former,B-,2024-11-21
100566,John,Davis,Male,2004-03-09,Kansas City,MO,Medicaid,Former,AB-,2025-08-25
100567,William,Garcia,Male,1971-03-21,St. Louis,MO,Medicaid,Never,AB-,2021-11-12
100568,Thomas,Anderson,Female,1973-01-28,St. Joseph,MO,Medicaid,Never,O+,2025-03-30
100569,Thomas,Williams,Male,1993-01-31,Florissant,MO,Private,Never,O+,2022-04-04
100570,Karen,Lewis,Female,1946-12-30,St. Louis,MO,Private,Never,B-,2025-10-27
100571,Jessica,Harris,Other,1991-04-20,Kansas City,MO,Medicare,Never,O-,2023-04-08
100572,Nancy,Miller,Male,1954-02-14,St. Joseph,MO,Private,Never,A+,2024-06-30
100573,Richard,Walker,Male,1995-04-15,St. Charles,MO,Private,Former,B-,2021-01-02
100574,Charles,Robinson,Male,1972-10-27,St. Louis,MO,Private,Former,AB+,2022-01-10
100575,Thomas,Brown,Male,2002-10-21,St. Joseph,MO,Medicare,Never,B+,2023-07-08
100576,Patricia,Martin,Male,1979-11-07,Springfield,MO,Medicaid,Former,A-,2025-04-06
100577,Barbara,Robinson,Male,1995-05-19,Independence,MO,Medicare,Current,O-,2023-12-15
100578,William,Young,Female,1994-12-19,Florissant,MO,Private,Never,AB-,2023-01-14
100579,Charles,Jackson,Male,1994-12-08,Columbia,MO,Private,Never,O-,2025-01-12
100580,Barbara,King,Female,1962-09-12,Springfield,MO,Private,Never,B-,2022-01-30
100581,William,Davis,Female,1943-02-18,St. Louis,MO,Medicaid,Never,AB+,2021-04-24
100582,Michael,Walker,Female,1979-10-15,O'Fallon,MO,Medicare,Former,O-,2025-08-07
100583,Susan,Jackson,Male,1938-03-18,St. Joseph,MO,Medicare,,O+,2025-05-29
100584,Karen,Young,Female,1977-10-25,St. Charles,MO,Uninsured,Never,AB-,2025-02-20
100585,Charles,Robinson,Male,1991-04-23,St. Charles,MO,Medicare,Former,O-,2024-07-10
100586,Joseph,Martin,Female,2004-09-11,O'Fallon,MO,Medicare,Former,AB-,2021-05-05
100587,Jessica,Wilson,Female,1975-09-23,St. Louis,MO,Uninsured,Never,A-,2025-07-06
100588,Daniel,Davis,Female,1941-07-03,St. Charles,MO,Private,Never,AB-,2021-08-16
100589,Robert,Harris,Male,1963-05-07,Jefferson City,MO,Private,Current,O-,2024-07-27
100590,John,Johnson,Female,1982-12-09,St. Charles,MO,Medicare,Current,AB+,2025-11-28
100591,Barbara,King,Male,1962-12-06,Florissant,MO,Private,Former,AB-,2023-10-04
100592,Karen,Williams,Male,1960-10-17,Jefferson City,MO,Medicaid,Current,AB-,2025-12-05
100593,Daniel,Davis,Male,1988-11-25,Kansas City,MO,Private,Never,B-,2024-03-28
100594,Patricia,Thomas,Male,1952-02-05,Kansas City,MO,Medicare,Never,B-,2023-03-06
100595,Daniel,Smith,Male,1962-02-08,St. Joseph,MO,Medicaid,Never,O+,2024-06-05
100596,Matthew,Anderson,Female,1977-04-30,Jefferson City,MO,Private,Never,B+,2022-08-08
100597,Jessica,Robinson,Female,1992-10-24,Springfield,MO,Private,Former,A+,2021-01-23
100598,Michael,Williams,Male,1987-06-22,St. Joseph,MO,Private,Current,AB+,2024-11-18
100599,Richard,Garcia,Male,2003-09-30,Springfield,MO,Medicare,Former,A+,2022-12-01
100600,Daniel,Miller,Male,1971-09-01,Florissant,MO,Medicare,Never,A+,2025-10-08
100601,Elizabeth,Robinson,Male,1998-04-29,Independence,MO,Private,Never,AB-,2022-08-12
100602,Michael,Allen,Male,1953-09-08,St. Louis,MO,Private,Never,O-,2021-10-21
100603,Susan,Clark,Female,1942-12-05,Jefferson City,MO,Uninsured,Never,O+,2023-07-29
100604,Robert,Taylor,Male,1980-10-10,O'Fallon,MO,Private,Former,A-,2025-10-08
100605,John,Lewis,Male,1970-09-11,Columbia,MO,Private,Never,O-,2021-02-15
100606,Matthew,Jones,Male,1994-05-08,St. Louis,MO,Private,Current,O-,2024-03-02
100607,David,Lewis,Female,1949-01-02,Florissant,MO,Medicare,Current,A-,2021-11-02
100608,David,Taylor,Female,1956-05-09,Jefferson City,MO,Medicaid,Never,AB-,2022-02-28
100609,Sarah,King,Female,1987-09-15,Kansas City,MO,Medicaid,Never,O+,2024-10-07
100610,Joseph,Thomas,Female,1971-07-07,St. Louis,MO,Medicare,Former,AB+,2021-05-28
100611,Barbara,Anderson,Male,2002-01-31,Springfield,MO,Private,Never,A+,2025-08-28
100612,William,Davis,Male,1959-08-14,O'Fallon,MO,Private,Former,B+,2022-08-17
100613,Elizabeth,King,Female,1969-04-26,St. Louis,MO,Private,Former,O+,2021-08-11
100614,Barbara,Wilson,Male,2001-10-19,Columbia,MO,Medicaid,Never,A+,2025-04-08
100615,Thomas,Brown,Female,2005-02-12,Florissant,MO,Medicaid,Never,A-,2021-12-11
100616,Jennifer,Jones,Male,1945-04-12,Florissant,MO,Medicare,Never,A+,2025-03-09
100617,Michael,Walker,Male,1986-07-15,St. Joseph,MO,Private,Current,B-,2023-09-24
100618,Susan,Davis,Female,1950-08-13,Florissant,MO,Medicaid,Never,B-,2022-08-29
100619,Richard,Allen,Female,1952-03-02,St. Joseph,MO,Private,Current,B+,2025-10-29
100620,Linda,Wilson,Female,1971-08-05,Florissant,MO,Medicare,Former,AB+,2025-05-10
100621,Elizabeth,Jackson,Male,1937-11-11,Columbia,MO,Medicare,Former,A+,2021-12-21
100622,William,Jackson,Female,1969-05-08,Florissant,MO,Private,Never,B-,2025-04-10
100623,Sarah,White,Male,1939-06-03,O'Fallon,MO,Private,Former,AB+,2021-05-11
100624,Mary,Martin,Male,1961-12-22,Independence,MO,Private,Former,O+,2023-12-20
100625,Robert,Davis,Male,1954-08-07,Kansas City,MO,Private,Never,O+,2023-09-26
100626,Robert,Clark,Male,2000-11-25,O'Fallon,MO,Uninsured,Former,B-,2021-08-17
100627,Jennifer,Anderson,Male,1993-08-28,Florissant,MO,Uninsured,Never,AB+,2025-12-15
100628,Charles,Robinson,Male,1943-08-28,Jefferson City,MO,Private,Current,AB+,2022-09-08
100629,Linda,Garcia,Male,1974-03-21,Springfield,MO,Private,Never,B-,2023-03-23
100630,Jessica,Thomas,Male,1941-10-01,Independence,MO,Medicare,Former,AB-,2024-01-21
100631,Richard,Johnson,Male,1947-11-20,Kansas City,MO,Private,Never,A-,2021-12-31
100632,James,Miller,Male,1993-07-27,Springfield,MO,Medicaid,Former,AB+,2024-08-04
100633,Nancy,White,Male,1939-06-22,O'Fallon,MO,Uninsured,Current,O+,2023-09-29
100634,Karen,Williams,Female,1978-08-05,Columbia,MO,Medicare,Never,AB-,2025-11-07
100635,Thomas,Moore,Male,2002-12-08,Columbia,MO,Medicaid,Never,A+,2025-09-18
100636,Michael,Williams,Male,1961-01-10,Springfield,MO,Private,Former,AB-,2023-12-17
100637,Richard,Clark,Male,1943-07-03,Jefferson City,MO,Medicaid,Never,B-,2023-10-03
100638,Patricia,Taylor,Female,1990-03-21,Springfield,MO,Medicare,Never,AB-,2023-03-08
100639,Patricia,Davis,Female,1966-05-11,O'Fallon,MO,Private,Never,A-,2025-02-06
100640,Jennifer,Garcia,Female,1940-08-04,Springfield,MO,Private,Current,B-,2021-10-02
100641,Charles,Smith,Female,1982-04-07,Kansas City,MO,Private,Current,B+,2024-06-10
100642,Barbara,Smith,Female,1971-02-05,Jefferson City,MO,Medicare,Former,A+,2023-03-09
100643,Nancy,Allen,Female,1971-06-25,St. Charles,MO,Private,Former,O+,2022-05-01
100644,Michael,Davis,Female,2001-03-31,St. Louis,MO,Medicaid,Former,B+,2021-09-23
100645,Elizabeth,Jones,Male,1942-07-14,St. Charles,MO,Medicare,Never,AB-,2024-02-26
100646,Charles,White,Male,1983-07-15,St. Joseph,MO,Private,Never,AB+,2024-10-12
100647,Michael,Taylor,Male,1944-08-08,Springfield,MO,Private,Never,AB-,2022-05-14
100648,John,Jones,Female,1970-07-30,Columbia,MO,Private,Current,O-,2025-04-01
100649,Richard,Brown,Female,1964-11-24,St. Charles,MO,Private,Former,O+,2023-08-17
100650,Richard,Garcia,Female,1996-02-14,Florissant,MO,Medicaid,Never,O+,2024-01-13
100651,Sarah,Martin,Male,2005-05-19,O'Fallon,MO,Private,Former,O-,2022-01-30
100652,Karen,Young,Male,1950-12-07,St. Charles,MO,Medicare,Never,AB+,2022-06-23
100653,Linda,Lewis,Male,1952-04-07,Independence,MO,Uninsured,Former,B+,2022-02-16
100654,William,Wilson,Male,2000-08-31,Jefferson City,MO,Private,Never,B+,2024-11-20
100655,Michael,Thomas,Female,1983-12-20,O'Fallon,MO,Private,Never,AB+,2021-02-24
100656,James,Taylor,Female,1990-03-26,Columbia,MO,Private,Former,A-,2024-07-25
100657,John,Martin,Male,1936-05-14,St. Joseph,MO,Private,Former,O-,2025-10-03
100658,Richard,Allen,Female,1961-07-08,St. Charles,MO,Private,Never,A+,2022-08-23
100659,Thomas,White,Male,1950-04-18,Jefferson City,MO,Medicaid,Never,B-,2024-01-10
100660,Lisa,Smith,Female,2001-11-14,St. Louis,MO,Medicare,Former,O-,2022-05-25
100661,James,Moore,Male,1971-07-18,Jefferson City,MO,Private,Former,B+,2025-11-19
100662,Jennifer,Allen,Male,2002-01-06,Jefferson City,MO,Private,Current,A+,2024-12-04
100663,Daniel,Walker,Male,1987-03-18,O'Fallon,MO,Medicare,Never,B-,2023-03-21
100664,Jennifer,Walker,Male,1992-10-03,St. Louis,MO,Medicare,Current,AB-,2025-03-27
100665,Barbara,Moore,Male,1957-04-11,Jefferson City,MO,Medicaid,Former,B-,2022-10-23
100666,Richard,Johnson,Female,1972-09-10,Independence,MO,Private,Former,B+,2024-01-01
100667,Richard,Brown,Female,1943-12-15,St. Charles,MO,Medicaid,Former,A-,2021-07-23
100668,Joseph,Garcia,Female,1975-09-07,St. Charles,MO,Medicaid,Never,A-,2025-05-05
100669,Daniel,Allen,Male,1990-11-29,Independence,MO,Private,Never,A+,2024-01-21
100670,Jessica,Jones,Female,1967-06-03,St. Charles,MO,Private,,AB-,2025-05-23
100671,Nancy,Williams,Male,1964-08-17,Jefferson City,MO,Medicare,Never,A+,2023-01-12
100672,Daniel,Smith,Male,1987-11-25,St. Joseph,MO,Medicare,Former,AB+,2025-10-16
100673,David,Brown,Female,1995-05-22,Jefferson City,MO,Private,Never,A-,2025-12-30
100674,Robert,Robinson,Female,1952-10-11,O'Fallon,MO,Medicaid,Never,A+,2024-09-27
100675,Patricia,Johnson,Male,1985-08-10,Florissant,MO,Uninsured,Never,AB+,2023-09-07
100676,John,Jones,Male,1990-12-25,St. Joseph,MO,Private,Former,AB-,2024-04-09
100677,Charles,Williams,Other,1938-07-08,Columbia,MO,Medicare,Never,O+,2025-06-25
100678,Karen,Wilson,Male,1954-10-07,Columbia,MO,Private,Former,B-,2022-06-10
100679,Sarah,Robinson,Male,1965-03-08,St. Joseph,MO,Medicaid,Never,A+,2023-02-04
100680,Joseph,Garcia,Female,1962-05-19,Jefferson City,MO,Medicare,Former,AB+,2024-04-22
100681,William,Clark,Male,1945-11-23,,MO,Private,Never,A-,2023-10-07
100682,Thomas,Garcia,Male,1999-07-29,Florissant,MO,Private,Never,O-,2021-07-27
100683,Susan,Lewis,Male,1936-05-10,,MO,Medicare,Former,B-,2021-01-22
100684,Joseph,Thomas,Female,1939-11-23,Jefferson City,MO,Medicaid,Never,A+,2021-07-11
100685,James,Taylor,Female,1946-07-15,St. Joseph,MO,Medicare,Never,A-,2022-05-20
100686,Daniel,Johnson,Female,1974-01-11,Springfield,MO,Medicaid,Current,O+,2022-03-28
100687,Nancy,Jackson,Other,1973-01-07,Jefferson City,MO,Private,Never,B-,2024-04-19
100688,Nancy,Thomas,Female,1982-06-25,Springfield,MO,Medicaid,Never,B+,2022-01-21
100689,John,Thomas,Male,1942-02-14,St. Joseph,MO,Uninsured,Never,A-,2023-07-03
100690,Jessica,Wilson,Male,1963-02-15,Jefferson City,MO,Medicare,Never,B+,2022-03-12
100691,Matthew,Walker,Female,1939-02-23,St. Louis,MO,Private,Never,AB-,2023-10-02
100692,David,King,Female,1947-05-15,St. Charles,MO,Private,Never,A+,2021-06-12
100693,Barbara,Johnson,Female,2004-03-15,St. Joseph,MO,Private,Former,O+,2023-06-06
100694,Elizabeth,Young,Female,1966-09-12,Columbia,MO,Medicare,Never,AB+,2022-01-04
100695,Jessica,Williams,Male,1963-07-03,Columbia,MO,Medicare,Former,A+,2025-01-04
100696,Linda,Thomas,Male,1956-03-10,Florissant,MO,Medicaid,Never,A-,2021-10-31
100697,Jennifer,White,Male,1965-09-17,Kansas City,MO,Uninsured,Never,B+,2025-02-17
100698,Barbara,Walker,Male,1963-10-29,Columbia,MO,Private,Never,O-,2023-05-09
100699,Lisa,King,Male,1999-03-14,Kansas City,MO,Private,Former,B+,2021-11-19
100700,Daniel,Smith,Female,1960-06-09,St. Louis,MO,Private,Former,B-,2024-06-15
100701,Linda,Walker,Female,1944-01-27,St. Joseph,MO,Medicaid,Former,A+,2024-12-21
100702,Patricia,Williams,Male,1938-05-18,Springfield,MO,Private,Never,A+,2022-04-03
100703,Linda,Robinson,Male,1945-11-21,Florissant,MO,Uninsured,Former,A-,2024-02-17
100704,Sarah,Johnson,Female,1984-09-22,St. Charles,MO,Medicaid,Former,O-,2024-09-10
100705,Robert,Wilson,Male,1983-12-04,Independence,MO,Medicaid,Never,B+,2023-07-17
100706,William,Lewis,Female,1966-08-28,Kansas City,MO,Private,Never,A-,2024-05-16
100707,Patricia,Jackson,Female,1950-09-20,St. Charles,MO,Medicare,Never,A-,2025-05-01
100708,Nancy,Clark,Female,1979-05-20,Florissant,MO,Medicare,Former,AB-,2023-09-27
100709,Thomas,Taylor,Female,1936-03-28,Florissant,MO,Private,Never,B+,2023-12-05
100710,William,Allen,Female,1965-01-01,Columbia,MO,Private,Former,A-,2021-11-08
100711,James,White,Male,1945-04-06,St. Charles,MO,Medicare,Never,B+,2025-11-16
100712,Daniel,Young,Male,1969-01-27,Jefferson City,MO,Medicaid,Never,A-,2022-10-10
100713,Karen,Harris,Male,2003-01-03,O'Fallon,MO,Private,Never,O-,2023-08-01
100714,Richard,Jones,Female,1943-05-08,Florissant,MO,Private,Former,AB+,2022-08-15
100715,Jessica,Thomas,Male,1997-08-06,Kansas City,MO,Medicaid,Never,O-,2022-01-19
100716,Richard,Taylor,Male,1960-08-27,Independence,MO,Private,Never,O-,2025-11-17
100717,Susan,Jackson,Female,1980-10-13,Independence,MO,Private,Former,A-,2021-06-16
100718,John,Williams,Female,1971-07-23,St. Louis,MO,Private,Never,O-,2022-12-13
100719,Jennifer,Smith,Female,2005-08-21,St. Louis,MO,Medicaid,Never,O-,2021-06-01
100720,Sarah,Robinson,Male,2002-05-06,Columbia,MO,Medicare,Never,O-,2023-07-04
100721,Charles,White,Male,1946-09-20,Jefferson City,MO,Private,Never,A-,2025-09-30
100722,Robert,Johnson,Male,2003-06-06,Columbia,MO,Medicare,Never,O+,2024-10-28
100723,Joseph,Johnson,Male,1967-10-04,Independence,MO,Private,Never,AB+,2023-03-17
100724,Mary,Williams,Male,1954-08-28,Springfield,MO,Medicare,Never,A+,2021-11-04
100725,Elizabeth,Davis,Male,1995-03-02,Independence,MO,Medicaid,Never,B+,2021-10-10
100726,Lisa,King,Female,1980-06-21,Florissant,MO,Medicaid,Current,O+,2024-09-10
100727,Sarah,Jackson,Male,1978-03-08,St. Charles,MO,Medicare,Never,B-,2024-07-14
100728,Richard,Miller,Female,2000-10-31,St. Charles,MO,Private,Never,AB+,2025-07-15
100729,Robert,Garcia,Female,1975-02-04,Florissant,MO,Medicare,Never,O+,2024-03-06
100730,Matthew,Wilson,Male,1936-02-27,Florissant,MO,Private,Never,O-,2021-02-18
100731,Lisa,Robinson,Female,1970-03-18,Independence,MO,Private,Current,A+,2023-11-09
100732,James,Smith,Male,1938-07-11,St. Charles,MO,Medicaid,Never,A-,2025-05-14
100733,Nancy,Davis,Male,1973-10-25,St. Charles,MO,Private,Never,AB-,2024-10-26
100734,James,Allen,Female,1984-11-07,St. Joseph,MO,Medicaid,Former,A+,2021-03-29
100735,Sarah,Allen,Male,1942-03-16,St. Charles,MO,Private,Never,AB+,2024-06-28
100736,Joseph,Williams,Other,1935-03-21,Florissant,MO,Private,Current,AB-,2025-08-04
100737,Thomas,Brown,Male,1973-07-18,St. Louis,MO,Medicaid,Current,A-,2021-02-11
100738,David,Jackson,Female,1967-09-08,Jefferson City,MO,Medicaid,Never,A+,2024-09-23
100739,Daniel,Garcia,Male,1979-01-12,Springfield,MO,Private,Never,B-,2025-10-22
100740,Nancy,Jackson,Male,1960-01-07,Florissant,MO,Private,Never,B+,2022-07-19
100741,Thomas,Walker,Male,1989-11-24,St. Charles,MO,Medicare,Never,B+,2023-05-23
100742,Richard,Williams,Female,1956-01-28,Kansas City,MO,Private,Never,AB+,2024-01-18
100743,James,Walker,Female,1960-11-06,Independence,MO,Medicaid,Never,O+,2022-04-24
100744,Mary,Walker,Female,1983-06-24,Independence,MO,Private,Current,A-,2022-08-24
100745,William,Martin,Female,1950-11-18,Jefferson City,MO,Medicare,Never,A-,2023-06-26
100746,John,Robinson,Female,1987-08-07,Florissant,MO,Private,Former,B+,2025-10-11
100747,James,Martin,Female,1981-06-06,Jefferson City,MO,Medicare,Former,A+,2021-02-22
100748,Daniel,Brown,Female,1992-03-12,St. Louis,MO,Private,Current,A-,2023-09-30
100749,Jessica,Thomas,Female,1935-10-19,O'Fallon,MO,Private,Never,B-,2022-07-11
100750,Matthew,Harris,Female,1996-07-25,Columbia,MO,Private,Never,B-,2025-10-30
100751,Jennifer,Miller,Female,1945-09-07,Kansas City,MO,Private,Former,A-,2023-09-12
100752,Thomas,Wilson,Male,1958-01-22,Columbia,MO,Private,Former,A-,2021-03-26
100753,Robert,Williams,Female,1945-08-07,O'Fallon,MO,Private,Current,B+,2022-12-28
100754,Robert,Moore,Female,1943-03-03,Kansas City,MO,Private,Former,AB+,2022-05-01
100755,Jennifer,Jackson,Male,1971-11-03,Columbia,MO,Private,Never,B+,2021-02-08
100756,John,Clark,Male,1986-03-16,Kansas City,MO,Private,Never,AB+,2022-07-21
100757,Daniel,Lewis,Male,1985-06-04,Jefferson City,MO,Private,Never,O-,2025-07-24
100758,Matthew,Smith,Female,2003-06-19,Springfield,MO,Medicare,Former,B-,2023-05-21
100759,Robert,Garcia,Female,1946-10-15,St. Joseph,MO,Private,Never,AB+,2022-09-05
100760,Daniel,Allen,Male,2003-04-19,Kansas City,MO,Medicare,Former,B+,2025-04-05
100761,Robert,Johnson,Female,1994-07-25,O'Fallon,MO,Private,Current,A-,2023-11-13
100762,Elizabeth,King,Female,1990-11-04,Jefferson City,MO,Private,Former,AB+,2025-08-15
100763,Elizabeth,Martin,Male,1981-03-26,St. Joseph,MO,Uninsured,Never,B+,2021-05-19
100764,Charles,Garcia,Female,1999-01-23,Jefferson City,MO,Medicare,Never,B-,2022-07-16
100765,Thomas,Martin,Other,1941-09-09,St. Louis,MO,Medicare,Current,AB-,2023-10-02
100766,Daniel,Brown,Female,1974-01-22,St. Charles,MO,Private,Never,O-,2025-02-03
100767,Susan,Walker,Female,1961-01-01,Independence,MO,Medicaid,Never,AB+,2025-12-09
100768,William,Davis,Other,1969-01-03,St. Louis,MO,Medicaid,Never,B-,2024-01-14
100769,Susan,Williams,Female,1983-06-27,O'Fallon,MO,Private,Never,B-,2023-01-31
100770,James,Lewis,Male,1996-10-13,Florissant,MO,Private,Never,A+,2021-10-14
100771,Charles,Martin,Female,1959-02-13,Florissant,MO,Medicare,Current,AB-,2022-03-04
100772,Richard,Robinson,Female,1976-01-21,Independence,MO,Private,Current,AB+,2023-06-26
100773,Richard,Harris,Female,1987-04-07,Jefferson City,MO,Medicare,Current,B+,2021-07-02
100774,Patricia,Davis,Male,2000-09-20,Springfield,MO,Private,Never,AB+,2024-09-21
100775,James,King,Female,1988-02-15,O'Fallon,MO,Medicare,Current,AB+,2025-12-17
100776,Thomas,Martin,Male,1972-01-23,Independence,MO,Private,Current,AB-,2023-12-06
100777,Linda,Garcia,Female,1950-12-29,St. Joseph,MO,Medicare,,O+,2023-08-05
100778,Mary,Allen,Male,1938-12-18,St. Joseph,MO,Private,Former,B-,2022-04-17
100779,Linda,Young,Male,1969-04-18,Florissant,MO,Medicare,Former,B-,2021-12-22
100780,Michael,White,Male,1995-10-01,St. Charles,MO,Private,Never,B-,2022-03-26
100781,Mary,Lewis,Male,1984-10-25,Jefferson City,MO,Medicaid,Current,B-,2024-08-15
100782,Nancy,Martin,Female,1963-11-22,Florissant,MO,Medicare,Never,AB-,2024-09-28
100783,Nancy,Lewis,Female,2005-10-16,Springfield,MO,Private,Never,B+,2021-04-24
100784,John,Williams,Female,1999-08-11,Independence,MO,Private,Current,A-,2024-03-02
100785,Sarah,Anderson,Male,1950-11-21,Kansas City,MO,Medicare,Never,A+,2024-10-08
100786,Barbara,Lewis,Male,1970-03-02,Springfield,MO,Medicare,Never,O+,2025-07-23
100787,James,Wilson,Female,1952-07-25,Kansas City,MO,Medicaid,Current,O+,2021-12-31
100788,Nancy,Robinson,Female,1976-12-19,Jefferson City,MO,Medicare,Current,O-,2025-09-07
100789,Barbara,Moore,Male,1961-08-03,Independence,MO,Medicare,Never,B-,2023-09-21
100790,Robert,Miller,Female,1946-10-22,St. Joseph,MO,Medicaid,Current,O-,2024-04-21
100791,Thomas,Martin,Male,1968-09-22,St. Joseph,MO,Private,Never,B-,2023-11-02
100792,Jessica,Wilson,Female,1942-10-09,St. Louis,MO,Private,Never,A+,2024-06-20
100793,Joseph,Allen,Female,1939-12-12,St. Joseph,MO,Medicare,Never,B-,2021-07-28
100794,Matthew,Lewis,Male,1948-11-10,O'Fallon,MO,Uninsured,Never,A-,2023-02-21
100795,Joseph,Jackson,Male,1962-03-05,St. Louis,MO,Private,Never,O+,2021-01-28
100796,Robert,Robinson,Female,1985-07-12,St. Louis,MO,Medicaid,Never,AB+,2024-06-27
100797,Daniel,Martin,Male,1992-07-12,St. Joseph,MO,Medicare,Current,A+,2021-07-21
100798,Susan,King,Male,2003-04-13,Florissant,MO,Private,Former,O+,2025-05-27
100799,Mary,Garcia,Female,1962-05-04,St. Charles,MO,Medicaid,Current,B+,2021-03-02
100800,David,Walker,Male,1976-08-09,St. Charles,MO,Medicaid,Former,O+,2021-01-04
100801,Charles,Brown,Male,1950-05-30,O'Fallon,MO,Private,Never,A+,2022-07-07
100802,Michael,Davis,Female,1990-04-22,Columbia,MO,Private,Current,A-,2022-08-06
100803,Jennifer,Harris,Female,2001-01-07,Florissant,MO,Medicare,,AB-,2023-09-21
100804,Mary,Wilson,Female,1958-05-14,Columbia,MO,Private,Never,B+,2022-04-19
100805,Jennifer,Smith,Female,1973-11-26,Kansas City,MO,Private,Never,AB+,2023-04-26
100806,Sarah,King,Female,1944-09-04,Florissant,MO,Private,Former,B-,2024-04-09
100807,Mary,Robinson,Female,1982-01-16,Independence,MO,Private,Former,A+,2025-08-15
100808,Sarah,Martin,Male,1994-08-17,Columbia,MO,Medicare,Current,B+,2021-03-04
100809,Joseph,Taylor,Female,1991-01-28,O'Fallon,MO,Private,Never,A+,2025-09-27
100810,Charles,Walker,Other,1953-11-01,O'Fallon,MO,Medicaid,Never,AB+,2024-06-17
100811,Mary,Williams,Male,1944-06-07,Florissant,MO,Medicaid,Former,A+,2025-08-27
100812,Karen,Wilson,Male,1981-01-01,St. Louis,MO,Medicaid,Former,O-,2022-03-30
100813,Jennifer,Martin,Female,1997-02-12,Independence,MO,Medicaid,Never,O+,2023-06-22
100814,James,Wilson,Male,1969-10-28,Jefferson City,MO,Medicare,Never,O+,2021-02-12
100815,Lisa,Brown,Male,1946-08-16,Independence,MO,Medicaid,Former,B+,2023-06-12
100816,Joseph,Brown,Female,1990-05-27,O'Fallon,MO,Medicaid,Former,A-,2022-04-28
100817,Matthew,Davis,Female,1996-03-20,Kansas City,MO,Private,Never,AB-,2021-02-14
100818,Elizabeth,Johnson,Male,1965-11-10,Columbia,MO,Medicare,Never,B+,2021-12-07
100819,Charles,Wilson,Male,2002-04-25,Columbia,MO,Private,Former,A+,2025-01-12
100820,Thomas,Martin,Male,1947-04-26,Kansas City,MO,Medicare,Current,AB+,2023-09-10
100821,Robert,Young,Female,1971-06-06,Springfield,MO,Medicare,Never,O+,2024-03-20
100822,Patricia,Wilson,Male,2002-09-18,,MO,Medicaid,Never,B-,2025-01-31
100823,Elizabeth,King,Male,1990-11-18,O'Fallon,MO,Medicare,Current,B-,2025-01-20
100824,Lisa,Allen,Male,1970-10-21,St. Charles,MO,Private,Never,AB+,2025-08-19
100825,Thomas,White,Male,1960-10-18,St. Joseph,MO,Medicaid,Former,A+,2025-07-01
100826,Elizabeth,Harris,Female,1993-08-26,Kansas City,MO,Uninsured,Former,AB-,2024-07-19
100827,Thomas,White,Female,1947-01-30,Kansas City,MO,Uninsured,Never,O-,2025-10-28
100828,Karen,Thomas,Female,1961-12-12,Independence,MO,Medicaid,Former,AB+,2022-06-17
100829,Lisa,Williams,Female,1994-08-13,Florissant,MO,Private,Former,A+,2022-07-02
100830,Robert,Taylor,Male,1978-08-21,Florissant,MO,Medicare,Former,B+,2021-07-23
100831,Mary,Martin,Female,1990-08-18,St. Charles,MO,Private,Never,AB-,2023-12-14
100832,Jennifer,Clark,Female,1959-04-09,St. Joseph,MO,Private,Current,O-,2025-12-18
100833,Daniel,Walker,Male,1993-05-17,Florissant,MO,Medicare,Never,O-,2021-11-19
100834,Mary,Walker,Female,1967-07-31,St. Louis,MO,Medicare,Former,A-,2021-10-14
100835,Richard,Jones,Male,1991-11-20,O'Fallon,MO,Medicare,Current,A+,2025-11-11
100836,David,White,Female,2005-12-06,St. Louis,MO,Medicaid,Never,O-,2023-09-24
100837,David,Robinson,Male,1969-03-09,Springfield,MO,Private,Former,B-,2024-03-31
100838,Jessica,Jones,Other,1955-05-21,O'Fallon,MO,Medicaid,Current,B-,2021-04-27
100839,David,Williams,Male,1978-08-18,Jefferson City,MO,Medicaid,Never,O+,2022-12-22
100840,Charles,Thomas,Female,1943-12-04,O'Fallon,MO,Private,Never,AB-,2025-03-02
100841,Joseph,Smith,Female,1953-05-15,O'Fallon,MO,Private,Current,O-,2021-06-08
100842,Matthew,Walker,Female,1975-04-24,St. Charles,MO,Medicare,Never,A-,2022-09-12
100843,Matthew,Wilson,Male,1983-11-11,St. Louis,MO,Private,Never,A+,2023-09-22
100844,Jessica,Wilson,Female,1995-02-19,St. Joseph,MO,Private,Current,A-,2021-02-09
100845,David,Brown,Female,1982-03-10,Independence,MO,Private,Former,O+,2021-05-02
100846,Nancy,Williams,Male,1987-10-25,St. Charles,MO,Private,Current,B+,2023-07-27
100847,Jessica,Harris,Male,1976-08-12,O'Fallon,MO,Private,Never,A-,2022-07-29
100848,Linda,Johnson,Female,1944-11-30,Independence,MO,Medicare,Never,B+,2023-04-08
100849,Patricia,King,Female,1980-03-08,Columbia,MO,Private,Never,B-,2023-06-05
100850,Linda,Smith,Male,1988-09-12,Independence,MO,Uninsured,Former,B+,2021-03-19
100851,Patricia,Davis,Male,1955-09-07,Kansas City,MO,Private,Former,A+,2021-12-21
100852,Lisa,Moore,Male,1952-09-26,St. Charles,MO,Medicare,Never,AB-,2021-12-06
100853,John,Allen,Female,1972-12-28,St. Charles,MO,Medicare,Never,AB-,2021-04-10
100854,John,Jackson,Female,1982-01-15,Kansas City,MO,Uninsured,Former,A+,2022-01-08
100855,Sarah,Davis,Female,1968-07-12,Columbia,MO,Medicare,Never,A+,2021-11-09
100856,Charles,Thomas,Female,1940-09-01,Florissant,MO,Medicare,Never,A+,2022-09-28
100857,Charles,Young,Male,1943-08-11,Florissant,MO,Medicaid,Current,AB+,2025-03-08
100858,Daniel,Thomas,Male,1952-12-04,Florissant,MO,Uninsured,Never,O-,2021-12-17
100859,Robert,Martin,Male,1969-06-17,Florissant,MO,Medicaid,Former,O+,2024-11-28
100860,Sarah,Jackson,Male,1940-11-29,St. Louis,MO,Medicaid,Current,B+,2025-08-12
100861,Elizabeth,Jackson,Female,1970-07-11,Kansas City,MO,Private,Never,O-,2025-08-25
100862,Nancy,Wilson,Female,1966-09-26,Columbia,MO,Medicare,Never,A+,2022-07-24
100863,Daniel,Lewis,Male,1937-05-27,O'Fallon,MO,Private,Never,AB-,2023-01-07
100864,Jennifer,Robinson,Male,1977-02-07,Springfield,MO,Private,Current,A-,2021-10-16
100865,James,Young,Female,2005-05-13,St. Charles,MO,Medicaid,Never,A-,2022-08-21
100866,Robert,Davis,Female,1937-03-12,Independence,MO,Private,Former,AB+,2024-06-23
100867,William,Walker,Male,1989-07-23,Florissant,MO,Uninsured,Current,O-,2024-10-31
100868,Barbara,Lewis,Female,1985-09-19,Independence,MO,Medicaid,Current,O-,2024-11-21
100869,Susan,Garcia,Female,1975-06-23,Springfield,MO,Medicare,Never,O-,2024-02-12
100870,Mary,Robinson,Male,1982-11-13,St. Charles,MO,Private,Former,B+,2023-10-11
100871,Thomas,Lewis,Female,1963-04-13,Jefferson City,MO,Medicaid,Current,B+,2023-02-07
100872,Susan,Brown,Male,1944-11-24,St. Joseph,MO,Private,Never,O+,2022-07-12
100873,Richard,Allen,Female,1964-08-21,Columbia,MO,Private,Never,B+,2025-02-22
100874,William,Miller,Other,1991-07-08,St. Louis,MO,Medicare,Never,AB-,2023-10-30
100875,Joseph,Brown,Female,1973-08-04,Independence,MO,Uninsured,Never,AB-,2023-03-11
100876,Nancy,Young,Female,1973-08-20,Florissant,MO,Medicaid,Current,O-,2024-11-08
100877,Joseph,Thomas,Male,2000-08-21,Kansas City,MO,Private,Former,O+,2024-12-24
100878,Lisa,Moore,Female,1983-11-04,Independence,MO,Medicare,Current,O-,2024-07-22
100879,David,Williams,Female,1983-05-22,St. Charles,MO,Private,Former,AB+,2023-03-03
100880,Jessica,Young,Female,1987-01-21,Jefferson City,MO,Private,Former,B+,2024-07-14
100881,Thomas,Thomas,Female,1975-02-09,Columbia,MO,Private,Former,B+,2023-03-29
100882,Patricia,Johnson,Female,1976-06-11,Kansas City,MO,Private,Never,O-,2021-05-23
100883,James,King,Female,1938-05-20,St. Joseph,MO,Private,Current,O-,2025-11-02
100884,Linda,Johnson,Male,1935-07-14,St. Charles,MO,Medicaid,Never,A+,2025-01-11
100885,Thomas,Allen,Female,1986-07-30,Jefferson City,MO,Private,Never,O-,2021-01-02
100886,John,Wilson,Female,1965-12-03,Kansas City,MO,Private,Never,B+,2023-08-05
100887,Karen,Smith,Female,1976-03-16,St. Joseph,MO,Private,Current,AB-,2024-06-10
100888,Joseph,Davis,Female,1990-04-24,Independence,MO,Private,Current,A+,2021-10-16
100889,Joseph,Allen,Male,1997-07-08,St. Charles,MO,Medicaid,Never,A+,2021-08-13
100890,Lisa,Garcia,Male,1971-05-12,O'Fallon,MO,Medicaid,Never,B+,2022-05-01
100891,Nancy,Garcia,Female,1968-04-13,St. Joseph,MO,Medicaid,Former,A-,2022-07-07
100892,Susan,Young,Female,1965-12-09,Jefferson City,MO,Private,Never,B-,2025-02-10
100893,Matthew,Clark,Male,1981-03-03,O'Fallon,MO,Medicaid,Never,O-,2022-01-02
100894,Susan,Harris,Female,1948-05-30,O'Fallon,MO,Private,Former,AB-,2022-06-04
100895,Lisa,Thomas,Male,2002-10-21,St. Louis,MO,Medicare,Never,A-,2024-10-24
100896,Mary,Garcia,Female,1966-08-02,Jefferson City,MO,Medicare,Never,B+,2022-10-26
100897,Richard,Davis,Male,1994-09-14,O'Fallon,MO,Medicare,Never,O-,2025-05-13
100898,Susan,Lewis,Male,1964-09-15,Independence,MO,Medicare,Never,B+,2025-08-26
100899,Lisa,Anderson,Male,1952-10-02,St. Charles,MO,Private,Never,O-,2024-02-01
100900,Charles,Smith,Male,1936-09-17,St. Charles,MO,Medicare,Never,O-,2024-01-15
100901,Michael,Moore,Female,1991-07-01,Independence,MO,Medicare,Never,A-,2021-12-09
100902,John,Harris,Male,1955-12-15,St. Louis,MO,Medicare,Never,B+,2021-06-05
100903,Joseph,Williams,Male,1947-02-28,Columbia,MO,Private,Former,AB-,2025-05-29
100904,Matthew,Davis,Female,1994-08-01,St. Louis,MO,Private,Current,O+,2022-06-10
100905,Susan,Martin,Female,1968-02-28,St. Charles,MO,Medicare,Never,O-,2024-02-20
100906,David,Williams,Male,1966-05-27,Columbia,MO,Private,Current,A+,2025-03-01
100907,Joseph,White,Other,1998-10-11,St. Louis,MO,Medicaid,Never,AB+,2025-05-05
100908,Richard,Moore,Male,1974-08-19,O'Fallon,MO,Medicare,Former,B+,2021-11-23
100909,Sarah,Robinson,Female,1945-04-12,Columbia,MO,Private,Never,B+,2022-01-06
100910,Jennifer,King,Female,1993-03-16,St. Charles,MO,Medicare,Never,A-,2021-02-27
100911,John,Harris,Male,1939-10-14,Independence,MO,Private,Former,O-,2022-06-01
100912,Charles,Moore,Male,1947-03-15,Florissant,MO,Medicare,Never,A+,2024-03-20
100913,Joseph,Garcia,Male,1980-11-30,O'Fallon,MO,Uninsured,Never,A-,2022-11-30
100914,Matthew,Harris,Male,1937-05-09,O'Fallon,MO,Medicare,Current,O+,2021-03-22
100915,Robert,Martin,Female,1947-03-18,Florissant,MO,Private,Never,O-,2024-09-29
100916,Elizabeth,Harris,Male,1999-07-11,St. Joseph,MO,Private,Never,AB-,2022-08-09
100917,Michael,Davis,Male,1997-07-22,Springfield,MO,Medicare,Never,A-,2025-04-29
100918,Thomas,Taylor,Male,1935-07-24,Kansas City,MO,Private,Never,B+,2024-03-24
100919,Michael,Robinson,Male,1965-06-07,Jefferson City,MO,Medicaid,Never,O-,2022-10-16
100920,Nancy,Smith,Female,1936-07-01,St. Louis,MO,Private,Never,A+,2021-04-25
100921,Barbara,Miller,Male,1991-09-15,Springfield,MO,Medicare,Never,AB-,2025-01-15
100922,Thomas,Walker,Female,1981-11-24,St. Louis,MO,Medicare,Never,B+,2021-11-30
100923,Richard,Walker,Male,1956-02-05,Springfield,MO,Private,Former,AB-,2022-03-24
100924,Karen,Harris,Male,1956-11-28,Columbia,MO,Medicaid,Former,B+,2024-04-19
100925,Patricia,Anderson,Female,1959-03-18,Independence,MO,Private,Current,B+,2025-02-22
100926,Elizabeth,Taylor,Male,1935-07-10,Jefferson City,MO,Medicare,Current,B+,2024-02-27
100927,John,Young,Female,1967-05-30,Jefferson City,MO,Medicaid,Current,O-,2024-04-10
100928,William,Wilson,Female,1995-02-22,St. Louis,MO,Private,Former,AB+,2023-06-01
100929,Richard,Wilson,Male,1954-06-10,Florissant,MO,Private,Former,B-,2025-08-02
100930,Sarah,King,Male,1958-04-14,Columbia,MO,Medicaid,Never,A+,2023-02-22
100931,Joseph,Jones,Male,1950-05-31,St. Joseph,MO,Medicaid,Former,O+,2024-03-07
100932,Patricia,Harris,Male,1999-12-08,Jefferson City,MO,Medicaid,Never,AB+,2024-09-30
100933,Joseph,Wilson,Male,1994-01-19,Kansas City,MO,Medicare,Current,B-,2025-08-23
100934,Nancy,Harris,Male,1945-01-30,St. Louis,MO,Medicaid,Never,AB-,2021-08-20
100935,Mary,King,Male,1990-07-07,O'Fallon,MO,Medicare,Former,B-,2023-04-13
100936,Joseph,Walker,Female,1974-02-11,Kansas City,MO,Private,Never,O-,2023-04-11
100937,Linda,Lewis,Female,1950-07-17,St. Charles,MO,Private,Never,O-,2022-04-28
100938,Linda,Miller,Female,2005-07-17,St. Louis,MO,Medicaid,Never,O-,2022-08-03
100939,Thomas,Allen,Male,1976-06-01,St. Louis,MO,Medicaid,Never,B-,2021-04-05
100940,Barbara,Wilson,Male,1946-10-07,O'Fallon,MO,Medicare,Never,AB+,2024-03-13
100941,Charles,Miller,Female,1958-09-17,Columbia,MO,Private,Never,A+,2025-03-31
100942,Elizabeth,Moore,Female,1935-03-13,O'Fallon,MO,Private,Never,A-,2022-04-07
100943,William,Taylor,Female,1996-03-09,Jefferson City,MO,Private,Never,B-,2024-12-17
100944,Robert,Martin,Male,1958-11-24,Independence,MO,Private,Current,O-,2022-02-11
100945,Jennifer,Lewis,Female,1959-03-02,St. Louis,MO,Private,Never,A-,2022-09-16
100946,Karen,Taylor,Female,1998-04-25,St. Charles,MO,Medicaid,Never,A-,2023-01-17
100947,Mary,Moore,Male,1974-01-15,Florissant,MO,Medicare,Current,B+,2021-01-03
100948,Lisa,Martin,Male,1943-08-08,St. Louis,MO,Private,Never,A-,2021-09-10
100949,Richard,Moore,Female,1973-03-03,O'Fallon,MO,Medicare,Never,AB-,2021-05-18
100950,Jennifer,Smith,Male,1956-09-28,Springfield,MO,Private,Never,AB-,2021-06-11
100951,Robert,Davis,Male,1957-04-30,St. Louis,MO,Private,,B+,2021-06-08
100952,James,Thomas,Female,1943-10-12,St. Louis,MO,Private,Never,A+,2024-09-21
100953,Daniel,Lewis,Female,1973-10-24,St. Charles,MO,Medicaid,Never,O+,2025-08-31
100954,Nancy,Thomas,Male,2005-10-15,St. Charles,MO,Private,Former,A+,2023-04-22
100955,Daniel,Davis,Male,1966-08-13,St. Louis,MO,Private,Never,AB-,2023-05-25
100956,Jennifer,Davis,Male,1970-12-21,Springfield,MO,Private,Current,O+,2021-02-26
100957,Jennifer,Walker,Female,1979-09-04,Independence,MO,Private,Never,B+,2023-01-02
100958,Matthew,Moore,Male,1974-02-03,St. Joseph,MO,Uninsured,Former,A+,2025-05-30
100959,Jessica,Thomas,Other,1950-05-11,Springfield,MO,Medicare,Former,O+,2023-09-25
100960,Patricia,White,Male,2004-08-04,Springfield,MO,Medicaid,Never,O+,2023-12-07
100961,David,Smith,Male,1941-10-14,Springfield,MO,Medicaid,Current,B-,2025-02-08
100962,Lisa,Moore,Female,1957-06-02,Independence,MO,Medicare,Current,A+,2025-06-26
100963,Matthew,Miller,Female,1993-07-02,,MO,Private,Never,B+,2021-04-13
100964,William,Jones,Male,1974-02-04,Columbia,MO,Uninsured,Current,O+,2024-09-11
100965,Matthew,Davis,Male,1956-05-10,Springfield,MO,Medicare,Never,AB-,2024-07-24
100966,John,Martin,Other,1937-01-16,St. Joseph,MO,Medicare,Current,O-,2021-10-22
100967,Charles,Allen,Male,1996-09-16,O'Fallon,MO,Medicaid,Never,B-,2022-04-13
100968,Linda,Moore,Female,1977-07-24,Kansas City,MO,Private,Never,A-,2021-09-01
100969,Robert,Jackson,Male,1942-06-14,Columbia,MO,Medicaid,Never,A-,2024-01-15
100970,Patricia,Allen,Female,1953-10-27,Florissant,MO,Medicare,Never,A-,2023-12-21
100971,Lisa,Harris,Female,1983-04-26,St. Charles,MO,Medicare,Never,AB-,2024-02-07
100972,Jennifer,Jackson,Male,1992-12-29,Independence,MO,Medicaid,Current,O-,2022-07-02
100973,Mary,Robinson,Female,2000-08-02,Independence,MO,Private,Current,O+,2024-08-07
100974,Karen,Clark,Male,2003-06-23,Kansas City,MO,Medicaid,Never,B+,2023-09-24
100975,David,Clark,Male,1977-12-31,Columbia,MO,Medicaid,Never,A-,2022-05-19
100976,Patricia,Johnson,Female,1972-05-07,St. Joseph,MO,Medicare,Current,A+,2022-12-28
100977,Joseph,Brown,Male,1989-06-11,St. Joseph,MO,Private,Never,A-,2021-06-26
100978,Jennifer,Smith,Female,1990-11-03,St. Charles,MO,Private,Never,O+,2025-01-19
100979,Nancy,Brown,Male,1980-04-25,Springfield,MO,Medicaid,Never,AB+,2023-10-12
100980,Thomas,Clark,Male,1976-04-22,O'Fallon,MO,Medicaid,Never,AB-,2021-07-26
100981,Lisa,Jones,Male,1952-01-03,Columbia,MO,Private,Never,AB+,2021-12-26
100982,Jennifer,Lewis,Male,1989-03-26,St. Joseph,MO,Medicare,Former,A-,2023-09-04
100983,Charles,Jackson,Male,1949-07-02,Kansas City,MO,Private,Former,O-,2025-12-03
100984,Mary,Davis,Female,1978-02-17,St. Charles,MO,Medicaid,Never,O+,2023-09-08
100985,Joseph,Robinson,Female,1998-08-11,St. Louis,MO,Medicaid,Current,A-,2021-05-22
100986,David,Harris,Female,1970-05-11,St. Charles,MO,Private,Never,AB+,2025-11-21
100987,Linda,Smith,Male,1973-11-13,St. Joseph,MO,Private,Never,O+,2025-02-21
100988,Charles,Thomas,Male,1969-08-29,St. Louis,MO,Private,Never,AB-,2025-02-06
100989,Richard,Lewis,Male,1977-07-30,Florissant,MO,Medicare,Never,AB-,2025-01-27
100990,Barbara,Jackson,Male,1960-07-29,Jefferson City,MO,Medicaid,Never,A-,2022-10-16
100991,Robert,Wilson,Female,1948-05-05,St. Charles,MO,Medicaid,Never,AB-,2022-12-01
100992,Jennifer,Miller,Male,1955-02-25,Kansas City,MO,Private,Never,B-,2021-12-30
100993,Nancy,Johnson,Male,1948-06-06,Kansas City,MO,Private,Never,O+,2022-11-02
100994,Patricia,Wilson,Female,1942-10-09,O'Fallon,MO,Medicare,Former,O-,2022-09-07
100995,Charles,Anderson,Male,1950-01-17,Springfield,MO,Private,Former,O+,2023-05-23
100996,Karen,Johnson,Male,1964-11-09,St. Charles,MO,Private,Never,AB-,2022-11-27
100997,James,Lewis,Male,1984-09-15,St. Joseph,MO,Medicaid,Former,O+,2025-06-07
100998,Karen,Taylor,Male,1998-03-13,Jefferson City,MO,Private,Current,AB+,2021-10-22
100999,Thomas,Moore,Female,1993-12-19,Columbia,MO,Medicare,Former,B+,2021-12-09
101000,Barbara,Anderson,Male,1993-01-08,St. Joseph,MO,Medicaid,,AB+,2024-08-26
101001,Joseph,Martin,Male,1980-06-01,Kansas City,MO,Uninsured,Never,A+,2021-11-29
101002,James,Clark,Male,1978-01-26,Florissant,MO,Medicaid,Current,B-,2021-12-06
101003,Susan,Lewis,Male,1959-06-14,St. Joseph,MO,Medicaid,Never,B+,2025-08-12
101004,Jennifer,Young,Male,1948-07-30,Independence,MO,Private,Never,A-,2025-08-23
101005,Robert,Wilson,Female,1942-02-01,Kansas City,MO,Uninsured,Never,O+,2021-04-23
101006,David,Miller,Female,1942-06-02,St. Charles,MO,Uninsured,Former,O-,2021-01-17
101007,Patricia,Williams,Female,1936-09-29,Florissant,MO,Private,Former,A+,2022-05-04
101008,Richard,Robinson,Male,1999-12-10,Independence,MO,Medicare,Never,A+,2021-09-27
101009,David,Garcia,Female,2004-03-25,St. Louis,MO,Private,Never,O-,2022-03-23
101010,John,Walker,Female,1952-10-24,Jefferson City,MO,Private,Current,B-,2023-04-17
101011,James,Johnson,Male,1942-06-12,Kansas City,MO,Medicaid,Never,B+,2025-03-24
101012,Jennifer,Garcia,Female,1967-01-23,St. Charles,MO,Private,Never,A+,2025-07-08
101013,Sarah,Williams,Male,2000-08-18,Independence,MO,Medicaid,Never,O-,2025-03-13
101014,Lisa,White,Male,2005-10-25,Independence,MO,Medicare,Former,B+,2022-09-28
101015,Elizabeth,Davis,Female,1964-04-19,Springfield,MO,Private,Former,B+,2025-02-04
101016,Robert,Johnson,Male,1966-11-11,Independence,MO,Private,Current,AB-,2024-03-15
101017,Matthew,Harris,Female,1943-02-26,Jefferson City,MO,Medicaid,Never,A+,2023-06-14
101018,Elizabeth,Wilson,Male,1961-11-04,Florissant,MO,Medicaid,Never,B+,2025-05-04
101019,Barbara,Thomas,Female,2005-06-12,Florissant,MO,Private,Never,B-,2023-06-23
101020,Mary,Williams,Female,1964-01-24,Independence,MO,Medicare,Current,A+,2021-11-18
101021,Richard,Taylor,Female,1951-12-08,St. Charles,MO,Medicaid,Never,B-,2025-01-27
101022,Linda,Smith,Male,1990-02-13,Kansas City,MO,Private,Never,B-,2021-11-01
101023,Mary,Allen,Male,1974-06-17,St. Charles,MO,Private,Former,B+,2021-08-16
101024,Karen,Moore,Male,1947-02-11,O'Fallon,MO,Private,Never,B+,2024-12-11
101025,James,Jackson,Male,1987-10-03,Kansas City,MO,Private,Never,AB-,2022-10-20
101026,Robert,Jones,Male,2004-08-14,St. Louis,MO,Private,,O-,2021-05-28
101027,William,Walker,Female,1978-12-27,Jefferson City,MO,Private,Never,O+,2021-09-18
101028,Thomas,Harris,Female,1984-06-12,St. Charles,MO,Medicare,Never,AB-,2021-07-03
101029,William,Allen,Other,1956-04-21,Springfield,MO,Private,Never,A+,2023-01-05
101030,David,King,Male,1988-02-13,Florissant,MO,Medicaid,Never,AB-,2022-09-24
101031,Joseph,Garcia,Male,1984-11-24,Independence,MO,Medicare,Never,A-,2024-12-21
101032,Lisa,Walker,Male,1949-06-09,Kansas City,MO,Medicare,Former,O-,2025-02-07
101033,Jennifer,Young,Female,1956-09-10,Independence,MO,Private,Never,A+,2024-07-19
101034,Matthew,Taylor,Female,1974-04-24,St. Louis,MO,Medicare,Current,O-,2025-01-29
101035,John,Clark,Female,1957-09-21,O'Fallon,MO,Medicare,Never,B-,2023-03-23
101036,Thomas,Brown,Female,1951-06-28,Independence,MO,Private,Never,AB-,2022-08-23
101037,Robert,Williams,Female,1946-08-16,St. Charles,MO,Private,Never,AB-,2022-05-23
101038,Barbara,Moore,Male,2005-01-06,Kansas City,MO,Private,Former,O+,2021-12-21
101039,Sarah,Allen,Male,1980-01-18,Springfield,MO,Medicare,Never,AB-,2024-02-23
101040,Susan,Wilson,Female,1961-05-09,St. Louis,MO,Medicare,Former,B+,2023-07-17
101041,Daniel,Walker,Male,1991-08-28,St. Joseph,MO,Private,Former,B-,2022-12-24
101042,Lisa,Garcia,Male,1977-03-04,Jefferson City,MO,Medicare,Current,AB-,2021-05-14
101043,David,Thomas,Female,1996-02-02,O'Fallon,MO,Private,Former,AB+,2025-01-07
101044,William,Johnson,Other,2004-01-27,St. Charles,MO,Medicare,Never,AB+,2024-12-12
101045,Mary,Williams,Female,1989-08-11,Jefferson City,MO,Private,Former,O-,2024-11-02
101046,Barbara,Williams,Female,1944-10-05,Springfield,MO,Private,Current,B-,2024-02-19
101047,John,Thomas,Female,1965-11-11,Jefferson City,MO,Medicare,Current,AB-,2023-02-02
101048,John,Jackson,Male,1993-10-13,Florissant,MO,Private,Never,O+,2025-08-05
101049,James,Wilson,Male,1987-07-20,Kansas City,MO,Medicaid,Former,A-,2023-05-31
101050,Linda,Allen,Female,1937-08-22,Jefferson City,MO,Medicaid,Never,O+,2021-09-12
101051,Nancy,Davis,Female,1949-08-06,St. Charles,MO,Private,Never,A-,2025-07-24
101052,Linda,Taylor,Male,1979-07-04,St. Joseph,MO,Medicaid,Former,A+,2025-06-05
101053,David,White,Female,2004-02-29,Florissant,MO,Medicaid,Current,A+,2021-02-19
101054,William,Young,Male,1972-06-14,Florissant,MO,Medicaid,Former,O+,2023-10-05
101055,Robert,Brown,Male,1985-05-25,Jefferson City,MO,Medicare,Current,AB-,2021-12-01
101056,Susan,Smith,Female,1944-10-14,O'Fallon,MO,Medicare,Never,O-,2023-12-25
101057,John,King,Male,1965-10-12,,MO,Private,Never,O+,2025-03-05
101058,Daniel,Miller,Male,1945-07-30,O'Fallon,MO,Private,Former,A+,2021-04-29
101059,Robert,Johnson,Male,1966-11-02,Independence,MO,Medicaid,Never,B+,2024-12-30
101060,Robert,King,Female,1962-04-22,St. Charles,MO,Medicaid,Current,A-,2025-08-11
101061,Charles,Jones,Male,1976-04-15,Columbia,MO,Private,Never,B-,2023-10-20
101062,Susan,Miller,Female,1988-06-19,Kansas City,MO,Uninsured,Never,O-,2021-06-30
101063,Patricia,Brown,Female,1977-11-12,Florissant,MO,Private,Never,O+,2023-10-23
101064,Richard,Jones,Male,1959-06-14,St. Charles,MO,Private,Never,AB-,2021-06-30
101065,Elizabeth,King,Other,1976-09-13,Springfield,MO,Private,Current,AB-,2025-08-01
101066,Sarah,Smith,Male,1955-09-23,Independence,MO,Medicaid,Never,O-,2024-03-23
101067,Linda,Smith,Female,1970-12-05,St. Joseph,MO,Medicare,Never,AB+,2025-06-30
101068,Linda,Jackson,Female,2003-06-20,Independence,MO,Medicare,Former,A-,2023-03-25
101069,Michael,Robinson,Female,1993-03-08,St. Charles,MO,Private,Never,O-,2021-08-17
101070,Linda,Lewis,Male,1946-04-14,Kansas City,MO,Private,Former,O-,2022-11-09
101071,Susan,Anderson,Female,1980-10-08,Florissant,MO,Private,Never,A-,2025-11-29
101072,Charles,Clark,Male,1981-04-21,St. Louis,MO,Medicare,Never,A-,2025-06-02
101073,Jennifer,Williams,Male,1979-09-22,St. Louis,MO,Private,Current,O+,2025-06-08
101074,James,Taylor,Female,1973-10-11,St. Charles,MO,Private,Former,A+,2023-03-31
101075,Matthew,Jackson,Male,1994-02-27,Jefferson City,MO,Private,Never,B+,2021-06-17
101076,Joseph,Taylor,Female,2000-02-04,O'Fallon,MO,Medicare,Former,O+,2022-08-04
101077,James,Harris,Male,1961-03-31,Independence,MO,Private,Current,O-,2021-06-12
101078,Thomas,Harris,Male,1959-08-02,Kansas City,MO,Medicare,Never,B-,2022-10-30
101079,James,Garcia,Female,1961-01-03,Independence,MO,Private,Never,A+,2024-05-14
101080,Joseph,Jones,Male,2001-02-03,Springfield,MO,Private,Never,O+,2021-04-20
101081,Matthew,Davis,Female,1971-02-23,St. Louis,MO,Medicare,Never,B+,2023-08-18
101082,Mary,Johnson,Female,1939-01-20,Florissant,MO,Private,Never,O-,2022-02-05
101083,Susan,White,Female,1936-05-01,Springfield,MO,Medicare,Current,O-,2025-10-15
101084,Daniel,Robinson,Male,1963-01-08,Florissant,MO,Private,Never,A-,2025-08-22
101085,Linda,King,Female,1945-03-23,Independence,MO,Medicaid,Former,B+,2024-11-04
101086,Linda,Thomas,Female,1978-10-13,,MO,Private,Never,A+,2025-12-25
101087,Charles,Garcia,Female,1998-05-09,St. Louis,MO,Private,Never,O+,2021-07-12
101088,Michael,Smith,Female,1935-08-31,Independence,MO,Medicaid,Former,O-,2022-09-30
101089,Charles,Brown,Female,1963-02-26,St. Louis,MO,Private,Never,A-,2022-12-01
101090,Jennifer,Harris,Female,1949-06-19,St. Charles,MO,Medicaid,Never,O+,2023-03-14
101091,Jennifer,Moore,Female,1983-10-03,St. Joseph,MO,Medicare,Never,A+,2022-09-02
101092,John,Clark,Male,1955-05-02,St. Joseph,MO,Private,Former,B-,2025-02-20
101093,Michael,Jones,Male,2000-09-18,Florissant,MO,Private,Never,A-,2022-04-17
101094,Charles,King,Female,2004-05-29,Independence,MO,Private,Never,B+,2023-12-17
101095,Linda,King,Male,1997-09-07,Columbia,MO,Private,Current,A+,2025-10-08
101096,Elizabeth,Williams,Female,2004-07-03,St. Louis,MO,Private,Current,O-,2021-06-13
101097,Karen,Taylor,Male,1999-12-05,St. Louis,MO,Private,Never,AB+,2023-09-01
101098,Joseph,Moore,Female,1987-03-16,Columbia,MO,Private,Never,B+,2022-09-10
101099,Joseph,Brown,Male,2001-12-04,Jefferson City,MO,Private,Former,O-,2021-05-29
101100,James,Martin,Male,2000-10-16,Independence,MO,Medicare,Former,B+,2021-09-06
101101,Karen,Young,Female,1950-03-12,Columbia,MO,Medicaid,Never,A-,2024-01-27
101102,Michael,Taylor,Female,1950-09-15,St. Joseph,MO,Private,Never,O+,2021-08-16
101103,Patricia,Anderson,Female,1935-07-01,St. Louis,MO,Private,Former,AB-,2024-01-31
101104,Jennifer,Lewis,Male,1978-07-24,St. Joseph,MO,Private,Current,B+,2022-06-19
101105,James,Clark,Female,1992-05-27,,MO,Medicare,Former,A+,2024-08-02
101106,Robert,Garcia,Female,2000-07-17,Kansas City,MO,Uninsured,Never,AB+,2023-09-05
101107,Matthew,Jackson,Female,1966-04-07,Kansas City,MO,Medicaid,Never,B-,2022-01-25
101108,James,Walker,Male,1962-02-28,Florissant,MO,Private,Former,AB+,2024-12-06
101109,Patricia,Anderson,Female,1940-02-22,St. Joseph,MO,Medicare,,A+,2021-12-16
101110,Nancy,Jones,Female,1970-09-23,St. Joseph,MO,Medicare,Never,A-,2024-12-05
101111,Mary,Jones,Other,1942-02-15,St. Joseph,MO,Private,Never,A+,2025-07-09
101112,Elizabeth,Anderson,Male,1983-06-27,Jefferson City,MO,Uninsured,Never,AB-,2023-08-08
101113,Robert,Jones,Female,1966-06-09,St. Joseph,MO,Medicaid,Never,AB-,2021-08-05
101114,Elizabeth,Williams,Female,1972-04-20,Kansas City,MO,Medicare,Former,AB-,2025-03-30
101115,James,Allen,Male,1986-05-02,Jefferson City,MO,Medicaid,Former,B+,2021-01-09
101116,Nancy,Garcia,Male,2000-09-29,Florissant,MO,Medicare,Current,A-,2021-03-08
101117,Jennifer,Brown,Male,1991-08-17,St. Charles,MO,Medicare,Former,O+,2023-09-09
101118,Richard,Clark,Male,1944-06-26,Springfield,MO,Private,Never,AB-,2025-09-23
101119,Joseph,Wilson,Male,1942-12-04,Florissant,MO,Private,Never,O+,2021-11-06
101120,Patricia,Harris,Female,1962-04-19,O'Fallon,MO,Medicare,Never,B-,2022-07-20
101121,Richard,Moore,Female,1964-04-23,Jefferson City,MO,Private,Never,B-,2023-12-05
101122,Lisa,Jackson,Female,1974-09-21,Kansas City,MO,Medicaid,Current,O+,2023-12-24
101123,Karen,Robinson,Female,1986-08-30,Kansas City,MO,Medicare,Never,O-,2021-11-02
101124,Lisa,Harris,Male,1958-07-06,Independence,MO,Medicare,Never,A+,2025-03-13
101125,Joseph,Moore,Male,1986-08-19,St. Louis,MO,Private,Never,AB-,2022-12-29
101126,Linda,White,Female,1948-06-16,St. Joseph,MO,Medicare,Never,B+,2022-09-18
101127,Robert,Young,Male,1991-01-24,Kansas City,MO,Medicaid,Former,O-,2022-11-10
101128,Joseph,Brown,Male,1941-08-06,St. Joseph,MO,Medicare,Never,B-,2022-03-08
101129,Patricia,Jones,Male,1958-06-07,Columbia,MO,Medicaid,Never,AB+,2022-05-17
101130,Barbara,Jones,Male,1963-08-14,St. Louis,MO,Medicare,Never,A-,2021-11-20
101131,Richard,Wilson,Female,1940-05-20,Columbia,MO,Private,Current,AB+,2025-04-26
101132,Mary,Harris,Male,1989-11-08,St. Joseph,MO,Private,Never,O+,2024-12-07
101133,Charles,Moore,Male,1987-01-09,Jefferson City,MO,Private,Never,O-,2025-12-14
101134,Charles,Johnson,Male,1973-05-08,O'Fallon,MO,Medicaid,Never,B-,2021-10-26
101135,Patricia,Moore,Female,1978-08-18,St. Louis,MO,Medicaid,Never,B-,2024-09-30
101136,Patricia,Young,Male,1947-09-23,Jefferson City,MO,Medicaid,Never,A+,2022-03-30
101137,David,Walker,Female,2004-08-17,Kansas City,MO,Medicare,Former,A+,2022-03-06
101138,Robert,Allen,Male,1993-02-16,O'Fallon,MO,Private,Former,AB-,2023-03-18
101139,Karen,Lewis,Male,1956-08-18,St. Charles,MO,Medicaid,Former,O+,2021-04-30
101140,David,Williams,Female,1952-07-10,Kansas City,MO,Medicaid,Never,A-,2022-10-17
101141,Elizabeth,Anderson,Male,1942-04-11,Springfield,MO,Private,Never,AB-,2023-05-17
101142,Linda,Johnson,Male,1995-08-29,Florissant,MO,Medicaid,Never,O-,2023-10-29
101143,Jennifer,Moore,Male,1999-09-02,St. Louis,MO,Uninsured,Never,A+,2021-04-03
101144,Jennifer,Lewis,Female,1941-09-19,Springfield,MO,Medicaid,Never,B+,2022-12-13
101145,Linda,Harris,Male,1978-03-07,St. Joseph,MO,Private,Never,A-,2021-09-02
101146,Matthew,Walker,Female,1987-02-02,St. Louis,MO,Medicaid,Former,B+,2022-05-04
101147,Joseph,Martin,Male,2002-10-09,Florissant,MO,Uninsured,Former,O-,2024-09-15
101148,Susan,Thomas,Male,1977-03-12,St. Louis,MO,Medicaid,Current,AB-,2024-04-08
101149,David,Walker,Male,1976-08-06,Jefferson City,MO,Private,Former,A+,2021-05-12
101150,Barbara,Thomas,Female,1935-08-23,Columbia,MO,Medicare,Never,A-,2024-03-29
101151,Richard,Taylor,Male,1941-05-23,Independence,MO,Private,Never,O-,2023-08-09
101152,Linda,Miller,Male,1944-11-07,Jefferson City,MO,Medicaid,Never,AB-,2022-10-16
101153,Sarah,Brown,Male,1974-07-09,Florissant,MO,Medicaid,Never,B-,2023-06-10
101154,James,Lewis,Male,1953-07-30,St. Louis,MO,Private,Never,AB-,2024-11-21
101155,Joseph,Smith,Male,1955-01-04,Jefferson City,MO,Uninsured,Never,O+,2022-10-16
101156,Linda,King,Female,1966-02-14,Columbia,MO,Medicaid,Never,AB+,2021-01-04
101157,David,Williams,Male,1937-09-27,Springfield,MO,Private,Former,B-,2022-06-11
101158,Barbara,Moore,Male,1968-01-24,Jefferson City,MO,Medicare,Former,B+,2022-11-01
101159,Barbara,Jackson,Female,1999-06-25,St. Joseph,MO,Private,Never,B-,2023-12-23
101160,Patricia,Johnson,Male,1995-10-22,Springfield,MO,Private,Never,AB-,2025-02-02
101161,Jessica,Taylor,Male,1947-09-03,Florissant,MO,Private,Never,O-,2022-06-14
101162,Patricia,Brown,Male,1935-12-19,Springfield,MO,Private,Former,B-,2023-12-23
101163,Robert,Lewis,Female,1998-09-18,St. Louis,MO,Private,Never,AB+,2023-01-16
101164,Lisa,Harris,Male,1983-12-21,O'Fallon,MO,Medicaid,Former,O+,2022-12-22
101165,Robert,Williams,Female,1991-04-19,O'Fallon,MO,Private,Former,AB-,2024-10-07
101166,Linda,Clark,Male,1974-11-07,St. Charles,MO,Medicare,Never,AB+,2021-05-24
101167,Elizabeth,Davis,Female,1986-01-19,St. Joseph,MO,Private,Never,B-,2023-09-16
101168,Thomas,Young,Male,2004-04-07,St. Louis,MO,Private,Never,AB+,2023-10-13
101169,William,King,Female,1978-06-03,Florissant,MO,Medicare,Never,B-,2024-11-25
101170,Nancy,Lewis,Female,1989-05-27,Kansas City,MO,Private,Former,A-,2023-05-07
101171,Charles,Jones,Female,1975-07-31,O'Fallon,MO,Private,Never,B-,2022-09-16
101172,Susan,Miller,Male,1992-05-30,Florissant,MO,Private,Never,A+,2021-02-17
101173,Linda,Walker,Male,1952-03-18,Springfield,MO,Medicaid,Current,AB+,2024-03-23
101174,William,Davis,Male,1984-04-17,Jefferson City,MO,Medicaid,Never,O-,2023-07-18
101175,Nancy,Jones,Male,1991-05-23,,MO,Private,Never,O+,2023-04-05
101176,David,Harris,Male,1999-01-29,St. Louis,MO,Medicaid,Never,AB+,2024-07-23
101177,Matthew,Jones,Female,1950-04-18,O'Fallon,MO,Medicaid,Former,B+,2024-07-23
101178,James,Brown,Male,1962-01-27,Columbia,MO,Private,Former,O+,2022-07-26
101179,Susan,Young,Male,1945-04-17,Columbia,MO,Medicare,Never,O+,2024-02-28
101180,Robert,Lewis,Female,1943-04-05,Columbia,MO,Private,Current,B+,2022-01-31
101181,Daniel,Walker,Female,1991-04-04,St. Joseph,MO,Private,Former,A+,2022-12-13
101182,Susan,Johnson,Male,1974-10-24,,MO,Private,Never,AB+,2021-08-19
101183,Patricia,Taylor,Female,1994-05-07,St. Charles,MO,Medicaid,Former,O+,2022-04-20
101184,Nancy,Young,Male,1957-10-17,Florissant,MO,Medicaid,Never,AB+,2023-02-24
101185,Matthew,Moore,Female,1986-08-01,Columbia,MO,Medicaid,Former,O+,2021-09-20
101186,James,Jackson,Female,1983-02-14,Springfield,MO,Private,Never,B+,2023-01-16
101187,Nancy,Thomas,Female,1953-01-11,St. Louis,MO,Medicare,Former,B+,2024-05-03
101188,Matthew,Young,Female,1940-04-13,St. Joseph,MO,Uninsured,Never,B-,2022-05-08
101189,Charles,Walker,Male,1961-06-03,Independence,MO,Private,Current,AB-,2023-08-15
101190,Linda,Young,Male,2004-03-26,Columbia,MO,Private,Never,AB+,2021-12-29
101191,Joseph,Taylor,Female,1983-01-01,Florissant,MO,Medicaid,Former,AB+,2021-09-25
101192,Daniel,Miller,Male,1979-04-30,Springfield,MO,Medicaid,Never,O+,2024-04-09
101193,Joseph,Jones,Female,1999-04-26,St. Louis,MO,Private,Current,B-,2022-12-09
101194,William,Harris,Male,1976-04-07,Jefferson City,MO,Medicare,Former,O-,2025-04-09
101195,Daniel,King,Male,1993-06-12,Kansas City,MO,Medicare,Never,AB+,2023-09-05
101196,William,Robinson,Male,1940-06-25,Springfield,MO,Medicaid,Current,O+,2021-10-03
101197,Elizabeth,Wilson,Male,1999-01-23,St. Charles,MO,Uninsured,Never,A+,2024-10-21
101198,Karen,Martin,Female,1956-06-01,Springfield,MO,Private,Former,B+,2021-12-01
101199,Daniel,Thomas,Female,1985-03-21,Springfield,MO,Private,Former,B+,2024-08-18
101200,William,Garcia,Female,1939-03-25,St. Charles,MO,Private,Never,AB-,2023-01-17
101201,John,Harris,Female,1967-10-05,Jefferson City,MO,Medicaid,Current,B+,2024-09-18
101202,Karen,Lewis,Female,1982-06-20,St. Joseph,MO,Private,Never,A-,2024-07-07
101203,David,Lewis,Female,1967-08-28,O'Fallon,MO,Medicaid,Never,A+,2021-09-15
101204,Jennifer,White,Male,1946-05-07,St. Louis,MO,Private,Current,A+,2022-09-27
101205,Mary,Thomas,Female,1956-09-22,Springfield,MO,Medicaid,Former,B-,2022-09-05
101206,Michael,Thomas,Male,1990-01-19,Springfield,MO,Medicaid,Never,A-,2024-12-27
101207,Sarah,Robinson,Male,1997-01-04,St. Charles,MO,Private,Never,AB+,2021-07-05
101208,Mary,Garcia,Female,1982-01-14,Florissant,MO,Medicaid,Former,AB-,2025-05-07
101209,Thomas,Allen,Male,1967-03-02,,MO,Private,Never,A+,2021-07-10
101210,David,Brown,Male,1940-04-12,Springfield,MO,Medicaid,Current,A-,2022-11-14
101211,Barbara,Garcia,Male,1960-06-02,St. Charles,MO,Medicare,Former,A-,2023-07-02
101212,Charles,Taylor,Male,1988-05-08,Florissant,MO,Medicaid,Never,O+,2022-08-29
101213,Nancy,Smith,Female,1985-03-07,St. Charles,MO,Private,Never,A+,2025-07-29
101214,Lisa,King,Male,1982-09-21,St. Joseph,MO,Medicare,Never,O-,2025-10-05
101215,Michael,Allen,Male,1987-09-11,Springfield,MO,Private,Never,O+,2024-01-02
101216,Karen,Jackson,Male,1986-04-14,Columbia,MO,Medicaid,Former,B-,2024-07-15
101217,Jennifer,Taylor,Male,1982-02-08,St. Louis,MO,Medicaid,Current,A-,2022-01-12
101218,Daniel,Lewis,Female,1935-01-12,Florissant,MO,Medicaid,Former,B+,2021-05-16
101219,Lisa,Clark,Male,1948-10-13,Columbia,MO,Private,Never,A-,2025-09-23
101220,James,Harris,Female,1967-11-01,St. Charles,MO,Private,Never,AB+,2024-12-11
101221,Thomas,Lewis,Female,1963-05-05,Springfield,MO,Medicaid,Former,A+,2023-06-10
101222,David,Walker,Female,1968-11-07,St. Charles,MO,Private,Former,O-,2022-03-20
101223,Nancy,Martin,Female,1969-02-02,O'Fallon,MO,Private,Former,AB+,2025-05-01
101224,Sarah,Clark,Female,1937-02-09,O'Fallon,MO,Medicaid,Never,B-,2022-03-11
101225,Daniel,Lewis,Male,1957-09-11,St. Joseph,MO,Private,Current,AB-,2023-06-22
101226,Thomas,Jackson,Male,1973-01-23,Springfield,MO,Medicare,,B+,2024-05-19
101227,Michael,Jackson,Male,1961-01-24,Springfield,MO,Private,Former,A+,2023-08-15
101228,Thomas,Brown,Female,2003-08-19,Columbia,MO,Private,Former,A-,2025-03-05
101229,Karen,Miller,Male,1937-11-12,Independence,MO,Medicare,Former,B+,2022-03-19
101230,William,Moore,Male,1939-12-16,Springfield,MO,Medicaid,Never,A-,2025-04-04
101231,Thomas,Williams,Male,1967-11-06,St. Joseph,MO,Uninsured,Former,B-,2023-06-28
101232,Karen,White,Male,1945-09-09,Florissant,MO,Private,Never,AB-,2025-05-01
101233,Nancy,Wilson,Male,1944-12-23,Florissant,MO,Private,Former,O-,2023-10-12
101234,Nancy,Davis,Female,1983-07-04,St. Charles,MO,Medicare,Never,O-,2022-10-27
101235,Linda,Robinson,Male,1966-01-20,Columbia,MO,Medicaid,Never,A+,2021-11-21
101236,Thomas,Moore,Female,1977-02-25,Jefferson City,MO,Medicaid,Never,B-,2022-12-27
101237,Michael,Harris,Female,1989-09-08,Kansas City,MO,Medicare,Former,B-,2022-06-25
101238,James,Harris,Male,2002-02-22,St. Charles,MO,Private,Never,AB-,2023-07-16
101239,Richard,Harris,Male,1945-05-21,Springfield,MO,Private,Former,B-,2024-12-17
101240,Matthew,Smith,Male,1940-06-14,St. Charles,MO,Private,Former,B-,2021-10-16
101241,Charles,Davis,Male,1987-03-11,Jefferson City,MO,Medicare,Former,A-,2023-09-23
101242,Lisa,Lewis,Female,1935-05-25,Kansas City,MO,Private,Never,O+,2024-08-02
101243,Charles,Garcia,Male,1955-09-20,Jefferson City,MO,Private,Former,AB+,2023-06-25
101244,Thomas,Williams,Male,1936-04-13,Jefferson City,MO,Private,Never,A-,2024-08-07
101245,Richard,Jones,Female,1973-09-10,O'Fallon,MO,Private,Never,O-,2022-01-14
101246,Jessica,Moore,Female,1970-04-21,Florissant,MO,Uninsured,Never,AB-,2023-08-26
101247,Linda,Jackson,Female,1996-10-26,Independence,MO,Private,Never,B+,2024-02-12
101248,Charles,Martin,Female,1995-08-31,Springfield,MO,Medicare,Never,AB-,2025-12-27
101249,Sarah,Allen,Female,1971-01-23,St. Joseph,MO,Medicaid,Never,AB-,2024-12-13
101250,James,White,Male,1996-01-22,Columbia,MO,Uninsured,Never,AB-,2023-07-05
101251,Susan,Clark,Female,1955-12-01,St. Charles,MO,Private,Never,AB-,2021-12-20
101252,Charles,Young,Male,1971-03-16,Springfield,MO,Medicare,Never,B-,2022-10-17
101253,Joseph,Young,Female,1988-09-24,O'Fallon,MO,Medicaid,Never,AB-,2022-10-08
101254,Sarah,Taylor,Female,2003-11-02,Florissant,MO,Private,Current,B+,2021-03-25
101255,Mary,Williams,Male,1937-06-13,St. Charles,MO,Uninsured,Never,AB-,2023-10-18
101256,Nancy,Young,Female,1955-07-01,Columbia,MO,Medicaid,Never,A-,2024-12-10
101257,Thomas,Anderson,Female,1945-08-29,Independence,MO,Private,Former,B-,2023-04-17
101258,Sarah,Anderson,Male,1987-02-18,Springfield,MO,Private,Never,O-,2021-06-10
101259,Jennifer,Walker,Female,1937-10-08,St. Joseph,MO,Medicaid,Never,A-,2024-02-02
101260,Charles,White,Male,1962-12-04,Florissant,MO,Medicare,Never,O-,2024-10-14
101261,Patricia,Thomas,Female,1953-06-10,St. Louis,MO,Private,Current,B-,2023-03-04
101262,James,Johnson,Female,2001-04-17,Springfield,MO,Private,Former,A-,2023-04-29
101263,Linda,Wilson,Female,1995-11-30,Jefferson City,MO,Private,Former,O-,2021-09-13
101264,Matthew,King,Female,1976-03-12,Jefferson City,MO,Private,Current,A+,2024-07-14
101265,Michael,Williams,Female,1998-08-29,St. Joseph,MO,Medicare,Current,AB+,2024-06-29
101266,John,King,Female,2000-11-04,Kansas City,MO,Private,Former,AB+,2021-06-30
101267,Elizabeth,Jackson,Male,1972-02-16,St. Joseph,MO,Medicaid,Former,B-,2025-12-19
101268,Elizabeth,Williams,Female,2001-10-01,Florissant,MO,Medicaid,Never,A+,2024-03-29
101269,Charles,Lewis,Male,1998-02-02,Jefferson City,MO,Medicare,Never,B+,2025-08-16
101270,Susan,Clark,Female,1951-04-19,Independence,MO,Medicaid,Never,A+,2025-03-17
101271,Mary,Davis,Male,1996-12-10,Independence,MO,Private,Never,O+,2025-01-17
101272,James,Harris,Male,1968-08-11,Jefferson City,MO,Private,Current,B-,2024-01-22
101273,Matthew,Davis,Female,1989-12-24,Florissant,MO,Private,Never,A+,2023-07-23
101274,Matthew,Miller,Male,1997-08-15,O'Fallon,MO,Medicaid,Former,B+,2023-12-12
101275,Sarah,Miller,Male,1937-01-24,Columbia,MO,Private,Never,B-,2023-03-05
101276,Michael,Williams,Male,2005-10-20,Columbia,MO,Private,Never,AB+,2022-06-20
101277,Linda,Smith,Male,1973-08-14,Florissant,MO,Private,Former,AB-,2024-10-10
101278,James,Brown,Male,1994-06-02,St. Louis,MO,Private,Never,A+,2025-10-11
101279,Matthew,Jones,Male,1952-10-30,Columbia,MO,Medicaid,Never,AB+,2021-08-20
101280,John,Smith,Male,1996-04-02,St. Charles,MO,Medicaid,Never,AB+,2025-04-12
101281,Lisa,Jackson,Male,1980-12-22,Columbia,MO,Medicaid,Never,A-,2021-12-19
101282,Matthew,Jones,Female,1939-09-01,St. Charles,MO,Private,Never,B+,2021-02-27
101283,Linda,Moore,Male,1987-10-27,Jefferson City,MO,Uninsured,Former,O+,2025-03-07
101284,Nancy,Davis,Female,2002-09-20,O'Fallon,MO,Medicare,Never,AB-,2022-02-28
101285,Joseph,Davis,Female,1967-12-23,St. Joseph,MO,Medicare,Never,A+,2023-02-01
101286,Robert,Jones,Male,1956-01-28,O'Fallon,MO,Medicare,Never,AB+,2024-09-20
101287,John,Wilson,Female,1959-11-24,Columbia,MO,Private,Never,AB+,2022-04-28
101288,Charles,Smith,Female,1984-09-06,Columbia,MO,Medicaid,Never,O+,2023-03-31
101289,James,Brown,Other,1936-10-28,Florissant,MO,Medicare,Never,B+,2023-11-21
101290,Joseph,Williams,Female,1993-11-08,St. Joseph,MO,Medicaid,Former,AB-,2021-02-02
101291,Linda,Johnson,Male,1937-08-24,Columbia,MO,Private,Current,O-,2025-08-10
101292,Mary,Davis,Female,1945-02-16,Kansas City,MO,Private,Never,AB-,2025-06-01
101293,John,Allen,Female,1965-02-20,Kansas City,MO,Private,Never,O+,2025-06-01
101294,Lisa,Wilson,Female,2003-07-21,St. Louis,MO,Medicaid,Never,AB+,2024-10-28
101295,Susan,Johnson,Male,1959-11-09,Jefferson City,MO,Medicaid,Never,AB+,2023-10-11
101296,Lisa,Martin,Female,1942-12-06,St. Charles,MO,Medicare,Never,AB+,2025-01-10
101297,Susan,Martin,Female,1936-03-23,O'Fallon,MO,Medicare,Former,AB+,2021-06-08
101298,David,Brown,Male,1980-09-04,Jefferson City,MO,Medicaid,Former,O-,2024-07-11
101299,Jessica,Garcia,Male,1970-02-01,St. Charles,MO,Medicaid,Never,A-,2021-03-14
101300,Patricia,Taylor,Male,1990-05-15,St. Charles,MO,Private,Current,A-,2024-08-15
101301,Karen,Williams,Female,1993-11-24,Springfield,MO,Medicare,Never,O+,2025-12-04
101302,Robert,Davis,Female,1997-08-12,Columbia,MO,Medicare,Former,AB-,2023-01-04
101303,Nancy,Williams,Female,2000-11-23,St. Louis,MO,Private,Former,B-,2025-07-09
101304,Daniel,Martin,Male,1975-07-07,Columbia,MO,Private,Former,O-,2023-07-04
101305,Susan,Moore,Female,1939-06-26,St. Louis,MO,Private,Never,O-,2023-12-05
101306,Matthew,Moore,Male,1937-07-01,Jefferson City,MO,Private,Never,A+,2021-12-17
101307,Jessica,Johnson,Male,1973-07-08,Florissant,MO,Medicaid,Never,B+,2025-10-11
101308,Sarah,Moore,Female,1977-03-03,Florissant,MO,Private,Never,B-,2023-07-21
101309,Michael,Lewis,Other,1940-03-02,Jefferson City,MO,Private,Never,A-,2023-04-06
101310,Elizabeth,Garcia,Female,1946-09-04,St. Joseph,MO,Medicare,Never,A-,2022-09-06
101311,Michael,White,Female,1947-05-18,Kansas City,MO,Medicaid,Never,A-,2023-05-21
101312,James,Johnson,Male,2000-08-06,St. Charles,MO,Private,Former,B-,2023-05-15
101313,Matthew,Davis,Male,1996-07-23,St. Louis,MO,Medicaid,Never,O-,2021-12-09
101314,Daniel,Harris,Female,1952-04-19,Independence,MO,Medicaid,Former,A-,2022-01-12
101315,Charles,Allen,Female,1940-11-16,Columbia,MO,Medicaid,Never,B-,2021-11-19
101316,Jessica,Johnson,Male,1983-07-20,Jefferson City,MO,Medicare,Current,A-,2023-06-18
101317,Charles,Anderson,Male,1977-02-19,St. Charles,MO,Medicare,Never,AB+,2024-10-07
101318,Patricia,White,Male,1978-07-26,St. Louis,MO,Medicare,Never,O-,2023-06-12
101319,Sarah,Garcia,Female,1940-12-10,O'Fallon,MO,Medicare,Current,AB+,2021-03-11
101320,Mary,Johnson,Male,1967-03-17,St. Joseph,MO,Medicaid,Never,A+,2025-07-27
101321,James,Johnson,Male,1972-06-26,Columbia,MO,Private,Never,O-,2022-10-18
101322,Joseph,Moore,Male,1936-03-31,Florissant,MO,Medicare,Never,A-,2021-09-30
101323,Robert,King,Male,1978-10-05,Jefferson City,MO,Private,Never,O+,2025-06-25
101324,Karen,Jackson,Female,1962-05-30,Florissant,MO,Private,Never,A+,2022-07-31
101325,David,Johnson,Male,1961-01-09,St. Louis,MO,Private,Never,B-,2022-10-11
101326,Elizabeth,Miller,Female,1970-08-12,Florissant,MO,Private,Current,A+,2022-11-17
101327,Mary,Williams,Female,1977-07-25,Columbia,MO,Medicaid,Former,A-,2025-03-01
101328,John,Davis,Female,1944-02-13,Kansas City,MO,Medicare,Never,B-,2022-10-14
101329,Matthew,Allen,Male,2001-02-24,St. Charles,MO,Private,Former,O+,2023-09-20
101330,Matthew,Martin,Female,1938-11-02,Kansas City,MO,Medicare,Never,B-,2022-12-09
101331,Barbara,King,Female,1968-04-23,Jefferson City,MO,Private,Never,AB+,2024-01-18
101332,Karen,Allen,Other,1991-08-10,Kansas City,MO,Private,Never,B-,2022-03-28
101333,Robert,Young,Female,1963-11-10,Springfield,MO,Medicaid,Former,B-,2022-01-03
101334,Robert,Miller,Male,1949-04-21,St. Charles,MO,Private,Never,A+,2024-03-14
101335,Jennifer,Walker,Male,1990-07-14,St. Louis,MO,Private,Former,O+,2024-04-26
101336,William,Miller,Male,1961-01-12,St. Charles,MO,Medicare,Never,AB-,2023-07-07
101337,Mary,Smith,Female,1956-07-25,Springfield,MO,Medicaid,Current,B-,2022-12-27
101338,Daniel,Harris,Male,2005-05-19,Independence,MO,Private,Former,B+,2022-05-25
101339,Barbara,Wilson,Male,1977-05-01,Kansas City,MO,Private,Never,AB-,2023-06-25
101340,John,Walker,Male,1979-06-28,St. Charles,MO,Medicare,Former,AB+,2021-09-17
101341,Karen,Moore,Male,1943-12-17,Florissant,MO,Medicaid,Never,O+,2023-10-06
101342,Nancy,Walker,Male,1936-06-20,St. Louis,MO,Private,Never,O+,2023-01-01
101343,Barbara,Lewis,Male,1950-06-01,O'Fallon,MO,Private,Never,O-,2023-03-22
101344,Lisa,Walker,Male,1951-09-02,Jefferson City,MO,Private,Never,AB+,2024-11-06
101345,Thomas,Lewis,Male,2001-12-10,Jefferson City,MO,Uninsured,Former,B-,2022-05-20
101346,Elizabeth,Young,Male,1990-10-21,Jefferson City,MO,Medicaid,Never,A+,2023-05-24
101347,Lisa,Harris,Male,1946-03-21,St. Charles,MO,Private,Never,AB-,2024-11-29
101348,Susan,Allen,Female,2000-08-07,Kansas City,MO,Private,Never,O-,2022-09-22
101349,Matthew,Allen,Female,1944-08-03,St. Charles,MO,Private,Never,AB+,2024-01-31
101350,Thomas,Anderson,Male,1944-07-01,Columbia,MO,Medicaid,Never,AB+,2024-04-07
101351,Sarah,Anderson,Male,1972-11-08,Florissant,MO,Medicare,Former,B+,2025-06-02
101352,Charles,Brown,Female,2000-02-25,O'Fallon,MO,Private,Current,B-,2022-09-15
101353,Thomas,Davis,Female,1979-03-02,O'Fallon,MO,Medicaid,Never,O-,2023-10-31
101354,Susan,Young,Female,1958-06-16,Florissant,MO,Private,,AB-,2023-07-18
101355,William,Robinson,Female,1973-06-21,Springfield,MO,Medicare,Never,AB+,2023-03-06
101356,Linda,Robinson,Male,1997-09-21,St. Joseph,MO,Medicaid,Former,O+,2021-04-18
101357,Mary,Clark,Male,1957-01-27,Columbia,MO,Medicare,Never,AB+,2025-05-25
101358,Richard,Martin,Male,2001-03-16,St. Louis,MO,Private,Never,AB+,2022-08-12
101359,Michael,Clark,Female,1935-09-10,O'Fallon,MO,Private,Former,AB+,2025-10-10
101360,William,Martin,Female,1961-11-15,Jefferson City,MO,Private,Never,O-,2025-05-11
101361,Nancy,Robinson,Female,1952-03-09,St. Charles,MO,Private,Never,A+,2025-10-22
101362,Nancy,Walker,Male,1953-01-16,Springfield,MO,Medicare,Former,A-,2021-09-25
101363,David,King,Female,1999-03-12,St. Joseph,MO,Medicare,Never,B+,2023-11-22
101364,Susan,Jackson,Male,1971-01-16,Florissant,MO,Private,Never,O+,2024-01-30
101365,Patricia,Young,Male,1941-04-25,Independence,MO,Private,Never,A+,2021-09-07
101366,Richard,Brown,Male,1964-10-24,St. Louis,MO,Private,Never,B+,2022-05-26
101367,Mary,Moore,Female,2003-10-27,St. Joseph,MO,Private,Never,AB+,2023-12-25
101368,Matthew,Allen,Male,1995-04-19,Jefferson City,MO,Medicaid,Current,O-,2022-06-29
101369,Robert,Davis,Female,1945-07-01,St. Joseph,MO,Medicare,Never,B+,2024-06-24
101370,David,Clark,Male,1976-09-03,O'Fallon,MO,Private,Former,B-,2023-07-13
101371,Jennifer,Thomas,Female,1949-02-23,St. Charles,MO,Medicaid,Never,B-,2022-08-06
101372,Sarah,Allen,Female,1967-07-25,Florissant,MO,Medicaid,Never,A-,2025-06-03
101373,Daniel,Martin,Male,1973-03-07,St. Joseph,MO,Private,Never,A-,2022-06-11
101374,Elizabeth,Johnson,Female,1971-10-18,St. Louis,MO,Medicaid,Never,B+,2025-08-16
101375,Patricia,Clark,Female,2004-03-18,St. Joseph,MO,Private,Never,A+,2025-11-15
101376,William,King,Female,2005-07-18,Independence,MO,Medicare,Never,A+,2024-06-05
101377,Jennifer,Johnson,Female,1978-05-05,Springfield,MO,Private,Never,AB+,2021-04-16
101378,Mary,Taylor,Female,1997-11-07,O'Fallon,MO,Private,Never,A+,2021-11-03
101379,Thomas,Wilson,Male,1977-10-17,St. Charles,MO,Private,Current,A-,2021-06-09
101380,Robert,Thomas,Female,1974-02-27,Jefferson City,MO,Medicaid,Never,A+,2024-12-20
101381,Jennifer,Harris,Male,1944-07-16,Florissant,MO,Medicaid,Never,AB+,2024-08-20
101382,Barbara,Jackson,Male,1990-12-05,Florissant,MO,Medicaid,Never,B-,2022-12-20
101383,Matthew,Harris,Male,2002-12-28,Springfield,MO,Medicaid,Never,A+,2022-08-22
101384,Daniel,Clark,Female,1994-09-06,Kansas City,MO,Private,Former,A+,2021-12-14
101385,Elizabeth,Young,Female,1942-01-27,Kansas City,MO,Medicaid,Never,A-,2023-07-20
101386,Nancy,Garcia,Male,1952-12-20,Jefferson City,MO,Medicare,,B+,2024-03-25
101387,Daniel,Harris,Female,1997-05-14,St. Joseph,MO,Medicare,Never,B-,2024-05-22
101388,Jennifer,Allen,Female,1970-09-18,Independence,MO,Private,Former,O-,2024-03-03
101389,Linda,King,Male,1972-07-21,Florissant,MO,Medicare,Never,B+,2021-04-12
101390,Mary,Clark,Male,1967-11-27,St. Joseph,MO,Private,Never,O-,2022-01-20
101391,Barbara,Davis,Female,2000-09-26,Florissant,MO,Private,Never,AB+,2021-10-29
101392,Richard,Wilson,Male,1982-02-15,Florissant,MO,Private,Never,AB+,2021-10-19
101393,Daniel,Garcia,Female,1986-06-29,St. Joseph,MO,Private,Never,B+,2024-09-25
101394,Michael,Jones,Male,1983-07-04,Springfield,MO,Medicare,Current,A-,2024-02-13
101395,Elizabeth,Thomas,Male,1948-03-05,Kansas City,MO,Private,Former,AB-,2024-09-19
101396,Richard,Taylor,Female,1948-09-27,Columbia,MO,Private,Never,O-,2021-03-16
101397,Thomas,Smith,Female,1999-10-16,St. Louis,MO,Private,Never,A-,2025-03-09
101398,Daniel,Taylor,Female,1997-01-27,Springfield,MO,Private,Never,AB-,2024-03-01
101399,Susan,Lewis,Female,1963-08-27,O'Fallon,MO,Medicare,Never,AB-,2021-12-15
101400,Mary,Wilson,Female,1989-02-19,Independence,MO,Medicaid,Former,A-,2025-11-30
101401,Nancy,Johnson,Female,2003-03-31,Independence,MO,Private,Never,AB-,2024-03-05
101402,David,Thomas,Male,1979-03-12,St. Louis,MO,Private,Current,AB-,2021-05-21
101403,James,Brown,Female,1966-10-18,Independence,MO,Medicaid,Never,AB-,2023-06-22
101404,Charles,Brown,Male,1990-09-28,St. Joseph,MO,Medicaid,Current,B-,2022-05-17
101405,Daniel,Clark,Female,1953-05-04,Independence,MO,Medicaid,Never,AB+,2024-11-26
101406,Patricia,Jackson,Male,1977-11-05,Columbia,MO,Private,Never,AB-,2023-05-15
101407,Charles,Lewis,Female,2001-01-28,Independence,MO,Uninsured,Never,AB+,2025-04-21
101408,Daniel,Moore,Male,1966-01-16,Florissant,MO,Private,Former,O+,2022-09-19
101409,David,Lewis,Female,2000-01-21,Springfield,MO,Medicaid,Never,AB+,2025-04-29
101410,Linda,Harris,Female,1999-02-25,St. Joseph,MO,Medicare,Former,O+,2022-07-23
101411,David,Garcia,Male,1958-12-04,Kansas City,MO,Medicare,Former,B-,2022-04-23
101412,Patricia,White,Female,1986-09-16,Independence,MO,Medicaid,Former,AB+,2023-01-19
101413,Thomas,King,Male,1954-09-22,Jefferson City,MO,Private,Former,B+,2024-04-08
101414,Michael,Thomas,Female,2003-04-25,Jefferson City,MO,Medicaid,Former,A+,2025-05-08
101415,Linda,Lewis,Female,1969-09-03,Jefferson City,MO,Private,Former,B-,2023-05-31
101416,John,Jones,Male,1950-05-21,Independence,MO,Private,Never,A+,2025-03-22
101417,Nancy,Harris,Female,2001-03-14,O'Fallon,MO,Private,Former,B+,2021-06-04
101418,Mary,Allen,Male,2003-09-21,Florissant,MO,Medicare,Current,A-,2021-01-26
101419,Matthew,Smith,Male,1959-01-04,St. Charles,MO,Medicare,Never,A-,2021-09-22
101420,Joseph,King,Female,1970-10-19,Independence,MO,Medicaid,Current,AB-,2023-02-13
101421,Lisa,Allen,Male,1952-11-03,O'Fallon,MO,Private,Never,O-,2025-02-05
101422,Nancy,Anderson,Other,1965-07-24,St. Charles,MO,Uninsured,Never,A-,2023-04-13
101423,Nancy,Jackson,Female,1998-05-10,St. Louis,MO,Medicare,Never,B-,2024-09-07
101424,Robert,Allen,Male,1971-01-29,Columbia,MO,Medicare,Never,A-,2024-09-12
101425,Lisa,Walker,Female,1985-03-22,Florissant,MO,Private,Former,B-,2025-09-28
101426,James,Walker,Male,1953-06-11,Independence,MO,Private,Current,B-,2023-02-15
101427,Patricia,Taylor,Male,2005-07-21,Springfield,MO,Uninsured,Former,A+,2025-06-16
101428,Joseph,Moore,Male,1946-04-05,St. Joseph,MO,Medicaid,Current,A-,2021-10-29
101429,Karen,Jones,Male,1950-04-29,Springfield,MO,Medicaid,Never,AB+,2024-03-11
101430,Charles,Smith,Male,1974-12-04,Springfield,MO,Medicare,Never,O+,2024-05-05
101431,John,King,Male,1959-12-26,St. Louis,MO,Medicare,Never,A-,2021-09-13
101432,Karen,Thomas,Female,2001-10-13,St. Joseph,MO,Private,Former,A-,2025-01-05
101433,David,Taylor,Female,1969-05-27,St. Louis,MO,Medicaid,Never,A-,2025-09-30
101434,Thomas,Harris,Female,1994-09-11,St. Charles,MO,Medicare,Current,AB-,2024-10-13
101435,Richard,Brown,Female,1990-05-06,St. Louis,MO,Private,Former,AB+,2023-09-17
101436,David,Jackson,Female,1987-02-24,Jefferson City,MO,Medicare,Current,AB+,2023-02-10
101437,Mary,Wilson,Male,1992-03-16,Columbia,MO,Private,Never,B-,2021-09-05
101438,William,Walker,Female,1997-02-07,Jefferson City,MO,Medicaid,Never,AB+,2021-11-10
101439,Mary,Robinson,Other,1958-03-29,Independence,MO,Private,Former,B-,2022-03-28
101440,Daniel,Lewis,Male,1971-05-15,St. Charles,MO,Medicare,Former,O+,2023-02-11
101441,William,Lewis,Female,1944-09-12,O'Fallon,MO,Private,Never,A+,2024-07-01
101442,William,Thomas,Female,2004-04-16,St. Charles,MO,Medicare,Current,B-,2025-12-12
101443,Linda,Jones,Female,1955-01-25,O'Fallon,MO,Medicaid,Current,A-,2025-06-20
101444,Thomas,Anderson,Female,1949-02-01,Columbia,MO,Private,Never,B+,2025-02-19
101445,James,Harris,Male,1949-08-14,St. Louis,MO,Medicare,Never,O-,2024-03-30
101446,David,Jones,Male,1948-10-07,St. Louis,MO,Medicaid,Never,B+,2022-12-06
101447,Linda,Young,Male,1936-07-17,St. Joseph,MO,Private,Never,AB-,2021-10-09
101448,Elizabeth,White,Female,1968-04-21,Independence,MO,Private,Former,A-,2022-07-08
101449,Michael,Miller,Male,1994-09-15,Springfield,MO,Medicare,Never,O-,2025-06-09
101450,John,Wilson,Female,1952-11-27,Kansas City,MO,Medicare,Former,B-,2024-06-16
101451,John,Williams,Male,1976-02-21,St. Charles,MO,Medicare,Former,A-,2022-08-16
101452,Sarah,Jackson,Male,1969-09-24,St. Charles,MO,Medicare,Never,O-,2024-07-20
101453,Robert,White,Male,1949-12-22,Independence,MO,Uninsured,Never,AB-,2021-12-10
101454,Barbara,Clark,Female,1981-09-15,Jefferson City,MO,Private,Never,AB+,2024-10-13
101455,Barbara,Martin,Male,1992-08-14,Florissant,MO,Medicaid,Never,B-,2022-12-09
101456,Charles,Williams,Male,1936-04-07,Independence,MO,Uninsured,Never,O+,2023-08-15
101457,Jennifer,Thomas,Female,1944-12-14,Kansas City,MO,Private,Current,A-,2023-04-13
101458,Mary,Wilson,Male,1995-03-18,St. Louis,MO,Private,Never,AB+,2025-08-03
101459,Barbara,Miller,Male,1941-04-09,O'Fallon,MO,Medicaid,Never,O-,2025-12-18
101460,Charles,Wilson,Female,1973-09-29,Jefferson City,MO,Medicaid,Never,AB-,2022-09-23
101461,Robert,Moore,Female,1981-01-28,Jefferson City,MO,Private,Never,AB+,2021-10-05
101462,Barbara,Clark,Male,1985-01-23,St. Joseph,MO,Medicare,Never,B-,2024-08-08
101463,Thomas,Jones,Female,1999-06-08,Columbia,MO,Medicaid,Former,AB-,2025-07-04
101464,Thomas,Moore,Other,1954-06-09,Kansas City,MO,Medicare,Never,AB-,2025-02-26
101465,Elizabeth,Brown,Female,1957-05-26,Jefferson City,MO,Medicare,Current,AB-,2022-03-29
101466,Matthew,Johnson,Female,1994-01-27,Kansas City,MO,Private,Never,O-,2023-12-03
101467,Thomas,White,Female,1938-01-20,Independence,MO,Private,Current,A+,2022-11-12
101468,Joseph,Wilson,Female,1951-04-20,O'Fallon,MO,Medicaid,Current,AB-,2021-12-07
101469,Barbara,Wilson,Female,1973-09-21,O'Fallon,MO,Medicaid,Never,A+,2023-11-15
101470,Jessica,Garcia,Male,1941-05-28,St. Charles,MO,Private,Never,AB+,2021-08-05
101471,Lisa,Taylor,Female,1942-08-15,St. Louis,MO,Medicare,Never,O+,2025-11-20
101472,Charles,Young,Female,2000-05-05,St. Charles,MO,Private,Former,A+,2024-02-22
101473,Linda,King,Male,1957-03-03,Jefferson City,MO,Private,Current,AB+,2022-04-07
101474,Daniel,Young,Male,1958-01-07,Columbia,MO,Medicare,Never,A+,2021-10-07
101475,Thomas,Smith,Female,1978-11-20,St. Charles,MO,Private,Never,AB+,2025-06-09
101476,Matthew,Brown,Female,1994-11-30,St. Charles,MO,Private,Former,AB+,2024-11-12
101477,Robert,Moore,Male,1971-02-08,St. Charles,MO,Medicare,Current,O-,2022-02-10
101478,Nancy,Allen,Female,1978-08-23,Kansas City,MO,Medicare,Former,O+,2022-11-12
101479,Jessica,Moore,Male,1988-10-01,Independence,MO,Uninsured,Current,AB-,2025-12-30
101480,Jennifer,Moore,Male,1969-07-28,Columbia,MO,Medicare,Former,O+,2021-03-22
101481,Linda,Johnson,Female,1941-11-15,O'Fallon,MO,Private,Former,O+,2023-09-29
101482,Sarah,Wilson,Male,1940-12-21,St. Joseph,MO,Private,Former,AB-,2022-08-30
101483,Barbara,King,Male,1995-06-30,Kansas City,MO,Medicaid,Former,AB+,2023-06-04
101484,Joseph,Davis,Female,1969-11-18,Jefferson City,MO,Medicare,Never,AB-,2025-01-11
101485,William,Miller,Male,1979-05-04,Columbia,MO,Private,Never,AB+,2021-04-09
101486,Richard,Brown,Male,1960-11-30,O'Fallon,MO,Medicaid,Former,AB-,2022-07-26
101487,Joseph,Clark,Female,1990-08-21,Columbia,MO,Private,Never,O-,2022-10-26
101488,Elizabeth,Williams,Female,1935-01-20,Florissant,MO,Private,Never,B+,2023-02-22
101489,Jessica,Garcia,Female,1979-06-22,Florissant,MO,Private,Former,A+,2021-02-15
101490,Michael,Thomas,Female,1945-10-14,St. Charles,MO,Medicaid,Former,O+,2023-06-06
101491,Thomas,Thomas,Male,1945-11-03,St. Charles,MO,Private,Never,AB+,2024-12-10
101492,Matthew,Walker,Female,1961-01-23,Florissant,MO,Private,Former,A-,2025-06-20
101493,Daniel,Davis,Female,1941-08-11,St. Joseph,MO,Private,Current,AB-,2021-07-13
101494,Nancy,Young,Female,1987-07-26,O'Fallon,MO,Medicaid,Never,AB-,2025-02-03
101495,Michael,Young,Female,1995-12-19,Jefferson City,MO,Private,,B-,2023-10-05
101496,Susan,Smith,Female,2000-12-27,St. Louis,MO,Private,Current,A-,2022-11-29
101497,Joseph,Brown,Male,1995-08-26,St. Louis,MO,Medicaid,Current,A-,2023-06-28
101498,Daniel,Walker,Male,1983-04-25,Kansas City,MO,Uninsured,Never,O-,2021-06-08
101499,Michael,Taylor,Female,1978-08-25,St. Joseph,MO,Medicare,Never,O+,2024-07-16
101500,William,Williams,Female,1952-03-03,St. Joseph,MO,Medicare,Never,B+,2021-06-30
101501,Charles,Moore,Female,1951-10-12,Jefferson City,MO,Private,Former,A+,2022-03-01
101502,Jessica,Harris,Male,1955-01-25,Columbia,MO,Medicare,Never,B+,2023-11-04
101503,Linda,Young,Female,1938-03-10,St. Louis,MO,Private,Never,A+,2023-03-19
101504,Sarah,Young,Female,1939-01-18,Columbia,MO,Private,Never,AB+,2021-03-21
101505,Matthew,Anderson,Female,1993-07-19,Columbia,MO,Medicare,Current,O+,2025-11-08
101506,Sarah,Walker,Female,1944-10-05,St. Joseph,MO,Medicaid,Never,B+,2025-09-07
101507,Karen,Thomas,Female,1976-01-11,Columbia,MO,Private,Never,B-,2025-01-22
101508,Michael,Jackson,Female,1993-09-27,St. Louis,MO,Private,Current,A+,2023-12-07
101509,John,Walker,Female,1947-11-14,O'Fallon,MO,Private,Never,B+,2021-12-19
101510,Sarah,Anderson,Female,1941-11-13,Springfield,MO,Private,Never,O+,2022-10-15
101511,Elizabeth,Martin,Female,1942-04-17,Columbia,MO,Medicaid,Former,B-,2023-06-05
101512,Michael,Moore,Female,1949-03-25,Jefferson City,MO,Medicare,Never,O+,2024-08-25
101513,Thomas,Jones,Female,1954-02-14,Independence,MO,Private,Former,A-,2025-01-19
101514,Susan,Garcia,Female,1963-04-14,St. Charles,MO,Private,Never,AB-,2023-02-09
101515,Lisa,King,Female,2003-08-09,Jefferson City,MO,Medicare,Never,AB+,2021-08-29
101516,John,Johnson,Male,1973-08-02,Florissant,MO,Private,Current,O-,2023-05-26
101517,Barbara,Young,Male,1981-05-31,St. Louis,MO,Private,Never,O+,2021-03-05
101518,Richard,Harris,Female,1945-08-13,Independence,MO,Private,Former,AB+,2022-08-18
101519,Mary,Brown,Female,1949-06-11,St. Charles,MO,Medicaid,Never,O+,2025-09-26
101520,John,Martin,Female,1943-09-30,Jefferson City,MO,Private,Never,A-,2021-11-21
101521,Robert,Anderson,Female,2002-01-25,Independence,MO,Private,Former,O+,2025-10-09
101522,David,Williams,Female,1956-11-15,Springfield,MO,Private,Never,O+,2024-10-04
101523,Linda,Williams,Female,1956-07-29,St. Louis,MO,Uninsured,Never,B+,2024-03-01
101524,Matthew,Jackson,Female,2001-05-06,O'Fallon,MO,Private,Never,AB-,2025-01-12
101525,Matthew,Garcia,Female,1982-07-04,Kansas City,MO,Private,Never,A-,2022-05-18
101526,Barbara,Harris,Male,1984-07-22,St. Joseph,MO,Uninsured,Former,B-,2023-05-02
101527,Michael,Thomas,Male,1952-07-24,Springfield,MO,Medicare,Former,AB-,2025-07-27
101528,Joseph,Young,Male,1993-07-26,Florissant,MO,Medicare,Former,A+,2025-12-14
101529,Lisa,Robinson,Male,1974-11-13,St. Joseph,MO,Private,Former,B+,2021-05-10
101530,Thomas,King,Female,1972-05-21,O'Fallon,MO,Medicare,Never,AB-,2025-09-17
101531,Patricia,Taylor,Male,1985-11-02,Springfield,MO,Medicare,Never,A+,2024-05-29
101532,Nancy,Brown,Male,1940-07-10,St. Charles,MO,Medicare,Former,A-,2022-06-18
101533,Richard,Garcia,Male,1944-10-18,Independence,MO,Medicaid,Never,O+,2024-03-14
101534,Sarah,Smith,Male,1969-12-07,St. Louis,MO,Medicare,Never,AB+,2021-10-29
101535,James,Robinson,Female,1975-07-02,Independence,MO,Medicaid,Current,AB-,2021-09-12
101536,Jessica,Allen,Female,2000-04-30,Columbia,MO,Uninsured,Never,AB-,2024-01-19
101537,Richard,White,Female,1989-10-07,Jefferson City,MO,Private,Never,A+,2025-08-17
101538,Elizabeth,Jackson,Male,1939-04-01,Florissant,MO,Private,Never,O-,2021-10-22
101539,Barbara,Harris,Male,1955-08-12,Columbia,MO,Medicare,Former,A+,2021-11-02
101540,Mary,Davis,Male,1995-02-19,Columbia,MO,Private,Never,AB+,2023-03-06
101541,Matthew,Thomas,Female,1976-04-11,Florissant,MO,Private,Never,A+,2023-09-21
101542,John,Young,Male,1970-12-07,Jefferson City,MO,Private,Current,A+,2025-02-09
101543,Elizabeth,Walker,Female,1984-05-07,St. Charles,MO,Medicare,Former,AB-,2023-11-17
101544,Mary,Anderson,Male,1935-09-26,Jefferson City,MO,Medicaid,Former,AB+,2023-04-07
101545,Matthew,Jackson,Female,1944-01-15,St. Louis,MO,Private,Never,AB+,2023-10-31
101546,Richard,Wilson,Male,1940-05-07,Independence,MO,Private,Never,O+,2023-01-16
101547,Richard,Johnson,Male,1951-04-28,St. Charles,MO,Private,Never,AB-,2023-08-28
101548,Sarah,Jones,Female,1995-04-04,Kansas City,MO,Private,Never,O+,2025-12-14
101549,John,Garcia,Male,1978-08-26,Independence,MO,Medicaid,Never,A-,2025-09-08
101550,Michael,Miller,Male,1968-06-24,St. Charles,MO,Private,Never,O-,2023-05-08
101551,Susan,Walker,Female,1966-08-27,Jefferson City,MO,Medicare,Never,O-,2021-07-31
101552,Karen,Smith,Female,2000-08-25,Florissant,MO,Private,Former,A-,2025-07-03
101553,Thomas,Allen,Female,1989-10-20,Jefferson City,MO,Uninsured,Former,O-,2021-02-25
101554,Daniel,Miller,Male,1963-04-15,Kansas City,MO,Private,Never,O-,2021-04-05
101555,Barbara,Robinson,Male,1944-04-03,St. Charles,MO,Medicaid,Never,AB-,2025-12-16
101556,Jessica,Thomas,Male,1961-05-17,St. Louis,MO,Medicaid,Never,A+,2023-08-12
101557,Lisa,White,Male,1964-03-15,Jefferson City,MO,Private,Never,B+,2025-07-11
101558,Barbara,White,Female,1967-03-02,St. Charles,MO,Private,Never,A-,2023-07-17
101559,Joseph,Taylor,Female,1960-09-28,Independence,MO,Private,Never,A-,2024-11-02
101560,Elizabeth,Walker,Male,1948-04-26,Kansas City,MO,Private,Current,AB-,2025-08-22
101561,Michael,Brown,Female,1964-04-17,St. Louis,MO,Medicare,Former,O+,2022-09-09
101562,Karen,Moore,Male,1960-08-21,St. Charles,MO,Private,Former,AB-,2021-04-27
101563,Robert,Miller,Female,1942-08-28,Springfield,MO,Private,Current,B+,2024-08-03
101564,James,Brown,Male,2005-07-26,Jefferson City,MO,Uninsured,Former,B+,2025-12-07
101565,Thomas,Jackson,Male,1945-12-26,Kansas City,MO,Medicaid,Former,O-,2021-05-25
101566,John,Lewis,Female,1982-12-13,St. Louis,MO,Private,Never,AB+,2023-05-18
101567,Richard,Wilson,Female,1966-11-09,St. Louis,MO,Medicaid,Never,O-,2021-08-29
101568,Susan,Taylor,Female,1941-10-10,Columbia,MO,Private,Former,AB-,2022-11-07
101569,Lisa,Davis,Male,1971-07-18,St. Joseph,MO,Private,Never,A-,2024-04-09
101570,Sarah,Smith,Male,1961-07-19,Kansas City,MO,Medicare,Former,O+,2024-08-23
101571,Patricia,Allen,Female,1954-06-01,St. Louis,MO,Medicaid,Current,O-,2025-02-13
101572,Sarah,King,Male,2004-04-14,St. Charles,MO,Private,Former,O+,2025-01-30
101573,Robert,Davis,Female,1988-12-07,Columbia,MO,Private,Never,O-,2023-01-21
101574,Jessica,Moore,Male,1982-08-10,St. Joseph,MO,Medicare,Never,O-,2024-11-07
101575,James,Young,Female,2001-08-06,Independence,MO,Medicaid,Former,B-,2021-02-28
101576,Daniel,Brown,Female,1992-10-26,St. Charles,MO,Private,Current,B-,2023-07-23
101577,Susan,Davis,Male,2004-10-05,Jefferson City,MO,Private,Never,O-,2022-05-10
101578,Joseph,Williams,Female,1952-06-12,St. Joseph,MO,Medicare,Former,A+,2024-11-23
101579,William,Wilson,Female,1971-06-12,Kansas City,MO,Private,Current,A-,2025-08-25
101580,Joseph,Johnson,Male,1951-09-24,Jefferson City,MO,Medicare,Never,O-,2023-03-07
101581,Thomas,Johnson,Female,1996-12-01,O'Fallon,MO,Medicare,Former,B-,2025-04-11
101582,Lisa,Moore,Female,1999-01-27,O'Fallon,MO,Medicare,Never,O+,2023-07-10
101583,Patricia,Jackson,Male,1979-10-27,Kansas City,MO,Private,Former,A-,2024-10-13
101584,Barbara,Allen,Male,1940-09-28,Independence,MO,Medicare,Never,AB-,2023-03-09
101585,Robert,Thomas,Male,1936-11-02,St. Joseph,MO,Private,Former,A-,2022-04-22
101586,Robert,Brown,Female,2002-07-18,Columbia,MO,Medicaid,Former,B-,2022-06-06
101587,David,Davis,Female,1957-01-26,Springfield,MO,Uninsured,Never,O+,2024-12-08
101588,Jennifer,Wilson,Female,1957-12-04,St. Louis,MO,Private,Current,A-,2024-12-08
101589,Michael,Allen,Other,1945-05-05,Springfield,MO,Private,Former,B+,2022-01-17
101590,Lisa,Jones,Female,1958-12-19,O'Fallon,MO,Private,Former,A+,2021-05-11
101591,Susan,King,Female,1961-10-29,O'Fallon,MO,Private,Never,AB+,2025-08-19
101592,Lisa,Robinson,Male,1966-11-16,Independence,MO,Private,Never,O+,2021-03-04
101593,David,Clark,Female,1971-09-12,Springfield,MO,Medicaid,Never,B-,2021-06-08
101594,Richard,Taylor,Male,1996-10-07,Springfield,MO,Medicare,Current,AB-,2025-01-20
101595,Mary,Jackson,Female,1988-02-03,Columbia,MO,Private,Never,AB+,2021-07-21
101596,Michael,Young,Male,1961-06-24,Independence,MO,Medicaid,Current,A+,2025-03-22
101597,Karen,Wilson,Male,2000-05-06,Independence,MO,Medicaid,Former,O+,2024-07-04
101598,Patricia,Harris,Male,1985-10-17,Kansas City,MO,Private,Former,O-,2024-10-02
101599,Linda,Thomas,Male,1955-12-24,Jefferson City,MO,Medicaid,Former,O+,2025-08-14
101600,Karen,Miller,Female,2002-02-17,Independence,MO,Private,Former,B+,2022-10-08
101601,Nancy,Anderson,Male,2005-01-17,Independence,MO,Medicare,Former,B+,2025-04-27
101602,Daniel,Anderson,Female,1960-09-25,St. Charles,MO,Uninsured,Never,B+,2024-10-04
101603,Charles,Moore,Female,1949-05-21,St. Joseph,MO,Private,Former,B+,2021-07-30
101604,Richard,Lewis,Female,2005-08-28,St. Joseph,MO,Private,Former,B-,2021-09-10
101605,Susan,Taylor,Male,1975-07-26,Florissant,MO,Medicaid,Former,O+,2022-10-12
101606,Elizabeth,Moore,Male,1948-07-16,Springfield,MO,Private,Former,B-,2024-09-07
101607,David,Walker,Female,1992-07-04,St. Louis,MO,Uninsured,Never,A-,2021-11-27
101608,Mary,Davis,Female,1975-08-09,Springfield,MO,Private,Never,AB-,2022-08-19
101609,William,Davis,Male,1951-06-18,Kansas City,MO,Private,Former,A-,2023-08-10
101610,Thomas,Brown,Male,1970-10-19,Kansas City,MO,Medicaid,Never,AB-,2022-10-31
101611,John,Jackson,Male,1945-09-17,Kansas City,MO,Private,Former,A+,2023-01-01
101612,Lisa,Taylor,Female,1957-04-08,Jefferson City,MO,Private,Never,O-,2022-12-07
101613,Jennifer,Taylor,Male,1984-05-16,St. Louis,MO,Medicaid,Never,A-,2025-06-13
101614,Robert,Smith,Female,1989-10-26,St. Joseph,MO,Private,Never,A+,2025-04-04
101615,Robert,Harris,Female,1969-02-27,Columbia,MO,Private,Former,O-,2023-10-20
101616,Nancy,Jackson,Male,1947-02-22,St. Joseph,MO,Private,Former,A+,2023-09-21
101617,Joseph,Robinson,Female,1993-08-28,Jefferson City,MO,Private,Never,A+,2023-02-04
101618,Matthew,Garcia,Female,2003-04-20,Kansas City,MO,Private,Current,B+,2024-12-30
101619,Thomas,King,Female,1958-10-15,Jefferson City,MO,Uninsured,Never,AB+,2022-01-24
101620,William,Young,Female,1979-04-16,St. Joseph,MO,Private,Never,AB+,2023-03-11
101621,John,Jackson,Female,1973-07-02,Columbia,MO,Private,Former,B-,2021-09-07
101622,Karen,Wilson,Female,1947-11-23,Florissant,MO,Private,Former,A+,2023-08-08
101623,Thomas,Martin,Male,1938-04-18,St. Louis,MO,Private,Never,B+,2022-08-29
101624,Elizabeth,Clark,Male,1973-12-17,,MO,Private,Current,A-,2023-11-10
101625,John,Harris,Male,1982-06-12,St. Joseph,MO,Medicaid,Current,A-,2025-03-18
101626,Sarah,Clark,Male,1992-09-05,St. Louis,MO,Private,Never,B-,2025-04-13
101627,Sarah,Jones,Male,1945-11-25,St. Joseph,MO,Medicaid,Never,B-,2022-08-28
101628,Thomas,Robinson,Male,1938-05-12,,MO,Medicare,Former,A+,2025-01-23
101629,Lisa,Robinson,Male,1959-12-06,Columbia,MO,Medicare,Never,O-,2021-03-30
101630,John,Wilson,Female,1972-11-12,Florissant,MO,Medicare,Never,A+,2025-07-24
101631,John,Taylor,Female,1943-05-21,St. Louis,MO,Private,Former,O-,2023-11-13
101632,Jennifer,King,Female,1957-02-11,Kansas City,MO,Medicaid,Never,A-,2021-09-30
101633,Richard,Young,Female,1952-07-01,St. Louis,MO,Medicare,Never,A-,2024-08-06
101634,Lisa,Smith,Female,1937-07-02,Independence,MO,Medicare,Never,A-,2024-06-20
101635,Joseph,Clark,Female,1969-01-04,Kansas City,MO,Private,Former,A-,2025-03-13
101636,William,Garcia,Male,1976-01-08,St. Louis,MO,Medicare,Never,AB+,2022-08-01
101637,Patricia,Johnson,Male,1943-12-06,St. Charles,MO,Private,Never,A+,2023-07-30
101638,Susan,Jackson,Female,1955-06-28,St. Charles,MO,Medicare,Never,A+,2024-06-03
101639,Robert,Walker,Female,1998-11-02,St. Joseph,MO,Private,Former,A-,2021-12-03
101640,Mary,Martin,Female,1990-01-20,Kansas City,MO,Uninsured,Current,B+,2021-12-05
101641,David,Jones,Male,2003-08-27,St. Louis,MO,Uninsured,Current,A-,2021-07-08
101642,William,Garcia,Male,1984-06-27,St. Joseph,MO,Medicaid,Never,AB-,2025-03-29
101643,Lisa,Garcia,Female,1964-07-04,Springfield,MO,Private,Former,O+,2021-02-03
101644,John,Young,Female,2004-11-03,St. Joseph,MO,Private,Former,O+,2021-08-02
101645,William,Clark,Male,2002-06-18,Jefferson City,MO,Medicaid,Former,B-,2024-03-09
101646,John,Martin,Male,1980-04-14,St. Charles,MO,Medicaid,Never,AB-,2022-05-18
101647,Mary,Anderson,Female,1958-11-30,Springfield,MO,Medicare,Never,B+,2023-06-16
101648,Barbara,Martin,Female,1944-09-08,O'Fallon,MO,Private,Former,B-,2022-02-20
101649,Elizabeth,Moore,Male,1947-03-09,Jefferson City,MO,Medicare,Never,O+,2023-04-09
101650,William,Williams,Female,1992-09-24,Kansas City,MO,Medicaid,Never,B+,2023-07-29
101651,Joseph,Garcia,Male,1994-01-14,,MO,Private,Former,B-,2022-05-20
101652,Linda,Davis,Male,1995-10-18,St. Charles,MO,Private,Current,A-,2024-06-20
101653,Robert,Thomas,Female,1983-06-04,,MO,Private,Never,O-,2021-10-15
101654,David,Moore,Male,1969-08-03,St. Charles,MO,Private,Former,A-,2024-12-03
101655,Mary,Taylor,Female,2005-03-31,Columbia,MO,Private,Never,B+,2024-11-03
101656,Lisa,Thomas,Female,1976-06-27,St. Charles,MO,Private,Current,B-,2021-12-20
101657,Joseph,Smith,Female,2001-01-16,Florissant,MO,Medicare,Former,AB+,2023-11-10
101658,Jennifer,Harris,Male,1976-06-23,Florissant,MO,Medicaid,Never,B+,2024-06-30
101659,Linda,White,Male,1975-09-04,St. Joseph,MO,Uninsured,Never,O-,2024-04-25
101660,Robert,Taylor,Male,1959-09-29,Kansas City,MO,Uninsured,Never,B+,2024-02-02
101661,Jessica,Moore,Female,1961-04-07,Florissant,MO,Private,Never,O-,2023-09-14
101662,Sarah,Clark,Female,1946-09-10,St. Charles,MO,Medicare,Never,AB-,2025-09-22
101663,Jennifer,Taylor,Female,1950-10-24,Kansas City,MO,Medicare,Former,A+,2023-07-10
101664,Robert,Thomas,Female,1961-09-15,St. Louis,MO,Medicaid,Never,B+,2023-03-10
101665,Jessica,Garcia,Female,1995-05-30,St. Charles,MO,Private,Former,AB+,2024-06-18
101666,Richard,Wilson,Female,1960-08-03,Independence,MO,Private,Never,A-,2023-07-12
101667,Robert,White,Male,1988-02-17,St. Joseph,MO,Private,Former,B-,2025-11-06
101668,Richard,Brown,Male,1991-08-03,Jefferson City,MO,Private,Never,A+,2024-06-26
101669,Thomas,Williams,Female,1955-03-18,St. Joseph,MO,Medicare,Never,B-,2024-03-11
101670,Sarah,White,Male,1998-11-08,Florissant,MO,Medicare,Never,A-,2021-10-27
101671,Linda,King,Male,1985-01-16,O'Fallon,MO,Medicare,Never,B+,2023-04-19
101672,Richard,Thomas,Female,1948-09-10,Columbia,MO,Private,Former,AB-,2023-08-16
101673,Charles,Taylor,Female,1977-02-20,Independence,MO,Medicare,Former,AB+,2021-12-17
101674,John,Jones,Male,1942-07-02,Florissant,MO,Private,Never,A+,2022-03-11
101675,Lisa,Clark,Female,1973-12-15,St. Charles,MO,Private,Never,AB+,2021-06-21
101676,Linda,Lewis,Female,1964-05-31,Kansas City,MO,Medicaid,Never,O-,2024-05-20
101677,Mary,Allen,Female,1997-08-14,Independence,MO,Medicare,Never,O+,2025-08-07
101678,Linda,Allen,Male,1959-12-18,O'Fallon,MO,Medicare,Former,AB+,2022-11-14
101679,Richard,Garcia,Male,1961-04-30,Jefferson City,MO,Private,Never,AB+,2022-08-07
101680,Richard,Young,Female,1993-09-30,Kansas City,MO,Medicaid,Never,AB+,2025-05-10
101681,James,Clark,Female,1963-08-19,Columbia,MO,Medicaid,Never,A-,2024-02-08
101682,Jennifer,Garcia,Female,1938-02-19,Springfield,MO,Private,Never,AB+,2023-10-17
101683,Lisa,Brown,Female,2005-11-01,Columbia,MO,Private,Never,AB-,2022-03-18
101684,Charles,Thomas,Male,1963-09-05,St. Joseph,MO,Private,Never,AB+,2021-09-02
101685,Jessica,Lewis,Male,1965-12-19,Independence,MO,Private,Never,A-,2021-12-26
101686,Linda,Johnson,Female,1935-09-28,St. Joseph,MO,Private,Never,O-,2023-05-03
101687,James,Harris,Male,1973-01-20,Florissant,MO,Private,Never,B-,2021-10-09
101688,Jessica,Taylor,Male,1939-10-15,St. Louis,MO,Medicaid,Former,A-,2022-04-25
101689,William,Taylor,Female,1952-05-04,Florissant,MO,Medicaid,Never,O+,2024-10-02
101690,Richard,Walker,Male,1945-03-24,Jefferson City,MO,Private,Never,O+,2021-09-01
101691,David,White,Male,1996-05-04,Independence,MO,Private,Never,AB-,2024-12-28
101692,Richard,Johnson,Male,1953-04-07,St. Louis,MO,Private,Never,O-,2024-11-01
101693,Daniel,Johnson,Male,1981-03-24,Kansas City,MO,Private,Never,AB-,2025-04-14
101694,Elizabeth,Allen,Male,1969-11-04,St. Louis,MO,Private,Former,B+,2023-04-14
101695,Patricia,Davis,Female,1957-11-22,Jefferson City,MO,Medicaid,Current,A-,2024-11-27
101696,Jennifer,Moore,Female,1950-10-28,St. Charles,MO,Medicare,Never,B-,2024-01-26
101697,Michael,Anderson,Male,1961-07-21,St. Joseph,MO,Medicaid,Former,B+,2024-09-02
101698,Robert,Davis,Female,1994-06-30,O'Fallon,MO,Private,Never,B+,2021-07-20
101699,David,Brown,Male,1997-06-03,Florissant,MO,Medicaid,Never,A+,2023-08-24
101700,Richard,Jackson,Female,1971-06-17,Independence,MO,Medicare,Current,AB+,2021-10-23
101701,Charles,Smith,Female,2002-09-03,Jefferson City,MO,Medicare,Former,B+,2025-11-01
101702,Matthew,Taylor,Female,1947-10-17,Springfield,MO,Medicaid,Current,B+,2022-10-06
101703,Elizabeth,Miller,Female,1974-07-26,O'Fallon,MO,Medicare,Never,AB-,2021-12-22
101704,Elizabeth,Harris,Male,1990-01-30,Jefferson City,MO,Medicare,Never,B-,2023-08-15
101705,David,Robinson,Male,1965-08-26,Springfield,MO,Private,Never,B+,2022-12-18
101706,Daniel,King,Female,1978-08-14,Springfield,MO,Medicare,Former,O-,2024-12-23
101707,Michael,Clark,Male,1969-12-28,Springfield,MO,Medicare,Never,O+,2025-05-11
101708,Sarah,Young,Male,2000-04-02,St. Charles,MO,Private,Current,B-,2022-07-22
101709,Patricia,Young,Female,1984-12-26,St. Louis,MO,Private,Never,AB+,2022-04-30
101710,Mary,Thomas,Female,1940-06-17,Columbia,MO,Medicaid,Never,O+,2022-11-06
101711,Susan,Wilson,Female,1985-02-15,Florissant,MO,Medicare,Former,AB-,2024-10-06
101712,Richard,Jones,Male,1985-10-29,Springfield,MO,Private,Former,O-,2022-06-29
101713,Barbara,Anderson,Female,1987-03-14,Jefferson City,MO,Medicaid,Never,O+,2025-04-14
101714,Michael,Brown,Male,1980-06-23,Kansas City,MO,Medicare,Current,A+,2021-02-07
101715,Mary,Jones,Male,1974-08-30,Kansas City,MO,Medicare,Never,A+,2021-09-15
101716,Richard,Anderson,Female,1980-10-01,Independence,MO,Medicare,Never,AB+,2024-06-05
101717,Susan,Taylor,Male,1940-03-22,St. Joseph,MO,Private,Current,AB+,2022-01-10
101718,Thomas,Walker,Male,1976-12-25,Springfield,MO,Private,Current,O+,2022-05-08
101719,William,King,Female,1937-09-23,Jefferson City,MO,Private,Former,AB-,2023-03-13
101720,Thomas,Anderson,Male,2004-10-13,Springfield,MO,Private,Current,O-,2021-09-18
101721,Linda,Davis,Male,1989-03-15,St. Charles,MO,Medicaid,Former,AB-,2022-01-21
101722,Mary,Johnson,Male,2002-08-31,St. Joseph,MO,Private,Current,O-,2022-06-19
101723,Lisa,Allen,Male,1954-01-28,Springfield,MO,Medicaid,Never,A-,2021-02-03
101724,Richard,Davis,Male,1936-09-26,Florissant,MO,Medicare,Former,B+,2022-12-03
101725,John,White,Female,1936-02-03,Kansas City,MO,Private,Former,B+,2021-10-02
101726,Jessica,Young,Female,1995-10-20,Springfield,MO,Private,,O-,2024-03-25
101727,Jennifer,Jones,Male,1947-12-11,Florissant,MO,Medicaid,Never,B+,2025-03-30
101728,Charles,Williams,Female,1981-09-04,Florissant,MO,Private,Never,B-,2023-11-26
101729,Michael,Thomas,Male,1942-05-18,St. Louis,MO,Medicaid,Former,A-,2022-03-29
101730,Elizabeth,Moore,Male,1953-10-25,Florissant,MO,Medicaid,Never,O+,2025-03-07
101731,William,Moore,Female,1994-10-23,St. Joseph,MO,Medicare,Former,B+,2025-03-28
101732,Mary,Anderson,Male,1946-01-12,Kansas City,MO,Private,Never,B-,2023-01-28
101733,Joseph,Brown,Other,2002-07-20,Independence,MO,Private,Never,O-,2025-01-27
101734,Robert,Wilson,Male,1989-12-08,St. Charles,MO,Private,Current,O-,2022-08-13
101735,Nancy,Young,Female,1968-12-21,Kansas City,MO,Medicare,Never,B-,2024-07-27
101736,Patricia,King,Male,1992-04-13,Jefferson City,MO,Medicare,Never,A+,2023-02-26
101737,Karen,Allen,Male,1949-11-19,Independence,MO,Private,Never,B-,2024-02-27
101738,Patricia,Johnson,Male,1989-01-26,Florissant,MO,Medicaid,Former,AB+,2025-11-18
101739,Sarah,Lewis,Female,1980-11-04,Springfield,MO,Medicaid,Current,AB-,2023-03-18
101740,Patricia,Smith,Female,1958-03-04,,MO,Uninsured,Current,B-,2024-04-02
101741,Thomas,Miller,Female,1971-12-24,Independence,MO,Private,Former,AB+,2021-04-07
101742,Barbara,Harris,Male,1963-12-14,Jefferson City,MO,Medicaid,Never,AB+,2022-08-15
101743,Nancy,Williams,Male,1945-08-30,Jefferson City,MO,Medicare,Never,A+,2022-12-26
101744,Thomas,Robinson,Male,1944-11-16,Independence,MO,Medicare,Never,O+,2022-07-05
101745,Elizabeth,Robinson,Female,2003-07-18,St. Louis,MO,Private,Never,A+,2025-05-09
101746,Nancy,Walker,Female,1963-12-20,Florissant,MO,Private,Never,O-,2021-03-17
101747,James,Williams,Male,1990-02-06,St. Joseph,MO,Private,Never,O-,2021-03-03
101748,Nancy,Williams,Female,2003-11-30,Jefferson City,MO,Medicaid,Former,B-,2024-04-28
101749,Lisa,Harris,Male,1952-01-10,Florissant,MO,Medicare,Never,A+,2023-07-06
101750,Sarah,Miller,Female,1972-08-05,St. Joseph,MO,Uninsured,Former,A+,2024-03-24
101751,Sarah,Martin,Female,1952-08-30,St. Joseph,MO,Uninsured,Current,O+,2025-05-13
101752,Susan,Harris,Male,1965-08-27,Jefferson City,MO,Private,Former,AB-,2025-12-11
101753,Joseph,Clark,Male,1991-06-25,Independence,MO,Medicare,Former,B+,2022-06-07
101754,Barbara,Moore,Other,1969-07-08,St. Joseph,MO,Private,Former,O-,2024-10-06
101755,Patricia,Robinson,Female,1979-07-01,Springfield,MO,Private,Never,B-,2023-03-19
101756,John,Robinson,Female,1960-04-21,Kansas City,MO,Private,Never,O-,2021-08-05
101757,Karen,Walker,Female,1965-07-15,,MO,Private,Never,O+,2022-02-18
101758,Barbara,Clark,Male,2002-03-19,Jefferson City,MO,Medicare,Never,B-,2023-11-16
101759,Michael,Brown,Female,1938-01-26,O'Fallon,MO,Medicare,Former,O-,2024-09-18
101760,David,Smith,Female,1950-05-12,St. Joseph,MO,Medicare,Current,B-,2025-06-25
101761,James,Clark,Female,2001-06-17,Columbia,MO,Private,Current,A+,2023-08-01
101762,Jennifer,Smith,Male,1980-12-18,,MO,Private,Never,AB-,2025-10-20
101763,Joseph,Moore,Male,1973-10-27,O'Fallon,MO,Private,Current,A+,2023-06-30
101764,Joseph,Robinson,Male,1967-07-23,Florissant,MO,Medicare,Never,AB+,2023-05-24
101765,Charles,Robinson,Male,1942-09-03,St. Charles,MO,Private,Former,A-,2022-03-29
101766,David,Allen,Male,1979-03-07,St. Louis,MO,Private,Never,A-,2022-06-08
101767,Matthew,Anderson,Male,1985-04-10,St. Joseph,MO,Medicare,Never,O+,2021-04-08
101768,Mary,Taylor,Male,2003-11-03,St. Louis,MO,Private,Never,A-,2021-08-14
101769,Susan,Wilson,Male,1983-04-18,St. Charles,MO,Medicaid,Current,O+,2022-03-26
101770,Mary,Wilson,Female,1972-04-18,Springfield,MO,Medicare,Never,B+,2025-05-29
101771,Patricia,Jones,Male,1993-03-08,Springfield,MO,Medicaid,Never,A+,2023-10-26
101772,Thomas,Smith,Male,1970-04-24,St. Charles,MO,Private,Current,O-,2022-05-17
101773,John,Harris,Male,1972-01-20,Springfield,MO,Private,Current,AB+,2024-09-24
101774,Richard,Young,Male,1946-07-09,St. Joseph,MO,Medicaid,Never,AB+,2021-08-05
101775,William,Johnson,Female,1987-04-14,St. Charles,MO,Private,Former,A-,2025-09-07
101776,Michael,King,Male,1951-03-27,Jefferson City,MO,Private,Never,AB-,2024-12-23
101777,Joseph,Moore,Female,1965-07-26,Columbia,MO,Private,Never,B+,2021-03-06
101778,Matthew,Wilson,Female,1955-03-25,Florissant,MO,Medicaid,Never,O+,2024-01-03
101779,David,Brown,Female,2003-01-28,Kansas City,MO,Private,Never,B+,2024-01-10
101780,Karen,Jones,Female,1997-01-30,Independence,MO,Private,Never,A-,2025-02-05
101781,Mary,Taylor,Female,2002-01-04,Columbia,MO,Medicare,Former,O+,2025-01-10
101782,Joseph,King,Female,1939-12-26,,MO,Medicaid,Never,O+,2023-01-09
101783,Susan,Lewis,Male,1961-08-22,Independence,MO,Private,Former,A-,2023-03-07
101784,Karen,Walker,Male,1982-10-08,St. Louis,MO,Medicaid,Former,O-,2024-03-09
101785,Nancy,Williams,Female,1990-01-27,Columbia,MO,Uninsured,Never,A+,2021-08-10
101786,David,Thomas,Male,1988-07-31,O'Fallon,MO,Medicare,Never,AB-,2021-08-31
101787,John,Lewis,Male,1974-10-19,Columbia,MO,Uninsured,Former,B+,2022-06-29
101788,Thomas,Lewis,Female,1961-02-11,Springfield,MO,Medicare,Former,AB+,2024-04-11
101789,Barbara,Moore,Female,1943-05-02,St. Joseph,MO,Medicare,Former,A-,2023-10-19
101790,Lisa,Miller,Male,1991-11-17,St. Joseph,MO,Medicaid,Former,A+,2021-06-29
101791,Daniel,Jackson,Female,1957-09-15,Kansas City,MO,Private,Never,AB+,2021-02-26
101792,Joseph,Allen,Male,1941-05-09,Springfield,MO,Private,Former,O-,2024-07-05
101793,Jessica,Miller,Female,1997-06-19,St. Louis,MO,Medicare,Never,B+,2022-12-12
101794,Robert,Davis,Male,1967-06-14,St. Joseph,MO,Medicare,Current,A-,2023-05-12
101795,Karen,Jones,Male,1969-05-18,Florissant,MO,Private,Former,O+,2023-12-09
101796,Jennifer,Walker,Female,1949-04-29,St. Louis,MO,Medicaid,Never,O-,2025-07-29
101797,Charles,Martin,Male,1990-08-27,Springfield,MO,Private,Never,O-,2023-09-14
101798,Robert,Brown,Female,2003-02-17,Springfield,MO,Medicare,Former,AB-,2024-10-10
101799,John,Allen,Male,1998-04-08,Kansas City,MO,Private,Never,A-,2024-02-09
101800,James,Anderson,Male,1969-09-26,Jefferson City,MO,Private,Never,O-,2023-09-02
101801,Jennifer,Robinson,Female,1996-03-10,St. Joseph,MO,Uninsured,Former,AB-,2021-06-22
101802,Joseph,Jackson,Male,1960-09-02,Springfield,MO,Private,Former,A+,2022-08-17
101803,Mary,Clark,Male,2004-02-15,Springfield,MO,Medicare,Never,A+,2023-02-11
101804,John,Robinson,Male,1966-09-19,Florissant,MO,Medicare,Never,O-,2024-01-24
101805,Thomas,Moore,Female,1938-11-21,Columbia,MO,Private,Current,B+,2023-12-12
101806,Lisa,Davis,Female,1950-06-07,Columbia,MO,Private,Current,AB-,2023-03-12
101807,Barbara,Wilson,Other,1982-07-30,Springfield,MO,Private,Former,A-,2025-02-27
101808,Sarah,White,Male,1974-10-31,St. Louis,MO,Private,Current,A+,2024-03-08
101809,Joseph,Lewis,Male,2003-02-03,Florissant,MO,Private,Never,A-,2022-01-22
101810,Barbara,White,Male,1988-06-06,St. Louis,MO,Medicaid,Never,B+,2021-02-13
101811,Jessica,Miller,Female,1981-07-20,Independence,MO,Medicaid,Never,AB-,2023-01-05
101812,Linda,Martin,Male,1942-07-04,Jefferson City,MO,Medicare,Never,A-,2022-10-09
101813,Susan,Martin,Female,1972-05-26,Columbia,MO,Medicare,Never,AB+,2025-07-05
101814,Thomas,Brown,Male,1940-02-17,Columbia,MO,Private,Never,A-,2021-06-03
101815,Daniel,Jackson,Other,1947-10-20,Florissant,MO,Medicare,Former,B-,2025-02-06
101816,Linda,Williams,Female,1984-12-21,St. Charles,MO,Medicare,Former,B-,2025-11-22
101817,Joseph,Jones,Female,1955-02-27,St. Louis,MO,Medicare,Former,O+,2022-09-30
101818,Susan,Smith,Male,1975-07-25,St. Joseph,MO,Medicare,Never,B+,2024-10-10
101819,Sarah,Williams,Male,1936-02-20,Florissant,MO,Medicare,Never,B+,2022-11-06
101820,Karen,Jackson,Male,1991-02-01,Kansas City,MO,Private,Never,B+,2022-12-18
101821,Michael,King,Male,1957-12-12,St. Charles,MO,Medicaid,Former,AB+,2021-11-27
101822,John,Davis,Male,1965-06-16,O'Fallon,MO,Private,Never,AB-,2022-07-23
101823,Barbara,Brown,Female,2001-06-06,St. Louis,MO,Private,Never,AB+,2023-08-07
101824,Daniel,Johnson,Male,1985-07-04,St. Charles,MO,Uninsured,Never,O+,2025-05-13
101825,Lisa,King,Female,1988-09-01,Florissant,MO,Medicare,Former,A-,2024-01-18
101826,John,King,Female,1935-03-05,St. Joseph,MO,Medicaid,Current,O-,2023-10-26
101827,Karen,Anderson,Male,1951-05-10,Kansas City,MO,Medicare,,A+,2022-11-05
101828,Susan,Brown,Female,2001-08-01,Jefferson City,MO,Private,Never,AB-,2022-01-15
101829,Joseph,Williams,Male,1987-02-12,St. Charles,MO,Private,Never,B-,2025-03-09
101830,Susan,Johnson,Male,1991-10-25,Jefferson City,MO,Private,Never,B-,2025-12-04
101831,Michael,Harris,Female,1965-03-23,Springfield,MO,Private,Never,O+,2024-02-04
101832,Thomas,Allen,Female,1945-02-04,Columbia,MO,Medicaid,Never,O-,2022-05-15
101833,Barbara,Walker,Male,1995-06-23,Independence,MO,Private,Never,B-,2022-06-17
101834,Karen,King,Male,1961-02-18,Columbia,MO,Medicare,Never,O+,2023-11-21
101835,Patricia,Robinson,Female,1941-07-06,O'Fallon,MO,Private,Never,A-,2024-09-02
101836,William,Allen,Male,1950-12-31,St. Joseph,MO,Private,Never,A-,2021-11-08
101837,Jennifer,Moore,Female,1963-07-02,Kansas City,MO,Medicaid,Former,B+,2022-12-02
101838,Jessica,Jones,Female,1985-12-10,Jefferson City,MO,Medicare,Current,A+,2023-12-26
101839,Nancy,Walker,Other,1936-08-08,Florissant,MO,Private,Current,B+,2021-09-24
101840,Nancy,Wilson,Male,1966-06-25,Jefferson City,MO,Medicare,Never,A-,2022-09-22
101841,Daniel,Young,Male,1973-04-03,St. Joseph,MO,Medicare,,AB+,2023-09-10
101842,Daniel,Garcia,Male,1976-06-14,Florissant,MO,Medicaid,Current,B+,2023-04-27
101843,Mary,Jones,Male,1958-12-16,Florissant,MO,Medicaid,Never,AB-,2021-10-06
101844,Lisa,Anderson,Male,1959-01-17,O'Fallon,MO,Private,Former,A-,2025-06-04
101845,Linda,Davis,Male,1977-07-15,St. Joseph,MO,Private,Former,A-,2024-02-02
101846,David,Miller,Female,1978-07-30,St. Charles,MO,Private,Current,O-,2024-11-08
101847,Richard,Miller,Female,1960-07-28,Columbia,MO,Medicaid,Current,O-,2021-03-01
101848,Thomas,Garcia,Male,1980-10-16,Springfield,MO,Private,Former,AB+,2023-01-25
101849,Linda,Walker,Male,1963-09-30,Jefferson City,MO,Private,Former,AB+,2024-05-14
101850,Daniel,Robinson,Male,1977-08-16,St. Charles,MO,Medicaid,Never,AB+,2023-05-05
101851,Sarah,Williams,Male,1975-04-06,Springfield,MO,Medicaid,Never,O-,2024-07-26
101852,Sarah,Lewis,Female,1959-05-05,Kansas City,MO,Private,Never,A+,2023-06-29
101853,Susan,Young,Female,1989-01-21,Independence,MO,Medicare,Never,AB-,2022-06-26
101854,Joseph,Jackson,Female,1999-05-11,Jefferson City,MO,Medicaid,Never,A-,2021-02-18
101855,Jennifer,Brown,Female,1968-05-19,O'Fallon,MO,Medicare,Never,AB+,2024-12-05
101856,David,Thomas,Female,1940-04-26,Springfield,MO,Medicare,Current,A+,2024-07-06
101857,Richard,Garcia,Female,1996-01-11,Florissant,MO,Medicare,Never,B-,2021-03-02
101858,James,Lewis,Male,1978-08-16,St. Charles,MO,Medicaid,Never,AB-,2021-07-06
101859,Jennifer,Brown,Female,1941-11-20,Columbia,MO,Private,Never,O+,2025-07-22
101860,William,Jackson,Female,1994-08-13,O'Fallon,MO,Medicaid,Never,O+,2023-01-31
101861,Linda,Wilson,Male,1960-10-15,Jefferson City,MO,Private,Never,O-,2021-09-28
101862,David,Jones,Male,1947-07-23,St. Joseph,MO,Medicaid,Current,B-,2022-03-11
101863,Nancy,Moore,Male,1956-05-26,St. Charles,MO,Uninsured,Never,B-,2023-02-20
101864,Charles,Allen,Female,1982-04-07,O'Fallon,MO,Uninsured,Never,A-,2025-06-18
101865,Lisa,Clark,Male,2004-11-16,Independence,MO,Private,Never,A+,2025-02-14
101866,William,Jones,Male,1985-09-30,Jefferson City,MO,Private,Never,A+,2024-05-18
101867,Thomas,White,Male,1954-10-24,Kansas City,MO,Private,Former,B-,2022-10-06
101868,Barbara,Lewis,Female,1994-12-11,Columbia,MO,Private,Never,AB-,2022-10-14
101869,Susan,Martin,Male,1990-04-09,Kansas City,MO,Medicare,Never,B+,2025-12-25
101870,Joseph,White,Female,1950-05-03,Springfield,MO,Medicaid,Never,B-,2022-09-28
101871,Jessica,Jackson,Female,2001-07-01,St. Joseph,MO,Private,Current,A-,2025-12-26
101872,Nancy,Young,Female,1940-07-28,Springfield,MO,Medicaid,Never,B-,2023-06-18
101873,Nancy,Brown,Female,1979-04-24,Columbia,MO,Private,Current,AB-,2022-12-10
101874,Karen,Miller,Male,1940-12-19,St. Charles,MO,Private,Never,AB-,2025-07-29
101875,James,White,Male,1979-06-15,Springfield,MO,Medicaid,Former,B-,2022-07-22
101876,Elizabeth,King,Female,1949-03-24,St. Joseph,MO,Private,Former,A+,2022-09-30
101877,Linda,Young,Male,1952-07-10,St. Louis,MO,Medicare,Never,B-,2021-05-20
101878,Sarah,Walker,Male,1942-09-01,St. Louis,MO,Medicaid,Never,AB+,2025-06-09
101879,James,Young,Female,1938-04-02,O'Fallon,MO,Private,Never,AB+,2025-06-23
101880,Mary,Walker,Male,1996-03-31,O'Fallon,MO,Medicare,Never,B+,2025-10-31
101881,James,Davis,Female,1980-04-12,Jefferson City,MO,Private,Former,A-,2022-10-26
101882,James,Harris,Male,1941-04-18,O'Fallon,MO,Private,Never,O-,2024-06-15
101883,William,White,Female,1994-08-26,Independence,MO,Medicare,Former,A-,2021-03-17
101884,Richard,Allen,Female,1983-06-03,O'Fallon,MO,Private,Never,O+,2023-03-16
101885,James,Anderson,Female,1970-10-02,Independence,MO,Private,Never,A+,2022-11-25
101886,Richard,Anderson,Male,1963-12-23,O'Fallon,MO,Medicaid,Former,O-,2022-10-10
101887,Karen,Johnson,Female,1957-06-02,Kansas City,MO,Medicare,Never,A-,2023-05-30
101888,Nancy,Wilson,Female,2005-01-12,Florissant,MO,Private,Never,B+,2024-03-20
101889,Michael,Harris,Male,1951-04-26,Independence,MO,Private,Never,AB+,2022-09-28
101890,Mary,Taylor,Male,1962-03-29,St. Charles,MO,Medicare,Never,A+,2025-12-10
101891,Jennifer,Anderson,Female,2000-10-22,Jefferson City,MO,Medicare,Current,AB-,2024-02-21
101892,Michael,Young,Female,1978-06-30,Columbia,MO,Private,Never,AB+,2021-08-18
101893,Susan,Harris,Male,1944-10-30,Independence,MO,Private,Never,B+,2022-05-11
101894,Sarah,Brown,Female,1937-09-23,Springfield,MO,Medicare,Former,A+,2021-10-16
101895,Joseph,White,Male,1955-01-25,Florissant,MO,Private,Never,O-,2021-02-11
101896,Mary,Robinson,Male,1944-12-20,Kansas City,MO,Medicaid,Never,B-,2021-01-26
101897,Elizabeth,Jackson,Female,1960-11-02,St. Louis,MO,Private,Never,A-,2021-10-11
101898,Matthew,Walker,Female,1949-12-29,Kansas City,MO,Medicare,Current,B+,2025-09-10
101899,Barbara,Jones,Female,1999-12-02,O'Fallon,MO,Medicaid,Current,A+,2025-04-20
101900,Thomas,Garcia,Other,1956-04-16,Jefferson City,MO,Medicare,Former,AB+,2021-10-29
101901,Linda,Harris,Male,1940-03-21,Florissant,MO,Uninsured,Never,A+,2024-02-04
101902,David,Smith,Male,1975-09-12,Springfield,MO,Private,Former,B-,2022-09-16
101903,John,Lewis,Male,2003-02-05,Independence,MO,Private,Never,B+,2022-12-18
101904,Jennifer,Brown,Female,1978-02-02,Kansas City,MO,Private,Never,A+,2023-09-14
101905,William,Harris,Female,1983-08-29,Florissant,MO,Medicaid,Current,AB-,2024-02-28
101906,Jennifer,Wilson,Male,1972-10-03,Independence,MO,Private,Never,B+,2025-06-23
101907,William,King,Male,1939-04-13,Jefferson City,MO,Medicare,Never,B+,2025-12-29
101908,Michael,Johnson,Male,1991-07-03,Columbia,MO,Private,Current,AB+,2022-08-29
101909,William,Davis,Female,1981-08-04,St. Louis,MO,Medicare,Former,O-,2021-06-04
101910,Sarah,Jackson,Male,1958-10-06,,MO,Medicaid,Never,O+,2023-03-08
101911,Barbara,Miller,Male,1978-11-10,O'Fallon,MO,Private,Never,A-,2023-09-27
101912,Linda,Garcia,Female,2005-06-13,St. Joseph,MO,Private,Never,O+,2025-10-13
101913,Linda,Smith,Female,2004-10-06,Columbia,MO,Private,Never,O-,2023-01-16
101914,Sarah,Jackson,Female,1974-09-07,O'Fallon,MO,Private,Never,AB-,2022-10-21
101915,Karen,Allen,Female,1945-01-04,Kansas City,MO,Medicaid,Never,B-,2021-02-12
101916,Joseph,Miller,Male,1971-04-29,Columbia,MO,Private,Current,A+,2025-04-19
101917,Michael,Harris,Female,1942-04-10,O'Fallon,MO,Medicare,Never,O+,2023-05-13
101918,David,Johnson,Female,1958-06-21,Columbia,MO,Private,Never,A-,2021-12-30
101919,Karen,Wilson,Female,2000-08-28,Jefferson City,MO,Private,Never,O-,2025-01-24
101920,Jessica,Wilson,Male,1947-09-30,Florissant,MO,Medicaid,Never,AB+,2025-12-04
101921,Patricia,Moore,Male,2002-12-12,St. Louis,MO,Medicare,Never,A-,2024-03-08
101922,Jennifer,Garcia,Male,1972-01-22,St. Louis,MO,Medicaid,Current,B+,2025-10-22
101923,Nancy,Garcia,Male,1958-01-20,O'Fallon,MO,Medicaid,Current,B+,2021-08-18
101924,John,Robinson,Female,1977-06-03,O'Fallon,MO,Medicare,Never,B-,2024-03-20
101925,William,Robinson,Male,1976-09-05,Columbia,MO,Medicare,Current,AB-,2021-01-29
101926,Elizabeth,Walker,Male,1944-11-05,Kansas City,MO,Medicaid,Never,A+,2022-01-27
101927,Susan,Williams,Male,1954-04-06,O'Fallon,MO,Private,Former,A+,2021-09-06
101928,David,Harris,Male,1969-12-06,Columbia,MO,Private,Never,AB+,2023-11-06
101929,Sarah,Harris,Male,1952-04-06,St. Charles,MO,Medicare,Current,B-,2025-06-03
101930,Nancy,Thomas,Male,1997-11-13,St. Louis,MO,Medicaid,Never,A+,2024-12-15
101931,Barbara,White,Male,1991-05-28,O'Fallon,MO,Medicaid,Never,AB-,2024-02-03
101932,Matthew,Jackson,Female,1981-10-25,Jefferson City,MO,Private,Former,O-,2023-12-17
101933,Barbara,Moore,Female,1971-01-07,Springfield,MO,Private,Never,B+,2025-08-16
101934,Richard,Allen,Male,1972-09-25,,MO,Private,Never,O-,2024-02-06
101935,Richard,Smith,Female,1948-08-10,St. Louis,MO,Private,Never,O-,2022-12-20
101936,Charles,Harris,Female,1939-07-26,O'Fallon,MO,Private,Former,B-,2021-11-26
101937,Charles,Williams,Female,1983-05-10,Florissant,MO,Private,Never,A-,2021-08-15
101938,Matthew,Jackson,Male,1941-09-09,Columbia,MO,Medicaid,Never,O+,2022-09-14
101939,Susan,Brown,Male,1939-03-24,Kansas City,MO,Private,Current,O+,2025-10-12
101940,Patricia,Brown,Male,1981-04-21,O'Fallon,MO,Private,Never,B-,2023-05-26
101941,Richard,Clark,Male,1935-11-21,Columbia,MO,Private,Never,O-,2022-02-12
101942,Linda,Harris,Male,2000-04-06,O'Fallon,MO,Private,,B-,2024-01-06
101943,Matthew,Lewis,Female,1937-02-27,St. Joseph,MO,Medicare,Former,AB-,2025-06-21
101944,Daniel,Taylor,Male,1947-07-09,Springfield,MO,Private,Current,AB-,2022-02-25
101945,Matthew,Robinson,Male,1939-07-20,Independence,MO,Medicare,Never,A+,2021-11-16
101946,Charles,Williams,Female,1979-06-18,Independence,MO,Medicaid,Never,O+,2024-08-04
101947,Barbara,Davis,Male,1984-11-30,St. Joseph,MO,Medicare,Former,AB+,2022-10-15
101948,Sarah,Martin,Female,1994-07-01,Columbia,MO,Uninsured,Former,AB+,2021-08-08
101949,Jennifer,Smith,Female,1967-04-07,Kansas City,MO,Private,Former,O-,2021-06-13
101950,Sarah,Martin,Female,1973-01-13,O'Fallon,MO,Private,Never,AB-,2022-10-29
101951,Charles,Johnson,Other,1995-11-16,Columbia,MO,Private,Never,A+,2025-01-23
101952,Nancy,Allen,Male,1944-11-06,Florissant,MO,Private,Never,A+,2021-04-27
101953,Robert,Brown,Female,1942-07-14,Kansas City,MO,Private,Current,A+,2025-07-11
101954,Lisa,King,Female,1954-09-05,Florissant,MO,Uninsured,Never,O-,2023-03-01
101955,William,Lewis,Female,1965-05-21,St. Joseph,MO,Private,Never,O-,2021-04-18
101956,John,Garcia,Female,1954-05-06,Jefferson City,MO,Medicare,Former,AB-,2024-07-30
101957,Elizabeth,Smith,Female,1992-12-18,Independence,MO,Private,Never,AB+,2024-12-18
101958,Charles,Harris,Male,1942-06-11,Independence,MO,Uninsured,Never,A+,2021-11-23
101959,John,Davis,Female,1990-06-12,O'Fallon,MO,Private,Former,AB-,2021-05-20
101960,Nancy,Lewis,Male,1959-02-23,Springfield,MO,Private,Never,A-,2023-01-30
101961,Joseph,Walker,Female,1935-09-23,St. Joseph,MO,Private,Never,A-,2024-09-21
101962,James,Smith,Female,1949-12-03,Columbia,MO,Private,Never,B+,2023-03-25
101963,Michael,Jones,Male,1954-01-06,St. Joseph,MO,Private,Former,A-,2021-10-29
101964,Barbara,White,Male,1942-06-16,Columbia,MO,Private,Current,B-,2021-07-16
101965,Thomas,Garcia,Male,1948-01-31,St. Joseph,MO,Medicaid,Former,B+,2021-04-29
101966,Daniel,Davis,Female,1992-05-16,Jefferson City,MO,Private,Former,A-,2023-09-14
101967,Lisa,Moore,Female,1992-10-13,St. Charles,MO,Private,Never,B-,2021-09-19
101968,Karen,White,Female,1997-12-21,Springfield,MO,Private,Former,A-,2021-11-21
101969,Robert,Williams,Female,1959-06-14,Columbia,MO,Private,Current,AB-,2021-10-07
101970,Patricia,Lewis,Female,1954-03-17,Springfield,MO,Medicare,Never,O+,2024-08-04
101971,Barbara,Thomas,Male,1935-02-09,Kansas City,MO,Medicare,Never,B-,2021-04-24
101972,Karen,White,Male,1987-06-03,St. Joseph,MO,Private,Current,A+,2025-10-16
101973,Lisa,Taylor,Female,1981-06-27,O'Fallon,MO,Private,Former,AB-,2022-12-24
101974,Sarah,Anderson,Male,1946-12-02,St. Louis,MO,Medicaid,Never,O+,2023-05-17
101975,Thomas,Robinson,Male,2005-04-15,Kansas City,MO,Medicare,Current,B-,2021-04-18
101976,Charles,Brown,Male,1963-05-26,Florissant,MO,Medicaid,Never,AB-,2024-08-18
101977,William,Thomas,Male,1945-09-17,Independence,MO,Medicare,Never,A+,2023-11-10
101978,Patricia,Allen,Female,1957-02-12,St. Louis,MO,Medicaid,Former,B-,2025-11-29
101979,Daniel,Johnson,Male,1957-04-24,Jefferson City,MO,Medicaid,Never,B-,2022-11-06
101980,Mary,King,Female,1953-03-01,St. Joseph,MO,Medicaid,Former,O+,2021-06-08
101981,Patricia,Young,Male,1975-12-31,St. Charles,MO,Medicaid,Never,AB-,2021-10-06
101982,Mary,Lewis,Male,1998-01-25,Jefferson City,MO,Medicaid,Never,A-,2021-05-29
101983,Joseph,Jones,Male,1986-05-13,Columbia,MO,Private,Never,B-,2021-03-18
101984,Mary,Davis,Female,1995-07-13,St. Louis,MO,Medicaid,Never,A-,2021-05-02
101985,Patricia,Miller,Female,1958-04-24,Independence,MO,Medicare,Never,B-,2024-08-26
101986,Jennifer,Martin,Female,1941-04-27,O'Fallon,MO,Medicare,Current,AB+,2025-12-02
101987,Michael,King,Female,1936-11-13,St. Charles,MO,Medicaid,Never,B+,2022-08-30
101988,Elizabeth,Allen,Female,1976-03-10,Springfield,MO,Medicare,Never,A-,2025-05-14
101989,Charles,Williams,Female,1952-07-03,St. Joseph,MO,Medicare,,A-,2022-01-02
101990,Charles,Clark,Female,1956-07-17,Columbia,MO,Private,Former,O+,2023-07-21
101991,Nancy,White,Female,1995-09-02,St. Joseph,MO,Private,Never,A+,2022-01-24
101992,Barbara,Allen,Male,1952-06-12,Jefferson City,MO,Private,Never,AB+,2022-10-31
101993,John,Lewis,Female,1992-11-21,St. Louis,MO,Private,Never,A+,2025-07-02
101994,Richard,Lewis,Female,2005-09-09,Jefferson City,MO,Medicare,Never,AB+,2022-08-02
101995,Sarah,Clark,Female,1968-08-23,St. Louis,MO,Private,Never,AB+,2021-08-16
101996,Linda,Robinson,Male,1970-08-30,O'Fallon,MO,Medicare,Former,O-,2023-02-17
101997,Daniel,White,Female,1961-09-26,Independence,MO,Private,Current,AB-,2023-12-14
101998,Joseph,Davis,Female,1936-12-23,Springfield,MO,Medicare,Never,AB-,2025-08-12
101999,James,Smith,Male,1946-01-07,O'Fallon,MO,Private,Current,AB-,2021-12-08
102000,John,Harris,Female,1946-12-09,Kansas City,MO,Private,Current,B-,2021-09-07
102001,Linda,Thomas,Male,1988-04-15,Independence,MO,Medicare,Current,O+,2022-02-07
102002,Patricia,Walker,Male,1973-06-15,O'Fallon,MO,Private,Current,A+,2021-11-18
102003,Jessica,Taylor,Male,1986-06-13,St. Charles,MO,Medicare,Former,B+,2022-04-12
102004,Matthew,Jones,Male,1949-01-04,St. Joseph,MO,Private,Former,AB+,2025-08-16
102005,Elizabeth,Thomas,Female,1981-02-07,Jefferson City,MO,Private,Never,AB+,2021-12-06
102006,Barbara,Harris,Male,2003-07-31,Independence,MO,Medicare,Never,O+,2025-12-02
102007,Susan,Garcia,Male,1998-12-18,St. Charles,MO,Medicaid,Current,A-,2024-09-06
102008,Susan,Smith,Male,1968-11-18,Jefferson City,MO,Medicare,Never,B-,2025-06-12
102009,Mary,Jones,Male,1975-08-19,Kansas City,MO,Private,Never,B+,2023-08-25
102010,Matthew,Martin,Male,1979-02-26,Florissant,MO,Medicaid,Never,AB-,2022-06-22
102011,Robert,Jones,Female,1980-06-26,Independence,MO,Private,Former,AB+,2021-02-24
102012,Robert,Young,Male,1966-04-11,St. Charles,MO,Uninsured,Former,A-,2022-11-10
102013,Jennifer,King,Female,1938-07-03,Jefferson City,MO,Medicaid,Never,A+,2023-09-02
102014,Richard,Smith,Female,1981-06-01,Jefferson City,MO,Uninsured,Never,AB+,2024-04-03
102015,William,Clark,Male,1994-07-10,O'Fallon,MO,Private,Former,A-,2025-06-28
102016,Nancy,White,Female,2005-07-12,St. Louis,MO,Medicare,Never,A+,2022-12-10
102017,Joseph,Wilson,Male,1996-12-29,O'Fallon,MO,Medicaid,Never,B-,2023-10-26
102018,Susan,Lewis,Male,1939-03-13,St. Charles,MO,Private,Never,AB-,2023-05-15
102019,Lisa,Young,Male,1974-03-28,Columbia,MO,Medicaid,Current,O+,2022-03-10
102020,Michael,Jones,Male,1936-10-08,St. Joseph,MO,Medicare,Never,A+,2023-08-14
102021,Karen,Johnson,Female,1974-01-13,Independence,MO,Medicare,Never,AB+,2025-03-26
102022,Mary,Jackson,Female,1974-12-18,O'Fallon,MO,Private,Former,O-,2024-05-21
102023,Michael,Miller,Male,2001-08-01,Jefferson City,MO,Private,Never,O-,2023-12-23
102024,Jennifer,Brown,Female,1989-05-21,Jefferson City,MO,Private,Never,B+,2024-04-07
102025,Thomas,Smith,Male,1981-07-15,Florissant,MO,Medicare,Never,A+,2024-01-01
102026,Mary,Moore,Female,2003-02-02,Independence,MO,Private,Current,B+,2025-09-20
102027,John,Robinson,Male,1938-04-27,,MO,Uninsured,Never,B+,2021-09-08
102028,Robert,Young,Male,1988-05-06,St. Joseph,MO,Medicare,Former,A+,2024-09-29
102029,Robert,Miller,Male,1970-11-16,Kansas City,MO,Medicare,Current,O+,2024-06-21
102030,James,Jackson,Male,1964-11-06,O'Fallon,MO,Private,Former,O+,2021-11-27
102031,Linda,Allen,Female,1993-05-16,,MO,Private,,O-,2021-05-06
102032,Barbara,Martin,Female,1962-09-07,St. Charles,MO,Private,Former,B-,2022-11-25
102033,Lisa,Allen,Male,1935-02-05,St. Charles,MO,Private,Current,O+,2024-12-24
102034,Patricia,Lewis,Female,1954-12-29,Kansas City,MO,Private,Current,A+,2021-07-14
102035,Richard,Young,Female,1957-05-23,Independence,MO,Medicare,Current,O-,2022-12-15
102036,Matthew,King,Female,1966-10-16,O'Fallon,MO,Private,Former,O+,2021-10-26
102037,Joseph,Robinson,Male,1960-05-23,St. Joseph,MO,Private,Never,A-,2024-02-04
102038,David,King,Male,1970-11-10,St. Louis,MO,Uninsured,Never,AB-,2021-04-30
102039,Elizabeth,Clark,Female,1971-08-29,Florissant,MO,Medicare,Never,B+,2025-02-09
102040,John,Anderson,Female,1940-02-24,Kansas City,MO,Private,Current,AB-,2021-08-31
102041,Nancy,Wilson,Male,1951-09-30,St. Louis,MO,Private,Current,O-,2021-01-05
102042,Susan,Davis,Male,1996-10-08,Florissant,MO,Medicaid,Never,AB+,2023-10-25
102043,Jessica,Anderson,Male,1977-11-25,Kansas City,MO,Medicaid,Never,B+,2024-09-11
102044,Elizabeth,Harris,Female,1978-04-30,St. Charles,MO,Private,Never,O-,2025-09-07
102045,Elizabeth,Johnson,Female,1950-09-10,St. Charles,MO,Medicaid,Never,AB+,2021-06-05
102046,Barbara,Garcia,Male,1986-11-20,Jefferson City,MO,Private,Former,A-,2025-09-22
102047,William,Jones,Female,1949-07-24,Florissant,MO,Private,Never,A-,2025-11-26
102048,James,Wilson,Female,1968-09-13,Springfield,MO,Medicare,Never,AB-,2024-01-09
102049,Robert,Jones,Female,2003-12-06,St. Joseph,MO,Uninsured,Never,A-,2021-04-09
102050,Karen,Clark,Female,1969-12-21,Columbia,MO,Private,Never,O-,2022-11-17
102051,Linda,Robinson,Female,1937-11-05,Independence,MO,Private,Current,O-,2024-04-13
102052,David,Wilson,Male,1967-07-23,Independence,MO,Medicaid,Never,A+,2022-04-08
102053,Barbara,Harris,Female,1965-05-12,Florissant,MO,Uninsured,Current,B+,2023-07-19
102054,James,Harris,Male,1991-07-06,Kansas City,MO,Medicare,Never,AB+,2021-08-24
102055,Nancy,Thomas,Male,1942-09-10,Kansas City,MO,Medicaid,Never,O+,2025-10-24
102056,Karen,Miller,Male,1949-01-26,Columbia,MO,Medicaid,Former,AB-,2023-02-24
102057,David,Williams,Male,2000-06-27,St. Joseph,MO,Medicaid,Former,AB-,2024-07-11
102058,Robert,Anderson,Male,1993-09-23,O'Fallon,MO,Medicaid,Never,A-,2024-09-18
102059,Joseph,Johnson,Male,1997-07-15,St. Joseph,MO,Uninsured,Never,A-,2023-07-12
102060,Robert,Williams,Female,1966-04-17,O'Fallon,MO,Private,Never,O-,2025-12-14
102061,Barbara,White,Male,1984-05-03,Columbia,MO,Medicaid,Former,AB+,2023-09-08
102062,Robert,Johnson,Female,2005-03-21,O'Fallon,MO,Medicaid,Never,B+,2023-02-28
102063,Thomas,King,Male,1969-07-02,Springfield,MO,Private,Never,B+,2025-05-05
102064,Thomas,Anderson,Female,1944-07-30,Jefferson City,MO,Medicare,Former,O-,2025-07-20
102065,Lisa,Garcia,Female,1983-03-28,St. Joseph,MO,Private,Never,AB-,2023-06-01
102066,Barbara,Young,Male,1986-11-15,O'Fallon,MO,Private,Never,AB+,2021-04-07
102067,Lisa,Taylor,Female,1991-01-20,St. Charles,MO,Private,Never,AB-,2025-09-08
102068,Joseph,Allen,Female,1996-06-20,Springfield,MO,Medicaid,Current,O-,2025-07-17
102069,Joseph,Miller,Female,1960-01-27,St. Joseph,MO,Medicaid,Never,O+,2021-02-09
102070,Jennifer,Jackson,Female,1980-09-20,O'Fallon,MO,Medicare,Current,B-,2022-12-10
102071,Barbara,Garcia,Female,1994-06-16,St. Charles,MO,Medicaid,Never,B+,2022-09-13
102072,Karen,Robinson,Female,1988-05-27,Columbia,MO,Medicaid,Former,AB+,2024-09-13
102073,Sarah,Wilson,Male,1947-12-09,Columbia,MO,Private,Never,O+,2023-06-01
102074,Susan,Young,Male,1990-02-24,Florissant,MO,Private,Never,AB+,2025-02-28
102075,Mary,Robinson,Female,1962-04-14,Independence,MO,Uninsured,Former,AB-,2025-02-18
102076,William,Thomas,Male,1952-01-31,St. Louis,MO,Private,Former,A-,2022-09-11
102077,Robert,Lewis,Female,1991-04-10,St. Charles,MO,Medicare,Former,O-,2021-07-24
102078,Karen,Robinson,Male,1963-01-24,Florissant,MO,Private,Former,AB+,2024-02-12
102079,James,Williams,Female,1939-11-13,Springfield,MO,Medicare,Never,AB-,2025-05-22
102080,Matthew,Jackson,Other,1956-07-17,O'Fallon,MO,Medicaid,Never,A+,2025-04-19
102081,John,Johnson,Male,1997-01-06,St. Joseph,MO,Private,Never,A-,2024-04-10
102082,Jennifer,Walker,Male,1963-03-28,Kansas City,MO,Private,Current,A-,2021-07-23
102083,Robert,Johnson,Female,1987-02-19,St. Charles,MO,Private,Never,B+,2025-07-30
102084,Daniel,Young,Female,1999-02-11,St. Louis,MO,Medicare,Current,B-,2025-05-09
102085,Robert,Williams,Male,1990-12-16,Kansas City,MO,Medicare,Never,B+,2022-10-16
102086,James,Garcia,Male,1967-03-13,Jefferson City,MO,Medicare,Former,A+,2023-01-20
102087,Thomas,Jackson,Female,1994-10-26,St. Louis,MO,Medicare,Never,AB-,2022-08-24
102088,Charles,Anderson,Female,1944-02-25,Florissant,MO,Medicare,Never,O-,2022-12-03
102089,Susan,Wilson,Male,1952-12-06,St. Louis,MO,Private,Former,A-,2022-07-03
102090,Barbara,Smith,Male,1998-03-30,O'Fallon,MO,Private,Never,A-,2024-06-06
102091,Elizabeth,White,Female,1966-02-04,St. Joseph,MO,Medicaid,Current,O+,2023-08-11
102092,Karen,Garcia,Male,2002-03-27,Springfield,MO,Private,Former,AB+,2024-09-20
102093,Daniel,Wilson,Male,1939-07-15,Kansas City,MO,Medicare,Never,O-,2024-12-12
102094,Sarah,Brown,Female,1951-02-14,St. Louis,MO,Uninsured,Current,B-,2022-02-19
102095,Lisa,Johnson,Male,1936-11-09,O'Fallon,MO,Medicaid,Former,B-,2022-12-29
102096,David,Brown,Female,1951-02-09,Columbia,MO,Private,Former,AB+,2023-03-14
102097,Mary,Smith,Male,1976-04-08,St. Louis,MO,Private,Never,O-,2025-10-11
102098,Sarah,Lewis,Female,1969-01-13,St. Louis,MO,Private,Never,A+,2021-11-24
102099,Michael,Anderson,Female,1975-04-02,Independence,MO,Medicare,Former,B-,2022-10-18
102100,Lisa,Walker,Male,2004-09-21,Kansas City,MO,Private,Current,A-,2022-01-23
102101,Joseph,Jackson,Female,2002-06-17,Independence,MO,Medicare,Never,A+,2025-02-11
102102,David,Young,Male,1953-05-28,Independence,MO,Medicare,Never,B+,2024-03-16
102103,Sarah,Lewis,Female,1992-04-24,St. Joseph,MO,Medicare,Former,O-,2022-05-22
102104,Matthew,White,Female,1990-11-15,O'Fallon,MO,Private,Never,B+,2024-01-03
102105,Barbara,Walker,Male,1990-07-06,Independence,MO,Private,Former,A+,2024-11-29
102106,Jennifer,King,Male,1966-06-27,St. Louis,MO,Medicare,Former,A-,2025-09-10
102107,Karen,Young,Male,1953-07-24,Florissant,MO,Private,Never,O+,2023-08-19
102108,Matthew,Brown,Female,1961-10-08,Florissant,MO,Uninsured,Current,B+,2023-09-27
102109,Richard,Johnson,Male,1990-09-19,Columbia,MO,Private,Never,AB-,2022-12-01
102110,Karen,Moore,Male,1942-07-13,Florissant,MO,Medicaid,Former,A-,2024-02-07
102111,Jessica,Smith,Male,1974-06-15,Columbia,MO,Private,Never,AB+,2021-09-02
102112,Sarah,Harris,Male,1961-12-19,Florissant,MO,Private,Never,B-,2022-07-08
102113,Elizabeth,Moore,Female,1936-12-22,Jefferson City,MO,Private,Current,O+,2021-01-02
102114,Matthew,Brown,Male,1936-04-02,Columbia,MO,Private,Never,O+,2025-04-23
102115,Linda,Miller,Female,1989-10-01,St. Charles,MO,Medicaid,Never,A+,2024-02-05
102116,Sarah,Harris,Male,1978-01-22,Kansas City,MO,Medicaid,Never,B-,2025-01-10
102117,Daniel,Wilson,Male,1985-12-27,Kansas City,MO,Medicaid,Never,AB+,2025-09-17
102118,James,Brown,Female,1959-11-24,Kansas City,MO,Medicare,Never,B+,2021-07-22
102119,Matthew,Lewis,Other,1961-05-13,O'Fallon,MO,Private,Never,O+,2022-10-25
102120,Linda,Smith,Female,1993-07-13,St. Joseph,MO,Medicare,Current,AB-,2023-01-03
102121,Jennifer,Anderson,Male,1982-01-25,Springfield,MO,Private,Former,A-,2022-06-13
102122,Robert,Brown,Male,1983-09-14,St. Joseph,MO,Medicaid,Never,O-,2022-08-25
102123,Joseph,Wilson,Female,1975-07-11,Columbia,MO,Private,Former,O+,2025-02-26
102124,Nancy,Moore,Male,1936-02-25,St. Joseph,MO,Uninsured,Never,O+,2024-07-13
102125,Joseph,Martin,Male,1939-05-10,Florissant,MO,Private,Never,A-,2022-12-12
102126,Mary,Anderson,Female,1979-09-30,Columbia,MO,Uninsured,Never,AB+,2023-09-20
102127,James,Garcia,Female,1937-02-06,St. Joseph,MO,Private,Never,A+,2024-06-05
102128,Matthew,White,Other,1994-04-21,St. Joseph,MO,Medicare,Current,O+,2022-03-05
102129,Matthew,Garcia,Female,1987-09-05,Independence,MO,Private,Never,O+,2022-01-05
102130,David,Harris,Female,1965-07-10,Jefferson City,MO,Private,Former,B-,2022-05-24
102131,Elizabeth,Anderson,Male,1987-11-23,O'Fallon,MO,Private,Never,O-,2025-10-20
102132,Sarah,Clark,Male,1941-02-03,Columbia,MO,Private,Never,AB-,2024-08-06
102133,Sarah,Young,Female,1991-08-13,Springfield,MO,Private,Former,B+,2021-09-03
102134,Thomas,Clark,Female,1942-05-10,Kansas City,MO,Medicare,Former,A+,2021-10-31
102135,Linda,Williams,Male,1997-03-25,St. Louis,MO,Private,Never,O-,2025-01-19
102136,Joseph,Robinson,Male,1947-10-08,St. Charles,MO,Medicare,Never,AB-,2025-10-04
102137,Linda,Walker,Male,2004-10-05,St. Joseph,MO,Medicaid,Never,AB-,2022-09-09
102138,Thomas,Jackson,Female,1949-03-30,,MO,Private,Current,AB+,2021-12-13
102139,Barbara,Jackson,Male,2002-04-03,Florissant,MO,Medicaid,Never,O-,2022-09-14
102140,Linda,Brown,Male,1963-08-03,St. Charles,MO,Medicare,Never,AB+,2025-11-01
102141,Susan,Wilson,Female,1987-03-27,Jefferson City,MO,Private,Current,A-,2024-02-05
102142,Patricia,Lewis,Female,1988-08-20,Kansas City,MO,Private,Never,B+,2021-03-04
102143,James,King,Male,1978-02-02,Independence,MO,Private,Never,A+,2025-06-21
102144,James,Harris,Female,2000-07-28,Kansas City,MO,Private,Never,A-,2024-12-17
102145,Charles,Taylor,Female,1989-06-17,Jefferson City,MO,Uninsured,Never,O+,2021-02-16
102146,Jessica,Wilson,Male,1955-06-26,Kansas City,MO,Medicare,Never,B+,2025-07-23
102147,Susan,Anderson,Male,2003-07-15,St. Joseph,MO,Private,Never,B-,2022-10-29
102148,Daniel,Clark,Male,1972-06-17,Kansas City,MO,Medicare,Current,B-,2024-01-23
102149,Jessica,Robinson,Male,1945-03-27,Independence,MO,Medicaid,Never,A-,2023-06-19
102150,Robert,Moore,Female,1995-02-03,O'Fallon,MO,Private,Never,A+,2023-10-21
102151,William,Davis,Male,2001-10-09,Jefferson City,MO,Private,Never,B+,2023-02-11
102152,Mary,Miller,Female,2000-09-26,Independence,MO,Medicare,Former,B-,2022-04-02
102153,Sarah,Harris,Male,2001-10-01,Columbia,MO,Medicaid,Current,B-,2021-02-11
102154,Jennifer,Walker,Male,1989-04-26,Kansas City,MO,Private,Never,A+,2023-01-07
102155,William,Allen,Female,1970-01-27,Springfield,MO,Private,Never,O-,2025-03-06
102156,James,Jackson,Male,1991-07-17,Kansas City,MO,Private,Never,A-,2025-03-26
102157,William,Robinson,Male,1990-07-10,Jefferson City,MO,Medicaid,Never,AB+,2023-05-26
102158,Jessica,Jackson,Male,1979-03-04,St. Charles,MO,Private,Former,O+,2021-09-14
102159,Richard,Smith,Male,1965-02-05,Independence,MO,Medicare,Never,AB-,2025-02-14
102160,William,Martin,Female,1971-08-18,Springfield,MO,Medicare,Never,O+,2021-02-24
102161,Daniel,Jones,Male,2000-02-22,Columbia,MO,Private,Never,B+,2024-11-21
102162,Richard,Taylor,Female,1941-01-03,Florissant,MO,Private,Never,B-,2023-07-29
102163,William,White,Female,1941-01-29,Columbia,MO,Medicare,Never,AB-,2023-03-30
102164,David,Johnson,Male,1977-02-17,Independence,MO,Medicare,Never,AB-,2023-05-28
102165,Patricia,Davis,Male,1952-09-27,St. Charles,MO,Private,Current,AB+,2021-11-07
102166,Mary,Taylor,Female,1974-10-13,Independence,MO,Medicaid,Never,AB-,2022-11-25
102167,Jennifer,Clark,Female,1988-09-23,St. Louis,MO,Medicaid,Current,A+,2024-01-10
102168,Susan,Williams,Male,1946-12-02,Springfield,MO,Medicaid,Never,A-,2024-05-28
102169,Patricia,Smith,Female,2001-12-28,St. Charles,MO,Medicare,Former,B+,2024-01-25
102170,Jennifer,Taylor,Male,1991-03-13,Springfield,MO,Medicare,Never,A+,2021-02-01
102171,Charles,White,Female,1993-10-28,Independence,MO,Private,Former,A-,2021-05-18
102172,Jennifer,Clark,Male,1941-09-16,O'Fallon,MO,Private,Never,A+,2023-11-09
102173,Mary,White,Female,1935-04-27,Springfield,MO,Private,Never,B-,2023-09-03
102174,Sarah,Allen,Female,1968-04-26,St. Louis,MO,Private,Former,B-,2022-05-05
102175,Richard,Anderson,Male,1995-10-22,St. Joseph,MO,Private,Former,AB+,2021-07-13
102176,William,Clark,Male,1951-07-04,St. Charles,MO,Private,Never,A+,2025-03-09
102177,Matthew,Garcia,Male,1999-05-09,St. Louis,MO,Private,Never,O+,2024-03-31
102178,Charles,Lewis,Other,1950-06-26,St. Louis,MO,Medicaid,Never,AB-,2021-06-03
102179,Richard,Brown,Male,1990-12-06,Florissant,MO,Private,Never,B-,2022-08-28
102180,David,Moore,Male,1949-09-16,O'Fallon,MO,Medicaid,Never,O-,2021-09-18
102181,James,King,Female,1994-05-16,Kansas City,MO,Private,Never,A-,2022-05-29
102182,Lisa,Martin,Female,1959-04-15,O'Fallon,MO,Private,Never,O-,2021-07-28
102183,Nancy,Williams,Female,1940-02-10,Jefferson City,MO,Private,Never,O-,2021-06-23
102184,Michael,Anderson,Female,1945-10-31,Florissant,MO,Private,Never,AB+,2022-01-09
102185,Daniel,Garcia,Male,1978-01-03,Independence,MO,Medicare,Former,O-,2024-11-07
102186,Joseph,Smith,Female,1977-10-01,Independence,MO,Medicare,Current,O-,2023-12-03
102187,James,Allen,Male,1970-06-23,Columbia,MO,Medicaid,Never,O-,2024-11-17
102188,Barbara,King,Male,1949-05-26,Kansas City,MO,Medicare,Current,AB-,2024-09-21
102189,Michael,Martin,Female,1947-12-08,Jefferson City,MO,Medicaid,Former,B+,2024-02-06
102190,Joseph,Davis,Female,1957-12-23,Springfield,MO,Medicaid,Current,A+,2023-03-18
102191,Daniel,Lewis,Male,1947-12-04,O'Fallon,MO,Medicaid,Former,O+,2024-02-02
102192,Charles,Martin,Female,1979-02-11,St. Charles,MO,Uninsured,Former,O-,2022-06-18
102193,James,Anderson,Male,1980-11-22,St. Louis,MO,Medicaid,Never,O-,2022-07-01
102194,Thomas,Harris,Male,1940-01-31,Springfield,MO,Medicaid,Never,B-,2022-05-27
102195,Thomas,Wilson,Female,1970-09-23,Columbia,MO,Medicare,Never,O+,2022-03-09
102196,John,Garcia,Male,1995-07-31,O'Fallon,MO,Private,Current,AB-,2025-12-01
102197,Barbara,Taylor,Male,1951-08-04,St. Charles,MO,Medicare,Current,A-,2023-08-28
102198,Jennifer,Miller,Female,1950-05-26,Columbia,MO,Private,Former,A+,2023-07-07
102199,David,Harris,Female,2004-05-18,St. Louis,MO,Medicare,Current,O+,2025-04-25
102200,John,Smith,Male,1982-10-28,Florissant,MO,Private,Current,A-,2024-08-08
102201,Linda,Young,Female,1983-11-27,Kansas City,MO,Private,Never,AB+,2023-06-21
102202,Susan,Jones,Female,1999-09-12,Florissant,MO,Medicare,Former,B-,2024-03-30
102203,Susan,Wilson,Female,1941-07-30,St. Charles,MO,Medicaid,Never,B-,2022-07-27
102204,Elizabeth,Clark,Female,1984-06-22,Florissant,MO,Medicaid,Never,AB+,2023-04-26
102205,Mary,King,Male,1963-07-09,St. Charles,MO,Private,Never,A-,2025-02-25
102206,Susan,Walker,Male,1957-04-23,Jefferson City,MO,Medicaid,Never,O+,2024-04-06
102207,William,Johnson,Male,1954-10-01,Jefferson City,MO,Private,Former,A+,2025-08-21
102208,John,Taylor,Female,1986-11-28,St. Joseph,MO,Private,Never,A-,2025-09-05
102209,Daniel,Garcia,Female,1954-03-04,St. Joseph,MO,Private,Current,A+,2021-05-31
102210,Linda,Davis,Female,1972-12-14,Florissant,MO,Medicaid,Never,AB-,2021-06-16
102211,Jessica,Brown,Other,1982-01-20,Independence,MO,Medicare,Never,O-,2022-06-03
102212,Mary,Clark,Male,1958-04-30,Florissant,MO,Private,Former,AB+,2022-08-22
102213,Jennifer,Taylor,Male,1943-08-11,Florissant,MO,Private,Former,B+,2023-05-05
102214,Daniel,Jones,Male,1945-10-01,Independence,MO,Uninsured,Never,A+,2024-05-03
102215,Barbara,Jackson,Male,1942-10-11,Kansas City,MO,Private,Never,B-,2024-07-27
102216,Robert,Clark,Male,1955-06-16,O'Fallon,MO,Private,Never,O-,2022-10-17
102217,Mary,Johnson,Male,1968-03-20,Independence,MO,Private,Current,AB-,2024-07-05
102218,Jessica,Young,Female,1940-04-02,St. Charles,MO,Private,Former,B-,2023-08-11
102219,Robert,Taylor,Female,1977-11-11,O'Fallon,MO,Medicaid,Never,AB-,2025-12-24
102220,Joseph,Moore,Female,1970-07-22,St. Louis,MO,Private,Never,B-,2025-12-15
102221,Barbara,Brown,Female,1952-07-21,Kansas City,MO,Medicaid,Current,A-,2022-03-08
102222,Patricia,Young,Male,1998-10-04,St. Louis,MO,Medicaid,Former,O+,2023-10-04
102223,Joseph,Miller,Female,1952-06-28,St. Joseph,MO,Private,Former,A-,2023-11-09
102224,David,Taylor,Female,1939-03-20,Springfield,MO,Medicaid,Never,A-,2022-04-04
102225,Jessica,Young,Female,1938-07-24,Jefferson City,MO,Medicare,Current,O+,2021-01-23
102226,Matthew,King,Male,1972-05-31,St. Louis,MO,Medicare,Former,AB-,2021-01-09
102227,Jennifer,Brown,Male,1939-06-19,Columbia,MO,Private,Former,AB-,2022-12-21
102228,Susan,Jackson,Male,1992-03-16,Florissant,MO,Private,Never,O+,2021-11-26
102229,Sarah,Smith,Female,1966-11-06,St. Charles,MO,Private,Current,B-,2022-04-21
102230,Barbara,Allen,Female,1946-06-26,St. Louis,MO,Medicaid,Former,A+,2024-12-18
102231,David,Williams,Female,1970-04-12,St. Louis,MO,Medicaid,Current,AB-,2022-03-21
102232,Richard,Martin,Male,1956-12-31,Springfield,MO,Medicare,Never,B-,2021-02-19
102233,Daniel,Garcia,Female,1937-07-29,St. Joseph,MO,Medicaid,Never,A+,2024-09-01
102234,Matthew,Clark,Female,1939-11-20,Florissant,MO,Private,Never,O+,2021-03-13
102235,David,Smith,Male,2005-04-05,Florissant,MO,Medicaid,Never,A-,2024-04-12
102236,Matthew,Garcia,Male,1955-12-04,Springfield,MO,Medicaid,Never,AB-,2022-02-10
102237,Jessica,Garcia,Female,1982-11-28,Independence,MO,Medicare,Never,B+,2024-11-28
102238,Joseph,Walker,Male,1990-11-29,Springfield,MO,Medicaid,Never,A-,2025-07-18
102239,Daniel,White,Female,1937-07-02,Columbia,MO,Medicare,Former,AB+,2023-09-15
102240,Joseph,Jones,Other,1971-10-26,O'Fallon,MO,Private,Never,A+,2025-01-28
102241,Patricia,Harris,Female,1962-04-07,Columbia,MO,Private,Never,B+,2025-01-14
102242,David,Anderson,Female,1963-09-20,Springfield,MO,Private,Current,A-,2023-11-17
102243,Charles,Walker,Female,1995-11-13,Jefferson City,MO,Private,Never,O-,2022-09-12
102244,Joseph,Clark,Female,1964-11-26,Independence,MO,Medicaid,Former,AB-,2021-11-25
102245,Patricia,Miller,Male,1977-02-25,Jefferson City,MO,Private,Never,B+,2023-01-21
102246,Daniel,Williams,Male,1994-09-14,Columbia,MO,Private,Never,B-,2025-09-14
102247,Richard,Moore,Male,2000-09-16,Florissant,MO,Medicare,Never,A+,2022-09-20
102248,Nancy,Jackson,Female,1978-12-20,Columbia,MO,Private,Never,AB+,2025-01-20
102249,Charles,Robinson,Male,1996-09-08,Kansas City,MO,Private,Current,B-,2024-11-29
102250,Mary,Lewis,Male,1975-07-07,St. Joseph,MO,Medicaid,Never,O-,2023-07-09
102251,Susan,Williams,Male,1953-08-23,St. Charles,MO,Private,Never,B+,2023-11-28
102252,Patricia,Brown,Female,1966-02-02,Kansas City,MO,Private,Former,A-,2024-03-10
102253,Jessica,Jones,Female,1972-04-17,Springfield,MO,Private,Never,A+,2024-06-10
102254,Daniel,Smith,Other,1977-11-06,St. Louis,MO,Private,Never,AB-,2022-11-25
102255,Karen,Brown,Female,1950-11-24,Jefferson City,MO,Medicaid,Current,AB+,2022-03-12
102256,Susan,Thomas,Female,1972-03-05,O'Fallon,MO,Medicaid,Never,A-,2023-08-13
102257,Joseph,King,Female,1963-07-08,Kansas City,MO,Private,Current,AB+,2024-02-01
102258,John,Anderson,Female,1970-04-29,Independence,MO,Private,Never,AB-,2025-10-01
102259,Linda,Allen,Female,1996-12-20,Jefferson City,MO,Private,Former,O+,2022-05-06
102260,Jessica,Walker,Male,1974-10-17,Kansas City,MO,Medicare,Never,A+,2025-06-20
102261,Elizabeth,Robinson,Female,1949-03-21,Florissant,MO,Medicaid,Never,B+,2025-01-01
102262,Patricia,King,Male,1976-04-21,St. Charles,MO,Medicaid,Former,AB+,2023-08-09
102263,Sarah,Moore,Male,1982-01-01,Columbia,MO,Medicare,Current,A+,2025-09-10
102264,Mary,Allen,Female,1948-01-12,Columbia,MO,Medicaid,Former,AB+,2025-11-25
102265,Thomas,Martin,Male,1948-11-16,Kansas City,MO,Medicaid,Former,A-,2025-05-05
102266,Richard,Allen,Male,1990-01-27,Springfield,MO,Medicaid,Current,AB+,2022-02-06
102267,Patricia,Jones,Female,1984-07-02,Independence,MO,Medicaid,Never,O+,2024-04-29
102268,David,Brown,Male,1943-07-02,Springfield,MO,Medicaid,Never,A-,2021-06-11
102269,Michael,Martin,Female,1970-01-10,Jefferson City,MO,Uninsured,Never,A-,2021-01-25
102270,Barbara,Anderson,Female,1947-07-27,St. Joseph,MO,Private,Former,A+,2021-03-03
102271,Elizabeth,Harris,Female,1940-05-28,St. Charles,MO,Medicare,Former,B-,2023-02-16
102272,Michael,Anderson,Female,1942-09-08,St. Charles,MO,Private,Former,AB-,2022-02-06
102273,Richard,Miller,Female,1995-12-30,Columbia,MO,Private,Current,AB+,2022-04-29
102274,Michael,White,Female,1989-04-12,St. Charles,MO,Private,Former,B+,2024-01-12
102275,Lisa,Smith,Female,1965-02-09,Springfield,MO,Medicaid,Never,O-,2024-09-16
102276,Thomas,Harris,Female,1989-08-25,Independence,MO,Medicaid,Never,A-,2023-01-29
102277,Elizabeth,Walker,Female,1975-11-24,Independence,MO,Private,Current,B-,2025-02-20
102278,Elizabeth,Wilson,Female,1999-05-28,Columbia,MO,Medicaid,Never,A-,2024-10-23
102279,Lisa,Garcia,Male,1972-01-08,Kansas City,MO,Private,Never,B-,2023-10-02
102280,Patricia,Lewis,Male,1997-02-08,Independence,MO,Private,Never,B-,2023-01-09
102281,Karen,Moore,Female,1963-01-24,Springfield,MO,Uninsured,Never,B+,2024-12-05
102282,Patricia,Williams,Male,2002-10-05,St. Louis,MO,Medicaid,Former,B-,2025-02-09
102283,Nancy,Miller,Male,1969-01-02,Kansas City,MO,Medicare,Never,B+,2022-07-23
102284,Michael,Young,Female,1980-10-16,St. Joseph,MO,Medicaid,Current,A+,2023-06-22
102285,Nancy,Wilson,Male,1990-11-14,O'Fallon,MO,Uninsured,Never,A-,2024-06-17
102286,James,Young,Male,1996-11-05,Florissant,MO,Medicaid,Former,B+,2023-04-01
102287,Barbara,Jones,Other,1966-04-25,St. Charles,MO,Private,Former,AB-,2021-09-27
102288,Lisa,Anderson,Female,1990-04-08,St. Charles,MO,Medicaid,Former,O+,2021-08-14
102289,Richard,Allen,Male,1964-01-25,St. Louis,MO,Medicaid,Current,A-,2021-08-03
102290,Elizabeth,Harris,Other,1936-06-14,Kansas City,MO,Medicare,Never,O+,2021-08-24
102291,Joseph,Thomas,Female,1965-12-24,Columbia,MO,Private,Never,AB-,2023-12-06
102292,Richard,Allen,Male,1943-02-04,Springfield,MO,Private,Never,AB+,2022-09-12
102293,Matthew,White,Male,1983-02-09,St. Louis,MO,Medicare,Current,AB-,2025-05-12
102294,Nancy,Williams,Female,1986-06-22,Florissant,MO,Private,Current,A+,2025-05-18
102295,Nancy,Young,Female,1968-06-06,Independence,MO,Private,Never,AB+,2024-10-24
102296,Daniel,Wilson,Female,1949-11-15,Columbia,MO,Private,Former,AB+,2021-03-18
102297,Nancy,Jackson,Female,1948-06-20,O'Fallon,MO,Private,Never,B-,2023-04-24
102298,William,Jones,Female,1971-12-08,Columbia,MO,Medicaid,Never,AB-,2022-09-26
102299,William,Allen,Male,1971-08-14,St. Louis,MO,Medicaid,Former,O-,2023-02-13
102300,Joseph,Moore,Female,1982-02-26,St. Joseph,MO,Private,Never,B-,2025-12-12
102301,Elizabeth,Martin,Male,1942-03-07,St. Louis,MO,Medicaid,Never,AB-,2022-08-01
102302,Lisa,Robinson,Female,1997-03-10,St. Louis,MO,Private,Former,AB+,2025-04-03
102303,Elizabeth,Jackson,Female,1971-07-07,St. Louis,MO,Medicare,Former,O-,2023-04-06
102304,Linda,White,Male,1940-07-30,Columbia,MO,Private,Never,B-,2021-11-17
102305,Lisa,Allen,Female,1948-12-01,St. Louis,MO,Medicaid,Former,O+,2021-06-06
102306,Jessica,Moore,Male,1996-05-18,Kansas City,MO,Private,Never,A-,2021-09-29
102307,Thomas,Harris,Male,1948-09-17,Columbia,MO,Medicare,Never,O-,2024-09-22
102308,Robert,Allen,Female,1971-12-08,Independence,MO,Uninsured,Former,AB-,2022-06-01
102309,Patricia,Davis,Male,1939-03-30,Kansas City,MO,Medicaid,Never,AB-,2023-01-16
102310,Sarah,Walker,Female,1999-03-09,Florissant,MO,Private,Never,B-,2021-06-04
102311,Lisa,Johnson,Male,1953-11-14,Independence,MO,Private,Never,AB-,2021-10-19
102312,Charles,Jones,Female,1994-10-02,O'Fallon,MO,Private,Current,AB+,2025-05-18
102313,Patricia,Garcia,Female,1952-04-29,St. Charles,MO,Medicaid,Never,B-,2025-10-16
102314,Michael,Thomas,Female,1950-05-09,Columbia,MO,Private,Never,B-,2022-07-21
102315,Elizabeth,Clark,Female,1958-11-28,St. Charles,MO,Medicaid,Never,O-,2022-03-27
102316,Sarah,Young,Female,1989-02-12,Columbia,MO,Medicaid,Never,B+,2023-05-19
102317,Charles,Young,Male,1983-10-10,Independence,MO,Private,Former,O+,2025-03-15
102318,Patricia,Smith,Male,1980-10-09,O'Fallon,MO,Private,Never,O+,2022-04-19
102319,Elizabeth,Harris,Male,1959-12-07,Springfield,MO,Private,Former,B+,2022-10-06
102320,James,Taylor,Male,1966-11-30,Springfield,MO,Private,Former,O-,2025-02-17
102321,Matthew,Anderson,Female,2000-06-01,Kansas City,MO,Medicaid,Former,AB+,2024-10-28
102322,Sarah,Lewis,Male,1979-08-11,St. Louis,MO,Private,Never,A-,2022-11-12
102323,Robert,Martin,Female,1951-09-09,St. Louis,MO,Medicare,Never,AB-,2025-11-24
102324,Joseph,Anderson,Female,1969-12-29,Springfield,MO,Private,Never,O-,2021-07-03
102325,Thomas,Jackson,Male,1993-12-29,Independence,MO,Private,Never,A+,2022-08-16
102326,John,Lewis,Female,1988-12-29,O'Fallon,MO,Private,Never,AB-,2021-06-11
102327,Barbara,Brown,Male,1958-02-07,Kansas City,MO,Medicaid,Former,A+,2025-03-27
102328,Mary,Johnson,Female,1955-11-04,Independence,MO,Private,Never,O-,2022-10-29
102329,James,Wilson,Male,1937-01-08,St. Louis,MO,Medicare,Never,O+,2025-03-06
102330,Matthew,Anderson,Female,1936-05-04,Kansas City,MO,Medicaid,Never,AB+,2023-12-23
102331,Daniel,Taylor,Female,2000-06-24,St. Charles,MO,Medicare,Never,A-,2023-01-28
102332,Thomas,Martin,Male,1967-05-28,Jefferson City,MO,Private,Current,A-,2021-12-09
102333,Nancy,Miller,Male,1980-05-15,Florissant,MO,Medicare,Never,A-,2025-08-21
102334,Jessica,Allen,Female,1996-02-16,Kansas City,MO,Medicare,Current,B+,2024-10-04
102335,Robert,Jackson,Male,1963-06-28,St. Louis,MO,Medicare,Never,AB+,2024-05-05
102336,Joseph,Young,Female,1967-10-14,Independence,MO,Medicaid,Current,A+,2021-03-26
102337,John,Lewis,Female,1994-04-14,St. Charles,MO,Private,Never,A-,2024-04-06
102338,Michael,Young,Male,1952-09-05,Florissant,MO,Private,Current,AB+,2023-03-19
102339,David,Jackson,Female,1991-06-18,Florissant,MO,Medicare,Never,AB-,2021-12-28
102340,Elizabeth,King,Female,1944-05-31,Kansas City,MO,Private,Never,A+,2024-02-13
102341,William,Davis,Female,1980-01-29,Florissant,MO,Private,Never,O+,2022-02-19
102342,Susan,Taylor,Female,1973-06-13,St. Charles,MO,Private,Never,B+,2022-09-06
102343,Richard,Wilson,Male,1969-01-07,O'Fallon,MO,Private,Never,B-,2023-12-28
102344,Mary,Jackson,Male,1985-04-27,Independence,MO,Medicare,Former,O-,2023-02-25
102345,John,Smith,Other,2001-02-25,Kansas City,MO,Private,Never,O-,2023-04-18
102346,Michael,Smith,Female,1977-09-15,Florissant,MO,Medicaid,Never,A+,2024-07-14
102347,Daniel,Lewis,Male,1984-03-12,O'Fallon,MO,Medicare,Former,O+,2022-12-09
102348,Sarah,Williams,Female,1954-04-22,Independence,MO,Private,Never,O+,2021-05-07
102349,John,Anderson,Male,1964-02-06,Columbia,MO,Private,Never,O+,2024-04-24
102350,Elizabeth,Davis,Male,1949-05-12,O'Fallon,MO,Medicaid,Current,AB-,2021-09-04
102351,Nancy,Jackson,Female,1995-12-19,Columbia,MO,Private,Current,A+,2025-02-08
102352,Michael,Anderson,Male,1991-08-03,Columbia,MO,Private,Current,A+,2021-09-22
102353,William,Smith,Female,1942-01-31,O'Fallon,MO,Private,Former,B-,2022-09-25
102354,Thomas,Clark,Male,1966-04-06,Florissant,MO,Private,Never,A-,2021-08-30
102355,David,Johnson,Female,1967-08-17,Columbia,MO,Medicaid,Current,AB-,2025-02-23
102356,Michael,Lewis,Male,1985-09-17,Florissant,MO,Private,Never,O+,2021-05-10
102357,Lisa,Moore,Female,1995-05-03,Florissant,MO,Medicaid,Never,B-,2024-09-15
102358,Susan,Young,Female,1966-05-08,Independence,MO,Medicare,Former,A+,2023-09-15
102359,Charles,Smith,Male,1953-04-21,St. Joseph,MO,Medicaid,Never,AB-,2025-01-22
102360,Patricia,Johnson,Female,1978-07-30,St. Charles,MO,Private,Never,B+,2025-07-01
102361,Jennifer,White,Male,1946-04-20,Florissant,MO,Private,Never,A+,2024-07-03
102362,Elizabeth,Jackson,Male,1990-09-11,Independence,MO,Private,Never,B+,2025-11-14
102363,Michael,Moore,Female,1961-01-01,Jefferson City,MO,Private,Never,AB+,2021-01-08
102364,Richard,White,Male,1994-12-27,Columbia,MO,Medicare,Never,B+,2024-05-01
102365,Susan,Harris,Female,1950-06-11,Kansas City,MO,Medicare,Never,A+,2024-07-05
102366,Patricia,Walker,Female,1968-09-10,Florissant,MO,Medicare,Never,B-,2025-04-17
102367,Linda,Miller,Female,1987-12-03,O'Fallon,MO,Private,Never,A+,2022-04-14
102368,Robert,King,Male,1987-07-22,Columbia,MO,Private,Never,A+,2021-01-15
102369,James,Harris,Male,1941-06-15,Columbia,MO,Uninsured,Current,AB+,2025-01-21
102370,Patricia,Miller,Male,1962-01-08,Jefferson City,MO,Private,Never,O+,2023-10-06
102371,John,Moore,Female,1993-03-28,Kansas City,MO,Private,Current,A-,2024-04-26
102372,William,Jones,Female,2002-05-07,Independence,MO,Private,Never,A+,2024-08-28
102373,Linda,Harris,Female,1961-11-16,Jefferson City,MO,Private,Never,AB+,2025-02-20
102374,James,Williams,Male,2002-12-31,St. Charles,MO,Private,Never,B-,2022-02-25
102375,Jennifer,Miller,Male,1952-01-27,Columbia,MO,Private,Never,AB+,2025-10-28
102376,William,Harris,Male,1976-07-16,Florissant,MO,Private,Never,O-,2023-08-17
102377,Michael,Miller,Male,1937-06-16,Florissant,MO,Private,Never,AB+,2024-01-29
102378,Patricia,Walker,Male,2000-09-12,Jefferson City,MO,Medicaid,Never,B+,2024-03-01
102379,Richard,Smith,Male,1990-07-24,St. Charles,MO,Medicare,Never,A-,2025-05-09
102380,Thomas,Harris,Male,1980-01-19,Springfield,MO,Medicare,,A-,2023-06-13
102381,Mary,Harris,Male,1973-03-03,St. Louis,MO,Private,Current,AB-,2025-05-30
102382,Robert,Taylor,Male,1977-07-26,O'Fallon,MO,Private,Never,O+,2021-02-15
102383,Barbara,Williams,Male,1967-12-18,O'Fallon,MO,Medicare,Former,B-,2021-02-22
102384,Daniel,Jackson,Male,1958-05-15,Springfield,MO,Medicaid,Former,AB-,2024-09-26
102385,Linda,Walker,Male,1974-06-20,Columbia,MO,Medicaid,Never,O+,2025-06-15
102386,Jennifer,Taylor,Female,1951-01-19,Independence,MO,Private,Current,O+,2021-05-06
102387,Linda,White,Male,1938-12-04,Kansas City,MO,Medicaid,Current,AB+,2021-06-22
102388,Sarah,Young,Male,1973-07-22,Springfield,MO,Medicare,Never,B-,2022-10-29
102389,John,Wilson,Male,1981-01-08,St. Charles,MO,Medicare,Former,O+,2023-08-03
102390,Nancy,King,Male,1935-01-13,Florissant,MO,Medicare,Former,B-,2021-08-20
102391,Barbara,King,Male,1949-09-05,St. Louis,MO,Private,Never,A-,2025-07-27
102392,John,Smith,Male,1952-04-11,Columbia,MO,Medicaid,Never,A-,2023-09-21
102393,Nancy,Young,Female,1970-09-13,St. Louis,MO,Private,Current,A-,2023-06-23
102394,Jennifer,White,Male,1939-05-26,,MO,Private,Former,A+,2025-01-07
102395,Mary,Wilson,Male,1966-10-17,Florissant,MO,Uninsured,Never,AB+,2023-07-09
102396,Matthew,Lewis,Female,2005-10-18,St. Charles,MO,Medicaid,Never,O-,2024-06-02
102397,Barbara,Thomas,Male,1999-09-09,O'Fallon,MO,Medicare,Current,B-,2022-01-10
102398,Mary,Lewis,Male,1985-11-06,Kansas City,MO,Medicare,Never,AB+,2022-07-09
102399,Jennifer,Young,Female,1953-03-05,Springfield,MO,Medicare,Former,O+,2025-04-05
102400,Thomas,Wilson,Female,1943-08-25,O'Fallon,MO,Private,Never,B-,2025-10-24
102401,John,Miller,Male,1977-04-08,,MO,Medicare,Never,B-,2021-10-14
102402,Mary,Martin,Female,1988-12-05,St. Charles,MO,Medicare,Never,AB-,2023-08-26
102403,Matthew,Lewis,Male,1990-01-02,Springfield,MO,Private,Never,B-,2025-04-24
102404,Karen,Lewis,Male,1974-03-07,Jefferson City,MO,Private,Never,B-,2021-05-21
102405,Linda,Johnson,Female,1951-05-15,Kansas City,MO,Medicare,Former,B+,2025-01-27
102406,Nancy,Wilson,Male,1991-07-20,Independence,MO,Medicare,Former,O-,2024-10-17
102407,Barbara,Moore,Male,1989-10-26,St. Joseph,MO,Medicare,Never,B+,2024-06-29
102408,Patricia,Jackson,Female,1939-12-05,Florissant,MO,Private,Former,AB-,2023-09-14
102409,Robert,Williams,Female,1985-11-22,St. Charles,MO,Private,Never,A+,2024-01-18
102410,Richard,Taylor,Male,1938-01-08,Florissant,MO,Private,Never,A-,2023-12-24
102411,Joseph,Walker,Female,1950-07-29,Kansas City,MO,Private,Never,O+,2021-02-15
102412,Matthew,Martin,Male,1976-05-03,Springfield,MO,Private,Never,O+,2024-07-10
102413,Jessica,Davis,Female,1976-07-27,Independence,MO,Medicare,Current,O-,2021-01-08
102414,Elizabeth,Clark,Male,1978-09-05,St. Joseph,MO,Medicaid,Former,B-,2022-06-18
102415,Matthew,Lewis,Male,1984-10-19,St. Louis,MO,Private,Never,AB+,2021-06-13
102416,Jessica,White,Male,1969-05-01,Independence,MO,Private,Former,O+,2021-12-13
102417,Barbara,Johnson,Male,1967-11-19,St. Charles,MO,Medicaid,Never,B+,2021-11-13
102418,Thomas,Davis,Male,1961-10-11,Florissant,MO,Private,Never,A-,2024-08-07
102419,Jessica,Young,Female,1949-01-14,Independence,MO,Private,Never,A+,2025-12-14
102420,Barbara,Garcia,Female,1949-05-16,Columbia,MO,Medicare,Former,A-,2023-02-10
102421,Linda,Thomas,Male,1959-09-01,Springfield,MO,Private,Never,B-,2024-10-09
102422,Karen,Jackson,Male,2002-12-27,Springfield,MO,Medicare,Current,O-,2023-08-31
102423,John,Davis,Male,1987-05-24,Columbia,MO,Private,Never,A-,2025-02-05
102424,Jessica,Brown,Female,1952-03-05,O'Fallon,MO,Medicare,Never,B-,2025-02-10
102425,Richard,Jackson,Female,1989-10-02,O'Fallon,MO,Private,Current,AB-,2023-07-26
102426,Matthew,Robinson,Female,2000-05-04,Kansas City,MO,Private,Never,B+,2023-01-13
102427,Charles,Harris,Female,1952-03-28,Jefferson City,MO,Medicaid,Former,B+,2021-11-23
102428,Linda,Moore,Male,2001-11-17,St. Louis,MO,Private,Former,B-,2022-11-20
102429,Nancy,Clark,Male,1992-03-31,Columbia,MO,Private,Current,AB+,2021-04-14
102430,Robert,Johnson,Female,2000-06-15,Kansas City,MO,Private,Never,B+,2021-11-05
102431,Karen,Moore,Female,1986-03-20,Florissant,MO,Medicare,Never,O-,2024-03-23
102432,Linda,Moore,Male,1947-06-03,Columbia,MO,Private,Former,AB+,2022-01-10
102433,Lisa,Young,Male,1984-06-06,Jefferson City,MO,Medicare,Never,B-,2024-06-13
102434,Barbara,Jackson,Female,1937-08-27,Columbia,MO,Medicare,Never,AB-,2024-09-16
102435,James,Robinson,Male,1942-02-11,Jefferson City,MO,Medicare,Never,B-,2022-11-15
102436,Daniel,Anderson,Male,1949-09-21,Jefferson City,MO,Medicaid,Never,AB-,2021-12-17
102437,Karen,Williams,Female,1994-05-15,Jefferson City,MO,Private,Never,O+,2024-05-14
102438,Jennifer,Lewis,Male,1961-07-06,Springfield,MO,Medicaid,Never,B+,2024-05-26
102439,Nancy,Williams,Male,1962-01-25,Independence,MO,Medicaid,Never,O-,2023-05-05
102440,Sarah,Young,Female,2001-03-13,Springfield,MO,Private,Never,AB+,2021-03-29
102441,Linda,Martin,Female,1967-09-15,Kansas City,MO,Private,Never,O-,2022-08-16
102442,Michael,Davis,Other,1975-08-15,Springfield,MO,Private,Former,B-,2025-03-25
102443,James,Allen,Male,1974-03-21,Springfield,MO,Medicare,Former,O+,2025-03-21
102444,Daniel,Brown,Male,1967-02-14,Florissant,MO,Private,Never,B+,2025-10-18
102445,Jessica,Robinson,Female,1961-12-14,Columbia,MO,Medicare,Never,O-,2024-10-18
102446,Barbara,Taylor,Female,1953-04-03,Springfield,MO,Uninsured,Never,O+,2022-12-28
102447,Jennifer,Taylor,Male,1940-06-27,St. Joseph,MO,Private,,AB-,2021-04-13
102448,Karen,Taylor,Female,1942-09-04,Jefferson City,MO,Private,Former,B-,2021-08-25
102449,Mary,Johnson,Male,1947-11-24,Columbia,MO,Medicare,Former,O+,2024-05-18
102450,Susan,Harris,Male,1935-12-04,O'Fallon,MO,Medicaid,Current,O-,2023-12-20
102451,Patricia,Wilson,Male,1975-02-10,Florissant,MO,Medicare,Never,O+,2021-09-28
102452,James,Johnson,Male,1955-10-25,Independence,MO,Medicaid,Never,AB-,2022-05-24
102453,Matthew,King,Male,1935-04-01,Florissant,MO,Medicaid,Former,A-,2024-11-28
102454,Sarah,Jackson,Female,1944-05-22,Jefferson City,MO,Private,Never,O-,2021-04-25
102455,Richard,White,Female,1965-06-18,Columbia,MO,Medicare,Never,AB-,2025-04-02
102456,Mary,Brown,Female,1981-05-02,Independence,MO,Private,Never,A-,2022-01-13
102457,William,Davis,Male,1974-04-22,St. Louis,MO,Medicare,Never,B+,2025-11-29
102458,Daniel,Wilson,Male,1955-04-26,St. Charles,MO,Medicare,Never,B-,2022-10-03
102459,Mary,Jones,Male,1967-10-19,Florissant,MO,Private,Never,O+,2023-04-04
102460,William,White,Male,1962-11-11,Independence,MO,Private,Former,B+,2023-04-04
102461,James,Moore,Female,1980-07-26,Kansas City,MO,Private,Current,A+,2022-07-02
102462,David,Miller,Female,2005-10-17,Independence,MO,Medicare,Never,AB-,2023-06-16
102463,John,Robinson,Female,1979-12-15,,MO,Private,Never,B+,2025-04-24
102464,Karen,Harris,Male,1984-08-26,Jefferson City,MO,Medicaid,Never,B+,2021-10-20
102465,Matthew,Williams,Male,1937-09-07,Columbia,MO,Medicaid,Current,O+,2021-03-13
102466,Patricia,Jones,Female,1953-05-25,St. Louis,MO,Private,Never,A-,2024-12-19
102467,Sarah,Lewis,Male,1988-10-04,Kansas City,MO,Medicaid,Current,AB-,2025-06-09
102468,Matthew,Thomas,Female,1980-08-05,Independence,MO,Medicare,Never,A-,2022-09-25
102469,Jennifer,Miller,Other,1951-05-14,St. Joseph,MO,Private,Former,B-,2024-09-09
102470,John,Wilson,Male,1963-03-19,Springfield,MO,Private,Never,B+,2024-11-10
102471,Nancy,Garcia,Female,1966-05-27,Jefferson City,MO,Medicare,Never,AB-,2022-07-29
102472,David,Harris,Female,1986-06-02,Florissant,MO,Private,Never,B+,2025-05-03
102473,Joseph,White,Male,1982-09-26,Florissant,MO,Medicare,Never,B-,2022-08-02
102474,Nancy,Allen,Female,1978-02-06,St. Charles,MO,Private,Former,AB+,2024-12-13
102475,Robert,Williams,Male,1974-05-31,Jefferson City,MO,Private,Former,B-,2024-12-26
102476,Karen,Walker,Male,1943-12-20,Kansas City,MO,Medicare,Never,A-,2023-08-18
102477,Elizabeth,Brown,Female,1961-01-13,O'Fallon,MO,Medicare,Current,A-,2023-12-09
102478,Barbara,Anderson,Female,1935-05-22,St. Louis,MO,Medicare,Never,O-,2023-07-24
102479,Joseph,Jones,Male,1990-06-13,Kansas City,MO,Private,Current,B+,2023-12-07
102480,Thomas,Walker,Male,1950-02-04,St. Louis,MO,Private,Never,A-,2023-03-05
102481,Elizabeth,Young,Female,1986-05-06,Columbia,MO,Medicare,Current,AB-,2023-05-30
102482,Jennifer,Anderson,Female,1990-04-16,,MO,Medicare,Never,B-,2022-09-07
102483,Sarah,Thomas,Female,1969-09-19,Jefferson City,MO,Medicaid,Never,B+,2022-09-21
102484,Richard,Anderson,Male,1994-03-27,Jefferson City,MO,Medicare,Never,B-,2022-01-19
102485,John,Moore,Female,1952-04-15,Florissant,MO,Medicaid,Never,B-,2023-05-16
102486,Lisa,Taylor,Male,1942-12-19,Springfield,MO,Private,Never,B+,2023-12-06
102487,Elizabeth,Young,Female,1998-08-21,St. Charles,MO,Private,Never,O+,2022-03-24
102488,Susan,White,Male,1976-07-26,Springfield,MO,Uninsured,Current,AB+,2023-10-22
102489,Jennifer,Davis,Female,1956-06-16,Kansas City,MO,Private,Current,O-,2024-05-18
102490,John,Davis,Male,1958-09-07,Florissant,MO,Private,Current,O+,2025-03-06
102491,Jessica,Davis,Male,1937-02-26,St. Louis,MO,Private,Current,A-,2022-01-06
102492,Michael,Moore,Male,1986-08-24,O'Fallon,MO,Uninsured,Former,A+,2023-10-03
102493,Karen,Johnson,Male,1984-12-12,Independence,MO,Medicare,Current,O-,2024-08-25
102494,Susan,Thomas,Female,2003-12-10,St. Joseph,MO,Medicare,Current,O+,2024-12-06
102495,William,Anderson,Female,1949-06-11,Columbia,MO,Medicare,Never,A+,2021-10-08
102496,Joseph,Thomas,Female,1977-08-25,Springfield,MO,Private,Former,A+,2024-04-19
102497,Daniel,Taylor,Male,1975-03-01,St. Charles,MO,Private,Current,A-,2024-08-17
102498,John,Jackson,Female,1961-03-18,O'Fallon,MO,Medicaid,Former,AB+,2025-04-07
102499,Mary,White,Female,1957-03-14,O'Fallon,MO,Private,Never,B-,2022-06-23
102500,Mary,Harris,Male,1948-04-14,Columbia,MO,Private,Never,B+,2021-04-16
100171,Matthew,Moore,Female,1975-05-29,O'Fallon,MO,Medicaid,Never,AB+,2024-03-10
102226,Matthew,King,Male,1972-05-31,St. Louis,MO,Medicare,Former,AB-,2021-01-09
102451,Patricia,Wilson,Male,1975-02-10,Florissant,MO,Medicare,Never,O+,2021-09-28
100998,Karen,Taylor,Male,1998-03-13,Jefferson City,MO,Private,Current,AB+,2021-10-22
100241,Patricia,Thomas,Male,1960-02-07,Springfield,MO,Private,Current,O+,2023-07-20
100433,Jessica,Lewis,Male,1958-09-05,Columbia,MO,Uninsured,Current,B-,2022-03-02
100475,Robert,Anderson,Male,1982-08-29,Springfield,MO,Medicaid,Never,AB-,2025-09-14
100922,Thomas,Walker,Female,1981-11-24,St. Louis,MO,Medicare,Never,B+,2021-11-30
100064,Linda,Smith,Male,1952-01-17,Columbia,MO,Medicaid,Former,O+,2022-02-04
102219,Robert,Taylor,Female,1977-11-11,O'Fallon,MO,Medicaid,Never,AB-,2025-12-24
101969,Robert,Williams,Female,1959-06-14,Columbia,MO,Private,Current,AB-,2021-10-07
101043,David,Thomas,Female,1996-02-02,O'Fallon,MO,Private,Former,AB+,2025-01-07
100563,Matthew,Thomas,Female,1938-10-15,Independence,MO,Private,Never,O+,2024-04-17
100122,Matthew,White,Female,1981-06-22,Columbia,MO,Medicaid,Never,A-,2023-05-16
100491,Elizabeth,Walker,Female,1984-03-27,Springfield,MO,Private,Never,O+,2024-10-19
