Payment_ID,Claim_ID,Patient_ID,Payment_Date,Payment_Method,Payment_Amount,Payment_Status
1300001,1204381,100172,2021-09-23,Insurance,2526.42,Paid
1300002,1204429,101390,2025-11-10,Insurance,2503.87,Paid
1300003,1202180,100496,2022-12-13,Insurance,644.51,Paid
1300004,1202957,101270,2022-01-27,Insurance,260.29,Paid
1300005,1202910,100552,2025-03-23,Bank Transfer,955.52,Paid
1300006,1206007,101238,2021-06-28,Cash,986.84,Paid
1300007,1204979,100986,2024-03-10,Bank Transfer,898.35,Paid
1300008,1200767,100505,2021-11-18,Insurance,3509.39,Paid
1300009,1201783,100230,2021-02-25,Insurance,541.04,Paid
1300010,1202216,102172,2023-08-03,Insurance,3846.5,Paid
1300011,1204730,101125,2021-11-21,Insurance,258.92,Paid
1300012,1205585,100754,2022-11-12,Bank Transfer,375.29,Paid
1300013,1204380,100005,2023-06-16,Insurance,4437.81,Paid
1300014,1205467,100238,2021-02-13,Insurance,4429.54,Paid
1300015,1204464,101915,2022-04-09,Cash,1506.21,Paid
1300016,1201012,100521,2023-01-21,Credit Card,516.18,Paid
1300017,1205849,101387,2022-01-28,Insurance,7983.88,Paid
1300018,1200439,101834,2021-08-27,Insurance,1991.19,Paid
1300019,1204741,101606,2021-06-08,Insurance,3601.06,Refunded
1300020,1203233,101756,2025-11-12,Insurance,1013.27,Paid
1300021,1202529,100641,2025-01-13,Insurance,1653.84,Paid
1300022,1201081,100278,2025-11-07,Credit Card,454.02,Paid
1300023,1200102,101187,2025-01-09,Insurance,376.04,Paid
1300024,1201801,102345,2021-11-16,Insurance,1069.91,Paid
1300025,1204446,102319,2025-12-23,Cash,1203.2,Paid
1300026,1206146,100008,2024-11-08,Credit Card,2864.02,Paid
1300027,1205817,102166,2021-11-18,Insurance,916.36,Paid
1300028,1202579,101011,2021-07-25,Bank Transfer,191.0,Paid
1300029,1203582,100375,2021-11-17,Insurance,2948.54,Paid
1300030,1205188,101795,2022-07-23,Credit Card,407.39,Paid
1300031,1201007,101419,2021-05-14,Insurance,873.92,Paid
1300032,1201229,101816,2025-03-23,Insurance,1461.1,Paid
1300033,1200199,101458,2021-02-01,Insurance,1389.49,Paid
1300034,1201630,102431,2024-03-10,Credit Card,895.72,Paid
1300035,1203962,101184,2021-02-17,Insurance,4480.51,Paid
1300036,1204491,101506,2022-07-16,Insurance,997.12,Paid
1300037,1203767,100483,2021-03-23,Insurance,432.32,Paid
1300038,1202282,100983,2025-09-29,Credit Card,544.1,Paid
1300039,1203056,101821,2021-09-22,Insurance,3052.72,Paid
1300040,1200773,101370,2022-04-23,Insurance,276.28,Paid
1300041,1200028,100805,2024-09-21,Insurance,869.77,Paid
1300042,1202570,102100,2023-01-28,Insurance,5395.01,Paid
1300043,1204217,100214,2021-09-27,Credit Card,927.14,Refunded
1300044,1201273,101122,2023-08-12,Credit Card,1221.74,Paid
1300045,1201198,101397,2021-03-07,Credit Card,1128.47,Paid
1300046,1203512,101634,2024-09-03,Insurance,1912.29,Refunded
1300047,1203314,101851,2021-12-03,Bank Transfer,1542.38,Paid
1300048,1204371,101436,2023-08-29,Insurance,958.31,Paid
1300049,1202654,101592,2024-10-29,Credit Card,2256.31,Paid
1300050,1203231,102387,2024-11-15,Insurance,611.75,Paid
1300051,1205238,100548,2023-11-23,Insurance,366.62,Paid
1300052,1203380,100517,2024-06-21,Credit Card,496.99,Paid
1300053,1203923,102265,2023-06-12,Bank Transfer,1415.29,Paid
1300054,1201986,100256,2024-09-06,Insurance,2224.87,Paid
1300055,1206148,102215,2022-06-01,Credit Card,492.97,Paid
1300056,1200613,100624,2025-11-05,Insurance,468.93,Paid
1300057,1203397,101052,2023-06-29,Credit Card,2048.5,Paid
1300058,1203245,101490,2025-02-17,Credit Card,700.84,Paid
1300059,1205965,101606,2023-09-23,Insurance,2541.85,Paid
1300060,1206191,102480,2021-09-28,Cash,2949.39,Paid
1300061,1202372,102090,2022-08-12,Bank Transfer,1518.1,Pending
1300062,1204454,102051,2024-12-06,Credit Card,3681.6,Paid
1300063,1203982,102198,2024-05-26,Insurance,1531.61,Paid
1300064,1202431,100616,2025-06-26,Insurance,321.01,Paid
1300065,1205207,102281,2025-12-25,Credit Card,800.75,Paid
1300066,1202887,100153,2021-04-01,Insurance,631.33,Paid
1300067,1203631,100958,2024-03-19,Insurance,3341.02,Paid
1300068,1205389,102396,2024-10-24,Insurance,1810.95,Paid
1300069,1202572,100158,2025-05-02,Insurance,1810.58,Paid
1300070,1201068,100682,2024-01-24,Insurance,737.81,Paid
1300071,1201095,101157,2024-01-24,Credit Card,938.26,Paid
1300072,1200991,101449,2022-12-16,Insurance,1748.87,Paid
1300073,1200427,101976,2022-08-04,Insurance,1099.09,Paid
1300074,1202690,101272,2022-08-18,Insurance,623.53,Paid
1300075,1205883,102355,2025-04-10,Credit Card,462.24,Paid
1300076,1204501,101516,2022-08-31,Insurance,5435.15,Paid
1300077,1202052,100977,2025-09-04,Credit Card,6307.82,Paid
1300078,1202579,101270,2023-11-10,Credit Card,1327.52,Paid
1300079,1200910,102494,2025-06-30,Insurance,1134.14,Paid
1300080,1202809,102105,2024-07-19,Insurance,1293.36,Paid
1300081,1200933,100377,2025-09-09,Cash,1589.73,Paid
1300082,1202443,100874,2024-11-27,Insurance,1628.38,Paid
1300083,1200829,102242,2022-10-05,Bank Transfer,1948.61,Refunded
1300084,1203652,100710,2021-10-10,Insurance,8407.35,Paid
1300085,1202994,100693,2023-08-13,Credit Card,1822.77,Paid
1300086,1205425,102222,2025-05-11,Cash,7111.26,Paid
1300087,1202942,101819,2022-12-07,Credit Card,1964.77,Pending
1300088,1205916,100223,2024-08-26,Insurance,1158.74,Paid
1300089,1203933,100135,2023-01-12,Insurance,1152.59,Paid
1300090,1204139,101486,2025-03-03,Cash,3141.45,Pending
1300091,1200673,102263,2024-10-04,Insurance,1451.36,Paid
1300092,1201983,100049,2022-09-24,Insurance,599.79,Paid
1300093,1200715,100098,2023-10-09,Insurance,588.75,Paid
1300094,1203091,101278,2025-09-03,Cash,1813.0,Paid
1300095,1205004,100554,2023-04-28,Insurance,2158.51,Refunded
1300096,1204650,101679,2025-01-14,Insurance,1121.13,Paid
1300097,1204389,101291,2021-08-10,Cash,1605.5,Paid
1300098,1203792,101169,2024-10-04,Credit Card,7662.45,Paid
1300099,1205026,100639,2022-03-26,Bank Transfer,1591.16,Paid
1300100,1205595,101384,2024-12-26,Insurance,792.42,Paid
1300101,1201331,100229,2023-02-28,Credit Card,1886.83,Paid
1300102,1203933,101887,2023-08-15,Insurance,169.17,Paid
1300103,1205027,102346,2022-12-21,Insurance,903.7,Paid
1300104,1205521,101237,2025-11-18,Insurance,743.88,Paid
1300105,1200894,101961,2024-01-24,Credit Card,974.13,Paid
1300106,1202684,101557,2023-05-28,Insurance,919.25,Paid
1300107,1202385,101768,2025-08-08,Cash,1075.62,Paid
1300108,1200563,100450,2021-10-23,Insurance,1512.52,Pending
1300109,1202919,102148,2024-02-10,Insurance,1024.71,Paid
1300110,1201099,100830,2023-01-06,Insurance,1084.63,Paid
1300111,1205262,100736,2021-02-13,Credit Card,374.02,Paid
1300112,1204663,100498,2025-01-20,Credit Card,259.86,Paid
1300113,1200362,101408,2025-08-19,Insurance,1482.13,Refunded
1300114,1200915,100410,2022-05-15,Insurance,433.55,Paid
1300115,1204317,101041,2025-02-02,Insurance,5423.44,Paid
1300116,1201148,102304,2023-05-04,Cash,1313.25,Refunded
1300117,1206151,101825,2025-08-29,Bank Transfer,676.64,Paid
1300118,1205250,100015,2023-06-22,Insurance,897.68,Paid
1300119,1205655,100667,2021-11-28,Credit Card,434.9,Paid
1300120,1205492,100567,2025-02-09,Insurance,2267.52,Pending
1300121,1205886,102231,2025-08-15,Credit Card,956.84,Paid
1300122,1200300,101976,2021-07-09,Insurance,5769.35,Paid
1300123,1203947,100510,2022-04-15,Insurance,920.62,Paid
1300124,1202000,100967,2021-03-31,Insurance,5352.75,Paid
1300125,1200713,101475,2021-04-13,Bank Transfer,517.21,Paid
1300126,1204435,100291,2024-10-22,Insurance,2480.91,Paid
1300127,1205779,101141,2024-04-24,Bank Transfer,1566.65,Paid
1300128,1205721,100030,2023-02-01,Insurance,6187.45,Paid
1300129,1200107,102493,2025-03-26,Insurance,1239.45,Paid
1300130,1205459,101247,2023-01-19,Credit Card,2614.94,Pending
1300131,1205608,100332,2024-02-24,Insurance,1095.07,Paid
1300132,1200543,100251,2022-10-19,Cash,2252.79,Paid
1300133,1205485,102480,2021-11-07,Insurance,3116.35,Paid
1300134,1206084,100523,2025-09-27,Insurance,2463.76,Paid
1300135,1205059,100729,2023-02-06,Cash,1443.2,Paid
1300136,1200390,102471,2024-06-22,Insurance,1966.32,Paid
1300137,1205489,102372,2022-01-26,Insurance,7702.52,Paid
1300138,1203421,100527,2024-12-29,Insurance,644.62,Paid
1300139,1203043,100640,2025-03-19,Insurance,578.43,Paid
1300140,1203709,101803,2025-04-09,Cash,2172.64,Paid
1300141,1204728,100348,2025-09-28,Insurance,2193.92,Paid
1300142,1201335,100532,2021-11-25,Credit Card,2025.87,Paid
1300143,1205332,101901,2021-09-10,Insurance,2625.88,Paid
1300144,1201801,100966,2023-08-16,Insurance,1190.63,Paid
1300145,1201256,100213,2023-10-22,Insurance,1305.74,Pending
1300146,1205071,100244,2022-02-24,Insurance,1844.31,Paid
1300147,1203531,100448,2025-10-16,Insurance,1836.2,Paid
1300148,1203414,100950,2025-01-05,Insurance,2127.13,Paid
1300149,1201364,101668,2021-06-30,Credit Card,1777.05,Paid
1300150,1201793,100779,2022-08-18,Insurance,4998.01,Paid
1300151,1204711,100222,2024-10-29,Insurance,491.61,Paid
1300152,1200804,100036,2025-04-23,Insurance,13860.72,Pending
1300153,1200270,100936,2025-05-17,Insurance,2450.04,Paid
1300154,1204096,100665,2025-01-15,Insurance,1147.43,Paid
1300155,1204033,100547,2021-11-11,Credit Card,1377.12,Pending
1300156,1203686,101224,2021-06-04,Cash,1566.86,Paid
1300157,1200865,100507,2022-08-25,Insurance,1239.03,Pending
1300158,1202761,100665,2024-04-14,Credit Card,1725.52,Paid
1300159,1200540,102443,2025-09-11,Insurance,1998.32,Paid
1300160,1201910,101606,2021-09-07,Cash,1238.96,Paid
1300161,1205299,101473,2024-06-22,Credit Card,949.55,Paid
1300162,1203289,101390,2025-09-10,Insurance,954.18,Paid
1300163,1202171,102332,2023-08-14,Cash,442.02,Paid
1300164,1200618,100856,2024-08-08,Insurance,1703.56,Paid
1300165,1203620,101584,2023-02-08,Insurance,1773.77,Paid
1300166,1204614,102057,2025-04-20,Insurance,1554.1,Refunded
1300167,1204042,100141,2021-03-01,Insurance,1293.22,Paid
1300168,1200261,101819,2023-07-03,Insurance,2799.42,Pending
1300169,1202264,101638,2024-09-24,Insurance,855.17,Paid
1300170,1204143,101929,2025-09-04,Insurance,2785.87,Paid
1300171,1201460,102312,2022-06-22,Insurance,490.47,Pending
1300172,1200366,100301,2021-03-25,Insurance,415.1,Paid
1300173,1203937,100238,2024-01-12,Insurance,1932.7,Pending
1300174,1205244,100820,2025-11-08,Insurance,3892.25,Paid
1300175,1203951,102491,2025-06-29,Insurance,223.87,Paid
1300176,1205734,102185,2021-04-14,Bank Transfer,636.8,Paid
1300177,1204509,101213,2023-03-14,Insurance,4434.8,Paid
1300178,1202862,100629,2023-03-22,Insurance,684.05,Paid
1300179,1201861,101152,2025-01-06,Insurance,1010.73,Paid
1300180,1204803,101077,2022-06-24,Insurance,1611.77,Paid
1300181,1201171,102034,2024-09-03,Insurance,1010.59,Pending
1300182,1204398,102228,2023-03-27,Bank Transfer,1058.7,Paid
1300183,1203827,102282,2023-07-21,Insurance,1868.07,Paid
1300184,1201451,101888,2023-12-22,Credit Card,2721.65,Paid
1300185,1200297,100509,2025-05-06,Bank Transfer,730.02,Paid
1300186,1201497,100717,2023-05-04,Bank Transfer,1842.64,Paid
1300187,1200169,100485,2023-05-28,Credit Card,2203.96,Paid
1300188,1200094,101556,2021-06-23,Credit Card,1506.76,Paid
1300189,1201244,101620,2024-03-30,Bank Transfer,1927.33,Refunded
1300190,1204018,100908,2025-07-13,Insurance,1060.52,Refunded
1300191,1201638,101001,2025-02-05,Insurance,1097.16,Paid
1300192,1205895,100088,2022-05-18,Credit Card,818.16,Paid
1300193,1202023,101344,2021-04-03,Insurance,1146.62,Paid
1300194,1206019,100232,2022-10-20,Insurance,6405.65,Paid
1300195,1205643,101715,2022-08-23,Credit Card,652.62,Paid
1300196,1202898,101076,2025-01-21,Insurance,3223.43,Paid
1300197,1203950,100233,2024-03-13,Insurance,3221.54,Refunded
1300198,1201346,100304,2024-12-14,Bank Transfer,1877.62,Paid
1300199,1205771,100336,2025-10-07,Credit Card,550.54,Paid
1300200,1200523,100689,2021-01-24,Credit Card,2053.33,Pending
1300201,1205743,101508,2022-09-09,Insurance,1975.09,Paid
1300202,1204022,101586,2021-11-05,Cash,725.89,Paid
1300203,1201096,101105,2024-05-24,Insurance,1084.29,Paid
1300204,1203935,100914,2025-07-10,Bank Transfer,1572.64,Paid
1300205,1205856,101740,2024-02-18,Cash,2060.75,Paid
1300206,1201310,100913,2022-03-31,Bank Transfer,2234.34,Paid
1300207,1205500,101767,2021-01-09,Cash,4875.13,Paid
1300208,1203509,101348,2021-08-21,Insurance,512.37,Paid
1300209,1200979,102366,2025-02-23,Credit Card,1865.85,Paid
1300210,1203305,102300,2023-05-20,Bank Transfer,483.23,Paid
1300211,1200808,101067,2024-03-11,Insurance,969.45,Paid
1300212,1200096,101127,2022-06-06,Insurance,1832.02,Paid
1300213,1201739,100067,2025-11-20,Insurance,942.01,Paid
1300214,1203749,100162,2025-02-14,Insurance,10334.4,Paid
1300215,1203136,101461,2021-02-01,Insurance,1840.38,Paid
1300216,1203527,100865,2022-04-23,Insurance,5635.16,Paid
1300217,1202231,100410,2023-01-24,Bank Transfer,1123.5,Paid
1300218,1200266,100615,2021-12-01,Insurance,1045.14,Paid
1300219,1205856,100695,2021-08-21,Insurance,1199.63,Paid
1300220,1203046,100452,2022-05-15,Bank Transfer,688.0,Paid
1300221,1203278,101155,2023-09-08,Insurance,785.22,Paid
1300222,1205763,100958,2023-08-21,Credit Card,1281.84,Pending
1300223,1201939,102352,2024-02-22,Cash,308.85,Paid
1300224,1201128,101938,2023-12-07,Cash,1185.93,Paid
1300225,1203982,100172,2023-04-06,Bank Transfer,733.97,Paid
1300226,1204312,102239,2023-11-23,Insurance,2168.08,Refunded
1300227,1203503,101996,2025-02-23,Insurance,2783.96,Paid
1300228,1204739,100709,2023-12-26,Insurance,3773.27,Paid
1300229,1204821,100686,2024-01-07,Cash,1832.37,Paid
1300230,1205585,100132,2025-03-23,Insurance,1230.24,Paid
1300231,1204269,101019,2023-03-29,Bank Transfer,7363.96,Paid
1300232,1202882,100132,2022-08-09,Bank Transfer,831.36,Paid
1300233,1200329,100134,2023-08-25,Cash,238.07,Paid
1300234,1204641,101202,2021-12-30,Insurance,2167.6,Paid
1300235,1202420,101225,2021-09-03,Insurance,988.05,Paid
1300236,1204811,100822,2023-12-14,Insurance,1867.35,Paid
1300237,1200694,100760,2023-05-09,Insurance,1139.71,Paid
1300238,1204281,100192,2021-07-09,Insurance,938.63,Pending
1300239,1200262,101306,2024-08-20,Cash,2031.36,Paid
1300240,1200669,101281,2023-02-05,Insurance,852.64,Paid
1300241,1201812,101108,2023-10-22,Credit Card,580.33,Paid
1300242,1203401,101673,2021-10-29,Insurance,1324.79,Paid
1300243,1205450,101469,2025-10-18,Credit Card,2186.51,Paid
1300244,1203632,100219,2024-05-11,Credit Card,2914.65,Paid
1300245,1205849,102312,2021-10-05,Insurance,2199.81,Paid
1300246,1201228,101718,2024-07-21,Insurance,2335.85,Paid
1300247,1201719,101331,2021-11-28,Bank Transfer,1143.94,Paid
1300248,1202410,100091,2025-02-05,Credit Card,223.57,Paid
1300249,1205230,101474,2025-03-22,Insurance,1000.92,Paid
1300250,1204083,101957,2025-12-01,Insurance,4450.69,Paid
1300251,1202609,100194,2024-12-23,Insurance,3299.45,Paid
1300252,1203882,102365,2025-11-08,Credit Card,933.73,Paid
1300253,1202993,100490,2025-02-25,Bank Transfer,463.9,Paid
1300254,1202405,101130,2025-07-13,Bank Transfer,1026.99,Paid
1300255,1206161,101919,2023-01-10,Insurance,1289.53,Paid
1300256,1203782,100126,2024-07-16,Insurance,2491.01,Paid
1300257,1205157,100433,2023-03-30,Cash,577.44,Pending
1300258,1203555,101930,2022-10-24,Insurance,817.09,Paid
1300259,1200623,100809,2022-01-01,Insurance,1494.24,Pending
1300260,1200993,101810,2025-12-10,Credit Card,2816.56,Paid
1300261,1200217,100488,2025-04-30,Insurance,555.69,Paid
1300262,1200610,102076,2024-07-23,Insurance,3240.55,Paid
1300263,1205475,100407,2022-12-26,Insurance,1080.96,Pending
1300264,1202582,102428,2024-10-23,Insurance,3835.83,Paid
1300265,1202419,102344,2023-09-28,Credit Card,2023.89,Paid
1300266,1200341,100512,2025-10-28,Insurance,1018.96,Paid
1300267,1204902,102041,2025-07-17,Credit Card,1186.45,Paid
1300268,1205685,100150,2024-04-04,Credit Card,3082.18,Paid
1300269,1201178,100674,2025-09-10,Insurance,368.42,Paid
1300270,1206081,101143,2021-09-08,Insurance,865.0,Paid
1300271,1204992,100953,2024-02-08,Insurance,1309.33,Paid
1300272,1200192,102374,2024-02-05,Insurance,840.52,Paid
1300273,1205918,102035,2024-08-15,Insurance,2345.45,Paid
1300274,1201808,100656,2025-03-09,Insurance,1339.3,Paid
1300275,1202848,101140,2024-01-10,Insurance,2747.22,Paid
1300276,1205693,100045,2022-10-19,Credit Card,3120.84,Paid
1300277,1200137,101472,2024-07-16,Cash,1819.48,Paid
1300278,1204526,100080,2021-05-16,Insurance,4624.2,Refunded
1300279,1200525,102167,2022-06-29,Credit Card,1090.46,Paid
1300280,1204731,101293,2022-06-12,Insurance,601.5,Paid
1300281,1200031,101528,2023-06-08,Cash,5634.79,Paid
1300282,1205524,100855,2021-08-01,Cash,297.81,Paid
1300283,1205167,102263,2025-08-13,Cash,417.92,Paid
1300284,1202896,100109,2021-07-26,Bank Transfer,3076.5,Paid
1300285,1206071,101580,2021-05-02,Insurance,353.19,Paid
1300286,1203886,100259,2022-06-08,Insurance,310.49,Paid
1300287,1201014,100415,2024-04-27,Insurance,319.58,Paid
1300288,1204673,102108,2025-09-12,Credit Card,3477.45,Paid
1300289,1205353,101792,2025-10-27,Credit Card,312.68,Paid
1300290,1206197,100523,2022-01-21,Credit Card,2120.5,Paid
1300291,1200268,100895,2022-04-23,Bank Transfer,492.62,Pending
1300292,1202212,100717,2023-04-22,Insurance,1934.09,Paid
1300293,1202519,100490,2024-01-18,Credit Card,1136.95,Paid
1300294,1204519,101956,2023-09-05,Insurance,1150.87,Paid
1300295,1201942,102381,2025-11-02,Credit Card,1840.3,Paid
1300296,1205511,102127,2024-09-06,Insurance,3473.61,Paid
1300297,1202937,102279,2022-11-11,Insurance,1117.9,Paid
1300298,1200510,101968,2023-09-21,Insurance,1471.4,Paid
1300299,1201098,100486,2023-02-19,Insurance,2495.8,Paid
1300300,1200712,100385,2023-08-25,Insurance,243.01,Paid
1300301,1205209,101156,2021-12-02,Insurance,537.53,Paid
1300302,1201222,101970,2021-05-14,Insurance,483.18,Paid
1300303,1203668,101488,2023-12-26,Credit Card,1410.35,Pending
1300304,1202298,102301,2022-01-06,Insurance,3291.07,Paid
1300305,1204633,100627,2025-07-15,Insurance,1851.64,Paid
1300306,1204542,102302,2023-12-29,Insurance,1378.15,Paid
1300307,1200764,102333,2025-03-15,Insurance,1780.44,Paid
1300308,1204251,100742,2022-09-20,Insurance,1783.06,Paid
1300309,1203664,102226,2022-02-26,Insurance,1688.79,Paid
1300310,1200273,100823,2021-01-27,Bank Transfer,6439.88,Paid
1300311,1203452,100903,2021-01-12,Credit Card,2431.08,Paid
1300312,1204785,101468,2025-01-16,Insurance,3259.25,Paid
1300313,1204030,100060,2021-04-16,Insurance,301.42,Paid
1300314,1203249,102264,2023-03-07,Insurance,628.35,Paid
1300315,1204115,100338,2023-06-16,Cash,2769.56,Paid
1300316,1204811,101411,2024-10-05,Insurance,750.57,Paid
1300317,1204686,101951,2022-03-27,Credit Card,699.88,Paid
1300318,1204659,101588,2022-07-13,Credit Card,1137.06,Paid
1300319,1202218,101491,2025-05-11,Insurance,698.43,Paid
1300320,1203974,101326,2022-03-02,Insurance,4297.4,Paid
1300321,1202112,101914,2024-04-01,Cash,1367.24,Paid
1300322,1200186,100577,2025-04-12,Insurance,2314.86,Paid
1300323,1203674,100752,2021-09-24,Credit Card,1924.03,Paid
1300324,1203404,100245,2021-12-05,Bank Transfer,651.93,Paid
1300325,1204110,101135,2025-01-27,Bank Transfer,1508.42,Paid
1300326,1203623,101876,2022-08-09,Credit Card,1396.77,Paid
1300327,1200648,102404,2023-09-20,Insurance,726.06,Paid
1300328,1201702,101593,2024-12-02,Cash,1175.86,Paid
1300329,1204840,100362,2021-12-14,Insurance,998.48,Paid
1300330,1202240,101327,2021-02-23,Insurance,1685.39,Paid
1300331,1205546,100629,2025-06-27,Bank Transfer,2004.33,Paid
1300332,1205567,100802,2024-01-08,Cash,927.53,Paid
1300333,1202299,101774,2022-09-06,Insurance,269.84,Paid
1300334,1202041,102096,2025-07-13,Credit Card,350.86,Paid
1300335,1201217,101150,2022-06-25,Credit Card,830.78,Pending
1300336,1202969,101731,2024-08-06,Insurance,3990.08,Paid
1300337,1203100,100983,2023-07-22,Credit Card,2070.27,Paid
1300338,1204860,101930,2025-11-24,Insurance,591.51,Paid
1300339,1201259,100503,2021-09-09,Insurance,2261.35,Refunded
1300340,1200020,101925,2022-02-10,Insurance,748.03,Paid
1300341,1204508,102235,2022-04-07,Cash,669.11,Paid
1300342,1205210,102222,2025-08-12,Insurance,2769.76,Paid
1300343,1200722,100489,2024-09-26,Cash,1354.37,Pending
1300344,1201207,102271,2025-08-14,Insurance,11912.68,Paid
1300345,1206005,100322,2025-08-07,Insurance,3615.28,Paid
1300346,1204246,100716,2024-02-22,Insurance,6745.72,Paid
1300347,1205954,100011,2022-12-14,Insurance,2479.09,Paid
1300348,1201883,101160,2021-08-06,Credit Card,3590.16,Paid
1300349,1203611,102466,2024-08-30,Credit Card,332.24,Paid
1300350,1202486,100720,2021-09-23,Insurance,1981.77,Paid
1300351,1201972,100308,2022-12-14,Cash,339.96,Paid
1300352,1201305,102442,2025-03-29,Insurance,563.28,Paid
1300353,1205040,101183,2023-01-07,Insurance,1087.47,Paid
1300354,1202357,101816,2024-06-03,Insurance,1264.42,Paid
1300355,1201525,102099,2022-08-22,Insurance,2522.05,Paid
1300356,1202649,102277,2023-12-13,Insurance,504.71,Paid
1300357,1200046,101097,2024-07-17,Insurance,655.5,Paid
1300358,1201924,100650,2025-03-13,Bank Transfer,702.55,Paid
1300359,1200640,101590,2022-08-10,Insurance,686.33,Paid
1300360,1202884,100626,2021-08-02,Insurance,2269.77,Paid
1300361,1200684,101995,2021-01-03,Insurance,613.79,Pending
1300362,1200509,100499,2024-04-28,Insurance,375.48,Paid
1300363,1203275,101794,2023-07-15,Credit Card,2253.74,Paid
1300364,1206040,102083,2021-04-04,Insurance,652.85,Paid
1300365,1201381,101837,2025-08-04,Insurance,2307.21,Paid
1300366,1205044,102249,2022-03-26,Insurance,279.93,Paid
1300367,1201026,100703,2021-05-14,Insurance,1531.65,Paid
1300368,1204969,101897,2024-06-06,Credit Card,385.76,Paid
1300369,1203097,100707,2025-06-21,Bank Transfer,1210.91,Paid
1300370,1204078,100505,2023-02-18,Bank Transfer,1535.82,Paid
1300371,1201674,100537,2021-03-01,Insurance,559.2,Paid
1300372,1202033,101597,2021-09-18,Insurance,254.95,Pending
1300373,1205453,101234,2021-11-06,Insurance,1265.87,Paid
1300374,1205266,101491,2023-02-28,Insurance,466.21,Paid
1300375,1205983,101976,2021-12-18,Insurance,1914.01,Paid
1300376,1205972,100359,2021-10-22,Bank Transfer,1125.37,Paid
1300377,1202103,100600,2025-05-13,Cash,3554.97,Paid
1300378,1201074,102185,2025-11-01,Bank Transfer,1468.43,Paid
1300379,1205666,100398,2024-11-24,Bank Transfer,747.08,Paid
1300380,1203041,102067,2022-12-15,Insurance,876.09,Paid
1300381,1201603,100521,2022-11-21,Insurance,2093.87,Pending
1300382,1203223,100765,2023-04-06,Insurance,1467.11,Paid
1300383,1202916,100997,2025-01-22,Insurance,5578.47,Paid
1300384,1204255,100965,2025-04-06,Insurance,4382.08,Paid
1300385,1205390,101042,2024-11-25,Insurance,713.43,Pending
1300386,1200306,100020,2023-06-01,Insurance,1100.99,Paid
1300387,1204672,101274,2021-02-25,Credit Card,405.59,Paid
1300388,1204290,102439,2022-10-21,Credit Card,1913.34,Paid
1300389,1201621,100105,2025-12-30,Insurance,2853.4,Paid
1300390,1203171,100180,2024-01-26,Insurance,432.43,Paid
1300391,1205920,100661,2021-01-31,Insurance,643.94,Paid
1300392,1201168,100442,2022-08-23,Insurance,1995.2,Paid
1300393,1200899,100937,2022-01-10,Insurance,1698.74,Paid
1300394,1202713,101847,2021-03-09,Insurance,8585.55,Paid
1300395,1201150,100390,2025-02-07,Bank Transfer,853.79,Paid
1300396,1203116,100403,2025-06-10,Insurance,3948.0,Paid
1300397,1205621,102212,2024-08-17,Insurance,2551.04,Paid
1300398,1203586,102364,2021-10-06,Insurance,1260.16,Pending
1300399,1204403,100049,2022-09-21,Insurance,599.28,Paid
1300400,1203499,100820,2024-09-22,Insurance,1412.28,Paid
1300401,1202006,101978,2021-09-29,Cash,4623.34,Paid
1300402,1205232,100848,2022-05-30,Bank Transfer,998.13,Paid
1300403,1202422,101646,2025-05-02,Insurance,770.26,Paid
1300404,1201685,101237,2021-12-19,Credit Card,2701.7,Paid
1300405,1206085,101494,2021-01-17,Insurance,303.91,Paid
1300406,1201043,100765,2025-02-09,Cash,342.91,Paid
1300407,1206040,100602,2021-01-28,Bank Transfer,2974.86,Paid
1300408,1205541,100291,2022-12-28,Insurance,195.38,Paid
1300409,1201680,101904,2021-04-04,Insurance,1270.23,Paid
1300410,1202486,100160,2024-01-08,Bank Transfer,2761.73,Paid
1300411,1203727,100425,2023-08-01,Insurance,6931.39,Pending
1300412,1202006,101811,2022-11-03,Bank Transfer,2870.33,Pending
1300413,1203803,102202,2022-03-23,Bank Transfer,1326.47,Paid
1300414,1201685,100881,2024-06-18,Credit Card,424.39,Paid
1300415,1201077,102229,2022-03-12,Insurance,1909.95,Paid
1300416,1204357,101274,2022-01-24,Insurance,1155.25,Paid
1300417,1200477,100658,2021-12-06,Credit Card,888.38,Paid
1300418,1202885,100848,2023-08-10,Insurance,392.77,Paid
1300419,1202809,101749,2024-01-09,Insurance,1347.96,Paid
1300420,1200782,101041,2025-10-07,Insurance,864.42,Paid
1300421,1204612,101966,2022-11-02,Insurance,2647.45,Paid
1300422,1202329,102331,2025-10-06,Credit Card,5496.27,Paid
1300423,1205129,100784,2021-12-30,Insurance,268.38,Paid
1300424,1205231,101326,2022-02-05,Insurance,1640.48,Paid
1300425,1200235,101800,2023-08-28,Insurance,966.98,Paid
1300426,1204030,101059,2023-10-06,Credit Card,9110.01,Paid
1300427,1205270,101530,2024-12-18,Insurance,306.71,Paid
1300428,1205691,101271,2021-06-24,Insurance,2472.06,Paid
1300429,1200338,102053,2022-03-17,Insurance,402.42,Paid
1300430,1202955,101520,2023-03-29,Credit Card,1548.98,Paid
1300431,1204008,102276,2025-06-14,Insurance,672.15,Paid
1300432,1200095,101156,2022-04-01,Cash,411.65,Paid
1300433,1206154,101231,2025-05-29,Insurance,1644.64,Paid
1300434,1201849,101573,2025-01-14,Insurance,2411.29,Paid
1300435,1206063,102303,2024-11-19,Credit Card,564.7,Paid
1300436,1206157,101906,2022-03-17,Credit Card,627.37,Paid
1300437,1205175,100930,2025-06-29,Insurance,764.55,Paid
1300438,1200483,102481,2025-10-22,Insurance,1879.8,Refunded
1300439,1203494,100122,2021-04-19,Insurance,541.74,Paid
1300440,1202135,100894,2025-01-14,Insurance,537.98,Paid
1300441,1201739,101228,2025-10-16,Insurance,456.76,Refunded
1300442,1201439,100591,2022-11-10,Insurance,2249.1,Paid
1300443,1205454,100474,2025-06-28,Cash,2140.89,Paid
1300444,1202685,101681,2023-07-20,Insurance,6639.47,Paid
1300445,1205169,101520,2022-10-29,Insurance,675.15,Paid
1300446,1203221,101988,2025-07-21,Insurance,1017.67,Paid
1300447,1201093,100038,2025-02-10,Insurance,9472.66,Paid
1300448,1205884,100876,2021-02-08,Insurance,2100.25,Paid
1300449,1203345,100603,2021-02-23,Insurance,961.45,Paid
1300450,1205837,100321,2022-09-07,Insurance,1465.07,Paid
1300451,1203199,102302,2023-11-15,Credit Card,1015.81,Paid
1300452,1204642,102136,2021-02-24,Insurance,622.63,Paid
1300453,1205964,100135,2021-01-16,Bank Transfer,136.92,Paid
1300454,1203787,101967,2024-10-14,Insurance,801.15,Paid
1300455,1206143,101186,2023-09-26,Insurance,488.54,Paid
1300456,1202296,100391,2022-10-06,Credit Card,1390.21,Paid
1300457,1204828,100798,2025-06-11,Insurance,406.99,Paid
1300458,1205456,100944,2021-12-24,Credit Card,1996.46,Paid
1300459,1205618,102265,2025-05-06,Insurance,741.51,Paid
1300460,1203091,101499,2023-09-13,Insurance,629.58,Paid
1300461,1201108,100141,2024-04-29,Insurance,1007.04,Paid
1300462,1203251,102106,2024-08-28,Cash,2050.17,Paid
1300463,1203748,102251,2021-11-21,Insurance,4260.29,Paid
1300464,1201490,101773,2023-06-23,Insurance,1343.48,Paid
1300465,1201075,102050,2022-10-12,Cash,2111.91,Paid
1300466,1202871,102379,2024-08-13,Bank Transfer,401.66,Paid
1300467,1201133,101878,2021-04-07,Insurance,713.38,Paid
1300468,1201126,102223,2025-09-14,Insurance,997.32,Pending
1300469,1204629,101386,2021-06-25,Insurance,849.24,Paid
1300470,1204697,100422,2024-03-17,Credit Card,960.19,Paid
1300471,1203582,100083,2022-11-22,Cash,616.71,Paid
1300472,1203087,101694,2021-11-18,Credit Card,2012.11,Paid
1300473,1204398,100572,2025-04-29,Insurance,829.53,Paid
1300474,1201444,100476,2022-09-19,Insurance,942.94,Paid
1300475,1202787,102353,2025-06-21,Insurance,331.92,Paid
1300476,1200163,101015,2023-02-27,Insurance,899.86,Paid
1300477,1203416,101122,2022-04-14,Insurance,2941.59,Paid
1300478,1201443,102001,2021-01-10,Insurance,1263.43,Paid
1300479,1204929,101225,2021-06-01,Credit Card,3591.52,Pending
1300480,1203153,101899,2022-10-27,Credit Card,1540.51,Paid
1300481,1204683,102373,2024-01-31,Credit Card,470.14,Paid
1300482,1200595,100081,2023-12-13,Insurance,1312.23,Paid
1300483,1203657,100982,2023-09-06,Credit Card,1867.43,Paid
1300484,1203883,102483,2024-12-29,Insurance,1019.96,Paid
1300485,1201126,100305,2021-10-04,Insurance,1053.7,Paid
1300486,1203894,100897,2024-09-15,Bank Transfer,1733.12,Paid
1300487,1205738,100111,2022-04-07,Insurance,1486.11,Paid
1300488,1202279,102315,2021-10-22,Bank Transfer,235.38,Paid
1300489,1205237,101566,2023-04-21,Insurance,1520.83,Paid
1300490,1200095,101221,2023-03-04,Insurance,2124.13,Paid
1300491,1203555,101026,2025-09-11,Insurance,10501.84,Refunded
1300492,1201178,100410,2025-10-03,Credit Card,2262.3,Paid
1300493,1200877,100402,2022-02-04,Insurance,1179.83,Paid
1300494,1200318,101884,2024-01-03,Bank Transfer,885.46,Paid
1300495,1203025,100103,2024-05-08,Insurance,2669.02,Paid
1300496,1206076,100342,2024-06-04,Insurance,2379.12,Paid
1300497,1200293,100042,2022-04-21,Insurance,5612.94,Paid
1300498,1203521,100141,2022-03-17,Insurance,1181.97,Paid
1300499,1205294,100610,2024-03-08,Cash,920.11,Paid
1300500,1205184,100935,2023-05-14,Insurance,1253.02,Paid
1300501,1203808,101548,2022-07-11,Credit Card,1528.2,Paid
1300502,1205854,100013,2023-06-03,Credit Card,709.25,Paid
1300503,1204822,100630,2025-12-08,Insurance,1276.29,Paid
1300504,1202168,102404,2023-12-16,Insurance,823.67,Paid
1300505,1201901,101771,2024-08-11,Cash,3488.85,Paid
1300506,1201520,100107,2023-12-20,Credit Card,358.26,Paid
1300507,1202218,101314,2025-04-30,Insurance,522.8,Paid
1300508,1202367,100167,2024-11-06,Insurance,5187.53,Paid
1300509,1202070,102372,2024-10-27,Insurance,1962.45,Paid
1300510,1205641,101754,2024-08-31,Cash,1175.99,Paid
1300511,1205034,100625,2023-03-03,Credit Card,283.95,Paid
1300512,1205728,101944,2023-05-16,Credit Card,3079.08,Paid
1300513,1201635,100634,2023-05-30,Insurance,852.13,Paid
1300514,1203283,101610,2025-07-09,Insurance,945.58,Paid
1300515,1200356,101361,2023-08-01,Insurance,509.45,Paid
1300516,1200267,100734,2024-05-30,Bank Transfer,1293.98,Paid
1300517,1202410,100887,2024-09-30,Cash,520.81,Paid
1300518,1200196,101858,2022-10-27,Insurance,1025.39,Paid
1300519,1203958,101123,2022-09-27,Insurance,668.18,Paid
1300520,1202270,101049,2022-11-17,Insurance,1152.67,Pending
1300521,1205382,101384,2024-01-05,Insurance,1037.81,Paid
1300522,1205144,101798,2023-11-05,Credit Card,272.89,Paid
1300523,1200447,101496,2025-08-06,Credit Card,1840.06,Paid
1300524,1202510,101513,2021-07-11,Credit Card,2194.07,Paid
1300525,1201190,101303,2021-11-12,Insurance,5400.87,Paid
1300526,1201435,102333,2022-01-14,Bank Transfer,2441.99,Paid
1300527,1204983,100906,2023-02-06,Insurance,445.15,Paid
1300528,1201867,101981,2024-03-27,Insurance,233.71,Paid
1300529,1200286,102307,2025-01-09,Credit Card,730.63,Paid
1300530,1201126,101361,2023-04-27,Bank Transfer,1561.58,Paid
1300531,1200133,101739,2024-06-17,Credit Card,741.14,Paid
1300532,1203922,102212,2022-10-10,Insurance,1541.38,Paid
1300533,1203730,101243,2024-04-21,Insurance,1154.7,Paid
1300534,1203221,100777,2024-03-21,Insurance,2015.43,Paid
1300535,1202452,100865,2024-09-27,Insurance,619.9,Paid
1300536,1204458,100752,2022-07-25,Insurance,4419.1,Paid
1300537,1205530,100514,2023-05-22,Bank Transfer,4336.73,Pending
1300538,1200052,101349,2023-01-19,Insurance,528.37,Pending
1300539,1201526,100775,2022-01-09,Insurance,3032.09,Paid
1300540,1201353,101896,2025-07-28,Insurance,515.31,Paid
1300541,1204085,100552,2021-12-27,Insurance,1172.37,Paid
1300542,1205156,100517,2021-08-16,Insurance,1012.46,Paid
1300543,1201701,100113,2021-07-28,Insurance,2469.43,Paid
1300544,1202245,101470,2024-11-08,Insurance,1500.86,Paid
1300545,1203851,100353,2024-04-30,Bank Transfer,9037.57,Pending
1300546,1204004,100147,2025-02-13,Insurance,2056.3,Paid
1300547,1204718,100552,2025-04-08,Cash,320.04,Paid
1300548,1205563,102012,2023-05-28,Insurance,2511.31,Paid
1300549,1203075,101962,2021-04-17,Insurance,324.33,Paid
1300550,1204035,100476,2021-12-31,Insurance,1545.38,Paid
1300551,1200470,101317,2024-04-12,Insurance,1947.26,Paid
1300552,1205997,100491,2023-04-17,Cash,696.84,Paid
1300553,1205629,101466,2023-10-23,Insurance,449.97,Paid
1300554,1204496,102159,2021-06-12,Insurance,3408.03,Paid
1300555,1201403,100922,2024-01-18,Insurance,801.05,Paid
1300556,1202979,101564,2023-10-20,Insurance,1331.93,Pending
1300557,1204684,101818,2023-11-14,Insurance,3356.69,Paid
1300558,1203129,100881,2022-08-01,Insurance,985.56,Paid
1300559,1202317,101888,2025-08-15,Bank Transfer,799.33,Paid
1300560,1200579,101666,2023-10-13,Credit Card,2487.31,Pending
1300561,1204672,100111,2022-12-29,Cash,10037.27,Paid
1300562,1205685,102024,2024-05-25,Insurance,1586.19,Paid
1300563,1205023,100238,2024-09-30,Insurance,1936.03,Paid
1300564,1200208,100337,2024-03-21,Cash,1288.03,Paid
1300565,1200049,101988,2022-03-21,Insurance,1633.3,Paid
1300566,1203029,100249,2023-01-18,Insurance,1071.63,Pending
1300567,1200604,100027,2023-07-07,Insurance,1708.29,Paid
1300568,1202358,101789,2025-04-28,Insurance,679.27,Paid
1300569,1202256,100824,2023-07-20,Insurance,3927.95,Paid
1300570,1201967,101295,2024-12-12,Insurance,519.76,Paid
1300571,1200156,102341,2024-05-09,Insurance,275.91,Paid
1300572,1202442,102071,2024-08-14,Credit Card,812.52,Paid
1300573,1201424,100365,2025-01-24,Bank Transfer,6360.34,Paid
1300574,1204606,101660,2025-12-02,Credit Card,1585.32,Paid
1300575,1203579,100392,2021-04-18,Insurance,1620.0,Paid
1300576,1200242,102415,2021-12-05,Insurance,2867.17,Paid
1300577,1200838,100006,2024-08-12,Insurance,3081.6,Paid
1300578,1204085,101781,2021-02-14,Insurance,1718.72,Paid
1300579,1206002,100766,2021-01-03,Insurance,1755.09,Paid
1300580,1205165,101864,2024-10-14,Credit Card,2327.64,Pending
1300581,1206043,102173,2024-07-10,Insurance,3917.1,Paid
1300582,1203139,101404,2022-06-17,Credit Card,307.46,Paid
1300583,1205565,101736,2025-07-13,Insurance,3337.07,Paid
1300584,1205264,102207,2023-02-07,Insurance,502.86,Paid
1300585,1201616,100020,2021-07-18,Insurance,2628.57,Paid
1300586,1202390,102454,2023-11-19,Bank Transfer,2109.33,Paid
1300587,1204391,102398,2023-05-13,Credit Card,1116.61,Pending
1300588,1203445,102243,2024-12-24,Insurance,619.02,Paid
1300589,1201121,101082,2021-02-27,Insurance,316.85,Paid
1300590,1201311,100532,2022-05-27,Insurance,1911.59,Paid
1300591,1202127,101733,2024-11-11,Insurance,1829.65,Paid
1300592,1203137,101062,2021-06-07,Insurance,3185.8,Paid
1300593,1200719,101603,2024-10-02,Insurance,894.1,Paid
1300594,1205444,102016,2021-04-17,Insurance,2288.41,Paid
1300595,1200956,101126,2023-10-27,Insurance,5180.46,Pending
1300596,1204569,101611,2024-08-09,Insurance,2031.67,Pending
1300597,1202836,102221,2023-02-07,Insurance,795.01,Pending
1300598,1205038,101991,2021-04-14,Credit Card,513.4,Refunded
1300599,1201549,100182,2021-09-09,Insurance,503.26,Paid
1300600,1202636,100100,2025-12-14,Insurance,3586.66,Paid
1300601,1204023,101001,2022-08-29,Credit Card,822.49,Paid
1300602,1200635,101360,2022-07-22,Bank Transfer,544.21,Pending
1300603,1202281,100424,2021-04-11,Bank Transfer,1401.81,Paid
1300604,1201632,100339,2024-08-01,Insurance,3657.21,Pending
1300605,1200604,100155,2024-01-05,Cash,6387.93,Paid
1300606,1204046,101940,2021-10-08,Credit Card,1496.83,Paid
1300607,1202872,101483,2021-12-02,Insurance,1160.0,Paid
1300608,1202355,100277,2024-06-16,Credit Card,1517.52,Paid
1300609,1200254,101574,2025-08-12,Credit Card,1522.66,Paid
1300610,1205717,102055,2022-11-28,Insurance,1614.92,Paid
1300611,1200436,100691,2022-10-08,Insurance,321.41,Paid
1300612,1205938,101658,2025-06-19,Insurance,826.58,Paid
1300613,1202681,100216,2021-04-25,Insurance,473.59,Paid
1300614,1202099,100909,2021-06-26,Insurance,4164.85,Paid
1300615,1201440,101567,2024-01-11,Insurance,545.27,Paid
1300616,1205389,100361,2022-01-09,Insurance,445.1,Paid
1300617,1205826,100181,2023-09-13,Bank Transfer,3015.03,Paid
1300618,1201135,101361,2023-12-21,Insurance,1573.88,Paid
1300619,1200604,101104,2024-03-23,Insurance,469.23,Paid
1300620,1202141,100272,2025-07-17,Insurance,64.38,Paid
1300621,1201839,100270,2022-04-27,Insurance,2566.23,Paid
1300622,1205744,100611,2022-03-31,Insurance,294.2,Paid
1300623,1204969,101545,2022-07-24,Cash,1728.16,Paid
1300624,1205560,101285,2025-04-27,Insurance,1072.27,Pending
1300625,1200691,101852,2023-06-25,Insurance,2107.58,Paid
1300626,1203910,101672,2025-10-22,Insurance,630.14,Paid
1300627,1203849,100538,2022-05-18,Insurance,1002.52,Paid
1300628,1203500,101884,2024-08-07,Insurance,1934.38,Paid
1300629,1203410,101069,2022-02-15,Insurance,7561.0,Paid
1300630,1205212,101558,2022-07-17,Bank Transfer,379.46,Paid
1300631,1204310,102216,2021-11-06,Credit Card,5982.44,Paid
1300632,1202784,100893,2023-07-10,Credit Card,2593.95,Paid
1300633,1203168,101698,2021-03-04,Insurance,2272.72,Paid
1300634,1201358,100298,2025-04-28,Insurance,116.12,Paid
1300635,1205111,101161,2025-10-14,Insurance,672.71,Paid
1300636,1204618,102205,2021-11-29,Credit Card,2301.52,Paid
1300637,1201521,100560,2021-08-17,Insurance,671.64,Paid
1300638,1201927,100223,2024-07-03,Credit Card,2303.55,Paid
1300639,1204182,101697,2024-07-28,Insurance,1009.5,Paid
1300640,1201575,101594,2022-05-25,Cash,1306.3,Pending
1300641,1201547,101348,2022-07-21,Insurance,590.97,Paid
1300642,1203899,101254,2025-05-14,Insurance,551.59,Paid
1300643,1205564,100176,2025-09-05,Bank Transfer,986.62,Paid
1300644,1205753,100679,2022-04-09,Insurance,3433.34,Pending
1300645,1200978,100228,2021-10-28,Insurance,376.11,Paid
1300646,1200367,100166,2025-02-05,Bank Transfer,1189.22,Paid
1300647,1204240,101263,2025-11-10,Insurance,537.98,Paid
1300648,1204663,100358,2021-12-25,Insurance,3816.34,Paid
1300649,1205165,101479,2025-10-08,Cash,1542.3,Paid
1300650,1201157,100343,2023-10-07,Credit Card,2348.72,Paid
1300651,1201865,100624,2022-07-08,Cash,2152.91,Paid
1300652,1202573,101784,2025-05-18,Insurance,5478.59,Paid
1300653,1205219,100676,2022-06-17,Credit Card,1117.22,Pending
1300654,1201389,101933,2025-11-04,Insurance,11988.53,Paid
1300655,1204437,100066,2025-10-22,Credit Card,986.64,Paid
1300656,1203237,101040,2022-03-10,Insurance,741.4,Paid
1300657,1204317,102481,2023-03-10,Insurance,903.06,Paid
1300658,1200098,100917,2022-11-06,Insurance,1109.04,Paid
1300659,1203830,100611,2021-12-20,Insurance,1185.65,Paid
1300660,1205183,100247,2024-10-26,Insurance,856.67,Paid
1300661,1201567,101190,2022-01-09,Cash,546.87,Paid
1300662,1203043,101892,2021-11-07,Insurance,516.44,Paid
1300663,1205727,102413,2022-10-28,Insurance,687.83,Paid
1300664,1205649,100715,2022-02-09,Insurance,708.73,Paid
1300665,1202061,101780,2021-12-17,Insurance,1457.46,Paid
1300666,1200151,102488,2024-03-01,Credit Card,2315.34,Paid
1300667,1206087,101579,2022-06-19,Insurance,853.76,Pending
1300668,1203111,102294,2023-02-08,Insurance,878.68,Paid
1300669,1206089,101473,2021-05-13,Insurance,452.98,Paid
1300670,1201481,101935,2024-05-13,Insurance,3466.77,Paid
1300671,1200956,101386,2025-06-29,Credit Card,3155.91,Paid
1300672,1204221,101768,2021-08-20,Insurance,1742.99,Pending
1300673,1204314,101614,2025-02-08,Insurance,1576.95,Paid
1300674,1202026,102290,2021-12-25,Cash,731.86,Paid
1300675,1203970,101315,2024-06-18,Bank Transfer,1214.64,Paid
1300676,1205093,101041,2022-07-20,Insurance,3921.08,Pending
1300677,1203488,100692,2021-08-02,Insurance,1197.49,Pending
1300678,1205816,100366,2025-04-16,Credit Card,8475.42,Paid
1300679,1200634,100249,2021-04-06,Credit Card,358.16,Paid
1300680,1200414,102101,2025-11-28,Cash,1133.62,Paid
1300681,1200258,100156,2023-08-02,Credit Card,620.94,Paid
1300682,1202656,100589,2023-10-04,Insurance,258.2,Paid
1300683,1201841,100365,2025-06-16,Insurance,9194.82,Pending
1300684,1203223,101764,2022-09-27,Bank Transfer,975.57,Paid
1300685,1200308,101181,2024-07-23,Insurance,2082.93,Paid
1300686,1201496,101604,2023-10-18,Credit Card,923.71,Paid
1300687,1202810,100386,2024-10-02,Credit Card,2085.04,Paid
1300688,1200871,101260,2023-11-29,Cash,1986.89,Paid
1300689,1201770,101050,2024-04-10,Bank Transfer,1314.79,Paid
1300690,1203425,101374,2025-08-13,Credit Card,1778.16,Paid
1300691,1201667,100745,2024-10-04,Insurance,302.87,Paid
1300692,1202065,100253,2022-02-06,Insurance,587.64,Paid
1300693,1200033,100334,2025-01-31,Insurance,1396.4,Paid
1300694,1203926,100195,2021-01-07,Insurance,2040.1,Paid
1300695,1205271,100806,2021-06-06,Bank Transfer,956.01,Paid
1300696,1205067,100495,2025-04-25,Insurance,5769.34,Paid
1300697,1206110,101090,2023-04-24,Insurance,1313.61,Paid
1300698,1200752,100651,2022-08-29,Bank Transfer,768.67,Paid
1300699,1203594,102160,2021-01-13,Insurance,1178.33,Paid
1300700,1204458,101078,2024-12-28,Cash,3466.53,Paid
1300701,1203918,101910,2021-11-26,Insurance,986.16,Paid
1300702,1201463,100617,2023-08-12,Bank Transfer,6521.46,Paid
1300703,1205428,100119,2024-05-22,Cash,2215.64,Paid
1300704,1204747,102371,2023-08-21,Credit Card,1693.38,Paid
1300705,1204888,101049,2023-07-21,Insurance,2453.53,Paid
1300706,1204502,101800,2022-12-07,Cash,393.27,Pending
1300707,1204334,102309,2021-12-16,Bank Transfer,537.96,Paid
1300708,1203860,101835,2025-01-04,Insurance,1533.35,Paid
1300709,1203020,100956,2022-11-15,Insurance,2204.3,Paid
1300710,1204965,100352,2022-11-19,Insurance,2016.71,Paid
1300711,1200188,102259,2023-08-22,Insurance,4508.73,Paid
1300712,1203429,101039,2024-04-19,Insurance,3175.23,Paid
1300713,1204143,102124,2023-08-12,Bank Transfer,1653.52,Paid
1300714,1204916,100959,2021-04-01,Cash,1302.63,Paid
1300715,1203334,102073,2022-04-17,Credit Card,1184.48,Paid
1300716,1205359,102084,2023-05-24,Insurance,335.4,Refunded
1300717,1204320,101837,2024-02-12,Insurance,1000.37,Paid
1300718,1200965,100583,2024-09-07,Insurance,2750.11,Paid
1300719,1203668,102386,2023-12-11,Cash,1648.27,Paid
1300720,1202043,101652,2022-11-13,Insurance,328.59,Paid
1300721,1201261,100108,2023-04-09,Insurance,2193.05,Paid
1300722,1200470,101253,2022-05-01,Insurance,2998.54,Paid
1300723,1202428,101677,2024-10-12,Bank Transfer,1512.3,Paid
1300724,1201116,100491,2022-04-08,Insurance,933.73,Paid
1300725,1205077,102049,2022-06-02,Insurance,317.28,Paid
1300726,1204303,101561,2022-01-10,Credit Card,1002.35,Paid
1300727,1200439,100233,2025-10-18,Insurance,3464.59,Paid
1300728,1204014,101705,2022-03-25,Insurance,1695.46,Paid
1300729,1202779,100394,2025-01-16,Bank Transfer,250.76,Paid
1300730,1204952,100328,2025-04-29,Insurance,148.48,Paid
1300731,1200959,100409,2022-02-07,Insurance,968.67,Pending
1300732,1205398,100157,2025-06-12,Insurance,4367.43,Paid
1300733,1202580,100483,2023-06-13,Bank Transfer,744.8,Paid
1300734,1202347,100559,2023-05-04,Bank Transfer,635.27,Paid
1300735,1205494,100050,2024-03-06,Insurance,4866.39,Paid
1300736,1204380,100130,2022-05-25,Credit Card,3587.12,Paid
1300737,1205385,101966,2024-07-01,Insurance,1729.22,Paid
1300738,1203004,100848,2022-03-13,Insurance,691.29,Refunded
1300739,1203367,101949,2021-10-29,Insurance,849.17,Paid
1300740,1201680,101658,2021-07-04,Insurance,1852.04,Paid
1300741,1200458,102060,2025-11-30,Credit Card,2702.42,Paid
1300742,1201867,101925,2024-07-20,Bank Transfer,1098.19,Paid
1300743,1201571,101964,2022-10-01,Credit Card,1843.13,Paid
1300744,1202192,100135,2023-05-17,Insurance,933.72,Paid
1300745,1201091,102273,2022-12-02,Insurance,736.07,Paid
1300746,1205883,101924,2023-01-30,Insurance,1485.09,Paid
1300747,1202316,101668,2024-09-15,Insurance,730.19,Paid
1300748,1200775,101900,2025-02-14,Insurance,1692.38,Paid
1300749,1203070,101282,2025-06-17,Insurance,1873.76,Paid
1300750,1203643,101780,2023-04-01,Insurance,2891.07,Paid
1300751,1200391,101912,2023-04-10,Cash,4977.24,Pending
1300752,1201790,100744,2021-08-05,Cash,2934.82,Paid
1300753,1204728,100667,2024-09-25,Insurance,1319.36,Paid
1300754,1200652,101009,2025-01-29,Cash,561.12,Paid
1300755,1201272,101637,2021-04-03,Insurance,712.85,Paid
1300756,1202707,102038,2025-05-30,Cash,1585.86,Paid
1300757,1202816,101635,2024-07-22,Insurance,1268.65,Paid
1300758,1206026,101087,2025-12-03,Insurance,955.85,Paid
1300759,1201934,101962,2025-02-09,Insurance,408.98,Pending
1300760,1204848,100021,2021-03-23,Bank Transfer,1808.33,Paid
1300761,1202784,100822,2024-01-25,Insurance,2430.86,Paid
1300762,1203564,100721,2023-08-04,Insurance,1370.32,Paid
1300763,1201243,100362,2025-04-13,Credit Card,3703.78,Refunded
1300764,1201372,102047,2024-05-27,Insurance,2856.17,Paid
1300765,1206043,102405,2022-12-10,Cash,1768.24,Paid
1300766,1202125,101002,2021-07-14,Insurance,2337.6,Paid
1300767,1204101,100798,2021-09-23,Insurance,2272.62,Paid
1300768,1200664,101195,2021-06-05,Insurance,2021.09,Pending
1300769,1204013,100349,2022-04-23,Insurance,412.13,Paid
1300770,1202271,100879,2023-01-12,Credit Card,1865.81,Refunded
1300771,1202909,101929,2025-04-14,Insurance,1584.31,Paid
1300772,1205152,101311,2023-03-24,Credit Card,1291.55,Paid
1300773,1203197,101803,2025-07-17,Insurance,1782.68,Pending
1300774,1203129,100040,2025-05-08,Insurance,4434.5,Paid
1300775,1202309,102135,2024-10-16,Insurance,4937.19,Paid
1300776,1202137,100013,2021-02-13,Insurance,2071.39,Pending
1300777,1200332,100358,2024-03-30,Insurance,2125.43,Paid
1300778,1201967,102369,2021-06-19,Insurance,759.85,Paid
1300779,1204806,100400,2022-02-13,Cash,2269.97,Paid
1300780,1201166,101656,2023-02-19,Insurance,1687.27,Paid
1300781,1203898,101127,2022-07-14,Credit Card,320.66,Paid
1300782,1201949,101848,2021-08-03,Credit Card,509.7,Paid
1300783,1201505,100634,2021-08-19,Insurance,780.41,Pending
1300784,1203402,102035,2021-06-14,Credit Card,836.32,Paid
1300785,1205338,101286,2023-09-03,Insurance,2085.65,Paid
1300786,1205955,102161,2024-11-19,Cash,665.79,Paid
1300787,1205291,100162,2025-05-02,Insurance,1056.52,Pending
1300788,1203445,101834,2024-11-09,Insurance,2835.27,Paid
1300789,1203670,100974,2023-11-04,Cash,392.01,Refunded
1300790,1204341,101849,2022-10-20,Cash,1474.39,Paid
1300791,1201663,101885,2021-02-20,Bank Transfer,730.28,Paid
1300792,1202541,102268,2025-08-04,Bank Transfer,1464.67,Paid
1300793,1206066,100798,2025-12-22,Credit Card,1036.63,Paid
1300794,1203049,101533,2021-08-24,Credit Card,608.86,Paid
1300795,1202726,100278,2025-06-14,Credit Card,582.53,Paid
1300796,1204938,100538,2025-03-12,Insurance,915.95,Paid
1300797,1201813,102133,2025-08-04,Bank Transfer,765.94,Paid
1300798,1204811,101822,2023-06-22,Bank Transfer,2978.75,Paid
1300799,1205466,102459,2025-02-10,Insurance,5190.59,Paid
1300800,1202133,100605,2022-08-05,Insurance,457.68,Paid
1300801,1200271,100548,2023-06-08,Credit Card,1340.99,Pending
1300802,1205063,102258,2025-06-24,Insurance,606.68,Paid
1300803,1205334,100281,2024-08-14,Insurance,560.92,Paid
1300804,1201982,100660,2022-12-07,Insurance,1013.81,Paid
1300805,1202427,101827,2021-07-02,Cash,1018.78,Paid
1300806,1202590,100614,2025-03-05,Insurance,1240.78,Paid
1300807,1205125,102407,2024-01-02,Credit Card,4278.98,Paid
1300808,1205230,102280,2021-02-17,Insurance,1044.07,Paid
1300809,1202618,100728,2025-02-07,Insurance,3497.52,Paid
1300810,1203916,101312,2023-02-20,Insurance,3890.94,Paid
1300811,1201300,101049,2023-02-18,Credit Card,277.21,Paid
1300812,1205424,102171,2024-11-30,Insurance,3975.47,Paid
1300813,1204566,101412,2023-11-13,Credit Card,1007.38,Paid
1300814,1201220,100506,2023-12-19,Insurance,3177.57,Paid
1300815,1203690,100242,2024-07-13,Credit Card,959.91,Pending
1300816,1205747,100588,2025-05-23,Insurance,619.96,Paid
1300817,1204544,100780,2022-06-08,Bank Transfer,1291.22,Paid
1300818,1202521,102348,2022-03-06,Credit Card,888.79,Paid
1300819,1204458,102172,2023-11-04,Insurance,423.52,Paid
1300820,1202874,100934,2022-06-24,Bank Transfer,1213.08,Paid
1300821,1201931,101785,2021-04-06,Credit Card,1647.41,Paid
1300822,1203605,100057,2024-06-29,Insurance,1021.49,Paid
1300823,1204317,101807,2024-03-05,Insurance,3312.61,Paid
1300824,1200961,100108,2021-12-15,Insurance,495.23,Paid
1300825,1200321,102272,2022-10-24,Bank Transfer,710.99,Paid
1300826,1203385,100834,2023-08-18,Insurance,628.31,Paid
1300827,1202046,102419,2023-08-16,Insurance,1331.09,Paid
1300828,1203420,101181,2023-02-14,Insurance,1419.19,Paid
1300829,1204950,100452,2024-02-07,Credit Card,5242.82,Paid
1300830,1203435,102437,2023-03-01,Bank Transfer,2241.6,Paid
1300831,1203191,101970,2023-12-16,Credit Card,2010.47,Paid
1300832,1204612,101792,2021-03-10,Insurance,1723.53,Paid
1300833,1203260,100683,2024-02-09,Credit Card,987.66,Paid
1300834,1205577,100725,2024-11-04,Insurance,2247.1,Paid
1300835,1201723,100380,2025-04-15,Credit Card,2913.21,Paid
1300836,1200876,101466,2023-11-19,Insurance,1353.6,Pending
1300837,1205475,100208,2021-01-21,Bank Transfer,871.33,Paid
1300838,1203628,100130,2023-07-18,Credit Card,4835.77,Paid
1300839,1205642,102154,2022-08-01,Credit Card,670.91,Paid
1300840,1201166,102417,2021-09-06,Credit Card,1251.03,Refunded
1300841,1201365,101187,2023-01-02,Insurance,4661.43,Paid
1300842,1201563,101564,2024-10-29,Credit Card,5150.13,Paid
1300843,1201241,100030,2023-09-07,Credit Card,11035.57,Paid
1300844,1201770,102339,2024-11-30,Insurance,846.61,Pending
1300845,1200078,102369,2025-03-05,Cash,1005.82,Paid
1300846,1203683,102144,2024-09-28,Bank Transfer,297.79,Paid
1300847,1202928,100619,2025-01-26,Insurance,1006.58,Paid
1300848,1203718,101697,2021-07-29,Cash,1364.96,Paid
1300849,1201669,100250,2023-07-21,Insurance,332.97,Paid
1300850,1200674,100352,2022-08-11,Insurance,921.29,Paid
1300851,1205579,102478,2023-11-16,Insurance,1118.76,Paid
1300852,1205162,100414,2024-09-30,Insurance,2210.14,Paid
1300853,1201061,100446,2024-10-20,Bank Transfer,372.52,Paid
1300854,1204615,100591,2025-11-12,Insurance,1383.91,Pending
1300855,1203916,101441,2021-05-06,Credit Card,1270.55,Paid
1300856,1201451,100791,2023-07-04,Insurance,802.22,Paid
1300857,1203936,100432,2024-06-15,Insurance,1377.98,Paid
1300858,1204741,100727,2024-10-13,Insurance,1382.14,Paid
1300859,1201830,101153,2022-07-20,Credit Card,536.82,Paid
1300860,1202107,100389,2021-01-18,Insurance,3358.17,Paid
1300861,1204294,101098,2022-06-15,Insurance,1508.53,Pending
1300862,1202856,101704,2024-10-20,Bank Transfer,2581.22,Paid
1300863,1203920,100283,2024-06-26,Credit Card,1431.87,Paid
1300864,1203043,101577,2022-02-24,Insurance,5148.7,Paid
1300865,1202446,102125,2024-04-16,Cash,2773.43,Paid
1300866,1200489,101257,2022-07-26,Credit Card,202.18,Paid
1300867,1203175,100823,2021-10-23,Bank Transfer,1785.57,Paid
1300868,1204439,100193,2023-04-05,Insurance,1413.36,Paid
1300869,1202825,101809,2023-05-22,Cash,1596.77,Paid
1300870,1200337,101736,2023-05-04,Insurance,673.5,Paid
1300871,1203445,101530,2025-07-22,Insurance,13570.4,Paid
1300872,1203840,101689,2021-11-27,Bank Transfer,632.64,Paid
1300873,1203651,102011,2021-04-05,Cash,611.54,Paid
1300874,1201855,102073,2025-10-08,Credit Card,2102.08,Paid
1300875,1205797,101323,2022-10-29,Credit Card,482.92,Paid
1300876,1204179,100005,2025-10-15,Credit Card,1199.92,Paid
1300877,1201492,101049,2024-01-22,Cash,3320.53,Paid
1300878,1205551,100826,2024-01-26,Insurance,952.64,Paid
1300879,1203023,101720,2022-02-10,Credit Card,1082.95,Paid
1300880,1205163,101110,2023-12-21,Cash,549.42,Paid
1300881,1202713,101777,2024-02-21,Insurance,1528.21,Refunded
1300882,1202807,101447,2024-01-25,Insurance,587.63,Pending
1300883,1202455,100650,2023-10-09,Insurance,3399.72,Paid
1300884,1206166,101099,2025-07-26,Insurance,781.72,Paid
1300885,1205344,101441,2021-02-13,Insurance,1271.38,Paid
1300886,1205390,100189,2023-04-16,Bank Transfer,2063.26,Paid
1300887,1201535,100248,2021-08-18,Insurance,1815.72,Paid
1300888,1202837,102015,2024-04-06,Credit Card,2140.66,Paid
1300889,1203186,100326,2024-10-20,Cash,4372.55,Paid
1300890,1200681,100706,2024-04-30,Insurance,2285.17,Paid
1300891,1200535,102120,2022-08-09,Credit Card,1371.31,Pending
1300892,1204100,100532,2025-06-30,Insurance,4971.23,Paid
1300893,1200783,101228,2023-05-20,Insurance,1359.18,Paid
1300894,1203521,101967,2021-04-17,Credit Card,486.33,Paid
1300895,1201129,101674,2022-04-10,Cash,286.04,Paid
1300896,1204921,102312,2024-06-16,Insurance,2559.93,Paid
1300897,1200192,100214,2025-07-29,Insurance,1657.24,Paid
1300898,1200020,100559,2024-06-08,Bank Transfer,2019.28,Paid
1300899,1202716,102079,2021-03-13,Insurance,184.61,Paid
1300900,1202583,101940,2021-07-29,Insurance,2381.28,Pending
1300901,1204398,101100,2023-05-27,Insurance,2070.68,Paid
1300902,1200604,100117,2022-05-14,Cash,1136.97,Paid
1300903,1201573,101758,2021-10-21,Credit Card,1581.29,Pending
1300904,1200809,102040,2025-10-02,Cash,3460.88,Pending
1300905,1200528,100190,2024-11-18,Insurance,882.58,Paid
1300906,1200257,100301,2025-09-14,Insurance,269.95,Paid
1300907,1200036,100784,2025-02-06,Insurance,1747.59,Paid
1300908,1203306,102092,2023-10-17,Insurance,530.99,Paid
1300909,1201735,101931,2025-07-23,Insurance,566.61,Paid
1300910,1200903,100551,2024-11-11,Credit Card,2853.26,Pending
1300911,1203942,100396,2025-03-23,Credit Card,4788.8,Paid
1300912,1205454,101749,2022-10-01,Insurance,900.5,Pending
1300913,1200970,100925,2024-06-22,Cash,1667.53,Paid
1300914,1201390,101773,2021-08-25,Credit Card,5888.49,Paid
1300915,1201975,101554,2023-08-14,Insurance,525.48,Paid
1300916,1202475,101002,2022-10-25,Insurance,6619.53,Paid
1300917,1200902,101896,2025-09-30,Insurance,1956.88,Paid
1300918,1202213,101399,2025-03-03,Insurance,1945.59,Paid
1300919,1205215,100521,2021-10-27,Credit Card,922.3,Paid
1300920,1202307,100488,2025-09-11,Insurance,2619.93,Paid
1300921,1201963,101984,2021-03-30,Credit Card,2438.31,Paid
1300922,1203796,100368,2024-12-01,Insurance,1248.14,Paid
1300923,1201967,100588,2023-10-08,Insurance,981.29,Pending
1300924,1205587,102031,2023-08-09,Insurance,1234.0,Paid
1300925,1200270,101337,2023-11-22,Credit Card,599.38,Paid
1300926,1200466,101233,2022-11-02,Cash,6906.75,Paid
1300927,1205604,101321,2022-02-22,Credit Card,1539.63,Paid
1300928,1203591,101334,2021-10-24,Insurance,4405.2,Paid
1300929,1200077,100695,2021-02-20,Insurance,917.28,Pending
1300930,1204808,101332,2021-08-18,Insurance,966.89,Paid
1300931,1202030,102265,2025-12-25,Insurance,693.99,Paid
1300932,1204303,100775,2022-08-02,Credit Card,1519.39,Paid
1300933,1205363,100489,2023-11-19,Insurance,218.24,Paid
1300934,1203776,101424,2021-08-31,Cash,1311.09,Paid
1300935,1201408,100956,2025-01-23,Credit Card,872.74,Paid
1300936,1202587,101691,2025-03-16,Insurance,2051.51,Paid
1300937,1201456,101794,2023-11-13,Bank Transfer,1602.04,Pending
1300938,1201829,102487,2022-10-26,Bank Transfer,900.26,Paid
1300939,1204266,102162,2021-12-18,Insurance,1163.9,Paid
1300940,1202963,102437,2025-04-24,Insurance,1677.62,Pending
1300941,1200336,101279,2023-10-18,Insurance,533.83,Paid
1300942,1202606,100332,2022-08-11,Credit Card,840.76,Paid
1300943,1205169,101182,2022-11-24,Insurance,348.16,Paid
1300944,1204648,100118,2022-07-22,Cash,1794.16,Paid
1300945,1201469,101758,2025-12-06,Insurance,2340.63,Paid
1300946,1202970,101884,2024-12-10,Insurance,917.98,Paid
1300947,1204797,101813,2023-12-12,Credit Card,1872.28,Paid
1300948,1202994,100981,2024-10-16,Insurance,9240.34,Pending
1300949,1201997,100011,2022-08-30,Insurance,1652.5,Paid
1300950,1201931,102399,2023-11-04,Cash,832.87,Paid
1300951,1204082,102058,2024-04-01,Credit Card,2732.87,Paid
1300952,1204388,102371,2023-09-08,Insurance,1328.32,Paid
1300953,1204721,101533,2024-04-29,Insurance,6966.31,Paid
1300954,1203085,101742,2023-09-03,Credit Card,2428.19,Paid
1300955,1203017,101700,2025-11-30,Insurance,1311.01,Paid
1300956,1201943,101930,2024-11-02,Insurance,793.1,Paid
1300957,1200503,100534,2025-04-02,Cash,863.41,Paid
1300958,1201366,100570,2021-09-29,Cash,2181.97,Paid
1300959,1200033,100406,2025-12-03,Credit Card,356.1,Paid
1300960,1203496,100664,2023-03-11,Insurance,1781.95,Paid
1300961,1201127,101262,2021-07-10,Credit Card,1231.53,Paid
1300962,1200483,101315,2022-02-19,Insurance,1314.03,Paid
1300963,1203597,100782,2025-11-16,Bank Transfer,846.27,Paid
1300964,1205124,100927,2024-10-27,Insurance,828.66,Paid
1300965,1200129,101485,2022-11-30,Insurance,438.96,Pending
1300966,1205693,101219,2025-06-18,Bank Transfer,2762.64,Paid
1300967,1202748,102392,2021-08-22,Insurance,990.66,Pending
1300968,1202608,102027,2023-10-09,Insurance,210.86,Paid
1300969,1201154,101423,2022-07-27,Insurance,2207.85,Paid
1300970,1201123,101352,2024-08-15,Insurance,872.56,Pending
1300971,1205076,102129,2024-08-26,Insurance,385.97,Paid
1300972,1201009,101377,2021-12-15,Insurance,1390.56,Paid
1300973,1201401,100988,2021-03-05,Insurance,560.42,Paid
1300974,1202251,102453,2024-07-27,Insurance,1031.97,Paid
1300975,1204953,100399,2023-06-29,Insurance,525.83,Paid
1300976,1200628,102103,2024-07-22,Insurance,308.28,Paid
1300977,1201346,102391,2024-02-08,Credit Card,1322.09,Paid
1300978,1204983,101854,2021-11-07,Bank Transfer,1540.24,Paid
1300979,1203567,100972,2022-01-21,Credit Card,1631.72,Paid
1300980,1200075,101780,2022-05-08,Cash,2579.89,Pending
1300981,1202105,100492,2024-11-17,Cash,1399.04,Paid
1300982,1204084,100603,2022-03-31,Insurance,2052.55,Paid
1300983,1200960,100386,2024-12-19,Bank Transfer,1347.84,Paid
1300984,1200674,100571,2025-08-01,Credit Card,3020.35,Paid
1300985,1203300,101531,2022-09-24,Cash,1434.17,Paid
1300986,1201451,101778,2024-12-16,Insurance,314.91,Paid
1300987,1205297,100957,2024-07-18,Insurance,953.73,Paid
1300988,1201639,100049,2023-07-18,Credit Card,987.89,Paid
1300989,1203123,100727,2021-12-24,Insurance,497.57,Pending
1300990,1201160,101052,2025-08-19,Insurance,1111.1,Paid
1300991,1205973,100798,2023-12-29,Credit Card,2888.99,Paid
1300992,1202053,101034,2021-11-21,Cash,2526.56,Paid
1300993,1204258,100450,2023-02-09,Insurance,548.68,Paid
1300994,1204591,100489,2025-11-09,Insurance,709.53,Paid
1300995,1200137,101038,2024-06-19,Insurance,900.94,Paid
1300996,1202768,101117,2023-06-17,Credit Card,617.52,Paid
1300997,1200337,100322,2024-02-12,Credit Card,1308.56,Paid
1300998,1206164,102205,2022-10-14,Insurance,672.59,Paid
1300999,1205950,102043,2024-02-04,Insurance,548.93,Pending
1301000,1201390,101890,2025-04-21,Insurance,877.84,Paid
1301001,1202296,101521,2025-05-10,Credit Card,772.38,Paid
1301002,1202245,100016,2023-07-05,Cash,672.26,Paid
1301003,1204064,101929,2021-07-07,Insurance,395.71,Paid
1301004,1204648,101822,2021-08-15,Credit Card,809.44,Paid
1301005,1200651,100205,2025-10-20,Insurance,1785.36,Paid
1301006,1205017,100962,2021-12-29,Insurance,410.85,Paid
1301007,1203492,101792,2023-06-17,Insurance,1040.22,Paid
1301008,1200648,101718,2023-07-11,Insurance,438.99,Paid
1301009,1201434,100600,2022-12-13,Credit Card,424.57,Paid
1301010,1203219,100351,2023-07-15,Insurance,633.45,Paid
1301011,1204936,101083,2024-02-02,Credit Card,2765.71,Paid
1301012,1203796,101752,2022-09-22,Credit Card,1124.0,Paid
1301013,1200526,100790,2025-09-28,Insurance,622.26,Paid
1301014,1205619,101934,2024-03-12,Credit Card,659.93,Paid
1301015,1205728,102397,2022-01-08,Insurance,4315.17,Paid
1301016,1205348,102465,2021-01-13,Cash,413.32,Pending
1301017,1205046,101840,2021-11-06,Insurance,2704.9,Paid
1301018,1200196,100382,2025-11-18,Insurance,2523.74,Paid
1301019,1205090,100222,2022-10-20,Credit Card,474.11,Paid
1301020,1201008,100395,2021-09-27,Credit Card,3250.69,Paid
1301021,1201458,101147,2024-06-02,Insurance,4650.11,Paid
1301022,1200768,102136,2024-03-28,Insurance,2546.56,Paid
1301023,1200405,101687,2025-01-09,Insurance,3161.94,Paid
1301024,1201962,101470,2023-04-16,Credit Card,670.31,Paid
1301025,1201954,101255,2025-03-18,Insurance,858.38,Paid
1301026,1203709,100243,2023-10-08,Insurance,5858.42,Paid
1301027,1201481,100851,2025-11-04,Insurance,1361.76,Pending
1301028,1205093,101267,2025-10-06,Insurance,2399.8,Refunded
1301029,1202958,101812,2022-08-23,Credit Card,944.33,Paid
1301030,1203784,101292,2023-08-14,Insurance,5641.72,Refunded
1301031,1203417,100500,2022-09-01,Insurance,105.04,Paid
1301032,1201635,100588,2024-12-24,Insurance,2045.08,Pending
1301033,1204930,100040,2022-01-01,Insurance,3954.23,Paid
1301034,1202048,101421,2021-08-03,Credit Card,1943.56,Pending
1301035,1201863,100495,2024-08-21,Bank Transfer,515.53,Paid
1301036,1201221,100862,2023-02-14,Insurance,780.58,Paid
1301037,1205095,101076,2023-04-14,Insurance,4097.4,Paid
1301038,1201795,100363,2023-09-21,Insurance,2670.6,Paid
1301039,1204301,101348,2022-09-01,Insurance,421.24,Paid
1301040,1205430,101654,2023-11-26,Insurance,4160.06,Paid
1301041,1204557,102304,2024-12-19,Insurance,637.7,Pending
1301042,1202786,101780,2023-03-03,Bank Transfer,592.99,Paid
1301043,1201883,101176,2025-10-20,Bank Transfer,1003.72,Paid
1301044,1204380,101285,2022-01-20,Insurance,1216.07,Pending
1301045,1204920,101090,2021-09-22,Insurance,1840.58,Paid
1301046,1201381,101936,2025-08-10,Insurance,1035.24,Paid
1301047,1202501,102456,2022-12-04,Insurance,1449.44,Paid
1301048,1205200,102493,2023-12-11,Insurance,2260.78,Paid
1301049,1201840,101238,2025-11-04,Credit Card,745.62,Paid
1301050,1202932,102297,2024-01-11,Insurance,2126.98,Paid
1301051,1205651,102015,2025-09-23,Insurance,815.01,Paid
1301052,1206102,101472,2022-09-05,Insurance,2597.65,Paid
1301053,1204460,101771,2021-09-03,Insurance,1503.26,Paid
1301054,1204137,100072,2025-07-25,Insurance,3342.74,Paid
1301055,1202703,100796,2023-07-19,Credit Card,869.33,Paid
1301056,1201646,102331,2021-01-11,Insurance,1718.22,Paid
1301057,1203354,101090,2025-01-22,Insurance,1833.15,Paid
1301058,1200769,101525,2025-06-28,Insurance,2262.32,Paid
1301059,1205170,100015,2024-09-27,Insurance,563.39,Paid
1301060,1201808,100289,2023-09-25,Cash,2487.3,Paid
1301061,1200366,100273,2023-08-06,Insurance,7077.87,Paid
1301062,1206022,101057,2022-07-08,Insurance,1982.36,Paid
1301063,1201308,101960,2024-01-12,Insurance,504.1,Paid
1301064,1200803,101848,2022-08-13,Credit Card,1084.26,Paid
1301065,1201424,100870,2021-06-10,Insurance,1614.36,Paid
1301066,1202468,100448,2024-09-08,Insurance,590.13,Paid
1301067,1205003,101950,2023-04-11,Insurance,559.86,Paid
1301068,1200552,100251,2023-06-17,Bank Transfer,803.62,Paid
1301069,1202845,100641,2023-02-18,Insurance,425.02,Paid
1301070,1200524,102324,2025-09-14,Insurance,4766.92,Paid
1301071,1203748,101474,2024-02-08,Insurance,2149.12,Paid
1301072,1203303,100300,2024-05-31,Cash,3661.76,Paid
1301073,1202306,101606,2023-12-02,Insurance,2839.25,Paid
1301074,1205690,100522,2025-11-12,Bank Transfer,1334.3,Paid
1301075,1201531,100276,2024-06-25,Insurance,1224.05,Pending
1301076,1201372,101011,2022-07-16,Credit Card,1386.17,Paid
1301077,1200087,102239,2021-05-19,Credit Card,303.63,Paid
1301078,1201841,100248,2025-07-06,Credit Card,1540.02,Paid
1301079,1204368,101995,2021-03-31,Credit Card,1274.51,Pending
1301080,1204911,100405,2024-05-21,Insurance,1304.0,Paid
1301081,1200512,100618,2021-08-08,Credit Card,755.64,Paid
1301082,1201695,101910,2022-05-11,Insurance,1073.77,Paid
1301083,1201960,101893,2025-07-26,Insurance,2556.32,Paid
1301084,1205632,101839,2023-07-21,Credit Card,3814.38,Pending
1301085,1205363,100970,2025-03-27,Credit Card,666.7,Paid
1301086,1201680,100475,2022-11-07,Insurance,905.1,Paid
1301087,1205345,100491,2025-05-14,Credit Card,1191.22,Paid
1301088,1201338,101396,2024-05-28,Insurance,1266.6,Paid
1301089,1204356,101869,2025-01-13,Insurance,679.87,Paid
1301090,1202378,102395,2022-04-13,Credit Card,771.46,Paid
1301091,1203697,102118,2023-09-11,Credit Card,3157.28,Paid
1301092,1203313,101421,2023-04-20,Credit Card,874.5,Paid
1301093,1203984,101979,2024-11-17,Insurance,702.63,Paid
1301094,1203684,100773,2021-04-18,Bank Transfer,3250.27,Refunded
1301095,1200909,101676,2024-09-14,Insurance,1568.86,Paid
1301096,1201238,100641,2022-05-06,Credit Card,963.71,Paid
1301097,1200005,102183,2021-06-26,Insurance,3831.04,Paid
1301098,1202505,101721,2025-06-10,Insurance,803.83,Paid
1301099,1200963,100168,2025-11-09,Insurance,2286.82,Refunded
1301100,1200923,101063,2022-11-22,Insurance,498.03,Refunded
1301101,1200393,101820,2023-06-19,Credit Card,396.27,Paid
1301102,1202168,101080,2025-04-26,Insurance,1077.57,Paid
1301103,1201567,100167,2023-11-02,Insurance,2558.14,Paid
1301104,1205601,101081,2021-12-29,Bank Transfer,1418.41,Paid
1301105,1203418,100562,2023-05-30,Insurance,623.48,Pending
1301106,1205969,101729,2025-04-23,Bank Transfer,211.83,Paid
1301107,1206003,101138,2022-04-19,Credit Card,1234.01,Paid
1301108,1201633,100956,2021-05-15,Credit Card,1194.29,Paid
1301109,1203611,102391,2021-12-30,Credit Card,1243.58,Paid
1301110,1205226,100910,2021-08-03,Insurance,3316.42,Paid
1301111,1201171,100458,2022-10-20,Insurance,1654.81,Paid
1301112,1205071,100048,2024-08-03,Insurance,721.1,Paid
1301113,1202442,101245,2023-03-15,Insurance,1426.46,Paid
1301114,1205335,100424,2023-05-13,Insurance,535.81,Paid
1301115,1204312,100715,2024-07-29,Insurance,597.38,Paid
1301116,1205621,101619,2024-12-09,Bank Transfer,719.85,Paid
1301117,1201853,100472,2025-10-09,Bank Transfer,2244.34,Paid
1301118,1202994,101924,2023-04-16,Insurance,5647.17,Paid
1301119,1202709,102010,2021-04-16,Credit Card,836.01,Pending
1301120,1203990,100335,2022-12-02,Insurance,3394.32,Paid
1301121,1200177,102381,2022-10-05,Insurance,329.57,Paid
1301122,1202950,101220,2022-12-06,Insurance,1190.25,Paid
1301123,1202891,101827,2024-07-17,Insurance,968.82,Paid
1301124,1200588,101956,2022-03-06,Credit Card,1639.45,Paid
1301125,1200672,101014,2025-01-03,Insurance,993.84,Paid
1301126,1201174,100664,2022-08-31,Cash,3203.18,Paid
1301127,1200292,101441,2025-12-20,Insurance,2140.1,Pending
1301128,1202692,100974,2022-08-26,Insurance,476.13,Paid
1301129,1202016,100670,2022-09-25,Insurance,513.27,Pending
1301130,1205795,100379,2025-06-17,Insurance,5914.3,Paid
1301131,1201426,100090,2022-12-01,Insurance,2120.12,Paid
1301132,1201808,100845,2025-09-08,Insurance,1332.72,Paid
1301133,1203825,102129,2023-01-16,Credit Card,992.25,Paid
1301134,1204594,101273,2021-02-17,Credit Card,7633.46,Pending
1301135,1200551,102230,2023-04-10,Insurance,621.06,Paid
1301136,1205308,101894,2023-03-06,Insurance,1919.76,Paid
1301137,1200414,100362,2025-03-02,Insurance,751.53,Paid
1301138,1200351,100201,2023-05-14,Cash,3450.69,Paid
1301139,1204010,102067,2023-11-24,Insurance,3184.14,Pending
1301140,1205395,101614,2025-06-21,Insurance,4073.18,Paid
1301141,1200632,100615,2023-08-15,Insurance,2261.5,Paid
1301142,1202871,102187,2025-09-25,Cash,407.25,Paid
1301143,1202476,100798,2025-11-11,Cash,730.34,Refunded
1301144,1201337,100681,2025-01-22,Insurance,1608.14,Paid
1301145,1205461,100852,2025-10-29,Cash,977.36,Paid
1301146,1204540,101895,2025-03-14,Bank Transfer,814.86,Pending
1301147,1200443,101295,2024-08-13,Insurance,1015.38,Paid
1301148,1200963,100085,2022-06-04,Insurance,523.3,Paid
1301149,1202979,102016,2024-08-21,Insurance,613.4,Paid
1301150,1203938,100119,2022-10-06,Insurance,1095.98,Paid
1301151,1201035,101615,2025-06-14,Insurance,534.59,Paid
1301152,1204482,102182,2025-01-29,Insurance,1840.16,Paid
1301153,1201459,101308,2025-10-23,Insurance,2644.23,Paid
1301154,1203413,100728,2025-05-24,Insurance,3431.83,Pending
1301155,1200462,101950,2025-03-10,Bank Transfer,3355.56,Paid
1301156,1201000,100169,2025-11-03,Insurance,830.23,Paid
1301157,1204302,102331,2021-04-23,Insurance,1791.0,Paid
1301158,1202889,101154,2022-07-10,Insurance,2252.51,Refunded
1301159,1200378,100274,2022-01-18,Bank Transfer,1320.84,Paid
1301160,1202067,101982,2024-11-13,Cash,209.61,Paid
1301161,1203846,101685,2024-04-05,Insurance,1261.16,Paid
1301162,1202154,102144,2021-09-17,Bank Transfer,571.94,Paid
1301163,1204446,102366,2023-08-27,Insurance,2190.85,Paid
1301164,1201048,101426,2022-01-06,Insurance,3242.17,Paid
1301165,1203747,100557,2023-11-27,Insurance,1034.37,Paid
1301166,1204940,101153,2022-12-13,Insurance,1854.66,Pending
1301167,1202978,101071,2025-09-08,Insurance,1703.64,Pending
1301168,1200943,102058,2023-01-18,Insurance,1924.51,Paid
1301169,1201077,101712,2023-05-29,Insurance,841.33,Pending
1301170,1204637,100697,2024-01-16,Insurance,1537.35,Paid
1301171,1201197,102075,2022-06-11,Credit Card,1008.14,Paid
1301172,1201313,101012,2022-06-15,Insurance,2331.85,Paid
1301173,1205792,100217,2023-12-30,Insurance,2180.63,Paid
1301174,1200298,100362,2022-05-20,Credit Card,735.91,Paid
1301175,1205661,101044,2021-05-29,Insurance,4042.18,Paid
1301176,1204965,101322,2021-01-21,Insurance,1252.22,Paid
1301177,1206130,101076,2024-05-12,Insurance,1597.55,Paid
1301178,1201206,102396,2023-01-23,Credit Card,3234.8,Paid
1301179,1204945,101716,2021-01-14,Insurance,2565.08,Paid
1301180,1200944,100086,2025-06-19,Insurance,9471.75,Paid
1301181,1202698,101968,2022-07-15,Insurance,600.48,Paid
1301182,1201867,101460,2023-05-21,Insurance,4336.64,Paid
1301183,1201254,101715,2023-03-15,Credit Card,2392.87,Paid
1301184,1202270,102217,2022-11-10,Insurance,1998.79,Paid
1301185,1203430,102092,2021-07-17,Insurance,2435.06,Paid
1301186,1203199,101947,2021-07-17,Insurance,771.86,Paid
1301187,1204114,100483,2024-05-16,Insurance,3314.23,Paid
1301188,1200815,101874,2022-09-09,Insurance,1777.67,Paid
1301189,1205564,101334,2024-06-10,Insurance,888.08,Paid
1301190,1202284,101219,2021-12-21,Insurance,6775.77,Paid
1301191,1200907,102253,2023-10-16,Insurance,538.11,Paid
1301192,1204297,101196,2024-07-17,Cash,4047.74,Paid
1301193,1205895,100134,2021-09-02,Insurance,2529.72,Pending
1301194,1202103,100729,2021-09-12,Bank Transfer,1225.24,Paid
1301195,1203019,102362,2024-12-29,Insurance,1085.0,Paid
1301196,1201618,100994,2023-12-04,Insurance,1001.3,Paid
1301197,1205698,102036,2023-01-15,Insurance,4365.37,Paid
1301198,1202867,100495,2022-08-28,Insurance,2811.22,Paid
1301199,1202388,100753,2022-10-20,Credit Card,5768.24,Paid
1301200,1202658,101499,2023-10-17,Insurance,2552.07,Paid
1301201,1204866,100730,2021-03-22,Insurance,2197.03,Paid
1301202,1202063,100886,2021-10-28,Credit Card,3764.29,Paid
1301203,1201143,101886,2023-08-19,Insurance,423.84,Paid
1301204,1202127,102087,2022-01-05,Credit Card,3669.26,Paid
1301205,1203434,101219,2021-04-19,Insurance,494.16,Paid
1301206,1205390,100015,2022-07-31,Insurance,1059.45,Paid
1301207,1200379,102124,2024-05-29,Credit Card,1871.27,Paid
1301208,1205268,101476,2024-01-12,Credit Card,3879.28,Paid
1301209,1203433,100919,2023-06-01,Credit Card,2020.86,Pending
1301210,1202436,101037,2022-06-20,Insurance,547.29,Paid
1301211,1206150,101886,2024-05-31,Insurance,2801.8,Paid
1301212,1203355,100748,2021-07-19,Insurance,1829.96,Paid
1301213,1203795,101945,2022-06-06,Insurance,1219.48,Pending
1301214,1201717,100793,2023-07-30,Insurance,177.96,Paid
1301215,1201119,102340,2021-11-17,Insurance,1465.0,Paid
1301216,1203498,101393,2021-07-08,Insurance,6152.42,Pending
1301217,1203621,100783,2021-11-30,Bank Transfer,890.38,Paid
1301218,1205212,102309,2023-07-07,Cash,1887.93,Paid
1301219,1202024,101089,2021-10-11,Insurance,2975.33,Paid
1301220,1203949,101378,2023-02-09,Credit Card,754.87,Paid
1301221,1202108,100673,2022-11-21,Insurance,20779.5,Pending
1301222,1200180,100053,2021-01-19,Insurance,454.46,Pending
1301223,1200216,100775,2022-07-17,Insurance,1724.59,Paid
1301224,1202527,101063,2022-04-09,Bank Transfer,691.36,Paid
1301225,1200012,101983,2021-05-09,Insurance,700.2,Paid
1301226,1202501,100771,2022-11-29,Credit Card,3166.89,Paid
1301227,1201710,101071,2023-09-26,Cash,567.45,Paid
1301228,1202488,101723,2024-06-26,Insurance,924.45,Refunded
1301229,1205877,101403,2025-10-29,Insurance,1002.73,Paid
1301230,1202579,101239,2021-06-05,Insurance,260.86,Paid
1301231,1201041,101589,2023-01-15,Credit Card,2300.24,Paid
1301232,1200957,101671,2023-05-31,Credit Card,1098.47,Paid
1301233,1200152,101361,2021-08-13,Insurance,1350.54,Paid
1301234,1200238,101216,2021-01-18,Credit Card,1850.82,Paid
1301235,1205282,100554,2025-08-07,Insurance,2502.41,Paid
1301236,1203335,100270,2022-07-01,Insurance,719.02,Paid
1301237,1205707,101567,2025-03-02,Insurance,4099.95,Paid
1301238,1204640,102110,2025-08-31,Credit Card,4583.76,Paid
1301239,1205823,100571,2025-12-07,Credit Card,2073.58,Paid
1301240,1205658,102114,2021-01-09,Insurance,9427.75,Paid
1301241,1202863,102047,2023-08-01,Insurance,1672.42,Paid
1301242,1200916,100703,2022-01-18,Insurance,829.02,Paid
1301243,1202159,101800,2023-09-15,Bank Transfer,2629.42,Paid
1301244,1204207,100571,2023-10-07,Credit Card,5784.18,Paid
1301245,1204017,101050,2025-05-28,Insurance,1429.53,Paid
1301246,1203989,101037,2022-03-01,Credit Card,1672.39,Paid
1301247,1202015,101694,2024-11-03,Insurance,1523.75,Paid
1301248,1201296,102176,2023-02-02,Insurance,577.15,Pending
1301249,1200233,101809,2023-07-02,Insurance,769.49,Paid
1301250,1204120,101024,2024-07-30,Cash,1462.54,Paid
1301251,1202274,102398,2023-12-06,Insurance,442.31,Paid
1301252,1203342,101962,2021-01-12,Cash,1140.3,Paid
1301253,1202787,100321,2023-04-01,Insurance,1302.4,Paid
1301254,1201795,102397,2021-09-29,Bank Transfer,2157.67,Paid
1301255,1205236,100995,2021-03-18,Insurance,488.35,Paid
1301256,1201228,101303,2023-05-22,Insurance,1224.18,Paid
1301257,1205632,101087,2024-03-03,Insurance,2155.59,Paid
1301258,1203970,101496,2021-05-21,Credit Card,705.25,Pending
1301259,1202060,101010,2022-12-24,Insurance,1768.8,Pending
1301260,1205786,100139,2021-12-06,Insurance,244.59,Paid
1301261,1204366,102296,2025-10-27,Credit Card,834.34,Paid
1301262,1204545,100132,2024-12-20,Insurance,2047.31,Paid
1301263,1203233,102383,2025-04-12,Cash,2524.5,Paid
1301264,1205791,101624,2021-09-12,Cash,5222.87,Paid
1301265,1203578,102270,2022-03-27,Bank Transfer,5781.12,Paid
1301266,1205971,102312,2021-11-27,Insurance,1347.27,Paid
1301267,1203634,101848,2021-12-11,Insurance,2588.31,Paid
1301268,1203285,101513,2025-06-29,Insurance,238.96,Paid
1301269,1201879,101114,2024-09-06,Cash,1353.16,Paid
1301270,1201906,101163,2024-03-27,Credit Card,11343.55,Paid
1301271,1204279,100044,2021-07-17,Bank Transfer,772.03,Paid
1301272,1202622,100715,2024-04-07,Credit Card,1024.15,Paid
1301273,1200978,102234,2024-04-01,Insurance,3565.97,Paid
1301274,1200560,102386,2021-08-13,Insurance,1041.22,Paid
1301275,1202123,101148,2022-08-01,Insurance,492.57,Paid
1301276,1204848,100406,2024-04-29,Cash,668.71,Paid
1301277,1204595,100162,2024-06-18,Credit Card,1554.59,Paid
1301278,1200434,102436,2022-07-02,Credit Card,439.75,Paid
1301279,1201991,100471,2023-02-12,Insurance,600.97,Paid
1301280,1204954,100693,2024-05-06,Insurance,670.84,Paid
1301281,1200391,101210,2025-08-25,Insurance,514.45,Pending
1301282,1204443,100049,2025-07-05,Insurance,704.59,Paid
1301283,1205129,101116,2023-12-31,Cash,529.97,Paid
1301284,1201950,102141,2021-12-05,Insurance,2172.96,Paid
1301285,1206047,101620,2024-08-05,Insurance,359.34,Paid
1301286,1204365,100738,2023-03-20,Insurance,1783.76,Paid
1301287,1201732,102152,2021-08-04,Credit Card,1154.83,Paid
1301288,1200076,102380,2024-09-17,Insurance,4111.14,Paid
1301289,1205343,101093,2025-06-04,Insurance,488.13,Paid
1301290,1204471,102210,2025-07-23,Insurance,1404.43,Paid
1301291,1201235,100183,2021-08-04,Credit Card,641.29,Pending
1301292,1200207,101509,2023-05-26,Insurance,632.02,Paid
1301293,1201155,102474,2022-09-29,Credit Card,1305.68,Paid
1301294,1203790,101223,2025-09-24,Credit Card,1655.99,Paid
1301295,1203430,100198,2025-06-08,Insurance,736.17,Paid
1301296,1202536,102477,2025-11-13,Insurance,1026.72,Paid
1301297,1202125,100707,2023-06-09,Credit Card,1952.73,Paid
1301298,1205267,100160,2025-10-21,Credit Card,1839.68,Paid
1301299,1205526,100736,2025-07-09,Credit Card,811.0,Paid
1301300,1204385,101542,2024-10-22,Insurance,764.16,Paid
1301301,1200378,102270,2023-07-20,Credit Card,4480.32,Refunded
1301302,1202661,102091,2022-06-25,Credit Card,1448.14,Paid
1301303,1203544,100947,2025-08-22,Insurance,492.58,Paid
1301304,1204946,101428,2022-06-22,Credit Card,1178.59,Pending
1301305,1204045,100481,2025-07-19,Insurance,1158.68,Pending
1301306,1200382,101153,2022-11-05,Insurance,3339.39,Paid
1301307,1206191,102467,2025-05-17,Insurance,1046.04,Paid
1301308,1204670,100621,2024-04-16,Bank Transfer,1575.06,Paid
1301309,1200320,101818,2025-11-26,Insurance,1238.54,Paid
1301310,1204733,100331,2025-06-30,Insurance,1194.17,Paid
1301311,1205866,102385,2021-03-06,Credit Card,458.92,Paid
1301312,1205078,101487,2022-10-08,Insurance,2868.81,Paid
1301313,1203631,100437,2021-12-20,Insurance,10389.74,Paid
1301314,1205484,102460,2021-12-09,Credit Card,2345.77,Paid
1301315,1201398,102441,2021-08-18,Cash,1194.35,Paid
1301316,1201060,100063,2024-01-04,Insurance,1037.1,Paid
1301317,1204024,101861,2021-08-19,Insurance,4555.71,Paid
1301318,1201548,102253,2022-02-01,Credit Card,1046.88,Paid
1301319,1200448,100443,2025-01-08,Cash,5420.51,Paid
1301320,1200060,101692,2021-04-03,Cash,833.19,Paid
1301321,1202297,100301,2025-05-05,Bank Transfer,2042.71,Paid
1301322,1205927,100100,2023-10-11,Insurance,407.22,Paid
1301323,1200983,100081,2025-07-31,Credit Card,437.29,Pending
1301324,1202801,100434,2022-08-01,Insurance,1462.58,Paid
1301325,1205655,100180,2024-11-11,Credit Card,1383.69,Paid
1301326,1203018,101904,2021-09-28,Insurance,1541.68,Pending
1301327,1200650,100800,2025-04-12,Bank Transfer,570.36,Paid
1301328,1206154,100416,2022-11-17,Credit Card,2368.61,Paid
1301329,1206182,102376,2025-08-17,Insurance,605.37,Pending
1301330,1200934,100649,2025-10-02,Credit Card,1225.83,Paid
1301331,1202544,101317,2025-02-28,Insurance,1490.17,Paid
1301332,1205402,100926,2024-12-14,Insurance,600.69,Pending
1301333,1205434,100715,2022-04-01,Insurance,2464.09,Pending
1301334,1203428,102027,2022-04-19,Insurance,840.8,Paid
1301335,1204989,100078,2025-08-12,Insurance,2199.98,Paid
1301336,1202325,102055,2021-10-20,Bank Transfer,949.25,Paid
1301337,1201193,100198,2023-03-22,Insurance,1837.19,Paid
1301338,1202180,100239,2021-11-22,Insurance,261.6,Paid
1301339,1205738,101210,2024-07-26,Insurance,5959.91,Paid
1301340,1200371,101638,2021-12-25,Insurance,1741.79,Pending
1301341,1200958,102313,2022-11-21,Insurance,613.55,Paid
1301342,1202951,100017,2023-05-03,Insurance,1029.18,Paid
1301343,1201086,100615,2022-10-25,Cash,354.54,Paid
1301344,1200236,101750,2024-04-04,Insurance,997.3,Paid
1301345,1206198,100555,2023-10-09,Insurance,6926.73,Paid
1301346,1200979,101645,2024-09-23,Bank Transfer,1372.94,Paid
1301347,1201546,100288,2024-12-14,Insurance,1298.68,Paid
1301348,1201596,100943,2024-05-15,Insurance,4517.03,Paid
1301349,1202025,102044,2023-07-25,Insurance,794.09,Paid
1301350,1203989,100795,2022-03-28,Insurance,306.24,Paid
1301351,1204474,101540,2021-06-24,Bank Transfer,521.46,Pending
1301352,1200925,102245,2022-10-09,Insurance,764.95,Paid
1301353,1205796,100347,2022-05-18,Cash,476.73,Paid
1301354,1204967,100378,2025-08-25,Bank Transfer,3843.65,Paid
1301355,1204049,101627,2022-04-03,Insurance,1855.88,Paid
1301356,1200231,101032,2023-02-12,Insurance,3443.01,Paid
1301357,1203188,101811,2024-08-21,Insurance,1458.12,Paid
1301358,1204407,100116,2022-01-15,Insurance,339.94,Paid
1301359,1204507,101418,2023-01-17,Insurance,379.78,Paid
1301360,1202098,100536,2025-10-08,Credit Card,1950.59,Pending
1301361,1205287,102345,2021-08-25,Insurance,827.54,Paid
1301362,1206069,101400,2023-05-03,Insurance,651.83,Paid
1301363,1200551,101240,2021-07-31,Insurance,177.18,Pending
1301364,1205134,100520,2023-08-25,Bank Transfer,288.16,Paid
1301365,1201056,100547,2024-05-08,Bank Transfer,1041.04,Paid
1301366,1200629,102229,2024-08-24,Insurance,1017.99,Paid
1301367,1203481,101415,2025-06-05,Insurance,2312.81,Pending
1301368,1203870,100907,2023-02-20,Insurance,1190.63,Paid
1301369,1203312,100586,2021-01-10,Insurance,1055.26,Paid
1301370,1203769,100404,2024-05-15,Insurance,793.06,Paid
1301371,1201968,101944,2025-02-12,Credit Card,793.99,Paid
1301372,1202084,100524,2021-05-09,Insurance,634.27,Paid
1301373,1205872,100743,2025-03-05,Insurance,1128.51,Paid
1301374,1206018,100348,2022-10-08,Insurance,3433.56,Paid
1301375,1204918,101518,2025-09-29,Insurance,697.96,Paid
1301376,1201355,101891,2024-06-29,Insurance,2479.54,Paid
1301377,1200720,101791,2025-04-05,Insurance,1237.89,Paid
1301378,1205477,100878,2025-09-07,Credit Card,6176.48,Paid
1301379,1205055,101437,2022-07-29,Insurance,6950.29,Pending
1301380,1203751,100196,2022-02-12,Bank Transfer,814.58,Paid
1301381,1204455,100342,2021-08-23,Insurance,1222.15,Paid
1301382,1200712,100870,2021-04-25,Credit Card,1577.85,Pending
1301383,1202313,101641,2024-02-24,Credit Card,711.72,Paid
1301384,1205257,101451,2025-09-22,Insurance,591.46,Paid
1301385,1203700,100766,2024-03-21,Credit Card,275.11,Refunded
1301386,1204590,101030,2025-01-29,Credit Card,3447.56,Paid
1301387,1202118,100661,2022-05-03,Insurance,4080.55,Paid
1301388,1202673,101924,2022-04-12,Insurance,2132.46,Paid
1301389,1205386,100982,2023-06-14,Insurance,1107.59,Paid
1301390,1201417,102318,2024-09-26,Credit Card,250.52,Refunded
1301391,1204274,102474,2022-06-05,Insurance,1579.22,Paid
1301392,1200282,100669,2021-11-30,Insurance,1729.1,Paid
1301393,1202715,100823,2024-11-27,Credit Card,1326.79,Paid
1301394,1201314,101579,2024-04-29,Credit Card,1166.38,Paid
1301395,1205587,102127,2024-09-01,Cash,5731.91,Paid
1301396,1200249,101696,2025-05-04,Insurance,2375.04,Paid
1301397,1202789,101577,2021-09-02,Insurance,1853.88,Pending
1301398,1203258,100532,2024-06-22,Insurance,4024.36,Paid
1301399,1205754,100904,2022-05-13,Insurance,2163.25,Paid
1301400,1201279,101193,2024-01-24,Insurance,1741.49,Paid
1301401,1200928,102031,2024-01-02,Bank Transfer,3883.06,Paid
1301402,1203696,100355,2024-04-17,Insurance,7081.96,Paid
1301403,1203077,102212,2021-10-26,Credit Card,3124.87,Paid
1301404,1203938,101683,2024-06-03,Insurance,1585.84,Paid
1301405,1202030,102448,2023-10-24,Insurance,690.3,Paid
1301406,1201566,100839,2025-06-10,Cash,949.74,Refunded
1301407,1201122,100479,2024-12-01,Bank Transfer,485.67,Refunded
1301408,1201990,102054,2021-04-26,Insurance,1559.92,Paid
1301409,1201334,100672,2022-01-24,Insurance,1388.08,Paid
1301410,1202875,100690,2021-03-18,Insurance,2473.54,Paid
1301411,1203784,102199,2022-05-17,Insurance,685.01,Pending
1301412,1200557,100257,2021-04-27,Insurance,1716.33,Paid
1301413,1202495,100807,2021-08-07,Credit Card,1207.77,Paid
1301414,1200260,100331,2021-07-17,Credit Card,1015.32,Paid
1301415,1203493,101830,2022-09-25,Credit Card,1680.89,Paid
1301416,1204750,100881,2024-12-28,Credit Card,1301.19,Paid
1301417,1201349,101495,2022-09-29,Insurance,4226.74,Paid
1301418,1200585,101074,2025-09-20,Insurance,2572.92,Paid
1301419,1201611,101823,2024-06-25,Insurance,1772.63,Paid
1301420,1204184,100655,2022-07-12,Credit Card,323.9,Paid
1301421,1203211,102177,2025-08-27,Credit Card,3117.26,Paid
1301422,1202775,100146,2023-06-20,Insurance,864.17,Paid
1301423,1200992,100831,2022-01-03,Insurance,1356.22,Paid
1301424,1200694,100036,2025-09-05,Credit Card,1511.1,Paid
1301425,1202445,101951,2021-12-21,Credit Card,2424.68,Paid
1301426,1205476,100660,2023-10-21,Insurance,1625.48,Paid
1301427,1202646,100277,2022-01-19,Insurance,1570.31,Paid
1301428,1202012,101434,2025-08-14,Bank Transfer,1003.3,Paid
1301429,1201682,101919,2025-12-22,Insurance,358.11,Paid
1301430,1205739,101910,2025-09-28,Credit Card,1669.14,Paid
1301431,1204862,100547,2023-11-01,Insurance,863.96,Pending
1301432,1201866,101566,2021-10-03,Insurance,1769.98,Paid
1301433,1206179,101274,2025-05-23,Credit Card,794.21,Paid
1301434,1205115,100655,2021-03-18,Credit Card,432.2,Pending
1301435,1203576,102119,2024-12-20,Cash,1632.38,Paid
1301436,1202610,102016,2023-09-07,Cash,774.22,Paid
1301437,1206198,100519,2022-11-21,Bank Transfer,1356.21,Paid
1301438,1204284,101694,2025-10-14,Insurance,2871.63,Paid
1301439,1204085,101996,2021-12-02,Insurance,1397.12,Paid
1301440,1205066,100803,2024-10-19,Insurance,256.2,Paid
1301441,1200285,102118,2025-08-20,Insurance,2526.4,Paid
1301442,1205099,101236,2024-05-27,Credit Card,392.44,Pending
1301443,1202640,100214,2022-08-02,Bank Transfer,3629.77,Paid
1301444,1202747,101708,2023-07-16,Bank Transfer,1933.0,Paid
1301445,1200522,100875,2022-12-16,Insurance,653.99,Paid
1301446,1205460,100074,2021-07-11,Credit Card,4679.55,Paid
1301447,1200826,100033,2021-05-10,Insurance,1392.0,Pending
1301448,1204872,102329,2022-02-12,Insurance,777.78,Paid
1301449,1203669,100191,2023-09-16,Insurance,1521.62,Paid
1301450,1201119,101899,2025-07-21,Insurance,3552.92,Pending
1301451,1204447,101557,2025-08-15,Insurance,1656.38,Paid
1301452,1201810,101468,2025-05-01,Insurance,670.94,Paid
1301453,1200051,101754,2021-07-14,Insurance,1743.78,Pending
1301454,1205678,100027,2022-06-10,Insurance,1324.25,Paid
1301455,1202669,101769,2025-04-28,Insurance,494.43,Paid
1301456,1202803,101213,2025-06-16,Insurance,1649.05,Paid
1301457,1202095,100168,2024-02-10,Insurance,675.55,Paid
1301458,1202942,100751,2025-01-28,Insurance,781.32,Paid
1301459,1204451,100981,2021-02-02,Insurance,262.24,Paid
1301460,1202491,101348,2023-04-30,Insurance,679.83,Paid
1301461,1205086,100714,2023-02-17,Insurance,2131.01,Paid
1301462,1202166,101729,2022-12-11,Insurance,887.04,Paid
1301463,1200959,102379,2021-12-30,Insurance,1380.59,Paid
1301464,1202177,102158,2025-10-29,Insurance,338.27,Paid
1301465,1203198,101070,2023-01-21,Insurance,381.21,Paid
1301466,1204441,100047,2021-02-04,Credit Card,1517.16,Paid
1301467,1201351,100258,2021-07-18,Credit Card,902.38,Paid
1301468,1203920,101243,2024-10-30,Insurance,489.3,Paid
1301469,1200804,101074,2021-09-14,Insurance,687.69,Paid
1301470,1202657,102140,2021-07-05,Insurance,5368.6,Paid
1301471,1205978,102150,2021-05-22,Cash,986.46,Paid
1301472,1203211,100930,2023-12-09,Insurance,3080.3,Refunded
1301473,1200256,100640,2021-02-04,Bank Transfer,410.15,Paid
1301474,1200737,102298,2024-04-29,Insurance,5794.27,Paid
1301475,1203632,101819,2025-04-14,Insurance,455.09,Paid
1301476,1200212,100880,2025-08-14,Bank Transfer,1307.98,Paid
1301477,1204641,101804,2024-01-18,Insurance,1875.79,Paid
1301478,1201663,101390,2023-03-19,Insurance,2680.4,Pending
1301479,1204665,100508,2023-02-23,Insurance,2208.8,Paid
1301480,1203481,100520,2021-11-01,Insurance,4608.36,Paid
1301481,1206093,101063,2022-12-07,Insurance,637.38,Paid
1301482,1201685,102310,2024-10-11,Insurance,560.4,Paid
1301483,1202552,102243,2025-09-04,Bank Transfer,1658.37,Paid
1301484,1203579,101537,2024-03-30,Bank Transfer,972.69,Refunded
1301485,1202106,101912,2024-06-24,Credit Card,556.24,Paid
1301486,1203248,100668,2022-06-22,Credit Card,654.3,Paid
1301487,1201912,100886,2025-03-17,Insurance,965.07,Paid
1301488,1205440,100435,2022-11-13,Insurance,467.27,Paid
1301489,1204385,100086,2024-03-23,Credit Card,1092.47,Paid
1301490,1205044,101261,2024-09-14,Bank Transfer,2619.14,Paid
1301491,1204299,102169,2025-07-04,Insurance,713.05,Paid
1301492,1204144,101419,2025-06-28,Insurance,468.51,Paid
1301493,1206067,100199,2023-08-25,Insurance,1083.91,Paid
1301494,1201966,102045,2025-05-12,Insurance,852.21,Paid
1301495,1200563,100929,2025-12-05,Credit Card,676.89,Paid
1301496,1203930,102223,2022-12-29,Insurance,480.85,Paid
1301497,1200226,100895,2021-03-22,Credit Card,653.54,Paid
1301498,1201601,102315,2024-02-17,Insurance,629.01,Paid
1301499,1205623,100255,2024-12-24,Bank Transfer,1480.2,Pending
1301500,1200912,100715,2022-08-25,Insurance,3070.65,Paid
1301501,1205609,101811,2024-10-18,Insurance,979.55,Paid
1301502,1201946,101211,2021-05-25,Insurance,412.87,Paid
1301503,1202628,101058,2024-05-06,Insurance,1029.38,Paid
1301504,1205159,100008,2025-10-19,Insurance,4348.7,Paid
1301505,1203973,101513,2023-08-27,Insurance,1257.8,Paid
1301506,1201704,102025,2021-01-12,Insurance,549.94,Paid
1301507,1202746,100985,2025-03-07,Bank Transfer,1577.91,Pending
1301508,1205788,101019,2022-02-05,Credit Card,805.9,Paid
1301509,1206163,101558,2023-12-08,Insurance,4663.66,Paid
1301510,1202940,100676,2021-05-24,Insurance,1288.92,Paid
1301511,1201964,100031,2024-02-17,Insurance,1042.21,Paid
1301512,1202864,100306,2021-04-10,Credit Card,2244.14,Paid
1301513,1202505,101453,2021-08-29,Insurance,1200.87,Paid
1301514,1205242,102359,2024-02-14,Insurance,862.87,Refunded
1301515,1203082,100449,2021-03-28,Insurance,1386.6,Paid
1301516,1205226,102302,2025-04-05,Insurance,373.26,Paid
1301517,1204964,102141,2024-06-08,Insurance,675.92,Pending
1301518,1206106,100382,2023-04-07,Credit Card,196.74,Paid
1301519,1201848,100834,2021-01-31,Insurance,918.53,Paid
1301520,1204192,100319,2021-02-25,Credit Card,531.86,Paid
1301521,1205543,102340,2024-10-31,Credit Card,2560.53,Paid
1301522,1200044,100181,2023-09-14,Cash,868.76,Paid
1301523,1200858,101495,2023-05-12,Cash,1648.49,Paid
1301524,1200358,100154,2025-08-19,Credit Card,1394.57,Pending
1301525,1203714,101549,2021-12-19,Insurance,7943.05,Paid
1301526,1205535,100161,2022-12-09,Bank Transfer,664.76,Paid
1301527,1205968,100143,2025-05-31,Insurance,1912.28,Paid
1301528,1202033,101824,2024-09-28,Insurance,493.45,Paid
1301529,1204833,101377,2024-01-30,Credit Card,914.48,Paid
1301530,1204777,100287,2023-06-19,Insurance,969.6,Pending
1301531,1200459,101928,2024-05-15,Cash,2689.68,Paid
1301532,1203609,101394,2024-03-21,Credit Card,2435.94,Paid
1301533,1203134,101716,2025-06-03,Insurance,655.24,Paid
1301534,1201503,100929,2024-10-31,Credit Card,1145.27,Paid
1301535,1201289,101489,2023-11-26,Bank Transfer,2923.48,Paid
1301536,1200547,101027,2022-07-27,Insurance,3775.74,Pending
1301537,1201376,102401,2025-12-14,Cash,3600.49,Paid
1301538,1201386,100940,2024-10-13,Insurance,415.66,Paid
1301539,1201716,101441,2021-02-07,Credit Card,869.71,Paid
1301540,1202944,101338,2022-11-14,Insurance,1169.09,Paid
1301541,1205903,101036,2025-02-17,Insurance,669.69,Paid
1301542,1205366,101176,2023-06-05,Cash,948.49,Paid
1301543,1206040,100567,2023-10-30,Insurance,1029.11,Paid
1301544,1205087,101151,2025-03-01,Insurance,983.08,Paid
1301545,1203174,100704,2025-01-07,Insurance,2654.94,Paid
1301546,1204819,101242,2023-11-09,Cash,2298.37,Paid
1301547,1202732,101606,2025-09-20,Bank Transfer,272.4,Paid
1301548,1200437,102413,2021-11-26,Cash,1720.59,Paid
1301549,1204420,100917,2024-12-08,Credit Card,2408.9,Pending
1301550,1203796,102073,2024-09-20,Bank Transfer,1382.51,Paid
1301551,1200309,101348,2024-03-30,Insurance,534.13,Paid
1301552,1204871,100060,2021-08-08,Cash,1924.82,Paid
1301553,1201833,100395,2025-12-04,Insurance,905.35,Paid
1301554,1202307,101769,2022-03-31,Cash,4677.16,Paid
1301555,1203593,101787,2025-12-27,Credit Card,685.88,Paid
1301556,1206129,101867,2021-01-29,Insurance,1591.16,Paid
1301557,1200219,100827,2025-02-03,Insurance,4345.71,Pending
1301558,1203086,100271,2025-07-06,Credit Card,2804.82,Paid
1301559,1202135,102122,2021-05-25,Insurance,3830.73,Paid
1301560,1203033,101050,2022-01-18,Cash,592.66,Paid
1301561,1201010,100359,2024-10-15,Insurance,1216.71,Paid
1301562,1203728,100212,2024-01-13,Insurance,2802.86,Pending
1301563,1202192,101769,2023-10-29,Insurance,766.15,Paid
1301564,1203467,100529,2025-01-04,Bank Transfer,830.19,Paid
1301565,1205576,102373,2023-01-04,Credit Card,1942.75,Paid
1301566,1204418,101624,2021-03-15,Insurance,3197.07,Paid
1301567,1206096,100492,2021-04-05,Cash,682.56,Paid
1301568,1201568,100189,2022-06-24,Insurance,1168.37,Pending
1301569,1200168,100229,2024-08-09,Insurance,869.05,Paid
1301570,1206017,101968,2023-04-02,Insurance,2876.52,Paid
1301571,1200335,102493,2025-09-17,Insurance,3434.63,Paid
1301572,1205073,102081,2025-05-02,Credit Card,3825.17,Paid
1301573,1203151,100952,2023-06-22,Bank Transfer,844.17,Pending
1301574,1200291,101021,2022-06-09,Cash,2784.07,Paid
1301575,1203402,101965,2024-06-05,Bank Transfer,436.12,Paid
1301576,1204495,101464,2022-11-23,Insurance,1972.27,Paid
1301577,1205196,101681,2024-04-14,Insurance,1629.12,Paid
1301578,1200929,100951,2025-05-01,Insurance,1763.53,Paid
1301579,1205216,100567,2021-04-08,Insurance,923.93,Paid
1301580,1206009,102051,2021-04-14,Insurance,2830.35,Paid
1301581,1200239,100456,2021-05-20,Insurance,5231.67,Paid
1301582,1204293,100885,2021-09-21,Bank Transfer,1256.28,Paid
1301583,1204988,100863,2021-07-08,Credit Card,824.07,Paid
1301584,1202506,100092,2025-06-06,Bank Transfer,2009.8,Paid
1301585,1203502,100925,2025-05-10,Insurance,997.36,Paid
1301586,1204932,100409,2022-05-23,Insurance,1772.95,Paid
1301587,1203302,100202,2023-02-18,Insurance,2085.44,Pending
1301588,1205669,100940,2024-07-24,Insurance,511.16,Refunded
1301589,1203063,101767,2022-07-31,Bank Transfer,1474.32,Paid
1301590,1200907,101907,2024-10-16,Credit Card,1840.02,Paid
1301591,1205253,101215,2021-03-12,Cash,524.21,Paid
1301592,1201192,100820,2023-01-07,Insurance,561.57,Paid
1301593,1205234,100380,2022-01-11,Credit Card,15306.04,Paid
1301594,1202390,100354,2025-01-11,Insurance,858.28,Paid
1301595,1204069,100926,2023-08-15,Credit Card,1298.23,Paid
1301596,1204283,101650,2023-11-20,Insurance,2029.32,Paid
1301597,1202697,100109,2024-10-16,Insurance,1727.17,Paid
1301598,1201194,100131,2021-06-06,Insurance,660.03,Paid
1301599,1200393,102481,2022-06-12,Bank Transfer,2007.28,Paid
1301600,1201049,100370,2025-03-18,Insurance,1886.97,Paid
1301601,1203681,100047,2024-10-01,Insurance,4046.49,Paid
1301602,1202746,101083,2024-04-01,Insurance,1485.85,Paid
1301603,1204355,100356,2021-12-14,Insurance,1920.52,Paid
1301604,1204570,100309,2024-04-23,Insurance,2043.68,Paid
1301605,1203014,102174,2021-10-17,Insurance,2307.99,Paid
1301606,1203698,102144,2021-09-21,Insurance,426.53,Paid
1301607,1203125,101293,2023-06-14,Credit Card,1121.6,Refunded
1301608,1203956,102237,2021-07-10,Insurance,3076.15,Paid
1301609,1202352,101447,2022-03-26,Insurance,3002.18,Paid
1301610,1203068,100380,2025-06-04,Insurance,944.63,Paid
1301611,1200976,101034,2023-07-03,Insurance,1315.08,Paid
1301612,1201588,100122,2021-01-25,Insurance,1241.27,Paid
1301613,1202853,101898,2021-03-27,Insurance,256.12,Paid
1301614,1200818,101443,2023-08-14,Cash,1116.57,Paid
1301615,1202248,101935,2021-04-17,Credit Card,2258.59,Paid
1301616,1205618,100578,2025-02-11,Insurance,2421.92,Paid
1301617,1200913,100372,2021-10-09,Insurance,4576.51,Paid
1301618,1205496,102106,2021-01-10,Credit Card,670.62,Paid
1301619,1201177,100013,2024-12-30,Credit Card,2667.0,Paid
1301620,1206157,101393,2023-11-02,Insurance,1107.18,Paid
1301621,1205464,102124,2024-12-05,Insurance,2724.68,Paid
1301622,1201710,100721,2025-01-09,Insurance,1825.21,Paid
1301623,1200601,100196,2025-09-05,Credit Card,592.07,Paid
1301624,1203305,101234,2025-07-12,Insurance,1679.96,Pending
1301625,1201595,101407,2023-04-30,Insurance,1790.93,Paid
1301626,1205864,102489,2022-02-08,Insurance,1902.79,Paid
1301627,1204708,102415,2021-05-14,Insurance,2442.34,Paid
1301628,1202784,102362,2021-03-29,Insurance,378.24,Paid
1301629,1203964,101383,2023-07-22,Insurance,2336.52,Paid
1301630,1204794,101784,2025-08-03,Insurance,3463.95,Paid
1301631,1205297,101392,2021-12-26,Insurance,4227.77,Paid
1301632,1203953,102248,2021-04-26,Bank Transfer,1403.69,Paid
1301633,1206157,102245,2023-10-17,Credit Card,1162.86,Paid
1301634,1205262,100593,2022-07-11,Cash,1253.07,Paid
1301635,1202314,101613,2021-09-02,Insurance,2827.88,Paid
1301636,1203332,101096,2022-04-28,Cash,2431.25,Paid
1301637,1205113,101933,2025-09-03,Insurance,1802.88,Paid
1301638,1205994,100655,2024-04-09,Credit Card,1279.85,Paid
1301639,1204515,102260,2021-11-24,Insurance,195.78,Pending
1301640,1202328,100430,2023-06-13,Cash,1864.29,Paid
1301641,1203409,102228,2025-10-21,Credit Card,568.39,Paid
1301642,1201999,100761,2025-12-07,Insurance,775.88,Paid
1301643,1204139,100302,2023-09-09,Credit Card,1166.98,Paid
1301644,1202090,102272,2024-08-22,Credit Card,2592.17,Paid
1301645,1204655,101344,2025-01-22,Insurance,2290.72,Paid
1301646,1201280,100172,2022-05-11,Credit Card,784.34,Paid
1301647,1203430,100275,2022-02-08,Credit Card,846.12,Paid
1301648,1201100,102033,2023-07-08,Insurance,3257.27,Paid
1301649,1206066,101218,2025-06-01,Insurance,1685.71,Paid
1301650,1203882,101868,2021-01-12,Insurance,1044.24,Pending
1301651,1204055,100854,2025-12-28,Bank Transfer,1101.46,Paid
1301652,1202360,101063,2021-06-30,Insurance,782.29,Paid
1301653,1205653,101143,2021-08-12,Insurance,1316.55,Paid
1301654,1201063,100102,2021-04-10,Cash,889.3,Paid
1301655,1201177,100326,2024-12-25,Cash,2458.02,Pending
1301656,1205111,101572,2024-12-09,Insurance,2006.99,Paid
1301657,1204083,101766,2022-08-15,Credit Card,1521.62,Paid
1301658,1200650,102064,2025-07-12,Insurance,1502.18,Paid
1301659,1206013,101389,2023-07-11,Insurance,292.43,Paid
1301660,1204662,101812,2025-03-07,Insurance,2264.53,Paid
1301661,1200944,101984,2025-06-29,Insurance,913.3,Paid
1301662,1202720,101614,2024-11-01,Cash,1501.51,Paid
1301663,1201707,101118,2021-04-04,Cash,875.97,Paid
1301664,1201986,100588,2021-11-12,Insurance,2420.49,Paid
1301665,1201754,100905,2021-05-16,Insurance,874.12,Paid
1301666,1205176,100951,2024-05-27,Credit Card,1170.43,Paid
1301667,1204088,101405,2025-05-18,Insurance,380.68,Paid
1301668,1204845,100180,2022-12-07,Insurance,7711.12,Paid
1301669,1203603,101074,2024-02-20,Credit Card,461.39,Pending
1301670,1203476,101877,2021-01-04,Insurance,432.12,Paid
1301671,1202565,101698,2023-02-01,Insurance,753.13,Paid
1301672,1203004,102331,2021-02-08,Insurance,195.97,Paid
1301673,1202880,101548,2024-01-20,Cash,4157.07,Paid
1301674,1200267,102206,2022-10-11,Bank Transfer,888.36,Refunded
1301675,1201366,101995,2023-07-15,Insurance,322.76,Paid
1301676,1201646,101545,2025-03-15,Insurance,1434.79,Pending
1301677,1204200,101191,2024-02-05,Cash,3665.53,Paid
1301678,1201962,102474,2025-07-19,Insurance,4309.14,Paid
1301679,1205416,102131,2021-04-29,Credit Card,1082.49,Paid
1301680,1202109,101225,2025-09-21,Insurance,1018.68,Paid
1301681,1200205,101848,2021-03-09,Insurance,2265.94,Paid
1301682,1200882,101787,2021-09-27,Insurance,2108.13,Paid
1301683,1203062,100412,2022-08-07,Insurance,2881.89,Paid
1301684,1205881,101646,2023-08-27,Insurance,1794.82,Paid
1301685,1205018,100271,2025-04-28,Insurance,791.08,Paid
1301686,1201342,101739,2023-10-12,Bank Transfer,1744.51,Paid
1301687,1205149,100060,2023-09-13,Cash,324.58,Paid
1301688,1205398,101774,2025-07-03,Credit Card,961.78,Paid
1301689,1202535,101475,2023-09-10,Insurance,884.64,Pending
1301690,1202573,101860,2025-10-18,Insurance,1535.91,Paid
1301691,1201626,101610,2022-08-01,Insurance,3094.19,Paid
1301692,1203751,100078,2023-09-12,Insurance,1463.09,Paid
1301693,1202765,101362,2021-12-23,Credit Card,2356.18,Paid
1301694,1204330,100251,2023-09-15,Insurance,7048.85,Pending
1301695,1202587,101994,2022-05-29,Insurance,128.62,Pending
1301696,1201743,100785,2025-05-27,Credit Card,1097.15,Paid
1301697,1204724,100433,2023-05-09,Insurance,390.98,Paid
1301698,1201993,101538,2021-03-12,Credit Card,422.21,Paid
1301699,1202869,101142,2022-05-01,Credit Card,1047.81,Paid
1301700,1204470,101464,2022-07-03,Bank Transfer,2909.75,Paid
1301701,1200420,102401,2022-05-18,Cash,1468.95,Paid
1301702,1200775,101916,2025-03-24,Bank Transfer,1121.41,Refunded
1301703,1200125,101727,2022-01-24,Insurance,833.75,Paid
1301704,1203619,101501,2025-02-08,Insurance,1822.54,Paid
1301705,1202868,100396,2023-09-07,Insurance,2328.26,Paid
1301706,1201751,102434,2021-11-07,Bank Transfer,445.88,Paid
1301707,1203498,100821,2024-01-26,Insurance,1858.53,Paid
1301708,1201573,100254,2021-08-05,Bank Transfer,1998.58,Paid
1301709,1200240,100427,2024-03-07,Insurance,2299.12,Paid
1301710,1204301,102219,2023-07-05,Insurance,1975.55,Paid
1301711,1203832,100338,2025-05-27,Insurance,3567.02,Paid
1301712,1206005,102363,2024-06-12,Insurance,3905.56,Paid
1301713,1203309,100285,2023-08-22,Insurance,926.67,Pending
1301714,1201396,100715,2022-01-24,Insurance,1582.98,Paid
1301715,1201551,100408,2023-08-18,Insurance,1461.51,Paid
1301716,1204167,100013,2025-08-05,Credit Card,1410.41,Paid
1301717,1200923,102469,2021-04-01,Insurance,708.76,Pending
1301718,1203688,101652,2024-10-09,Insurance,4498.73,Paid
1301719,1205663,102264,2021-04-17,Insurance,3342.65,Paid
1301720,1203008,100619,2022-04-04,Insurance,699.46,Paid
1301721,1201843,101427,2025-05-07,Insurance,656.29,Paid
1301722,1203278,100708,2025-02-14,Insurance,981.25,Paid
1301723,1200876,101305,2025-01-20,Insurance,10694.53,Paid
1301724,1202628,101690,2021-02-26,Insurance,3537.06,Paid
1301725,1204398,101591,2025-11-07,Bank Transfer,2563.23,Paid
1301726,1203391,100807,2024-09-16,Insurance,1352.42,Paid
1301727,1202516,101962,2021-01-28,Insurance,745.81,Paid
1301728,1200683,102244,2021-12-21,Insurance,790.25,Paid
1301729,1200192,100212,2023-02-24,Insurance,625.79,Paid
1301730,1200586,102065,2022-11-24,Bank Transfer,847.38,Paid
1301731,1203237,102443,2025-11-19,Insurance,1404.14,Paid
1301732,1204291,102396,2024-04-11,Insurance,584.77,Paid
1301733,1204264,101000,2023-07-19,Insurance,839.65,Paid
1301734,1204080,100886,2024-12-22,Credit Card,1336.62,Paid
1301735,1202951,100630,2023-09-08,Insurance,3054.25,Paid
1301736,1204860,101027,2022-07-26,Insurance,1148.99,Pending
1301737,1201159,101676,2025-06-03,Insurance,1625.37,Paid
1301738,1202577,100394,2025-04-14,Credit Card,892.65,Paid
1301739,1201514,101485,2022-07-31,Credit Card,2647.07,Paid
1301740,1201629,102193,2021-08-02,Insurance,419.22,Paid
1301741,1201505,100874,2022-05-21,Credit Card,3305.44,Paid
1301742,1201868,100203,2025-04-14,Insurance,1405.21,Paid
1301743,1203652,101327,2022-12-17,Cash,2631.26,Paid
1301744,1205336,100088,2021-01-19,Credit Card,569.34,Paid
1301745,1201075,101529,2023-01-31,Insurance,2736.57,Paid
1301746,1203041,101099,2021-05-31,Credit Card,3213.06,Paid
1301747,1202198,100237,2023-08-23,Credit Card,610.71,Paid
1301748,1202604,100216,2024-03-23,Insurance,875.53,Paid
1301749,1203493,100888,2021-10-19,Credit Card,1416.8,Paid
1301750,1204393,100196,2021-01-21,Insurance,1159.13,Paid
1301751,1206198,102410,2022-07-08,Insurance,611.42,Paid
1301752,1204732,102424,2023-10-31,Insurance,2755.44,Paid
1301753,1205704,101392,2023-01-22,Credit Card,702.3,Paid
1301754,1204131,101805,2021-08-25,Insurance,1892.94,Paid
1301755,1204950,100941,2022-01-03,Credit Card,411.45,Paid
1301756,1204559,100501,2023-12-14,Credit Card,2134.51,Paid
1301757,1203558,100167,2024-10-04,Insurance,7539.55,Paid
1301758,1203451,101655,2025-05-28,Credit Card,883.9,Pending
1301759,1205094,102133,2021-03-19,Bank Transfer,1426.32,Paid
1301760,1204813,100022,2023-04-01,Credit Card,2953.53,Paid
1301761,1200959,100861,2021-10-21,Credit Card,1983.11,Pending
1301762,1204534,100137,2021-04-16,Insurance,310.12,Paid
1301763,1205620,100283,2023-08-05,Bank Transfer,3770.94,Paid
1301764,1205252,102420,2021-07-03,Insurance,192.66,Paid
1301765,1205049,100587,2022-04-24,Credit Card,540.33,Paid
1301766,1204924,101524,2024-11-20,Credit Card,1157.11,Paid
1301767,1201938,102500,2025-12-04,Credit Card,1220.48,Paid
1301768,1205346,101512,2025-06-03,Insurance,1871.19,Paid
1301769,1205426,102117,2021-05-03,Insurance,2672.36,Paid
1301770,1204328,102177,2023-05-01,Insurance,979.12,Paid
1301771,1200129,101022,2021-09-16,Bank Transfer,1458.87,Paid
1301772,1203680,100918,2023-09-22,Insurance,587.65,Refunded
1301773,1202791,102471,2022-05-14,Credit Card,1052.21,Pending
1301774,1200715,101955,2024-01-27,Credit Card,2425.22,Paid
1301775,1203334,101667,2022-11-27,Insurance,766.71,Paid
1301776,1205587,101262,2022-11-26,Insurance,1770.4,Paid
1301777,1202128,102313,2024-02-05,Cash,2351.59,Paid
1301778,1203515,101580,2024-03-16,Credit Card,1608.9,Paid
1301779,1203205,100649,2023-08-13,Insurance,569.8,Paid
1301780,1205921,100511,2021-10-06,Insurance,1149.74,Paid
1301781,1200425,102212,2024-08-25,Insurance,1177.83,Paid
1301782,1204945,100023,2021-06-26,Bank Transfer,1262.67,Paid
1301783,1201704,100665,2025-11-14,Insurance,1634.74,Paid
1301784,1205409,100143,2023-06-22,Insurance,780.17,Pending
1301785,1200356,100136,2022-09-23,Insurance,945.49,Paid
1301786,1204187,100627,2021-11-25,Insurance,1928.68,Paid
1301787,1201196,102216,2025-08-21,Insurance,1008.28,Paid
1301788,1200466,100511,2023-01-24,Cash,644.88,Paid
1301789,1203703,101255,2021-12-15,Credit Card,646.21,Paid
1301790,1201791,100962,2021-09-26,Insurance,8814.16,Paid
1301791,1202457,101401,2025-06-07,Cash,791.53,Paid
1301792,1205852,100297,2022-06-11,Insurance,2957.6,Paid
1301793,1204322,100463,2022-03-21,Insurance,730.15,Paid
1301794,1205867,102167,2021-12-28,Credit Card,2279.84,Paid
1301795,1200617,101566,2024-02-25,Insurance,451.14,Paid
1301796,1204274,102070,2025-08-23,Insurance,1884.66,Pending
1301797,1203080,100650,2021-06-13,Cash,543.57,Paid
1301798,1201959,100662,2022-11-04,Insurance,1308.79,Paid
1301799,1201995,102210,2025-05-18,Insurance,1783.18,Paid
1301800,1204788,101351,2025-06-02,Bank Transfer,4616.87,Paid
1301801,1204557,101318,2021-03-29,Insurance,3139.67,Paid
1301802,1201341,100326,2023-02-26,Insurance,7999.6,Paid
1301803,1204482,100083,2022-08-25,Insurance,5901.88,Refunded
1301804,1200529,101982,2023-07-06,Insurance,2315.61,Paid
1301805,1201600,100213,2025-06-11,Insurance,3211.88,Paid
1301806,1205331,101412,2025-11-03,Insurance,1292.8,Paid
1301807,1205734,102021,2025-09-09,Cash,1564.36,Paid
1301808,1205444,100116,2021-02-03,Bank Transfer,1629.46,Paid
1301809,1201072,100096,2024-08-12,Insurance,3309.25,Paid
1301810,1202588,100448,2024-06-27,Cash,1084.89,Pending
1301811,1202898,102036,2024-09-20,Insurance,1010.48,Paid
1301812,1203994,100300,2025-05-18,Credit Card,1194.9,Paid
1301813,1203077,102321,2024-09-27,Credit Card,2644.13,Paid
1301814,1204581,101056,2023-06-29,Insurance,223.78,Paid
1301815,1205594,101656,2023-11-29,Credit Card,1537.43,Paid
1301816,1204418,100655,2023-06-27,Credit Card,4984.66,Paid
1301817,1206185,101611,2023-01-22,Insurance,1540.51,Paid
1301818,1205776,100563,2025-08-23,Insurance,296.33,Paid
1301819,1205640,101112,2025-11-04,Insurance,3395.13,Paid
1301820,1204572,100825,2021-01-30,Insurance,813.22,Paid
1301821,1205476,100697,2023-07-28,Insurance,738.55,Paid
1301822,1201344,102417,2023-11-15,Insurance,1266.24,Paid
1301823,1203670,101755,2022-03-21,Insurance,617.16,Paid
1301824,1203031,101889,2023-04-04,Insurance,618.59,Paid
1301825,1200573,101635,2022-05-29,Insurance,1666.38,Paid
1301826,1204692,100904,2025-08-28,Credit Card,583.84,Paid
1301827,1200184,101451,2021-03-27,Insurance,3116.04,Paid
1301828,1202633,101574,2023-02-13,Credit Card,5985.82,Paid
1301829,1200633,100624,2025-03-27,Insurance,4326.96,Paid
1301830,1200533,100156,2021-06-24,Insurance,714.09,Paid
1301831,1203819,100958,2022-07-20,Insurance,974.6,Paid
1301832,1201461,102343,2023-04-01,Insurance,6054.53,Paid
1301833,1201869,100979,2025-12-19,Insurance,489.1,Paid
1301834,1204447,100488,2024-12-29,Insurance,1164.22,Paid
1301835,1205991,101239,2022-02-20,Bank Transfer,4134.9,Paid
1301836,1205363,101290,2025-12-23,Bank Transfer,1923.77,Paid
1301837,1202386,101365,2021-12-02,Insurance,948.64,Pending
1301838,1200298,100699,2023-01-03,Credit Card,5947.82,Paid
1301839,1205182,102048,2025-04-24,Insurance,1989.9,Paid
1301840,1204359,102243,2025-09-11,Insurance,1203.19,Paid
1301841,1202789,102242,2021-05-05,Insurance,1049.42,Paid
1301842,1204224,100838,2025-11-03,Insurance,1350.17,Paid
1301843,1201928,102156,2025-08-02,Insurance,1236.47,Paid
1301844,1203385,101488,2025-02-07,Cash,3219.12,Paid
1301845,1205421,102075,2021-02-23,Insurance,1444.34,Paid
1301846,1205893,101432,2021-01-20,Credit Card,1967.48,Paid
1301847,1202704,102475,2023-08-17,Insurance,789.91,Paid
1301848,1205154,101854,2023-11-03,Insurance,4234.05,Paid
1301849,1202043,100926,2022-07-27,Credit Card,2674.04,Paid
1301850,1204532,101119,2022-05-22,Credit Card,888.63,Paid
1301851,1201626,101800,2021-12-05,Insurance,3136.36,Paid
1301852,1200637,100713,2021-08-12,Insurance,2463.38,Paid
1301853,1201123,100967,2021-09-19,Insurance,4000.1,Paid
1301854,1203151,100405,2025-08-16,Insurance,652.49,Paid
1301855,1201392,102334,2023-01-26,Insurance,1873.42,Paid
1301856,1203539,101957,2024-06-08,Insurance,2116.53,Paid
1301857,1200153,100191,2022-11-20,Bank Transfer,1003.7,Paid
1301858,1206127,100491,2024-12-26,Insurance,642.08,Paid
1301859,1201770,102077,2023-12-18,Insurance,2172.92,Paid
1301860,1206168,102158,2025-08-31,Insurance,2271.75,Paid
1301861,1201581,101000,2021-08-14,Insurance,703.39,Paid
1301862,1200323,101423,2023-06-26,Credit Card,4093.77,Paid
1301863,1202346,101641,2025-02-21,Credit Card,192.66,Paid
1301864,1201737,101058,2023-01-28,Insurance,2208.76,Paid
1301865,1206131,100622,2025-03-28,Cash,449.54,Paid
1301866,1200494,101788,2024-03-25,Cash,1621.95,Pending
1301867,1205996,101020,2021-05-10,Insurance,1161.31,Paid
1301868,1205604,100359,2025-08-22,Credit Card,982.2,Paid
1301869,1201142,100371,2023-06-15,Insurance,859.47,Paid
1301870,1201797,102368,2023-06-09,Insurance,2293.37,Refunded
1301871,1205705,101544,2025-08-16,Credit Card,167.65,Paid
1301872,1203877,101496,2022-11-21,Insurance,4204.25,Paid
1301873,1200940,102431,2022-09-25,Insurance,644.27,Paid
1301874,1203381,102238,2022-04-06,Insurance,903.03,Paid
1301875,1202891,101611,2022-10-05,Insurance,938.64,Paid
1301876,1205025,102487,2021-02-12,Bank Transfer,270.14,Paid
1301877,1201622,101980,2021-04-25,Credit Card,1172.38,Paid
1301878,1203767,100149,2025-06-05,Insurance,494.3,Paid
1301879,1206199,100402,2021-08-27,Insurance,2111.2,Paid
1301880,1200642,102385,2021-11-09,Insurance,736.13,Paid
1301881,1202585,100673,2023-07-05,Insurance,852.15,Paid
1301882,1202799,101163,2023-08-04,Bank Transfer,1757.81,Paid
1301883,1203608,100249,2023-02-17,Insurance,415.55,Paid
1301884,1201758,100455,2021-06-20,Insurance,1728.68,Paid
1301885,1204251,100808,2022-12-03,Insurance,3649.7,Paid
1301886,1204542,101197,2022-01-30,Bank Transfer,1338.45,Paid
1301887,1205608,101309,2025-12-03,Insurance,897.17,Paid
1301888,1202096,101491,2024-12-22,Cash,2533.48,Paid
1301889,1202140,101898,2024-04-07,Bank Transfer,5300.12,Paid
1301890,1200644,101698,2024-02-21,Insurance,3195.58,Pending
1301891,1203057,101851,2024-07-26,Credit Card,1946.31,Paid
1301892,1204909,101854,2023-10-01,Insurance,1128.31,Paid
1301893,1201457,100740,2021-09-09,Bank Transfer,2827.2,Paid
1301894,1204340,100653,2021-07-24,Insurance,427.27,Paid
1301895,1204078,102370,2021-12-13,Insurance,331.29,Paid
1301896,1203208,100887,2024-03-24,Bank Transfer,1100.93,Paid
1301897,1202060,100493,2023-04-04,Insurance,653.57,Paid
1301898,1204453,101039,2024-10-14,Insurance,298.55,Paid
1301899,1201388,101515,2025-09-18,Insurance,2803.02,Paid
1301900,1205305,100944,2022-05-02,Bank Transfer,730.02,Paid
1301901,1204369,100512,2024-11-23,Credit Card,4480.58,Paid
1301902,1205975,100374,2022-04-12,Insurance,5185.02,Paid
1301903,1201638,101440,2023-07-14,Credit Card,495.37,Paid
1301904,1201076,100919,2024-12-19,Credit Card,976.54,Paid
1301905,1203275,100927,2024-09-22,Insurance,1849.38,Refunded
1301906,1201744,101286,2022-06-09,Credit Card,1123.03,Paid
1301907,1202485,100382,2024-06-27,Insurance,3268.98,Paid
1301908,1200347,101930,2024-04-06,Insurance,1375.14,Paid
1301909,1201290,100628,2021-02-07,Credit Card,1301.19,Paid
1301910,1205603,100896,2021-06-23,Insurance,4828.96,Paid
1301911,1204758,101242,2022-11-21,Insurance,1101.26,Paid
1301912,1204900,100700,2023-05-23,Insurance,3529.88,Paid
1301913,1202301,100718,2024-09-10,Insurance,520.36,Paid
1301914,1205790,100209,2024-09-12,Insurance,3056.27,Refunded
1301915,1206196,102359,2022-04-09,Insurance,4611.44,Paid
1301916,1202270,102065,2022-11-17,Insurance,742.83,Paid
1301917,1201268,100549,2021-09-25,Insurance,3961.53,Paid
1301918,1201519,101748,2021-07-23,Insurance,1739.42,Paid
1301919,1205316,102082,2022-09-19,Insurance,12636.2,Paid
1301920,1200428,100521,2025-10-29,Credit Card,521.84,Paid
1301921,1201100,102003,2023-09-09,Credit Card,904.68,Refunded
1301922,1205887,102287,2021-01-28,Bank Transfer,783.06,Paid
1301923,1200159,102432,2023-04-06,Bank Transfer,234.5,Paid
1301924,1204812,101494,2021-10-23,Insurance,3137.41,Paid
1301925,1205454,102272,2022-11-29,Insurance,3860.86,Paid
1301926,1206171,102013,2024-01-24,Insurance,716.41,Paid
1301927,1202656,101712,2022-01-25,Bank Transfer,1079.16,Paid
1301928,1200250,101761,2021-03-18,Insurance,201.42,Paid
1301929,1201365,100715,2021-01-29,Bank Transfer,972.39,Paid
1301930,1202706,101961,2021-04-02,Credit Card,868.19,Paid
1301931,1203911,101660,2021-11-16,Credit Card,1280.24,Paid
1301932,1201026,101505,2023-09-28,Insurance,288.58,Paid
1301933,1203094,101732,2024-11-09,Credit Card,744.15,Paid
1301934,1203752,100377,2023-02-03,Credit Card,3375.99,Paid
1301935,1201249,100773,2023-07-07,Insurance,3551.9,Paid
1301936,1202331,101448,2023-12-29,Insurance,282.56,Paid
1301937,1204002,102038,2021-01-11,Bank Transfer,312.23,Paid
1301938,1201892,101356,2022-07-31,Credit Card,598.11,Pending
1301939,1201114,100938,2023-01-19,Insurance,957.17,Paid
1301940,1203950,101698,2025-12-15,Cash,3456.95,Paid
1301941,1203854,100798,2023-06-04,Bank Transfer,1514.3,Paid
1301942,1202756,101493,2023-05-19,Insurance,1475.3,Paid
1301943,1201471,102153,2021-03-06,Insurance,1057.62,Pending
1301944,1202903,102285,2021-10-06,Insurance,1318.13,Paid
1301945,1204421,102275,2021-06-30,Insurance,800.09,Paid
1301946,1203380,101976,2024-08-12,Insurance,488.28,Paid
1301947,1205297,101267,2024-03-12,Insurance,732.05,Paid
1301948,1202962,102154,2024-09-11,Cash,3216.56,Paid
1301949,1202728,101591,2021-02-15,Insurance,806.41,Pending
1301950,1205850,101026,2025-05-06,Insurance,839.23,Paid
1301951,1202230,102017,2024-08-02,Bank Transfer,871.47,Pending
1301952,1200955,101114,2024-08-27,Insurance,773.85,Paid
1301953,1202077,100950,2025-02-28,Credit Card,738.92,Refunded
1301954,1200074,100771,2022-01-31,Insurance,1989.32,Paid
1301955,1204569,100556,2022-01-03,Credit Card,7617.46,Paid
1301956,1203761,101215,2023-11-05,Credit Card,998.64,Paid
1301957,1201018,100348,2022-01-11,Insurance,1136.79,Paid
1301958,1201885,100656,2021-04-29,Credit Card,3518.0,Paid
1301959,1202394,100838,2025-08-29,Insurance,831.95,Paid
1301960,1200763,102318,2025-06-13,Credit Card,1041.75,Paid
1301961,1201870,102324,2022-12-22,Credit Card,1101.69,Pending
1301962,1205261,101878,2022-02-04,Bank Transfer,436.87,Paid
1301963,1201643,102204,2024-07-27,Insurance,1495.65,Pending
1301964,1200325,101326,2025-01-30,Credit Card,2082.78,Paid
1301965,1206036,102175,2022-09-19,Insurance,1116.58,Paid
1301966,1203673,100671,2023-12-20,Insurance,2379.57,Paid
1301967,1205647,101653,2024-02-12,Insurance,439.28,Paid
1301968,1200268,100788,2024-10-05,Insurance,6381.09,Paid
1301969,1201295,100798,2021-02-12,Bank Transfer,955.31,Paid
1301970,1202676,100349,2021-01-15,Insurance,435.26,Paid
1301971,1202324,101080,2021-01-01,Insurance,3727.55,Paid
1301972,1205105,101705,2024-06-29,Credit Card,915.1,Paid
1301973,1200013,101195,2024-01-10,Insurance,3338.56,Paid
1301974,1200054,101158,2023-04-08,Credit Card,625.37,Paid
1301975,1201541,101496,2023-06-18,Insurance,427.35,Paid
1301976,1204389,101075,2025-01-12,Insurance,987.31,Paid
1301977,1203833,101471,2024-10-17,Insurance,309.5,Paid
1301978,1200645,101694,2024-11-24,Insurance,1599.48,Paid
1301979,1202333,102442,2025-09-21,Insurance,4367.16,Paid
1301980,1202891,101212,2022-12-18,Cash,2114.03,Paid
1301981,1200458,100788,2021-07-27,Insurance,1613.29,Paid
1301982,1202434,101205,2023-04-27,Insurance,877.58,Paid
1301983,1204639,100685,2021-07-24,Insurance,6698.61,Paid
1301984,1200729,101767,2023-06-26,Insurance,2067.71,Paid
1301985,1205786,100344,2023-03-25,Bank Transfer,1398.8,Paid
1301986,1204590,100411,2021-10-31,Insurance,1019.02,Paid
1301987,1203944,101760,2025-12-25,Insurance,1131.31,Paid
1301988,1205204,100095,2024-01-03,Insurance,3747.76,Paid
1301989,1203103,101705,2024-12-07,Credit Card,1785.78,Paid
1301990,1200601,100241,2022-10-25,Insurance,194.8,Paid
1301991,1201724,100016,2025-09-27,Insurance,2689.46,Paid
1301992,1205787,101952,2021-09-18,Credit Card,1336.06,Paid
1301993,1200411,100318,2023-01-24,Insurance,610.51,Paid
1301994,1201239,100291,2024-07-12,Insurance,1702.93,Paid
1301995,1203627,100733,2021-04-01,Bank Transfer,5993.82,Refunded
1301996,1201149,100585,2024-03-16,Insurance,316.14,Paid
1301997,1205044,101593,2022-06-19,Insurance,867.43,Paid
1301998,1200721,100353,2024-12-15,Insurance,4915.59,Paid
1301999,1203139,100618,2023-12-28,Insurance,2299.38,Paid
1302000,1200612,100074,2021-05-28,Credit Card,656.71,Paid
1302001,1204937,100842,2022-02-14,Insurance,1990.57,Pending
1302002,1204286,101128,2024-07-18,Insurance,587.92,Paid
1302003,1201906,100942,2023-07-22,Insurance,387.7,Paid
1302004,1204201,100493,2023-06-08,Credit Card,3376.24,Paid
1302005,1203404,100145,2024-12-08,Insurance,416.45,Paid
1302006,1204773,101364,2024-12-17,Credit Card,2932.63,Pending
1302007,1204058,102077,2025-02-17,Insurance,2223.57,Paid
1302008,1200527,102181,2025-02-03,Bank Transfer,4522.87,Pending
1302009,1203546,100479,2021-12-12,Insurance,4339.16,Paid
1302010,1200931,102208,2022-03-28,Insurance,589.34,Paid
1302011,1205107,100536,2025-02-09,Insurance,1337.94,Paid
1302012,1204641,100845,2022-09-16,Insurance,751.64,Paid
1302013,1201591,102160,2025-03-15,Insurance,520.11,Pending
1302014,1204703,100921,2023-06-23,Insurance,1864.53,Paid
1302015,1205895,100556,2024-02-15,Insurance,1846.6,Paid
1302016,1202453,101376,2023-06-12,Cash,506.73,Paid
1302017,1202428,100461,2022-12-25,Cash,985.22,Paid
1302018,1200319,100250,2022-11-30,Bank Transfer,1148.1,Paid
1302019,1201155,101323,2025-07-17,Insurance,2130.6,Paid
1302020,1203774,100141,2023-03-04,Insurance,1341.71,Paid
1302021,1200168,100355,2023-04-13,Insurance,1553.57,Paid
1302022,1200821,101536,2023-01-11,Credit Card,2892.33,Paid
1302023,1205784,100291,2021-07-11,Credit Card,1676.34,Paid
1302024,1204282,100453,2025-02-04,Bank Transfer,1249.52,Pending
1302025,1202122,101636,2021-11-27,Insurance,2046.31,Paid
1302026,1204524,101423,2023-10-24,Credit Card,1001.49,Paid
1302027,1202573,100607,2023-12-02,Insurance,4912.54,Pending
1302028,1203382,100770,2021-09-04,Insurance,1073.56,Paid
1302029,1206053,101480,2022-03-25,Credit Card,1761.83,Pending
1302030,1204222,100060,2025-08-19,Credit Card,761.65,Paid
1302031,1202996,101721,2021-12-23,Cash,1791.95,Paid
1302032,1201050,100035,2021-09-03,Insurance,1243.06,Paid
1302033,1200919,100803,2022-01-14,Credit Card,2737.55,Paid
1302034,1203680,102158,2021-08-07,Credit Card,1091.15,Paid
1302035,1205970,101312,2024-11-18,Insurance,449.69,Paid
1302036,1205605,100565,2021-06-20,Insurance,2922.2,Paid
1302037,1202759,100276,2024-10-12,Bank Transfer,569.51,Paid
1302038,1202548,100288,2025-09-12,Insurance,1583.14,Paid
1302039,1206122,101867,2024-09-09,Insurance,1727.01,Pending
1302040,1203679,102036,2022-03-02,Insurance,612.93,Paid
1302041,1200292,102432,2021-09-22,Insurance,2219.26,Paid
1302042,1201064,100658,2021-09-13,Credit Card,572.98,Paid
1302043,1201927,101327,2025-02-18,Insurance,5092.05,Paid
1302044,1200539,100929,2023-06-16,Credit Card,696.52,Pending
1302045,1204725,101718,2025-02-01,Insurance,536.12,Paid
1302046,1205779,100942,2025-04-09,Bank Transfer,3280.45,Paid
1302047,1203128,100443,2024-06-05,Insurance,1536.21,Paid
1302048,1203505,101348,2025-03-16,Bank Transfer,2023.64,Paid
1302049,1201897,101339,2023-01-21,Insurance,3290.12,Pending
1302050,1205916,101167,2021-01-23,Credit Card,448.0,Paid
1302051,1204168,101391,2021-08-19,Credit Card,3589.14,Paid
1302052,1203281,100827,2021-07-11,Insurance,2336.23,Paid
1302053,1201260,101679,2024-08-19,Insurance,1917.87,Paid
1302054,1204317,100712,2024-05-06,Insurance,1963.66,Paid
1302055,1203976,100850,2024-02-25,Credit Card,3288.75,Paid
1302056,1205836,100386,2024-02-29,Insurance,814.59,Paid
1302057,1204193,101889,2024-09-26,Insurance,796.45,Paid
1302058,1202523,102019,2024-07-22,Insurance,1117.11,Paid
1302059,1205382,100104,2023-12-15,Cash,1552.37,Paid
1302060,1202350,100123,2022-02-01,Insurance,1188.15,Paid
1302061,1201871,100753,2022-06-04,Insurance,2821.04,Paid
1302062,1206087,102358,2023-01-01,Insurance,1426.31,Refunded
1302063,1203152,101852,2025-06-18,Insurance,2536.25,Pending
1302064,1201485,100725,2025-03-27,Insurance,2403.91,Paid
1302065,1205424,102070,2022-01-13,Bank Transfer,385.36,Paid
1302066,1204219,100207,2021-08-26,Insurance,968.2,Paid
1302067,1203984,100860,2022-02-11,Cash,300.11,Paid
1302068,1202094,100852,2022-03-21,Insurance,2924.61,Paid
1302069,1203033,100416,2025-11-05,Credit Card,1078.98,Paid
1302070,1201894,100894,2023-09-07,Insurance,596.87,Paid
1302071,1203282,102476,2025-12-17,Insurance,1630.19,Paid
1302072,1204008,102313,2022-02-13,Insurance,2007.24,Paid
1302073,1200637,101410,2024-09-28,Insurance,1909.1,Paid
1302074,1203130,100598,2021-09-07,Insurance,611.93,Paid
1302075,1200025,100548,2021-10-26,Credit Card,676.51,Paid
1302076,1204396,101222,2023-10-29,Insurance,4211.89,Paid
1302077,1205990,100676,2024-12-20,Insurance,2486.78,Paid
1302078,1203056,101066,2025-11-14,Insurance,1286.64,Paid
1302079,1202824,100717,2025-11-11,Credit Card,861.96,Paid
1302080,1205825,102272,2024-12-03,Credit Card,1882.52,Pending
1302081,1204885,101480,2025-02-06,Insurance,261.28,Paid
1302082,1200983,102297,2021-10-07,Insurance,3329.49,Paid
1302083,1200338,100567,2025-10-24,Insurance,7263.94,Paid
1302084,1201513,102132,2025-09-21,Cash,316.1,Paid
1302085,1200138,102291,2022-11-04,Bank Transfer,271.91,Paid
1302086,1202449,100317,2024-05-16,Insurance,1519.08,Paid
1302087,1201853,100886,2022-04-25,Credit Card,1486.18,Paid
1302088,1204268,100515,2024-07-25,Credit Card,1392.63,Paid
1302089,1200236,100151,2025-10-18,Credit Card,1489.16,Paid
1302090,1201697,101786,2025-05-21,Credit Card,1097.47,Paid
1302091,1203025,101405,2023-07-29,Credit Card,3000.8,Paid
1302092,1203395,102213,2021-07-07,Credit Card,474.64,Paid
1302093,1201556,101190,2023-12-10,Insurance,1730.29,Pending
1302094,1206055,100816,2024-12-26,Bank Transfer,935.26,Paid
1302095,1201789,102256,2024-06-27,Insurance,4593.89,Paid
1302096,1200162,101835,2022-05-04,Cash,924.17,Pending
1302097,1205940,101640,2024-03-31,Bank Transfer,2264.27,Paid
1302098,1201888,100980,2025-08-28,Credit Card,482.71,Pending
1302099,1206167,100166,2022-12-14,Insurance,1151.48,Paid
1302100,1205345,100972,2024-11-13,Insurance,1195.64,Paid
1302101,1205440,100170,2024-12-07,Insurance,409.19,Paid
1302102,1201968,101261,2021-12-21,Insurance,1396.55,Paid
1302103,1204113,101813,2025-04-27,Insurance,743.46,Paid
1302104,1202849,102241,2022-10-08,Insurance,909.05,Paid
1302105,1205933,100060,2024-05-21,Insurance,1208.17,Paid
1302106,1204256,100655,2021-09-02,Credit Card,739.37,Paid
1302107,1200741,101552,2022-06-19,Insurance,2515.92,Paid
1302108,1202292,102421,2023-03-30,Insurance,774.41,Paid
1302109,1200693,100258,2025-11-29,Credit Card,594.55,Paid
1302110,1203544,100503,2021-03-07,Insurance,734.02,Paid
1302111,1200024,101970,2023-10-19,Insurance,596.65,Pending
1302112,1205066,101475,2023-11-18,Credit Card,742.23,Paid
1302113,1201622,100805,2025-02-01,Insurance,2554.16,Paid
1302114,1205267,101169,2024-09-15,Insurance,7283.61,Pending
1302115,1201309,102315,2025-10-04,Insurance,1551.98,Pending
1302116,1205653,100448,2025-12-07,Insurance,624.15,Paid
1302117,1201774,101645,2022-08-18,Credit Card,1183.16,Paid
1302118,1204025,101515,2022-03-07,Insurance,472.75,Paid
1302119,1200835,101263,2021-12-13,Insurance,1424.4,Paid
1302120,1200032,102360,2023-03-19,Bank Transfer,1239.54,Paid
1302121,1204220,101461,2022-12-31,Insurance,2220.64,Refunded
1302122,1203030,102292,2023-11-19,Credit Card,255.44,Paid
1302123,1202656,100001,2024-07-17,Insurance,1673.61,Paid
1302124,1202257,100217,2022-08-11,Credit Card,514.12,Paid
1302125,1201527,102308,2023-02-23,Insurance,4124.36,Paid
1302126,1202679,101793,2024-05-05,Insurance,6063.61,Paid
1302127,1203870,101457,2025-11-11,Insurance,1405.25,Paid
1302128,1201559,100742,2023-10-15,Insurance,1385.9,Paid
1302129,1203543,100672,2021-09-06,Credit Card,3633.58,Paid
1302130,1200191,101164,2021-10-18,Cash,1819.23,Paid
1302131,1202967,101787,2025-08-02,Insurance,726.87,Paid
1302132,1203396,100494,2022-02-01,Credit Card,1046.72,Paid
1302133,1203778,102209,2023-07-22,Insurance,597.62,Paid
1302134,1201233,100320,2021-11-10,Insurance,10854.18,Paid
1302135,1202706,101451,2024-10-30,Cash,2276.5,Paid
1302136,1201133,100566,2024-07-02,Credit Card,629.06,Paid
1302137,1202986,100282,2021-08-08,Insurance,1194.01,Paid
1302138,1200041,100489,2022-10-22,Insurance,673.84,Refunded
1302139,1202274,101374,2023-11-15,Insurance,904.01,Pending
1302140,1202253,100733,2022-05-22,Insurance,1717.44,Paid
1302141,1204594,101245,2024-08-17,Insurance,266.75,Paid
1302142,1203583,100889,2024-11-27,Insurance,1407.1,Paid
1302143,1201248,101749,2024-05-20,Bank Transfer,704.94,Paid
1302144,1203273,101214,2025-08-22,Credit Card,980.72,Paid
1302145,1204747,102322,2024-09-20,Credit Card,2476.4,Pending
1302146,1204967,101013,2023-09-17,Insurance,4319.92,Paid
1302147,1201003,101010,2024-07-31,Insurance,5085.48,Paid
1302148,1205441,101364,2021-03-09,Insurance,683.02,Paid
1302149,1200169,100091,2021-01-02,Insurance,1372.54,Paid
1302150,1205990,100302,2022-10-22,Insurance,3151.28,Paid
1302151,1202187,102207,2023-04-06,Bank Transfer,3843.77,Paid
1302152,1202198,100691,2023-06-04,Insurance,1030.02,Paid
1302153,1204182,100866,2021-09-27,Bank Transfer,643.76,Pending
1302154,1201264,100951,2022-03-02,Credit Card,2199.98,Paid
1302155,1205194,100925,2022-06-25,Insurance,1151.48,Paid
1302156,1201110,101024,2023-09-09,Insurance,216.98,Paid
1302157,1200243,101385,2021-12-23,Insurance,1961.97,Paid
1302158,1200535,100009,2025-12-23,Credit Card,3616.78,Paid
1302159,1202252,100792,2024-02-17,Insurance,613.71,Paid
1302160,1202464,100263,2025-06-09,Bank Transfer,1060.57,Paid
1302161,1201718,100612,2022-09-20,Insurance,2071.58,Paid
1302162,1204574,100348,2024-11-18,Insurance,2712.66,Paid
1302163,1203964,101575,2023-05-27,Insurance,2978.95,Pending
1302164,1202770,101359,2021-08-04,Insurance,1047.71,Paid
1302165,1201421,101312,2023-03-31,Bank Transfer,465.68,Paid
1302166,1205472,101442,2022-05-10,Cash,613.11,Paid
1302167,1204787,101399,2021-06-29,Credit Card,2346.08,Paid
1302168,1203974,101448,2021-08-13,Bank Transfer,351.79,Paid
1302169,1204679,100788,2025-07-11,Credit Card,2016.0,Pending
1302170,1204174,102285,2022-05-19,Insurance,885.99,Paid
1302171,1205973,101985,2024-11-11,Cash,888.52,Paid
1302172,1202592,100780,2021-06-30,Credit Card,1718.71,Paid
1302173,1204502,100700,2022-07-22,Credit Card,3499.17,Paid
1302174,1204378,100002,2024-11-19,Bank Transfer,1347.62,Paid
1302175,1202535,102424,2025-12-08,Insurance,587.89,Refunded
1302176,1203101,100076,2024-08-16,Insurance,635.32,Pending
1302177,1202326,101107,2023-04-05,Bank Transfer,1050.78,Pending
1302178,1204068,102045,2023-05-10,Bank Transfer,2520.23,Paid
1302179,1200319,100159,2021-03-02,Insurance,2072.27,Paid
1302180,1201292,100336,2022-05-04,Credit Card,4745.33,Paid
1302181,1200678,100661,2022-05-29,Insurance,3402.54,Paid
1302182,1204276,102120,2025-05-29,Insurance,175.39,Paid
1302183,1202582,101286,2023-04-03,Cash,1808.39,Paid
1302184,1200442,100041,2022-03-24,Cash,2135.51,Paid
1302185,1205603,101971,2021-08-11,Insurance,1558.61,Paid
1302186,1200426,101471,2023-02-28,Cash,1270.3,Paid
1302187,1204290,100468,2021-01-31,Insurance,1534.65,Paid
1302188,1202449,100310,2022-02-25,Bank Transfer,1086.79,Paid
1302189,1202932,101278,2022-05-09,Credit Card,524.58,Paid
1302190,1200549,102106,2025-12-08,Insurance,2699.52,Paid
1302191,1200660,101713,2023-08-13,Insurance,4685.23,Paid
1302192,1205820,100097,2021-11-03,Insurance,527.58,Paid
1302193,1201317,100160,2021-09-15,Insurance,2023.71,Paid
1302194,1202093,102350,2021-08-14,Insurance,1663.57,Paid
1302195,1205381,102089,2021-02-17,Insurance,1722.41,Pending
1302196,1204541,100506,2021-07-05,Insurance,567.47,Pending
1302197,1202551,100100,2022-02-01,Bank Transfer,1386.6,Paid
1302198,1203970,100943,2024-12-16,Bank Transfer,1280.58,Paid
1302199,1204069,102338,2024-01-20,Insurance,3615.75,Paid
1302200,1201407,100028,2023-03-01,Insurance,516.24,Paid
1302201,1203892,101991,2021-01-23,Cash,7427.74,Paid
1302202,1205895,100644,2022-02-01,Credit Card,457.54,Paid
1302203,1201555,100021,2024-10-27,Insurance,1172.54,Paid
1302204,1202322,101039,2025-09-28,Insurance,20576.24,Paid
1302205,1202813,100311,2022-05-24,Insurance,605.6,Paid
1302206,1205120,100402,2025-02-10,Insurance,828.99,Paid
1302207,1204011,100397,2023-11-06,Insurance,500.85,Pending
1302208,1206040,102124,2025-12-17,Insurance,1460.9,Paid
1302209,1203889,100309,2022-05-15,Insurance,2365.58,Pending
1302210,1201138,100678,2025-05-07,Insurance,757.31,Paid
1302211,1206017,101859,2025-08-02,Bank Transfer,1147.67,Paid
1302212,1202347,100301,2021-10-29,Credit Card,1178.88,Paid
1302213,1201031,100421,2025-05-17,Insurance,902.22,Paid
1302214,1204740,100190,2021-03-03,Credit Card,1247.64,Pending
1302215,1203674,102387,2025-06-15,Bank Transfer,1941.8,Paid
1302216,1205775,100132,2022-06-04,Cash,901.14,Paid
1302217,1204525,100137,2022-02-23,Insurance,3120.47,Pending
1302218,1200875,101139,2025-12-12,Bank Transfer,3651.42,Pending
1302219,1204781,101650,2021-10-10,Credit Card,2492.32,Refunded
1302220,1204476,102060,2023-07-10,Credit Card,583.2,Paid
1302221,1201436,101551,2023-08-24,Insurance,869.88,Paid
1302222,1205726,102255,2021-11-07,Insurance,894.47,Refunded
1302223,1201971,100117,2021-11-17,Bank Transfer,2613.13,Paid
1302224,1205395,101745,2021-11-24,Insurance,1558.03,Paid
1302225,1205851,101518,2025-03-11,Cash,2184.31,Pending
1302226,1200005,100229,2021-09-07,Insurance,1593.24,Paid
1302227,1201416,100011,2025-12-28,Bank Transfer,1500.24,Paid
1302228,1205939,100585,2024-04-27,Insurance,1493.45,Paid
1302229,1205613,101119,2021-02-21,Insurance,768.55,Paid
1302230,1204405,101265,2024-10-01,Insurance,975.7,Paid
1302231,1205638,101689,2025-03-21,Credit Card,1456.62,Paid
1302232,1204744,101837,2023-03-11,Credit Card,1184.44,Paid
1302233,1204100,100232,2022-07-20,Insurance,862.26,Paid
1302234,1205430,100998,2022-12-10,Insurance,383.3,Paid
1302235,1201969,100393,2025-06-30,Insurance,563.99,Pending
1302236,1200778,100240,2023-08-07,Insurance,2270.06,Pending
1302237,1200841,100940,2024-11-01,Credit Card,1358.18,Paid
1302238,1204381,102319,2023-11-17,Insurance,859.22,Paid
1302239,1202698,101473,2021-04-05,Credit Card,6771.17,Paid
1302240,1202132,100792,2021-11-11,Credit Card,747.54,Paid
1302241,1201742,101599,2025-05-30,Insurance,981.98,Paid
1302242,1200345,102294,2021-11-28,Credit Card,1543.25,Paid
1302243,1201089,102055,2023-05-22,Insurance,880.26,Paid
1302244,1206187,102202,2022-05-18,Insurance,2194.76,Paid
1302245,1201010,101923,2023-11-07,Bank Transfer,897.65,Paid
1302246,1203711,102018,2021-04-30,Insurance,2469.49,Paid
1302247,1200626,100425,2022-10-09,Insurance,613.25,Paid
1302248,1202822,100522,2024-01-08,Cash,1667.33,Paid
1302249,1204758,101986,2024-06-02,Credit Card,809.4,Paid
1302250,1205218,100530,2024-05-09,Cash,3716.84,Paid
1302251,1206076,100934,2021-10-22,Insurance,1954.09,Paid
1302252,1203435,100595,2021-09-28,Insurance,1327.68,Paid
1302253,1200475,101334,2024-06-03,Bank Transfer,616.21,Paid
1302254,1205804,100701,2022-10-01,Insurance,1200.49,Paid
1302255,1201417,102318,2025-10-21,Insurance,1278.77,Paid
1302256,1202617,100642,2022-12-06,Credit Card,682.07,Paid
1302257,1205331,101190,2024-02-05,Credit Card,527.93,Paid
1302258,1204613,101075,2021-10-06,Insurance,5867.84,Paid
1302259,1205906,101525,2022-12-04,Insurance,2053.79,Paid
1302260,1200752,102049,2021-01-07,Insurance,1729.75,Paid
1302261,1202786,101211,2023-02-22,Insurance,626.14,Paid
1302262,1204697,102014,2023-02-28,Credit Card,1478.99,Paid
1302263,1204590,101841,2021-02-05,Insurance,549.06,Paid
1302264,1201525,101003,2021-07-30,Insurance,4194.14,Paid
1302265,1204774,102263,2025-12-16,Credit Card,225.32,Refunded
1302266,1201889,100724,2022-06-27,Credit Card,657.58,Paid
1302267,1201340,100903,2021-09-02,Cash,932.89,Paid
1302268,1203494,101319,2023-02-08,Insurance,1042.55,Paid
1302269,1201788,102336,2024-10-12,Credit Card,435.38,Paid
1302270,1202793,101631,2021-12-31,Insurance,1415.03,Paid
1302271,1203543,101047,2022-01-21,Insurance,464.35,Paid
1302272,1201345,100938,2021-08-14,Bank Transfer,3345.01,Paid
1302273,1203032,102040,2021-10-12,Insurance,509.94,Paid
1302274,1201422,100957,2024-04-14,Insurance,1677.09,Paid
1302275,1205079,101070,2024-12-26,Insurance,1666.95,Paid
1302276,1202776,102342,2025-02-23,Credit Card,368.6,Paid
1302277,1202588,101388,2021-06-04,Credit Card,782.33,Pending
1302278,1201208,100076,2025-06-15,Insurance,3703.95,Paid
1302279,1200796,101371,2023-12-31,Insurance,1423.58,Paid
1302280,1203417,102304,2024-07-31,Insurance,4609.08,Paid
1302281,1205177,100110,2023-06-19,Insurance,250.51,Paid
1302282,1201054,101551,2025-06-22,Insurance,1976.57,Paid
1302283,1204328,100543,2025-10-11,Insurance,4114.55,Paid
1302284,1203352,100039,2021-03-06,Insurance,865.17,Paid
1302285,1202496,101720,2023-09-28,Insurance,1771.39,Paid
1302286,1200921,101975,2025-08-22,Insurance,1411.89,Pending
1302287,1204189,101965,2025-10-25,Insurance,1497.56,Paid
1302288,1203399,101130,2022-03-28,Insurance,326.28,Paid
1302289,1205153,101292,2024-02-07,Credit Card,1454.49,Paid
1302290,1203645,102366,2024-07-19,Insurance,3446.58,Paid
1302291,1204512,101924,2024-01-20,Credit Card,659.77,Paid
1302292,1205550,102394,2021-06-10,Insurance,1876.67,Paid
1302293,1200629,101778,2024-07-13,Insurance,1527.8,Paid
1302294,1205025,100316,2023-06-22,Insurance,1026.75,Paid
1302295,1204953,100703,2021-12-05,Insurance,2152.67,Paid
1302296,1204101,100715,2024-09-01,Insurance,2767.31,Paid
1302297,1202721,101901,2021-08-27,Insurance,3456.16,Pending
1302298,1204561,100231,2021-03-02,Insurance,747.77,Paid
1302299,1205392,100649,2023-12-30,Insurance,2589.72,Paid
1302300,1200335,100519,2021-06-08,Insurance,503.98,Paid
1302301,1200587,101635,2025-07-26,Insurance,1279.32,Paid
1302302,1205826,100691,2024-06-23,Insurance,486.9,Paid
1302303,1204481,101631,2024-02-14,Insurance,850.64,Paid
1302304,1203337,100892,2023-01-11,Insurance,4346.3,Paid
1302305,1200228,102006,2022-05-07,Credit Card,507.71,Pending
1302306,1203962,100105,2023-12-24,Insurance,1407.23,Paid
1302307,1205226,102475,2022-11-03,Insurance,1396.32,Paid
1302308,1205146,101070,2021-06-11,Credit Card,5483.2,Paid
1302309,1205424,101302,2022-07-24,Cash,317.93,Paid
1302310,1201917,101328,2025-07-03,Insurance,595.41,Paid
1302311,1202294,101349,2022-01-06,Insurance,1031.13,Paid
1302312,1205591,102409,2022-04-08,Insurance,1670.07,Paid
1302313,1205112,101611,2023-10-22,Insurance,1425.08,Paid
1302314,1200194,102492,2021-12-24,Credit Card,1086.68,Pending
1302315,1204647,100533,2021-04-26,Insurance,523.38,Pending
1302316,1201812,100628,2021-11-12,Insurance,696.81,Paid
1302317,1205857,100700,2025-08-29,Insurance,3063.67,Paid
1302318,1202687,100449,2025-10-15,Cash,1162.87,Paid
1302319,1205649,101568,2024-01-16,Insurance,1277.79,Refunded
1302320,1200320,101655,2024-02-15,Bank Transfer,1554.93,Paid
1302321,1201506,100567,2024-08-20,Credit Card,6831.43,Paid
1302322,1204951,100947,2021-12-16,Credit Card,1831.64,Paid
1302323,1205818,100630,2021-11-30,Insurance,2673.4,Paid
1302324,1203562,101892,2022-09-15,Bank Transfer,2931.88,Paid
1302325,1205262,100639,2024-05-29,Bank Transfer,4489.78,Paid
1302326,1201297,100012,2023-02-08,Insurance,380.97,Refunded
1302327,1204812,101133,2022-03-08,Credit Card,1071.6,Paid
1302328,1202130,101602,2022-04-15,Insurance,1590.04,Paid
1302329,1203979,101848,2023-05-20,Credit Card,2117.99,Paid
1302330,1201328,101616,2021-10-25,Insurance,1594.93,Paid
1302331,1204998,100735,2025-11-04,Credit Card,7374.1,Paid
1302332,1200871,102483,2023-07-13,Cash,455.62,Paid
1302333,1203425,100519,2021-04-10,Insurance,422.52,Pending
1302334,1201489,100881,2025-03-18,Insurance,1977.28,Paid
1302335,1200718,102219,2024-06-21,Insurance,10136.81,Paid
1302336,1201138,100481,2025-09-21,Insurance,709.69,Paid
1302337,1203020,101150,2021-12-14,Insurance,5108.02,Paid
1302338,1200143,101488,2025-09-08,Credit Card,2086.36,Paid
1302339,1205198,101476,2023-03-09,Insurance,2934.3,Paid
1302340,1202382,101842,2023-09-18,Insurance,879.76,Paid
1302341,1204956,101049,2025-08-30,Credit Card,1217.08,Refunded
1302342,1205665,100492,2021-11-27,Bank Transfer,1509.38,Paid
1302343,1200361,101171,2021-09-29,Credit Card,989.03,Paid
1302344,1203688,100351,2021-08-11,Insurance,1748.81,Paid
1302345,1202322,100080,2023-05-18,Insurance,1243.67,Paid
1302346,1204853,100767,2024-11-29,Insurance,734.8,Pending
1302347,1201566,102065,2023-12-19,Insurance,1333.56,Paid
1302348,1204507,101656,2021-07-04,Insurance,3385.86,Paid
1302349,1202700,100610,2022-09-29,Credit Card,299.13,Paid
1302350,1206164,100440,2024-11-27,Credit Card,978.3,Paid
1302351,1200411,100062,2023-01-08,Credit Card,261.76,Paid
1302352,1204809,101168,2022-10-17,Credit Card,682.37,Paid
1302353,1201605,100821,2023-04-30,Credit Card,524.47,Paid
1302354,1203975,101665,2021-01-20,Insurance,982.15,Paid
1302355,1200865,100606,2024-10-31,Credit Card,8224.88,Paid
1302356,1205356,102139,2021-05-27,Credit Card,1297.71,Paid
1302357,1201925,101396,2022-07-24,Insurance,434.7,Paid
1302358,1202291,102367,2023-12-10,Insurance,1371.17,Paid
1302359,1205350,100626,2024-05-09,Credit Card,3494.72,Paid
1302360,1200184,100205,2021-07-15,Insurance,964.42,Paid
1302361,1205130,101737,2024-10-25,Credit Card,747.72,Paid
1302362,1201520,102211,2023-08-09,Bank Transfer,417.35,Pending
1302363,1200999,101314,2022-08-01,Cash,1678.41,Paid
1302364,1204685,100084,2021-08-02,Bank Transfer,7346.9,Paid
1302365,1201936,100761,2023-01-17,Insurance,424.95,Paid
1302366,1204860,100026,2023-02-14,Insurance,7966.69,Paid
1302367,1204655,100936,2025-04-28,Insurance,1357.35,Paid
1302368,1204820,101225,2021-01-23,Bank Transfer,1053.69,Paid
1302369,1204390,101091,2022-09-04,Bank Transfer,1402.77,Paid
1302370,1202436,101253,2024-10-27,Insurance,1630.21,Paid
1302371,1201320,100440,2021-10-23,Cash,1535.0,Paid
1302372,1203098,100743,2024-03-06,Insurance,1429.74,Paid
1302373,1201093,101572,2021-09-14,Insurance,2392.05,Paid
1302374,1203543,100558,2025-06-23,Credit Card,543.54,Paid
1302375,1201159,101881,2023-05-29,Credit Card,2717.13,Pending
1302376,1204309,100849,2023-04-14,Insurance,1156.69,Paid
1302377,1201149,101703,2023-08-16,Insurance,1572.04,Paid
1302378,1203627,100709,2021-10-27,Credit Card,1358.57,Paid
1302379,1201600,102104,2021-02-15,Insurance,2811.31,Paid
1302380,1202135,100104,2023-12-11,Insurance,1691.34,Paid
1302381,1203172,101313,2025-03-08,Insurance,1194.81,Paid
1302382,1203685,100827,2022-12-15,Credit Card,4883.62,Paid
1302383,1204783,102083,2021-03-29,Credit Card,643.82,Paid
1302384,1204358,102446,2023-08-14,Cash,1762.91,Paid
1302385,1203492,100326,2024-10-07,Bank Transfer,1082.83,Paid
1302386,1204179,100187,2023-04-30,Insurance,2841.76,Paid
1302387,1204564,101816,2025-06-09,Insurance,589.28,Paid
1302388,1200814,100775,2022-03-06,Cash,2613.8,Paid
1302389,1200125,100408,2025-04-22,Insurance,987.11,Paid
1302390,1202347,101254,2023-05-12,Insurance,2416.99,Paid
1302391,1205588,100833,2022-05-28,Cash,1408.16,Pending
1302392,1203625,100628,2023-09-02,Insurance,627.57,Paid
1302393,1204697,102062,2024-11-02,Credit Card,713.14,Paid
1302394,1205916,101521,2024-06-14,Insurance,3281.98,Refunded
1302395,1202500,102471,2025-05-19,Insurance,1350.85,Paid
1302396,1204868,102283,2022-11-21,Credit Card,1645.35,Paid
1302397,1205953,102305,2021-12-03,Insurance,2121.15,Paid
1302398,1201789,101761,2025-07-26,Insurance,747.18,Paid
1302399,1202162,100031,2023-11-18,Cash,5800.55,Paid
1302400,1202724,102294,2021-10-08,Insurance,549.1,Paid
1302401,1200420,100192,2023-08-11,Credit Card,971.8,Paid
1302402,1200532,101471,2021-09-19,Insurance,819.02,Paid
1302403,1203942,100726,2021-09-30,Insurance,938.09,Paid
1302404,1205442,100128,2025-06-25,Insurance,3245.45,Paid
1302405,1201404,100204,2024-02-08,Insurance,2461.05,Paid
1302406,1201003,101893,2023-08-21,Insurance,1683.49,Paid
1302407,1202154,101097,2022-09-04,Insurance,249.98,Paid
1302408,1205234,101620,2022-11-14,Insurance,1167.33,Paid
1302409,1203129,101912,2024-10-19,Insurance,806.23,Paid
1302410,1205804,100637,2024-12-04,Insurance,686.82,Paid
1302411,1203451,102406,2024-08-14,Insurance,2589.71,Pending
1302412,1204511,101594,2022-09-02,Bank Transfer,4493.4,Refunded
1302413,1203911,100621,2022-10-02,Cash,4851.01,Paid
1302414,1205893,102354,2022-09-08,Insurance,972.21,Paid
1302415,1202892,101751,2022-08-10,Cash,2326.85,Paid
1302416,1201466,101353,2021-11-25,Bank Transfer,529.51,Paid
1302417,1202075,101158,2022-03-18,Insurance,469.83,Paid
1302418,1205375,100784,2022-06-25,Credit Card,3202.9,Paid
1302419,1204184,100366,2021-06-21,Insurance,1211.66,Paid
1302420,1202195,101477,2025-07-25,Credit Card,2886.21,Paid
1302421,1202804,100254,2022-11-29,Insurance,685.46,Paid
1302422,1204877,101896,2022-04-15,Insurance,2862.31,Paid
1302423,1200068,102042,2024-12-20,Insurance,2667.69,Paid
1302424,1205494,101610,2022-10-01,Insurance,672.72,Paid
1302425,1205098,100727,2022-06-06,Credit Card,3282.83,Paid
1302426,1204163,102162,2023-08-20,Insurance,1404.06,Paid
1302427,1205063,101176,2021-03-04,Insurance,869.46,Paid
1302428,1204062,102206,2023-03-26,Insurance,269.45,Paid
1302429,1203114,102026,2023-11-20,Cash,1816.79,Paid
1302430,1205690,102233,2023-02-04,Insurance,1308.17,Pending
1302431,1203187,100938,2022-04-07,Cash,808.99,Paid
1302432,1200049,101678,2023-12-08,Insurance,904.45,Paid
1302433,1206167,101068,2024-08-12,Insurance,272.59,Paid
1302434,1203837,102091,2025-08-25,Credit Card,477.69,Paid
1302435,1203468,102437,2025-10-11,Insurance,506.07,Paid
1302436,1203200,101480,2024-02-02,Insurance,1848.25,Paid
1302437,1204908,101116,2023-09-23,Insurance,789.08,Paid
1302438,1205682,101667,2022-01-10,Bank Transfer,1022.25,Paid
1302439,1204553,101737,2024-03-30,Insurance,1033.11,Paid
1302440,1206130,101192,2025-03-01,Insurance,1379.57,Paid
1302441,1203025,100360,2024-08-02,Insurance,1207.19,Paid
1302442,1200261,100471,2022-04-12,Insurance,2346.73,Paid
1302443,1200532,100625,2025-02-02,Insurance,1780.49,Pending
1302444,1200679,100086,2022-09-06,Insurance,645.2,Paid
1302445,1203741,100428,2023-08-20,Bank Transfer,3402.0,Paid
1302446,1201482,100254,2025-08-27,Credit Card,841.1,Paid
1302447,1206119,101373,2021-05-11,Insurance,1339.46,Paid
1302448,1203261,101532,2023-02-11,Cash,2324.01,Paid
1302449,1205049,102305,2024-12-23,Insurance,3768.52,Paid
1302450,1205806,102318,2021-12-25,Credit Card,1057.47,Paid
1302451,1205909,101558,2023-01-22,Insurance,1511.66,Paid
1302452,1205093,101798,2023-07-05,Insurance,1114.39,Paid
1302453,1201633,101807,2022-04-17,Insurance,359.42,Paid
1302454,1202792,101490,2023-10-15,Credit Card,5647.37,Paid
1302455,1203870,100661,2022-02-06,Cash,766.05,Paid
1302456,1202570,100340,2024-12-24,Insurance,482.38,Paid
1302457,1205893,100115,2024-01-15,Cash,690.47,Paid
1302458,1201372,102161,2024-10-25,Credit Card,3663.87,Paid
1302459,1200103,100251,2021-04-27,Credit Card,1173.06,Paid
1302460,1200824,102065,2025-03-06,Insurance,1597.85,Paid
1302461,1203770,101478,2022-06-09,Bank Transfer,2054.9,Paid
1302462,1201060,101899,2022-08-23,Bank Transfer,1019.8,Paid
1302463,1205344,102306,2021-07-03,Insurance,4711.26,Paid
1302464,1205553,101640,2022-12-04,Insurance,1311.36,Paid
1302465,1201505,101429,2024-07-03,Insurance,2390.91,Paid
1302466,1200546,100032,2021-12-04,Insurance,1050.8,Pending
1302467,1204657,100796,2024-06-09,Insurance,602.52,Paid
1302468,1203058,101089,2023-09-23,Credit Card,574.45,Paid
1302469,1203702,101849,2022-05-26,Bank Transfer,1519.04,Paid
1302470,1201621,101393,2021-02-02,Cash,317.59,Paid
1302471,1204291,101555,2021-11-14,Credit Card,1844.82,Paid
1302472,1202336,101523,2023-03-16,Insurance,569.24,Paid
1302473,1203513,102402,2022-03-20,Cash,213.68,Paid
1302474,1203359,100694,2025-06-05,Insurance,1665.09,Paid
1302475,1204356,101648,2021-03-30,Insurance,1909.94,Paid
1302476,1200914,100502,2024-05-25,Insurance,1417.5,Paid
1302477,1204396,102466,2024-05-25,Insurance,7151.6,Paid
1302478,1201716,100495,2024-03-26,Insurance,485.34,Paid
1302479,1200869,101745,2025-03-10,Insurance,613.46,Paid
1302480,1203555,101655,2022-06-03,Insurance,4014.73,Paid
1302481,1202301,100955,2021-12-04,Credit Card,393.93,Paid
1302482,1204563,101425,2025-06-08,Insurance,783.06,Paid
1302483,1205979,101532,2023-08-17,Credit Card,4346.13,Paid
1302484,1204448,101288,2022-03-26,Insurance,782.75,Paid
1302485,1204867,100436,2025-12-15,Insurance,739.05,Paid
1302486,1203447,101419,2021-03-18,Insurance,1503.67,Paid
1302487,1202133,100706,2021-04-05,Credit Card,335.29,Paid
1302488,1200206,101049,2024-06-05,Insurance,854.81,Pending
1302489,1203988,101383,2023-06-18,Insurance,1930.66,Paid
1302490,1200386,101516,2025-01-19,Bank Transfer,3774.7,Paid
1302491,1205022,101700,2025-10-13,Credit Card,941.16,Paid
1302492,1204040,101690,2023-07-28,Bank Transfer,2586.75,Paid
1302493,1201992,101641,2021-11-23,Insurance,823.78,Paid
1302494,1201802,102132,2023-10-19,Insurance,4769.43,Paid
1302495,1204503,101710,2022-06-07,Insurance,652.96,Paid
1302496,1203497,100726,2023-06-21,Insurance,768.39,Paid
1302497,1202195,101654,2024-05-01,Insurance,1296.73,Paid
1302498,1202696,101330,2021-05-07,Credit Card,1177.1,Paid
1302499,1204760,100967,2025-05-21,Insurance,824.07,Paid
1302500,1200579,102056,2021-05-16,Insurance,970.1,Paid
1302501,1204015,102430,2023-04-16,Insurance,1929.01,Paid
1302502,1204488,100369,2025-07-12,Bank Transfer,1535.88,Paid
1302503,1204872,101203,2025-04-23,Insurance,1213.94,Paid
1302504,1205218,100611,2024-09-09,Insurance,1614.07,Paid
1302505,1206132,101170,2021-04-30,Insurance,1342.99,Paid
1302506,1204728,102114,2023-10-29,Credit Card,1556.16,Pending
1302507,1204282,101471,2022-09-29,Insurance,138.83,Paid
1302508,1200980,100712,2023-05-30,Insurance,331.72,Paid
1302509,1204558,101997,2023-06-03,Cash,1602.08,Paid
1302510,1202219,101825,2022-06-06,Insurance,714.09,Paid
1302511,1200103,101066,2022-02-19,Cash,2830.47,Paid
1302512,1205977,101455,2023-10-31,Insurance,8822.76,Paid
1302513,1203476,101484,2023-06-03,Insurance,1538.62,Pending
1302514,1200337,102248,2022-01-02,Insurance,473.87,Paid
1302515,1200353,101628,2021-09-08,Bank Transfer,734.49,Paid
1302516,1203503,101045,2023-06-05,Insurance,1142.64,Paid
1302517,1200962,102500,2022-06-25,Credit Card,1159.34,Paid
1302518,1205314,101778,2021-12-04,Insurance,2493.8,Paid
1302519,1205003,100912,2022-08-08,Insurance,382.93,Paid
1302520,1202787,100932,2025-06-18,Insurance,1372.84,Paid
1302521,1204251,102466,2025-03-08,Insurance,409.84,Pending
1302522,1203928,100624,2022-11-23,Insurance,1301.41,Paid
1302523,1204985,100202,2023-06-14,Credit Card,2375.34,Paid
1302524,1203711,101001,2025-10-23,Insurance,3635.84,Paid
1302525,1205885,101660,2022-06-07,Insurance,758.14,Paid
1302526,1206138,100977,2024-02-02,Insurance,1593.23,Paid
1302527,1200295,100248,2021-07-10,Insurance,858.35,Pending
1302528,1202387,100791,2021-09-26,Credit Card,1524.35,Pending
1302529,1206012,101161,2023-06-10,Insurance,1690.59,Paid
1302530,1203390,100645,2022-11-23,Insurance,586.06,Paid
1302531,1200596,101465,2022-08-26,Bank Transfer,576.29,Paid
1302532,1205065,100442,2022-10-07,Insurance,721.53,Paid
1302533,1203997,100380,2021-06-28,Insurance,3584.45,Paid
1302534,1204686,102381,2023-11-10,Bank Transfer,1584.52,Paid
1302535,1200483,101056,2025-04-13,Credit Card,2448.67,Pending
1302536,1204808,100241,2023-10-15,Insurance,1187.66,Pending
1302537,1202249,101403,2022-12-01,Insurance,2972.24,Paid
1302538,1202593,101934,2023-07-13,Insurance,3220.7,Paid
1302539,1202484,100641,2022-04-24,Insurance,2001.49,Paid
1302540,1201865,100703,2022-06-04,Insurance,4260.28,Paid
1302541,1200403,100338,2024-11-11,Insurance,1037.32,Paid
1302542,1200098,101513,2023-11-04,Bank Transfer,958.79,Paid
1302543,1203547,100818,2024-04-11,Insurance,2490.51,Paid
1302544,1204562,101945,2021-02-04,Insurance,4456.44,Paid
1302545,1204994,100663,2022-12-06,Cash,723.44,Paid
1302546,1204813,101780,2021-07-03,Insurance,1058.69,Paid
1302547,1202596,101708,2022-04-19,Cash,1267.37,Pending
1302548,1200441,101832,2022-01-13,Insurance,2789.53,Paid
1302549,1204961,100525,2024-06-16,Insurance,872.92,Paid
1302550,1200223,100688,2022-04-24,Insurance,1160.68,Paid
1302551,1203270,102494,2023-08-18,Cash,895.8,Paid
1302552,1201517,100041,2021-02-20,Insurance,4306.04,Paid
1302553,1200713,100159,2023-09-29,Insurance,1611.7,Pending
1302554,1200284,101378,2022-12-17,Insurance,1209.1,Paid
1302555,1202432,101825,2023-08-10,Bank Transfer,843.72,Paid
1302556,1204838,100250,2023-08-03,Insurance,1015.57,Paid
1302557,1204525,100199,2022-12-03,Insurance,668.2,Paid
1302558,1202024,101791,2023-04-19,Insurance,2089.19,Paid
1302559,1201840,101195,2025-12-13,Insurance,2084.6,Pending
1302560,1205898,102170,2024-07-21,Insurance,2390.11,Paid
1302561,1200645,101310,2022-08-28,Cash,237.9,Paid
1302562,1203985,100685,2025-12-14,Insurance,2252.65,Paid
1302563,1204294,101074,2025-09-12,Insurance,1122.92,Paid
1302564,1202544,101007,2021-08-05,Cash,309.52,Paid
1302565,1200407,100224,2024-05-30,Credit Card,467.46,Paid
1302566,1205559,100110,2025-03-09,Cash,3872.42,Paid
1302567,1200397,100641,2022-10-18,Insurance,1638.34,Paid
1302568,1201619,100076,2022-03-21,Insurance,4558.47,Paid
1302569,1200710,101050,2024-10-02,Cash,1607.34,Paid
1302570,1205414,101473,2021-03-10,Cash,1495.78,Paid
1302571,1205727,101899,2025-07-02,Insurance,6615.52,Paid
1302572,1203355,100641,2024-05-29,Cash,1370.15,Paid
1302573,1202343,100288,2022-01-17,Insurance,910.79,Paid
1302574,1205318,101760,2021-05-29,Bank Transfer,1047.38,Paid
1302575,1201531,101819,2023-07-19,Credit Card,1631.29,Paid
1302576,1201682,101652,2023-04-18,Insurance,2795.84,Paid
1302577,1206057,100318,2024-07-17,Insurance,632.0,Paid
1302578,1205142,102129,2025-06-27,Credit Card,620.75,Paid
1302579,1205379,102035,2022-07-14,Bank Transfer,277.78,Paid
1302580,1201900,101502,2025-03-04,Insurance,517.1,Paid
1302581,1200941,101697,2022-02-24,Insurance,1929.94,Paid
1302582,1200040,101215,2024-11-01,Credit Card,5258.58,Paid
1302583,1202401,101508,2021-10-10,Cash,415.45,Paid
1302584,1205105,100091,2024-12-11,Insurance,506.24,Paid
1302585,1200768,101469,2023-12-30,Credit Card,269.23,Paid
1302586,1203321,100780,2021-11-10,Insurance,4746.25,Paid
1302587,1200099,100669,2023-09-19,Bank Transfer,1181.06,Paid
1302588,1205052,100872,2024-03-16,Insurance,1318.01,Pending
1302589,1203710,100982,2022-12-06,Insurance,486.8,Pending
1302590,1202420,100552,2024-02-21,Insurance,1852.59,Paid
1302591,1204864,100213,2023-08-06,Insurance,1217.96,Paid
1302592,1204663,101341,2022-07-28,Credit Card,1083.98,Paid
1302593,1204762,100837,2021-07-24,Insurance,424.1,Paid
1302594,1206182,101305,2025-02-18,Insurance,54.73,Paid
1302595,1205629,101277,2025-03-12,Cash,373.86,Paid
1302596,1201700,101262,2022-03-22,Insurance,3393.41,Paid
1302597,1200336,100033,2024-11-06,Insurance,3252.05,Paid
1302598,1200703,101720,2022-02-26,Insurance,3225.48,Paid
1302599,1204436,100636,2022-02-15,Insurance,2157.61,Paid
1302600,1205960,100086,2023-01-16,Cash,717.53,Paid
1302601,1202670,102425,2024-03-19,Insurance,844.51,Pending
1302602,1203942,102113,2022-11-02,Bank Transfer,577.64,Paid
1302603,1201751,101038,2021-12-07,Insurance,3387.88,Paid
1302604,1200655,100399,2021-04-20,Insurance,1601.29,Pending
1302605,1200334,100780,2022-02-13,Insurance,786.69,Paid
1302606,1200641,101839,2023-01-23,Insurance,512.34,Paid
1302607,1204596,101065,2023-06-14,Insurance,864.57,Paid
1302608,1202718,102038,2022-05-31,Insurance,3635.13,Paid
1302609,1204649,102459,2022-03-08,Insurance,2470.29,Paid
1302610,1203978,101566,2023-08-08,Credit Card,3274.07,Paid
1302611,1201804,101181,2023-02-05,Credit Card,1308.13,Paid
1302612,1205810,101101,2022-03-04,Insurance,389.74,Paid
1302613,1204190,102272,2023-06-21,Insurance,957.23,Refunded
1302614,1205310,100994,2023-07-05,Insurance,1744.92,Paid
1302615,1200443,100150,2025-06-26,Insurance,906.33,Paid
1302616,1203887,100141,2024-03-01,Insurance,783.55,Paid
1302617,1203542,101887,2023-09-26,Insurance,7097.77,Paid
1302618,1200969,100739,2021-02-13,Credit Card,1735.97,Paid
1302619,1203508,100597,2021-03-27,Cash,995.93,Paid
1302620,1200947,100253,2024-12-28,Credit Card,1248.31,Paid
1302621,1200335,102489,2021-05-25,Insurance,1742.95,Paid
1302622,1202713,100630,2022-08-09,Cash,706.29,Paid
1302623,1205519,102022,2022-07-02,Credit Card,997.17,Pending
1302624,1201515,100692,2024-06-30,Insurance,1194.63,Pending
1302625,1202959,100978,2023-12-26,Insurance,662.23,Paid
1302626,1204055,100839,2024-01-01,Credit Card,1095.08,Paid
1302627,1203493,101369,2021-06-23,Credit Card,1235.15,Paid
1302628,1203362,101628,2024-03-07,Credit Card,834.18,Paid
1302629,1202298,100328,2021-12-18,Cash,3436.37,Paid
1302630,1200147,101324,2021-01-31,Insurance,677.21,Paid
1302631,1201334,101381,2022-04-18,Insurance,1155.74,Paid
1302632,1203293,101313,2021-08-23,Insurance,440.91,Paid
1302633,1201760,100395,2025-10-26,Insurance,747.85,Paid
1302634,1204027,102411,2022-03-02,Insurance,2015.05,Paid
1302635,1204117,102090,2022-09-27,Cash,202.16,Paid
1302636,1205735,101513,2023-09-17,Bank Transfer,1340.27,Paid
1302637,1205009,101133,2023-12-18,Insurance,346.68,Paid
1302638,1200400,101448,2025-08-01,Cash,1749.87,Pending
1302639,1202271,100310,2022-11-30,Insurance,1549.44,Paid
1302640,1200397,100652,2024-05-31,Insurance,5018.85,Paid
1302641,1203665,101086,2023-08-06,Insurance,1700.49,Paid
1302642,1201912,100230,2025-02-12,Insurance,946.7,Pending
1302643,1200365,100997,2024-11-10,Insurance,7990.48,Paid
1302644,1203820,101399,2022-03-09,Credit Card,1495.28,Paid
1302645,1205053,101998,2021-01-23,Credit Card,414.28,Paid
1302646,1204498,102040,2025-09-13,Insurance,507.9,Paid
1302647,1206032,101210,2022-04-25,Credit Card,899.1,Paid
1302648,1205412,101176,2023-02-28,Insurance,1842.35,Paid
1302649,1205028,100849,2025-05-04,Insurance,1615.4,Paid
1302650,1200574,101113,2023-07-22,Credit Card,2370.98,Paid
1302651,1200892,101775,2024-03-09,Insurance,908.86,Paid
1302652,1205449,101522,2024-04-10,Insurance,3499.08,Paid
1302653,1203290,101805,2024-07-20,Insurance,628.77,Paid
1302654,1202384,101364,2022-10-18,Insurance,643.33,Paid
1302655,1204975,100259,2024-06-08,Insurance,4843.49,Paid
1302656,1204986,102349,2023-09-05,Cash,3087.95,Paid
1302657,1201402,100576,2025-09-17,Insurance,819.63,Paid
1302658,1202778,101845,2022-07-22,Insurance,3395.36,Paid
1302659,1200697,100223,2025-09-17,Insurance,1557.37,Paid
1302660,1204411,102059,2022-05-06,Insurance,2747.08,Pending
1302661,1204729,100480,2023-05-17,Insurance,1458.4,Paid
1302662,1200279,100162,2023-01-21,Credit Card,724.73,Pending
1302663,1202802,102361,2021-11-29,Insurance,480.61,Paid
1302664,1200081,100612,2024-04-03,Bank Transfer,1788.59,Paid
1302665,1200237,101704,2023-12-22,Insurance,1001.13,Paid
1302666,1203020,101280,2023-08-13,Credit Card,1363.2,Paid
1302667,1202219,100349,2024-06-07,Credit Card,988.13,Paid
1302668,1202323,102229,2024-11-07,Insurance,285.87,Paid
1302669,1204674,101014,2023-07-02,Credit Card,393.92,Paid
1302670,1202749,101592,2025-12-10,Credit Card,7237.26,Paid
1302671,1201343,101725,2023-03-12,Insurance,866.85,Paid
1302672,1202163,102371,2023-07-30,Bank Transfer,787.19,Paid
1302673,1204163,101966,2024-02-22,Credit Card,1432.79,Paid
1302674,1200860,102218,2025-04-10,Insurance,3549.76,Paid
1302675,1201435,100616,2025-11-24,Cash,581.24,Paid
1302676,1201031,101200,2025-12-25,Insurance,2817.28,Pending
1302677,1204912,100652,2022-05-04,Insurance,1153.88,Paid
1302678,1204977,100656,2025-02-18,Bank Transfer,3643.62,Paid
1302679,1205693,102410,2022-07-11,Cash,1474.16,Paid
1302680,1204759,102109,2025-02-05,Insurance,2179.23,Paid
1302681,1202082,100694,2025-10-28,Insurance,752.85,Paid
1302682,1205491,102328,2024-06-22,Credit Card,2082.14,Paid
1302683,1205822,101667,2022-04-09,Insurance,294.14,Paid
1302684,1204516,102084,2021-03-27,Insurance,1051.62,Paid
1302685,1206036,101350,2025-04-30,Bank Transfer,2139.89,Paid
1302686,1203241,100990,2025-02-22,Credit Card,1953.57,Paid
1302687,1202272,100383,2025-09-17,Insurance,3180.37,Pending
1302688,1200380,101969,2023-01-05,Bank Transfer,1225.01,Paid
1302689,1202100,101961,2023-01-17,Insurance,387.8,Paid
1302690,1202124,100510,2022-05-29,Insurance,1263.37,Paid
1302691,1204168,100566,2025-01-01,Insurance,1017.69,Paid
1302692,1204826,100022,2025-10-20,Insurance,1001.26,Paid
1302693,1204024,100665,2023-12-31,Credit Card,2311.69,Paid
1302694,1204963,100036,2023-08-09,Cash,5381.94,Pending
1302695,1204091,100902,2023-11-26,Credit Card,1081.47,Paid
1302696,1203601,100402,2023-08-30,Insurance,1904.68,Pending
1302697,1200882,101708,2021-11-18,Insurance,699.22,Paid
1302698,1202754,101359,2025-10-04,Bank Transfer,15811.13,Paid
1302699,1203989,102025,2024-11-23,Insurance,1147.04,Paid
1302700,1201587,100079,2023-09-07,Insurance,1844.0,Paid
1302701,1202713,100835,2022-04-25,Insurance,772.36,Paid
1302702,1200957,100607,2022-12-24,Cash,1288.92,Paid
1302703,1203884,100347,2023-07-04,Insurance,783.25,Paid
1302704,1205823,100842,2022-08-11,Cash,3579.71,Paid
1302705,1205688,100293,2024-06-18,Insurance,552.82,Refunded
1302706,1202509,101217,2022-10-10,Credit Card,782.79,Paid
1302707,1204267,100616,2021-02-23,Cash,945.22,Paid
1302708,1200797,100878,2024-10-12,Insurance,743.56,Paid
1302709,1202522,100097,2021-04-17,Insurance,1797.79,Paid
1302710,1200691,100887,2022-03-12,Credit Card,1604.61,Paid
1302711,1203672,102363,2024-05-15,Insurance,1791.38,Paid
1302712,1203936,100308,2024-02-18,Insurance,325.71,Paid
1302713,1201062,101212,2021-04-13,Insurance,869.49,Paid
1302714,1201600,102173,2023-12-10,Insurance,3387.07,Paid
1302715,1205471,100805,2025-05-29,Credit Card,3757.39,Paid
1302716,1204165,100576,2021-11-23,Credit Card,271.67,Paid
1302717,1203932,101500,2025-11-26,Insurance,1809.99,Paid
1302718,1204828,102263,2025-06-17,Insurance,4009.05,Paid
1302719,1200427,100985,2024-04-26,Credit Card,1668.35,Paid
1302720,1201637,102240,2022-06-24,Insurance,733.0,Paid
1302721,1202408,101450,2021-02-06,Bank Transfer,1070.74,Paid
1302722,1201218,102166,2025-05-08,Bank Transfer,1046.57,Paid
1302723,1203849,100255,2023-07-31,Credit Card,3555.98,Paid
1302724,1203424,101064,2023-09-19,Bank Transfer,1216.64,Paid
1302725,1205158,100205,2025-12-22,Insurance,585.26,Paid
1302726,1200933,102045,2024-10-01,Credit Card,1888.56,Refunded
1302727,1206042,100691,2024-10-12,Insurance,2143.34,Paid
1302728,1200733,100220,2021-07-01,Insurance,1308.44,Paid
1302729,1204440,100685,2025-09-18,Cash,2879.74,Pending
1302730,1201061,101469,2024-01-15,Credit Card,764.39,Paid
1302731,1202777,102443,2022-09-20,Insurance,186.98,Paid
1302732,1200117,100695,2022-10-08,Insurance,2473.6,Paid
1302733,1202165,101168,2023-11-24,Credit Card,1134.5,Paid
1302734,1201464,101262,2021-04-01,Insurance,4092.91,Paid
1302735,1206179,100541,2021-06-23,Insurance,2074.04,Paid
1302736,1204308,102379,2025-01-23,Insurance,796.99,Paid
1302737,1206035,101486,2022-07-07,Credit Card,4471.43,Paid
1302738,1202603,101607,2022-05-29,Insurance,1154.28,Paid
1302739,1205037,101987,2021-07-07,Insurance,2934.98,Pending
1302740,1202502,101951,2022-07-19,Insurance,705.96,Paid
1302741,1201483,101169,2022-03-22,Insurance,548.76,Paid
1302742,1202159,101153,2022-07-13,Insurance,927.84,Paid
1302743,1205296,102429,2022-03-04,Insurance,227.81,Paid
1302744,1202665,101850,2025-10-25,Insurance,246.84,Paid
1302745,1202778,102278,2024-12-11,Cash,5486.86,Paid
1302746,1204109,101298,2024-06-26,Cash,773.83,Paid
1302747,1203050,100144,2024-03-19,Credit Card,1158.12,Paid
1302748,1205490,100438,2025-07-28,Bank Transfer,4752.33,Paid
1302749,1201594,102271,2025-07-08,Insurance,996.37,Paid
1302750,1203146,100605,2025-10-29,Insurance,2718.55,Paid
1302751,1205294,102324,2022-03-04,Credit Card,1705.94,Paid
1302752,1203061,100481,2021-03-08,Credit Card,482.87,Paid
1302753,1200393,101427,2021-10-04,Bank Transfer,2062.59,Paid
1302754,1205243,102273,2025-05-17,Insurance,2163.22,Paid
1302755,1201686,101593,2025-05-20,Credit Card,1687.06,Paid
1302756,1201049,102117,2022-07-07,Insurance,669.39,Paid
1302757,1202588,101131,2023-01-15,Insurance,2332.25,Paid
1302758,1203516,101912,2025-11-11,Insurance,1512.65,Paid
1302759,1201229,102280,2025-10-29,Insurance,8212.27,Paid
1302760,1200279,102373,2023-04-08,Bank Transfer,1415.42,Paid
1302761,1204585,101117,2021-10-02,Insurance,1476.47,Paid
1302762,1200080,101190,2022-07-11,Insurance,723.84,Pending
1302763,1200583,102236,2022-09-16,Insurance,198.25,Paid
1302764,1201020,100156,2025-02-04,Insurance,430.5,Paid
1302765,1204911,102365,2022-09-14,Insurance,2433.35,Paid
1302766,1201851,101614,2024-03-24,Insurance,1070.58,Paid
1302767,1203624,102149,2022-03-27,Insurance,1649.55,Paid
1302768,1204412,100881,2021-07-21,Bank Transfer,1854.8,Paid
1302769,1203800,101840,2023-07-08,Insurance,776.42,Paid
1302770,1202836,100358,2021-10-06,Insurance,352.52,Paid
1302771,1204753,100123,2024-04-21,Insurance,3225.36,Paid
1302772,1204471,101264,2024-03-22,Insurance,763.85,Paid
1302773,1205030,102404,2022-06-11,Bank Transfer,1745.46,Refunded
1302774,1206005,100836,2022-03-05,Insurance,825.35,Paid
1302775,1201110,102347,2025-08-09,Credit Card,1515.19,Paid
1302776,1202592,100254,2021-11-16,Insurance,4412.34,Paid
1302777,1205463,100950,2023-03-31,Insurance,882.73,Paid
1302778,1203476,101421,2023-03-11,Insurance,6271.25,Paid
1302779,1204181,100069,2021-12-07,Insurance,3205.02,Paid
1302780,1204390,100799,2022-12-09,Credit Card,1664.48,Pending
1302781,1205356,101934,2023-08-09,Bank Transfer,525.26,Paid
1302782,1201191,101776,2023-01-17,Bank Transfer,772.31,Paid
1302783,1202307,101186,2025-11-03,Insurance,2972.94,Paid
1302784,1201492,100446,2022-08-20,Insurance,393.45,Paid
1302785,1202098,100429,2023-04-25,Insurance,1252.62,Paid
1302786,1203772,101533,2024-06-25,Bank Transfer,2175.16,Paid
1302787,1202965,100466,2024-11-15,Insurance,1452.13,Paid
1302788,1205016,101047,2023-07-25,Insurance,1945.34,Paid
1302789,1202433,101750,2023-10-17,Insurance,350.18,Paid
1302790,1200752,100130,2025-12-19,Cash,474.14,Paid
1302791,1205495,100351,2025-05-20,Insurance,10519.92,Paid
1302792,1203658,100566,2025-06-01,Insurance,1328.28,Refunded
1302793,1201183,100711,2021-08-06,Cash,1485.2,Paid
1302794,1202861,101275,2024-09-24,Insurance,3999.67,Paid
1302795,1200902,102297,2021-11-04,Cash,1052.78,Paid
1302796,1205629,101986,2021-05-29,Insurance,386.53,Paid
1302797,1203863,100367,2025-06-10,Credit Card,777.35,Paid
1302798,1204197,101725,2025-01-09,Insurance,2170.22,Pending
1302799,1202814,100344,2025-03-24,Credit Card,821.91,Paid
1302800,1201143,100566,2022-01-12,Insurance,3016.22,Paid
1302801,1206090,101781,2023-07-07,Bank Transfer,2309.08,Paid
1302802,1204460,102280,2023-10-28,Insurance,502.13,Paid
1302803,1203683,100885,2022-12-07,Credit Card,4938.93,Paid
1302804,1205289,100388,2023-04-03,Insurance,2962.93,Paid
1302805,1204752,100759,2023-01-12,Bank Transfer,9006.47,Paid
1302806,1200048,102037,2023-11-23,Credit Card,776.41,Paid
1302807,1202433,100312,2024-05-12,Insurance,1078.24,Paid
1302808,1200620,102080,2023-05-09,Insurance,1271.41,Paid
1302809,1203973,102471,2022-02-19,Insurance,3681.34,Paid
1302810,1203574,102126,2024-10-08,Insurance,2159.33,Paid
1302811,1206191,100050,2023-03-26,Insurance,1567.14,Paid
1302812,1206072,100094,2022-07-07,Credit Card,521.45,Paid
1302813,1202894,100489,2023-12-01,Insurance,3946.94,Paid
1302814,1202084,101057,2024-03-22,Insurance,1411.41,Paid
1302815,1203947,101463,2024-11-11,Insurance,462.58,Paid
1302816,1204039,100262,2022-01-25,Insurance,967.02,Paid
1302817,1203844,101228,2024-01-20,Insurance,773.73,Paid
1302818,1200987,101185,2024-07-01,Insurance,340.94,Paid
1302819,1203906,102301,2022-01-01,Insurance,724.51,Paid
1302820,1204861,101702,2024-08-10,Insurance,2047.33,Paid
1302821,1202084,101089,2025-07-24,Insurance,3304.42,Paid
1302822,1203341,100005,2023-07-15,Insurance,785.1,Paid
1302823,1201864,100556,2024-06-26,Insurance,428.69,Paid
1302824,1204009,101584,2022-10-20,Insurance,5189.05,Paid
1302825,1203419,102284,2024-11-26,Insurance,1056.38,Paid
1302826,1203950,102370,2024-12-17,Insurance,109.34,Paid
1302827,1200478,100494,2023-05-03,Insurance,2466.72,Paid
1302828,1200667,100083,2024-12-12,Credit Card,2088.93,Paid
1302829,1204280,100014,2022-10-29,Insurance,1246.96,Pending
1302830,1200681,101723,2025-11-05,Cash,226.39,Paid
1302831,1200981,101276,2022-06-28,Insurance,837.98,Paid
1302832,1205757,102363,2023-04-24,Credit Card,3301.74,Paid
1302833,1200487,100930,2025-11-05,Credit Card,872.59,Paid
1302834,1202323,100143,2023-05-22,Insurance,372.41,Paid
1302835,1205269,100319,2024-08-18,Cash,506.09,Paid
1302836,1206090,100482,2025-09-30,Insurance,315.06,Paid
1302837,1203342,100440,2023-05-20,Insurance,633.26,Paid
1302838,1204696,102022,2023-11-05,Insurance,1346.76,Paid
1302839,1200414,101228,2022-12-14,Insurance,724.6,Paid
1302840,1204276,100837,2024-01-13,Bank Transfer,4798.39,Paid
1302841,1201473,102244,2023-07-20,Credit Card,503.05,Paid
1302842,1203317,101797,2023-03-21,Insurance,1356.76,Paid
1302843,1203702,100948,2025-01-03,Bank Transfer,466.51,Paid
1302844,1202520,100367,2022-05-29,Bank Transfer,1845.69,Paid
1302845,1204290,100198,2022-02-24,Insurance,458.9,Pending
1302846,1205817,101082,2024-10-12,Credit Card,1060.29,Paid
1302847,1206168,100363,2025-07-09,Insurance,697.53,Paid
1302848,1201840,101013,2021-01-06,Insurance,1409.65,Paid
1302849,1201218,102429,2022-08-07,Bank Transfer,2038.29,Paid
1302850,1200019,102067,2021-06-10,Insurance,801.24,Paid
1302851,1206191,102131,2025-09-10,Bank Transfer,808.0,Paid
1302852,1200803,100649,2025-02-08,Cash,4638.7,Paid
1302853,1205701,100251,2025-12-09,Insurance,2516.2,Paid
1302854,1205563,101635,2022-02-08,Insurance,597.01,Paid
1302855,1201756,102217,2024-01-22,Credit Card,2995.36,Paid
1302856,1205636,101390,2023-05-19,Insurance,3581.92,Pending
1302857,1200875,100601,2024-08-19,Insurance,1488.21,Paid
1302858,1204696,101345,2025-10-21,Cash,1590.25,Paid
1302859,1204135,101879,2024-12-02,Credit Card,282.24,Paid
1302860,1203625,102257,2023-05-01,Insurance,3642.81,Paid
1302861,1204872,100950,2022-11-23,Insurance,1313.45,Paid
1302862,1203187,101538,2025-05-27,Insurance,3750.76,Paid
1302863,1204289,101138,2023-02-02,Insurance,380.64,Paid
1302864,1205872,100248,2025-05-15,Credit Card,773.65,Pending
1302865,1204865,100483,2023-03-08,Credit Card,861.55,Paid
1302866,1203187,100790,2024-05-25,Insurance,405.56,Paid
1302867,1200836,102111,2024-02-26,Insurance,515.71,Pending
1302868,1205424,102121,2023-01-21,Credit Card,459.77,Paid
1302869,1201293,102087,2022-07-23,Insurance,4895.75,Pending
1302870,1206188,100633,2022-04-18,Bank Transfer,1536.65,Paid
1302871,1203084,102127,2021-11-09,Bank Transfer,333.19,Paid
1302872,1202045,100763,2021-02-01,Insurance,1838.88,Paid
1302873,1205375,102173,2022-02-12,Insurance,1571.75,Paid
1302874,1202201,101628,2024-12-30,Credit Card,1622.73,Paid
1302875,1204282,100675,2023-02-01,Insurance,405.37,Paid
1302876,1203506,101109,2025-03-04,Insurance,1763.58,Paid
1302877,1201784,100899,2023-02-23,Cash,1997.37,Paid
1302878,1200336,100444,2024-07-08,Insurance,368.0,Paid
1302879,1200505,100945,2025-06-08,Credit Card,1817.76,Paid
1302880,1206126,101628,2025-03-22,Insurance,1047.03,Paid
1302881,1204784,100810,2023-06-01,Insurance,803.06,Paid
1302882,1201093,100708,2021-01-01,Bank Transfer,1305.12,Paid
1302883,1201657,102190,2023-06-09,Insurance,480.5,Paid
1302884,1204589,100523,2022-02-16,Insurance,3678.0,Paid
1302885,1203737,100929,2024-09-13,Insurance,1212.45,Paid
1302886,1203833,100921,2021-06-17,Insurance,755.17,Paid
1302887,1200925,101704,2025-06-30,Bank Transfer,2631.08,Paid
1302888,1204595,101880,2023-08-31,Insurance,699.0,Paid
1302889,1203827,101064,2025-06-09,Insurance,608.71,Paid
1302890,1203561,101608,2022-09-05,Insurance,1749.26,Paid
1302891,1200780,101286,2022-08-23,Credit Card,543.6,Paid
1302892,1203428,101284,2024-03-24,Insurance,1775.98,Pending
1302893,1200039,100383,2021-10-29,Insurance,1576.96,Paid
1302894,1203549,101459,2022-09-13,Insurance,367.21,Paid
1302895,1201579,101718,2022-07-01,Bank Transfer,2226.6,Pending
1302896,1200992,101824,2022-11-30,Insurance,448.28,Paid
1302897,1205685,100022,2021-05-14,Insurance,1079.92,Paid
1302898,1205947,100425,2021-12-25,Bank Transfer,171.61,Paid
1302899,1202163,100255,2021-07-20,Insurance,1114.75,Paid
1302900,1205619,101392,2022-03-31,Insurance,955.03,Paid
1302901,1204724,101423,2025-07-11,Bank Transfer,3744.44,Paid
1302902,1203727,100697,2023-03-28,Insurance,1604.42,Paid
1302903,1204173,100155,2023-08-04,Credit Card,1290.07,Pending
1302904,1204768,101737,2021-04-23,Bank Transfer,920.13,Paid
1302905,1201173,101390,2025-07-27,Insurance,567.67,Pending
1302906,1202906,102032,2023-01-25,Bank Transfer,576.94,Paid
1302907,1200108,100115,2023-04-04,Insurance,1472.44,Paid
1302908,1204331,101405,2024-11-19,Insurance,2902.72,Paid
1302909,1205083,100697,2023-12-28,Cash,429.36,Paid
1302910,1200278,101801,2021-10-29,Bank Transfer,2354.91,Paid
1302911,1203308,100446,2025-10-08,Insurance,1058.67,Paid
1302912,1202238,101997,2024-10-02,Insurance,877.12,Paid
1302913,1201436,100092,2023-11-19,Insurance,1675.88,Paid
1302914,1204690,101453,2022-06-10,Credit Card,1166.26,Paid
1302915,1202839,101336,2022-04-17,Insurance,1145.04,Pending
1302916,1200349,100778,2022-10-29,Insurance,3145.05,Paid
1302917,1202225,100759,2022-06-13,Insurance,686.23,Refunded
1302918,1201172,100967,2022-03-22,Insurance,1981.86,Paid
1302919,1201819,101550,2023-12-20,Insurance,688.07,Paid
1302920,1202099,101348,2023-10-28,Insurance,2226.53,Paid
1302921,1203371,101393,2021-05-24,Credit Card,1079.62,Paid
1302922,1203158,101000,2025-03-04,Credit Card,1448.05,Paid
1302923,1203382,100239,2022-09-10,Cash,1676.65,Paid
1302924,1204199,100272,2021-01-22,Bank Transfer,2846.27,Paid
1302925,1202063,100201,2025-01-12,Insurance,700.79,Paid
1302926,1204140,102255,2023-03-15,Bank Transfer,4802.6,Paid
1302927,1204492,101755,2023-09-27,Insurance,501.17,Paid
1302928,1202761,102029,2022-03-28,Cash,1287.61,Paid
1302929,1201148,100550,2024-03-02,Bank Transfer,6872.22,Pending
1302930,1204575,100921,2023-10-13,Cash,794.66,Paid
1302931,1205629,100135,2022-09-11,Credit Card,1020.93,Paid
1302932,1205180,100403,2024-12-19,Insurance,1857.82,Paid
1302933,1203827,102245,2025-03-04,Insurance,1849.03,Pending
1302934,1201283,102205,2025-03-23,Insurance,1394.7,Pending
1302935,1202608,100209,2024-01-30,Bank Transfer,360.04,Paid
1302936,1200680,101286,2024-08-27,Insurance,1540.04,Paid
1302937,1204159,101477,2023-09-30,Insurance,1121.51,Paid
1302938,1201127,100225,2025-09-05,Cash,1139.86,Paid
1302939,1200390,100401,2022-12-25,Insurance,610.5,Paid
1302940,1205411,101605,2024-08-25,Insurance,1613.56,Paid
1302941,1203808,102326,2021-05-13,Insurance,1781.73,Paid
1302942,1202307,102500,2021-04-13,Insurance,3864.86,Paid
1302943,1203965,101276,2023-12-23,Insurance,806.4,Paid
1302944,1203177,100810,2022-10-30,Credit Card,589.28,Paid
1302945,1203836,101009,2022-12-08,Insurance,2240.95,Paid
1302946,1206086,102200,2025-01-18,Insurance,936.84,Paid
1302947,1201614,101974,2025-02-25,Credit Card,1796.07,Paid
1302948,1202975,102300,2025-02-21,Insurance,698.42,Paid
1302949,1205230,102281,2024-05-20,Insurance,729.15,Pending
1302950,1200388,101515,2021-12-20,Insurance,3100.74,Paid
1302951,1200989,102013,2024-10-03,Insurance,2431.83,Paid
1302952,1205359,101317,2025-12-29,Insurance,1641.2,Paid
1302953,1205513,100807,2024-05-06,Insurance,2643.98,Paid
1302954,1204389,100609,2025-09-06,Insurance,1180.84,Paid
1302955,1200425,102227,2024-08-12,Insurance,1463.33,Paid
1302956,1200947,102341,2023-02-23,Credit Card,980.79,Paid
1302957,1201284,101079,2022-12-19,Credit Card,491.01,Paid
1302958,1200493,101521,2021-01-05,Insurance,948.34,Paid
1302959,1205151,100086,2024-05-27,Insurance,576.23,Paid
1302960,1200251,100983,2023-01-28,Insurance,770.74,Paid
1302961,1202782,102018,2023-11-22,Credit Card,1125.45,Paid
1302962,1200220,101878,2023-11-10,Insurance,2392.9,Paid
1302963,1204403,100564,2024-04-30,Cash,93.0,Paid
1302964,1201337,101317,2023-10-05,Insurance,4212.96,Paid
1302965,1202640,102371,2021-08-08,Insurance,236.37,Pending
1302966,1202199,100372,2024-05-02,Insurance,3949.48,Paid
1302967,1206111,100840,2023-04-06,Insurance,1400.26,Paid
1302968,1203068,102171,2023-04-01,Insurance,2580.55,Paid
1302969,1201576,100891,2021-07-15,Insurance,1393.21,Paid
1302970,1200584,101832,2022-03-08,Insurance,9465.37,Paid
1302971,1203018,101542,2023-04-28,Insurance,1256.41,Paid
1302972,1204216,102395,2025-11-16,Insurance,1123.07,Paid
1302973,1202175,101557,2022-04-29,Insurance,3750.45,Paid
1302974,1201686,101296,2024-09-21,Bank Transfer,4268.22,Paid
1302975,1205901,101134,2022-10-28,Credit Card,529.44,Paid
1302976,1206186,101601,2025-11-11,Insurance,1225.34,Paid
1302977,1202131,100820,2025-06-30,Insurance,4442.77,Paid
1302978,1204497,101866,2023-05-30,Insurance,521.3,Paid
1302979,1203456,100159,2024-08-30,Cash,5027.22,Paid
1302980,1205696,101770,2025-12-06,Insurance,1999.01,Paid
1302981,1201370,102379,2021-05-11,Insurance,306.71,Paid
1302982,1205791,100633,2023-04-11,Insurance,225.03,Paid
1302983,1205270,101020,2021-09-13,Insurance,3916.12,Paid
1302984,1205921,100172,2022-02-23,Insurance,956.28,Paid
1302985,1200066,100385,2025-12-16,Insurance,5165.55,Paid
1302986,1205374,101273,2025-02-14,Insurance,2788.68,Paid
1302987,1201499,101293,2025-12-25,Insurance,3241.82,Paid
1302988,1206026,101719,2025-07-04,Insurance,3391.93,Paid
1302989,1204961,102125,2025-02-06,Credit Card,3975.62,Pending
1302990,1205689,101695,2025-09-14,Credit Card,6211.99,Paid
1302991,1203021,100210,2021-09-19,Insurance,1161.5,Paid
1302992,1201074,101144,2024-02-06,Insurance,963.55,Paid
1302993,1201477,101309,2022-04-11,Cash,985.62,Paid
1302994,1200863,101780,2023-06-17,Bank Transfer,5380.26,Paid
1302995,1200018,102030,2024-09-23,Insurance,529.46,Paid
1302996,1200668,100057,2021-04-22,Bank Transfer,1894.57,Paid
1302997,1204617,101892,2022-04-22,Insurance,955.23,Paid
1302998,1200037,100713,2021-01-28,Bank Transfer,1127.03,Paid
1302999,1201555,101907,2021-08-18,Insurance,1529.82,Paid
1303000,1201671,102431,2021-03-12,Insurance,1157.67,Paid
1303001,1202514,101645,2022-04-16,Credit Card,3646.12,Pending
1303002,1201914,100261,2022-09-29,Bank Transfer,2316.03,Paid
1303003,1206092,102142,2025-07-21,Insurance,2076.95,Paid
1303004,1205920,102248,2022-06-22,Credit Card,1365.36,Paid
1303005,1202543,101404,2025-09-25,Bank Transfer,1216.38,Paid
1303006,1203744,101275,2021-11-19,Insurance,1304.31,Paid
1303007,1205696,101160,2023-05-27,Insurance,3335.09,Paid
1303008,1204053,101149,2024-08-07,Insurance,1577.11,Paid
1303009,1204613,100064,2025-06-24,Credit Card,854.84,Refunded
1303010,1203042,102401,2022-09-30,Cash,1228.32,Paid
1303011,1205291,101301,2025-03-19,Insurance,1912.32,Paid
1303012,1203438,100325,2025-08-22,Insurance,4345.41,Pending
1303013,1203867,101714,2023-09-05,Insurance,597.52,Paid
1303014,1200994,100517,2025-10-29,Insurance,875.66,Paid
1303015,1204032,100574,2022-04-03,Credit Card,1037.88,Paid
1303016,1202980,102158,2021-02-14,Insurance,523.84,Paid
1303017,1204853,101086,2024-03-08,Insurance,614.02,Paid
1303018,1205133,101244,2022-06-09,Insurance,99.3,Paid
1303019,1204903,102288,2025-12-17,Insurance,361.82,Paid
1303020,1204873,101657,2023-04-09,Credit Card,1996.22,Paid
1303021,1205198,101703,2024-04-11,Insurance,2966.48,Paid
1303022,1203407,101984,2021-04-01,Credit Card,708.2,Paid
1303023,1200546,101828,2022-06-17,Cash,1050.38,Paid
1303024,1205438,100015,2021-10-17,Cash,2695.68,Pending
1303025,1202463,101476,2023-03-09,Insurance,1142.77,Paid
1303026,1204714,100428,2022-11-24,Insurance,2432.04,Paid
1303027,1203109,100553,2022-04-15,Bank Transfer,1752.72,Paid
1303028,1205577,100198,2022-04-09,Bank Transfer,884.73,Paid
1303029,1203266,100595,2022-02-13,Credit Card,1888.89,Pending
1303030,1203497,100644,2023-04-28,Insurance,594.19,Paid
1303031,1206172,101998,2023-01-19,Insurance,819.96,Paid
1303032,1200014,101467,2024-11-26,Credit Card,976.93,Paid
1303033,1203631,100297,2021-01-03,Insurance,2382.6,Pending
1303034,1203273,100888,2022-07-10,Credit Card,2913.08,Paid
1303035,1201799,100698,2022-06-13,Cash,940.48,Paid
1303036,1201659,100457,2023-01-30,Insurance,2924.23,Paid
1303037,1202548,101402,2021-12-09,Insurance,1556.82,Paid
1303038,1205728,100579,2022-08-25,Credit Card,720.07,Paid
1303039,1200870,100084,2025-12-29,Insurance,1314.27,Paid
1303040,1204193,102286,2022-09-08,Bank Transfer,524.16,Pending
1303041,1204250,100224,2025-04-15,Insurance,1755.11,Paid
1303042,1204681,102099,2021-11-17,Insurance,292.99,Paid
1303043,1202388,102062,2021-10-28,Insurance,1108.2,Paid
1303044,1201052,102365,2021-12-04,Credit Card,2592.99,Paid
1303045,1201320,101109,2025-10-20,Insurance,1299.03,Paid
1303046,1200147,101235,2022-09-29,Insurance,1659.8,Paid
1303047,1201220,100664,2021-03-03,Credit Card,855.5,Paid
1303048,1202924,101950,2023-04-27,Insurance,657.05,Paid
1303049,1202892,101744,2021-11-27,Insurance,4566.72,Paid
1303050,1201913,101863,2021-09-11,Credit Card,812.44,Pending
1303051,1204683,100524,2023-03-30,Insurance,2177.05,Paid
1303052,1204579,100744,2022-07-28,Cash,997.89,Paid
1303053,1203998,101255,2023-04-13,Credit Card,891.13,Paid
1303054,1205350,100882,2023-02-04,Bank Transfer,703.2,Paid
1303055,1205065,100843,2021-10-27,Insurance,1100.22,Paid
1303056,1201877,101855,2023-02-13,Insurance,1467.54,Paid
1303057,1202137,102265,2021-09-13,Insurance,7298.78,Pending
1303058,1201416,102433,2021-08-09,Insurance,1797.7,Paid
1303059,1203132,100506,2025-12-07,Bank Transfer,887.56,Paid
1303060,1205444,100550,2022-08-01,Insurance,2153.82,Paid
1303061,1200251,100016,2024-06-04,Credit Card,2830.5,Paid
1303062,1200158,101961,2021-05-05,Insurance,621.04,Paid
1303063,1202055,101474,2024-04-07,Insurance,2163.38,Paid
1303064,1200353,102163,2022-08-12,Credit Card,2751.07,Paid
1303065,1204904,101629,2021-12-24,Credit Card,2644.74,Paid
1303066,1204019,101205,2021-01-03,Credit Card,1052.65,Paid
1303067,1200735,100455,2025-07-23,Insurance,634.63,Pending
1303068,1200368,102108,2024-03-02,Insurance,1538.46,Paid
1303069,1200515,100415,2024-10-14,Insurance,409.25,Paid
1303070,1203536,100660,2021-10-15,Insurance,1720.07,Paid
1303071,1201868,102318,2023-09-17,Insurance,620.6,Paid
1303072,1201233,102283,2023-12-30,Insurance,2604.36,Paid
1303073,1203353,100573,2022-09-28,Credit Card,3189.68,Paid
1303074,1202082,101140,2025-09-27,Insurance,8487.6,Paid
1303075,1201734,100917,2025-08-02,Insurance,4317.83,Paid
1303076,1202321,102411,2025-10-29,Insurance,679.02,Paid
1303077,1205487,101206,2025-05-28,Insurance,2352.32,Paid
1303078,1205768,101099,2021-04-11,Cash,1845.51,Paid
1303079,1200450,100279,2021-05-15,Insurance,691.99,Paid
1303080,1200368,102344,2022-12-27,Credit Card,1814.95,Paid
1303081,1203586,101598,2021-07-24,Insurance,936.24,Paid
1303082,1205540,101027,2021-10-15,Credit Card,525.44,Paid
1303083,1204148,102462,2021-12-13,Insurance,3755.3,Paid
1303084,1203280,100580,2025-02-07,Insurance,496.94,Paid
1303085,1201465,100382,2025-04-07,Insurance,2264.16,Paid
1303086,1200988,100964,2022-10-03,Cash,727.95,Paid
1303087,1202718,100504,2024-01-12,Insurance,1998.03,Paid
1303088,1203942,100754,2024-02-03,Insurance,5815.84,Paid
1303089,1200205,102464,2022-04-17,Insurance,1351.83,Paid
1303090,1204939,102032,2021-03-04,Insurance,189.24,Paid
1303091,1201984,101346,2022-06-28,Credit Card,2864.06,Refunded
1303092,1203214,102001,2022-04-14,Insurance,8031.62,Paid
1303093,1205708,102396,2022-05-27,Credit Card,3920.33,Paid
1303094,1202788,101747,2025-01-09,Insurance,1358.62,Paid
1303095,1201619,102035,2025-04-13,Insurance,1436.77,Paid
1303096,1206071,101442,2021-01-17,Insurance,6984.2,Paid
1303097,1204094,101137,2023-04-07,Insurance,3392.58,Paid
1303098,1201397,100774,2021-09-30,Cash,1085.48,Paid
1303099,1204359,102367,2025-12-13,Credit Card,3284.04,Paid
1303100,1204533,101593,2025-09-05,Insurance,889.59,Paid
1303101,1203025,101869,2022-09-02,Insurance,751.8,Pending
1303102,1200615,100506,2024-05-13,Insurance,1800.14,Paid
1303103,1200894,100595,2022-09-22,Insurance,1191.86,Pending
1303104,1203894,101105,2021-03-05,Cash,1249.6,Paid
1303105,1206174,101350,2023-04-24,Cash,1386.17,Paid
1303106,1201732,101408,2025-08-24,Insurance,4606.26,Paid
1303107,1205559,100747,2023-11-21,Credit Card,496.03,Paid
1303108,1200153,102093,2025-09-06,Credit Card,1113.81,Paid
1303109,1205129,100041,2023-05-11,Insurance,2876.9,Paid
1303110,1205724,101751,2023-09-08,Credit Card,813.45,Paid
1303111,1204100,100849,2023-07-09,Insurance,884.88,Paid
1303112,1205386,100772,2025-07-08,Insurance,1632.27,Paid
1303113,1203179,102220,2024-08-04,Insurance,4505.34,Paid
1303114,1203260,101305,2024-01-17,Bank Transfer,4350.64,Paid
1303115,1203273,100070,2024-10-11,Insurance,1038.73,Paid
1303116,1204033,101444,2023-10-02,Insurance,778.92,Paid
1303117,1201511,100026,2023-09-01,Cash,1382.32,Paid
1303118,1201620,101394,2023-01-23,Insurance,1596.63,Refunded
1303119,1204328,101877,2025-11-21,Bank Transfer,1180.74,Paid
1303120,1204238,100523,2022-08-08,Insurance,1339.38,Paid
1303121,1205770,101393,2022-11-04,Insurance,420.67,Paid
1303122,1201453,101662,2021-04-08,Insurance,1889.95,Paid
1303123,1204452,102285,2024-05-21,Credit Card,3054.35,Paid
1303124,1205508,101732,2024-01-15,Insurance,996.84,Paid
1303125,1203804,101808,2022-10-05,Credit Card,344.09,Paid
1303126,1200522,100667,2021-07-31,Credit Card,1091.14,Paid
1303127,1201320,100746,2021-02-03,Insurance,1319.8,Paid
1303128,1202453,102179,2021-04-17,Insurance,720.07,Paid
1303129,1205879,100441,2023-05-17,Credit Card,1236.36,Paid
1303130,1205709,101317,2021-11-15,Insurance,935.45,Paid
1303131,1205275,100430,2023-02-02,Credit Card,3395.43,Paid
1303132,1203288,100815,2022-03-31,Cash,3042.71,Paid
1303133,1202689,102308,2024-11-14,Insurance,669.15,Paid
1303134,1200120,100599,2024-10-29,Insurance,2309.81,Paid
1303135,1203627,101942,2025-01-28,Bank Transfer,3579.97,Paid
1303136,1205882,100915,2025-05-11,Insurance,7103.13,Paid
1303137,1200690,100082,2025-05-12,Bank Transfer,2766.2,Paid
1303138,1202286,100862,2023-02-21,Bank Transfer,1749.31,Paid
1303139,1202985,101870,2024-10-12,Credit Card,4791.03,Paid
1303140,1201144,100251,2022-07-22,Insurance,2596.62,Paid
1303141,1202489,102149,2024-05-09,Credit Card,6390.73,Paid
1303142,1206096,101372,2022-09-04,Bank Transfer,3111.79,Paid
1303143,1201995,101594,2025-11-13,Insurance,1300.65,Paid
1303144,1204822,100647,2025-11-17,Insurance,645.38,Paid
1303145,1203355,100736,2023-01-09,Insurance,1024.23,Paid
1303146,1205374,101405,2025-01-19,Insurance,1902.7,Paid
1303147,1206017,101249,2023-09-12,Insurance,910.87,Paid
1303148,1201056,101377,2023-05-06,Insurance,1681.45,Paid
1303149,1205758,101152,2022-09-14,Insurance,2007.21,Paid
1303150,1203662,101808,2021-11-23,Insurance,126.02,Paid
1303151,1203685,100099,2025-10-29,Credit Card,1054.86,Paid
1303152,1200242,101609,2022-09-26,Insurance,1899.34,Paid
1303153,1202182,100809,2023-09-21,Insurance,308.66,Paid
1303154,1203862,101634,2022-06-28,Insurance,402.7,Paid
1303155,1201368,100251,2021-06-13,Credit Card,1619.19,Paid
1303156,1202585,101344,2023-03-15,Insurance,1815.69,Paid
1303157,1202987,101571,2024-05-04,Credit Card,1144.96,Pending
1303158,1200477,100035,2022-03-24,Insurance,1143.59,Paid
1303159,1203683,100730,2022-09-29,Insurance,1411.39,Paid
1303160,1204765,101144,2025-04-29,Insurance,3397.52,Paid
1303161,1203964,100012,2022-10-21,Insurance,1758.69,Paid
1303162,1200450,100748,2025-09-03,Insurance,567.99,Paid
1303163,1201626,101962,2024-10-20,Insurance,686.68,Paid
1303164,1200503,100250,2023-04-01,Insurance,1391.02,Paid
1303165,1205480,100898,2024-12-22,Bank Transfer,799.58,Paid
1303166,1203304,101034,2023-07-31,Insurance,744.2,Paid
1303167,1204224,101108,2023-03-05,Insurance,1206.61,Paid
1303168,1203965,101853,2021-12-03,Credit Card,11740.29,Paid
1303169,1202868,100101,2024-06-02,Insurance,1222.06,Paid
1303170,1202205,100520,2023-11-27,Insurance,1039.51,Paid
1303171,1200131,100052,2024-10-17,Credit Card,1732.08,Paid
1303172,1204449,102061,2023-04-09,Insurance,299.58,Paid
1303173,1203113,100846,2022-11-11,Insurance,706.21,Paid
1303174,1200825,101379,2023-05-10,Insurance,627.08,Paid
1303175,1201166,100724,2025-09-30,Insurance,490.93,Pending
1303176,1204354,102199,2021-08-25,Insurance,1724.05,Pending
1303177,1200982,102079,2025-07-11,Credit Card,4946.68,Paid
1303178,1200888,101251,2023-02-15,Insurance,524.17,Paid
1303179,1200656,101195,2025-12-16,Insurance,1573.23,Paid
1303180,1201712,101478,2022-05-07,Insurance,890.19,Paid
1303181,1200322,100486,2023-12-28,Insurance,4556.79,Paid
1303182,1205266,101552,2023-05-18,Insurance,108.0,Pending
1303183,1201336,100462,2023-09-04,Insurance,2569.11,Paid
1303184,1200439,100266,2023-09-26,Credit Card,2149.29,Paid
1303185,1205016,100160,2022-03-12,Insurance,902.56,Paid
1303186,1205883,102377,2024-11-01,Insurance,936.13,Paid
1303187,1202600,101923,2024-04-05,Insurance,10673.15,Paid
1303188,1205282,100589,2022-12-03,Insurance,396.53,Paid
1303189,1202651,100040,2021-07-11,Cash,1502.92,Paid
1303190,1205202,101760,2022-10-11,Insurance,1833.88,Paid
1303191,1203289,100352,2022-09-17,Cash,571.38,Paid
1303192,1205489,100455,2025-08-26,Insurance,875.73,Paid
1303193,1205662,101452,2023-12-14,Bank Transfer,2461.36,Paid
1303194,1203268,100531,2021-09-13,Credit Card,1984.18,Paid
1303195,1200556,100641,2022-02-20,Insurance,542.97,Paid
1303196,1206041,101206,2021-10-19,Insurance,600.65,Paid
1303197,1200266,100327,2025-11-04,Bank Transfer,901.61,Pending
1303198,1203342,100622,2024-01-22,Cash,2061.92,Pending
1303199,1204914,100950,2021-10-01,Cash,2951.73,Paid
1303200,1201936,101004,2023-12-31,Cash,903.44,Paid
1303201,1200704,101100,2021-12-20,Insurance,912.15,Paid
1303202,1204961,102207,2022-02-19,Insurance,1115.03,Paid
1303203,1205897,101733,2025-04-03,Credit Card,2634.37,Paid
1303204,1203228,100199,2024-11-06,Bank Transfer,1906.76,Paid
1303205,1203252,101638,2025-06-06,Insurance,241.84,Paid
1303206,1204067,101238,2023-05-10,Credit Card,1992.3,Paid
1303207,1204404,102322,2022-04-17,Insurance,133.62,Paid
1303208,1201841,102032,2021-06-06,Credit Card,2531.46,Paid
1303209,1204722,101808,2021-04-09,Insurance,435.03,Paid
1303210,1201969,101651,2022-11-16,Credit Card,1669.16,Paid
1303211,1203871,101076,2022-07-06,Insurance,765.23,Paid
1303212,1205166,102212,2025-05-12,Insurance,1006.76,Paid
1303213,1202306,102053,2021-09-05,Insurance,2773.53,Paid
1303214,1202982,101652,2021-09-21,Credit Card,1136.55,Paid
1303215,1201263,100419,2022-02-03,Insurance,2048.19,Paid
1303216,1200324,101521,2025-10-04,Credit Card,1779.82,Paid
1303217,1204323,100954,2022-12-21,Bank Transfer,436.7,Paid
1303218,1205912,102409,2025-01-12,Credit Card,1383.76,Pending
1303219,1205857,102344,2025-12-10,Credit Card,1175.86,Paid
1303220,1200327,101232,2025-05-09,Credit Card,377.93,Paid
1303221,1201639,102393,2023-02-04,Credit Card,2246.63,Paid
1303222,1202867,101300,2023-01-22,Insurance,5563.9,Pending
1303223,1203432,101862,2025-04-18,Insurance,1013.96,Paid
1303224,1203194,101614,2025-12-27,Credit Card,628.64,Paid
1303225,1206158,102155,2023-02-08,Insurance,3894.57,Paid
1303226,1203376,101435,2025-08-29,Insurance,309.8,Paid
1303227,1204164,100626,2024-11-28,Bank Transfer,2395.76,Paid
1303228,1205343,100953,2025-02-02,Bank Transfer,506.45,Paid
1303229,1200253,100752,2021-09-13,Bank Transfer,2861.8,Paid
1303230,1202537,102125,2025-01-22,Cash,2253.67,Paid
1303231,1203634,100229,2024-08-12,Credit Card,358.22,Paid
1303232,1205453,101699,2025-08-01,Insurance,1272.54,Paid
1303233,1205430,102432,2022-03-31,Insurance,360.57,Paid
1303234,1200127,101786,2024-01-25,Cash,675.78,Paid
1303235,1200675,101728,2025-12-13,Insurance,274.06,Paid
1303236,1200896,100595,2022-10-26,Insurance,1843.41,Paid
1303237,1205692,101261,2025-06-04,Insurance,2601.81,Paid
1303238,1202783,101003,2022-09-17,Insurance,758.43,Paid
1303239,1205809,101897,2023-03-16,Bank Transfer,2351.24,Paid
1303240,1202972,101869,2023-08-27,Insurance,1418.06,Paid
1303241,1205238,100460,2022-12-26,Insurance,787.79,Paid
1303242,1200080,102156,2025-02-23,Insurance,1779.57,Paid
1303243,1202448,101851,2023-06-18,Credit Card,1520.88,Paid
1303244,1205410,102296,2021-07-26,Bank Transfer,7238.47,Paid
1303245,1205973,101112,2024-06-12,Insurance,177.15,Paid
1303246,1204312,102471,2021-05-26,Insurance,1259.31,Paid
1303247,1201589,100387,2024-11-10,Insurance,2099.56,Paid
1303248,1204269,101448,2022-11-04,Insurance,1197.49,Refunded
1303249,1205176,102227,2023-06-30,Credit Card,1062.49,Paid
1303250,1204704,101577,2025-08-31,Credit Card,1503.85,Paid
1303251,1205432,101922,2023-05-30,Insurance,415.14,Refunded
1303252,1202388,101377,2023-12-24,Insurance,1142.42,Paid
1303253,1205125,102411,2024-09-19,Credit Card,5269.03,Paid
1303254,1204982,100075,2021-08-26,Insurance,528.44,Paid
1303255,1203138,100832,2022-11-24,Insurance,577.28,Paid
1303256,1204431,100018,2023-06-03,Bank Transfer,1507.96,Paid
1303257,1203529,100030,2025-05-02,Insurance,805.64,Paid
1303258,1203146,101697,2025-03-28,Insurance,4678.91,Paid
1303259,1203804,100520,2021-03-26,Insurance,2191.18,Paid
1303260,1202522,100123,2025-08-19,Credit Card,293.45,Paid
1303261,1204217,101737,2024-09-29,Insurance,1361.41,Paid
1303262,1204693,100371,2022-04-29,Insurance,6201.13,Paid
1303263,1201041,100859,2022-04-17,Insurance,4035.46,Paid
1303264,1204292,101223,2022-07-22,Cash,207.35,Pending
1303265,1200750,102275,2024-12-30,Insurance,976.89,Pending
1303266,1205511,100132,2021-09-17,Credit Card,496.84,Paid
1303267,1204388,101363,2024-02-17,Insurance,585.51,Paid
1303268,1203053,100147,2024-09-06,Cash,1960.59,Paid
1303269,1202638,100803,2024-09-12,Insurance,226.99,Paid
1303270,1205011,101610,2023-10-16,Credit Card,1736.45,Paid
1303271,1205901,102462,2023-03-07,Insurance,723.81,Paid
1303272,1203550,102232,2022-06-05,Credit Card,746.35,Paid
1303273,1203677,100091,2025-09-22,Credit Card,1540.39,Paid
1303274,1200209,101564,2025-06-27,Bank Transfer,1165.14,Paid
1303275,1204682,102049,2025-05-06,Insurance,1128.48,Paid
1303276,1200588,100787,2021-06-01,Bank Transfer,820.62,Paid
1303277,1201611,100619,2023-03-21,Credit Card,1937.85,Paid
1303278,1204752,102181,2024-09-24,Insurance,3051.46,Paid
1303279,1203344,101084,2021-04-24,Cash,1792.8,Paid
1303280,1203206,101929,2022-01-04,Credit Card,1007.7,Paid
1303281,1202711,102495,2022-01-11,Insurance,2092.01,Paid
1303282,1205220,101061,2021-09-06,Insurance,213.74,Pending
1303283,1204191,102330,2022-10-18,Insurance,616.01,Paid
1303284,1205834,101606,2023-10-09,Insurance,623.28,Paid
1303285,1204047,102499,2022-04-06,Insurance,4533.9,Paid
1303286,1200170,100471,2023-09-18,Bank Transfer,216.66,Paid
1303287,1200957,100874,2021-12-22,Credit Card,2050.31,Paid
1303288,1205668,102188,2025-01-30,Bank Transfer,1242.37,Pending
1303289,1200916,100480,2023-09-07,Credit Card,614.43,Paid
1303290,1204257,100269,2024-11-11,Cash,227.72,Paid
1303291,1202428,100847,2025-03-22,Bank Transfer,7521.23,Paid
1303292,1202053,101669,2025-04-11,Credit Card,2364.84,Paid
1303293,1203993,101845,2024-01-29,Insurance,1080.0,Paid
1303294,1201445,100646,2025-04-08,Credit Card,1575.55,Paid
1303295,1203265,102080,2022-05-25,Cash,2473.39,Pending
1303296,1200975,101452,2021-12-18,Insurance,1802.19,Paid
1303297,1201938,100959,2021-09-17,Bank Transfer,3103.66,Refunded
1303298,1201865,100925,2024-05-07,Bank Transfer,6349.9,Paid
1303299,1203909,101035,2021-09-12,Insurance,1548.26,Paid
1303300,1200648,100832,2023-06-25,Credit Card,1745.86,Paid
1303301,1200361,100447,2021-04-10,Insurance,2370.59,Paid
1303302,1204542,100101,2022-07-07,Credit Card,2541.75,Paid
1303303,1201480,100699,2024-06-29,Insurance,2783.33,Paid
1303304,1201966,100739,2025-10-29,Insurance,2276.66,Paid
1303305,1201581,100731,2023-11-21,Insurance,687.12,Paid
1303306,1200461,102071,2023-12-20,Credit Card,3754.43,Paid
1303307,1205521,101463,2022-09-05,Bank Transfer,1396.74,Paid
1303308,1204183,102261,2024-04-16,Insurance,724.75,Paid
1303309,1200475,101129,2022-07-22,Insurance,1370.83,Paid
1303310,1201727,101843,2023-12-10,Credit Card,1685.64,Paid
1303311,1203821,102276,2021-04-15,Bank Transfer,1212.01,Paid
1303312,1204780,100055,2023-04-23,Insurance,2110.2,Paid
1303313,1206058,100457,2021-01-28,Credit Card,3140.79,Paid
1303314,1204477,102446,2025-04-29,Credit Card,281.29,Paid
1303315,1201087,100827,2024-03-15,Bank Transfer,1816.65,Paid
1303316,1206186,101306,2025-05-23,Insurance,423.57,Paid
1303317,1201730,100474,2021-11-15,Credit Card,1463.17,Pending
1303318,1203516,101722,2024-04-29,Credit Card,1184.7,Paid
1303319,1200580,100850,2021-10-17,Insurance,1025.5,Paid
1303320,1202049,100571,2024-02-22,Insurance,3583.48,Paid
1303321,1202896,101055,2025-03-13,Cash,1588.38,Paid
1303322,1205456,100658,2021-10-18,Insurance,1405.87,Paid
1303323,1200871,101400,2021-06-29,Credit Card,867.01,Paid
1303324,1201935,101477,2024-09-23,Insurance,482.65,Paid
1303325,1204524,100362,2024-01-05,Insurance,1854.52,Paid
1303326,1200021,100651,2024-10-04,Cash,813.76,Paid
1303327,1206114,101868,2025-01-25,Credit Card,1088.25,Paid
1303328,1202582,101085,2022-10-12,Cash,835.92,Paid
1303329,1202553,101198,2021-08-13,Insurance,385.59,Refunded
1303330,1200882,101168,2022-07-21,Insurance,928.42,Paid
1303331,1204442,100243,2022-06-30,Insurance,3583.85,Paid
1303332,1200195,102204,2024-04-23,Cash,690.62,Paid
1303333,1201977,102194,2023-02-14,Insurance,5250.98,Paid
1303334,1204059,101316,2024-05-13,Insurance,2219.3,Paid
1303335,1203849,102131,2022-04-01,Cash,3350.43,Paid
1303336,1200777,100858,2024-07-06,Insurance,780.51,Paid
1303337,1204374,101539,2024-07-04,Insurance,1360.07,Paid
1303338,1200804,100548,2023-05-03,Bank Transfer,10692.89,Paid
1303339,1204487,100938,2022-05-13,Bank Transfer,1558.67,Refunded
1303340,1204896,101594,2022-08-09,Insurance,949.31,Paid
1303341,1202884,101751,2023-12-10,Bank Transfer,1432.89,Paid
1303342,1203329,100087,2023-11-26,Insurance,1898.14,Paid
1303343,1204779,101529,2024-12-29,Bank Transfer,4401.84,Paid
1303344,1203716,100507,2021-07-30,Credit Card,7968.8,Paid
1303345,1204909,101696,2021-06-07,Insurance,2184.7,Paid
1303346,1201264,101833,2023-09-07,Insurance,2442.57,Paid
1303347,1204601,101876,2024-01-22,Credit Card,11903.05,Paid
1303348,1205942,102365,2021-05-22,Insurance,520.34,Paid
1303349,1201110,101455,2023-05-29,Credit Card,2354.5,Paid
1303350,1202342,100881,2021-11-17,Insurance,1280.05,Paid
1303351,1203408,101116,2022-05-10,Cash,658.49,Refunded
1303352,1203051,100156,2022-07-14,Insurance,460.19,Paid
1303353,1203690,100187,2023-05-03,Credit Card,1087.94,Paid
1303354,1202544,100374,2025-03-20,Credit Card,2991.9,Paid
1303355,1201427,100173,2025-03-21,Credit Card,1057.72,Paid
1303356,1203143,101990,2025-11-13,Insurance,2008.3,Paid
1303357,1205987,100193,2024-04-10,Insurance,966.47,Paid
1303358,1200241,102400,2024-09-18,Credit Card,926.68,Pending
1303359,1201315,101683,2021-10-23,Credit Card,815.95,Paid
1303360,1202546,100434,2023-03-08,Insurance,10374.78,Paid
1303361,1202571,102443,2023-08-09,Insurance,587.55,Paid
1303362,1203648,101670,2022-06-29,Insurance,2292.5,Paid
1303363,1201047,100822,2023-10-18,Insurance,2071.88,Paid
1303364,1201614,101740,2022-08-17,Insurance,1738.43,Paid
1303365,1201754,102064,2022-04-26,Cash,250.56,Paid
1303366,1206198,100793,2024-01-21,Bank Transfer,3329.3,Pending
1303367,1203142,100041,2024-07-29,Insurance,1058.6,Paid
1303368,1201320,100260,2021-12-28,Insurance,414.87,Paid
1303369,1201230,100023,2024-01-11,Insurance,724.05,Paid
1303370,1205101,101936,2025-02-19,Credit Card,552.52,Paid
1303371,1203542,100965,2022-11-25,Credit Card,963.52,Paid
1303372,1201821,100310,2024-05-21,Insurance,993.33,Paid
1303373,1203847,100235,2021-08-09,Credit Card,1217.88,Paid
1303374,1202450,101959,2024-01-05,Insurance,2487.25,Paid
1303375,1200085,101724,2024-11-07,Credit Card,1600.74,Paid
1303376,1204412,101581,2025-09-11,Insurance,514.46,Paid
1303377,1204938,100932,2022-07-04,Insurance,2591.63,Paid
1303378,1202389,101487,2021-08-25,Bank Transfer,342.46,Paid
1303379,1204539,100778,2021-10-31,Insurance,1183.68,Paid
1303380,1205660,102210,2021-03-05,Insurance,2652.36,Paid
1303381,1205643,102120,2023-12-04,Insurance,768.54,Paid
1303382,1206102,102285,2023-03-14,Insurance,4103.06,Paid
1303383,1205287,101128,2024-10-19,Credit Card,440.81,Paid
1303384,1206041,100470,2021-08-30,Bank Transfer,2794.15,Paid
1303385,1205204,100515,2025-10-02,Insurance,2329.62,Paid
1303386,1206106,101981,2025-05-12,Insurance,1414.28,Paid
1303387,1200632,101743,2022-10-08,Insurance,3610.79,Paid
1303388,1201768,101823,2022-01-23,Insurance,847.84,Paid
1303389,1200777,101199,2021-12-22,Insurance,632.99,Paid
1303390,1201237,102286,2022-08-04,Credit Card,1125.15,Paid
1303391,1202899,101530,2024-09-09,Insurance,2452.38,Paid
1303392,1200690,101135,2023-02-20,Credit Card,1946.09,Paid
1303393,1204937,100133,2021-09-05,Credit Card,1338.77,Paid
1303394,1200320,101932,2024-10-27,Insurance,2732.93,Paid
1303395,1205860,100128,2022-11-24,Insurance,2812.92,Paid
1303396,1202380,101555,2025-05-25,Insurance,817.78,Paid
1303397,1204840,100744,2023-02-06,Credit Card,1690.7,Paid
1303398,1205311,101701,2024-11-22,Cash,886.0,Paid
1303399,1204388,100183,2025-01-08,Insurance,980.1,Paid
1303400,1202438,101699,2023-06-07,Cash,1169.94,Paid
1303401,1202535,101564,2024-01-29,Cash,1350.18,Paid
1303402,1204201,101707,2021-08-15,Insurance,1768.76,Paid
1303403,1201771,100749,2021-05-09,Insurance,2162.56,Paid
1303404,1202097,100858,2024-04-01,Insurance,1445.93,Paid
1303405,1205577,102205,2021-01-21,Insurance,2330.69,Paid
1303406,1202587,100196,2023-07-20,Insurance,257.12,Pending
1303407,1204848,102170,2023-03-18,Insurance,2028.39,Paid
1303408,1200705,100795,2021-05-01,Insurance,509.33,Paid
1303409,1200135,102374,2022-06-06,Insurance,1688.67,Paid
1303410,1204116,100727,2024-09-19,Insurance,1628.31,Paid
1303411,1203777,101072,2023-09-26,Insurance,1953.97,Pending
1303412,1204012,100541,2021-09-27,Insurance,1719.19,Paid
1303413,1202789,102120,2021-09-01,Credit Card,179.09,Pending
1303414,1202594,100827,2025-11-24,Insurance,1548.85,Paid
1303415,1200975,101941,2021-12-17,Cash,2471.72,Paid
1303416,1201757,101700,2022-06-23,Credit Card,704.33,Paid
1303417,1201533,100433,2021-09-08,Credit Card,854.81,Paid
1303418,1200942,101004,2024-07-30,Insurance,1603.01,Paid
1303419,1201649,100584,2022-06-22,Bank Transfer,3153.79,Paid
1303420,1203766,101368,2025-05-27,Insurance,572.77,Paid
1303421,1204395,100774,2023-11-14,Credit Card,665.08,Paid
1303422,1201319,101164,2025-09-26,Insurance,524.13,Paid
1303423,1202012,101311,2023-07-27,Insurance,592.04,Paid
1303424,1200232,101966,2024-03-18,Insurance,453.6,Paid
1303425,1203397,102255,2025-05-23,Insurance,872.11,Paid
1303426,1201771,100246,2022-10-11,Insurance,6205.31,Refunded
1303427,1204140,100623,2023-09-17,Credit Card,665.77,Paid
1303428,1200617,100593,2021-03-12,Insurance,1299.56,Paid
1303429,1204560,100067,2023-08-26,Insurance,2357.07,Pending
1303430,1201070,102202,2024-06-10,Insurance,967.01,Paid
1303431,1201830,100135,2023-11-20,Credit Card,506.06,Paid
1303432,1206165,101216,2022-07-26,Insurance,801.68,Paid
1303433,1205758,101008,2023-09-26,Insurance,1229.3,Paid
1303434,1201006,100346,2024-02-24,Bank Transfer,468.61,Paid
1303435,1201380,100137,2022-11-02,Insurance,1909.87,Paid
1303436,1202817,100090,2024-05-18,Cash,891.96,Paid
1303437,1204882,101581,2022-09-16,Bank Transfer,496.98,Paid
1303438,1203203,100012,2023-09-01,Cash,1393.85,Paid
1303439,1206025,100855,2025-06-29,Credit Card,8761.83,Paid
1303440,1201604,100310,2025-10-03,Insurance,1327.76,Paid
1303441,1201489,101992,2025-09-22,Insurance,3202.37,Paid
1303442,1202106,101593,2021-05-02,Insurance,1786.68,Paid
1303443,1205289,101348,2021-03-15,Credit Card,2843.76,Paid
1303444,1203727,101486,2022-11-21,Insurance,2298.05,Paid
1303445,1203747,102058,2022-04-21,Insurance,4842.26,Paid
1303446,1201175,101216,2025-12-08,Credit Card,1540.18,Paid
1303447,1201138,100984,2023-05-14,Cash,3996.88,Paid
1303448,1202688,102134,2023-02-05,Insurance,261.64,Refunded
1303449,1204589,102467,2025-06-18,Cash,4988.95,Paid
1303450,1201292,102385,2024-08-25,Insurance,1579.59,Paid
1303451,1203711,101292,2024-08-09,Insurance,1353.98,Paid
1303452,1203354,101500,2023-03-10,Cash,4957.89,Paid
1303453,1201573,100290,2023-05-13,Insurance,2670.42,Paid
1303454,1203948,100273,2021-03-01,Cash,735.83,Paid
1303455,1202690,101070,2021-09-26,Cash,2169.66,Paid
1303456,1205053,101368,2025-02-14,Bank Transfer,332.83,Paid
1303457,1206157,102265,2022-01-08,Insurance,2268.2,Pending
1303458,1205368,101821,2023-11-22,Cash,296.91,Paid
1303459,1204321,101735,2024-07-08,Insurance,744.2,Paid
1303460,1200390,102004,2025-08-29,Insurance,1229.13,Paid
1303461,1201987,101911,2021-06-26,Insurance,580.87,Paid
1303462,1200857,101631,2022-11-05,Cash,305.5,Paid
1303463,1205333,100048,2024-01-05,Insurance,2489.2,Paid
1303464,1204824,100933,2025-06-14,Insurance,846.21,Paid
1303465,1201849,100451,2023-09-07,Insurance,382.01,Paid
1303466,1201758,101742,2024-04-30,Insurance,1247.29,Paid
1303467,1204799,100387,2022-08-08,Insurance,1705.77,Pending
1303468,1203209,100659,2021-10-31,Insurance,919.72,Pending
1303469,1200711,101654,2024-12-12,Insurance,761.97,Paid
1303470,1202407,101623,2024-02-25,Bank Transfer,915.86,Paid
1303471,1202564,102429,2024-02-13,Bank Transfer,5714.09,Paid
1303472,1202082,100391,2022-07-25,Bank Transfer,428.56,Paid
1303473,1206192,100549,2021-06-22,Credit Card,319.66,Paid
1303474,1201144,100734,2025-12-27,Insurance,836.62,Paid
1303475,1203963,100203,2022-03-05,Insurance,2229.19,Paid
1303476,1205680,101129,2024-09-17,Cash,2341.48,Paid
1303477,1205572,101315,2021-08-17,Insurance,2824.92,Paid
1303478,1204536,101643,2022-08-12,Insurance,610.61,Paid
1303479,1200980,100414,2025-06-24,Insurance,1890.11,Paid
1303480,1204142,100247,2025-07-16,Insurance,1328.4,Paid
1303481,1201014,101233,2021-08-18,Insurance,14275.92,Paid
1303482,1201828,101533,2021-11-02,Insurance,370.33,Pending
1303483,1203514,101805,2024-06-22,Insurance,1690.56,Paid
1303484,1200621,101975,2022-09-19,Insurance,468.89,Paid
1303485,1201736,101469,2021-01-10,Insurance,423.92,Paid
1303486,1203711,101284,2025-09-14,Insurance,587.55,Paid
1303487,1203787,101765,2022-02-12,Insurance,1201.88,Paid
1303488,1204096,100741,2022-07-23,Bank Transfer,2793.45,Paid
1303489,1202568,102040,2021-06-22,Insurance,1056.76,Paid
1303490,1202838,101304,2025-07-29,Credit Card,611.46,Paid
1303491,1200769,100963,2025-08-17,Credit Card,375.69,Paid
1303492,1205113,100072,2022-03-16,Insurance,933.29,Paid
1303493,1202208,100370,2023-05-11,Credit Card,2731.9,Paid
1303494,1200441,100164,2024-03-26,Insurance,731.3,Paid
1303495,1203497,101416,2023-05-08,Insurance,1095.62,Paid
1303496,1202126,101735,2023-09-12,Insurance,696.28,Paid
1303497,1205337,101250,2023-09-25,Credit Card,3498.64,Paid
1303498,1200018,100644,2022-02-09,Insurance,1383.31,Paid
1303499,1201312,100250,2025-03-04,Insurance,1595.34,Pending
1303500,1204263,100111,2025-06-30,Insurance,1428.73,Paid
1303501,1204154,102118,2022-11-25,Insurance,3302.39,Paid
1303502,1205454,101889,2021-03-07,Insurance,908.44,Paid
1303503,1202026,101531,2025-03-26,Insurance,2724.04,Paid
1303504,1202545,101099,2024-07-17,Bank Transfer,1006.32,Paid
1303505,1200538,101700,2021-10-06,Insurance,1147.2,Paid
1303506,1203973,100487,2024-08-07,Credit Card,3538.24,Paid
1303507,1202140,100992,2023-01-16,Insurance,555.54,Paid
1303508,1204757,100798,2024-11-03,Credit Card,204.35,Paid
1303509,1203465,101180,2025-10-01,Insurance,1258.84,Paid
1303510,1202116,102315,2021-07-31,Insurance,2567.24,Refunded
1303511,1200875,102357,2022-11-02,Insurance,1271.29,Paid
1303512,1205762,100364,2022-04-19,Credit Card,1702.06,Paid
1303513,1202722,100829,2024-03-15,Insurance,487.4,Paid
1303514,1202631,102240,2024-04-28,Cash,2667.59,Paid
1303515,1200559,102452,2024-01-04,Insurance,1112.59,Paid
1303516,1202148,101138,2022-11-01,Insurance,2314.43,Pending
1303517,1205167,100822,2021-12-13,Bank Transfer,778.95,Paid
1303518,1204317,101685,2025-10-24,Insurance,6831.35,Paid
1303519,1202294,100633,2021-09-17,Cash,3041.58,Paid
1303520,1203175,100294,2022-12-31,Credit Card,2012.22,Paid
1303521,1203825,100748,2023-04-19,Insurance,3047.5,Paid
1303522,1200333,101748,2024-08-03,Insurance,671.86,Paid
1303523,1205720,100093,2025-01-20,Insurance,2715.61,Paid
1303524,1201817,102385,2025-12-23,Insurance,2370.93,Paid
1303525,1204141,102148,2021-05-16,Credit Card,2589.48,Paid
1303526,1201635,102292,2021-07-01,Insurance,819.87,Paid
1303527,1205741,100829,2024-12-17,Credit Card,1385.97,Paid
1303528,1203130,102273,2025-04-28,Insurance,1801.24,Paid
1303529,1202622,101410,2023-10-10,Cash,392.47,Paid
1303530,1201282,100347,2021-02-03,Insurance,1716.11,Paid
1303531,1203900,100754,2022-12-23,Bank Transfer,2191.24,Paid
1303532,1201422,100455,2024-02-18,Credit Card,8002.07,Paid
1303533,1205081,100100,2023-09-21,Insurance,785.54,Paid
1303534,1204751,101647,2021-09-24,Bank Transfer,2408.16,Paid
1303535,1200824,100316,2022-08-19,Insurance,775.5,Paid
1303536,1202131,100688,2022-06-24,Insurance,1733.25,Paid
1303537,1205715,101480,2024-12-06,Credit Card,1121.41,Pending
1303538,1205087,101345,2021-01-12,Bank Transfer,1514.78,Paid
1303539,1205161,100903,2021-01-15,Bank Transfer,844.42,Paid
1303540,1204771,101850,2024-04-19,Cash,367.94,Paid
1303541,1201204,101978,2023-04-01,Insurance,823.06,Paid
1303542,1203156,101771,2024-12-21,Insurance,780.72,Paid
1303543,1202069,102229,2024-12-16,Credit Card,1769.87,Paid
1303544,1206174,101136,2025-10-31,Insurance,1099.05,Paid
1303545,1204653,101680,2022-07-18,Insurance,1266.4,Paid
1303546,1201923,100717,2024-04-06,Insurance,651.91,Paid
1303547,1206096,100277,2023-04-06,Insurance,6369.54,Paid
1303548,1205301,101229,2025-10-24,Insurance,915.58,Paid
1303549,1200050,101932,2025-03-11,Insurance,6821.4,Paid
1303550,1200045,102302,2022-10-15,Credit Card,2256.71,Paid
1303551,1205591,100787,2022-05-06,Cash,7259.83,Paid
1303552,1202353,100475,2024-05-24,Insurance,946.22,Paid
1303553,1203584,101393,2025-11-15,Credit Card,254.9,Paid
1303554,1201652,101799,2021-02-08,Credit Card,1959.11,Pending
1303555,1205312,100127,2025-02-25,Insurance,1015.69,Paid
1303556,1200332,100253,2023-02-13,Insurance,2803.81,Paid
1303557,1203877,102292,2022-01-20,Insurance,2750.25,Pending
1303558,1203614,100009,2022-03-12,Insurance,563.63,Paid
1303559,1205363,101802,2025-01-10,Insurance,1826.52,Paid
1303560,1205034,101259,2024-01-04,Credit Card,582.42,Paid
1303561,1204955,100411,2023-01-24,Bank Transfer,978.14,Paid
1303562,1203170,101175,2021-05-01,Credit Card,925.56,Paid
1303563,1204871,100738,2022-04-28,Cash,747.48,Paid
1303564,1203111,100543,2021-05-16,Insurance,1099.74,Paid
1303565,1205326,102350,2022-09-29,Insurance,270.93,Paid
1303566,1204826,102008,2025-02-06,Insurance,2731.05,Paid
1303567,1202418,100133,2022-11-06,Insurance,647.1,Paid
1303568,1200978,100096,2025-02-06,Insurance,3178.98,Paid
1303569,1201063,101011,2022-02-11,Insurance,1269.14,Paid
1303570,1204700,100046,2024-12-23,Insurance,804.49,Paid
1303571,1204913,101842,2024-12-16,Insurance,1550.26,Paid
1303572,1205714,101610,2024-04-30,Insurance,2051.27,Paid
1303573,1202447,101173,2023-05-12,Insurance,552.02,Paid
1303574,1200260,101423,2023-08-28,Insurance,623.89,Paid
1303575,1204333,102409,2023-01-08,Bank Transfer,1119.09,Paid
1303576,1203938,101745,2023-07-02,Insurance,2841.72,Paid
1303577,1202153,100463,2023-03-16,Insurance,2150.61,Paid
1303578,1205248,101672,2024-04-02,Bank Transfer,1468.09,Paid
1303579,1203542,101367,2021-04-08,Credit Card,1085.37,Paid
1303580,1201171,101207,2024-08-24,Insurance,1700.49,Paid
1303581,1200986,100378,2025-11-07,Insurance,1515.39,Paid
1303582,1202221,102278,2024-06-09,Credit Card,1677.44,Paid
1303583,1200006,101736,2024-11-29,Bank Transfer,2027.31,Paid
1303584,1200526,100445,2021-07-29,Insurance,1006.99,Paid
1303585,1203125,101427,2022-07-23,Bank Transfer,1791.66,Paid
1303586,1204480,100097,2023-10-21,Bank Transfer,2303.21,Pending
1303587,1202468,100453,2022-07-11,Insurance,1934.6,Paid
1303588,1202005,100278,2024-02-27,Insurance,2130.93,Paid
1303589,1204441,101803,2025-01-02,Insurance,4213.71,Paid
1303590,1203728,101101,2025-11-23,Insurance,1062.23,Paid
1303591,1201654,100354,2023-04-15,Insurance,1816.69,Paid
1303592,1202700,100833,2022-09-24,Insurance,4026.84,Paid
1303593,1204168,100517,2024-03-06,Cash,1178.96,Paid
1303594,1202480,101781,2021-11-16,Insurance,1300.94,Pending
1303595,1205893,102449,2025-01-12,Credit Card,2462.19,Paid
1303596,1202295,101920,2022-12-28,Insurance,799.76,Paid
1303597,1205695,101974,2021-10-29,Insurance,1154.29,Paid
1303598,1205475,101882,2023-10-12,Insurance,2373.49,Paid
1303599,1205766,101004,2022-09-09,Insurance,970.98,Pending
1303600,1201401,101381,2025-06-17,Insurance,2084.51,Paid
1303601,1203500,102487,2022-03-06,Insurance,2955.58,Paid
1303602,1200872,100996,2022-05-10,Insurance,752.93,Paid
1303603,1204992,102202,2022-05-26,Insurance,2326.86,Paid
1303604,1204775,101618,2023-05-12,Insurance,4476.62,Paid
1303605,1200754,100231,2025-02-10,Credit Card,1923.2,Paid
1303606,1200615,102147,2022-12-14,Credit Card,954.21,Paid
1303607,1201641,100404,2024-05-13,Credit Card,620.13,Paid
1303608,1203349,101458,2022-08-27,Insurance,7848.42,Paid
1303609,1200693,100726,2021-05-28,Bank Transfer,946.36,Paid
1303610,1205371,101857,2021-05-12,Insurance,1067.14,Paid
1303611,1204218,100127,2023-06-07,Insurance,2194.6,Paid
1303612,1201208,102206,2023-12-14,Cash,790.71,Refunded
1303613,1202433,101554,2024-08-27,Insurance,3115.26,Pending
1303614,1203384,101444,2023-02-08,Credit Card,966.14,Paid
1303615,1202728,102435,2024-05-23,Bank Transfer,212.25,Paid
1303616,1203545,100685,2022-09-26,Bank Transfer,1201.96,Pending
1303617,1201393,100024,2025-11-01,Insurance,747.78,Paid
1303618,1200624,102462,2024-03-29,Credit Card,1758.28,Paid
1303619,1201326,101653,2023-05-06,Bank Transfer,926.21,Pending
1303620,1202285,102290,2025-07-06,Credit Card,728.71,Paid
1303621,1202473,102402,2024-10-14,Credit Card,1633.77,Paid
1303622,1202721,102494,2024-10-10,Cash,15746.05,Paid
1303623,1203196,102313,2022-08-16,Insurance,632.0,Paid
1303624,1202251,101053,2025-10-16,Credit Card,3283.7,Paid
1303625,1201760,101513,2023-01-29,Insurance,860.4,Paid
1303626,1204311,102499,2021-10-08,Bank Transfer,2802.75,Paid
1303627,1205182,101962,2021-10-06,Insurance,1388.14,Paid
1303628,1205395,101023,2024-09-09,Insurance,1330.76,Paid
1303629,1205215,101546,2023-12-09,Credit Card,11015.25,Paid
1303630,1201099,101748,2024-11-12,Insurance,2907.63,Paid
1303631,1205370,102276,2024-11-12,Insurance,2403.42,Paid
1303632,1204230,102476,2024-07-08,Cash,5774.91,Paid
1303633,1205117,101039,2024-12-18,Insurance,2454.13,Paid
1303634,1201514,100972,2021-05-17,Insurance,1015.68,Pending
1303635,1200201,101954,2024-05-01,Credit Card,1079.07,Paid
1303636,1203416,102258,2023-05-16,Credit Card,2051.03,Paid
1303637,1205757,101385,2021-03-01,Insurance,2167.7,Paid
1303638,1203630,100939,2021-12-17,Insurance,721.22,Paid
1303639,1203637,100771,2021-01-18,Credit Card,2039.51,Paid
1303640,1204708,101499,2024-12-04,Insurance,869.57,Paid
1303641,1202904,100140,2021-04-14,Insurance,1495.84,Paid
1303642,1201392,102487,2021-05-20,Cash,265.95,Paid
1303643,1201751,102372,2025-02-25,Insurance,1996.49,Paid
1303644,1204752,100858,2023-05-11,Credit Card,1141.69,Paid
1303645,1204035,100700,2022-03-31,Credit Card,425.53,Paid
1303646,1202382,101290,2024-08-09,Cash,306.7,Paid
1303647,1204996,100722,2025-07-24,Insurance,1774.43,Paid
1303648,1203251,100679,2023-06-10,Credit Card,946.36,Paid
1303649,1202405,100120,2024-02-17,Credit Card,1312.29,Paid
1303650,1203175,101605,2025-06-18,Cash,1213.89,Pending
1303651,1203181,100530,2025-12-26,Cash,2104.12,Paid
1303652,1202330,101864,2024-03-24,Insurance,5033.15,Paid
1303653,1203426,100900,2025-03-20,Insurance,1839.13,Paid
1303654,1204568,101713,2023-10-07,Credit Card,869.16,Paid
1303655,1200787,101931,2022-03-27,Insurance,1167.51,Paid
1303656,1204565,100567,2021-03-18,Credit Card,1576.18,Paid
1303657,1204766,101271,2023-03-17,Insurance,802.52,Paid
1303658,1205534,101576,2022-08-31,Bank Transfer,1994.73,Paid
1303659,1206143,101839,2024-10-16,Insurance,2483.33,Paid
1303660,1205612,101634,2024-05-13,Insurance,6204.67,Paid
1303661,1206059,101199,2021-08-20,Insurance,4582.1,Paid
1303662,1201777,100118,2021-06-03,Credit Card,1125.51,Paid
1303663,1202391,100223,2021-12-01,Insurance,2082.27,Paid
1303664,1203093,101541,2021-05-27,Bank Transfer,1510.03,Paid
1303665,1205670,100024,2021-05-11,Credit Card,1127.79,Paid
1303666,1203728,101063,2024-08-02,Cash,2482.94,Paid
1303667,1202827,100980,2022-05-18,Insurance,1134.59,Paid
1303668,1202625,101028,2025-04-22,Credit Card,1512.23,Paid
1303669,1204844,101924,2021-11-21,Insurance,691.06,Paid
1303670,1204151,100192,2024-10-02,Credit Card,1651.0,Paid
1303671,1202931,102087,2024-07-13,Bank Transfer,675.88,Paid
1303672,1205369,100629,2021-05-04,Insurance,1717.02,Paid
1303673,1202882,100043,2021-11-08,Insurance,1659.68,Paid
1303674,1201889,102159,2024-09-12,Credit Card,1390.55,Paid
1303675,1206071,100246,2023-08-17,Credit Card,2763.02,Paid
1303676,1200981,100323,2023-04-19,Insurance,1811.11,Paid
1303677,1204882,100460,2022-04-04,Insurance,1516.55,Paid
1303678,1200492,101741,2022-08-02,Cash,876.67,Paid
1303679,1200696,101981,2025-09-26,Insurance,432.82,Pending
1303680,1202387,101073,2024-07-28,Insurance,828.14,Pending
1303681,1203165,101368,2022-09-24,Credit Card,1848.59,Paid
1303682,1202622,101445,2025-07-22,Insurance,4401.4,Paid
1303683,1205901,100761,2025-02-22,Insurance,3450.24,Paid
1303684,1202396,100039,2022-12-01,Cash,502.69,Paid
1303685,1201013,100198,2022-11-08,Insurance,2551.38,Paid
1303686,1200042,101152,2022-10-07,Insurance,465.91,Paid
1303687,1204517,102283,2025-09-01,Insurance,682.37,Paid
1303688,1200579,101463,2024-06-24,Insurance,1229.74,Paid
1303689,1203476,101829,2022-11-17,Insurance,543.11,Pending
1303690,1200317,102436,2021-05-04,Bank Transfer,1930.11,Paid
1303691,1204642,100931,2024-01-18,Bank Transfer,982.12,Paid
1303692,1202948,101725,2024-03-23,Insurance,2608.7,Refunded
1303693,1201943,101302,2024-08-02,Insurance,4255.17,Paid
1303694,1205914,100135,2025-06-03,Insurance,1219.86,Paid
1303695,1200323,100400,2024-05-01,Insurance,1737.44,Paid
1303696,1204778,101997,2025-04-26,Insurance,4186.51,Paid
1303697,1200589,101181,2024-03-16,Cash,1415.11,Paid
1303698,1204035,100507,2024-07-27,Bank Transfer,580.31,Paid
1303699,1201372,100077,2022-07-30,Credit Card,2239.07,Paid
1303700,1203475,100240,2022-10-13,Insurance,549.74,Refunded
1303701,1203920,101658,2023-09-10,Insurance,1542.46,Paid
1303702,1204874,100252,2021-08-14,Insurance,1008.1,Paid
1303703,1205548,101142,2024-05-23,Insurance,824.58,Paid
1303704,1202053,101428,2021-04-05,Insurance,1119.55,Pending
1303705,1203512,101036,2024-03-19,Bank Transfer,2133.03,Paid
1303706,1204356,100188,2023-08-14,Cash,1216.23,Paid
1303707,1204358,100280,2024-01-29,Insurance,3652.9,Paid
1303708,1205103,101951,2025-03-30,Credit Card,3491.45,Paid
1303709,1201619,102034,2025-01-30,Insurance,609.8,Paid
1303710,1201448,102040,2021-08-21,Credit Card,1067.75,Pending
1303711,1204063,100108,2023-10-17,Bank Transfer,1238.28,Pending
1303712,1200684,102279,2022-08-17,Insurance,2712.69,Paid
1303713,1206019,100221,2021-09-14,Insurance,2009.56,Paid
1303714,1205496,102371,2021-05-14,Insurance,948.41,Paid
1303715,1205562,102443,2023-11-21,Insurance,906.3,Paid
1303716,1200391,102459,2025-11-24,Insurance,333.05,Paid
1303717,1203323,102084,2023-08-30,Insurance,7178.14,Paid
1303718,1201937,100210,2023-08-18,Insurance,580.65,Paid
1303719,1202807,100772,2024-01-31,Insurance,449.87,Paid
1303720,1204555,100743,2023-03-29,Bank Transfer,1236.07,Paid
1303721,1200194,102001,2024-09-01,Insurance,1973.24,Paid
1303722,1201210,101579,2023-12-02,Credit Card,1324.98,Paid
1303723,1205100,100071,2022-03-01,Insurance,4087.06,Paid
1303724,1203724,100746,2023-08-15,Insurance,2276.52,Paid
1303725,1201137,100240,2025-06-13,Insurance,2018.27,Paid
1303726,1201918,102173,2023-11-01,Credit Card,817.96,Paid
1303727,1204742,100496,2023-06-12,Insurance,519.01,Paid
1303728,1202835,101525,2024-11-23,Cash,438.39,Paid
1303729,1202855,101293,2024-12-07,Insurance,282.21,Paid
1303730,1202411,101100,2024-06-22,Insurance,6809.54,Paid
1303731,1201933,100661,2021-03-14,Cash,2821.06,Paid
1303732,1205835,100055,2023-03-08,Credit Card,859.7,Pending
1303733,1201895,102203,2023-03-16,Credit Card,1466.04,Paid
1303734,1204311,101149,2023-03-19,Insurance,598.2,Paid
1303735,1204227,101889,2025-12-23,Credit Card,2910.78,Paid
1303736,1202809,101172,2023-07-12,Insurance,2973.05,Paid
1303737,1200454,102467,2022-04-23,Bank Transfer,369.91,Paid
1303738,1206052,100738,2023-05-23,Credit Card,773.28,Paid
1303739,1201082,102366,2024-05-12,Insurance,501.07,Pending
1303740,1203528,100895,2025-02-12,Insurance,1463.14,Paid
1303741,1200385,101877,2025-08-25,Insurance,3301.72,Paid
1303742,1203769,101346,2025-01-06,Credit Card,939.09,Paid
1303743,1202409,100513,2021-09-17,Insurance,777.81,Paid
1303744,1204959,100632,2023-09-01,Insurance,1323.14,Paid
1303745,1204593,100597,2021-04-13,Credit Card,1698.44,Paid
1303746,1200733,100150,2024-01-11,Insurance,961.48,Paid
1303747,1205044,100569,2025-12-07,Insurance,884.24,Paid
1303748,1205796,102313,2024-10-14,Insurance,1603.15,Paid
1303749,1202399,102490,2021-11-25,Bank Transfer,140.73,Paid
1303750,1202942,101658,2022-09-06,Bank Transfer,732.96,Paid
1303751,1200207,101100,2024-12-13,Insurance,1450.76,Paid
1303752,1205423,100586,2022-12-28,Bank Transfer,4159.46,Paid
1303753,1202124,101745,2022-08-09,Insurance,537.64,Paid
1303754,1202869,101491,2021-10-05,Insurance,6414.35,Paid
1303755,1204577,101650,2023-07-31,Insurance,2195.55,Paid
1303756,1206197,102244,2024-07-22,Insurance,898.22,Paid
1303757,1202231,100671,2024-03-12,Insurance,1902.33,Paid
1303758,1204102,100874,2024-02-11,Insurance,696.93,Paid
1303759,1202995,102379,2022-10-01,Insurance,679.91,Paid
1303760,1201107,101848,2022-05-18,Insurance,526.08,Paid
1303761,1205245,101613,2021-12-21,Cash,4168.1,Paid
1303762,1201372,101002,2022-10-12,Insurance,1026.04,Paid
1303763,1201080,102114,2021-02-09,Bank Transfer,11003.51,Paid
1303764,1204206,102092,2023-08-09,Insurance,889.34,Paid
1303765,1205214,100485,2023-04-30,Bank Transfer,2187.51,Paid
1303766,1205376,100046,2025-04-15,Credit Card,741.42,Paid
1303767,1203080,101622,2022-12-14,Insurance,2628.38,Pending
1303768,1205216,101352,2021-10-16,Insurance,1242.39,Pending
1303769,1201198,100265,2021-12-18,Insurance,3396.69,Paid
1303770,1205496,100536,2025-05-10,Credit Card,2796.82,Paid
1303771,1204447,101911,2022-03-30,Bank Transfer,1039.43,Paid
1303772,1202493,101094,2021-11-17,Insurance,376.41,Refunded
1303773,1203500,102256,2023-07-26,Insurance,1059.46,Paid
1303774,1202995,102132,2021-12-25,Insurance,7221.64,Paid
1303775,1205281,101677,2022-04-28,Credit Card,6020.88,Paid
1303776,1201142,100254,2024-11-29,Insurance,4644.56,Paid
1303777,1202734,101792,2022-03-22,Insurance,2678.19,Paid
1303778,1205874,101739,2021-02-06,Cash,629.6,Paid
1303779,1204957,100191,2025-03-12,Insurance,1595.87,Pending
1303780,1203927,101030,2022-04-15,Cash,3363.71,Paid
1303781,1205239,100556,2022-04-15,Insurance,421.04,Paid
1303782,1202633,102193,2024-01-29,Insurance,352.29,Paid
1303783,1205913,101559,2023-08-26,Insurance,4485.26,Paid
1303784,1204035,102158,2021-10-01,Credit Card,652.61,Refunded
1303785,1201022,101899,2023-03-08,Cash,788.22,Paid
1303786,1205258,102474,2022-11-28,Insurance,1316.85,Paid
1303787,1203115,100319,2022-01-17,Insurance,188.75,Paid
1303788,1204227,101601,2023-08-26,Insurance,938.48,Paid
1303789,1200273,102223,2024-01-12,Insurance,3635.18,Paid
1303790,1201890,101709,2024-11-28,Insurance,1916.4,Paid
1303791,1205459,100099,2023-05-24,Insurance,1017.45,Paid
1303792,1205551,100137,2025-10-22,Cash,910.13,Paid
1303793,1203545,101957,2021-11-05,Credit Card,408.04,Paid
1303794,1200039,102010,2021-08-21,Insurance,1232.75,Paid
1303795,1201897,101324,2025-12-23,Credit Card,2513.94,Paid
1303796,1201566,102363,2023-02-01,Insurance,705.88,Paid
1303797,1204461,101314,2021-03-04,Insurance,3683.0,Paid
1303798,1200960,102256,2025-10-10,Insurance,1084.35,Paid
1303799,1200665,100746,2021-02-16,Insurance,2750.77,Paid
1303800,1200882,102188,2021-09-09,Insurance,1576.22,Paid
1303801,1204377,100324,2023-05-21,Credit Card,3122.8,Paid
1303802,1205984,101842,2024-04-26,Credit Card,4668.15,Paid
1303803,1200600,101756,2021-08-27,Insurance,1934.04,Paid
1303804,1202289,102410,2024-04-08,Credit Card,1707.89,Paid
1303805,1205405,101063,2022-07-01,Insurance,685.43,Paid
1303806,1202483,101444,2021-03-11,Insurance,1168.46,Paid
1303807,1201506,101554,2023-05-14,Insurance,5750.03,Paid
1303808,1205712,100858,2021-06-19,Insurance,2025.64,Pending
1303809,1202090,100709,2025-01-26,Insurance,542.57,Paid
1303810,1205203,101552,2025-08-02,Bank Transfer,6751.89,Paid
1303811,1203702,101817,2021-11-05,Insurance,583.59,Paid
1303812,1205388,100875,2022-12-08,Insurance,1015.0,Paid
1303813,1205685,101929,2022-03-18,Cash,1323.04,Paid
1303814,1200555,102110,2022-05-27,Bank Transfer,1173.95,Paid
1303815,1203695,101656,2025-07-27,Cash,399.64,Paid
1303816,1200979,102075,2023-05-22,Insurance,987.7,Paid
1303817,1201461,102474,2023-07-03,Insurance,577.55,Paid
1303818,1202403,100638,2021-03-25,Insurance,2192.76,Pending
1303819,1201688,100128,2022-12-04,Insurance,1925.37,Pending
1303820,1204873,100849,2021-09-21,Credit Card,2622.46,Paid
1303821,1200465,101341,2024-04-26,Insurance,1570.24,Paid
1303822,1200143,100911,2025-08-09,Credit Card,2867.6,Paid
1303823,1202723,100313,2023-06-10,Insurance,11566.28,Paid
1303824,1204077,100505,2021-12-03,Insurance,1354.72,Paid
1303825,1203826,100430,2023-02-22,Insurance,1296.62,Paid
1303826,1204251,100831,2024-05-28,Credit Card,3256.53,Paid
1303827,1201569,102169,2023-09-29,Insurance,1779.32,Paid
1303828,1202486,101468,2024-05-01,Credit Card,5812.68,Paid
1303829,1204825,100837,2025-06-29,Insurance,3202.61,Paid
1303830,1204825,101310,2023-07-09,Credit Card,1771.42,Refunded
1303831,1202249,101457,2024-05-09,Insurance,400.1,Pending
1303832,1201822,100600,2025-08-18,Credit Card,2159.02,Paid
1303833,1205763,102430,2021-06-09,Insurance,1067.42,Paid
1303834,1204863,100183,2022-09-14,Insurance,1276.92,Paid
1303835,1200267,100518,2022-10-18,Insurance,2019.85,Paid
1303836,1203766,101324,2022-02-15,Credit Card,1335.35,Paid
1303837,1204802,101797,2022-01-16,Insurance,1297.36,Paid
1303838,1205700,100324,2021-04-01,Cash,1460.56,Paid
1303839,1205835,102456,2024-09-17,Bank Transfer,796.73,Paid
1303840,1201454,101082,2022-12-01,Credit Card,630.55,Paid
1303841,1204521,102247,2025-03-18,Insurance,1801.18,Paid
1303842,1205855,102281,2024-06-28,Insurance,917.82,Refunded
1303843,1205052,101318,2021-02-19,Insurance,2514.5,Paid
1303844,1204702,101570,2025-01-21,Insurance,1147.45,Paid
1303845,1205636,100018,2024-06-02,Insurance,180.92,Paid
1303846,1203557,100673,2025-08-17,Bank Transfer,2765.11,Paid
1303847,1202480,100860,2023-09-12,Cash,1112.83,Paid
1303848,1201265,102383,2021-12-01,Insurance,1444.7,Paid
1303849,1200141,101883,2024-12-27,Credit Card,1147.89,Paid
1303850,1202046,102005,2024-01-17,Insurance,768.45,Paid
1303851,1201047,101864,2024-11-29,Insurance,1858.84,Pending
1303852,1202258,100735,2025-06-26,Credit Card,1958.79,Paid
1303853,1203457,102423,2021-01-21,Credit Card,3272.29,Paid
1303854,1204597,102082,2021-07-31,Credit Card,6527.06,Refunded
1303855,1200182,102463,2023-07-21,Insurance,1929.93,Paid
1303856,1203941,100748,2022-11-19,Bank Transfer,2431.29,Paid
1303857,1203209,101722,2021-02-20,Insurance,1407.45,Paid
1303858,1200013,101208,2024-10-20,Credit Card,383.8,Paid
1303859,1205356,100129,2022-09-10,Insurance,2801.21,Paid
1303860,1201866,100917,2024-05-11,Insurance,650.2,Paid
1303861,1201208,100220,2025-12-19,Credit Card,2087.95,Paid
1303862,1203745,102001,2025-07-29,Credit Card,2227.61,Paid
1303863,1200859,101135,2021-04-12,Credit Card,2206.25,Pending
1303864,1203272,102020,2024-08-04,Cash,907.71,Paid
1303865,1205032,102276,2021-03-04,Insurance,1219.33,Pending
1303866,1200738,100513,2025-12-05,Credit Card,375.23,Paid
1303867,1205260,101447,2024-05-01,Insurance,451.24,Paid
1303868,1201401,100401,2022-02-25,Bank Transfer,136.31,Paid
1303869,1204211,100190,2021-10-21,Credit Card,607.3,Refunded
1303870,1205111,100245,2021-03-21,Bank Transfer,645.93,Paid
1303871,1200366,101694,2022-01-02,Insurance,558.93,Paid
1303872,1204448,101503,2021-09-20,Bank Transfer,7764.5,Paid
1303873,1206071,101846,2021-02-19,Insurance,3296.62,Paid
1303874,1204616,101897,2021-01-11,Credit Card,1686.92,Paid
1303875,1205158,102362,2022-07-24,Insurance,1047.86,Paid
1303876,1202842,100631,2023-01-26,Credit Card,1106.24,Paid
1303877,1204771,101357,2022-04-20,Insurance,4872.55,Paid
1303878,1201319,100073,2021-12-05,Credit Card,1167.79,Paid
1303879,1204386,102081,2025-12-20,Bank Transfer,3627.47,Paid
1303880,1201883,101265,2023-08-18,Cash,853.93,Paid
1303881,1201417,100227,2022-01-03,Insurance,2013.08,Paid
1303882,1205317,100845,2025-07-22,Insurance,797.94,Paid
1303883,1203648,101242,2023-01-15,Credit Card,2356.13,Paid
1303884,1200421,101313,2021-11-13,Insurance,327.58,Paid
1303885,1202378,102459,2021-03-28,Insurance,3931.52,Paid
1303886,1201040,100808,2025-11-21,Cash,725.77,Paid
1303887,1202968,101863,2024-11-04,Insurance,1349.71,Pending
1303888,1202710,101197,2022-09-05,Credit Card,1690.08,Paid
1303889,1204026,102089,2021-06-20,Credit Card,618.27,Paid
1303890,1202224,101555,2025-08-17,Insurance,1101.51,Paid
1303891,1201498,100100,2022-03-27,Credit Card,242.02,Paid
1303892,1206090,100340,2024-07-26,Insurance,2053.49,Pending
1303893,1205956,101655,2022-01-01,Insurance,3508.09,Paid
1303894,1200458,100810,2021-09-05,Insurance,2543.06,Paid
1303895,1200943,101236,2023-08-30,Insurance,2229.01,Paid
1303896,1203231,100094,2021-06-29,Insurance,1205.99,Paid
1303897,1203051,102150,2022-08-12,Insurance,571.43,Paid
1303898,1205344,100955,2022-10-16,Insurance,1865.02,Paid
1303899,1203605,100629,2022-11-22,Insurance,1739.7,Paid
1303900,1202050,101110,2023-09-06,Insurance,773.55,Pending
1303901,1202024,101616,2024-07-02,Credit Card,835.81,Paid
1303902,1201495,101528,2021-07-13,Bank Transfer,1163.23,Paid
1303903,1205086,100921,2024-10-17,Insurance,776.36,Paid
1303904,1202517,102359,2024-12-20,Insurance,1983.11,Paid
1303905,1201118,101492,2022-05-08,Insurance,4411.12,Paid
1303906,1201207,102477,2023-10-04,Bank Transfer,1104.35,Pending
1303907,1202254,100873,2021-08-10,Insurance,4598.82,Paid
1303908,1201180,101331,2023-04-26,Insurance,1975.16,Paid
1303909,1200463,101028,2024-03-23,Insurance,3475.68,Paid
1303910,1203107,102406,2024-06-10,Insurance,974.65,Paid
1303911,1203362,100591,2022-10-05,Insurance,185.85,Paid
1303912,1203327,102442,2022-09-19,Insurance,1451.96,Pending
1303913,1204956,102344,2024-07-12,Credit Card,5541.89,Paid
1303914,1201651,100877,2023-10-13,Insurance,743.26,Paid
1303915,1201967,101219,2025-02-04,Credit Card,1552.29,Pending
1303916,1202822,100562,2022-10-21,Cash,945.84,Paid
1303917,1205274,100154,2023-08-06,Cash,703.49,Paid
1303918,1200411,101161,2024-05-24,Insurance,542.02,Paid
1303919,1203456,100597,2023-06-07,Insurance,1074.27,Paid
1303920,1205937,101209,2022-12-24,Insurance,1479.92,Paid
1303921,1202030,100161,2023-02-01,Credit Card,1004.8,Paid
1303922,1200850,100948,2021-10-25,Insurance,902.07,Paid
1303923,1205562,100213,2024-05-05,Insurance,1783.33,Paid
1303924,1205825,102244,2023-11-03,Insurance,1469.91,Paid
1303925,1202755,101343,2024-11-30,Cash,2185.74,Paid
1303926,1202180,102214,2023-07-22,Insurance,1374.41,Paid
1303927,1204009,100873,2025-07-08,Insurance,246.02,Pending
1303928,1206180,102379,2023-07-09,Insurance,999.8,Paid
1303929,1203084,100407,2021-09-18,Insurance,828.75,Paid
1303930,1203660,100410,2023-11-09,Insurance,321.08,Paid
1303931,1203863,101111,2023-12-06,Credit Card,1764.58,Paid
1303932,1204910,100238,2024-02-11,Insurance,2363.92,Paid
1303933,1205978,100184,2024-01-01,Cash,812.13,Paid
1303934,1200644,101533,2023-04-05,Insurance,298.81,Paid
1303935,1205973,100835,2025-11-04,Cash,674.58,Paid
1303936,1205122,101708,2022-02-01,Credit Card,630.62,Paid
1303937,1202243,102226,2021-10-24,Bank Transfer,671.57,Paid
1303938,1200840,101793,2023-10-07,Insurance,2367.67,Paid
1303939,1204140,100624,2021-12-19,Credit Card,9801.77,Paid
1303940,1200433,100080,2021-10-28,Credit Card,961.8,Paid
1303941,1202583,100644,2024-05-24,Credit Card,583.62,Paid
1303942,1201048,102101,2021-06-10,Insurance,777.37,Paid
1303943,1202402,100172,2024-04-21,Insurance,4983.62,Pending
1303944,1200531,101917,2022-10-02,Insurance,816.72,Paid
1303945,1205746,101077,2023-06-26,Credit Card,1406.66,Paid
1303946,1204316,101300,2023-08-17,Insurance,2036.46,Paid
1303947,1203369,102401,2021-09-09,Insurance,722.09,Paid
1303948,1204347,100288,2021-05-24,Credit Card,1059.35,Paid
1303949,1201740,100710,2023-01-23,Insurance,2404.8,Paid
1303950,1202756,100467,2024-12-27,Credit Card,1400.73,Paid
1303951,1205759,100706,2022-02-27,Bank Transfer,1714.48,Paid
1303952,1202799,101228,2023-03-16,Insurance,440.2,Paid
1303953,1201445,102181,2024-04-08,Insurance,863.64,Paid
1303954,1200765,100391,2025-10-16,Insurance,2736.95,Paid
1303955,1200137,102091,2024-08-17,Insurance,315.76,Pending
1303956,1202253,100996,2023-09-08,Insurance,677.08,Refunded
1303957,1202980,102056,2024-06-16,Insurance,1960.46,Paid
1303958,1202291,100343,2021-07-23,Insurance,729.81,Paid
1303959,1205505,100871,2023-11-05,Cash,799.09,Paid
1303960,1205978,102214,2025-01-19,Credit Card,2410.04,Pending
1303961,1203157,101561,2025-03-30,Credit Card,1648.01,Paid
1303962,1201765,100265,2022-07-09,Credit Card,2239.13,Paid
1303963,1203352,100983,2024-03-06,Insurance,700.44,Paid
1303964,1204537,101134,2024-06-15,Bank Transfer,8728.97,Paid
1303965,1205502,101907,2023-12-25,Insurance,479.49,Paid
1303966,1203965,101690,2024-02-24,Insurance,1512.63,Paid
1303967,1202734,100814,2023-04-16,Bank Transfer,423.82,Paid
1303968,1205683,101983,2021-04-07,Bank Transfer,1967.26,Paid
1303969,1205448,100479,2023-02-01,Cash,827.72,Paid
1303970,1204685,102326,2023-03-16,Insurance,784.84,Paid
1303971,1203098,101140,2024-04-08,Insurance,1175.02,Paid
1303972,1201324,101756,2023-03-01,Insurance,605.68,Paid
1303973,1203735,100621,2021-10-18,Insurance,1111.91,Paid
1303974,1200849,100555,2024-03-05,Insurance,327.94,Paid
1303975,1203859,100326,2021-06-02,Insurance,2987.09,Pending
1303976,1202998,101807,2024-09-08,Credit Card,818.73,Paid
1303977,1204027,101184,2021-05-30,Insurance,1493.2,Paid
1303978,1205380,102493,2025-08-17,Insurance,2619.59,Paid
1303979,1203047,100024,2023-06-10,Cash,264.16,Paid
1303980,1201673,101173,2022-07-15,Cash,914.37,Paid
1303981,1204588,100932,2025-11-29,Cash,1005.2,Paid
1303982,1204865,101960,2022-07-12,Insurance,857.01,Paid
1303983,1203154,102092,2022-07-13,Insurance,1938.83,Paid
1303984,1205309,101940,2023-08-22,Insurance,1925.25,Paid
1303985,1203889,101654,2022-11-16,Insurance,673.25,Paid
1303986,1202186,102036,2022-03-30,Insurance,1277.91,Paid
1303987,1202852,100597,2023-03-20,Insurance,1252.48,Pending
1303988,1205204,101734,2021-08-01,Cash,1014.44,Paid
1303989,1202955,101463,2023-10-23,Insurance,3820.73,Pending
1303990,1201346,100149,2023-02-11,Bank Transfer,863.49,Paid
1303991,1205030,100220,2023-01-06,Insurance,475.65,Refunded
1303992,1200828,100819,2023-01-18,Insurance,9511.21,Paid
1303993,1204364,101025,2024-07-23,Insurance,607.09,Paid
1303994,1204171,102416,2022-02-03,Insurance,5070.01,Refunded
1303995,1200860,100316,2023-11-24,Insurance,978.14,Pending
1303996,1205476,100516,2025-05-18,Insurance,2215.06,Paid
1303997,1202176,100639,2025-12-18,Insurance,6094.9,Paid
1303998,1205656,102405,2021-05-30,Insurance,882.68,Paid
1303999,1203259,100314,2024-01-02,Insurance,546.0,Paid
1304000,1201857,102339,2022-01-10,Bank Transfer,2744.01,Paid
1304001,1205465,100587,2021-04-29,Bank Transfer,2582.14,Paid
1304002,1205153,100704,2021-10-28,Insurance,354.34,Paid
1304003,1200123,101204,2021-07-08,Cash,1375.46,Pending
1304004,1201306,101342,2021-05-23,Cash,925.76,Refunded
1304005,1203291,100329,2025-08-16,Insurance,2055.07,Paid
1304006,1205422,100359,2021-12-14,Insurance,1131.91,Paid
1304007,1205766,101135,2024-06-09,Insurance,2530.96,Paid
1304008,1201266,101907,2024-12-03,Insurance,1908.84,Paid
1304009,1205615,101461,2024-03-27,Insurance,1371.21,Pending
1304010,1203741,102040,2021-06-25,Insurance,523.53,Paid
1304011,1203913,101521,2023-05-29,Cash,2379.18,Pending
1304012,1206168,100445,2025-04-10,Insurance,437.71,Paid
1304013,1200393,100968,2022-02-15,Credit Card,1710.76,Paid
1304014,1204692,101892,2024-08-08,Cash,1750.25,Paid
1304015,1204034,102294,2022-06-15,Cash,234.24,Paid
1304016,1206079,101417,2025-10-05,Bank Transfer,1906.4,Paid
1304017,1201736,101788,2025-05-13,Cash,1036.35,Paid
1304018,1205934,101678,2025-10-20,Credit Card,2381.65,Paid
1304019,1202062,101363,2024-01-23,Credit Card,1762.85,Pending
1304020,1200995,100852,2025-03-25,Insurance,4669.8,Pending
1304021,1200120,101634,2025-04-26,Insurance,1562.55,Paid
1304022,1200975,100389,2024-04-29,Insurance,866.42,Paid
1304023,1200491,100148,2022-04-19,Credit Card,4115.4,Paid
1304024,1204536,101233,2025-06-24,Insurance,2888.29,Refunded
1304025,1203814,100311,2024-06-10,Insurance,1410.43,Paid
1304026,1203620,100502,2023-01-11,Insurance,2064.43,Paid
1304027,1202477,101931,2025-04-23,Insurance,1175.22,Paid
1304028,1204896,100139,2025-06-13,Insurance,1048.99,Paid
1304029,1201924,101581,2022-06-26,Insurance,2188.25,Paid
1304030,1202278,100620,2021-12-18,Insurance,1552.64,Paid
1304031,1202593,102186,2025-09-20,Insurance,178.83,Paid
1304032,1205411,100941,2023-03-25,Insurance,2245.17,Paid
1304033,1200798,100939,2025-06-12,Insurance,1732.28,Pending
1304034,1204453,101973,2023-04-30,Credit Card,925.36,Paid
1304035,1204665,101557,2023-07-25,Credit Card,2236.42,Paid
1304036,1204705,101570,2025-05-25,Bank Transfer,1603.72,Paid
1304037,1204922,101553,2023-05-05,Credit Card,185.67,Paid
1304038,1206033,100918,2023-10-05,Insurance,3135.23,Paid
1304039,1203012,102030,2024-03-09,Insurance,1226.82,Paid
1304040,1205206,100116,2022-07-31,Cash,1256.64,Paid
1304041,1206167,102037,2023-10-15,Insurance,1076.46,Paid
1304042,1205948,100335,2022-06-11,Insurance,3161.18,Paid
1304043,1201214,101616,2021-01-23,Insurance,2896.32,Paid
1304044,1203103,100637,2024-02-11,Insurance,1197.6,Paid
1304045,1203445,101335,2021-09-16,Insurance,1117.95,Paid
1304046,1201959,100750,2023-01-30,Insurance,694.25,Paid
1304047,1204258,100640,2025-10-08,Insurance,1572.29,Paid
1304048,1204429,101198,2021-06-28,Insurance,735.2,Paid
1304049,1205378,101977,2021-01-29,Insurance,2012.02,Paid
1304050,1204846,101245,2022-06-06,Bank Transfer,934.83,Paid
1304051,1200788,101357,2022-10-27,Insurance,6353.86,Paid
1304052,1201360,100738,2021-06-02,Credit Card,858.62,Paid
1304053,1203373,101597,2021-06-13,Credit Card,1014.43,Pending
1304054,1203903,101761,2024-10-30,Insurance,1337.77,Paid
1304055,1205268,100500,2023-11-19,Insurance,505.41,Paid
1304056,1201445,100327,2022-07-29,Credit Card,2305.77,Paid
1304057,1204311,101665,2024-08-14,Credit Card,675.81,Paid
1304058,1203697,101510,2023-01-20,Insurance,1173.93,Paid
1304059,1202299,100710,2024-06-16,Bank Transfer,824.79,Paid
1304060,1201583,101624,2024-02-20,Credit Card,782.77,Paid
1304061,1202325,101679,2025-05-30,Insurance,6976.4,Paid
1304062,1202375,100391,2021-03-28,Insurance,999.88,Paid
1304063,1200988,102316,2023-11-28,Bank Transfer,1994.19,Pending
1304064,1203464,102246,2021-07-15,Credit Card,649.57,Paid
1304065,1201378,101919,2022-06-09,Credit Card,1512.72,Paid
1304066,1201370,100056,2021-04-03,Insurance,721.13,Paid
1304067,1202290,100959,2022-12-25,Credit Card,5916.7,Pending
1304068,1201082,100663,2023-11-05,Cash,2307.85,Paid
1304069,1204346,100131,2023-06-11,Insurance,777.77,Paid
1304070,1201914,100253,2022-04-01,Bank Transfer,498.73,Paid
1304071,1203053,101522,2022-12-26,Insurance,1798.23,Paid
1304072,1204908,101723,2021-10-31,Credit Card,641.3,Paid
1304073,1205861,100304,2022-06-10,Bank Transfer,1633.17,Pending
1304074,1201250,100132,2022-11-14,Insurance,1195.99,Paid
1304075,1200979,100182,2021-05-31,Cash,1229.37,Paid
1304076,1200582,102063,2022-04-30,Credit Card,1593.45,Pending
1304077,1203038,100106,2022-11-24,Cash,176.45,Paid
1304078,1201893,102034,2023-04-23,Cash,1019.09,Paid
1304079,1202280,101533,2025-07-23,Insurance,1713.1,Pending
1304080,1206093,101553,2024-12-19,Bank Transfer,958.13,Paid
1304081,1201835,102062,2023-05-14,Insurance,2828.45,Paid
1304082,1205212,100752,2022-09-17,Bank Transfer,1151.68,Paid
1304083,1201241,101251,2025-02-01,Insurance,890.21,Paid
1304084,1203944,102236,2021-03-17,Insurance,1891.86,Paid
1304085,1200288,101669,2022-02-07,Insurance,682.96,Paid
1304086,1201263,100340,2022-05-01,Credit Card,405.39,Paid
1304087,1205622,101821,2025-01-13,Insurance,2166.63,Paid
1304088,1203956,100457,2021-03-16,Insurance,785.32,Paid
1304089,1202781,101424,2022-04-20,Insurance,4187.87,Paid
1304090,1200699,101318,2023-05-20,Cash,4526.56,Paid
1304091,1202442,101896,2022-06-19,Insurance,2752.97,Paid
1304092,1201007,100310,2023-07-16,Bank Transfer,2224.14,Paid
1304093,1200956,100498,2025-03-21,Bank Transfer,826.08,Paid
1304094,1200592,100365,2021-09-13,Cash,336.51,Paid
1304095,1205761,100829,2025-03-17,Insurance,1492.31,Paid
1304096,1200058,101012,2025-03-26,Insurance,1882.36,Paid
1304097,1205301,102452,2024-07-20,Credit Card,3526.47,Paid
1304098,1200754,101861,2023-01-16,Credit Card,1656.11,Paid
1304099,1206198,100469,2024-04-27,Insurance,596.07,Paid
1304100,1201566,101225,2024-03-24,Insurance,2483.72,Paid
1304101,1205185,100719,2023-01-03,Insurance,2378.87,Pending
1304102,1200370,100705,2021-02-08,Insurance,5679.76,Paid
1304103,1203602,101330,2022-11-04,Bank Transfer,3507.95,Paid
1304104,1200873,101447,2022-04-01,Insurance,1324.77,Paid
1304105,1205378,101089,2025-02-25,Insurance,744.88,Paid
1304106,1201729,102405,2022-02-15,Cash,226.62,Paid
1304107,1203670,101170,2021-09-20,Bank Transfer,1013.23,Paid
1304108,1205276,100427,2021-10-21,Insurance,2731.01,Paid
1304109,1204763,101050,2021-09-14,Credit Card,934.49,Paid
1304110,1200267,101442,2025-09-12,Insurance,1345.91,Paid
1304111,1202422,100904,2025-07-06,Bank Transfer,2276.83,Paid
1304112,1200941,100555,2024-09-21,Insurance,1549.3,Paid
1304113,1205458,100691,2023-06-22,Insurance,1615.61,Paid
1304114,1204996,100045,2021-09-24,Insurance,1064.11,Paid
1304115,1202685,102470,2021-07-25,Insurance,3428.75,Paid
1304116,1200486,101537,2025-06-27,Insurance,253.99,Pending
1304117,1204645,100417,2021-06-29,Insurance,1369.43,Paid
1304118,1206023,100296,2022-03-20,Insurance,1814.85,Paid
1304119,1204421,101254,2025-11-04,Insurance,2000.17,Paid
1304120,1200055,102229,2024-07-11,Insurance,921.74,Paid
1304121,1205015,101437,2024-11-01,Insurance,1216.99,Paid
1304122,1201170,100943,2025-08-30,Insurance,1650.95,Paid
1304123,1204012,102105,2021-05-19,Insurance,578.12,Paid
1304124,1203337,100765,2022-03-18,Credit Card,2123.32,Paid
1304125,1200167,100177,2021-02-10,Insurance,2865.48,Paid
1304126,1202076,102424,2021-03-16,Insurance,1446.05,Paid
1304127,1202339,101731,2022-03-14,Insurance,2296.04,Pending
1304128,1201687,100890,2022-12-26,Insurance,873.41,Paid
1304129,1205032,100360,2024-08-21,Insurance,880.05,Paid
1304130,1200504,101141,2025-12-26,Cash,3446.59,Paid
1304131,1201278,100109,2021-12-20,Credit Card,1472.27,Paid
1304132,1203881,101863,2021-01-29,Insurance,3127.13,Paid
1304133,1200558,101612,2021-09-10,Insurance,3774.25,Paid
1304134,1205665,102423,2022-11-12,Credit Card,1571.11,Paid
1304135,1203036,101460,2021-05-14,Insurance,830.89,Paid
1304136,1202182,100265,2023-11-23,Insurance,1329.27,Paid
1304137,1200007,101498,2022-09-25,Insurance,1131.47,Paid
1304138,1201651,100913,2022-07-06,Insurance,2074.85,Pending
1304139,1203972,101233,2024-06-23,Credit Card,1076.25,Paid
1304140,1200053,100160,2021-08-17,Insurance,1631.5,Paid
1304141,1205613,100288,2022-12-20,Insurance,4315.08,Paid
1304142,1200263,100242,2024-01-15,Insurance,966.92,Paid
1304143,1204911,100483,2021-02-22,Bank Transfer,154.91,Paid
1304144,1203157,101045,2024-01-28,Insurance,2201.54,Paid
1304145,1204510,101369,2025-10-12,Insurance,2138.13,Paid
1304146,1203229,102234,2023-01-19,Bank Transfer,2757.37,Pending
1304147,1202093,101110,2021-02-17,Insurance,852.18,Paid
1304148,1205101,101526,2023-04-08,Insurance,1346.67,Paid
1304149,1201271,101613,2021-12-08,Insurance,1304.48,Paid
1304150,1203655,100963,2023-07-27,Insurance,1474.22,Paid
1304151,1202591,100294,2023-07-22,Credit Card,670.85,Paid
1304152,1204085,100126,2023-11-26,Insurance,3286.5,Paid
1304153,1201547,100139,2021-07-20,Insurance,985.42,Paid
1304154,1203393,100864,2021-10-09,Insurance,1481.86,Paid
1304155,1205823,100849,2025-09-04,Credit Card,1113.37,Paid
1304156,1205634,101246,2021-08-11,Bank Transfer,1505.78,Paid
1304157,1200371,100108,2023-02-18,Credit Card,657.01,Paid
1304158,1204881,100720,2023-07-23,Insurance,1950.62,Paid
1304159,1205405,102277,2021-07-19,Insurance,1447.2,Paid
1304160,1204696,102041,2025-08-19,Cash,386.48,Paid
1304161,1202552,101832,2021-05-01,Insurance,1318.25,Paid
1304162,1203795,101810,2021-09-05,Insurance,1642.05,Paid
1304163,1201224,101963,2021-08-12,Insurance,1356.9,Paid
1304164,1202054,101698,2024-03-19,Insurance,1877.74,Paid
1304165,1203861,101283,2025-01-07,Insurance,600.29,Paid
1304166,1202100,102387,2024-10-20,Insurance,8783.79,Paid
1304167,1202496,101765,2025-07-06,Credit Card,4438.86,Paid
1304168,1203823,101539,2021-12-22,Insurance,4224.22,Paid
1304169,1201433,100918,2021-09-22,Credit Card,1474.5,Paid
1304170,1201478,101962,2022-10-26,Cash,631.21,Paid
1304171,1204448,101493,2022-07-04,Insurance,887.17,Paid
1304172,1203228,100609,2025-01-17,Insurance,1745.5,Paid
1304173,1205324,100939,2021-11-14,Credit Card,3949.67,Paid
1304174,1200178,102192,2022-04-13,Insurance,2300.53,Paid
1304175,1203448,100208,2021-06-03,Insurance,1507.57,Paid
1304176,1202967,101377,2023-03-03,Insurance,1506.05,Paid
1304177,1201725,101875,2022-02-14,Cash,1651.81,Paid
1304178,1201344,100478,2025-12-03,Insurance,798.74,Paid
1304179,1204186,100461,2025-02-07,Credit Card,3240.25,Paid
1304180,1200202,100179,2022-06-21,Insurance,243.42,Paid
1304181,1204814,102210,2022-09-14,Cash,1215.4,Paid
1304182,1203627,100774,2021-11-12,Insurance,3838.41,Paid
1304183,1204956,100978,2023-01-02,Insurance,3140.75,Paid
1304184,1204355,102469,2022-01-31,Cash,734.73,Paid
1304185,1202526,100598,2021-02-09,Insurance,1089.1,Paid
1304186,1201964,102027,2024-10-01,Insurance,1612.33,Paid
1304187,1201116,101484,2021-10-13,Credit Card,711.35,Paid
1304188,1202091,102437,2025-08-22,Bank Transfer,1646.19,Paid
1304189,1202209,100398,2022-03-27,Credit Card,1390.6,Paid
1304190,1200706,100489,2021-09-02,Insurance,9262.98,Paid
1304191,1203027,102499,2022-12-20,Insurance,1606.74,Paid
1304192,1206170,102309,2024-02-26,Cash,1115.54,Paid
1304193,1201963,100936,2023-11-24,Insurance,1466.46,Paid
1304194,1202544,100892,2025-05-22,Insurance,2786.6,Paid
1304195,1203742,101273,2024-12-27,Credit Card,3344.33,Paid
1304196,1201146,101882,2023-08-12,Insurance,1001.73,Paid
1304197,1203864,100503,2023-09-03,Cash,1488.82,Paid
1304198,1202335,100733,2025-04-07,Insurance,255.8,Pending
1304199,1202856,101174,2025-02-08,Insurance,565.33,Pending
1304200,1204125,100519,2025-06-19,Credit Card,1375.72,Pending
1304201,1200132,101054,2025-11-29,Insurance,902.15,Pending
1304202,1200744,100204,2022-09-06,Insurance,1059.11,Paid
1304203,1203824,100815,2021-10-27,Insurance,2008.16,Refunded
1304204,1203012,101321,2022-03-16,Cash,924.15,Paid
1304205,1202293,102152,2021-01-21,Cash,3128.54,Paid
1304206,1201270,101934,2021-07-16,Insurance,1454.2,Paid
1304207,1204140,101732,2021-04-04,Insurance,3283.96,Paid
1304208,1205474,102003,2022-07-02,Insurance,11041.01,Paid
1304209,1206017,100858,2022-10-19,Cash,679.75,Paid
1304210,1200633,101875,2024-07-26,Bank Transfer,2097.88,Paid
1304211,1201664,100461,2021-02-04,Insurance,2120.44,Paid
1304212,1201145,101649,2022-04-18,Bank Transfer,3753.93,Paid
1304213,1202132,102379,2024-10-31,Insurance,382.1,Paid
1304214,1202498,102206,2025-06-15,Insurance,1519.64,Paid
1304215,1201948,101816,2022-09-01,Insurance,1038.19,Paid
1304216,1203605,101358,2025-11-23,Insurance,971.8,Paid
1304217,1205001,100887,2024-01-15,Insurance,874.37,Paid
1304218,1205341,101816,2025-06-02,Cash,531.2,Paid
1304219,1201820,102294,2024-06-01,Credit Card,1159.67,Pending
1304220,1205931,100724,2022-03-13,Insurance,754.3,Paid
1304221,1204196,100609,2025-02-17,Insurance,877.03,Pending
1304222,1205279,101794,2023-04-10,Bank Transfer,1049.55,Paid
1304223,1203651,101598,2024-10-06,Insurance,904.26,Pending
1304224,1203783,100341,2025-11-23,Insurance,1745.12,Paid
1304225,1203342,101809,2023-04-24,Credit Card,198.97,Paid
1304226,1201538,100104,2023-08-12,Insurance,2159.45,Paid
1304227,1202120,101078,2022-05-18,Cash,1041.98,Pending
1304228,1200004,101253,2025-03-03,Insurance,2508.6,Paid
1304229,1201100,101615,2025-06-11,Cash,880.31,Paid
1304230,1200159,100036,2023-07-26,Insurance,3010.02,Paid
1304231,1201586,100263,2022-09-08,Credit Card,2536.47,Paid
1304232,1203137,101972,2021-07-31,Cash,870.77,Paid
1304233,1203810,100129,2022-03-18,Insurance,1360.14,Pending
1304234,1202090,100998,2023-09-26,Credit Card,2136.09,Paid
1304235,1204743,100374,2025-06-28,Cash,881.7,Paid
1304236,1205467,100575,2022-12-16,Insurance,1896.42,Paid
1304237,1204259,101334,2022-10-22,Credit Card,1731.36,Paid
1304238,1204212,100434,2022-12-21,Credit Card,2478.86,Paid
1304239,1201699,100027,2021-05-29,Cash,5753.48,Paid
1304240,1203579,100614,2021-08-14,Bank Transfer,1020.54,Paid
1304241,1200861,102478,2025-10-18,Insurance,168.51,Pending
1304242,1202654,100529,2021-11-08,Insurance,212.24,Paid
1304243,1205562,101998,2025-09-06,Credit Card,1495.77,Paid
1304244,1202717,102306,2025-08-29,Insurance,1810.02,Paid
1304245,1206015,101833,2024-09-24,Insurance,651.03,Paid
1304246,1204499,100162,2023-07-30,Credit Card,424.95,Paid
1304247,1202644,100221,2024-08-17,Insurance,1843.71,Paid
1304248,1204278,100446,2022-03-11,Insurance,661.45,Paid
1304249,1200354,100071,2024-06-23,Insurance,1936.31,Paid
1304250,1205933,100243,2023-05-07,Bank Transfer,892.72,Paid
1304251,1206117,100086,2024-11-07,Cash,4503.31,Paid
1304252,1205841,102245,2024-03-19,Insurance,4923.99,Paid
1304253,1201138,100389,2024-08-16,Credit Card,1076.57,Paid
1304254,1201628,100170,2023-03-15,Credit Card,2908.8,Paid
1304255,1203303,102216,2024-07-26,Insurance,889.64,Refunded
1304256,1202222,101907,2024-11-25,Insurance,1723.84,Paid
1304257,1204372,102038,2024-10-08,Bank Transfer,902.34,Paid
1304258,1203337,101047,2025-04-12,Insurance,489.89,Paid
1304259,1200852,102003,2024-02-14,Insurance,1152.15,Paid
1304260,1204590,101703,2025-11-16,Credit Card,436.82,Paid
1304261,1204611,101060,2024-09-14,Cash,3596.48,Paid
1304262,1205758,101389,2021-09-23,Credit Card,8032.26,Paid
1304263,1202813,102089,2025-03-17,Bank Transfer,1704.73,Paid
1304264,1201971,100241,2024-01-09,Insurance,532.42,Paid
1304265,1200503,101548,2021-04-24,Insurance,819.26,Paid
1304266,1202020,102299,2021-04-10,Bank Transfer,936.96,Paid
1304267,1204432,100922,2024-04-22,Insurance,1503.47,Paid
1304268,1202349,101812,2021-07-17,Insurance,709.64,Paid
1304269,1201271,101412,2022-06-13,Credit Card,407.88,Paid
1304270,1204078,101548,2024-01-02,Insurance,2461.54,Paid
1304271,1202260,101105,2025-03-05,Insurance,1502.87,Paid
1304272,1202003,100112,2023-02-15,Insurance,7832.7,Paid
1304273,1203252,102319,2024-06-12,Bank Transfer,312.21,Paid
1304274,1201856,101752,2022-02-27,Bank Transfer,1476.8,Paid
1304275,1204720,101258,2023-01-19,Insurance,1169.74,Paid
1304276,1202791,102110,2021-07-30,Insurance,1391.27,Paid
1304277,1204409,101377,2025-02-08,Bank Transfer,767.65,Paid
1304278,1204507,100253,2022-11-09,Credit Card,1079.03,Paid
1304279,1201508,101707,2021-06-11,Insurance,845.89,Paid
1304280,1205350,101178,2024-07-05,Insurance,864.22,Paid
1304281,1201052,102183,2022-11-30,Bank Transfer,527.48,Paid
1304282,1205612,102227,2023-05-13,Insurance,330.49,Paid
1304283,1200654,100612,2024-01-23,Credit Card,444.67,Paid
1304284,1200402,101584,2021-09-20,Insurance,645.83,Paid
1304285,1206132,100140,2023-01-25,Credit Card,671.19,Paid
1304286,1202330,100121,2022-10-06,Credit Card,654.92,Pending
1304287,1202636,100515,2023-02-02,Credit Card,1349.96,Paid
1304288,1201217,100402,2025-03-05,Insurance,1767.67,Paid
1304289,1203702,102330,2024-02-20,Insurance,1520.38,Paid
1304290,1201521,101677,2021-11-13,Credit Card,939.4,Paid
1304291,1204387,101634,2024-09-14,Insurance,1372.82,Paid
1304292,1200128,102041,2024-03-31,Bank Transfer,630.48,Paid
1304293,1202546,100795,2022-06-29,Insurance,679.84,Paid
1304294,1200046,102242,2021-09-03,Insurance,215.2,Pending
1304295,1203765,101954,2022-01-19,Insurance,936.21,Paid
1304296,1204879,100893,2023-12-20,Bank Transfer,4798.37,Paid
1304297,1204491,100357,2025-10-20,Insurance,686.14,Paid
1304298,1201228,100054,2025-08-27,Insurance,1480.52,Paid
1304299,1200488,101522,2021-08-20,Insurance,368.19,Refunded
1304300,1205176,101550,2021-07-25,Insurance,4881.59,Pending
1304301,1201377,100199,2024-01-02,Insurance,2448.79,Paid
1304302,1203760,100958,2023-03-25,Credit Card,362.21,Paid
1304303,1200742,101170,2024-03-13,Cash,306.67,Paid
1304304,1201884,100232,2021-03-30,Credit Card,858.29,Paid
1304305,1205617,101111,2021-06-19,Credit Card,1705.62,Pending
1304306,1205393,101716,2025-09-17,Insurance,599.22,Paid
1304307,1201042,100214,2022-09-06,Insurance,680.88,Paid
1304308,1205635,101304,2021-02-14,Cash,1250.97,Paid
1304309,1201235,101441,2021-02-27,Insurance,848.2,Paid
1304310,1205809,101137,2022-10-08,Credit Card,1077.43,Paid
1304311,1204409,102035,2025-06-08,Insurance,1745.91,Paid
1304312,1204732,100784,2022-11-26,Insurance,3445.1,Pending
1304313,1201899,100279,2025-02-19,Insurance,1380.75,Paid
1304314,1200833,101566,2023-05-20,Cash,1495.03,Paid
1304315,1200370,100293,2021-07-04,Insurance,519.83,Paid
1304316,1204060,102153,2023-03-29,Insurance,1582.43,Paid
1304317,1202669,100166,2025-01-13,Credit Card,3142.89,Paid
1304318,1203016,101765,2023-07-12,Credit Card,1369.3,Paid
1304319,1205045,102408,2021-11-15,Insurance,1679.51,Pending
1304320,1205962,101989,2021-10-29,Cash,2938.24,Paid
1304321,1204495,100599,2021-06-10,Insurance,1164.22,Pending
1304322,1204138,100693,2022-05-08,Insurance,3598.53,Paid
1304323,1200496,101438,2023-03-20,Bank Transfer,2117.36,Paid
1304324,1201922,101085,2025-05-02,Insurance,1425.96,Paid
1304325,1203011,101985,2024-04-20,Insurance,975.24,Paid
1304326,1200552,100993,2021-11-14,Cash,5965.68,Paid
1304327,1205060,102490,2025-10-02,Insurance,3752.65,Pending
1304328,1202036,100539,2023-10-31,Credit Card,6761.91,Paid
1304329,1205074,102324,2022-10-05,Insurance,713.28,Paid
1304330,1203845,101792,2021-04-19,Insurance,719.73,Paid
1304331,1202197,100715,2022-02-15,Insurance,10459.91,Paid
1304332,1200635,102255,2023-05-18,Insurance,495.59,Paid
1304333,1202741,100384,2025-02-13,Credit Card,797.25,Paid
1304334,1200347,101268,2025-08-13,Credit Card,578.81,Paid
1304335,1205790,100159,2021-11-28,Insurance,1519.14,Paid
1304336,1201282,101475,2024-09-26,Insurance,2703.93,Paid
1304337,1204725,100797,2023-08-11,Credit Card,4166.74,Pending
1304338,1200593,100999,2022-07-29,Bank Transfer,682.49,Paid
1304339,1204939,101559,2022-10-04,Insurance,877.62,Paid
1304340,1200613,101153,2023-03-02,Bank Transfer,1810.3,Paid
1304341,1201410,101516,2021-11-14,Cash,983.29,Paid
1304342,1203950,100131,2022-02-14,Bank Transfer,1900.12,Paid
1304343,1201112,101772,2024-06-20,Credit Card,591.52,Paid
1304344,1201983,102127,2022-02-17,Insurance,643.17,Paid
1304345,1200716,100227,2025-12-25,Insurance,445.57,Paid
1304346,1204715,100718,2024-06-18,Insurance,1728.82,Paid
1304347,1203796,100999,2023-11-27,Credit Card,684.22,Paid
1304348,1202450,100268,2023-07-13,Credit Card,450.04,Paid
1304349,1205417,100439,2025-06-04,Credit Card,1620.04,Paid
1304350,1202338,102258,2022-08-23,Credit Card,1359.28,Paid
1304351,1203103,101706,2021-08-04,Insurance,748.82,Paid
1304352,1200478,100062,2022-10-04,Insurance,3044.98,Paid
1304353,1204067,100558,2021-02-02,Insurance,8202.78,Paid
1304354,1204123,101569,2021-03-03,Insurance,354.74,Paid
1304355,1201459,102286,2025-05-10,Insurance,932.04,Paid
1304356,1203627,100783,2022-06-09,Insurance,545.27,Paid
1304357,1202689,101896,2023-08-12,Cash,526.34,Paid
1304358,1201681,101576,2021-09-15,Insurance,2383.96,Paid
1304359,1203780,100746,2023-06-06,Insurance,2259.56,Pending
1304360,1200871,102172,2023-06-18,Insurance,927.03,Paid
1304361,1201762,101488,2024-04-15,Insurance,12407.32,Paid
1304362,1205532,102295,2023-10-16,Insurance,1736.85,Paid
1304363,1203672,101497,2021-08-05,Bank Transfer,2755.32,Paid
1304364,1202899,101322,2021-07-21,Insurance,2557.29,Paid
1304365,1203574,101541,2021-01-13,Insurance,1349.75,Paid
1304366,1202612,100265,2021-12-04,Insurance,1229.94,Refunded
1304367,1201045,100774,2024-01-29,Cash,9118.13,Paid
1304368,1203479,100438,2022-10-08,Insurance,1890.71,Paid
1304369,1204913,101778,2021-04-08,Cash,1450.06,Pending
1304370,1202664,100867,2021-05-07,Insurance,65.83,Paid
1304371,1202383,100168,2025-10-14,Insurance,1131.49,Paid
1304372,1201866,101674,2025-12-04,Cash,667.54,Paid
1304373,1206000,100668,2025-07-08,Insurance,3159.72,Paid
1304374,1205641,100810,2023-09-09,Credit Card,889.27,Paid
1304375,1203254,102381,2021-08-09,Insurance,2732.55,Paid
1304376,1202296,100496,2021-10-05,Insurance,1068.98,Paid
1304377,1205993,101512,2025-03-12,Insurance,4421.0,Paid
1304378,1202060,100201,2024-01-07,Insurance,662.94,Paid
1304379,1201995,100504,2025-10-15,Insurance,762.02,Paid
1304380,1201821,101529,2023-04-22,Insurance,3293.62,Paid
1304381,1203378,102133,2025-08-04,Insurance,691.02,Paid
1304382,1204367,100788,2025-04-18,Bank Transfer,1589.28,Paid
1304383,1203986,102113,2022-05-22,Credit Card,775.68,Paid
1304384,1202008,101043,2023-02-09,Insurance,668.17,Paid
1304385,1204779,101376,2023-10-23,Insurance,1128.38,Paid
1304386,1204224,100091,2025-01-19,Cash,694.45,Paid
1304387,1203965,100453,2022-08-14,Bank Transfer,1321.19,Paid
1304388,1200562,102007,2023-08-19,Credit Card,1279.22,Refunded
1304389,1205549,100169,2021-06-27,Insurance,1479.91,Paid
1304390,1203052,100006,2021-08-31,Insurance,2146.16,Paid
1304391,1203116,100676,2021-04-13,Insurance,685.39,Paid
1304392,1202881,101868,2025-03-05,Insurance,1701.07,Paid
1304393,1204819,102500,2021-11-10,Insurance,1661.61,Refunded
1304394,1202732,100742,2024-05-20,Insurance,569.38,Paid
1304395,1203756,101858,2021-09-10,Credit Card,789.82,Paid
1304396,1204552,101119,2024-06-22,Bank Transfer,1136.72,Pending
1304397,1203083,101917,2022-09-20,Insurance,578.33,Paid
1304398,1205553,101047,2024-05-24,Insurance,702.22,Paid
1304399,1200127,102372,2025-07-17,Cash,1311.28,Paid
1304400,1205043,101504,2024-12-08,Insurance,1802.16,Pending
1304401,1203842,100470,2023-01-10,Insurance,514.26,Paid
1304402,1202427,100497,2021-12-29,Credit Card,329.36,Paid
1304403,1204405,100960,2025-06-06,Insurance,2145.66,Paid
1304404,1200141,101106,2021-07-14,Insurance,2414.47,Paid
1304405,1200527,102254,2025-08-26,Insurance,3134.9,Paid
1304406,1201201,100864,2025-12-19,Insurance,346.98,Paid
1304407,1201610,100216,2021-12-30,Credit Card,1308.36,Pending
1304408,1205908,101563,2021-06-14,Insurance,486.91,Paid
1304409,1204889,101972,2021-07-07,Credit Card,436.05,Paid
1304410,1200525,100500,2021-12-05,Insurance,999.05,Paid
1304411,1201881,101871,2023-03-27,Insurance,1977.68,Paid
1304412,1205645,101254,2024-09-02,Insurance,2598.91,Paid
1304413,1206075,100069,2023-07-20,Insurance,785.91,Paid
1304414,1205250,100070,2022-03-21,Insurance,1511.05,Paid
1304415,1205864,101768,2024-12-23,Insurance,3009.52,Paid
1304416,1203850,100020,2024-05-08,Insurance,608.91,Paid
1304417,1201721,100020,2024-07-14,Insurance,1526.72,Paid
1304418,1203637,101832,2022-07-02,Insurance,2350.94,Paid
1304419,1204584,101959,2025-10-05,Credit Card,1032.92,Paid
1304420,1205812,101090,2021-02-09,Insurance,537.13,Paid
1304421,1203073,101210,2021-05-13,Insurance,1493.68,Paid
1304422,1200598,100049,2022-02-20,Credit Card,2553.56,Paid
1304423,1200359,101114,2024-02-18,Insurance,1209.05,Paid
1304424,1205179,101653,2025-06-08,Bank Transfer,1198.94,Paid
1304425,1205269,101943,2025-06-12,Cash,297.51,Paid
1304426,1201176,101313,2021-04-11,Insurance,1841.69,Paid
1304427,1201663,101955,2021-01-31,Bank Transfer,5740.63,Paid
1304428,1204444,100292,2022-01-26,Credit Card,2059.06,Paid
1304429,1203417,100929,2023-12-28,Credit Card,2332.62,Paid
1304430,1204815,101717,2021-05-03,Credit Card,1079.91,Paid
1304431,1201353,101391,2021-06-30,Credit Card,5134.88,Paid
1304432,1203360,101759,2022-04-29,Insurance,3527.02,Paid
1304433,1201704,100882,2022-01-06,Credit Card,748.33,Paid
1304434,1202530,101497,2022-05-04,Insurance,2223.56,Paid
1304435,1205317,102191,2024-08-11,Bank Transfer,412.99,Paid
1304436,1205327,102072,2025-02-13,Credit Card,8491.76,Paid
1304437,1204879,101636,2023-11-19,Insurance,377.52,Pending
1304438,1202048,102367,2022-09-27,Credit Card,7567.9,Paid
1304439,1202952,100378,2021-11-05,Insurance,857.93,Paid
1304440,1202099,101512,2025-04-08,Insurance,1518.36,Pending
1304441,1202834,102326,2024-07-05,Credit Card,696.07,Paid
1304442,1204266,102161,2022-07-06,Bank Transfer,3742.78,Paid
1304443,1202657,102478,2021-07-19,Insurance,7035.97,Paid
1304444,1205885,100007,2022-03-08,Insurance,4391.46,Paid
1304445,1204919,101277,2023-12-18,Insurance,1136.97,Paid
1304446,1203816,101011,2022-10-05,Insurance,702.12,Paid
1304447,1203507,101683,2022-09-01,Credit Card,1625.25,Paid
1304448,1205330,101869,2021-04-01,Insurance,1684.46,Pending
1304449,1201445,102047,2021-06-05,Insurance,1145.05,Paid
1304450,1200036,102223,2022-03-25,Insurance,2919.89,Refunded
1304451,1200387,100041,2023-11-22,Insurance,2364.89,Paid
1304452,1203990,100132,2021-07-19,Insurance,690.89,Paid
1304453,1200298,102005,2025-10-09,Insurance,1778.24,Paid
1304454,1202882,102258,2022-07-16,Insurance,1716.89,Paid
1304455,1202573,100290,2023-02-02,Insurance,902.72,Paid
1304456,1201782,100105,2023-07-05,Insurance,1385.83,Paid
1304457,1202882,102338,2025-11-04,Insurance,2314.4,Paid
1304458,1200067,101873,2023-03-06,Insurance,862.21,Paid
1304459,1201493,100505,2025-09-03,Insurance,3670.44,Paid
1304460,1205363,100600,2025-03-25,Insurance,447.83,Paid
1304461,1204321,100888,2025-12-24,Insurance,2456.46,Paid
1304462,1200593,100171,2022-01-23,Insurance,5650.31,Refunded
1304463,1202816,101644,2021-06-25,Insurance,2170.67,Paid
1304464,1204077,100034,2024-02-08,Insurance,2252.89,Paid
1304465,1202794,101823,2021-03-20,Bank Transfer,651.49,Paid
1304466,1202279,101311,2022-06-25,Cash,867.5,Paid
1304467,1203387,101338,2021-08-25,Insurance,1700.72,Paid
1304468,1201429,100047,2025-09-02,Insurance,4222.48,Refunded
1304469,1204401,100840,2025-08-05,Cash,12554.82,Paid
1304470,1205669,101810,2025-08-21,Bank Transfer,1710.17,Pending
1304471,1203418,101435,2021-04-28,Cash,1737.32,Paid
1304472,1205058,101148,2025-12-07,Insurance,4654.59,Paid
1304473,1206117,100934,2025-04-08,Credit Card,1332.14,Paid
1304474,1202603,101291,2024-11-28,Cash,5627.91,Pending
1304475,1202035,100677,2024-03-31,Insurance,498.01,Paid
1304476,1204656,101276,2023-09-03,Insurance,966.46,Paid
1304477,1201650,101900,2021-11-19,Credit Card,1315.1,Paid
1304478,1203843,101979,2024-07-06,Insurance,5790.88,Pending
1304479,1202987,102225,2025-11-05,Credit Card,617.39,Paid
1304480,1200353,100612,2025-03-02,Bank Transfer,529.8,Refunded
1304481,1202735,101896,2025-01-14,Cash,7670.04,Paid
1304482,1201702,100583,2025-05-18,Credit Card,6073.06,Paid
1304483,1201385,101267,2023-07-13,Insurance,1701.97,Paid
1304484,1201557,100084,2024-03-16,Insurance,885.36,Paid
1304485,1202152,101304,2023-06-28,Cash,618.72,Paid
1304486,1204078,100295,2023-01-31,Insurance,408.37,Paid
1304487,1205173,101178,2022-06-22,Cash,1247.59,Paid
1304488,1204142,102422,2024-09-15,Insurance,2529.28,Paid
1304489,1200017,101896,2024-12-02,Credit Card,1865.58,Paid
1304490,1204118,100476,2023-01-16,Insurance,330.89,Paid
1304491,1204566,101041,2021-12-23,Insurance,2142.01,Paid
1304492,1204056,102306,2025-05-14,Insurance,761.86,Paid
1304493,1201214,102084,2024-03-19,Insurance,1579.28,Pending
1304494,1205528,102006,2022-02-05,Insurance,684.96,Refunded
1304495,1203182,101268,2025-08-12,Insurance,2641.51,Paid
1304496,1201072,101619,2025-11-28,Insurance,3729.37,Paid
1304497,1201421,100006,2024-01-06,Credit Card,570.52,Paid
1304498,1202033,101168,2022-01-07,Bank Transfer,1044.6,Refunded
1304499,1204808,100771,2025-07-07,Credit Card,192.54,Paid
1304500,1204780,102350,2023-04-28,Cash,832.19,Paid
1304501,1203775,100277,2025-03-20,Credit Card,6542.54,Paid
1304502,1201463,100741,2025-07-20,Bank Transfer,170.68,Paid
1304503,1202351,102193,2023-04-11,Insurance,1085.82,Paid
1304504,1203172,100719,2024-09-24,Credit Card,2183.53,Paid
1304505,1204468,100776,2024-11-02,Credit Card,780.81,Paid
1304506,1205197,100137,2025-11-04,Insurance,945.37,Refunded
1304507,1204800,101566,2025-05-31,Insurance,6963.34,Paid
1304508,1206141,101520,2023-01-01,Insurance,262.66,Paid
1304509,1205066,102204,2024-10-26,Credit Card,836.95,Paid
1304510,1202073,102054,2025-12-09,Credit Card,1171.86,Paid
1304511,1203210,100880,2023-05-26,Insurance,954.62,Paid
1304512,1200599,100408,2025-03-27,Insurance,4488.76,Paid
1304513,1200741,100517,2024-07-11,Bank Transfer,666.73,Paid
1304514,1204193,100541,2023-07-22,Insurance,1172.88,Paid
1304515,1202349,100716,2022-03-25,Insurance,686.46,Paid
1304516,1202422,100385,2024-10-18,Insurance,2943.13,Paid
1304517,1205699,101858,2021-03-06,Credit Card,2248.12,Paid
1304518,1204994,101620,2022-08-20,Credit Card,1934.62,Paid
1304519,1201639,102151,2024-09-12,Cash,1875.79,Paid
1304520,1205875,101562,2021-08-01,Insurance,1014.7,Paid
1304521,1205857,100295,2024-11-01,Insurance,1567.04,Paid
1304522,1201249,101548,2023-11-08,Insurance,933.65,Paid
1304523,1200279,101408,2022-08-05,Insurance,2613.68,Paid
1304524,1201536,100645,2022-06-30,Insurance,1823.6,Paid
1304525,1200428,100066,2023-06-13,Cash,570.59,Paid
1304526,1204238,101970,2024-10-02,Insurance,353.82,Paid
1304527,1201412,102213,2025-05-16,Insurance,1582.62,Paid
1304528,1201888,101431,2022-03-27,Insurance,2517.56,Refunded
1304529,1202428,101116,2021-08-19,Credit Card,840.21,Paid
1304530,1201601,101564,2021-02-09,Insurance,1800.65,Paid
1304531,1200350,101663,2021-04-05,Insurance,1474.0,Paid
1304532,1205826,101205,2021-05-23,Insurance,571.44,Paid
1304533,1202472,102312,2025-03-20,Credit Card,691.55,Pending
1304534,1201880,100496,2025-02-12,Insurance,347.26,Paid
1304535,1202288,100970,2022-02-27,Insurance,1515.79,Paid
1304536,1206040,100664,2021-05-08,Bank Transfer,3145.58,Paid
1304537,1205179,101573,2022-03-08,Insurance,3096.42,Paid
1304538,1201620,102226,2023-05-14,Insurance,696.47,Pending
1304539,1202413,101630,2023-03-28,Credit Card,3600.13,Paid
1304540,1201654,102021,2025-05-22,Insurance,1098.9,Paid
1304541,1201456,101265,2024-10-18,Bank Transfer,2225.04,Paid
1304542,1201752,100233,2023-05-08,Insurance,1539.26,Paid
1304543,1201329,100286,2022-06-25,Insurance,963.47,Paid
1304544,1200987,101439,2022-05-28,Credit Card,451.33,Paid
1304545,1205553,100717,2024-08-18,Insurance,7233.75,Paid
1304546,1204252,100285,2021-07-21,Insurance,2184.17,Paid
1304547,1201571,101807,2022-08-10,Insurance,1162.94,Pending
1304548,1200049,102073,2024-12-18,Insurance,1788.12,Paid
1304549,1201196,102387,2021-08-20,Insurance,1871.02,Paid
1304550,1203814,101198,2025-08-20,Insurance,1516.21,Pending
1304551,1201910,101405,2025-01-21,Insurance,1856.33,Paid
1304552,1201580,102170,2023-01-31,Insurance,5078.79,Paid
1304553,1202571,100499,2024-09-05,Insurance,659.67,Paid
1304554,1202818,101486,2021-09-10,Cash,731.83,Paid
1304555,1204622,100513,2024-07-28,Insurance,3137.58,Paid
1304556,1202517,100180,2022-05-24,Cash,811.48,Paid
1304557,1205031,102333,2023-08-17,Insurance,222.83,Paid
1304558,1203781,100460,2021-05-14,Insurance,5394.54,Paid
1304559,1202092,101572,2022-02-02,Credit Card,2739.32,Paid
1304560,1200141,100089,2021-03-03,Insurance,659.33,Paid
1304561,1200379,102230,2021-04-10,Insurance,1785.71,Paid
1304562,1200330,100357,2023-11-16,Insurance,5245.71,Paid
1304563,1201422,101768,2025-08-18,Insurance,2346.93,Paid
1304564,1206023,100891,2021-07-29,Insurance,1731.01,Paid
1304565,1204605,100880,2021-04-19,Insurance,1028.54,Paid
1304566,1200585,102484,2021-05-22,Insurance,1339.37,Paid
1304567,1202487,100393,2025-09-02,Insurance,2811.72,Refunded
1304568,1205290,100085,2025-12-04,Insurance,1402.15,Refunded
1304569,1205987,100928,2021-12-04,Bank Transfer,3053.69,Paid
1304570,1205702,100010,2022-10-19,Insurance,778.38,Paid
1304571,1201089,100469,2025-06-20,Insurance,782.73,Paid
1304572,1201931,100069,2022-08-23,Credit Card,1407.47,Paid
1304573,1203635,101216,2023-12-12,Insurance,1314.32,Paid
1304574,1200734,100911,2023-11-06,Insurance,3124.2,Paid
1304575,1204140,101046,2022-08-11,Insurance,708.8,Paid
1304576,1203657,102322,2023-08-25,Insurance,1398.37,Paid
1304577,1206197,101146,2024-04-30,Cash,3268.11,Paid
1304578,1202298,100770,2023-10-01,Insurance,895.43,Refunded
1304579,1200950,101782,2021-02-21,Bank Transfer,780.83,Paid
1304580,1204486,101183,2025-11-07,Cash,3769.21,Pending
1304581,1203578,101110,2021-06-25,Insurance,678.21,Paid
1304582,1205560,101605,2023-03-07,Insurance,3720.12,Paid
1304583,1200788,102283,2021-06-29,Insurance,769.33,Paid
1304584,1200876,102074,2022-01-13,Insurance,428.06,Paid
1304585,1204068,101249,2024-08-26,Insurance,365.72,Pending
1304586,1204956,101090,2024-02-16,Insurance,1446.4,Paid
1304587,1203866,100032,2025-10-10,Insurance,731.42,Paid
1304588,1204585,101557,2022-12-13,Insurance,1359.1,Paid
1304589,1201689,102033,2025-06-23,Insurance,3445.03,Pending
1304590,1204199,100955,2021-11-23,Insurance,448.63,Paid
1304591,1200700,100366,2025-07-22,Insurance,4432.33,Paid
1304592,1205316,101075,2022-12-30,Insurance,933.04,Paid
1304593,1205028,102114,2022-12-22,Bank Transfer,606.09,Paid
1304594,1205676,101881,2023-07-13,Credit Card,668.44,Paid
1304595,1205182,100696,2023-10-01,Insurance,5375.86,Paid
1304596,1206125,101571,2024-01-13,Cash,165.28,Paid
1304597,1200903,100891,2023-03-28,Insurance,1020.84,Paid
1304598,1201279,100892,2021-06-08,Credit Card,1364.46,Paid
1304599,1200692,101241,2022-11-02,Insurance,1164.58,Paid
1304600,1205618,100992,2023-05-23,Insurance,239.55,Paid
1304601,1202233,100444,2021-07-09,Cash,3331.03,Paid
1304602,1200654,100063,2025-12-02,Insurance,980.33,Paid
1304603,1203973,100774,2021-01-12,Insurance,1241.34,Paid
1304604,1205122,101581,2021-10-02,Insurance,230.11,Paid
1304605,1205305,102451,2022-06-24,Bank Transfer,535.5,Paid
1304606,1202608,100668,2024-09-23,Credit Card,3680.29,Paid
1304607,1201256,101718,2021-08-04,Insurance,1721.34,Paid
1304608,1203407,100867,2021-09-04,Credit Card,2219.71,Paid
1304609,1205622,101194,2024-04-25,Insurance,1562.08,Paid
1304610,1204913,101607,2021-05-04,Insurance,1846.38,Paid
1304611,1205444,100652,2021-09-12,Bank Transfer,2847.47,Paid
1304612,1200252,100455,2023-09-26,Insurance,535.01,Paid
1304613,1203854,102031,2021-07-01,Insurance,3823.6,Paid
1304614,1201649,102043,2025-01-15,Credit Card,850.27,Paid
1304615,1201131,100011,2024-02-10,Insurance,316.64,Paid
1304616,1200072,100162,2024-06-18,Cash,779.48,Paid
1304617,1205217,101938,2023-09-14,Insurance,559.31,Pending
1304618,1205305,100629,2021-07-14,Bank Transfer,185.52,Paid
1304619,1200614,101753,2025-03-16,Insurance,1192.62,Paid
1304620,1201727,101953,2022-12-27,Insurance,708.28,Pending
1304621,1203721,101857,2022-02-01,Insurance,5483.46,Paid
1304622,1201102,100950,2024-04-17,Bank Transfer,907.46,Paid
1304623,1205997,100868,2022-02-02,Insurance,508.62,Paid
1304624,1201937,102481,2023-06-26,Cash,781.54,Paid
1304625,1205609,102021,2023-01-25,Insurance,2865.53,Paid
1304626,1205602,100705,2021-06-19,Credit Card,869.26,Paid
1304627,1200457,100385,2021-07-30,Insurance,229.85,Paid
1304628,1202022,100210,2025-08-17,Insurance,1847.71,Paid
1304629,1202553,101999,2021-05-02,Insurance,2871.16,Paid
1304630,1203358,100235,2024-09-22,Insurance,612.11,Paid
1304631,1204767,100602,2022-06-13,Credit Card,1752.09,Paid
1304632,1204707,101968,2023-04-07,Insurance,330.51,Paid
1304633,1201588,101869,2022-11-06,Insurance,1322.17,Refunded
1304634,1200717,100784,2023-09-26,Insurance,1300.12,Paid
1304635,1201278,101555,2022-11-15,Insurance,3002.84,Paid
1304636,1202376,101376,2021-07-28,Insurance,862.32,Pending
1304637,1204492,102066,2023-06-17,Credit Card,3476.05,Paid
1304638,1204411,100262,2025-08-11,Insurance,5971.83,Refunded
1304639,1205619,100507,2023-07-11,Credit Card,1077.79,Paid
1304640,1203651,100182,2021-04-26,Insurance,680.16,Paid
1304641,1205420,100614,2025-10-16,Insurance,7164.39,Paid
1304642,1202701,100842,2025-01-27,Bank Transfer,2887.65,Paid
1304643,1204575,101496,2021-12-09,Insurance,2809.4,Paid
1304644,1202792,102277,2023-08-06,Insurance,1023.32,Paid
1304645,1205525,101970,2023-08-09,Insurance,1251.46,Paid
1304646,1204599,102355,2023-07-20,Insurance,570.63,Paid
1304647,1201463,102286,2023-02-02,Insurance,635.53,Paid
1304648,1205817,101256,2021-09-20,Credit Card,799.52,Paid
1304649,1203625,100681,2024-08-09,Insurance,1205.41,Paid
1304650,1200737,100317,2025-02-26,Insurance,4429.95,Paid
1304651,1205417,100377,2021-11-25,Cash,592.45,Paid
1304652,1203484,101952,2024-03-31,Insurance,1450.07,Paid
1304653,1201996,101022,2021-06-09,Insurance,1254.41,Paid
1304654,1205290,101824,2021-05-12,Insurance,2486.89,Paid
1304655,1206075,102217,2025-03-04,Insurance,1249.68,Paid
1304656,1201564,100290,2022-02-05,Credit Card,302.83,Paid
1304657,1204644,100044,2022-03-21,Insurance,1168.6,Paid
1304658,1206139,101132,2023-07-09,Insurance,1616.37,Refunded
1304659,1200696,101801,2023-09-13,Insurance,1614.19,Paid
1304660,1200129,101031,2024-10-22,Insurance,957.85,Refunded
1304661,1203807,102181,2023-11-14,Bank Transfer,1319.1,Paid
1304662,1200616,101070,2021-09-23,Credit Card,1627.5,Paid
1304663,1200873,102186,2021-03-09,Bank Transfer,513.82,Paid
1304664,1201826,100684,2021-10-16,Insurance,493.19,Pending
1304665,1202292,102175,2022-09-13,Credit Card,1504.83,Paid
1304666,1203154,101703,2024-05-03,Insurance,2433.72,Refunded
1304667,1204818,100028,2025-08-16,Insurance,1461.31,Paid
1304668,1200062,101944,2023-03-09,Insurance,5243.53,Paid
1304669,1204367,101823,2022-02-16,Insurance,624.79,Paid
1304670,1204555,102298,2024-12-27,Insurance,1601.05,Pending
1304671,1201050,100117,2025-10-10,Insurance,1879.98,Paid
1304672,1204013,100300,2024-01-04,Insurance,1067.9,Paid
1304673,1201685,101145,2025-06-07,Insurance,6039.95,Paid
1304674,1200766,101731,2023-03-09,Insurance,1628.17,Paid
1304675,1202113,100959,2024-06-20,Insurance,1193.21,Paid
1304676,1201233,100548,2024-10-29,Bank Transfer,1458.09,Paid
1304677,1200009,101040,2021-07-21,Bank Transfer,742.34,Paid
1304678,1204611,100363,2022-05-25,Insurance,726.29,Paid
1304679,1202857,101452,2022-07-21,Credit Card,1090.79,Paid
1304680,1201178,100970,2024-07-30,Credit Card,2160.4,Paid
1304681,1205146,100606,2022-11-10,Cash,2180.94,Pending
1304682,1201017,101551,2025-12-21,Credit Card,4204.07,Pending
1304683,1203282,101049,2023-01-19,Insurance,2980.56,Pending
1304684,1201828,100766,2025-04-08,Cash,658.74,Paid
1304685,1201799,100150,2023-05-15,Insurance,407.23,Paid
1304686,1204958,100900,2022-07-10,Insurance,2264.01,Paid
1304687,1201355,100215,2022-07-18,Insurance,1193.7,Paid
1304688,1205709,100576,2023-11-11,Credit Card,1414.1,Paid
1304689,1204840,102051,2025-11-07,Credit Card,2739.98,Paid
1304690,1201931,100522,2025-12-27,Credit Card,673.35,Paid
1304691,1200700,100764,2022-11-28,Insurance,438.41,Paid
1304692,1203818,100114,2025-11-04,Insurance,2449.07,Paid
1304693,1201127,101548,2025-07-05,Insurance,2554.32,Paid
1304694,1205649,101894,2024-03-27,Credit Card,1443.68,Paid
1304695,1202861,101877,2025-07-06,Insurance,1288.82,Paid
1304696,1200216,100580,2024-05-28,Insurance,734.48,Paid
1304697,1204913,100095,2024-10-13,Credit Card,948.22,Paid
1304698,1202492,100116,2022-09-07,Insurance,1336.74,Paid
1304699,1204100,101347,2022-07-09,Insurance,244.98,Paid
1304700,1203273,102328,2023-04-17,Insurance,3330.75,Refunded
1304701,1201218,100225,2024-01-09,Insurance,1527.04,Paid
1304702,1203556,102467,2021-06-06,Insurance,992.0,Refunded
1304703,1204483,102359,2021-09-22,Insurance,452.22,Paid
1304704,1203022,100068,2022-07-27,Insurance,1321.32,Paid
1304705,1204026,101298,2023-05-25,Insurance,1546.21,Paid
1304706,1206113,100704,2024-04-16,Insurance,2102.32,Paid
1304707,1202864,100763,2024-05-06,Credit Card,1931.09,Paid
1304708,1204206,102167,2021-12-04,Insurance,1515.43,Refunded
1304709,1200389,101953,2023-12-21,Insurance,227.17,Paid
1304710,1201315,100279,2025-04-10,Credit Card,2257.27,Paid
1304711,1204841,101532,2024-07-19,Insurance,3699.66,Paid
1304712,1205722,101575,2025-10-25,Insurance,698.72,Paid
1304713,1204347,100143,2022-08-20,Credit Card,669.18,Paid
1304714,1205020,102329,2025-09-10,Insurance,1270.26,Paid
1304715,1200081,100497,2023-10-12,Insurance,1686.66,Paid
1304716,1202026,100778,2023-09-06,Credit Card,2162.97,Paid
1304717,1201177,101684,2023-05-21,Credit Card,722.29,Paid
1304718,1203921,100990,2024-08-13,Insurance,1941.41,Paid
1304719,1204572,102359,2023-08-18,Insurance,1989.32,Paid
1304720,1204265,100679,2025-01-27,Bank Transfer,2767.42,Paid
1304721,1205427,102195,2021-12-12,Insurance,2388.31,Paid
1304722,1200029,101607,2024-05-17,Credit Card,1646.35,Pending
1304723,1203322,101262,2023-04-30,Cash,1930.7,Paid
1304724,1203742,100131,2024-11-28,Insurance,18285.73,Paid
1304725,1205699,101369,2023-01-30,Insurance,528.1,Paid
1304726,1205824,100377,2022-03-14,Insurance,1438.89,Pending
1304727,1206200,100372,2024-05-27,Insurance,7644.44,Pending
1304728,1201056,102493,2023-05-10,Cash,1250.36,Paid
1304729,1202465,101077,2024-12-29,Credit Card,2950.33,Paid
1304730,1202369,100662,2025-11-10,Insurance,652.0,Pending
1304731,1205955,101394,2022-01-18,Insurance,289.35,Paid
1304732,1205425,102003,2025-12-12,Insurance,1651.11,Paid
1304733,1200866,102117,2021-07-20,Insurance,478.45,Paid
1304734,1202688,102198,2021-05-09,Insurance,7776.87,Paid
1304735,1203936,101033,2024-06-20,Insurance,13639.76,Paid
1304736,1202356,101029,2023-12-09,Insurance,3783.15,Paid
1304737,1200752,100104,2025-11-20,Credit Card,2513.44,Paid
1304738,1200947,100042,2021-04-30,Bank Transfer,335.56,Pending
1304739,1202853,100106,2021-01-10,Credit Card,1304.79,Paid
1304740,1201387,102035,2025-12-27,Bank Transfer,18684.36,Paid
1304741,1205766,100641,2022-12-05,Insurance,1409.15,Paid
1304742,1201632,100922,2023-09-06,Credit Card,1085.94,Paid
1304743,1205021,101757,2021-06-26,Insurance,741.62,Paid
1304744,1202891,100525,2022-06-10,Insurance,637.17,Pending
1304745,1200672,100795,2025-11-16,Insurance,2009.34,Paid
1304746,1200886,100627,2025-10-14,Credit Card,329.53,Paid
1304747,1201106,101073,2025-02-01,Bank Transfer,800.87,Paid
1304748,1201792,100008,2021-03-11,Insurance,1368.07,Paid
1304749,1204057,100032,2022-04-17,Credit Card,1116.91,Paid
1304750,1201124,100548,2025-08-14,Insurance,5692.99,Paid
1304751,1202308,101179,2022-02-27,Insurance,3189.13,Paid
1304752,1200630,100036,2021-07-21,Credit Card,192.32,Paid
1304753,1205175,100167,2023-03-15,Insurance,487.22,Paid
1304754,1202747,100497,2024-06-25,Insurance,1872.47,Refunded
1304755,1202607,101845,2023-11-05,Insurance,1622.61,Paid
1304756,1204421,100572,2021-02-27,Insurance,7434.78,Paid
1304757,1205174,100036,2024-07-01,Insurance,704.59,Paid
1304758,1201500,100248,2023-10-20,Insurance,1668.72,Paid
1304759,1201049,101140,2023-12-17,Insurance,4522.44,Pending
1304760,1203768,100155,2024-12-05,Insurance,1367.87,Paid
1304761,1204027,101829,2023-09-27,Credit Card,1155.06,Paid
1304762,1201086,100347,2025-07-05,Insurance,2965.83,Refunded
1304763,1206121,100435,2022-11-21,Insurance,1564.51,Paid
1304764,1200455,101311,2023-01-04,Insurance,1143.12,Paid
1304765,1204305,100411,2021-03-01,Insurance,2366.82,Paid
1304766,1205674,102136,2025-09-27,Insurance,543.51,Paid
1304767,1204333,102200,2024-11-03,Insurance,1261.96,Paid
1304768,1201585,100515,2025-07-25,Insurance,1035.26,Paid
1304769,1204021,101258,2025-08-26,Bank Transfer,2136.86,Paid
1304770,1200105,102034,2021-03-07,Insurance,3472.06,Paid
1304771,1203733,102074,2024-12-21,Insurance,707.65,Paid
1304772,1206188,101279,2023-12-16,Credit Card,2188.57,Paid
1304773,1203307,101649,2025-07-25,Insurance,735.25,Paid
1304774,1200169,100952,2023-06-29,Insurance,5015.31,Pending
1304775,1205501,102484,2025-02-07,Credit Card,2375.87,Paid
1304776,1202790,101859,2024-11-10,Insurance,767.52,Paid
1304777,1204831,100101,2022-10-09,Cash,706.93,Paid
1304778,1204836,100918,2025-10-16,Insurance,1539.11,Refunded
1304779,1201225,102197,2024-12-09,Insurance,1481.67,Paid
1304780,1206013,101035,2024-08-17,Credit Card,1716.61,Paid
1304781,1202303,100671,2024-08-07,Insurance,2049.71,Paid
1304782,1201221,100866,2024-07-15,Insurance,1219.86,Paid
1304783,1203295,100932,2025-10-08,Insurance,733.67,Paid
1304784,1201479,100029,2022-12-04,Bank Transfer,1551.04,Paid
1304785,1205123,101345,2021-08-20,Insurance,1282.27,Paid
1304786,1201481,101417,2022-11-14,Bank Transfer,2957.75,Paid
1304787,1205393,100303,2023-07-15,Insurance,1191.01,Paid
1304788,1205809,101262,2021-12-25,Credit Card,1351.46,Paid
1304789,1203900,100154,2023-10-13,Bank Transfer,845.75,Refunded
1304790,1201793,102122,2023-10-28,Insurance,549.93,Paid
1304791,1201509,101950,2024-12-20,Credit Card,1339.95,Paid
1304792,1205722,100755,2021-11-29,Bank Transfer,3370.19,Paid
1304793,1205922,100899,2022-06-21,Insurance,2970.58,Paid
1304794,1200765,100783,2022-11-23,Cash,1880.51,Paid
1304795,1201851,100721,2025-06-16,Insurance,6465.38,Paid
1304796,1204234,100994,2021-03-13,Insurance,955.44,Paid
1304797,1203671,100349,2022-08-11,Insurance,1549.82,Paid
1304798,1200669,101318,2022-07-04,Insurance,393.57,Paid
1304799,1202954,102168,2024-12-01,Insurance,921.47,Paid
1304800,1202941,101073,2021-04-30,Credit Card,10399.22,Pending
1304801,1201787,100857,2024-06-23,Cash,1661.93,Paid
1304802,1202091,102445,2022-04-16,Insurance,345.69,Paid
1304803,1203488,101282,2023-07-19,Insurance,1430.92,Paid
1304804,1204325,102487,2025-01-20,Insurance,319.7,Pending
1304805,1205221,100589,2022-08-18,Bank Transfer,5144.63,Paid
1304806,1203876,101571,2023-02-26,Insurance,2080.68,Paid
1304807,1204768,101235,2021-02-12,Insurance,1562.57,Pending
1304808,1202543,102186,2021-07-21,Insurance,979.82,Paid
1304809,1205560,100427,2021-08-30,Insurance,591.46,Paid
1304810,1203580,101596,2025-07-31,Insurance,12844.37,Paid
1304811,1200324,101513,2025-10-27,Bank Transfer,3175.79,Paid
1304812,1201688,100429,2021-10-04,Insurance,11005.42,Paid
1304813,1204238,101335,2025-04-24,Insurance,1130.41,Paid
1304814,1205622,101880,2022-04-12,Insurance,1617.71,Paid
1304815,1202662,100172,2021-02-12,Insurance,2905.71,Paid
1304816,1206019,100676,2023-08-12,Insurance,750.54,Paid
1304817,1204289,100114,2024-08-27,Insurance,673.83,Paid
1304818,1203695,100091,2024-05-22,Credit Card,1456.95,Paid
1304819,1203261,101743,2023-06-18,Insurance,944.07,Paid
1304820,1202608,101657,2025-06-06,Insurance,182.99,Paid
1304821,1202346,102134,2023-08-14,Insurance,530.21,Paid
1304822,1205719,100123,2024-11-10,Insurance,901.39,Paid
1304823,1202941,101670,2023-11-27,Insurance,1166.22,Paid
1304824,1204820,102343,2025-02-16,Insurance,456.2,Paid
1304825,1202895,101419,2024-01-24,Credit Card,2252.3,Paid
1304826,1206166,100932,2021-04-05,Insurance,1017.39,Pending
1304827,1204364,102433,2022-04-09,Insurance,471.75,Pending
1304828,1204250,101627,2024-06-24,Insurance,1268.4,Paid
1304829,1202002,102239,2023-03-26,Insurance,1383.6,Paid
1304830,1204397,102070,2023-02-11,Insurance,712.19,Paid
1304831,1203847,101096,2025-11-04,Insurance,600.76,Paid
1304832,1204101,100510,2024-11-17,Bank Transfer,1602.59,Refunded
1304833,1205422,101289,2023-09-21,Cash,2648.78,Paid
1304834,1202491,102015,2023-02-18,Insurance,3284.21,Paid
1304835,1200914,102313,2025-05-22,Credit Card,3201.73,Paid
1304836,1206145,101936,2022-09-14,Insurance,496.11,Paid
1304837,1205592,100448,2021-12-18,Cash,656.05,Paid
1304838,1206168,100398,2021-12-10,Bank Transfer,116.34,Paid
1304839,1205159,101550,2022-12-17,Insurance,1302.33,Paid
1304840,1203807,100471,2023-11-18,Bank Transfer,703.09,Paid
1304841,1205329,101357,2022-10-02,Insurance,818.89,Paid
1304842,1201959,101212,2025-06-15,Credit Card,2144.3,Paid
1304843,1202419,102291,2024-09-23,Cash,390.38,Paid
1304844,1203595,101189,2025-05-06,Insurance,617.4,Paid
1304845,1205229,101899,2022-04-15,Insurance,6969.02,Paid
1304846,1201984,101004,2022-12-29,Credit Card,623.44,Paid
1304847,1202315,101682,2022-04-07,Credit Card,897.01,Paid
1304848,1204147,101054,2024-06-21,Cash,3357.3,Paid
1304849,1205339,102085,2021-05-29,Bank Transfer,6302.67,Paid
1304850,1201531,101316,2024-10-20,Credit Card,1140.82,Paid
1304851,1204369,100813,2021-07-14,Insurance,846.88,Paid
1304852,1203981,101016,2022-01-24,Insurance,5096.3,Paid
1304853,1204810,101592,2025-02-10,Bank Transfer,716.55,Paid
1304854,1202326,101907,2025-08-15,Insurance,126.58,Paid
1304855,1200779,100563,2023-04-11,Bank Transfer,942.42,Paid
1304856,1200795,102302,2025-01-08,Insurance,1782.57,Paid
1304857,1203314,101198,2021-04-12,Insurance,4990.42,Paid
1304858,1203010,100573,2024-11-03,Insurance,520.7,Paid
1304859,1203281,101601,2024-04-07,Cash,6908.76,Paid
1304860,1201197,102333,2021-08-03,Insurance,444.53,Paid
1304861,1200898,101616,2021-05-02,Insurance,1008.44,Paid
1304862,1201310,101812,2025-09-26,Credit Card,1497.4,Pending
1304863,1205397,100807,2024-11-13,Credit Card,917.72,Paid
1304864,1200985,101151,2022-02-20,Bank Transfer,1073.7,Refunded
1304865,1205344,100056,2023-02-25,Bank Transfer,1216.04,Paid
1304866,1200610,100513,2021-04-08,Cash,2481.4,Paid
1304867,1202530,101207,2024-02-10,Insurance,158.45,Paid
1304868,1200640,101372,2023-05-01,Insurance,3764.01,Paid
1304869,1200257,100003,2022-10-17,Insurance,1235.85,Paid
1304870,1201362,102129,2022-06-24,Cash,1303.27,Paid
1304871,1201048,100497,2024-05-29,Credit Card,3111.32,Paid
1304872,1205443,101184,2021-05-14,Insurance,396.7,Paid
1304873,1201089,101376,2023-02-25,Insurance,4937.37,Pending
1304874,1206011,101451,2024-01-26,Insurance,1022.89,Pending
1304875,1206054,101533,2023-11-02,Insurance,1039.46,Paid
1304876,1200650,100126,2024-04-05,Insurance,1347.13,Paid
1304877,1201694,100559,2024-09-19,Insurance,628.92,Paid
1304878,1205238,100551,2022-05-26,Insurance,910.0,Paid
1304879,1204859,100301,2021-03-01,Bank Transfer,1663.85,Paid
1304880,1205433,101745,2022-05-06,Insurance,1632.08,Paid
1304881,1205061,100176,2022-10-08,Cash,267.04,Paid
1304882,1202470,101409,2025-11-05,Bank Transfer,8585.46,Pending
1304883,1203900,101726,2021-09-13,Insurance,2683.25,Paid
1304884,1206158,102474,2025-06-05,Insurance,1120.2,Paid
1304885,1200849,100065,2025-11-22,Bank Transfer,2221.83,Paid
1304886,1201471,101487,2022-05-14,Cash,2627.62,Paid
1304887,1201707,100719,2023-12-23,Cash,15919.26,Paid
1304888,1202003,100022,2025-06-21,Insurance,1605.38,Pending
1304889,1205513,100644,2023-04-19,Insurance,785.37,Paid
1304890,1203635,101041,2023-11-22,Insurance,561.19,Paid
1304891,1202867,100947,2022-08-18,Credit Card,813.6,Paid
1304892,1202525,100061,2024-07-13,Insurance,435.05,Paid
1304893,1203168,101785,2024-07-22,Insurance,465.12,Paid
1304894,1201566,102494,2021-10-19,Insurance,1740.42,Paid
1304895,1204913,100376,2022-05-03,Insurance,330.09,Pending
1304896,1205101,100009,2025-02-07,Insurance,479.36,Paid
1304897,1203669,100441,2025-11-12,Insurance,1346.23,Paid
1304898,1201315,100489,2022-06-13,Insurance,3843.7,Refunded
1304899,1204766,100028,2025-11-26,Insurance,2494.9,Paid
1304900,1204890,100310,2022-06-07,Insurance,2086.56,Paid
1304901,1200712,100141,2025-02-11,Cash,833.62,Paid
1304902,1205484,100588,2024-06-04,Insurance,469.23,Paid
1304903,1204962,102214,2024-06-19,Insurance,5786.44,Paid
1304904,1204218,102403,2025-09-20,Insurance,676.1,Paid
1304905,1203440,101538,2023-03-04,Insurance,6862.47,Paid
1304906,1202013,101258,2021-11-12,Cash,436.79,Refunded
1304907,1204520,101795,2024-11-21,Bank Transfer,1087.66,Paid
1304908,1204813,100617,2024-08-30,Insurance,893.73,Paid
1304909,1205064,101019,2021-02-28,Insurance,1387.23,Paid
1304910,1202310,100577,2024-10-05,Insurance,756.91,Paid
1304911,1201195,100496,2022-03-23,Insurance,526.65,Paid
1304912,1205962,101516,2024-10-10,Insurance,823.0,Pending
1304913,1203898,101245,2022-10-29,Credit Card,2776.16,Paid
1304914,1205722,101528,2022-09-16,Insurance,1624.1,Paid
1304915,1200781,101370,2022-08-18,Insurance,1995.95,Paid
1304916,1202163,101027,2024-04-26,Insurance,414.4,Pending
1304917,1204803,102065,2022-12-23,Credit Card,1292.77,Pending
1304918,1204113,101934,2024-08-27,Insurance,772.6,Paid
1304919,1205366,100257,2023-07-26,Insurance,389.66,Paid
1304920,1200510,102341,2021-10-11,Insurance,1078.08,Paid
1304921,1203442,101935,2022-06-25,Insurance,976.36,Paid
1304922,1202638,100513,2021-10-12,Credit Card,1364.42,Paid
1304923,1202007,100124,2024-07-06,Insurance,719.06,Paid
1304924,1202696,101851,2025-10-03,Credit Card,1737.33,Paid
1304925,1203355,100244,2022-09-15,Insurance,3009.95,Paid
1304926,1205640,100791,2024-08-23,Cash,2178.85,Paid
1304927,1203932,102192,2025-06-15,Insurance,3453.6,Refunded
1304928,1202029,100222,2022-06-29,Insurance,1143.77,Paid
1304929,1204200,102064,2021-12-03,Insurance,730.99,Paid
1304930,1202752,101628,2025-10-01,Bank Transfer,754.52,Paid
1304931,1201801,101548,2022-09-14,Insurance,997.5,Paid
1304932,1206024,100274,2023-10-15,Insurance,338.52,Paid
1304933,1205423,102149,2024-05-24,Credit Card,1249.58,Paid
1304934,1203862,101922,2024-02-06,Cash,1878.11,Paid
1304935,1203977,100051,2023-05-05,Insurance,6514.34,Paid
1304936,1200443,102299,2023-06-29,Insurance,766.0,Paid
1304937,1204037,100503,2023-08-02,Credit Card,438.56,Paid
1304938,1203384,100358,2023-02-10,Insurance,1568.78,Paid
1304939,1204958,102461,2024-07-03,Insurance,1796.53,Paid
1304940,1202823,101985,2022-10-18,Insurance,8362.12,Paid
1304941,1202312,100624,2025-08-04,Bank Transfer,2219.58,Paid
1304942,1205839,100528,2025-09-25,Insurance,4276.31,Paid
1304943,1204051,102320,2025-10-31,Insurance,3381.47,Paid
1304944,1202291,100261,2022-02-18,Insurance,2191.91,Paid
1304945,1204134,101106,2025-08-04,Credit Card,1273.61,Paid
1304946,1200343,102182,2023-09-09,Insurance,3720.25,Paid
1304947,1203463,102130,2021-01-01,Insurance,1149.95,Paid
1304948,1203630,101620,2023-04-11,Insurance,2474.52,Paid
1304949,1205592,102001,2022-05-06,Cash,464.54,Paid
1304950,1201384,102140,2025-06-15,Insurance,712.42,Paid
1304951,1204373,102335,2021-07-22,Insurance,2398.21,Paid
1304952,1201174,100947,2022-10-25,Insurance,1774.92,Paid
1304953,1203815,101956,2024-04-12,Bank Transfer,833.98,Refunded
1304954,1205111,100911,2025-05-14,Insurance,1329.23,Paid
1304955,1204632,101954,2024-01-06,Credit Card,8125.73,Paid
1304956,1200838,100165,2023-10-19,Insurance,771.57,Paid
1304957,1200096,101871,2022-09-08,Insurance,855.98,Paid
1304958,1205036,101326,2024-05-31,Insurance,7249.66,Paid
1304959,1200260,100455,2021-12-02,Insurance,2157.87,Paid
1304960,1203524,101327,2025-06-19,Credit Card,2096.52,Paid
1304961,1202952,100025,2025-06-17,Insurance,1847.59,Paid
1304962,1204895,100447,2023-05-25,Credit Card,1476.68,Pending
1304963,1204347,102341,2021-07-23,Bank Transfer,3801.52,Paid
1304964,1203861,101139,2022-08-24,Insurance,976.18,Paid
1304965,1200268,100353,2023-12-31,Credit Card,7694.53,Pending
1304966,1203571,100478,2023-09-19,Credit Card,477.76,Paid
1304967,1203335,100015,2021-12-11,Bank Transfer,2320.46,Paid
1304968,1205940,101197,2022-03-20,Insurance,7583.06,Paid
1304969,1205651,102037,2023-01-04,Credit Card,480.65,Paid
1304970,1200718,100881,2023-08-28,Credit Card,751.29,Paid
1304971,1203469,101397,2023-06-21,Bank Transfer,1207.27,Paid
1304972,1203802,100623,2025-03-17,Insurance,5121.25,Paid
1304973,1200037,100576,2022-07-29,Bank Transfer,922.83,Paid
1304974,1202735,102223,2021-10-17,Insurance,1342.56,Paid
1304975,1204025,102387,2024-07-21,Insurance,971.74,Paid
1304976,1200326,102416,2021-04-05,Insurance,765.17,Paid
1304977,1205583,101689,2024-04-09,Credit Card,1106.52,Paid
1304978,1200419,100967,2023-09-21,Insurance,951.15,Paid
1304979,1200678,101202,2025-06-25,Credit Card,1554.82,Paid
1304980,1202793,101153,2024-11-24,Insurance,4137.26,Paid
1304981,1202494,100577,2024-08-09,Credit Card,1932.13,Paid
1304982,1203214,101257,2025-05-24,Credit Card,1124.51,Paid
1304983,1202069,101976,2021-08-12,Cash,977.36,Pending
1304984,1204971,100837,2021-11-17,Credit Card,779.15,Paid
1304985,1205647,101069,2022-07-31,Insurance,997.56,Paid
1304986,1202163,102067,2023-09-04,Insurance,496.89,Paid
1304987,1200443,100014,2025-02-15,Credit Card,696.1,Paid
1304988,1205817,100440,2024-03-13,Insurance,5105.2,Paid
1304989,1201208,101333,2021-12-07,Insurance,7301.57,Paid
1304990,1202861,100324,2024-07-03,Insurance,2576.77,Paid
1304991,1200743,102059,2024-04-04,Credit Card,3302.41,Pending
1304992,1200500,101521,2021-02-22,Insurance,239.65,Paid
1304993,1204668,100451,2024-04-08,Credit Card,10922.7,Paid
1304994,1205746,100028,2021-04-12,Insurance,2123.99,Paid
1304995,1205611,101915,2021-09-05,Insurance,822.76,Paid
1304996,1202242,100048,2024-03-16,Credit Card,2553.96,Paid
1304997,1201331,100824,2022-11-27,Insurance,1596.69,Paid
1304998,1202429,100432,2023-01-05,Insurance,943.14,Paid
1304999,1203557,101170,2022-07-24,Credit Card,3975.79,Paid
1305000,1200490,100585,2025-05-10,Insurance,3149.61,Paid
1305001,1204514,102415,2021-02-04,Insurance,1894.9,Paid
1305002,1204812,102106,2023-10-13,Insurance,710.5,Paid
1305003,1201635,100942,2021-10-22,Insurance,1625.78,Paid
1305004,1202573,101670,2025-04-29,Credit Card,1264.7,Paid
1305005,1201432,100041,2024-01-07,Insurance,1809.23,Paid
1305006,1203587,101395,2025-08-15,Insurance,3312.36,Paid
1305007,1200612,102297,2024-10-29,Insurance,987.25,Paid
1305008,1205677,100747,2022-06-01,Credit Card,1397.94,Paid
1305009,1203066,100752,2025-10-31,Insurance,1740.01,Paid
1305010,1202876,100621,2025-01-15,Insurance,1747.24,Paid
1305011,1205553,100002,2023-02-22,Insurance,1214.7,Paid
1305012,1201747,102173,2022-04-22,Cash,868.44,Paid
1305013,1205635,101494,2025-01-14,Insurance,2926.65,Paid
1305014,1202426,101159,2024-10-06,Insurance,1895.9,Pending
1305015,1205513,100766,2022-11-19,Insurance,896.81,Paid
1305016,1203415,102115,2022-02-09,Insurance,1615.55,Paid
1305017,1202698,101216,2022-09-22,Insurance,997.4,Paid
1305018,1201782,101507,2022-04-12,Credit Card,960.37,Paid
1305019,1200787,102017,2024-08-08,Bank Transfer,591.61,Paid
1305020,1201136,101501,2021-04-25,Bank Transfer,888.52,Paid
1305021,1203057,101231,2021-04-10,Insurance,1355.99,Paid
1305022,1202199,101128,2023-08-12,Insurance,2682.28,Paid
1305023,1200944,100291,2024-12-02,Insurance,1180.24,Paid
1305024,1203597,100539,2024-01-27,Insurance,5294.68,Paid
1305025,1200456,101929,2025-06-23,Cash,2455.43,Paid
1305026,1203076,100765,2023-02-11,Credit Card,462.12,Paid
1305027,1204386,100547,2023-09-19,Insurance,1463.2,Pending
1305028,1201954,101601,2024-02-04,Insurance,3804.17,Paid
1305029,1203611,100308,2024-05-10,Credit Card,829.49,Paid
1305030,1201242,101468,2024-05-13,Credit Card,590.56,Paid
1305031,1200759,102363,2025-03-26,Insurance,837.94,Paid
1305032,1205984,101062,2022-02-14,Bank Transfer,821.5,Paid
1305033,1204770,101975,2025-04-27,Insurance,916.83,Paid
1305034,1205375,101397,2022-06-11,Cash,567.2,Paid
1305035,1205843,101438,2024-08-24,Bank Transfer,293.38,Paid
1305036,1205047,100420,2021-02-20,Cash,911.53,Paid
1305037,1204837,101881,2021-06-14,Credit Card,2124.88,Paid
1305038,1202071,102037,2023-03-18,Bank Transfer,1456.02,Paid
1305039,1203127,102383,2022-10-23,Insurance,874.33,Paid
1305040,1203760,101949,2025-12-10,Credit Card,716.85,Paid
1305041,1202015,101905,2024-12-17,Insurance,2168.84,Paid
1305042,1202851,101861,2024-02-19,Credit Card,3162.43,Paid
1305043,1203934,102212,2022-04-30,Insurance,2903.27,Paid
1305044,1200081,100916,2022-11-06,Insurance,4250.43,Paid
1305045,1201725,100618,2025-02-16,Insurance,2046.15,Paid
1305046,1202009,102339,2023-09-19,Credit Card,897.08,Paid
1305047,1203052,102052,2022-05-16,Insurance,686.38,Paid
1305048,1201092,100031,2021-07-16,Insurance,366.45,Paid
1305049,1200287,102353,2025-11-13,Insurance,2503.84,Paid
1305050,1204228,101545,2021-02-22,Insurance,3957.59,Paid
1305051,1201092,101113,2022-05-07,Bank Transfer,1379.46,Paid
1305052,1205934,101002,2024-01-08,Insurance,1976.04,Paid
1305053,1205802,101163,2023-12-24,Insurance,2263.01,Paid
1305054,1200604,102013,2025-02-01,Insurance,1223.83,Paid
1305055,1203935,100259,2022-06-29,Insurance,892.96,Paid
1305056,1203078,100633,2024-06-29,Credit Card,929.61,Paid
1305057,1201202,101960,2024-06-22,Insurance,1465.27,Paid
1305058,1202009,100190,2022-08-26,Insurance,3127.28,Paid
1305059,1201135,102234,2024-09-23,Insurance,1676.88,Pending
1305060,1203429,101558,2024-03-07,Insurance,2659.36,Paid
1305061,1204015,101407,2023-08-26,Insurance,893.79,Paid
1305062,1206006,102331,2023-07-09,Bank Transfer,300.91,Paid
1305063,1203249,100493,2021-08-13,Insurance,2178.92,Paid
1305064,1202732,101793,2022-05-08,Credit Card,447.45,Refunded
1305065,1201685,101453,2024-07-13,Insurance,3809.61,Paid
1305066,1204981,101629,2023-11-23,Insurance,2681.67,Paid
1305067,1202725,100188,2024-09-05,Credit Card,3676.77,Paid
1305068,1205627,101052,2025-10-04,Insurance,2111.93,Paid
1305069,1206013,101945,2025-06-03,Insurance,1005.12,Paid
1305070,1201133,100308,2023-11-04,Cash,2430.03,Paid
1305071,1203909,101079,2022-03-27,Credit Card,1806.57,Paid
1305072,1205608,100316,2021-08-10,Insurance,3104.59,Refunded
1305073,1204315,102279,2025-04-06,Bank Transfer,1789.22,Paid
1305074,1200052,100108,2021-05-08,Cash,861.33,Paid
1305075,1200723,101645,2024-04-04,Insurance,1421.7,Paid
1305076,1201373,100441,2023-05-24,Credit Card,3521.13,Paid
1305077,1204325,100828,2025-03-04,Credit Card,411.83,Paid
1305078,1203678,101494,2021-04-26,Insurance,1856.61,Paid
1305079,1205569,100257,2022-10-29,Insurance,1533.54,Paid
1305080,1201812,102435,2022-03-27,Credit Card,2505.5,Paid
1305081,1204043,102449,2021-08-19,Bank Transfer,388.44,Paid
1305082,1204722,100488,2021-04-13,Cash,3851.62,Paid
1305083,1204371,100824,2023-01-16,Insurance,2335.79,Paid
1305084,1202796,100798,2022-09-24,Insurance,2153.51,Paid
1305085,1206015,101174,2021-05-24,Insurance,1893.83,Pending
1305086,1201766,101883,2025-07-20,Credit Card,861.22,Paid
1305087,1205301,100566,2023-02-17,Credit Card,934.13,Paid
1305088,1205341,102428,2021-04-16,Bank Transfer,796.13,Pending
1305089,1200492,101855,2022-11-04,Insurance,1818.94,Paid
1305090,1206133,101208,2023-09-14,Insurance,1660.0,Paid
1305091,1201160,100508,2022-10-24,Insurance,728.12,Paid
1305092,1204567,101206,2022-06-12,Credit Card,1732.77,Paid
1305093,1201543,102172,2025-01-02,Insurance,1692.66,Paid
1305094,1203439,101564,2025-04-06,Insurance,338.31,Paid
1305095,1201659,101665,2022-09-27,Credit Card,328.19,Paid
1305096,1201553,102120,2024-10-22,Insurance,1674.17,Paid
1305097,1200952,100470,2025-02-07,Insurance,801.91,Paid
1305098,1202331,100552,2024-05-24,Insurance,451.73,Paid
1305099,1200080,101019,2023-12-02,Bank Transfer,954.32,Paid
1305100,1205965,100216,2025-06-28,Cash,2174.1,Paid
1305101,1203960,100542,2022-11-05,Insurance,2736.55,Paid
1305102,1204309,102052,2025-03-09,Cash,3861.42,Pending
1305103,1204536,100661,2022-07-07,Insurance,906.76,Paid
1305104,1202340,102042,2023-04-25,Credit Card,1241.19,Paid
1305105,1202601,100518,2024-10-22,Credit Card,844.16,Refunded
1305106,1205477,101808,2023-12-18,Credit Card,240.33,Paid
1305107,1201625,100252,2021-09-25,Credit Card,1110.64,Pending
1305108,1205676,100069,2023-09-15,Insurance,1718.1,Paid
1305109,1201123,100587,2024-09-18,Insurance,2155.42,Paid
1305110,1200929,101950,2021-03-27,Insurance,1672.01,Paid
1305111,1203513,100346,2025-02-20,Insurance,473.48,Paid
1305112,1200454,100291,2022-07-12,Insurance,3448.6,Paid
1305113,1201321,101650,2021-08-30,Credit Card,1020.96,Paid
1305114,1202631,100759,2022-10-07,Insurance,1891.98,Paid
1305115,1204733,101494,2022-08-21,Insurance,1469.09,Paid
1305116,1200094,100655,2023-01-02,Insurance,345.82,Paid
1305117,1203416,101106,2025-08-10,Bank Transfer,2348.82,Paid
1305118,1202605,102353,2021-11-07,Bank Transfer,11225.31,Paid
1305119,1204860,100339,2021-04-12,Insurance,965.23,Paid
1305120,1200895,100682,2024-12-16,Cash,253.24,Paid
1305121,1202702,101356,2021-06-16,Insurance,1415.06,Paid
1305122,1205459,100786,2023-12-26,Insurance,869.83,Paid
1305123,1203433,100717,2024-11-29,Bank Transfer,299.88,Paid
1305124,1203361,101700,2024-09-05,Cash,7186.73,Paid
1305125,1204706,100702,2024-12-18,Credit Card,4704.42,Paid
1305126,1201098,100461,2025-09-27,Insurance,1457.0,Paid
1305127,1205216,102459,2023-12-27,Insurance,454.2,Paid
1305128,1203234,100841,2022-12-22,Credit Card,1049.92,Paid
1305129,1204838,100452,2025-04-01,Credit Card,1508.66,Paid
1305130,1204826,101860,2023-10-26,Credit Card,1268.55,Paid
1305131,1201512,101545,2025-04-17,Insurance,778.18,Paid
1305132,1205757,100093,2024-06-29,Insurance,695.92,Refunded
1305133,1201671,101419,2022-08-18,Credit Card,2745.5,Paid
1305134,1204638,100754,2021-04-11,Insurance,2004.32,Paid
1305135,1203055,100572,2024-08-12,Bank Transfer,1288.45,Pending
1305136,1204002,101783,2025-08-02,Credit Card,996.63,Paid
1305137,1203615,102309,2023-05-25,Insurance,3292.34,Paid
1305138,1204257,100407,2023-04-06,Bank Transfer,630.48,Paid
1305139,1206132,101329,2022-03-02,Insurance,1230.26,Paid
1305140,1205040,102112,2024-12-06,Bank Transfer,4677.99,Paid
1305141,1205482,101548,2021-10-13,Insurance,1321.3,Paid
1305142,1202390,101231,2023-10-04,Cash,3677.24,Paid
1305143,1205084,100295,2022-01-24,Insurance,1642.28,Paid
1305144,1206122,100827,2022-10-13,Insurance,1766.76,Paid
1305145,1200115,100056,2024-10-10,Credit Card,2153.83,Paid
1305146,1201318,101440,2022-11-21,Insurance,2632.72,Paid
1305147,1204852,101070,2025-03-04,Insurance,1379.96,Paid
1305148,1204738,100046,2023-10-10,Credit Card,2859.57,Pending
1305149,1204828,101164,2024-12-24,Insurance,2726.85,Paid
1305150,1203712,100863,2021-01-28,Insurance,1002.53,Paid
1305151,1200337,101080,2023-11-07,Credit Card,846.02,Paid
1305152,1203680,102087,2024-08-06,Insurance,1876.19,Paid
1305153,1200478,101720,2023-08-31,Bank Transfer,505.47,Paid
1305154,1204468,101647,2025-08-20,Bank Transfer,2135.1,Paid
1305155,1202218,102158,2025-07-23,Insurance,1260.32,Paid
1305156,1205396,100583,2021-05-09,Credit Card,7561.22,Paid
1305157,1203950,100548,2022-09-26,Insurance,2461.66,Paid
1305158,1201747,101765,2024-06-29,Insurance,1082.66,Paid
1305159,1202216,100759,2025-01-22,Insurance,2402.95,Paid
1305160,1204181,100078,2021-02-28,Bank Transfer,1060.22,Pending
1305161,1205553,102354,2024-06-13,Bank Transfer,1279.9,Paid
1305162,1203411,101282,2022-04-08,Insurance,1803.37,Paid
1305163,1204031,100244,2023-05-28,Cash,1867.17,Paid
1305164,1200848,100008,2021-01-20,Insurance,1461.88,Pending
1305165,1205269,102107,2022-07-08,Insurance,361.65,Paid
1305166,1203914,100984,2023-03-23,Credit Card,869.41,Paid
1305167,1205224,100234,2025-05-31,Insurance,679.32,Paid
1305168,1202148,100885,2021-09-23,Insurance,5403.68,Paid
1305169,1205369,102416,2024-12-25,Cash,340.05,Paid
1305170,1200945,100603,2025-02-28,Insurance,3907.42,Paid
1305171,1203914,100433,2024-06-28,Insurance,7589.28,Paid
1305172,1202170,100205,2023-06-19,Insurance,541.0,Paid
1305173,1201247,101652,2022-11-29,Cash,294.67,Paid
1305174,1202910,101356,2022-10-05,Credit Card,8397.33,Paid
1305175,1205157,101835,2022-04-15,Insurance,1309.23,Paid
1305176,1205118,101583,2023-08-17,Credit Card,996.45,Paid
1305177,1203738,100882,2021-06-28,Insurance,746.85,Refunded
1305178,1200629,100678,2023-08-23,Cash,1478.92,Paid
1305179,1203132,101926,2024-09-07,Insurance,498.84,Paid
1305180,1202730,101273,2024-08-19,Insurance,3970.1,Paid
1305181,1202399,100440,2024-12-11,Insurance,5779.5,Pending
1305182,1205100,101770,2023-11-12,Insurance,1412.65,Paid
1305183,1203421,102449,2022-01-28,Insurance,903.82,Paid
1305184,1200007,102481,2022-12-21,Credit Card,2788.96,Paid
1305185,1202224,101940,2022-01-21,Cash,1857.16,Pending
1305186,1204108,101307,2022-02-17,Insurance,724.62,Paid
1305187,1202634,102043,2024-11-29,Insurance,1568.36,Paid
1305188,1202371,101956,2023-05-29,Insurance,2820.88,Paid
1305189,1202304,101078,2024-07-13,Insurance,366.68,Paid
1305190,1201479,101678,2021-12-08,Bank Transfer,3564.65,Paid
1305191,1205959,101841,2023-07-23,Insurance,980.3,Paid
1305192,1202238,101682,2021-01-04,Credit Card,2009.72,Paid
1305193,1206173,100567,2022-11-13,Insurance,1091.65,Paid
1305194,1200751,100637,2024-12-25,Insurance,1104.78,Paid
1305195,1204275,100302,2024-06-16,Bank Transfer,1396.3,Refunded
1305196,1205761,101358,2025-02-20,Credit Card,4132.03,Paid
1305197,1201787,101627,2025-03-16,Bank Transfer,587.75,Paid
1305198,1201819,101581,2023-04-26,Insurance,619.84,Paid
1305199,1204634,100834,2021-10-21,Bank Transfer,1223.26,Paid
1305200,1200870,101680,2022-05-25,Insurance,223.19,Paid
1305201,1200518,102068,2024-01-02,Insurance,815.13,Paid
1305202,1200331,101619,2025-08-03,Bank Transfer,1114.23,Paid
1305203,1205423,101622,2024-01-10,Insurance,2428.96,Paid
1305204,1200356,101613,2021-02-12,Insurance,3018.86,Pending
1305205,1204952,101551,2024-06-20,Insurance,604.27,Paid
1305206,1202203,100530,2022-11-13,Credit Card,1966.89,Paid
1305207,1205195,102341,2024-05-07,Insurance,814.79,Paid
1305208,1206173,100705,2023-02-23,Insurance,903.2,Paid
1305209,1200496,101761,2022-11-29,Cash,1315.98,Paid
1305210,1205838,100304,2022-11-24,Insurance,1726.08,Paid
1305211,1202139,100589,2025-03-08,Insurance,1480.86,Paid
1305212,1203936,101415,2025-04-30,Insurance,488.73,Paid
1305213,1200153,100613,2024-03-13,Insurance,1892.36,Paid
1305214,1203496,101624,2023-07-11,Insurance,779.51,Refunded
1305215,1202112,101693,2024-09-17,Insurance,2558.52,Paid
1305216,1200253,101642,2024-12-24,Insurance,1078.62,Paid
1305217,1205562,102044,2023-03-20,Credit Card,1851.45,Paid
1305218,1204311,101807,2025-05-13,Insurance,939.28,Paid
1305219,1200616,100025,2022-01-08,Insurance,1414.39,Paid
1305220,1205407,101453,2025-10-16,Cash,1402.05,Paid
1305221,1201256,101484,2024-04-26,Insurance,1053.65,Paid
1305222,1203059,100826,2024-04-02,Cash,994.75,Paid
1305223,1205382,100163,2022-07-17,Bank Transfer,712.26,Pending
1305224,1204411,101635,2023-10-01,Insurance,1762.11,Paid
1305225,1205400,101600,2023-02-14,Insurance,499.88,Pending
1305226,1206008,100601,2022-03-17,Insurance,3395.3,Paid
1305227,1203965,100349,2025-10-27,Insurance,4166.79,Paid
1305228,1204127,100597,2024-08-23,Insurance,2662.4,Paid
1305229,1204739,102272,2023-07-09,Insurance,289.28,Paid
1305230,1203052,100935,2022-12-08,Credit Card,1579.65,Paid
1305231,1203306,100933,2023-07-23,Credit Card,1202.75,Paid
1305232,1205339,101477,2024-08-13,Insurance,1143.87,Paid
1305233,1200917,101544,2024-05-10,Insurance,694.25,Paid
1305234,1200943,101402,2024-10-08,Credit Card,452.56,Refunded
1305235,1200180,102286,2024-03-08,Bank Transfer,4291.33,Paid
1305236,1201326,102336,2023-06-09,Credit Card,817.8,Paid
1305237,1204531,102030,2021-01-01,Insurance,1370.6,Pending
1305238,1205821,101425,2024-09-08,Credit Card,350.16,Paid
1305239,1201850,102458,2021-12-27,Insurance,816.25,Paid
1305240,1204918,100910,2023-03-03,Insurance,916.76,Paid
1305241,1201382,101773,2024-06-04,Cash,1264.4,Paid
1305242,1200080,101319,2021-07-23,Cash,1619.86,Paid
1305243,1205424,100095,2021-06-29,Credit Card,434.06,Paid
1305244,1204111,101797,2023-12-27,Insurance,767.05,Refunded
1305245,1203943,101658,2024-12-12,Credit Card,3741.32,Paid
1305246,1202568,100163,2021-12-27,Bank Transfer,681.95,Paid
1305247,1204285,101494,2024-07-19,Cash,7380.5,Paid
1305248,1201634,100165,2023-12-22,Cash,3024.31,Pending
1305249,1202728,102084,2023-09-12,Cash,624.05,Paid
1305250,1204068,102460,2021-03-19,Credit Card,6229.6,Paid
1305251,1201781,101378,2024-03-17,Cash,1403.38,Paid
1305252,1203082,101642,2022-03-28,Bank Transfer,2158.02,Paid
1305253,1205389,100500,2023-02-05,Credit Card,1513.02,Paid
1305254,1204747,101150,2024-10-13,Insurance,996.03,Paid
1305255,1204539,102121,2022-10-08,Cash,2774.92,Paid
1305256,1201633,100468,2021-05-11,Insurance,1355.13,Paid
1305257,1206091,101943,2022-05-16,Bank Transfer,1230.39,Paid
1305258,1202572,100720,2024-08-25,Credit Card,1461.07,Paid
1305259,1205919,101825,2022-06-10,Bank Transfer,1056.05,Paid
1305260,1201297,100331,2024-08-03,Insurance,3055.71,Pending
1305261,1206029,100984,2021-06-22,Credit Card,559.62,Paid
1305262,1204022,102396,2024-09-04,Insurance,2635.15,Paid
1305263,1202832,101811,2024-12-16,Bank Transfer,2112.05,Paid
1305264,1202782,100014,2025-05-14,Cash,2508.28,Paid
1305265,1200227,101461,2023-06-06,Insurance,1503.7,Paid
1305266,1200180,101457,2021-12-02,Credit Card,2498.49,Paid
1305267,1205122,101924,2022-06-23,Credit Card,572.77,Paid
1305268,1203462,101090,2022-12-05,Insurance,753.9,Paid
1305269,1201618,102089,2022-06-24,Insurance,1134.33,Paid
1305270,1202119,101025,2022-12-06,Insurance,3254.42,Paid
1305271,1200282,101594,2024-09-25,Cash,2118.62,Pending
1305272,1204885,102385,2025-06-04,Cash,2002.89,Paid
1305273,1200917,101010,2024-11-04,Insurance,969.91,Paid
1305274,1205402,101357,2025-10-24,Insurance,1449.31,Paid
1305275,1200738,100845,2021-12-13,Credit Card,975.87,Paid
1305276,1205092,100876,2023-01-10,Cash,724.11,Paid
1305277,1201864,101566,2023-02-23,Insurance,2103.27,Paid
1305278,1203480,100228,2025-08-11,Credit Card,1054.96,Paid
1305279,1204345,100410,2022-08-09,Insurance,3314.19,Paid
1305280,1201186,102152,2021-04-06,Insurance,286.98,Paid
1305281,1204333,101688,2022-07-15,Insurance,766.3,Paid
1305282,1201423,101846,2024-05-10,Insurance,1830.7,Paid
1305283,1200090,101291,2023-02-12,Insurance,1865.33,Paid
1305284,1205559,101292,2022-06-02,Insurance,1482.94,Paid
1305285,1202980,101548,2023-04-08,Insurance,924.17,Paid
1305286,1202688,101333,2024-10-22,Insurance,526.37,Paid
1305287,1202880,101023,2023-05-10,Insurance,1021.31,Paid
1305288,1205769,101901,2023-01-19,Insurance,1367.98,Paid
1305289,1200375,102185,2022-04-22,Bank Transfer,2815.3,Paid
1305290,1205304,100072,2024-07-10,Insurance,775.98,Paid
1305291,1201225,100713,2023-01-10,Insurance,857.99,Paid
1305292,1203707,101183,2021-08-14,Insurance,2869.77,Paid
1305293,1205228,100887,2025-10-29,Insurance,1649.24,Paid
1305294,1205385,100135,2021-08-13,Insurance,1458.84,Paid
1305295,1200940,100287,2023-05-20,Insurance,967.97,Paid
1305296,1203667,100138,2023-01-04,Credit Card,1946.15,Paid
1305297,1205003,100542,2024-06-09,Insurance,738.94,Paid
1305298,1203356,102421,2022-09-11,Insurance,3251.3,Paid
1305299,1202425,100169,2021-04-12,Bank Transfer,1630.25,Paid
1305300,1200426,100612,2024-11-26,Credit Card,1566.0,Paid
1305301,1203795,102144,2023-04-01,Insurance,1854.29,Paid
1305302,1200634,100556,2025-08-30,Bank Transfer,578.83,Paid
1305303,1205437,100398,2024-08-10,Insurance,1608.61,Paid
1305304,1204008,100573,2021-04-22,Insurance,2242.3,Pending
1305305,1203652,101126,2025-08-05,Insurance,8494.46,Paid
1305306,1205030,101545,2024-04-28,Bank Transfer,5137.4,Paid
1305307,1200548,100849,2022-02-18,Insurance,1596.85,Paid
1305308,1206059,102292,2022-10-10,Insurance,3075.89,Paid
1305309,1202269,100880,2024-09-10,Insurance,894.77,Paid
1305310,1205023,100727,2024-03-24,Insurance,1139.5,Paid
1305311,1200826,100443,2025-10-10,Insurance,1721.46,Paid
1305312,1205331,100152,2024-08-10,Insurance,1000.87,Paid
1305313,1205414,102387,2021-04-14,Credit Card,1505.22,Paid
1305314,1204760,100102,2021-04-17,Credit Card,1447.58,Refunded
1305315,1205654,101025,2021-02-07,Bank Transfer,761.02,Refunded
1305316,1202292,100422,2023-10-09,Insurance,2006.24,Paid
1305317,1200820,100224,2024-07-03,Insurance,1080.76,Paid
1305318,1203419,102015,2025-03-15,Insurance,494.7,Paid
1305319,1203491,100808,2025-07-10,Credit Card,3621.49,Paid
1305320,1203997,102270,2023-11-02,Insurance,623.18,Paid
1305321,1202919,100361,2021-07-24,Insurance,1481.2,Paid
1305322,1203187,102221,2025-07-27,Insurance,1667.53,Paid
1305323,1205382,102159,2023-05-20,Insurance,768.37,Paid
1305324,1205868,100070,2022-01-07,Credit Card,1710.15,Pending
1305325,1201123,102051,2021-10-28,Insurance,654.99,Paid
1305326,1200560,102155,2021-01-27,Credit Card,797.98,Paid
1305327,1203699,100411,2023-07-04,Credit Card,1208.21,Paid
1305328,1203144,102076,2025-06-27,Insurance,1779.68,Paid
1305329,1204992,101080,2024-12-14,Insurance,4704.66,Paid
1305330,1205368,100782,2021-08-13,Insurance,5029.45,Paid
1305331,1204874,101165,2021-04-10,Credit Card,1445.72,Pending
1305332,1204004,102013,2022-10-01,Credit Card,748.28,Paid
1305333,1204720,101846,2023-02-09,Insurance,761.8,Paid
1305334,1200805,102196,2023-05-26,Insurance,4277.68,Paid
1305335,1204897,102047,2021-08-25,Insurance,564.95,Paid
1305336,1200110,100687,2023-02-17,Insurance,945.23,Paid
1305337,1203341,100809,2024-03-08,Insurance,731.29,Paid
1305338,1202413,100059,2023-12-24,Credit Card,1175.89,Paid
1305339,1200277,100950,2022-09-18,Credit Card,578.37,Paid
1305340,1203676,100617,2024-11-28,Credit Card,508.83,Paid
1305341,1204799,100318,2021-12-01,Insurance,2033.28,Paid
1305342,1206006,102213,2025-07-08,Insurance,2256.81,Paid
1305343,1201977,101353,2022-03-04,Insurance,4712.4,Paid
1305344,1202114,100641,2022-03-22,Insurance,1195.13,Paid
1305345,1202278,101077,2024-10-09,Insurance,382.2,Paid
1305346,1200727,102395,2023-10-05,Insurance,484.44,Paid
1305347,1204244,101227,2024-07-14,Insurance,1900.42,Paid
1305348,1201845,102375,2021-04-29,Insurance,338.3,Paid
1305349,1203105,100738,2025-08-05,Bank Transfer,1715.27,Pending
1305350,1202999,101009,2021-11-04,Credit Card,830.35,Paid
1305351,1203257,100072,2025-02-18,Bank Transfer,637.44,Paid
1305352,1205313,102463,2023-09-19,Cash,3333.87,Pending
1305353,1204183,101447,2025-11-23,Insurance,1370.16,Pending
1305354,1205895,101410,2025-05-07,Insurance,828.33,Paid
1305355,1205010,101424,2021-04-04,Insurance,707.25,Paid
1305356,1200401,102276,2022-02-21,Insurance,9017.89,Paid
1305357,1203277,101592,2021-07-31,Insurance,1905.82,Paid
1305358,1205085,101366,2025-04-09,Cash,1609.68,Paid
1305359,1203479,102386,2023-08-19,Insurance,401.56,Paid
1305360,1200187,101587,2021-08-06,Insurance,2079.33,Paid
1305361,1205814,101201,2023-02-04,Credit Card,2191.56,Paid
1305362,1203645,101002,2024-06-07,Credit Card,359.13,Paid
1305363,1205259,100141,2025-12-03,Insurance,1404.81,Paid
1305364,1204383,102300,2021-05-04,Insurance,1737.0,Paid
1305365,1204723,102240,2025-07-19,Credit Card,2419.4,Paid
1305366,1206073,101215,2024-03-22,Insurance,984.31,Paid
1305367,1200933,102038,2025-09-18,Cash,1274.6,Paid
1305368,1202156,102283,2025-07-09,Insurance,1343.77,Paid
1305369,1201294,102486,2021-03-21,Credit Card,6208.57,Paid
1305370,1204778,100936,2023-06-27,Insurance,2155.31,Paid
1305371,1202128,102084,2022-06-13,Insurance,244.21,Paid
1305372,1206032,102078,2023-10-02,Bank Transfer,2416.97,Paid
1305373,1204604,100003,2025-04-16,Insurance,641.68,Paid
1305374,1206008,102422,2021-05-04,Insurance,609.48,Paid
1305375,1201434,101219,2022-07-18,Credit Card,4473.53,Paid
1305376,1205274,100293,2023-01-23,Credit Card,745.88,Paid
1305377,1200739,100900,2024-12-04,Credit Card,2499.63,Paid
1305378,1202552,100097,2022-11-27,Insurance,2180.17,Pending
1305379,1205778,102425,2024-08-30,Bank Transfer,1270.67,Pending
1305380,1201107,100297,2021-06-09,Insurance,683.22,Paid
1305381,1200238,100376,2021-05-21,Cash,960.67,Paid
1305382,1202653,101584,2021-07-15,Credit Card,2686.78,Paid
1305383,1205254,101817,2023-05-11,Insurance,736.67,Paid
1305384,1202226,100679,2024-04-02,Insurance,592.45,Paid
1305385,1200080,101034,2021-03-04,Cash,222.59,Paid
1305386,1204230,101278,2023-10-27,Bank Transfer,1088.15,Pending
1305387,1205930,101723,2021-07-01,Insurance,362.2,Pending
1305388,1204420,102000,2025-07-08,Credit Card,720.88,Paid
1305389,1200095,100874,2024-09-05,Insurance,1334.67,Pending
1305390,1200062,101020,2022-09-04,Cash,952.79,Paid
1305391,1204813,100591,2024-02-01,Insurance,711.81,Paid
1305392,1201628,102325,2024-12-24,Insurance,792.49,Paid
1305393,1203436,101141,2023-02-21,Bank Transfer,1285.09,Paid
1305394,1205121,101416,2024-02-29,Insurance,1608.72,Paid
1305395,1201762,100961,2025-06-12,Insurance,5617.32,Paid
1305396,1200306,100144,2022-11-30,Credit Card,575.18,Pending
1305397,1205614,101605,2024-03-03,Cash,1942.72,Paid
1305398,1203061,101980,2022-12-17,Bank Transfer,1970.76,Paid
1305399,1202199,101459,2023-03-08,Insurance,1357.03,Paid
1305400,1202435,101016,2021-03-26,Bank Transfer,1642.65,Paid
1305401,1200705,102060,2021-01-08,Credit Card,1069.04,Paid
1305402,1200650,101381,2022-04-29,Insurance,2657.72,Paid
1305403,1204264,101916,2022-03-31,Bank Transfer,2535.94,Paid
1305404,1203487,100687,2023-04-10,Cash,897.92,Paid
1305405,1201242,102202,2022-06-09,Insurance,757.09,Paid
1305406,1201075,100094,2024-08-10,Cash,455.62,Paid
1305407,1200603,100841,2022-04-10,Bank Transfer,1210.46,Paid
1305408,1201633,101016,2021-08-30,Insurance,3582.62,Paid
1305409,1202007,100294,2023-09-06,Credit Card,4006.68,Paid
1305410,1204903,100406,2021-04-13,Bank Transfer,731.66,Pending
1305411,1201061,101062,2021-07-15,Credit Card,2246.39,Paid
1305412,1204217,102003,2021-09-25,Insurance,2444.86,Paid
1305413,1202919,101435,2025-07-22,Insurance,1213.93,Paid
1305414,1203649,100896,2024-02-21,Insurance,1184.72,Paid
1305415,1205957,102105,2021-01-04,Bank Transfer,831.64,Pending
1305416,1200402,101228,2023-05-03,Insurance,1409.3,Paid
1305417,1200150,100357,2022-03-21,Insurance,1931.84,Paid
1305418,1203855,101567,2024-02-13,Cash,6473.44,Paid
1305419,1206046,101509,2023-01-27,Credit Card,428.51,Paid
1305420,1205805,101199,2024-09-22,Insurance,1892.97,Paid
1305421,1204295,102411,2022-09-03,Credit Card,1244.75,Paid
1305422,1203753,100906,2024-02-01,Insurance,3696.84,Paid
1305423,1205818,102339,2021-01-31,Insurance,1442.06,Paid
1305424,1204127,101277,2024-09-18,Insurance,784.03,Paid
1305425,1202838,100843,2025-11-18,Insurance,749.21,Paid
1305426,1203508,101125,2023-04-24,Insurance,674.91,Paid
1305427,1201068,102288,2022-02-21,Bank Transfer,805.42,Paid
1305428,1203025,101683,2024-02-15,Insurance,431.56,Paid
1305429,1201564,101799,2021-06-16,Credit Card,1544.91,Paid
1305430,1202908,100017,2023-06-24,Insurance,1357.6,Paid
1305431,1200634,102041,2021-06-25,Insurance,3624.43,Paid
1305432,1203599,101471,2024-09-21,Insurance,983.73,Paid
1305433,1202895,100753,2025-02-18,Insurance,1917.61,Paid
1305434,1202085,101012,2023-09-29,Insurance,1005.4,Paid
1305435,1203757,100153,2021-02-26,Insurance,1097.85,Paid
1305436,1205633,102108,2023-01-04,Credit Card,7300.57,Pending
1305437,1204801,101653,2023-09-16,Credit Card,449.83,Paid
1305438,1205294,102150,2021-03-02,Bank Transfer,1930.24,Paid
1305439,1200127,101290,2022-06-16,Insurance,3200.27,Paid
1305440,1200741,102209,2023-02-19,Insurance,335.18,Paid
1305441,1205246,101190,2025-01-08,Credit Card,3976.27,Paid
1305442,1203388,101424,2023-05-04,Cash,1996.66,Pending
1305443,1200556,102004,2025-02-11,Bank Transfer,1917.44,Paid
1305444,1203275,101854,2021-11-17,Cash,1586.22,Paid
1305445,1202939,100064,2021-03-25,Bank Transfer,1105.92,Paid
1305446,1201628,100374,2021-11-08,Bank Transfer,1526.82,Paid
1305447,1200806,101970,2021-02-16,Credit Card,217.06,Paid
1305448,1206068,101977,2025-03-24,Credit Card,562.27,Pending
1305449,1200069,100677,2024-10-03,Insurance,1149.46,Paid
1305450,1201292,100756,2025-02-16,Insurance,9594.74,Paid
1305451,1206042,100535,2022-07-13,Insurance,946.64,Paid
1305452,1201503,101996,2025-02-21,Insurance,333.06,Paid
1305453,1200592,101661,2023-03-15,Cash,583.75,Paid
1305454,1203580,101165,2023-01-17,Insurance,437.03,Paid
1305455,1204532,101700,2022-07-12,Insurance,340.98,Paid
1305456,1201838,101693,2024-08-25,Bank Transfer,498.53,Paid
1305457,1205814,101549,2025-05-07,Credit Card,2399.53,Paid
1305458,1201214,101439,2023-08-09,Cash,6772.57,Pending
1305459,1201606,100150,2022-10-13,Insurance,1379.98,Paid
1305460,1205115,100134,2024-01-10,Insurance,3856.26,Paid
1305461,1203841,101831,2023-01-28,Insurance,978.3,Paid
1305462,1200271,102144,2024-05-18,Credit Card,915.78,Paid
1305463,1202986,101427,2024-12-10,Insurance,556.18,Paid
1305464,1206028,101491,2025-02-18,Insurance,287.66,Paid
1305465,1202659,101898,2023-04-30,Insurance,2125.6,Paid
1305466,1203398,101788,2021-05-29,Credit Card,1903.36,Paid
1305467,1205118,102358,2023-02-24,Credit Card,3078.27,Paid
1305468,1203030,100968,2025-07-26,Insurance,260.88,Paid
1305469,1201229,100715,2023-11-06,Insurance,1179.22,Paid
1305470,1200064,101135,2025-01-28,Bank Transfer,410.79,Pending
1305471,1204448,101459,2021-04-12,Insurance,550.73,Paid
1305472,1204075,100504,2021-06-27,Insurance,289.38,Refunded
1305473,1206152,102108,2025-12-30,Insurance,1338.93,Paid
1305474,1200493,101365,2024-05-31,Cash,1981.98,Paid
1305475,1200646,101663,2024-03-04,Insurance,2707.52,Paid
1305476,1202833,100998,2023-11-21,Credit Card,1243.6,Paid
1305477,1204989,101372,2025-07-09,Credit Card,6263.08,Paid
1305478,1204200,102159,2023-09-02,Insurance,1302.18,Paid
1305479,1201535,101046,2021-07-20,Insurance,1142.48,Paid
1305480,1200052,101235,2021-08-19,Insurance,801.21,Paid
1305481,1203996,101114,2021-08-12,Insurance,1550.26,Paid
1305482,1206166,101091,2023-05-14,Insurance,1544.09,Paid
1305483,1204062,101752,2022-03-25,Insurance,1018.09,Pending
1305484,1204669,100043,2023-03-12,Credit Card,1617.69,Paid
1305485,1205845,100274,2025-04-04,Insurance,3076.3,Paid
1305486,1204237,101453,2024-04-24,Bank Transfer,1111.45,Paid
1305487,1201985,100118,2024-07-23,Insurance,1251.1,Paid
1305488,1202980,102356,2025-11-23,Insurance,2392.99,Paid
1305489,1200214,101837,2023-12-19,Insurance,3869.68,Paid
1305490,1202037,101053,2025-03-04,Insurance,4121.57,Paid
1305491,1204233,100896,2021-10-23,Credit Card,5002.83,Paid
1305492,1205916,102177,2023-03-25,Bank Transfer,2196.64,Paid
1305493,1201936,101236,2023-09-30,Credit Card,2365.14,Paid
1305494,1201822,100429,2022-08-05,Insurance,625.11,Paid
1305495,1204039,101811,2021-11-04,Insurance,2382.34,Paid
1305496,1201713,100912,2025-01-20,Insurance,1039.04,Paid
1305497,1203327,101999,2024-03-06,Insurance,840.2,Paid
1305498,1203586,100863,2022-07-25,Insurance,3157.29,Paid
1305499,1203280,101155,2024-10-06,Credit Card,2661.33,Paid
1305500,1205767,101622,2025-08-25,Insurance,1445.57,Paid
1305501,1205427,102334,2024-02-20,Insurance,745.87,Paid
1305502,1204849,101592,2024-05-18,Insurance,2213.34,Paid
1305503,1202022,101150,2021-03-25,Insurance,3593.87,Paid
1305504,1201999,102032,2024-09-22,Insurance,179.31,Paid
1305505,1201410,101644,2022-10-03,Insurance,843.31,Paid
1305506,1202408,101937,2025-09-02,Credit Card,769.47,Paid
1305507,1204698,100442,2022-06-24,Insurance,1317.81,Paid
1305508,1201310,102285,2021-01-19,Insurance,3091.91,Paid
1305509,1203274,100567,2025-03-21,Insurance,1314.93,Paid
1305510,1201874,100854,2021-05-06,Insurance,3485.6,Paid
1305511,1202730,100335,2021-12-16,Insurance,1000.13,Paid
1305512,1201530,101670,2024-03-01,Credit Card,1088.86,Paid
1305513,1201511,101261,2022-06-07,Credit Card,303.68,Paid
1305514,1200377,100432,2024-07-01,Bank Transfer,877.29,Paid
1305515,1200760,102269,2022-07-28,Bank Transfer,3070.61,Paid
1305516,1204442,101660,2022-08-17,Credit Card,1538.83,Paid
1305517,1200399,101087,2022-07-27,Insurance,1374.77,Paid
1305518,1205902,101244,2022-08-28,Insurance,507.93,Paid
1305519,1202504,100370,2024-01-02,Insurance,767.78,Paid
1305520,1205507,100019,2021-04-15,Insurance,3467.82,Paid
1305521,1204478,101297,2025-02-17,Credit Card,1299.03,Paid
1305522,1202655,100519,2025-01-13,Insurance,1481.89,Paid
1305523,1203100,100780,2021-03-22,Insurance,3591.07,Paid
1305524,1203034,100191,2022-09-19,Insurance,639.6,Paid
1305525,1202000,101050,2023-06-05,Cash,891.49,Paid
1305526,1201334,100242,2022-10-04,Credit Card,1164.72,Paid
1305527,1200581,100956,2024-11-03,Insurance,1531.18,Paid
1305528,1201143,102123,2024-02-08,Credit Card,1284.07,Paid
1305529,1205232,101223,2023-07-13,Insurance,828.51,Paid
1305530,1204043,101125,2024-01-30,Insurance,3665.56,Paid
1305531,1203069,101774,2021-04-29,Insurance,574.36,Paid
1305532,1206137,101552,2022-10-10,Bank Transfer,1212.49,Paid
1305533,1202196,102095,2025-04-27,Insurance,419.94,Paid
1305534,1205640,101769,2021-04-16,Insurance,649.23,Paid
1305535,1200520,101123,2025-02-21,Insurance,994.78,Paid
1305536,1202627,100177,2025-12-22,Insurance,638.61,Paid
1305537,1201507,101516,2024-05-05,Insurance,1991.33,Refunded
1305538,1203845,102476,2021-04-21,Insurance,1681.27,Paid
1305539,1202395,102352,2025-04-17,Credit Card,5369.91,Paid
1305540,1203917,102018,2023-06-23,Insurance,3971.73,Paid
1305541,1201682,100442,2024-02-13,Credit Card,414.0,Paid
1305542,1204799,100085,2023-09-18,Credit Card,846.43,Paid
1305543,1201294,100838,2023-08-03,Insurance,678.24,Pending
1305544,1201678,102393,2024-02-21,Credit Card,2122.16,Paid
1305545,1204466,100328,2023-09-14,Insurance,965.83,Paid
1305546,1206018,101009,2021-04-02,Insurance,1835.65,Paid
1305547,1202039,101993,2021-10-06,Insurance,5176.14,Paid
1305548,1201500,101992,2023-08-05,Insurance,4750.97,Paid
1305549,1205873,101816,2021-04-18,Credit Card,857.35,Pending
1305550,1203104,102344,2025-01-03,Insurance,829.84,Paid
1305551,1205797,100375,2022-09-02,Insurance,2061.58,Paid
1305552,1204442,100401,2023-08-09,Cash,2830.87,Pending
1305553,1200261,101127,2021-09-10,Cash,190.9,Paid
1305554,1202320,101267,2024-11-24,Insurance,1941.58,Paid
1305555,1200229,101001,2025-06-14,Insurance,2164.69,Paid
1305556,1203758,102072,2025-05-04,Insurance,935.19,Paid
1305557,1203532,102054,2021-07-05,Credit Card,1825.16,Paid
1305558,1201798,101134,2025-06-07,Bank Transfer,960.79,Pending
1305559,1200137,100513,2024-05-22,Cash,4580.96,Refunded
1305560,1204695,100674,2022-08-27,Insurance,4432.29,Paid
1305561,1203746,102037,2021-01-24,Insurance,4219.23,Paid
1305562,1205781,102341,2025-04-22,Insurance,1661.45,Paid
1305563,1203522,101676,2021-03-22,Insurance,3362.82,Paid
1305564,1204166,102295,2024-07-16,Cash,666.1,Pending
1305565,1204326,100387,2021-11-30,Insurance,1272.81,Paid
1305566,1202240,100045,2023-08-04,Credit Card,725.75,Paid
1305567,1203327,100132,2024-11-20,Bank Transfer,280.08,Paid
1305568,1200748,101979,2022-10-25,Insurance,864.9,Paid
1305569,1203380,101375,2022-04-26,Credit Card,3699.33,Paid
1305570,1205707,102370,2025-09-06,Insurance,1578.26,Pending
1305571,1204080,102252,2024-07-26,Insurance,1072.63,Paid
1305572,1200134,101412,2023-04-20,Insurance,3177.92,Paid
1305573,1201491,102161,2021-09-04,Insurance,4839.31,Paid
1305574,1200838,102199,2023-06-17,Insurance,2526.31,Paid
1305575,1201309,102363,2023-12-15,Cash,2003.83,Pending
1305576,1203829,101802,2021-06-29,Insurance,1452.83,Paid
1305577,1203180,102164,2021-12-21,Insurance,1931.67,Paid
1305578,1202161,102324,2024-02-26,Cash,5862.61,Paid
1305579,1201423,102376,2025-12-05,Bank Transfer,2379.27,Paid
1305580,1201137,102383,2021-06-03,Cash,5087.15,Paid
1305581,1204075,100714,2022-11-14,Insurance,3732.69,Paid
1305582,1205543,100347,2024-02-24,Credit Card,728.23,Paid
1305583,1201243,102198,2023-11-28,Bank Transfer,2593.86,Paid
1305584,1204844,101657,2022-08-18,Credit Card,1055.81,Paid
1305585,1200747,101254,2022-10-13,Cash,1008.59,Paid
1305586,1201819,101511,2024-01-03,Bank Transfer,297.92,Paid
1305587,1204712,101611,2022-08-10,Insurance,6270.33,Paid
1305588,1203025,102169,2021-01-27,Insurance,957.78,Paid
1305589,1202368,102325,2025-07-24,Insurance,1495.88,Paid
1305590,1203282,100158,2024-07-11,Credit Card,773.89,Paid
1305591,1203151,100436,2021-05-14,Insurance,1403.96,Paid
1305592,1201309,101583,2023-08-29,Insurance,1038.81,Paid
1305593,1202158,102034,2025-11-18,Credit Card,1744.18,Paid
1305594,1203810,101893,2023-06-08,Insurance,1449.55,Paid
1305595,1204909,102393,2025-09-21,Insurance,1776.07,Paid
1305596,1203298,100280,2025-02-05,Insurance,815.24,Paid
1305597,1202796,100673,2021-02-15,Insurance,2099.43,Paid
1305598,1206163,100069,2022-10-07,Insurance,1869.55,Paid
1305599,1204597,101347,2023-05-18,Insurance,1342.83,Paid
1305600,1202999,100978,2023-10-14,Cash,4769.88,Paid
1305601,1203884,102252,2024-12-11,Credit Card,2598.11,Paid
1305602,1201742,101717,2021-07-10,Credit Card,7828.76,Paid
1305603,1201555,102479,2023-02-28,Insurance,1691.57,Paid
1305604,1203920,100328,2022-04-04,Insurance,756.57,Paid
1305605,1204184,100879,2022-01-08,Insurance,369.08,Paid
1305606,1202283,100598,2021-03-15,Insurance,3245.08,Paid
1305607,1204440,100685,2022-07-08,Bank Transfer,973.11,Refunded
1305608,1203734,102074,2025-05-06,Insurance,782.6,Paid
1305609,1203735,100859,2022-03-21,Credit Card,247.91,Paid
1305610,1200234,101976,2023-03-01,Insurance,1284.92,Paid
1305611,1202221,100940,2021-03-20,Bank Transfer,550.78,Paid
1305612,1203664,100266,2022-05-26,Insurance,1262.69,Pending
1305613,1206156,102445,2024-09-13,Cash,1725.4,Paid
1305614,1201174,100392,2025-10-01,Insurance,2007.83,Paid
1305615,1202066,101569,2021-05-01,Insurance,306.32,Paid
1305616,1201233,102161,2022-11-13,Insurance,1039.55,Paid
1305617,1204344,100070,2024-02-15,Insurance,2257.66,Paid
1305618,1204429,100233,2021-07-05,Insurance,1555.76,Paid
1305619,1202629,100465,2025-04-24,Insurance,1599.5,Paid
1305620,1202652,100767,2025-12-01,Bank Transfer,894.29,Paid
1305621,1204407,100448,2024-03-29,Insurance,1408.72,Paid
1305622,1200092,100295,2023-02-20,Insurance,1469.19,Paid
1305623,1205253,100239,2021-02-12,Bank Transfer,1269.57,Paid
1305624,1200414,100179,2021-09-24,Bank Transfer,1508.28,Paid
1305625,1204644,102323,2024-01-21,Insurance,818.32,Pending
1305626,1202333,100013,2024-10-18,Insurance,3987.08,Paid
1305627,1200990,101152,2022-11-18,Credit Card,3410.49,Paid
1305628,1200182,101408,2023-06-01,Credit Card,1392.83,Paid
1305629,1200902,100800,2024-12-31,Insurance,950.23,Paid
1305630,1203332,101527,2023-09-15,Insurance,735.04,Paid
1305631,1203949,101311,2022-10-14,Credit Card,1442.04,Paid
1305632,1202858,102457,2024-02-23,Insurance,1113.88,Pending
1305633,1201990,100462,2023-09-29,Credit Card,936.86,Paid
1305634,1201102,100536,2022-10-12,Credit Card,937.09,Pending
1305635,1200507,100463,2023-11-20,Credit Card,3292.57,Paid
1305636,1200208,101285,2022-02-04,Insurance,2235.9,Paid
1305637,1201804,102486,2021-12-03,Credit Card,1712.49,Paid
1305638,1203987,100608,2023-07-29,Insurance,797.56,Paid
1305639,1203911,100337,2021-12-22,Bank Transfer,2192.98,Paid
1305640,1204465,101229,2023-02-04,Insurance,1782.52,Paid
1305641,1201029,101850,2021-10-15,Credit Card,1314.98,Pending
1305642,1205988,101634,2021-08-30,Bank Transfer,8278.36,Paid
1305643,1200654,100183,2023-12-09,Insurance,4113.91,Paid
1305644,1202885,100644,2025-09-13,Insurance,887.58,Paid
1305645,1200089,100716,2021-11-05,Cash,1002.79,Paid
1305646,1201327,101451,2024-02-04,Insurance,2949.4,Paid
1305647,1205664,102334,2021-09-24,Credit Card,1306.14,Paid
1305648,1204941,101887,2022-12-05,Insurance,3364.53,Paid
1305649,1201968,101035,2022-06-22,Insurance,344.49,Paid
1305650,1200593,100996,2021-05-20,Insurance,831.66,Pending
1305651,1200128,100252,2021-08-01,Credit Card,2246.4,Paid
1305652,1203374,100219,2022-11-08,Insurance,1139.19,Refunded
1305653,1204947,100288,2022-04-05,Insurance,509.44,Paid
1305654,1201963,100138,2023-07-03,Insurance,1590.78,Refunded
1305655,1205272,102354,2022-08-29,Credit Card,1635.02,Paid
1305656,1204908,102098,2023-12-29,Cash,143.09,Paid
1305657,1202424,100753,2023-09-21,Credit Card,1316.02,Paid
1305658,1200653,100303,2023-09-10,Credit Card,413.42,Paid
1305659,1200841,100177,2021-09-13,Insurance,2101.86,Paid
1305660,1201965,100062,2023-05-15,Credit Card,1045.35,Paid
1305661,1200786,100124,2021-10-10,Insurance,870.79,Paid
1305662,1201094,100832,2024-02-18,Insurance,3668.0,Paid
1305663,1205964,101812,2024-09-23,Bank Transfer,2136.59,Paid
1305664,1205301,102420,2025-02-09,Insurance,1982.73,Paid
1305665,1202513,101895,2021-06-06,Insurance,3206.86,Paid
1305666,1204926,100312,2024-01-25,Cash,3464.75,Paid
1305667,1200800,100294,2022-08-08,Insurance,2979.19,Paid
1305668,1203676,101705,2025-07-26,Insurance,2115.56,Paid
1305669,1203595,100644,2021-07-28,Insurance,3426.86,Paid
1305670,1204432,102343,2022-05-24,Bank Transfer,1442.4,Paid
1305671,1203972,102243,2025-06-18,Insurance,2175.89,Paid
1305672,1201038,100596,2023-10-07,Insurance,1147.21,Paid
1305673,1201842,100355,2023-05-23,Bank Transfer,366.38,Paid
1305674,1205448,100144,2021-12-25,Insurance,3790.89,Pending
1305675,1203022,100145,2024-06-16,Insurance,934.72,Paid
1305676,1203838,101203,2021-09-18,Insurance,387.55,Paid
1305677,1202402,100482,2024-09-04,Credit Card,1194.25,Paid
1305678,1204478,101651,2025-06-05,Credit Card,4717.9,Paid
1305679,1201193,102466,2021-01-02,Insurance,1471.08,Paid
1305680,1200389,101027,2024-08-07,Insurance,2169.2,Paid
1305681,1205155,100764,2024-01-29,Credit Card,1157.15,Paid
1305682,1201335,100478,2021-04-21,Cash,132.72,Paid
1305683,1201886,102006,2024-07-30,Credit Card,6117.52,Paid
1305684,1202289,100323,2025-03-06,Bank Transfer,1586.67,Paid
1305685,1201842,100053,2023-03-31,Insurance,2838.34,Paid
1305686,1205802,100117,2024-03-29,Insurance,5686.29,Pending
1305687,1205123,101609,2025-06-14,Insurance,1179.17,Paid
1305688,1201436,100316,2021-10-07,Insurance,1814.69,Paid
1305689,1203464,101692,2021-07-08,Insurance,2481.5,Paid
1305690,1201556,101628,2023-05-21,Insurance,3350.88,Paid
1305691,1202414,101449,2022-12-28,Cash,1437.79,Paid
1305692,1201683,101126,2024-03-06,Insurance,2085.99,Paid
1305693,1201273,100700,2023-06-06,Insurance,683.53,Paid
1305694,1204776,101329,2025-06-30,Credit Card,1998.57,Paid
1305695,1204262,101893,2022-09-30,Insurance,2885.68,Pending
1305696,1203083,100551,2021-05-19,Insurance,1021.24,Paid
1305697,1205808,100516,2021-10-29,Insurance,4822.72,Paid
1305698,1200562,101531,2024-05-13,Insurance,169.38,Paid
1305699,1204791,100107,2021-01-08,Insurance,343.65,Paid
1305700,1205707,102352,2021-03-10,Insurance,671.57,Paid
1305701,1203217,100709,2023-06-11,Insurance,6834.03,Paid
1305702,1201402,101704,2024-06-18,Cash,510.29,Paid
1305703,1200360,101233,2024-08-11,Insurance,729.31,Paid
1305704,1205524,101719,2024-04-21,Insurance,977.92,Paid
1305705,1200902,100464,2022-07-25,Insurance,1159.81,Paid
1305706,1202954,101465,2021-09-06,Credit Card,1591.1,Paid
1305707,1204954,102498,2022-04-17,Insurance,3112.13,Paid
1305708,1202083,100462,2022-07-22,Insurance,895.87,Paid
1305709,1201007,102169,2021-02-05,Cash,911.29,Paid
1305710,1204617,100591,2022-06-20,Insurance,2483.24,Paid
1305711,1205436,100939,2022-02-05,Insurance,2278.62,Paid
1305712,1204248,102189,2025-12-25,Insurance,2464.92,Paid
1305713,1201301,101875,2024-09-02,Insurance,1548.44,Paid
1305714,1200851,102449,2023-01-08,Insurance,139.02,Paid
1305715,1200411,101463,2021-02-17,Insurance,696.77,Paid
1305716,1203813,101546,2025-04-01,Insurance,2065.71,Paid
1305717,1200934,101450,2023-10-14,Insurance,2879.93,Paid
1305718,1201255,100291,2024-11-12,Credit Card,742.49,Paid
1305719,1201570,100989,2023-02-14,Credit Card,488.39,Paid
1305720,1206065,102126,2023-05-14,Insurance,882.74,Paid
1305721,1200028,101788,2024-02-02,Insurance,1569.49,Paid
1305722,1201648,100298,2022-08-11,Insurance,278.72,Paid
1305723,1205844,101054,2021-12-26,Insurance,685.79,Paid
1305724,1204958,101068,2025-12-26,Insurance,1174.59,Paid
1305725,1200395,101427,2023-08-11,Insurance,2569.57,Paid
1305726,1201004,100628,2022-02-14,Insurance,2038.5,Paid
1305727,1204180,101964,2022-08-02,Credit Card,2048.74,Paid
1305728,1200411,101872,2022-04-09,Bank Transfer,548.75,Paid
1305729,1204090,102269,2021-06-16,Insurance,483.45,Paid
1305730,1203912,100119,2022-02-05,Credit Card,1503.32,Paid
1305731,1204175,102372,2022-09-09,Insurance,5062.76,Paid
1305732,1205582,101848,2021-03-04,Cash,788.84,Paid
1305733,1203171,101827,2021-10-05,Cash,5195.66,Paid
1305734,1200388,101511,2023-05-02,Cash,13375.83,Paid
1305735,1205404,101652,2023-12-19,Insurance,1741.44,Paid
1305736,1200725,102072,2025-12-16,Insurance,1183.12,Paid
1305737,1203035,102393,2021-12-18,Insurance,957.42,Paid
1305738,1200227,102003,2025-12-24,Cash,1198.32,Pending
1305739,1201059,102057,2023-01-19,Credit Card,8836.82,Paid
1305740,1201653,102332,2025-09-26,Credit Card,808.24,Paid
1305741,1204670,101869,2024-03-14,Insurance,572.89,Paid
1305742,1204382,100793,2023-01-21,Insurance,2015.22,Paid
1305743,1203528,101544,2024-06-24,Insurance,2811.93,Paid
1305744,1202145,100397,2023-09-13,Bank Transfer,838.64,Paid
1305745,1202582,100907,2022-01-09,Insurance,604.03,Paid
1305746,1205821,102387,2021-04-08,Insurance,748.35,Paid
1305747,1205140,100763,2023-07-10,Cash,2047.68,Paid
1305748,1202216,101971,2025-08-23,Insurance,1207.55,Paid
1305749,1205153,102109,2021-09-26,Insurance,1299.52,Pending
1305750,1203525,101152,2021-10-18,Insurance,402.94,Paid
1305751,1202383,102067,2024-08-14,Insurance,789.89,Paid
1305752,1202560,102273,2021-06-05,Insurance,577.41,Refunded
1305753,1200456,102144,2024-05-13,Insurance,2389.38,Paid
1305754,1204540,102425,2022-03-05,Cash,3112.47,Paid
1305755,1200944,100524,2022-01-15,Credit Card,2077.2,Pending
1305756,1201181,101626,2023-04-05,Insurance,1049.12,Paid
1305757,1204839,101999,2024-01-29,Insurance,759.56,Paid
1305758,1204134,100357,2023-02-03,Insurance,2109.04,Paid
1305759,1201976,101471,2024-09-27,Insurance,449.14,Pending
1305760,1201070,101140,2024-12-30,Insurance,538.23,Pending
1305761,1202733,102408,2025-07-15,Insurance,4129.46,Paid
1305762,1202064,101084,2021-11-15,Credit Card,776.45,Pending
1305763,1202397,101181,2024-10-06,Bank Transfer,644.86,Paid
1305764,1202807,102291,2024-01-04,Insurance,1296.75,Paid
1305765,1201732,101949,2025-04-30,Insurance,1026.97,Pending
1305766,1205533,100132,2025-03-30,Bank Transfer,1435.52,Paid
1305767,1203036,100642,2024-03-12,Insurance,353.99,Paid
1305768,1200279,101294,2022-03-20,Insurance,2640.12,Paid
1305769,1202727,101111,2021-10-25,Credit Card,3058.14,Paid
1305770,1205613,101704,2022-09-24,Insurance,4308.79,Pending
1305771,1201967,100694,2023-09-15,Cash,587.04,Paid
1305772,1202679,102359,2024-05-30,Insurance,1487.35,Paid
1305773,1204489,102420,2024-03-08,Insurance,766.92,Paid
1305774,1201876,101423,2025-03-10,Insurance,772.96,Paid
1305775,1202964,102061,2024-04-18,Insurance,837.08,Paid
1305776,1203845,101561,2024-07-22,Insurance,1297.4,Paid
1305777,1203784,101110,2023-09-14,Insurance,227.09,Paid
1305778,1200821,101952,2021-05-08,Insurance,908.69,Paid
1305779,1200293,101731,2022-01-12,Insurance,1723.52,Paid
1305780,1202320,101446,2024-06-07,Credit Card,1498.07,Paid
1305781,1203673,101779,2024-10-16,Cash,554.92,Paid
1305782,1200572,100890,2025-09-09,Insurance,1607.2,Paid
1305783,1205834,100836,2023-06-16,Credit Card,1008.45,Paid
1305784,1205914,101416,2022-02-14,Insurance,1351.75,Paid
1305785,1201043,102411,2023-04-14,Insurance,5343.1,Paid
1305786,1200450,101896,2021-12-03,Cash,773.28,Paid
1305787,1201072,100398,2023-11-06,Insurance,1169.54,Pending
1305788,1201530,101502,2023-01-27,Insurance,1163.89,Paid
1305789,1202382,102138,2023-06-05,Insurance,778.96,Paid
1305790,1201699,101849,2021-04-12,Insurance,1059.37,Paid
1305791,1205949,100569,2023-07-26,Insurance,635.14,Paid
1305792,1200261,102074,2021-05-08,Bank Transfer,2475.2,Paid
1305793,1206158,101204,2025-03-26,Credit Card,1904.13,Paid
1305794,1203301,101737,2023-04-03,Insurance,745.99,Paid
1305795,1204982,101622,2024-04-16,Insurance,1024.04,Paid
1305796,1202419,100900,2023-04-01,Cash,1192.68,Paid
1305797,1204135,100855,2021-07-29,Insurance,1280.7,Paid
1305798,1204195,100353,2025-04-20,Insurance,1266.33,Paid
1305799,1203861,100599,2025-01-15,Insurance,1422.7,Paid
1305800,1203919,102293,2024-10-25,Bank Transfer,736.98,Paid
