Procedure_Record_ID,Admission_ID,Procedure_ID,Procedure_Date,Outcome,Actual_Cost
1000001,702181,5026,2022-06-25,Successful,3103.82
1000002,700065,5022,2025-11-15,Complication,1358.64
1000003,701305,5014,2021-10-31,Successful,3244.84
1000004,702135,5040,2022-01-07,Successful,1655.91
1000005,702932,5002,2025-07-01,Successful,4570.41
1000006,703869,5003,2025-08-03,Cancelled,1368.91
1000007,703398,5034,2021-05-23,Successful,1878.8
1000008,701784,5025,2021-09-29,Successful,1529.5
1000009,705009,5039,2023-03-27,Successful,1184.88
1000010,703390,5007,2025-08-30,Successful,2900.7
1000011,702149,5005,2024-01-22,Complication,9627.94
1000012,704862,5026,2022-08-13,Successful,2425.38
1000013,706079,5034,2023-09-19,Complication,2273.14
1000014,700240,5022,2021-10-07,Successful,476.43
1000015,702334,5035,2023-04-02,Successful,664.71
1000016,703163,5013,2024-11-08,Successful,432.75
1000017,704139,5021,2024-06-28,Successful,1123.65
1000018,705400,5028,2021-02-07,Successful,1974.86
1000019,701514,5007,2023-11-03,Successful,703.24
1000020,705272,5038,2025-08-08,Successful,666.66
1000021,702482,5034,2022-05-07,Successful,3413.56
1000022,701642,5015,2024-01-19,Successful,2951.05
1000023,705967,5036,2021-08-06,Successful,706.36
1000024,704910,5035,2021-01-12,Successful,1054.81
1000025,705899,5039,2023-03-25,Successful,1103.18
1000026,701949,5030,2022-09-29,Successful,1391.6
1000027,703414,5003,2021-07-30,Successful,1536.73
1000028,702774,5016,2023-12-15,Successful,532.92
1000029,706475,5008,2025-07-20,Complication,707.72
1000030,705859,5015,2023-06-09,Successful,2588.22
1000031,703781,5003,2021-09-12,Successful,825.01
1000032,702560,5030,2021-05-06,Successful,892.32
1000033,701245,5037,2021-06-14,Successful,1040.31
1000034,704078,5010,2023-06-18,Successful,437.06
1000035,706073,5015,2023-09-12,Successful,589.33
1000036,706254,5034,2025-03-04,Successful,780.58
1000037,700187,5004,2024-09-17,Successful,3114.99
1000038,706079,5027,2025-09-10,Successful,2039.59
1000039,706421,5021,2022-04-27,Successful,1624.9
1000040,705242,5010,2023-03-18,Successful,853.84
1000041,704733,5011,2024-07-25,Successful,607.8
1000042,702974,5011,2022-09-23,Successful,999.33
1000043,702257,5001,2022-06-25,Successful,1671.32
1000044,700849,5032,2024-09-08,Successful,1790.71
1000045,702843,5009,2024-01-12,Complication,2218.67
1000046,703882,5037,2024-02-21,Successful,693.45
1000047,703320,5016,2021-03-08,Successful,1455.21
1000048,703190,5032,2025-09-18,Successful,1127.21
1000049,701488,5036,2023-07-12,Successful,2343.6
1000050,701284,5007,2022-03-22,Successful,1103.58
1000051,704170,5001,2021-12-17,Successful,1817.93
1000052,700593,5036,2021-08-05,Successful,1671.39
1000053,702720,5006,2021-06-18,Complication,840.1
1000054,705604,5003,2021-11-22,Successful,814.4
1000055,701910,5033,2024-08-15,Successful,2853.37
1000056,700987,5019,2022-03-07,Successful,1192.74
1000057,703565,5001,2022-07-15,Successful,1171.36
1000058,704267,5006,2025-02-27,Successful,2287.13
1000059,706380,5027,2022-05-26,Successful,1043.2
1000060,703685,5036,2021-06-17,Successful,1494.9
1000061,702046,5033,2021-12-14,Successful,1864.27
1000062,700113,5025,2021-10-26,Cancelled,457.22
1000063,704222,5017,2025-11-10,Successful,405.74
1000064,704022,5034,2022-04-03,Successful,1900.16
1000065,705561,5033,2025-07-15,Successful,875.03
1000066,704023,5005,2023-01-06,Complication,586.3
1000067,702890,5033,2023-12-19,Successful,3767.93
1000068,700965,5019,2023-09-21,Successful,1869.51
1000069,701360,5023,2024-06-01,Cancelled,1030.63
1000070,701907,5038,2022-06-01,Successful,420.03
1000071,702619,5006,2024-09-01,Successful,1270.75
1000072,701050,5003,2025-02-16,Successful,1923.33
1000073,704675,5008,2022-06-25,Successful,482.66
1000074,701456,5018,2022-04-24,Successful,1444.54
1000075,702132,5004,2021-06-01,Successful,1105.6
1000076,704131,5036,2024-01-06,Successful,2389.71
1000077,703018,5029,2021-09-26,Successful,1977.55
1000078,704566,5025,2025-04-13,Successful,1313.24
1000079,700738,5037,2022-09-09,Successful,1584.75
1000080,701364,5007,2025-10-04,Successful,804.68
1000081,703127,5005,2025-05-06,Cancelled,1551.31
1000082,701218,5006,2023-09-18,Successful,487.03
1000083,705904,5039,2024-05-05,Successful,839.28
1000084,702786,5028,2023-03-19,Successful,1293.72
1000085,704803,5010,2022-04-06,Successful,793.11
1000086,705553,5010,2021-06-15,Successful,1634.71
1000087,701699,5028,2023-03-12,Successful,1057.55
1000088,700848,5026,2024-11-22,Successful,1163.63
1000089,700063,5009,2022-01-28,Successful,1408.16
1000090,700079,5002,2025-07-24,Successful,806.37
1000091,701062,5020,2024-08-20,Successful,1497.53
1000092,700668,5021,2025-08-26,Successful,2577.42
1000093,705854,5009,2023-02-20,Successful,2105.62
1000094,700688,5012,2021-05-25,Successful,272.36
1000095,702155,5002,2025-02-13,Successful,696.45
1000096,700695,5004,2025-11-14,Successful,1034.89
1000097,701485,5019,2023-01-19,Successful,1344.73
1000098,704301,5008,2024-01-10,Successful,1677.32
1000099,706206,5028,2023-05-05,Successful,1636.16
1000100,703191,5026,2022-07-29,Successful,1982.49
1000101,700709,5038,2022-02-26,Successful,1541.23
1000102,701451,5032,2021-09-05,Successful,4291.47
1000103,701268,5028,2022-04-05,Successful,938.74
1000104,703290,5039,2022-05-13,Successful,4059.07
1000105,705715,5036,2025-02-24,Successful,799.43
1000106,706396,5003,2022-11-16,Successful,2360.27
1000107,702438,5008,2023-09-24,Successful,578.15
1000108,705127,5018,2024-12-31,Successful,3001.45
1000109,704442,5012,2021-02-17,Successful,2295.4
1000110,700423,5016,2021-06-19,Successful,1126.57
1000111,703691,5004,2023-03-26,Successful,3576.27
1000112,704066,5022,2022-10-12,Successful,720.03
1000113,703686,5006,2023-02-28,Successful,1078.23
1000114,703000,5017,2024-03-15,Successful,1298.53
1000115,705263,5022,2022-12-08,Successful,805.19
1000116,701521,5037,2023-09-22,Successful,1006.9
1000117,705231,5014,2023-09-14,Successful,462.06
1000118,700947,5023,2023-11-21,Successful,232.99
1000119,703050,5019,2022-06-14,Successful,798.2
1000120,703307,5040,2024-06-29,Successful,599.99
1000121,706109,5021,2024-05-17,Successful,1491.41
1000122,704893,5018,2025-05-26,Successful,3865.44
1000123,706497,5020,2021-02-04,Successful,2610.67
1000124,703059,5024,2021-08-21,Successful,1311.18
1000125,705866,5032,2021-05-01,Successful,624.38
1000126,700109,5015,2021-04-29,Complication,848.24
1000127,706067,5031,2024-12-14,Successful,572.28
1000128,703487,5013,2023-06-05,Cancelled,1394.88
1000129,700639,5007,2025-06-06,Successful,1719.32
1000130,700719,5025,2024-10-16,Successful,464.0
1000131,705147,5017,2021-09-29,Successful,1053.35
1000132,705698,5029,2021-08-16,Successful,859.88
1000133,703349,5023,2025-10-21,Successful,1250.78
1000134,700152,5037,2022-01-22,Successful,2342.63
1000135,700677,5021,2023-05-26,Successful,538.83
1000136,702540,5039,2024-07-03,Successful,419.69
1000137,700261,5029,2021-07-12,Successful,243.82
1000138,703013,5028,2022-01-26,Successful,865.05
1000139,703432,5019,2021-02-07,Successful,910.51
1000140,701896,5028,2024-10-23,Complication,806.39
1000141,700024,5021,2025-10-30,Successful,683.93
1000142,702004,5018,2021-04-08,Successful,2946.8
1000143,703073,5034,2022-05-07,Successful,738.65
1000144,704333,5004,2021-06-16,Successful,859.3
1000145,705359,5016,2024-09-23,Successful,894.29
1000146,700047,5002,2025-01-22,Complication,625.49
1000147,704665,5033,2021-05-03,Successful,1705.95
1000148,703051,5024,2025-09-21,Successful,1374.37
1000149,704091,5038,2025-11-12,Successful,366.14
1000150,704091,5020,2021-12-02,Successful,1710.5
1000151,701168,5025,2022-07-20,Successful,456.06
1000152,704078,5012,2022-02-22,Successful,840.29
1000153,704026,5028,2021-09-07,Successful,1790.34
1000154,704309,5010,2022-11-10,Successful,2514.79
1000155,702825,5001,2025-06-22,Successful,658.84
1000156,701632,5020,2024-09-09,Successful,470.57
1000157,704413,5038,2023-12-25,Successful,582.87
1000158,702219,5012,2022-01-20,Successful,1078.1
1000159,700661,5006,2022-03-31,Successful,417.19
1000160,701935,5004,2021-11-23,Successful,1140.35
1000161,703369,5016,2022-02-20,Successful,2019.02
1000162,702665,5007,2024-02-06,Successful,2468.08
1000163,704620,5005,2022-08-27,Successful,2848.95
1000164,702461,5009,2021-06-17,Successful,2375.19
1000165,703351,5019,2022-06-07,Successful,1220.6
1000166,700889,5023,2023-03-03,Successful,577.48
1000167,701594,5009,2022-03-12,Successful,1671.5
1000168,701269,5033,2022-08-24,Successful,1865.08
1000169,700330,5038,2025-04-20,Successful,3137.96
1000170,704947,5022,2022-09-06,Successful,803.49
1000171,703640,5022,2023-07-17,Successful,1683.2
1000172,705531,5029,2025-07-31,Successful,932.02
1000173,701584,5037,2024-09-02,Complication,1909.52
1000174,701077,5008,2022-01-19,Successful,661.66
1000175,701562,5034,2021-12-06,Successful,735.1
1000176,702279,5005,2025-08-18,Successful,692.11
1000177,701155,5034,2025-12-12,Successful,3527.08
1000178,705389,5028,2025-01-30,Successful,2311.58
1000179,706034,5001,2023-05-12,Successful,1554.46
1000180,703763,5002,2025-08-13,Successful,1046.94
1000181,700107,5001,2022-10-09,Successful,598.95
1000182,704514,5037,2024-04-10,Successful,928.41
1000183,706127,5036,2025-01-21,Successful,387.33
1000184,705011,5011,2022-08-02,Successful,1639.53
1000185,702559,5039,2024-07-20,Successful,1265.96
1000186,703323,5004,2025-04-15,Complication,661.25
1000187,705710,5001,2025-07-31,Successful,4172.31
1000188,700759,5040,2023-08-10,Successful,1330.98
1000189,704829,5013,2024-12-10,Successful,1153.17
1000190,702031,5016,2024-11-23,Successful,835.87
1000191,700920,5023,2021-09-28,Successful,673.31
1000192,703696,5037,2022-03-02,Successful,682.61
1000193,706226,5001,2025-02-02,Successful,419.05
1000194,705520,5029,2022-07-29,Successful,1737.66
1000195,704369,5010,2024-08-05,Successful,596.75
1000196,705338,5017,2024-01-07,Successful,1371.81
1000197,702520,5008,2024-04-16,Complication,981.9
1000198,703958,5016,2021-06-17,Successful,2093.18
1000199,702429,5030,2022-10-23,Successful,1372.24
1000200,705782,5036,2024-12-25,Successful,3547.5
1000201,704922,5037,2021-12-20,Successful,746.81
1000202,704444,5018,2022-04-05,Successful,1375.96
1000203,705729,5017,2024-04-23,Successful,739.29
1000204,703688,5023,2022-08-30,Successful,598.46
1000205,704114,5011,2025-05-11,Successful,2564.77
1000206,701260,5031,2022-07-17,Complication,3405.0
1000207,702839,5034,2025-01-20,Successful,932.42
1000208,701510,5040,2021-07-30,Successful,462.01
1000209,700309,5012,2024-09-20,Successful,504.15
1000210,703908,5014,2023-01-11,Successful,182.28
1000211,705302,5020,2021-06-07,Successful,2006.87
1000212,700331,5001,2023-11-17,Successful,3642.24
1000213,704396,5014,2021-03-25,Successful,808.16
1000214,706475,5014,2024-08-30,Successful,1387.81
1000215,702375,5038,2023-03-15,Complication,1114.14
1000216,701906,5021,2024-12-31,Successful,2519.94
1000217,702261,5032,2022-10-19,Successful,812.94
1000218,703494,5032,2023-12-13,Cancelled,590.31
1000219,700290,5007,2025-07-04,Successful,2875.98
1000220,700423,5012,2022-09-28,Successful,284.86
1000221,705890,5013,2021-02-17,Successful,2650.42
1000222,700658,5038,2022-11-11,Successful,1025.56
1000223,700744,5029,2024-03-10,Successful,365.07
1000224,705153,5022,2025-12-08,Successful,2073.28
1000225,706454,5014,2025-01-01,Complication,208.67
1000226,701577,5013,2022-09-28,Successful,496.8
1000227,702774,5005,2023-04-25,Successful,1806.24
1000228,702177,5014,2025-05-14,Successful,1335.7
1000229,703282,5040,2025-12-18,Successful,558.94
1000230,704800,5003,2024-10-09,Complication,761.96
1000231,702179,5002,2021-03-29,Successful,175.66
1000232,705061,5016,2023-09-03,Successful,4693.07
1000233,704786,5040,2024-05-23,Successful,1876.62
1000234,704065,5002,2025-11-27,Successful,1174.0
1000235,701125,5001,2023-12-19,Successful,944.67
1000236,700944,5028,2024-06-22,Successful,908.38
1000237,705208,5012,2022-03-02,Successful,4495.6
1000238,705774,5007,2022-01-23,Successful,881.31
1000239,702954,5037,2023-04-09,Successful,1431.01
1000240,700152,5008,2022-08-07,Successful,1841.46
1000241,703395,5011,2025-06-26,Successful,1162.1
1000242,701805,5009,2022-07-23,Successful,590.84
1000243,701531,5032,2021-11-21,Successful,1459.77
1000244,702277,5028,2023-02-12,Successful,1235.07
1000245,701168,5038,2022-09-24,Successful,276.53
1000246,702698,5001,2023-03-24,Successful,326.03
1000247,703530,5028,2022-08-22,Successful,823.66
1000248,704931,5029,2021-12-19,Successful,1683.68
1000249,704820,5005,2022-06-16,Successful,327.53
1000250,705729,5019,2025-12-28,Successful,1998.29
1000251,703816,5001,2021-12-16,Successful,1075.35
1000252,701930,5036,2021-12-31,Complication,477.94
1000253,702530,5018,2023-08-12,Successful,1156.77
1000254,700669,5035,2023-06-09,Successful,2353.89
1000255,700091,5002,2021-09-09,Successful,955.59
1000256,705818,5016,2024-07-15,Complication,558.43
1000257,704746,5022,2024-07-20,Successful,2674.19
1000258,703048,5023,2023-02-27,Successful,722.8
1000259,700856,5022,2023-09-19,Successful,610.1
1000260,703851,5010,2025-09-14,Successful,1870.14
1000261,702919,5025,2023-12-02,Successful,1532.06
1000262,704883,5013,2025-05-09,Successful,1519.23
1000263,706230,5033,2021-12-28,Successful,248.27
1000264,702145,5023,2023-10-08,Complication,117.99
1000265,703741,5032,2025-02-12,Successful,4794.32
1000266,701831,5026,2022-03-16,Successful,841.38
1000267,702652,5019,2023-03-01,Successful,705.44
1000268,700628,5005,2024-04-09,Successful,805.6
1000269,701264,5037,2024-11-26,Complication,910.08
1000270,703246,5016,2025-10-01,Successful,899.39
1000271,701050,5039,2023-11-11,Cancelled,2134.69
1000272,700833,5013,2021-09-16,Successful,2127.63
1000273,705439,5029,2024-05-14,Successful,1644.4
1000274,703373,5028,2024-03-08,Successful,1935.91
1000275,700669,5040,2023-09-08,Successful,233.49
1000276,705850,5038,2022-01-03,Successful,756.14
1000277,703778,5010,2021-04-26,Successful,1067.39
1000278,701941,5037,2025-08-08,Successful,3323.23
1000279,703155,5018,2021-04-07,Successful,3006.06
1000280,701027,5006,2022-02-11,Cancelled,6940.94
1000281,701634,5033,2022-02-16,Successful,2163.58
1000282,701800,5038,2022-05-19,Successful,1903.95
1000283,704756,5028,2023-10-09,Complication,1207.19
1000284,703464,5016,2021-04-17,Successful,758.03
1000285,706475,5027,2022-10-06,Successful,10244.62
1000286,702721,5008,2025-12-09,Successful,1829.74
1000287,700189,5026,2024-04-15,Cancelled,687.42
1000288,705240,5038,2023-10-05,Successful,626.06
1000289,702105,5021,2024-06-21,Successful,1867.56
1000290,706304,5033,2023-07-13,Successful,1216.39
1000291,704488,5028,2022-01-24,Successful,926.7
1000292,700390,5031,2025-07-25,Successful,924.64
1000293,701908,5007,2023-04-19,Successful,781.68
1000294,700329,5010,2022-06-29,Successful,477.11
1000295,700852,5036,2022-12-20,Successful,1908.24
1000296,703902,5011,2024-09-27,Successful,478.74
1000297,700370,5021,2023-10-09,Successful,936.17
1000298,704451,5024,2024-01-25,Successful,462.56
1000299,700395,5040,2024-04-10,Successful,2991.55
1000300,703112,5014,2024-03-18,Successful,331.42
1000301,704335,5032,2023-08-06,Successful,1361.04
1000302,705092,5017,2025-02-20,Cancelled,596.44
1000303,702376,5018,2025-04-25,Successful,983.61
1000304,701661,5004,2023-03-12,Successful,314.43
1000305,700037,5037,2022-12-19,Successful,3028.71
1000306,706035,5029,2021-06-22,Successful,602.0
1000307,701053,5016,2021-07-28,Successful,5319.19
1000308,701306,5019,2023-12-28,Successful,807.67
1000309,703320,5030,2023-01-16,Successful,604.44
1000310,703444,5006,2025-02-01,Successful,1417.03
1000311,700188,5019,2025-07-11,Successful,749.75
1000312,701683,5020,2021-05-14,Successful,5399.95
1000313,700763,5010,2023-03-03,Successful,1160.55
1000314,704219,5020,2025-08-15,Successful,1701.22
1000315,705656,5009,2024-10-29,Successful,5514.1
1000316,706018,5023,2023-12-22,Successful,252.94
1000317,702390,5039,2024-05-13,Successful,1147.74
1000318,705452,5003,2024-01-12,Successful,471.39
1000319,704040,5027,2024-08-31,Successful,1625.41
1000320,706274,5021,2025-03-01,Successful,1085.4
1000321,704293,5011,2022-11-05,Successful,1767.19
1000322,702920,5018,2021-07-21,Complication,2606.2
1000323,705050,5035,2024-05-11,Successful,3306.62
1000324,703671,5033,2024-06-19,Complication,363.64
1000325,705154,5036,2023-10-04,Successful,968.75
1000326,700130,5035,2024-04-02,Successful,1292.56
1000327,704497,5017,2021-09-08,Successful,1960.71
1000328,705434,5015,2021-08-21,Successful,1723.22
1000329,703956,5018,2022-01-17,Successful,1509.11
1000330,704310,5027,2022-05-31,Successful,416.24
1000331,703973,5016,2021-05-05,Complication,774.26
1000332,706427,5023,2024-06-28,Successful,502.7
1000333,706029,5031,2024-10-12,Successful,337.12
1000334,701801,5037,2024-03-16,Successful,455.72
1000335,705054,5020,2023-10-01,Successful,500.79
1000336,702165,5033,2021-09-03,Successful,3141.95
1000337,701974,5010,2021-12-26,Successful,862.99
1000338,702366,5006,2021-02-14,Successful,946.08
1000339,705362,5002,2025-11-05,Successful,
1000340,703111,5023,2025-04-14,Successful,3699.35
1000341,700602,5032,2022-05-09,Successful,2367.69
1000342,702725,5021,2025-06-05,Successful,1141.76
1000343,700188,5036,2024-07-26,Successful,889.28
1000344,704194,5001,2025-05-27,Successful,1076.83
1000345,704464,5034,2024-07-17,Complication,289.92
1000346,703440,5038,2023-10-31,Successful,1360.16
1000347,705312,5034,2024-02-18,Successful,528.35
1000348,700916,5003,2023-07-12,Successful,1034.61
1000349,703737,5012,2021-01-02,Successful,598.77
1000350,703914,5038,2021-06-29,Successful,380.62
1000351,701594,5013,2024-03-08,Successful,2671.81
1000352,700643,5011,2024-10-21,Successful,790.72
1000353,705068,5008,2025-01-25,Successful,1126.86
1000354,701247,5014,2024-07-15,Successful,825.34
1000355,704383,5031,2024-03-29,Complication,736.93
1000356,703424,5040,2023-11-16,Successful,1435.53
1000357,705607,5012,2021-02-03,Successful,1671.59
1000358,702820,5025,2025-10-18,Successful,1831.24
1000359,701223,5014,2025-10-08,Successful,1923.73
1000360,705981,5031,2025-12-25,Successful,631.05
1000361,702796,5004,2021-02-05,Successful,1413.82
1000362,704233,5012,2023-04-13,Successful,3812.75
1000363,705330,5027,2025-10-05,Successful,1231.06
1000364,705177,5018,2025-10-25,Successful,952.45
1000365,705653,5012,2023-01-30,Successful,1249.73
1000366,700673,5009,2022-10-07,Successful,691.4
1000367,705241,5004,2025-12-12,Successful,1438.4
1000368,702673,5021,2021-01-19,Successful,1990.03
1000369,700372,5005,2023-04-01,Successful,5998.87
1000370,703677,5024,2024-12-26,Successful,2035.13
1000371,700667,5018,2021-05-24,Successful,847.61
1000372,702401,5034,2023-03-03,Successful,641.46
1000373,703271,5004,2021-07-15,Successful,1485.47
1000374,703683,5024,2022-01-06,Successful,6240.46
1000375,705066,5017,2021-06-05,Successful,515.39
1000376,702411,5014,2024-10-30,Complication,594.05
1000377,702847,5002,2021-02-12,Successful,2989.59
1000378,702382,5019,2024-05-28,Complication,633.12
1000379,702270,5018,2023-11-14,Successful,681.6
1000380,704545,5019,2025-08-26,Successful,587.99
1000381,702163,5013,2023-11-22,Successful,2491.57
1000382,700212,5015,2025-06-09,Complication,4453.95
1000383,706291,5003,2025-10-20,Successful,2017.92
1000384,705289,5036,2025-11-16,Successful,1711.87
1000385,703323,5012,2024-01-18,Successful,3744.02
1000386,701678,5016,2023-03-01,Successful,1014.26
1000387,703992,5005,2025-04-13,Successful,918.47
1000388,705979,5014,2025-02-19,Successful,338.26
1000389,704483,5035,2024-09-30,Successful,528.92
1000390,702425,5003,2023-10-23,Successful,494.76
1000391,700830,5002,2021-12-10,Successful,466.97
1000392,700004,5015,2024-05-09,Successful,591.53
1000393,703488,5012,2025-10-19,Successful,992.02
1000394,702865,5037,2021-06-11,Complication,834.28
1000395,704617,5030,2024-05-05,Cancelled,731.28
1000396,705101,5007,2024-10-13,Successful,674.25
1000397,704697,5001,2025-06-21,Successful,1074.26
1000398,703741,5038,2025-12-15,Successful,1691.23
1000399,700620,5038,2025-07-02,Successful,1243.23
1000400,703622,5017,2023-02-26,Successful,5444.52
1000401,705212,5040,2021-12-10,Successful,1643.99
1000402,705724,5028,2025-02-23,Successful,1240.5
1000403,703941,5015,2024-11-24,Successful,656.52
1000404,702263,5030,2024-05-08,Successful,1266.06
1000405,701335,5007,2024-10-27,Successful,1417.01
1000406,703155,5015,2023-11-06,Successful,1162.16
1000407,702043,5037,2025-12-16,Successful,1113.07
1000408,704894,5011,2025-02-28,Successful,3904.3
1000409,706020,5015,2024-11-10,Successful,1750.32
1000410,703344,5019,2023-03-23,Successful,1469.62
1000411,703506,5019,2022-12-19,Cancelled,2270.58
1000412,700273,5013,2023-11-26,Cancelled,2003.58
1000413,700968,5008,2024-02-22,Successful,472.67
1000414,706461,5004,2025-10-14,Successful,648.37
1000415,702619,5019,2024-05-10,Successful,634.81
1000416,703030,5039,2021-06-16,Successful,463.62
1000417,704731,5003,2022-10-01,Cancelled,431.92
1000418,702148,5031,2025-06-18,Successful,937.65
1000419,703573,5026,2025-02-04,Successful,2634.24
1000420,701359,5030,2024-05-18,Successful,2333.29
1000421,705069,5026,2024-05-13,Successful,1943.0
1000422,706376,5025,2022-05-10,Successful,1058.96
1000423,703802,5001,2021-03-17,Successful,330.79
1000424,704198,5001,2025-05-11,Successful,1224.16
1000425,700177,5006,2025-07-27,Successful,3666.36
1000426,702214,5031,2023-07-14,Successful,507.04
1000427,702567,5024,2021-02-07,Successful,1384.74
1000428,704457,5034,2022-11-20,Successful,805.18
1000429,702135,5006,2022-07-03,Successful,450.01
1000430,701020,5028,2024-06-10,Successful,422.0
1000431,704883,5016,2024-10-23,Successful,1012.25
1000432,705215,5040,2023-07-19,Successful,972.06
1000433,704961,5026,2022-07-08,Successful,636.31
1000434,704876,5025,2021-12-18,Successful,865.28
1000435,701153,5009,2021-08-07,Successful,864.96
1000436,701497,5026,2021-10-05,Successful,279.16
1000437,702288,5037,2025-10-01,Successful,2611.62
1000438,706066,5036,2022-08-29,Successful,562.58
1000439,701211,5027,2022-05-15,Successful,1183.64
1000440,704294,5034,2025-11-27,Successful,1179.0
1000441,705974,5006,2024-05-25,Successful,960.5
1000442,705027,5032,2022-01-09,Successful,602.19
1000443,701274,5002,2023-08-07,Cancelled,666.11
1000444,700815,5031,2021-08-18,Successful,1512.61
1000445,704169,5005,2022-07-04,Successful,1064.11
1000446,704189,5034,2023-07-16,Successful,10158.48
1000447,702271,5033,2021-06-15,Successful,1029.61
1000448,702649,5022,2025-07-01,Successful,748.4
1000449,703627,5023,2023-12-09,Complication,2669.22
1000450,701951,5036,2025-04-14,Successful,1080.27
1000451,701717,5023,2023-08-02,Successful,1027.17
1000452,703181,5035,2024-02-12,Successful,545.87
1000453,702969,5035,2023-09-19,Successful,814.77
1000454,705719,5006,2021-11-10,Successful,1558.92
1000455,706198,5032,2021-02-06,Successful,1121.36
1000456,705049,5019,2025-12-03,Successful,855.64
1000457,705336,5027,2022-12-30,Successful,1520.94
1000458,705990,5014,2025-09-25,Successful,1172.14
1000459,704204,5002,2022-05-31,Successful,5509.66
1000460,705163,5025,2025-12-16,Cancelled,1849.31
1000461,705212,5028,2022-06-07,Successful,5517.3
1000462,703807,5005,2024-01-31,Successful,1376.66
1000463,706209,5034,2022-02-06,Successful,784.95
1000464,702960,5022,2023-03-03,Successful,330.64
1000465,702762,5010,2025-08-14,Successful,2190.72
1000466,702786,5006,2024-06-27,Successful,4080.04
1000467,704144,5003,2023-07-01,Successful,504.46
1000468,704284,5002,2025-10-22,Successful,1231.85
1000469,702696,5030,2021-09-05,Successful,2189.18
1000470,704445,5009,2025-06-23,Successful,449.39
1000471,702011,5007,2023-02-13,Successful,577.54
1000472,700052,5027,2023-02-26,Successful,1705.47
1000473,705378,5034,2021-12-21,Successful,1475.34
1000474,705067,5006,2022-12-29,Successful,1550.44
1000475,701170,5031,2023-05-10,Complication,503.32
1000476,701528,5029,2025-07-24,Successful,1441.13
1000477,704041,5027,2024-12-07,Successful,1953.2
1000478,706207,5023,2021-10-29,Successful,3244.63
1000479,702982,5009,2024-08-31,Successful,1746.54
1000480,703742,5031,2024-06-10,Successful,3098.66
1000481,700469,5002,2024-12-19,Successful,772.8
1000482,700061,5024,2025-12-16,Successful,2547.62
1000483,704468,5026,2021-12-19,Successful,1495.29
1000484,703876,5039,2025-04-28,Successful,582.35
1000485,702217,5026,2024-04-25,Cancelled,1455.46
1000486,700839,5031,2024-10-10,Complication,479.63
1000487,701640,5039,2021-12-20,Successful,812.28
1000488,705594,5028,2025-10-18,Successful,1318.43
1000489,705483,5007,2021-12-28,Successful,6638.57
1000490,703360,5011,2024-07-15,Successful,1173.58
1000491,700912,5005,2023-10-25,Successful,403.04
1000492,702908,5016,2021-01-14,Successful,749.32
1000493,703098,5022,2021-04-28,Cancelled,417.3
1000494,706151,5034,2021-06-29,Successful,2928.0
1000495,701580,5002,2024-10-13,Successful,303.45
1000496,705039,5004,2023-10-25,Successful,1912.53
1000497,704644,5031,2023-10-06,Successful,2067.34
1000498,700686,5022,2022-08-02,Successful,1128.46
1000499,703700,5024,2024-09-06,Successful,3092.67
1000500,700281,5038,2024-05-05,Successful,1090.11
1000501,701729,5002,2025-09-08,Successful,4629.81
1000502,705606,5012,2021-05-09,Successful,4102.86
1000503,704889,5036,2024-05-28,Successful,594.56
1000504,704920,5011,2024-10-02,Successful,799.55
1000505,700060,5029,2023-11-14,Successful,1796.52
1000506,705384,5002,2021-02-26,Successful,10354.39
1000507,703602,5001,2022-11-20,Successful,2282.84
1000508,705341,5035,2025-03-08,Complication,2144.89
1000509,702140,5028,2021-08-02,Successful,3026.74
1000510,706254,5024,2022-01-07,Cancelled,217.56
1000511,705398,5024,2021-10-18,Successful,488.34
1000512,705569,5010,2023-07-11,Successful,2077.07
1000513,703027,5031,2021-10-23,Cancelled,1411.92
1000514,700864,5002,2022-11-17,Successful,666.06
1000515,702721,5030,2024-06-22,Successful,1526.98
1000516,701897,5016,2023-04-06,Successful,328.22
1000517,700872,5027,2025-04-17,Successful,1539.35
1000518,703849,5011,2023-12-29,Successful,478.32
1000519,704575,5004,2022-06-24,Successful,431.04
1000520,704074,5022,2023-07-08,Successful,1127.26
1000521,700201,5003,2024-05-03,Successful,1423.66
1000522,702652,5018,2022-10-15,Successful,924.83
1000523,705373,5032,2022-02-25,Successful,2120.62
1000524,706044,5010,2025-06-12,Complication,560.87
1000525,703429,5023,2024-10-25,Successful,569.97
1000526,701549,5024,2025-04-02,Successful,207.37
1000527,706211,5027,2025-09-05,Successful,588.72
1000528,706437,5009,2024-04-08,Successful,1104.59
1000529,702529,5018,2023-08-26,Successful,705.33
1000530,700422,5037,2025-04-10,Successful,597.46
1000531,700192,5032,2024-03-22,Successful,2369.76
1000532,701998,5023,2025-07-22,Successful,1250.91
1000533,700534,5026,2025-05-10,Successful,1050.1
1000534,700544,5002,2021-03-25,Successful,1110.91
1000535,705359,5026,2022-09-04,Successful,1283.41
1000536,702211,5019,2022-10-25,Successful,329.67
1000537,700817,5030,2022-08-10,Successful,3986.7
1000538,704145,5019,2025-02-27,Successful,932.74
1000539,702509,5002,2024-11-07,Successful,527.47
1000540,702638,5034,2024-12-05,Successful,6883.83
1000541,705485,5035,2023-07-01,Successful,10330.38
1000542,701984,5030,2025-10-30,Successful,572.55
1000543,700619,5001,2022-09-27,Successful,2437.88
1000544,700619,5003,2022-10-17,Successful,409.4
1000545,701556,5027,2025-02-21,Successful,769.74
1000546,702508,5004,2022-01-25,Successful,1605.6
1000547,706060,5030,2021-09-05,Successful,1162.28
1000548,704939,5035,2021-11-11,Successful,1512.15
1000549,700458,5036,2024-10-31,Successful,1260.48
1000550,700526,5007,2023-10-31,Successful,871.55
1000551,700714,5040,2023-04-24,Successful,554.52
1000552,704937,5036,2022-01-21,Successful,6540.39
1000553,705723,5002,2024-01-28,Successful,809.9
1000554,704388,5017,2024-03-16,Successful,664.45
1000555,702296,5011,2025-02-21,Complication,745.95
1000556,701561,5021,2021-02-11,Complication,940.57
1000557,700756,5035,2023-02-14,Successful,1635.56
1000558,702120,5002,2022-02-23,Cancelled,362.66
1000559,700346,5015,2021-01-26,Successful,1401.91
1000560,705256,5021,2025-11-20,Successful,105.11
1000561,705954,5020,2021-10-21,Successful,2295.25
1000562,704972,5034,2022-06-05,Successful,545.94
1000563,701811,5015,2021-04-08,Successful,1356.5
1000564,705655,5018,2023-03-14,Successful,
1000565,705607,5014,2022-05-04,Complication,2444.95
1000566,703767,5035,2025-09-17,Successful,380.16
1000567,702735,5004,2022-12-07,Successful,1138.95
1000568,702204,5032,2021-06-17,Successful,1607.09
1000569,702962,5033,2025-10-30,Successful,1406.82
1000570,705190,5028,2025-09-04,Successful,778.63
1000571,700391,5014,2024-09-29,Successful,1116.31
1000572,701859,5014,2022-05-14,Successful,356.79
1000573,705915,5037,2021-09-01,Complication,1655.99
1000574,704543,5023,2025-03-10,Successful,829.26
1000575,703776,5020,2023-04-21,Successful,2214.83
1000576,702423,5006,2024-06-05,Successful,988.52
1000577,700993,5033,2025-06-12,Successful,765.06
1000578,700496,5005,2023-04-28,Successful,1685.3
1000579,700553,5034,2021-08-03,Cancelled,1749.55
1000580,705836,5024,2024-02-14,Complication,1220.03
1000581,705605,5016,2021-07-10,Successful,3404.87
1000582,706043,5038,2024-12-15,Successful,1647.61
1000583,700843,5027,2022-10-31,Successful,834.35
1000584,705152,5011,2022-03-02,Successful,767.21
1000585,700129,5030,2023-02-24,Successful,1338.02
1000586,704202,5039,2025-03-30,Successful,1486.47
1000587,706360,5012,2025-05-25,Successful,1374.91
1000588,701456,5008,2021-06-22,Successful,810.56
1000589,705647,5032,2022-07-05,Successful,1115.83
1000590,700658,5038,2023-11-02,Successful,498.25
1000591,702277,5011,2023-03-06,Successful,806.8
1000592,704138,5026,2023-12-29,Successful,1752.46
1000593,702332,5036,2025-12-29,Successful,732.2
1000594,705696,5019,2021-07-04,Successful,993.7
1000595,700244,5011,2022-03-23,Successful,1400.41
1000596,703489,5035,2022-11-21,Successful,2743.64
1000597,700018,5002,2025-11-17,Successful,574.91
1000598,704908,5034,2024-10-22,Successful,3333.24
1000599,703585,5030,2023-09-30,Complication,849.7
1000600,701959,5032,2024-02-27,Successful,2207.72
1000601,706268,5005,2024-04-09,Successful,2990.13
1000602,702293,5017,2025-06-15,Complication,400.52
1000603,702529,5026,2024-04-30,Successful,1326.83
1000604,700980,5007,2023-05-11,Successful,1438.65
1000605,701251,5001,2023-05-18,Successful,2057.0
1000606,700284,5005,2021-11-02,Complication,870.7
1000607,700362,5030,2022-04-24,Successful,658.12
1000608,706351,5013,2024-12-26,Successful,549.54
1000609,704088,5022,2022-02-23,Successful,1230.07
1000610,705866,5007,2023-12-22,Successful,2678.34
1000611,703091,5032,2022-07-16,Successful,584.71
1000612,705109,5024,2021-01-13,Successful,658.57
1000613,705613,5017,2023-06-20,Successful,1011.98
1000614,705492,5021,2025-01-01,Successful,3172.74
1000615,705877,5016,2024-01-01,Successful,1905.55
1000616,702108,5038,2021-10-01,Successful,1323.04
1000617,704666,5021,2021-07-12,Successful,649.37
1000618,700980,5006,2021-10-13,Successful,2622.73
1000619,701385,5037,2024-01-29,Successful,759.06
1000620,705633,5005,2024-01-24,Successful,2774.49
1000621,702845,5011,2022-03-12,Successful,3826.48
1000622,700125,5009,2025-12-02,Successful,364.11
1000623,703568,5027,2025-01-20,Successful,868.65
1000624,705904,5001,2025-12-10,Successful,1070.43
1000625,702769,5040,2023-05-29,Successful,833.26
1000626,701392,5036,2022-10-03,Successful,401.21
1000627,704098,5009,2021-03-18,Successful,663.15
1000628,704312,5011,2024-07-07,Successful,1573.68
1000629,701489,5025,2025-08-06,Successful,1331.48
1000630,702652,5035,2022-06-04,Successful,575.67
1000631,700935,5006,2025-10-22,Successful,204.42
1000632,705388,5005,2021-08-08,Successful,1219.94
1000633,703164,5022,2025-07-01,Successful,3680.99
1000634,703806,5012,2023-11-25,Successful,2069.28
1000635,703181,5009,2025-11-18,Successful,1734.44
1000636,700527,5011,2025-10-03,Cancelled,2347.05
1000637,703850,5026,2022-10-31,Successful,800.85
1000638,703766,5005,2021-08-15,Successful,2066.62
1000639,703681,5004,2023-03-19,Complication,2295.92
1000640,702511,5008,2023-12-04,Successful,4622.03
1000641,703360,5021,2024-05-20,Successful,1180.53
1000642,702912,5002,2023-10-22,Successful,1085.14
1000643,705973,5025,2025-02-13,Successful,1843.92
1000644,704283,5021,2021-03-28,Successful,2219.39
1000645,700422,5037,2022-04-23,Successful,1833.8
1000646,705331,5037,2024-06-09,Successful,966.47
1000647,701780,5028,2022-04-05,Successful,580.07
1000648,705914,5035,2024-03-23,Successful,760.51
1000649,700907,5003,2024-07-08,Successful,2646.87
1000650,703923,5011,2022-01-17,Successful,2374.66
1000651,705377,5035,2023-12-24,Successful,407.02
1000652,706065,5040,2024-09-26,Successful,724.91
1000653,705528,5019,2024-10-26,Successful,1714.4
1000654,705865,5032,2021-06-18,Cancelled,673.07
1000655,702328,5006,2023-02-14,Successful,1298.89
1000656,700452,5008,2021-01-26,Successful,1194.13
1000657,701394,5013,2021-08-17,Successful,1042.9
1000658,702321,5034,2025-12-21,Successful,893.71
1000659,700638,5030,2021-03-18,Successful,3779.55
1000660,700887,5025,2024-09-05,Successful,723.12
1000661,705150,5039,2025-08-02,Successful,623.31
1000662,701257,5012,2024-07-16,Successful,530.14
1000663,700012,5019,2021-04-19,Complication,971.27
1000664,701949,5016,2021-01-02,Complication,1850.36
1000665,700229,5037,2021-08-03,Successful,420.15
1000666,706276,5022,2023-12-10,Complication,1425.23
1000667,702279,5030,2023-09-30,Successful,1488.44
1000668,703121,5039,2025-06-03,Successful,717.33
1000669,702492,5010,2023-12-07,Successful,1103.77
1000670,703615,5017,2025-03-17,Successful,931.9
1000671,704102,5004,2023-08-28,Successful,6679.86
1000672,704806,5020,2024-03-10,Successful,671.55
1000673,706277,5006,2025-05-31,Successful,1706.7
1000674,702978,5018,2023-05-02,Successful,1444.96
1000675,703640,5021,2025-07-06,Successful,1511.66
1000676,701122,5021,2023-11-28,Successful,546.13
1000677,704326,5005,2021-10-08,Successful,635.39
1000678,704330,5026,2024-08-08,Successful,
1000679,705130,5009,2022-12-05,Successful,403.81
1000680,702342,5038,2022-05-28,Successful,716.57
1000681,703321,5014,2022-11-20,Complication,2874.36
1000682,705587,5018,2025-08-22,Complication,817.85
1000683,701920,5034,2024-01-17,Successful,254.98
1000684,702372,5018,2025-03-19,Successful,3716.17
1000685,705885,5015,2023-11-19,Successful,759.15
1000686,703293,5015,2024-02-10,Successful,5611.59
1000687,704052,5010,2023-09-27,Successful,2503.47
1000688,701552,5037,2024-04-04,Complication,2505.01
1000689,704947,5013,2024-10-12,Successful,493.23
1000690,705041,5035,2023-11-13,Successful,993.98
1000691,706255,5037,2023-08-30,Successful,892.87
1000692,701143,5035,2024-07-26,Successful,785.56
1000693,706087,5032,2021-05-31,Successful,905.08
1000694,702452,5038,2022-03-29,Successful,822.34
1000695,700444,5036,2021-01-31,Successful,2074.32
1000696,701912,5009,2025-12-14,Successful,722.7
1000697,702525,5013,2024-07-01,Successful,1638.61
1000698,702086,5033,2025-11-07,Successful,790.16
1000699,700613,5038,2023-03-12,Successful,1110.82
1000700,705794,5009,2025-02-19,Successful,335.13
1000701,704995,5013,2021-06-12,Successful,1236.19
1000702,700982,5006,2024-04-17,Successful,1692.55
1000703,700420,5009,2025-10-22,Successful,483.64
1000704,704046,5005,2021-02-15,Successful,230.52
1000705,702609,5015,2023-04-15,Successful,342.37
1000706,704829,5033,2024-12-27,Complication,929.85
1000707,703880,5025,2021-08-05,Successful,5012.89
1000708,701602,5022,2025-07-29,Successful,
1000709,705231,5025,2022-02-09,Successful,1424.8
1000710,702700,5034,2021-05-29,Successful,497.8
1000711,703205,5028,2021-03-04,Successful,1586.96
1000712,705583,5011,2022-06-01,Cancelled,817.72
1000713,702489,5037,2024-05-08,Successful,1983.9
1000714,700622,5033,2021-06-10,Cancelled,422.06
1000715,701984,5011,2025-09-29,Successful,786.44
1000716,701818,5033,2024-03-31,Successful,681.41
1000717,706158,5002,2023-04-14,Successful,1804.55
1000718,703127,5031,2024-03-24,Successful,791.37
1000719,705299,5031,2024-11-24,Successful,250.12
1000720,701959,5037,2024-10-05,Successful,247.6
1000721,700568,5020,2025-02-14,Successful,1136.18
1000722,704213,5036,2023-04-08,Successful,936.18
1000723,700270,5027,2021-03-25,Successful,1286.66
1000724,703464,5019,2023-12-28,Successful,989.66
1000725,704290,5040,2025-08-13,Complication,860.98
1000726,701240,5020,2022-03-24,Successful,690.2
1000727,701201,5015,2022-05-15,Successful,3723.85
1000728,703419,5029,2021-07-08,Successful,2127.09
1000729,705739,5022,2024-11-03,Successful,492.22
1000730,700189,5015,2021-02-27,Successful,1678.15
1000731,705073,5012,2023-03-17,Successful,1894.95
1000732,704333,5026,2024-05-09,Successful,572.53
1000733,700739,5032,2024-10-26,Successful,919.75
1000734,706431,5040,2023-06-13,Successful,931.6
1000735,703742,5004,2024-11-19,Successful,212.77
1000736,703680,5007,2023-12-11,Successful,1706.05
1000737,702351,5022,2022-02-07,Successful,748.28
1000738,700765,5036,2022-09-07,Successful,675.0
1000739,702947,5021,2024-10-06,Successful,1900.34
1000740,703125,5027,2024-04-16,Successful,1679.95
1000741,700876,5012,2024-12-21,Successful,903.0
1000742,703371,5002,2024-03-01,Successful,949.38
1000743,702499,5006,2025-05-16,Complication,2216.19
1000744,701539,5040,2022-12-04,Successful,1555.59
1000745,701735,5021,2022-01-04,Successful,1799.57
1000746,705130,5038,2022-11-11,Successful,941.16
1000747,702924,5037,2024-12-28,Successful,1219.15
1000748,703579,5005,2023-10-21,Cancelled,1481.65
1000749,700834,5040,2021-02-26,Successful,183.16
1000750,705146,5026,2024-06-08,Successful,696.8
1000751,705186,5014,2023-01-20,Successful,4311.17
1000752,705609,5038,2023-11-22,Successful,396.34
1000753,701060,5015,2025-07-13,Successful,1307.73
1000754,704653,5035,2024-06-10,Successful,710.94
1000755,702780,5017,2023-12-15,Successful,945.08
1000756,705205,5027,2021-06-14,Successful,920.55
1000757,702707,5004,2022-04-07,Successful,468.52
1000758,702120,5003,2024-11-29,Successful,2693.72
1000759,704210,5012,2023-11-11,Successful,1380.53
1000760,704621,5022,2022-12-30,Complication,5251.76
1000761,701823,5014,2023-06-22,Successful,1292.32
1000762,704248,5015,2025-04-26,Successful,1162.33
1000763,704440,5025,2021-11-25,Successful,1073.59
1000764,700102,5027,2025-09-17,Successful,2231.89
1000765,702673,5040,2025-01-16,Successful,427.99
1000766,705895,5032,2022-11-09,Successful,661.84
1000767,705151,5009,2022-01-04,Successful,766.71
1000768,700613,5002,2025-10-25,Complication,1089.39
1000769,705271,5008,2024-03-02,Successful,1161.08
1000770,705644,5036,2021-09-09,Successful,486.81
1000771,704830,5030,2021-01-21,Successful,648.35
1000772,703182,5018,2024-03-26,Successful,886.32
1000773,700949,5019,2025-02-28,Successful,1016.49
1000774,700683,5021,2024-01-09,Successful,2535.35
1000775,704219,5013,2025-02-06,Successful,1165.44
1000776,703008,5010,2024-10-19,Complication,1257.25
1000777,704119,5012,2025-02-02,Successful,1309.63
1000778,701907,5011,2022-10-04,Successful,3256.19
1000779,703272,5005,2023-01-03,Successful,1642.47
1000780,706383,5015,2021-12-14,Successful,1999.14
1000781,705564,5036,2024-04-10,Successful,3543.57
1000782,705368,5016,2025-12-16,Successful,605.42
1000783,704990,5004,2022-03-09,Successful,3261.65
1000784,702678,5015,2024-12-03,Complication,1608.55
1000785,700655,5037,2024-01-03,Complication,386.93
1000786,700606,5039,2021-03-01,Successful,626.23
1000787,704053,5029,2021-05-06,Successful,688.14
1000788,706253,5037,2021-05-01,Complication,1516.05
1000789,700698,5009,2023-11-17,Successful,1220.17
1000790,701506,5006,2023-07-25,Successful,1779.21
1000791,704955,5008,2021-11-15,Successful,3131.23
1000792,701427,5004,2025-07-15,Successful,1172.46
1000793,705110,5015,2022-01-22,Successful,857.5
1000794,706108,5008,2021-10-25,Complication,990.59
1000795,702037,5026,2021-02-28,Successful,699.49
1000796,701256,5018,2025-07-02,Complication,910.5
1000797,700884,5025,2023-07-02,Successful,656.43
1000798,700292,5008,2025-05-01,Successful,4563.43
1000799,703503,5035,2025-03-24,Successful,550.32
1000800,704015,5021,2022-11-17,Successful,549.08
1000801,702041,5028,2021-01-25,Successful,408.51
1000802,701475,5037,2022-01-19,Successful,6841.71
1000803,702094,5012,2023-03-19,Successful,6555.23
1000804,701965,5037,2023-10-23,Successful,1605.91
1000805,700568,5001,2022-02-17,Successful,638.21
1000806,701581,5003,2025-06-10,Successful,161.54
1000807,703414,5020,2023-01-26,Successful,992.6
1000808,706299,5004,2025-10-20,Cancelled,1186.4
1000809,701550,5025,2021-01-14,Successful,280.85
1000810,703490,5006,2025-01-13,Successful,856.2
1000811,704089,5021,2024-08-05,Successful,349.43
1000812,700186,5006,2024-05-07,Successful,2487.45
1000813,701992,5028,2025-02-24,Successful,889.3
1000814,705091,5025,2022-01-06,Successful,4616.7
1000815,700633,5002,2021-05-11,Complication,649.8
1000816,702727,5018,2023-03-21,Complication,382.73
1000817,700132,5013,2024-10-09,Cancelled,294.47
1000818,703298,5026,2023-11-07,Successful,465.45
1000819,704537,5015,2024-03-21,Successful,1449.71
1000820,700429,5014,2022-03-31,Successful,660.71
1000821,701270,5030,2021-04-29,Successful,374.55
1000822,701332,5006,2023-04-07,Successful,4089.47
1000823,704655,5007,2025-06-07,Successful,2583.68
1000824,702098,5012,2022-11-01,Successful,2163.11
1000825,704873,5023,2025-03-02,Successful,443.2
1000826,705506,5034,2025-10-28,Successful,1640.19
1000827,701246,5022,2022-06-03,Successful,1783.65
1000828,703012,5007,2021-01-11,Successful,531.36
1000829,700813,5008,2023-08-30,Successful,1101.57
1000830,703532,5018,2021-02-28,Successful,1673.61
1000831,700640,5012,2025-04-02,Successful,344.52
1000832,705609,5038,2025-06-21,Successful,804.4
1000833,703223,5030,2023-01-20,Successful,773.68
1000834,705565,5005,2024-01-24,Successful,1593.99
1000835,703048,5038,2021-12-27,Complication,714.86
1000836,704816,5039,2022-07-01,Successful,402.95
1000837,701279,5011,2023-05-17,Successful,1414.83
1000838,701711,5033,2021-09-17,Successful,1414.94
1000839,700275,5035,2021-04-15,Successful,377.62
1000840,705452,5001,2023-03-03,Complication,2220.2
1000841,701384,5023,2025-02-11,Successful,2234.98
1000842,702371,5015,2025-09-04,Successful,6425.94
1000843,704058,5025,2025-10-31,Successful,1186.36
1000844,701957,5038,2025-03-12,Successful,1037.48
1000845,702241,5022,2024-12-10,Successful,1361.3
1000846,704725,5023,2025-05-29,Successful,1853.25
1000847,701838,5019,2021-02-19,Successful,1649.68
1000848,704308,5002,2024-07-13,Successful,1615.08
1000849,700065,5036,2021-03-07,Successful,1861.92
1000850,705021,5022,2023-01-25,Successful,662.56
1000851,703041,5019,2025-08-06,Complication,1479.26
1000852,703102,5026,2024-06-26,Successful,1207.5
1000853,703531,5034,2021-04-06,Complication,1287.5
1000854,700605,5018,2025-10-16,Complication,1296.04
1000855,703374,5030,2024-10-01,Successful,1790.19
1000856,701349,5028,2023-01-29,Successful,1424.39
1000857,702257,5033,2023-08-17,Successful,2361.21
1000858,702213,5003,2024-07-06,Successful,377.68
1000859,704538,5023,2025-12-04,Successful,523.07
1000860,703634,5016,2024-07-25,Successful,1580.26
1000861,706285,5019,2023-09-07,Complication,1291.53
1000862,703703,5008,2024-09-15,Cancelled,712.46
1000863,702927,5016,2025-10-21,Complication,3772.89
1000864,700047,5034,2021-01-07,Successful,1151.48
1000865,702801,5027,2021-11-20,Successful,3964.05
1000866,702842,5037,2021-06-21,Successful,7636.71
1000867,705437,5039,2025-06-18,Successful,754.32
1000868,703487,5027,2021-08-05,Successful,1342.78
1000869,702337,5018,2025-08-06,Successful,1915.0
1000870,704000,5022,2023-03-16,Successful,903.58
1000871,705653,5034,2022-09-05,Complication,1616.76
1000872,700550,5020,2023-01-20,Successful,747.53
1000873,703131,5003,2024-02-17,Successful,458.84
1000874,701468,5038,2021-09-02,Successful,1893.96
1000875,701202,5026,2023-12-29,Successful,3429.86
1000876,700756,5019,2024-03-01,Successful,1010.35
1000877,705691,5035,2023-11-29,Successful,1161.47
1000878,701078,5010,2025-06-01,Successful,1139.32
1000879,704253,5038,2023-11-15,Successful,2324.19
1000880,704217,5005,2022-02-14,Successful,4406.75
1000881,704646,5029,2024-05-17,Successful,1205.99
1000882,702894,5034,2025-10-05,Successful,598.85
1000883,700600,5030,2024-11-12,Successful,1273.53
1000884,702909,5039,2025-10-09,Successful,5050.74
1000885,703716,5018,2024-09-05,Successful,931.9
1000886,701257,5017,2023-01-22,Successful,535.92
1000887,706163,5016,2021-01-06,Cancelled,978.43
1000888,700463,5031,2023-06-20,Cancelled,1849.41
1000889,703919,5024,2023-04-13,Successful,2673.89
1000890,700416,5016,2021-08-02,Successful,2244.44
1000891,705616,5011,2021-11-29,Successful,468.65
1000892,706493,5030,2021-11-07,Successful,1397.71
1000893,702930,5010,2025-12-14,Complication,557.99
1000894,702994,5026,2021-03-13,Successful,630.99
1000895,703364,5017,2025-07-06,Successful,2448.31
1000896,705882,5023,2021-08-05,Successful,1703.31
1000897,701205,5028,2025-02-27,Successful,482.48
1000898,703578,5003,2023-10-02,Successful,303.31
1000899,701489,5009,2023-01-15,Complication,1378.0
1000900,703556,5032,2022-12-16,Successful,468.23
1000901,705325,5009,2021-10-17,Successful,1214.42
1000902,702363,5014,2021-06-06,Successful,693.03
1000903,705857,5021,2024-03-04,Successful,484.8
1000904,702263,5008,2025-04-25,Successful,3553.62
1000905,706193,5029,2021-02-23,Successful,1823.12
1000906,702326,5039,2022-02-05,Successful,692.38
1000907,705672,5013,2022-01-23,Successful,874.83
1000908,705137,5010,2025-08-29,Successful,4616.83
1000909,705803,5014,2025-01-11,Successful,498.08
1000910,702817,5003,2021-04-28,Complication,884.74
1000911,701328,5022,2025-09-21,Successful,1100.16
1000912,701428,5015,2021-02-19,Successful,760.37
1000913,705161,5001,2025-06-06,Successful,1400.29
1000914,705563,5001,2022-07-14,Successful,1748.26
1000915,705089,5008,2025-08-06,Successful,2298.72
1000916,702594,5016,2021-05-17,Successful,757.83
1000917,701157,5014,2021-12-25,Successful,1045.88
1000918,703954,5014,2023-08-14,Successful,4075.77
1000919,701648,5026,2021-04-18,Successful,1521.24
1000920,700374,5020,2025-11-27,Successful,1220.53
1000921,701445,5014,2023-12-14,Cancelled,1799.12
1000922,703453,5037,2025-03-23,Complication,1707.53
1000923,705222,5039,2023-06-16,Successful,2932.57
1000924,703826,5030,2024-08-05,Successful,583.21
1000925,700487,5031,2022-07-28,Successful,672.91
1000926,701388,5007,2023-12-03,Successful,5027.3
1000927,706497,5004,2025-05-22,Successful,1111.85
1000928,705810,5023,2023-01-31,Successful,458.5
1000929,706162,5032,2022-08-05,Successful,1419.11
1000930,700062,5004,2022-11-21,Successful,555.59
1000931,701266,5023,2022-02-28,Successful,472.61
1000932,701687,5033,2021-10-05,Successful,467.84
1000933,706332,5003,2022-07-13,Successful,1779.98
1000934,700491,5033,2023-03-01,Successful,1857.49
1000935,705561,5015,2022-12-30,Successful,1733.16
1000936,700134,5035,2025-06-15,Successful,1119.59
1000937,702047,5027,2021-07-17,Successful,4088.5
1000938,702556,5016,2024-06-26,Successful,708.34
1000939,704425,5001,2024-01-21,Cancelled,1255.53
1000940,706012,5012,2023-02-05,Successful,646.02
1000941,703027,5018,2023-12-17,Successful,339.85
1000942,706149,5037,2022-07-06,Successful,992.52
1000943,703254,5021,2025-08-30,Successful,655.13
1000944,700321,5023,2024-07-14,Successful,1421.82
1000945,703343,5035,2024-04-07,Successful,1158.25
1000946,701890,5012,2024-08-01,Successful,1099.0
1000947,705773,5003,2025-01-10,Cancelled,2019.34
1000948,701937,5004,2022-07-01,Successful,1247.36
1000949,702195,5038,2022-09-13,Successful,1131.92
1000950,703063,5003,2024-08-02,Successful,3900.61
1000951,703305,5014,2021-11-19,Complication,1039.44
1000952,705147,5002,2022-05-05,Successful,6788.39
1000953,703643,5025,2021-10-28,Successful,220.06
1000954,701513,5022,2021-01-08,Successful,473.31
1000955,705470,5029,2022-06-16,Successful,201.53
1000956,703459,5001,2021-07-24,Successful,2392.32
1000957,704841,5040,2023-03-07,Successful,777.51
1000958,701196,5023,2025-04-11,Complication,3188.92
1000959,702535,5033,2025-03-06,Cancelled,5363.76
1000960,702219,5037,2023-12-16,Successful,1012.72
1000961,705624,5023,2022-09-23,Complication,588.53
1000962,705760,5012,2024-08-04,Successful,3084.35
1000963,701183,5031,2023-10-05,Complication,1197.37
1000964,702888,5039,2024-03-10,Successful,3726.78
1000965,703805,5026,2024-04-13,Successful,904.43
1000966,704921,5020,2024-11-16,Cancelled,694.15
1000967,702478,5013,2022-06-29,Complication,235.24
1000968,700001,5030,2021-11-20,Successful,696.12
1000969,705627,5035,2024-01-27,Successful,370.58
1000970,700340,5033,2025-12-27,Successful,1277.85
1000971,702510,5037,2024-11-09,Complication,698.06
1000972,702882,5011,2021-04-19,Successful,542.63
1000973,700726,5032,2023-09-13,Successful,4654.58
1000974,704124,5033,2025-10-21,Successful,743.77
1000975,702107,5031,2025-12-20,Successful,1091.19
1000976,701384,5036,2022-07-09,Successful,789.26
1000977,702280,5017,2022-08-02,Successful,185.03
1000978,702041,5023,2024-12-17,Successful,1105.51
1000979,703502,5014,2022-07-28,Successful,1875.36
1000980,701455,5026,2023-09-29,Successful,1702.86
1000981,705534,5035,2024-08-30,Successful,939.95
1000982,703802,5009,2023-07-12,Successful,873.46
1000983,703521,5002,2024-09-18,Successful,327.32
1000984,704912,5015,2025-02-18,Successful,314.31
1000985,701639,5032,2023-08-21,Successful,739.27
1000986,706234,5011,2021-04-17,Successful,2446.66
1000987,701685,5001,2021-08-20,Successful,1375.59
1000988,701696,5009,2025-07-11,Cancelled,1168.3
1000989,703801,5031,2023-10-19,Successful,597.79
1000990,704084,5017,2025-03-28,Successful,1503.53
1000991,701100,5010,2022-03-26,Successful,1015.84
1000992,701635,5028,2024-04-26,Successful,1457.1
1000993,706375,5040,2021-07-30,Successful,3718.54
1000994,704139,5031,2024-10-25,Successful,4213.12
1000995,702181,5004,2022-07-17,Successful,538.16
1000996,700153,5025,2025-03-20,Complication,562.54
1000997,701674,5015,2022-01-27,Successful,712.08
1000998,704413,5002,2024-05-23,Successful,553.87
1000999,704446,5007,2021-10-06,Successful,3253.05
1001000,703562,5007,2024-06-02,Successful,986.32
1001001,703975,5018,2024-05-12,Successful,1061.24
1001002,703370,5040,2022-08-11,Successful,1640.95
1001003,704040,5016,2023-03-08,Successful,1259.54
1001004,701542,5023,2021-01-07,Successful,709.83
1001005,700549,5001,2022-07-04,Complication,408.39
1001006,705194,5035,2024-05-12,Successful,1481.88
1001007,702686,5005,2021-11-15,Successful,443.99
1001008,703838,5020,2022-06-09,Successful,3391.79
1001009,705583,5025,2025-02-04,Successful,2658.21
1001010,705482,5024,2022-11-19,Successful,776.05
1001011,704600,5027,2021-07-11,Successful,1277.84
1001012,703187,5015,2024-06-28,Successful,409.84
1001013,703851,5011,2025-12-03,Successful,902.09
1001014,701208,5034,2023-08-18,Successful,399.93
1001015,705878,5031,2024-01-16,Successful,1361.05
1001016,704534,5006,2021-06-18,Cancelled,1270.47
1001017,701064,5017,2025-07-12,Successful,1851.2
1001018,702316,5010,2023-04-05,Successful,1647.63
1001019,702547,5016,2023-05-13,Complication,1970.18
1001020,704890,5005,2021-10-28,Complication,354.11
1001021,706005,5022,2025-07-13,Successful,1937.32
1001022,700187,5016,2025-03-20,Successful,1108.24
1001023,702153,5007,2024-12-14,Complication,1017.18
1001024,701917,5024,2022-09-18,Successful,851.87
1001025,700944,5019,2022-08-21,Cancelled,1257.67
1001026,700251,5013,2021-06-10,Successful,386.48
1001027,702624,5035,2021-12-16,Successful,4025.44
1001028,702777,5002,2025-12-06,Successful,1510.67
1001029,702927,5020,2022-12-25,Successful,1268.95
1001030,702075,5034,2021-06-18,Successful,1922.18
1001031,701936,5033,2022-06-25,Successful,240.93
1001032,701983,5007,2023-05-14,Successful,1836.12
1001033,705518,5029,2023-08-22,Successful,1055.13
1001034,702469,5002,2024-12-10,Successful,2000.62
1001035,705790,5031,2022-09-14,Successful,4387.98
1001036,706499,5020,2024-05-20,Successful,1530.43
1001037,702064,5001,2021-05-31,Complication,780.0
1001038,700320,5005,2021-11-04,Successful,1086.76
1001039,700390,5032,2023-03-08,Successful,1637.56
1001040,700057,5037,2023-10-21,Complication,1406.72
1001041,704267,5003,2023-02-05,Successful,4214.68
1001042,705398,5034,2021-11-20,Successful,2903.92
1001043,704446,5022,2025-03-31,Successful,1697.7
1001044,705656,5001,2025-09-23,Successful,4512.54
1001045,706454,5040,2025-07-13,Complication,695.52
1001046,701715,5005,2024-09-28,Successful,766.45
1001047,705149,5038,2024-09-12,Successful,952.68
1001048,705426,5010,2023-10-27,Successful,1167.15
1001049,705438,5034,2022-10-31,Cancelled,600.4
1001050,702269,5033,2021-08-09,Successful,1954.32
1001051,706389,5035,2021-11-21,Successful,350.91
1001052,702539,5005,2024-09-02,Successful,4443.46
1001053,704845,5006,2024-08-10,Successful,1191.89
1001054,705434,5034,2023-05-02,Successful,1808.17
1001055,700417,5026,2023-03-07,Successful,1375.79
1001056,704123,5034,2024-06-17,Successful,841.03
1001057,706092,5002,2025-07-23,Successful,673.39
1001058,703519,5039,2024-05-30,Successful,375.39
1001059,704202,5016,2025-04-17,Successful,1193.84
1001060,701329,5019,2024-09-03,Successful,1017.85
1001061,700788,5026,2024-02-28,Complication,812.8
1001062,703101,5011,2025-09-28,Successful,3972.56
1001063,704259,5032,2021-05-01,Successful,1094.63
1001064,705837,5008,2025-09-27,Successful,1394.32
1001065,701472,5010,2021-01-16,Successful,1050.52
1001066,702813,5016,2021-04-06,Successful,1325.32
1001067,704749,5023,2025-04-16,Successful,690.74
1001068,700031,5020,2024-05-26,Successful,889.57
1001069,700608,5011,2022-03-04,Successful,983.98
1001070,705980,5026,2023-07-29,Complication,652.34
1001071,702741,5021,2021-11-24,Successful,912.1
1001072,704661,5030,2023-07-09,Successful,889.97
1001073,705969,5037,2023-11-21,Successful,1801.33
1001074,702588,5030,2021-05-29,Successful,1175.3
1001075,701934,5020,2025-08-11,Successful,1702.55
1001076,705788,5006,2021-03-21,Successful,2841.94
1001077,700456,5011,2021-01-11,Successful,1105.7
1001078,701605,5036,2021-04-16,Successful,2426.53
1001079,705979,5039,2025-04-04,Successful,1192.6
1001080,702478,5016,2023-04-14,Successful,1876.3
1001081,700999,5020,2023-06-02,Cancelled,
1001082,700067,5015,2021-02-21,Successful,529.37
1001083,702326,5019,2021-03-08,Successful,1425.9
1001084,704512,5028,2025-04-15,Successful,869.84
1001085,704133,5025,2022-10-14,Cancelled,845.6
1001086,703771,5015,2022-05-04,Successful,676.07
1001087,701832,5019,2025-05-20,Successful,654.48
1001088,703070,5023,2025-11-27,Cancelled,1601.91
1001089,701175,5024,2024-11-03,Successful,1138.54
1001090,706127,5001,2023-12-02,Complication,771.58
1001091,704117,5032,2021-06-13,Successful,499.12
1001092,704509,5029,2022-10-08,Successful,1871.34
1001093,702990,5035,2021-12-04,Successful,1006.5
1001094,705556,5010,2023-06-02,Successful,210.15
1001095,700228,5008,2021-06-27,Successful,999.84
1001096,701401,5036,2025-02-19,Successful,1975.44
1001097,704283,5012,2025-09-05,Cancelled,504.54
1001098,703294,5003,2023-04-11,Complication,1351.89
1001099,704279,5003,2021-12-07,Successful,1000.94
1001100,701181,5011,2024-02-17,Successful,599.79
1001101,706150,5027,2021-05-23,Successful,4297.55
1001102,705520,5019,2025-02-12,Cancelled,1108.02
1001103,702384,5012,2025-01-19,Complication,589.11
1001104,703208,5036,2024-12-13,Successful,3358.92
1001105,701915,5034,2024-10-31,Successful,1245.85
1001106,704579,5003,2022-06-24,Successful,3433.36
1001107,700164,5023,2024-08-09,Successful,2052.3
1001108,700718,5037,2022-12-31,Successful,792.16
1001109,701413,5040,2021-07-11,Successful,1420.44
1001110,701925,5021,2025-12-01,Complication,534.1
1001111,706173,5038,2022-12-19,Successful,1276.14
1001112,705216,5007,2021-10-12,Successful,98.67
1001113,700569,5006,2022-04-30,Successful,769.68
1001114,702373,5010,2022-07-17,Successful,832.9
1001115,703772,5035,2021-01-01,Successful,1863.23
1001116,702248,5014,2025-06-06,Successful,1692.96
1001117,703199,5038,2021-08-15,Successful,2376.39
1001118,700346,5005,2022-09-29,Successful,1866.93
1001119,700236,5002,2021-10-09,Successful,406.68
1001120,700551,5003,2024-03-21,Successful,304.2
1001121,704927,5012,2022-01-22,Successful,451.14
1001122,705015,5037,2023-03-07,Successful,980.15
1001123,702397,5027,2025-09-02,Successful,1271.47
1001124,704389,5028,2024-12-10,Successful,2010.87
1001125,702008,5038,2022-09-18,Successful,765.19
1001126,703120,5016,2025-05-03,Successful,1991.5
1001127,703833,5015,2024-02-16,Complication,901.34
1001128,703278,5023,2025-05-12,Successful,721.7
1001129,700052,5025,2022-06-08,Successful,397.78
1001130,703368,5032,2024-05-17,Successful,301.66
1001131,702014,5039,2025-10-07,Successful,1148.27
1001132,705506,5029,2021-06-22,Complication,2521.92
1001133,702421,5001,2024-11-25,Successful,2754.44
1001134,705905,5040,2023-01-15,Successful,366.28
1001135,703799,5002,2021-10-30,Successful,1076.32
1001136,702865,5006,2022-10-21,Successful,1289.51
1001137,703886,5002,2023-05-13,Successful,1135.94
1001138,701022,5005,2024-08-14,Successful,1362.81
1001139,701958,5018,2023-12-27,Successful,924.51
1001140,704185,5013,2022-08-10,Successful,600.99
1001141,702403,5014,2024-06-26,Successful,1637.13
1001142,704241,5021,2022-02-04,Successful,2830.76
1001143,703964,5018,2024-11-22,Complication,241.57
1001144,704118,5014,2021-01-25,Successful,1289.35
1001145,705702,5037,2025-09-15,Successful,3584.1
1001146,704815,5037,2022-04-10,Successful,859.6
1001147,704860,5008,2025-02-13,Successful,840.72
1001148,701990,5040,2023-04-19,Successful,1125.14
1001149,705917,5020,2025-10-16,Complication,428.27
1001150,700508,5028,2023-08-16,Successful,1217.07
1001151,705504,5038,2022-10-10,Complication,574.7
1001152,706055,5006,2025-06-03,Successful,86.2
1001153,700780,5014,2021-01-07,Successful,1585.49
1001154,705242,5006,2023-05-17,Successful,1275.83
1001155,705352,5031,2022-12-31,Complication,1404.97
1001156,702547,5008,2021-11-22,Successful,1437.74
1001157,701629,5026,2021-03-22,Successful,1074.63
1001158,705784,5006,2024-11-08,Successful,357.08
1001159,703847,5014,2025-05-09,Successful,1270.67
1001160,703746,5033,2022-08-14,Successful,820.03
1001161,700017,5040,2025-03-27,Cancelled,2826.35
1001162,702158,5039,2025-01-10,Complication,418.79
1001163,706297,5024,2023-08-06,Successful,762.05
1001164,701594,5028,2025-03-16,Successful,596.07
1001165,703728,5036,2021-12-30,Successful,726.76
1001166,703734,5025,2021-03-28,Successful,538.34
1001167,701619,5021,2021-05-07,Successful,502.18
1001168,705377,5022,2022-07-08,Successful,1179.31
1001169,701683,5022,2023-11-20,Successful,1737.8
1001170,701514,5007,2025-03-17,Successful,312.87
1001171,703388,5015,2021-05-25,Successful,513.49
1001172,705784,5005,2022-05-19,Successful,587.19
1001173,701751,5038,2024-10-29,Successful,273.66
1001174,702376,5025,2022-08-30,Successful,1648.82
1001175,705240,5009,2024-01-23,Successful,1489.66
1001176,706031,5003,2021-04-16,Successful,1636.59
1001177,704644,5003,2024-11-10,Cancelled,1094.79
1001178,706280,5024,2023-07-11,Successful,4209.57
1001179,701108,5034,2021-02-21,Complication,1406.51
1001180,700516,5016,2024-06-08,Successful,194.97
1001181,702274,5035,2022-06-23,Successful,583.08
1001182,702983,5009,2021-04-10,Successful,4570.35
1001183,706143,5034,2023-04-28,Successful,284.2
1001184,703769,5039,2021-12-17,Successful,1312.13
1001185,705457,5028,2024-11-15,Successful,3033.11
1001186,704194,5020,2023-06-23,Cancelled,190.42
1001187,705939,5001,2023-05-02,Successful,1197.29
1001188,700845,5028,2024-10-30,Successful,645.79
1001189,706462,5036,2022-12-30,Successful,2001.36
1001190,704858,5034,2023-06-18,Successful,1475.16
1001191,700108,5021,2023-07-07,Successful,1237.7
1001192,702727,5009,2021-03-19,Successful,1282.75
1001193,700250,5011,2024-07-07,Complication,643.67
1001194,703279,5021,2022-06-16,Complication,4872.48
1001195,705592,5020,2025-02-18,Complication,554.47
1001196,700468,5037,2022-03-12,Successful,396.14
1001197,706379,5012,2023-07-08,Successful,1376.95
1001198,705033,5032,2023-11-09,Complication,1424.43
1001199,701102,5040,2025-11-16,Successful,2069.95
1001200,703601,5004,2023-12-12,Successful,1710.91
1001201,706132,5029,2024-12-26,Complication,418.02
1001202,704863,5007,2021-06-04,Cancelled,525.63
1001203,700663,5031,2023-05-03,Successful,1751.28
1001204,701368,5037,2023-03-20,Successful,365.21
1001205,704385,5033,2022-05-24,Successful,2923.63
1001206,704797,5031,2021-11-16,Successful,862.79
1001207,705972,5004,2025-01-23,Successful,729.48
1001208,705576,5017,2023-02-18,Complication,2880.72
1001209,702528,5022,2024-05-28,Successful,896.52
1001210,706195,5017,2022-03-03,Complication,2042.99
1001211,703236,5011,2025-12-18,Successful,334.23
1001212,700266,5020,2025-02-23,Cancelled,642.48
1001213,700192,5018,2024-07-10,Successful,2403.55
1001214,704178,5019,2024-11-02,Successful,1459.89
1001215,701503,5007,2025-08-01,Successful,5234.07
1001216,701599,5008,2025-06-22,Successful,8285.66
1001217,703354,5007,2024-05-26,Successful,1520.42
1001218,700251,5025,2025-03-29,Successful,623.41
1001219,705409,5017,2023-06-07,Successful,2130.83
1001220,706322,5001,2025-03-21,Successful,2999.72
1001221,700887,5039,2023-05-29,Successful,2032.32
1001222,701784,5001,2024-11-28,Successful,1812.89
1001223,702786,5022,2022-04-08,Successful,3683.44
1001224,700428,5036,2024-05-05,Successful,364.75
1001225,700436,5015,2021-01-08,Successful,2295.04
1001226,702359,5018,2024-08-19,Successful,1307.76
1001227,705024,5039,2021-04-27,Cancelled,479.21
1001228,700044,5010,2024-04-08,Complication,1754.73
1001229,701623,5035,2024-03-24,Successful,1024.2
1001230,706221,5009,2023-01-16,Successful,1622.8
1001231,704049,5002,2024-09-05,Successful,2806.21
1001232,704219,5037,2025-06-20,Successful,424.16
1001233,705614,5022,2021-02-12,Successful,2284.75
1001234,701692,5027,2024-08-21,Successful,1619.8
1001235,704040,5005,2023-03-25,Successful,3813.85
1001236,700225,5032,2023-10-25,Successful,1605.4
1001237,706036,5004,2022-12-04,Successful,855.59
1001238,705136,5002,2021-04-27,Successful,2187.55
1001239,705029,5009,2023-01-13,Successful,801.61
1001240,702660,5028,2023-09-06,Successful,476.61
1001241,704759,5021,2025-09-01,Successful,344.04
1001242,704772,5025,2024-02-29,Successful,392.93
1001243,702018,5003,2025-03-15,Successful,1199.33
1001244,706101,5027,2022-11-23,Successful,1640.47
1001245,700155,5025,2021-06-15,Successful,1731.07
1001246,705622,5035,2022-06-14,Successful,2868.93
1001247,702138,5038,2025-12-06,Cancelled,595.61
1001248,702244,5034,2025-10-11,Complication,633.07
1001249,701172,5033,2023-06-10,Cancelled,694.15
1001250,702957,5013,2022-01-26,Successful,4279.46
1001251,702022,5013,2021-08-21,Successful,443.34
1001252,701498,5025,2025-11-16,Successful,1526.24
1001253,703007,5020,2024-01-11,Successful,1025.88
1001254,703845,5009,2022-04-20,Cancelled,676.33
1001255,700928,5014,2025-04-25,Successful,693.95
1001256,701624,5038,2022-10-11,Successful,450.14
1001257,700806,5019,2021-01-02,Successful,587.24
1001258,703339,5024,2025-02-01,Successful,1413.97
1001259,702399,5022,2025-04-19,Successful,1135.56
1001260,703551,5025,2024-04-11,Successful,959.21
1001261,703536,5006,2021-02-24,Complication,102.69
1001262,701873,5003,2021-08-15,Successful,901.14
1001263,703989,5032,2022-01-04,Successful,3103.47
1001264,701791,5007,2021-01-29,Successful,2361.47
1001265,703169,5030,2022-09-27,Successful,2812.73
1001266,703615,5040,2022-11-07,Successful,678.99
1001267,701066,5014,2025-10-04,Successful,415.46
1001268,701723,5026,2024-07-15,Complication,580.61
1001269,706364,5007,2021-08-30,Successful,770.04
1001270,705919,5015,2025-07-20,Successful,451.02
1001271,706280,5008,2025-09-08,Successful,885.42
1001272,701102,5015,2024-04-26,Successful,1620.47
1001273,703007,5016,2022-11-05,Successful,5263.24
1001274,705691,5006,2022-01-14,Successful,381.33
1001275,701366,5017,2023-02-28,Successful,7975.22
1001276,700582,5018,2025-06-07,Complication,641.14
1001277,704502,5035,2021-02-25,Successful,441.69
1001278,702812,5001,2021-05-20,Successful,428.56
1001279,704640,5021,2022-11-13,Successful,3305.18
1001280,705802,5028,2021-03-09,Successful,677.57
1001281,700310,5013,2024-09-17,Successful,350.36
1001282,702338,5023,2022-03-10,Successful,784.21
1001283,700962,5032,2023-09-27,Successful,5093.82
1001284,706298,5028,2024-09-01,Successful,1612.26
1001285,704411,5028,2022-03-27,Successful,1393.13
1001286,704383,5030,2025-08-28,Successful,558.35
1001287,706297,5016,2021-02-21,Successful,860.17
1001288,704410,5002,2022-10-15,Complication,1065.0
1001289,702377,5017,2023-11-07,Successful,573.61
1001290,706409,5019,2024-02-17,Successful,2498.36
1001291,705668,5001,2024-04-21,Cancelled,551.13
1001292,705742,5027,2023-06-12,Successful,1684.1
1001293,703900,5032,2025-05-23,Successful,838.47
1001294,705246,5001,2025-02-06,Successful,3241.52
1001295,702994,5012,2025-10-06,Cancelled,506.86
1001296,702238,5038,2021-09-11,Successful,1419.43
1001297,702187,5014,2025-08-16,Successful,1501.57
1001298,705608,5006,2025-02-01,Successful,662.45
1001299,704169,5030,2021-01-19,Successful,2553.86
1001300,703520,5021,2022-07-16,Successful,3089.41
1001301,706331,5009,2022-02-27,Successful,1678.75
1001302,702879,5008,2024-07-26,Successful,605.34
1001303,702981,5028,2024-07-01,Successful,510.86
1001304,702349,5027,2024-04-08,Successful,868.38
1001305,702134,5016,2023-08-06,Successful,797.15
1001306,704452,5040,2021-06-09,Cancelled,820.18
1001307,704870,5009,2022-10-08,Successful,1586.86
1001308,704506,5011,2023-12-31,Complication,505.91
1001309,702435,5034,2022-09-19,Successful,759.41
1001310,705440,5028,2025-02-20,Successful,1096.98
1001311,700641,5031,2021-09-16,Successful,1523.76
1001312,704239,5027,2025-03-09,Complication,2988.46
1001313,703169,5015,2021-05-19,Successful,1129.2
1001314,704088,5018,2023-08-18,Successful,1983.14
1001315,701080,5021,2025-06-20,Successful,730.93
1001316,705721,5035,2022-12-16,Successful,717.27
1001317,702341,5040,2021-03-03,Successful,563.72
1001318,700534,5013,2024-11-23,Successful,1836.91
1001319,704527,5016,2021-12-11,Successful,3213.8
1001320,705680,5031,2021-04-22,Cancelled,1175.28
1001321,702417,5028,2021-01-02,Successful,2222.49
1001322,701987,5038,2022-08-27,Successful,1097.12
1001323,700963,5011,2024-06-09,Cancelled,2857.24
1001324,700361,5016,2023-09-17,Successful,733.95
1001325,705462,5032,2024-06-09,Successful,2262.41
1001326,700694,5021,2025-02-16,Complication,437.88
1001327,703781,5020,2023-02-01,Successful,1032.86
1001328,702969,5013,2025-08-20,Successful,2169.14
1001329,706488,5002,2025-01-12,Successful,1238.05
1001330,705928,5006,2024-09-19,Successful,467.91
1001331,702296,5014,2024-12-01,Successful,975.64
1001332,705875,5031,2025-03-28,Successful,1398.03
1001333,702814,5033,2023-10-23,Successful,1861.88
1001334,700884,5035,2023-03-06,Complication,3229.63
1001335,701233,5008,2024-01-29,Successful,1687.12
1001336,706123,5011,2024-02-25,Successful,1089.96
1001337,705675,5026,2023-03-25,Successful,1011.02
1001338,700894,5023,2021-04-05,Successful,1466.65
1001339,705172,5012,2021-03-18,Cancelled,2723.39
1001340,702818,5006,2024-08-02,Successful,788.3
1001341,704596,5014,2021-02-18,Successful,378.8
1001342,703132,5037,2024-12-07,Successful,1882.28
1001343,705938,5027,2025-08-14,Successful,954.23
1001344,701857,5038,2024-04-01,Successful,1822.88
1001345,700616,5040,2021-12-26,Complication,2413.92
1001346,704057,5002,2024-07-16,Successful,348.44
1001347,705531,5037,2022-02-15,Complication,1249.73
1001348,706330,5010,2024-04-22,Successful,698.4
1001349,700578,5003,2022-05-14,Successful,2231.31
1001350,702932,5018,2025-01-30,Successful,387.56
1001351,703991,5023,2025-06-07,Successful,1203.28
1001352,704905,5003,2023-12-17,Successful,1294.24
1001353,705691,5015,2021-01-11,Successful,1087.87
1001354,706044,5017,2022-09-13,Successful,2372.43
1001355,704839,5013,2023-09-28,Successful,309.88
1001356,705255,5015,2025-01-27,Successful,1755.13
1001357,701519,5034,2024-07-25,Cancelled,1072.16
1001358,705767,5002,2021-08-02,Complication,766.33
1001359,701893,5015,2022-03-05,Successful,306.36
1001360,704843,5008,2025-06-22,Cancelled,660.82
1001361,704725,5013,2023-10-19,Successful,875.19
1001362,702816,5011,2022-05-25,Complication,1042.53
1001363,701966,5035,2022-11-10,Successful,1283.44
1001364,705411,5027,2024-08-15,Successful,801.46
1001365,705658,5036,2024-05-06,Successful,1076.97
1001366,705760,5017,2022-06-03,Successful,463.49
1001367,703611,5006,2021-04-08,Successful,
1001368,700151,5026,2024-08-06,Successful,2163.75
1001369,700764,5021,2024-01-08,Successful,1470.83
1001370,703392,5030,2022-03-13,Cancelled,549.09
1001371,704657,5030,2022-03-08,Successful,1658.67
1001372,705079,5029,2023-03-27,Successful,166.94
1001373,705180,5032,2024-03-26,Successful,528.19
1001374,705955,5031,2025-03-11,Successful,687.29
1001375,700298,5012,2023-01-10,Successful,1712.96
1001376,700957,5024,2025-12-05,Successful,2278.0
1001377,701248,5001,2025-07-28,Successful,367.07
1001378,701076,5039,2021-04-08,Successful,1621.76
1001379,705741,5004,2023-12-24,Successful,907.9
1001380,704709,5024,2024-02-18,Successful,573.58
1001381,704460,5009,2021-08-06,Successful,2459.3
1001382,706153,5004,2022-02-17,Complication,837.39
1001383,705159,5012,2025-01-11,Successful,2435.96
1001384,700437,5013,2021-02-09,Successful,356.9
1001385,706431,5011,2025-02-25,Successful,1736.66
1001386,703673,5024,2025-04-24,Complication,2225.33
1001387,705805,5035,2022-10-16,Successful,486.75
1001388,700569,5033,2021-04-08,Successful,1271.05
1001389,704485,5027,2025-05-20,Successful,882.35
1001390,701783,5040,2024-10-26,Successful,1055.7
1001391,700688,5007,2022-05-07,Successful,2103.18
1001392,703506,5011,2021-05-01,Complication,827.98
1001393,704739,5029,2025-05-08,Successful,1003.3
1001394,703992,5010,2024-02-12,Successful,1071.31
1001395,702801,5037,2025-01-10,Successful,220.46
1001396,703187,5003,2022-09-14,Successful,404.23
1001397,705440,5028,2022-02-07,Complication,1660.23
1001398,703292,5036,2021-10-26,Successful,599.57
1001399,705458,5017,2024-05-10,Successful,1262.61
1001400,702367,5017,2022-03-04,Complication,796.26
1001401,700404,5033,2024-11-29,Successful,5568.97
1001402,703466,5035,2023-08-03,Successful,2966.31
1001403,703851,5040,2022-09-24,Successful,1510.76
1001404,705884,5038,2024-02-13,Successful,3038.74
1001405,703444,5010,2021-09-05,Successful,394.08
1001406,703411,5006,2024-12-18,Successful,3683.64
1001407,705870,5037,2025-03-18,Successful,692.06
1001408,706137,5011,2023-10-26,Complication,869.14
1001409,701052,5040,2024-12-01,Successful,2778.7
1001410,703061,5010,2024-06-10,Successful,880.76
1001411,700438,5003,2023-09-09,Successful,1099.0
1001412,700931,5011,2021-12-08,Complication,935.8
1001413,705312,5034,2022-06-04,Complication,3477.73
1001414,706214,5020,2025-02-26,Successful,1260.53
1001415,704564,5016,2023-09-09,Cancelled,603.14
1001416,701751,5008,2021-07-16,Successful,823.45
1001417,706196,5012,2022-04-03,Successful,491.08
1001418,703087,5015,2023-03-26,Successful,548.94
1001419,700700,5036,2025-08-28,Successful,670.72
1001420,701585,5029,2024-07-18,Complication,272.2
1001421,700957,5038,2022-08-13,Successful,1725.98
1001422,702942,5020,2021-09-06,Successful,1645.89
1001423,700510,5031,2023-03-12,Successful,1266.41
1001424,704810,5017,2022-10-16,Successful,581.37
1001425,700005,5037,2024-10-05,Successful,2082.89
1001426,700618,5002,2022-11-28,Successful,1565.99
1001427,704208,5014,2025-01-21,Successful,583.98
1001428,700299,5007,2025-04-02,Successful,2200.05
1001429,705440,5013,2023-12-24,Cancelled,844.41
1001430,702437,5005,2025-06-21,Successful,2128.01
1001431,706334,5025,2025-12-20,Successful,856.69
1001432,701382,5037,2023-05-08,Successful,1952.32
1001433,704438,5002,2021-06-04,Successful,444.88
1001434,704306,5025,2021-07-13,Successful,653.1
1001435,704029,5001,2021-06-14,Complication,2349.64
1001436,705568,5036,2023-10-29,Successful,393.15
1001437,705219,5040,2025-07-09,Complication,1422.9
1001438,705121,5005,2022-03-16,Successful,1023.87
1001439,701574,5013,2021-05-26,Successful,576.93
1001440,704947,5038,2022-08-28,Successful,1389.86
1001441,700414,5008,2024-07-03,Successful,631.45
1001442,700520,5019,2024-07-04,Successful,7463.75
1001443,704358,5036,2025-01-15,Complication,623.18
1001444,703330,5038,2024-03-06,Successful,3041.6
1001445,703040,5006,2021-04-11,Cancelled,1946.85
1001446,701109,5004,2022-02-24,Successful,1148.22
1001447,705960,5010,2023-01-26,Successful,1044.51
1001448,702741,5027,2024-03-24,Successful,772.87
1001449,700370,5024,2024-06-14,Successful,1843.71
1001450,701019,5032,2025-07-12,Successful,829.07
1001451,704429,5035,2023-05-03,Cancelled,368.06
1001452,703033,5003,2023-05-02,Successful,641.83
1001453,701858,5010,2022-06-29,Successful,703.83
1001454,703023,5015,2022-12-17,Successful,638.46
1001455,701307,5007,2021-11-08,Successful,724.81
1001456,704702,5017,2021-05-11,Successful,1151.69
1001457,704502,5002,2021-01-21,Successful,297.95
1001458,701547,5012,2021-05-09,Successful,579.71
1001459,703487,5008,2022-04-11,Complication,371.48
1001460,702664,5003,2023-11-01,Successful,677.95
1001461,706495,5027,2023-08-19,Successful,1797.84
1001462,700442,5010,2022-01-19,Successful,1515.22
1001463,700462,5002,2022-02-14,Successful,1394.1
1001464,700642,5011,2024-05-19,Successful,2218.55
1001465,702317,5015,2021-05-09,Successful,552.32
1001466,700789,5006,2024-05-02,Successful,2474.03
1001467,700842,5008,2025-04-16,Successful,410.79
1001468,702626,5019,2025-09-08,Complication,500.36
1001469,701020,5014,2023-10-01,Successful,4719.62
1001470,704802,5014,2021-02-18,Successful,2242.34
1001471,703122,5018,2022-11-30,Successful,2878.27
1001472,705444,5029,2023-09-07,Successful,2473.91
1001473,703382,5015,2024-05-12,Successful,264.03
1001474,705753,5027,2021-01-17,Complication,181.36
1001475,704970,5036,2022-08-18,Successful,774.94
1001476,703787,5015,2022-12-19,Successful,3988.95
1001477,706160,5022,2024-08-14,Complication,12887.32
1001478,704057,5021,2021-03-12,Successful,1589.63
1001479,704655,5015,2024-06-14,Cancelled,3460.52
1001480,706056,5030,2022-07-18,Successful,1136.8
1001481,705787,5040,2024-09-06,Successful,1100.17
1001482,702607,5007,2024-10-26,Successful,365.94
1001483,701819,5001,2024-10-19,Complication,336.13
1001484,701656,5027,2025-10-01,Successful,819.89
1001485,705442,5040,2022-06-23,Successful,3620.48
1001486,706102,5031,2025-06-03,Successful,1158.51
1001487,702022,5008,2021-12-05,Complication,1794.24
1001488,700547,5005,2023-10-10,Successful,1595.29
1001489,705903,5004,2021-05-04,Successful,662.8
1001490,703968,5008,2021-12-23,Successful,882.06
1001491,704692,5022,2024-12-18,Successful,1497.75
1001492,704974,5013,2023-03-10,Successful,1289.09
1001493,702930,5001,2024-07-21,Successful,2220.47
1001494,700713,5038,2023-08-03,Successful,2100.12
1001495,705610,5017,2022-12-20,Successful,5738.63
1001496,705591,5015,2024-05-13,Successful,1986.07
1001497,705082,5039,2022-11-16,Successful,542.41
1001498,705046,5029,2022-05-31,Successful,267.65
1001499,704046,5035,2023-02-22,Successful,692.97
1001500,703612,5022,2023-01-15,Complication,1123.11
1001501,704213,5035,2023-01-05,Successful,1857.36
1001502,705340,5023,2023-11-07,Successful,1937.93
1001503,706047,5037,2023-05-22,Cancelled,1545.09
1001504,700741,5013,2022-05-09,Successful,718.11
1001505,704608,5023,2023-12-20,Successful,668.96
1001506,703804,5015,2022-09-14,Successful,845.42
1001507,700046,5021,2023-12-19,Successful,1105.46
1001508,700974,5003,2021-07-06,Successful,2885.51
1001509,706192,5005,2022-02-22,Successful,1448.16
1001510,705580,5015,2022-06-07,Successful,1079.99
1001511,702141,5032,2021-05-26,Successful,1044.36
1001512,702544,5033,2022-02-12,Successful,3982.17
1001513,704648,5002,2023-06-26,Successful,628.7
1001514,701423,5017,2023-08-26,Successful,1045.1
1001515,700889,5014,2023-01-07,Successful,3086.08
1001516,704424,5039,2024-07-11,Successful,1809.01
1001517,702276,5016,2022-05-31,Successful,791.26
1001518,704549,5018,2022-08-03,Successful,1458.09
1001519,701111,5003,2021-02-16,Successful,2220.57
1001520,704285,5005,2022-05-03,Successful,907.05
1001521,703516,5015,2021-07-25,Successful,1492.2
1001522,701900,5028,2025-05-26,Successful,1099.8
1001523,703223,5002,2025-02-01,Complication,1125.35
1001524,705584,5030,2023-05-23,Complication,1007.79
1001525,705069,5009,2022-10-10,Successful,596.14
1001526,705772,5015,2025-04-07,Successful,449.9
1001527,700322,5011,2022-08-26,Successful,4717.91
1001528,702144,5015,2023-01-11,Successful,1214.31
1001529,706492,5032,2025-06-09,Successful,803.22
1001530,701251,5007,2025-10-11,Successful,624.03
1001531,705697,5004,2025-01-11,Successful,2244.58
1001532,703627,5027,2024-11-15,Successful,866.14
1001533,706184,5031,2023-05-16,Successful,178.4
1001534,701064,5032,2022-07-28,Successful,325.72
1001535,705020,5038,2021-02-03,Successful,885.99
1001536,701095,5022,2025-06-07,Successful,1139.72
1001537,703279,5031,2021-02-19,Successful,1970.31
1001538,700475,5011,2021-09-25,Successful,1398.6
1001539,704796,5015,2022-12-31,Successful,2685.36
1001540,704098,5029,2023-06-12,Successful,1320.06
1001541,704442,5012,2022-06-03,Complication,4849.39
1001542,705492,5036,2023-09-28,Successful,1396.05
1001543,705459,5008,2023-12-24,Successful,4970.71
1001544,702505,5021,2024-10-23,Successful,330.64
1001545,705305,5003,2025-11-04,Successful,4645.11
1001546,704271,5039,2024-02-19,Successful,3355.99
1001547,701237,5019,2022-08-29,Complication,823.51
1001548,705195,5001,2025-05-30,Successful,807.24
1001549,701711,5023,2023-02-08,Successful,451.43
1001550,702165,5019,2025-01-04,Successful,1155.91
1001551,702835,5027,2022-10-28,Successful,1688.58
1001552,704742,5016,2021-06-03,Successful,792.68
1001553,706318,5004,2024-04-14,Successful,1090.55
1001554,700263,5012,2023-10-08,Successful,1623.44
1001555,700800,5029,2024-03-26,Successful,227.35
1001556,703401,5014,2022-05-15,Successful,2023.67
1001557,704008,5004,2024-08-01,Complication,4824.46
1001558,703171,5006,2021-12-01,Successful,1693.72
1001559,703515,5022,2021-06-06,Successful,628.1
1001560,701874,5035,2024-04-06,Successful,574.27
1001561,703013,5031,2025-09-23,Successful,748.18
1001562,700550,5038,2023-12-14,Successful,1164.21
1001563,704918,5033,2024-12-14,Successful,566.78
1001564,701519,5019,2023-07-20,Successful,1314.77
1001565,701642,5032,2024-10-07,Successful,836.35
1001566,704928,5023,2023-12-17,Successful,1417.14
1001567,700637,5036,2022-06-01,Successful,2088.1
1001568,703704,5029,2021-08-25,Complication,998.44
1001569,703271,5006,2022-05-02,Successful,1241.34
1001570,701278,5030,2025-12-10,Successful,2406.66
1001571,704883,5039,2021-01-12,Successful,1288.89
1001572,704163,5040,2022-10-25,Successful,801.49
1001573,703244,5026,2024-02-24,Complication,1698.61
1001574,700964,5006,2021-07-16,Complication,2522.22
1001575,700673,5006,2023-10-12,Successful,909.25
1001576,702923,5037,2022-12-23,Successful,660.43
1001577,702148,5021,2025-01-18,Successful,701.5
1001578,700479,5019,2025-12-27,Successful,1677.0
1001579,704048,5010,2024-09-02,Successful,1476.26
1001580,705619,5028,2023-01-25,Successful,1066.8
1001581,705482,5035,2025-11-30,Successful,770.47
1001582,703675,5024,2022-09-08,Successful,357.04
1001583,703320,5012,2023-11-17,Successful,876.97
1001584,700753,5026,2021-05-25,Successful,616.36
1001585,706478,5012,2023-08-21,Successful,1490.93
1001586,701487,5004,2023-11-01,Successful,674.03
1001587,700722,5032,2024-12-30,Successful,1300.44
1001588,702039,5027,2024-02-03,Successful,1956.93
1001589,705292,5040,2025-06-30,Successful,2504.8
1001590,706006,5034,2023-03-05,Successful,3093.86
1001591,705042,5013,2022-12-06,Successful,456.56
1001592,702069,5009,2024-07-11,Successful,2792.53
1001593,702607,5037,2021-03-05,Successful,877.82
1001594,705835,5005,2021-09-08,Successful,997.55
1001595,700387,5022,2023-11-25,Successful,292.91
1001596,706017,5017,2023-12-15,Successful,2856.66
1001597,703695,5029,2024-09-30,Cancelled,1062.23
1001598,702825,5013,2023-08-09,Successful,2137.9
1001599,704340,5014,2023-12-23,Successful,537.65
1001600,704956,5001,2023-02-20,Successful,1126.65
1001601,704866,5004,2021-09-20,Successful,1019.99
1001602,704706,5026,2025-07-28,Successful,1582.46
1001603,702077,5039,2024-04-28,Successful,2643.17
1001604,703722,5021,2023-10-04,Complication,618.89
1001605,705960,5006,2023-05-25,Complication,310.97
1001606,704864,5011,2023-07-23,Successful,116.47
1001607,706306,5021,2023-03-12,Successful,1161.52
1001608,700985,5024,2022-09-12,Successful,574.02
1001609,703168,5016,2022-08-16,Successful,1032.85
1001610,706391,5014,2021-07-23,Successful,1179.13
1001611,705435,5009,2021-05-02,Successful,631.55
1001612,704547,5021,2025-11-17,Successful,695.79
1001613,700641,5020,2025-04-25,Successful,1825.41
1001614,703190,5026,2023-04-26,Successful,730.73
1001615,704048,5024,2025-12-01,Successful,2400.39
1001616,701429,5033,2022-12-25,Successful,708.16
1001617,701735,5004,2023-05-19,Successful,1805.82
1001618,700321,5035,2023-06-19,Successful,2915.55
1001619,701423,5012,2024-10-28,Successful,1057.55
1001620,700536,5037,2024-05-12,Successful,2108.41
1001621,703577,5037,2021-12-19,Successful,723.63
1001622,700528,5013,2025-10-18,Successful,498.2
1001623,704119,5020,2021-12-22,Successful,3439.86
1001624,702589,5018,2021-07-31,Successful,4715.2
1001625,704079,5003,2025-08-04,Successful,2313.35
1001626,704671,5021,2024-11-18,Complication,1887.19
1001627,701417,5021,2021-04-02,Successful,1085.55
1001628,703877,5010,2022-01-10,Cancelled,905.99
1001629,702041,5020,2024-02-11,Successful,1429.68
1001630,705961,5022,2022-08-27,Successful,1865.92
1001631,705752,5010,2025-03-29,Complication,751.78
1001632,700214,5011,2024-04-09,Successful,3024.37
1001633,700921,5033,2023-12-05,Successful,2567.84
1001634,700891,5029,2023-09-02,Successful,1193.09
1001635,702464,5016,2025-06-17,Successful,1058.41
1001636,700953,5006,2021-07-15,Successful,2916.71
1001637,704711,5027,2025-06-18,Complication,596.52
1001638,704667,5026,2023-06-19,Successful,1509.88
1001639,703109,5036,2021-08-05,Successful,626.54
1001640,704063,5032,2022-06-26,Complication,780.46
1001641,702928,5022,2023-05-09,Successful,1013.82
1001642,703800,5031,2021-05-16,Successful,1192.08
1001643,700809,5012,2024-02-07,Successful,933.38
1001644,703000,5012,2021-09-30,Successful,1597.89
1001645,704223,5017,2024-08-16,Successful,3219.22
1001646,705143,5035,2025-09-15,Successful,301.25
1001647,703031,5025,2021-12-19,Complication,1040.49
1001648,706083,5034,2023-07-04,Successful,1826.98
1001649,706067,5012,2023-09-14,Successful,1399.92
1001650,703036,5034,2022-03-21,Complication,2102.18
1001651,705898,5039,2023-12-19,Successful,257.63
1001652,700425,5039,2021-05-13,Successful,233.88
1001653,700250,5017,2025-12-21,Successful,1081.45
1001654,702125,5035,2021-01-13,Successful,2758.72
1001655,705474,5011,2025-02-05,Successful,7083.02
1001656,704685,5024,2023-02-04,Successful,2398.67
1001657,702375,5025,2022-11-02,Complication,3612.7
1001658,702740,5032,2023-01-02,Successful,436.64
1001659,701628,5015,2023-01-05,Successful,3603.59
1001660,702336,5015,2021-08-02,Successful,2104.53
1001661,706134,5030,2021-02-24,Complication,476.74
1001662,701589,5024,2023-11-13,Successful,1170.18
1001663,704804,5021,2023-07-17,Successful,550.14
1001664,700389,5039,2023-02-15,Successful,805.56
1001665,702963,5011,2024-03-04,Successful,1975.93
1001666,704001,5016,2024-11-15,Successful,1374.46
1001667,701381,5008,2023-05-23,Successful,1157.64
1001668,705035,5006,2022-12-11,Successful,551.58
1001669,706147,5028,2025-08-24,Successful,1178.32
1001670,700156,5029,2023-03-30,Successful,716.25
1001671,702207,5023,2022-10-14,Successful,547.78
1001672,701420,5032,2023-05-23,Successful,784.32
1001673,703737,5034,2025-12-13,Cancelled,528.98
1001674,700358,5023,2025-05-23,Successful,148.68
1001675,701820,5034,2021-01-14,Successful,1256.66
1001676,703904,5018,2023-08-24,Complication,1276.83
1001677,702511,5035,2021-01-16,Successful,1028.79
1001678,701260,5008,2021-10-03,Complication,1891.97
1001679,703654,5017,2022-01-16,Successful,1994.44
1001680,705993,5037,2021-10-09,Successful,746.82
1001681,705614,5018,2023-08-05,Successful,455.81
1001682,701858,5005,2022-03-05,Successful,331.96
1001683,703626,5020,2021-11-07,Successful,896.59
1001684,704400,5002,2023-10-13,Successful,855.05
1001685,706337,5031,2024-09-18,Successful,6286.38
1001686,702674,5005,2023-02-13,Successful,1037.71
1001687,700550,5032,2022-07-30,Successful,753.86
1001688,701406,5016,2024-06-06,Successful,1059.29
1001689,703930,5032,2024-01-31,Successful,2496.74
1001690,703370,5026,2024-08-26,Successful,309.41
1001691,703362,5035,2023-05-25,Complication,1667.1
1001692,703859,5037,2025-01-04,Successful,425.96
1001693,704114,5007,2021-10-05,Successful,1461.75
1001694,702978,5009,2025-08-10,Successful,595.86
1001695,700317,5029,2025-06-22,Successful,1096.17
1001696,701740,5009,2025-11-24,Successful,831.74
1001697,704370,5017,2022-06-06,Successful,739.5
1001698,700190,5007,2021-02-14,Successful,339.14
1001699,702373,5039,2022-03-22,Successful,598.44
1001700,702648,5028,2024-08-05,Successful,575.29
1001701,706255,5034,2021-11-13,Cancelled,535.81
1001702,704786,5032,2021-12-25,Cancelled,872.04
1001703,700719,5009,2023-01-17,Successful,841.71
1001704,704609,5005,2021-11-06,Successful,2753.27
1001705,703874,5009,2021-05-19,Successful,614.98
1001706,705209,5028,2023-04-22,Successful,1066.4
1001707,705429,5038,2022-09-19,Cancelled,794.52
1001708,700899,5014,2023-10-07,Successful,960.31
1001709,703850,5035,2023-03-25,Successful,1029.7
1001710,700623,5006,2024-03-16,Successful,1631.62
1001711,700806,5018,2023-11-23,Successful,867.13
1001712,701240,5030,2025-06-30,Successful,1236.54
1001713,700662,5017,2024-05-22,Successful,2234.78
1001714,704722,5001,2023-08-17,Successful,1390.52
1001715,700372,5026,2025-02-06,Successful,722.28
1001716,703034,5026,2024-01-14,Successful,3535.97
1001717,702614,5011,2021-05-19,Successful,633.22
1001718,701404,5027,2022-08-17,Successful,681.6
1001719,702960,5014,2024-01-29,Successful,378.52
1001720,704181,5001,2025-09-23,Successful,723.53
1001721,706326,5032,2024-01-17,Successful,1130.9
1001722,704977,5012,2023-03-27,Successful,1199.83
1001723,700358,5039,2022-06-05,Successful,836.12
1001724,704444,5037,2025-01-02,Successful,2422.43
1001725,704899,5035,2025-07-13,Successful,767.61
1001726,705744,5030,2022-07-08,Successful,1774.75
1001727,702269,5013,2022-05-11,Successful,2634.27
1001728,704533,5032,2022-03-04,Successful,466.43
1001729,702932,5015,2023-06-06,Successful,1645.08
1001730,700618,5038,2025-03-30,Successful,1292.78
1001731,704583,5029,2025-04-19,Successful,1321.09
1001732,703363,5034,2021-05-12,Successful,798.39
1001733,701898,5030,2025-12-20,Successful,573.37
1001734,702445,5003,2024-02-07,Successful,675.54
1001735,703432,5026,2025-08-29,Successful,1991.67
1001736,705954,5030,2021-10-01,Successful,706.6
1001737,705969,5025,2023-07-11,Successful,3028.0
1001738,703665,5004,2022-07-27,Successful,1669.94
1001739,704160,5027,2021-02-09,Successful,1195.29
1001740,705916,5006,2021-08-03,Successful,4678.94
1001741,702413,5018,2023-10-16,Successful,1022.42
1001742,703770,5028,2024-03-19,Successful,1882.79
1001743,700893,5011,2021-09-20,Successful,1567.75
1001744,703389,5016,2024-12-14,Successful,2251.01
1001745,705506,5036,2024-12-29,Successful,2119.71
1001746,705352,5031,2023-01-02,Successful,1124.4
1001747,706440,5023,2021-11-21,Successful,758.43
1001748,702035,5016,2023-10-04,Successful,1054.55
1001749,703406,5029,2023-11-18,Successful,414.87
1001750,700835,5038,2024-11-28,Successful,1140.51
1001751,706012,5010,2023-07-01,Successful,1302.35
1001752,704494,5006,2024-04-05,Successful,1406.91
1001753,704388,5039,2021-05-26,Cancelled,785.8
1001754,701432,5022,2023-09-15,Successful,1715.51
1001755,705643,5003,2024-05-23,Complication,764.05
1001756,704314,5034,2021-03-30,Successful,422.67
1001757,703845,5016,2022-06-17,Successful,1515.54
1001758,700588,5023,2025-07-21,Successful,617.37
1001759,705687,5040,2025-12-21,Successful,813.81
1001760,704342,5021,2023-08-15,Successful,1269.73
1001761,700256,5033,2021-08-16,Successful,208.34
1001762,700352,5032,2024-07-31,Successful,3390.07
1001763,704589,5037,2023-03-06,Successful,1875.3
1001764,703329,5014,2025-07-10,Successful,584.79
1001765,700829,5031,2022-03-03,Successful,317.6
1001766,705508,5034,2022-12-19,Successful,432.02
1001767,700321,5020,2023-11-28,Successful,920.68
1001768,703161,5039,2021-08-05,Cancelled,964.37
1001769,703768,5032,2021-08-06,Successful,1351.6
1001770,700962,5021,2023-12-08,Successful,2535.62
1001771,704541,5007,2021-02-02,Complication,520.12
1001772,705609,5023,2022-06-28,Complication,979.9
1001773,706402,5039,2025-03-13,Successful,939.72
1001774,703563,5006,2024-11-18,Successful,
1001775,705371,5028,2025-06-04,Complication,1626.09
1001776,700591,5029,2025-08-11,Successful,1473.75
1001777,703920,5032,2021-12-01,Successful,602.81
1001778,703121,5007,2025-05-26,Successful,1377.44
1001779,700302,5038,2021-08-04,Successful,505.39
1001780,702841,5025,2023-03-01,Successful,934.04
1001781,704814,5017,2024-07-20,Successful,1843.32
1001782,704965,5018,2023-10-17,Successful,1462.08
1001783,701395,5019,2023-06-21,Cancelled,1895.5
1001784,700292,5038,2025-03-29,Successful,1742.71
1001785,703362,5012,2024-09-03,Successful,2130.4
1001786,702897,5006,2023-08-17,Successful,761.39
1001787,700359,5037,2021-07-15,Successful,1415.04
1001788,700571,5037,2024-07-16,Successful,540.8
1001789,702997,5029,2022-06-30,Successful,363.13
1001790,703623,5001,2023-03-29,Successful,4576.98
1001791,702720,5034,2024-11-27,Successful,3066.44
1001792,705348,5003,2021-12-18,Successful,1027.96
1001793,702120,5011,2021-01-01,Successful,709.84
1001794,701838,5011,2025-05-22,Successful,670.52
1001795,702996,5026,2023-03-02,Successful,599.52
1001796,703064,5006,2021-08-09,Successful,1996.98
1001797,703718,5021,2022-01-20,Complication,1932.89
1001798,703581,5027,2021-09-05,Successful,721.85
1001799,705379,5006,2021-04-19,Successful,463.64
1001800,702872,5031,2025-09-11,Successful,887.77
1001801,702131,5010,2024-05-08,Successful,461.42
1001802,705396,5038,2022-04-23,Successful,917.18
1001803,704139,5026,2022-04-28,Successful,1403.71
1001804,706088,5008,2025-12-09,Successful,1321.96
1001805,706465,5027,2023-11-22,Cancelled,1463.68
1001806,700264,5015,2022-01-09,Successful,2226.32
1001807,705197,5019,2022-12-31,Successful,720.12
1001808,705743,5024,2021-06-13,Successful,7799.06
1001809,701213,5025,2024-03-19,Successful,1096.39
1001810,701508,5034,2023-05-28,Successful,2815.91
1001811,700949,5004,2024-06-12,Successful,3769.7
1001812,701618,5005,2024-08-13,Successful,431.0
1001813,702578,5025,2024-07-26,Complication,834.49
1001814,701201,5030,2021-03-25,Successful,1409.64
1001815,704700,5010,2025-10-02,Successful,3317.23
1001816,704785,5016,2023-05-09,Successful,1272.0
1001817,702384,5005,2021-03-30,Complication,452.69
1001818,705585,5021,2022-02-13,Successful,331.52
1001819,706081,5001,2025-12-03,Successful,1387.65
1001820,700766,5013,2022-02-15,Successful,5953.3
1001821,703396,5028,2022-08-24,Successful,1397.87
1001822,701790,5036,2022-01-21,Successful,453.93
1001823,702333,5010,2024-12-02,Successful,4016.35
1001824,705335,5033,2023-04-20,Successful,1001.65
1001825,700069,5015,2024-09-09,Successful,3040.34
1001826,700911,5033,2024-09-04,Complication,532.65
1001827,701024,5032,2024-03-20,Successful,1094.69
1001828,701297,5015,2021-07-31,Successful,1739.29
1001829,702852,5010,2023-01-30,Successful,2197.23
1001830,702580,5017,2025-05-31,Complication,2575.53
1001831,701944,5029,2025-04-21,Cancelled,1366.3
1001832,704204,5028,2022-08-26,Successful,1240.6
1001833,702192,5035,2023-09-12,Successful,1420.81
1001834,703365,5013,2024-04-01,Successful,3122.31
1001835,701103,5012,2023-01-01,Cancelled,1487.78
1001836,704824,5008,2025-07-18,Successful,2929.4
1001837,704718,5011,2022-08-02,Successful,2134.15
1001838,705333,5002,2022-01-05,Successful,499.17
1001839,703033,5025,2024-04-18,Successful,4505.23
1001840,701403,5017,2022-07-17,Successful,1357.98
1001841,701986,5016,2022-10-02,Successful,1286.52
1001842,706314,5040,2021-09-17,Successful,2163.04
1001843,702389,5031,2022-02-24,Successful,1222.26
1001844,700314,5036,2022-10-23,Successful,2235.82
1001845,706061,5022,2025-10-28,Successful,1840.0
1001846,704616,5028,2022-06-15,Successful,404.37
1001847,700719,5018,2023-05-26,Successful,2707.12
1001848,704975,5016,2022-03-02,Successful,1493.71
1001849,704585,5015,2023-04-24,Successful,311.84
1001850,705860,5036,2024-03-01,Successful,1600.41
1001851,704918,5006,2022-10-24,Successful,1670.92
1001852,703967,5037,2025-04-17,Successful,1393.17
1001853,704835,5016,2024-10-01,Successful,588.8
1001854,703290,5016,2022-11-06,Successful,499.0
1001855,700657,5024,2024-11-10,Successful,2718.64
1001856,703347,5028,2023-04-05,Complication,651.29
1001857,701780,5039,2022-10-26,Successful,2795.14
1001858,701220,5031,2024-08-22,Successful,600.78
1001859,706443,5040,2024-06-03,Successful,1408.42
1001860,703576,5002,2022-11-25,Complication,803.82
1001861,706358,5018,2025-03-26,Complication,1342.26
1001862,702905,5018,2024-06-08,Successful,972.25
1001863,704313,5002,2025-05-03,Successful,512.01
1001864,700195,5035,2024-06-11,Successful,10734.58
1001865,704217,5040,2025-04-04,Successful,1522.83
1001866,704410,5016,2022-01-24,Successful,255.98
1001867,703788,5037,2021-07-05,Successful,391.62
1001868,706091,5027,2021-08-20,Complication,1161.41
1001869,700353,5023,2022-06-16,Successful,2008.62
1001870,702401,5016,2021-02-20,Successful,254.58
1001871,701122,5026,2023-11-14,Successful,1266.2
1001872,700348,5020,2021-07-01,Cancelled,1592.22
1001873,701537,5036,2022-11-18,Successful,1756.33
1001874,705318,5013,2025-12-05,Successful,659.3
1001875,705793,5028,2023-03-25,Successful,945.07
1001876,704191,5023,2022-02-07,Successful,1666.77
1001877,705694,5039,2025-01-11,Successful,947.97
1001878,700377,5029,2021-01-11,Successful,6268.58
1001879,703618,5003,2021-03-06,Complication,2288.15
1001880,705241,5024,2024-05-06,Successful,668.28
1001881,701688,5017,2025-10-17,Successful,2370.14
1001882,702110,5002,2025-07-23,Successful,697.87
1001883,700877,5026,2021-10-08,Successful,752.63
1001884,705883,5036,2023-09-24,Successful,833.83
1001885,700384,5032,2021-08-03,Successful,567.43
1001886,706367,5029,2023-10-14,Successful,404.47
1001887,703944,5006,2025-03-04,Successful,5130.16
1001888,706060,5033,2021-10-11,Successful,
1001889,706495,5018,2024-03-26,Successful,761.36
1001890,706293,5026,2025-03-16,Successful,3009.05
1001891,704325,5040,2023-11-13,Successful,1741.91
1001892,702093,5013,2022-09-17,Successful,846.02
1001893,703617,5020,2025-08-21,Successful,4850.72
1001894,702326,5010,2021-08-25,Successful,279.66
1001895,701067,5010,2025-07-03,Successful,343.39
1001896,701828,5020,2021-08-25,Successful,1603.34
1001897,706452,5014,2025-11-19,Successful,942.0
1001898,704449,5033,2024-01-20,Successful,887.43
1001899,700217,5002,2024-11-14,Cancelled,689.48
1001900,703346,5020,2024-07-04,Successful,3959.65
1001901,702355,5018,2025-04-13,Successful,946.3
1001902,703594,5016,2025-06-12,Successful,1903.51
1001903,704312,5038,2025-10-11,Successful,963.37
1001904,700152,5038,2024-03-18,Complication,743.61
1001905,701522,5020,2025-06-28,Successful,768.53
1001906,706089,5017,2021-06-19,Cancelled,348.1
1001907,700912,5024,2023-07-02,Successful,208.08
1001908,701229,5039,2025-05-02,Successful,943.16
1001909,705219,5037,2021-01-23,Successful,816.64
1001910,705684,5039,2023-10-08,Successful,321.6
1001911,701954,5033,2021-02-16,Successful,2326.21
1001912,701902,5031,2022-11-14,Successful,2076.83
1001913,702958,5039,2024-06-26,Successful,801.06
1001914,701842,5036,2023-06-09,Successful,1120.12
1001915,700097,5002,2023-12-31,Successful,537.25
1001916,705258,5020,2024-10-12,Successful,341.11
1001917,706356,5037,2022-02-25,Successful,4495.5
1001918,704523,5026,2021-05-15,Successful,665.06
1001919,700934,5037,2024-12-15,Successful,700.43
1001920,702699,5022,2021-10-27,Successful,450.36
1001921,701840,5015,2025-06-05,Successful,527.62
1001922,704498,5026,2023-08-09,Successful,898.3
1001923,706017,5039,2024-12-23,Successful,1579.76
1001924,704357,5024,2022-02-10,Successful,1454.74
1001925,704018,5007,2023-08-21,Complication,1476.4
1001926,703472,5035,2021-10-23,Successful,312.53
1001927,703703,5036,2023-03-27,Successful,2556.49
1001928,704231,5003,2022-03-25,Successful,3171.97
1001929,701622,5002,2024-07-21,Successful,497.25
1001930,705207,5012,2023-09-15,Successful,1129.27
1001931,700830,5029,2021-03-03,Successful,727.44
1001932,703868,5010,2024-07-13,Successful,1664.94
1001933,700501,5011,2021-12-20,Successful,2359.07
1001934,702904,5019,2021-07-27,Successful,1176.51
1001935,702482,5029,2025-06-18,Successful,1177.77
1001936,702492,5037,2023-04-29,Successful,687.88
1001937,705532,5039,2023-12-23,Successful,3956.75
1001938,706463,5035,2023-03-25,Successful,4403.04
1001939,700578,5012,2022-12-14,Complication,960.96
1001940,703482,5039,2024-11-16,Complication,1269.02
1001941,700070,5034,2021-09-13,Cancelled,2031.99
1001942,701950,5016,2022-06-02,Successful,2003.94
1001943,703621,5025,2024-03-06,Successful,1624.06
1001944,705944,5040,2025-06-13,Successful,974.2
1001945,700326,5016,2024-05-18,Successful,594.6
1001946,704407,5038,2023-02-27,Successful,3208.96
1001947,706242,5006,2022-06-11,Successful,1800.37
1001948,704483,5028,2023-11-13,Successful,907.76
1001949,703046,5011,2021-05-09,Cancelled,1590.52
1001950,703991,5002,2025-08-04,Successful,1798.71
1001951,704063,5003,2024-02-08,Successful,1160.99
1001952,704080,5011,2025-03-07,Successful,327.44
1001953,706474,5027,2024-07-29,Successful,4796.38
1001954,706360,5021,2025-08-18,Successful,1588.32
1001955,705959,5033,2023-04-27,Successful,1065.7
1001956,701256,5014,2023-04-10,Successful,906.73
1001957,704037,5018,2025-12-30,Successful,992.16
1001958,700655,5039,2024-02-02,Successful,1014.56
1001959,703635,5025,2023-09-23,Successful,584.92
1001960,703026,5039,2023-08-28,Successful,1984.07
1001961,703927,5016,2021-07-05,Successful,759.13
1001962,701785,5036,2022-02-23,Successful,1142.53
1001963,704627,5032,2022-09-12,Successful,1318.3
1001964,704931,5037,2025-03-31,Complication,2334.61
1001965,703847,5001,2023-08-16,Successful,1658.43
1001966,705214,5004,2022-02-26,Successful,815.28
1001967,701519,5030,2025-04-17,Successful,3597.73
1001968,705902,5040,2024-05-12,Successful,682.45
1001969,700070,5008,2025-04-30,Successful,861.78
1001970,704156,5015,2023-01-05,Successful,1337.87
1001971,703964,5014,2022-03-24,Successful,341.32
1001972,702846,5040,2022-06-04,Successful,960.76
1001973,702655,5008,2022-11-18,Successful,1027.07
1001974,705389,5017,2023-03-23,Successful,901.25
1001975,701995,5033,2021-03-15,Cancelled,614.06
1001976,705321,5010,2021-02-15,Successful,1126.14
1001977,705301,5019,2021-06-06,Successful,2382.83
1001978,700228,5009,2025-09-08,Successful,1474.08
1001979,700540,5031,2021-10-12,Successful,4082.43
1001980,701191,5012,2025-02-26,Successful,842.07
1001981,704158,5030,2021-08-25,Successful,1748.14
1001982,706100,5017,2024-10-04,Successful,794.31
1001983,700168,5039,2025-12-03,Successful,2069.05
1001984,706162,5036,2023-06-25,Successful,948.44
1001985,704223,5018,2024-04-10,Successful,1705.38
1001986,700393,5018,2021-01-10,Successful,5682.78
1001987,703285,5023,2022-10-31,Successful,1737.98
1001988,701203,5012,2024-03-01,Complication,612.28
1001989,706380,5003,2023-07-07,Successful,1804.65
1001990,704155,5031,2023-12-31,Successful,790.8
1001991,700922,5040,2023-11-08,Successful,4476.48
1001992,706146,5029,2025-10-08,Successful,782.65
1001993,701277,5026,2025-06-18,Complication,2849.68
1001994,700472,5039,2022-05-02,Successful,5532.63
1001995,701906,5011,2025-02-20,Cancelled,1414.56
1001996,700281,5038,2024-08-29,Successful,578.9
1001997,700584,5010,2023-07-13,Successful,552.79
1001998,706326,5033,2021-07-31,Successful,1024.23
1001999,702679,5017,2022-06-29,Successful,1070.19
1002000,702975,5033,2025-04-04,Successful,990.74
1002001,704693,5027,2024-02-11,Successful,2290.95
1002002,700367,5009,2022-10-15,Successful,661.92
1002003,704706,5012,2021-11-05,Successful,1024.68
1002004,704594,5016,2024-05-25,Successful,1937.4
1002005,702577,5035,2023-07-02,Successful,2431.89
1002006,700652,5015,2024-07-08,Successful,413.47
1002007,700021,5003,2025-09-25,Successful,2443.38
1002008,703750,5032,2021-09-17,Successful,637.04
1002009,701164,5004,2022-08-02,Complication,1143.55
1002010,702991,5019,2023-10-31,Complication,1325.5
1002011,702170,5005,2021-05-28,Successful,2519.2
1002012,703651,5022,2022-05-23,Successful,494.4
1002013,704433,5026,2025-06-10,Successful,425.86
1002014,703729,5034,2024-12-27,Successful,428.08
1002015,703831,5006,2023-01-01,Successful,845.76
1002016,702013,5014,2021-03-27,Successful,1712.64
1002017,704054,5028,2023-02-06,Successful,1231.16
1002018,704125,5022,2022-07-29,Successful,2107.64
1002019,701691,5006,2021-09-30,Successful,739.63
1002020,704732,5037,2023-07-11,Successful,836.68
1002021,702331,5008,2022-08-22,Cancelled,3221.99
1002022,702564,5040,2025-09-01,Successful,5468.55
1002023,703055,5036,2024-01-26,Successful,438.55
1002024,704753,5004,2025-03-22,Successful,1771.82
1002025,702613,5017,2022-12-05,Successful,574.98
1002026,705418,5024,2024-12-12,Successful,420.04
1002027,701962,5010,2022-08-22,Successful,1245.37
1002028,702739,5011,2021-08-01,Successful,1787.44
1002029,704460,5015,2023-05-26,Complication,1513.39
1002030,702230,5032,2023-09-23,Successful,1237.32
1002031,704862,5007,2022-05-08,Successful,678.14
1002032,703718,5011,2023-03-21,Successful,
1002033,705717,5036,2022-09-05,Successful,521.54
1002034,700685,5016,2023-09-28,Successful,1330.23
1002035,705971,5033,2024-12-02,Successful,1068.79
1002036,701631,5040,2022-12-19,Successful,476.06
1002037,701585,5035,2021-08-15,Successful,1406.62
1002038,702103,5031,2023-07-06,Successful,1177.06
1002039,701498,5039,2022-01-28,Successful,9122.71
1002040,702093,5033,2023-06-16,Successful,671.12
1002041,704309,5037,2022-05-26,Successful,3610.82
1002042,704996,5008,2025-12-17,Successful,1378.66
1002043,702119,5006,2023-03-08,Successful,678.25
1002044,700689,5036,2025-10-27,Successful,2524.28
1002045,701259,5012,2022-01-28,Successful,1256.79
1002046,702658,5010,2023-12-02,Complication,461.84
1002047,703598,5014,2023-04-18,Successful,6316.93
1002048,704467,5014,2025-11-08,Successful,868.06
1002049,706014,5029,2021-11-29,Complication,3185.71
1002050,702794,5025,2021-07-20,Successful,648.17
1002051,703215,5017,2022-04-21,Successful,503.2
1002052,703568,5010,2025-01-08,Successful,784.05
1002053,700447,5031,2021-07-31,Complication,2950.62
1002054,701059,5036,2024-03-13,Successful,1815.14
1002055,704478,5019,2023-01-22,Successful,426.28
1002056,706332,5034,2022-12-02,Successful,1416.15
1002057,702702,5022,2023-05-09,Successful,1597.03
1002058,700896,5020,2021-06-20,Successful,1444.13
1002059,706373,5036,2021-11-14,Successful,1728.35
1002060,703389,5002,2025-12-17,Successful,1005.91
1002061,702343,5037,2023-04-18,Successful,584.01
1002062,704583,5026,2025-06-25,Successful,1030.53
1002063,705429,5027,2025-06-16,Successful,309.55
1002064,701464,5029,2022-10-13,Cancelled,1368.59
1002065,703755,5018,2022-01-10,Successful,
1002066,705776,5001,2021-11-27,Successful,1960.01
1002067,700417,5036,2022-07-28,Successful,222.49
1002068,703381,5023,2023-09-03,Successful,2138.4
1002069,703972,5038,2024-06-24,Complication,2537.7
1002070,702421,5039,2025-05-18,Successful,452.14
1002071,703005,5013,2022-10-08,Successful,861.14
1002072,703078,5035,2025-11-25,Successful,835.34
1002073,700601,5027,2021-11-30,Successful,513.73
1002074,700227,5032,2025-06-15,Successful,672.09
1002075,706010,5007,2022-12-13,Successful,805.46
1002076,706264,5022,2021-02-14,Successful,631.1
1002077,703935,5035,2023-09-21,Successful,1343.88
1002078,704886,5031,2025-11-01,Successful,722.88
1002079,701835,5015,2022-07-11,Successful,1089.34
1002080,704817,5021,2022-11-13,Successful,802.57
1002081,705742,5018,2024-04-02,Successful,486.37
1002082,701170,5012,2021-12-15,Successful,5612.65
1002083,701301,5020,2022-09-26,Successful,993.45
1002084,701871,5024,2024-11-18,Successful,789.32
1002085,705815,5031,2024-04-26,Successful,779.8
1002086,700467,5005,2022-04-30,Successful,638.42
1002087,702158,5029,2023-03-21,Successful,1207.39
1002088,701874,5010,2022-01-01,Successful,1598.29
1002089,704165,5028,2021-03-24,Successful,6221.46
1002090,702634,5026,2023-10-17,Complication,1579.74
1002091,702607,5028,2022-12-22,Successful,926.06
1002092,701410,5025,2023-08-22,Successful,1120.13
1002093,706098,5019,2025-07-18,Successful,1352.3
1002094,703904,5034,2024-01-01,Successful,323.12
1002095,701424,5026,2025-05-02,Successful,897.12
1002096,704769,5040,2022-11-10,Successful,4300.52
1002097,704364,5040,2025-05-01,Successful,823.01
1002098,706186,5031,2023-08-15,Successful,1780.6
1002099,700719,5015,2024-07-13,Successful,1995.53
1002100,702255,5012,2022-09-21,Successful,988.66
1002101,704639,5016,2021-03-02,Successful,2303.41
1002102,700139,5016,2024-02-16,Successful,2095.68
1002103,704613,5039,2025-02-14,Successful,2656.96
1002104,703533,5018,2024-12-03,Successful,440.12
1002105,704940,5036,2024-04-21,Successful,717.12
1002106,700270,5016,2023-05-09,Successful,981.11
1002107,700694,5002,2023-01-03,Complication,1610.65
1002108,703834,5005,2022-08-02,Successful,1834.64
1002109,703774,5026,2024-07-29,Successful,386.56
1002110,700818,5025,2025-01-22,Successful,990.42
1002111,703787,5023,2023-06-19,Successful,567.26
1002112,701782,5028,2022-04-28,Successful,1128.86
1002113,704647,5027,2024-06-04,Successful,4056.19
1002114,702394,5029,2023-09-24,Cancelled,554.61
1002115,703840,5026,2021-04-07,Successful,1399.12
1002116,701457,5015,2022-06-19,Successful,163.86
1002117,703476,5002,2022-07-17,Successful,713.67
1002118,701811,5022,2025-09-11,Complication,10077.4
1002119,706406,5018,2024-03-21,Successful,1426.92
1002120,700891,5038,2023-09-29,Successful,690.84
1002121,705162,5027,2022-04-28,Successful,768.19
1002122,701260,5019,2025-02-20,Complication,356.81
1002123,701841,5037,2021-02-12,Cancelled,794.98
1002124,700691,5023,2022-09-10,Successful,2907.28
1002125,705494,5034,2023-12-09,Successful,351.05
1002126,704473,5006,2024-02-15,Successful,2941.67
1002127,701538,5014,2021-06-30,Successful,1862.78
1002128,700439,5001,2025-08-27,Successful,500.1
1002129,700661,5029,2022-04-10,Successful,269.63
1002130,703991,5036,2024-10-18,Successful,1008.96
1002131,703551,5011,2023-02-19,Successful,1077.27
1002132,703908,5029,2023-11-10,Successful,878.57
1002133,701515,5040,2021-01-23,Cancelled,1411.37
1002134,705823,5027,2021-08-27,Successful,670.26
1002135,706124,5021,2023-08-14,Successful,397.56
1002136,703607,5009,2024-08-08,Successful,2396.62
1002137,705167,5039,2024-12-15,Successful,1100.55
1002138,700209,5029,2024-11-19,Successful,5906.24
1002139,701319,5034,2022-07-30,Successful,1057.06
1002140,704810,5016,2023-11-23,Successful,664.78
1002141,706341,5007,2021-05-13,Successful,513.04
1002142,705411,5038,2021-04-20,Successful,752.46
1002143,702146,5010,2021-11-09,Successful,1055.06
1002144,704720,5003,2022-11-22,Successful,1349.07
1002145,702012,5024,2024-07-16,Successful,1460.58
1002146,703789,5016,2023-09-05,Successful,1181.12
1002147,701691,5035,2021-08-09,Complication,1045.79
1002148,702838,5012,2025-08-23,Cancelled,1115.39
1002149,702433,5027,2022-04-07,Successful,1211.66
1002150,700711,5035,2023-08-02,Complication,382.59
1002151,703793,5021,2022-05-15,Successful,477.64
1002152,706050,5007,2025-01-20,Successful,1290.3
1002153,701990,5034,2024-09-01,Successful,1107.08
1002154,703186,5005,2023-03-27,Successful,907.63
1002155,706075,5015,2022-06-24,Complication,1080.83
1002156,701030,5001,2022-01-11,Successful,824.28
1002157,704845,5009,2023-03-23,Successful,887.33
1002158,700026,5030,2022-07-18,Successful,734.31
1002159,703847,5024,2022-09-13,Successful,2340.7
1002160,703385,5025,2021-12-15,Successful,1230.0
1002161,704044,5007,2023-11-06,Successful,916.44
1002162,704346,5014,2022-04-16,Successful,991.68
1002163,704376,5037,2023-03-22,Successful,1558.31
1002164,701625,5024,2021-10-25,Successful,2578.74
1002165,705691,5008,2021-08-04,Successful,770.17
1002166,702256,5025,2022-02-05,Successful,500.66
1002167,701489,5025,2021-06-27,Successful,2012.32
1002168,705716,5003,2023-08-05,Successful,2758.25
1002169,701381,5024,2021-05-16,Successful,707.38
1002170,704776,5010,2023-09-03,Successful,470.95
1002171,701052,5008,2022-06-16,Successful,1477.1
1002172,701228,5019,2022-05-28,Successful,526.47
1002173,706355,5023,2021-07-09,Successful,3505.84
1002174,705796,5002,2025-01-15,Successful,1725.23
1002175,702038,5010,2023-09-07,Complication,759.95
1002176,704604,5037,2023-12-14,Successful,681.95
1002177,704798,5024,2024-04-22,Complication,988.43
1002178,703320,5011,2025-02-13,Successful,1984.5
1002179,702816,5028,2023-11-08,Successful,501.07
1002180,705877,5009,2021-02-23,Successful,937.05
1002181,700822,5013,2021-11-18,Successful,2620.58
1002182,705490,5038,2024-03-29,Successful,424.78
1002183,706262,5028,2021-12-03,Successful,3138.98
1002184,700390,5035,2024-05-30,Complication,1259.42
1002185,704602,5037,2021-03-22,Cancelled,1608.21
1002186,702426,5038,2022-12-01,Successful,482.51
1002187,705668,5021,2025-03-22,Successful,278.27
1002188,705641,5005,2022-02-02,Successful,235.06
1002189,702479,5040,2025-12-02,Successful,234.32
1002190,702404,5020,2021-01-31,Successful,894.71
1002191,703425,5037,2022-02-04,Successful,833.07
1002192,703665,5012,2023-12-21,Successful,400.06
1002193,704190,5002,2023-07-23,Successful,1392.27
1002194,703457,5003,2024-10-29,Successful,712.68
1002195,706063,5028,2023-12-16,Successful,579.18
1002196,705626,5019,2022-05-19,Successful,1996.39
1002197,705801,5018,2023-04-29,Successful,1911.94
1002198,705532,5029,2023-03-11,Successful,1175.46
1002199,703770,5005,2023-06-26,Successful,2565.5
1002200,705540,5025,2025-10-24,Successful,1630.1
1002201,704396,5003,2024-12-01,Successful,337.07
1002202,705676,5005,2025-02-22,Successful,3436.64
1002203,701900,5008,2025-01-06,Complication,2104.4
1002204,702405,5003,2023-03-26,Successful,1234.35
1002205,706287,5022,2025-10-13,Successful,479.96
1002206,700211,5019,2024-10-29,Successful,868.0
1002207,700541,5020,2023-04-02,Successful,1421.54
1002208,701592,5020,2024-08-03,Successful,589.17
1002209,700573,5021,2021-09-25,Successful,3239.59
1002210,702321,5028,2021-01-31,Successful,881.53
1002211,703168,5019,2023-03-14,Successful,354.84
1002212,701365,5039,2023-03-01,Successful,2437.23
1002213,702192,5022,2021-11-25,Successful,663.31
1002214,703573,5001,2025-04-30,Successful,1104.45
1002215,705121,5026,2023-01-01,Successful,1165.32
1002216,702509,5012,2025-05-08,Successful,786.58
1002217,702640,5021,2023-09-21,Successful,2843.17
1002218,702551,5006,2024-05-19,Successful,977.78
1002219,703419,5002,2021-07-05,Successful,444.78
1002220,706021,5030,2021-04-03,Successful,205.82
1002221,701593,5005,2022-04-20,Successful,2516.43
1002222,704833,5039,2021-08-18,Successful,2009.66
1002223,704763,5033,2023-03-30,Successful,126.79
1002224,701286,5037,2024-03-21,Successful,795.37
1002225,703051,5008,2024-07-04,Successful,1568.0
1002226,703802,5040,2022-04-22,Successful,2142.08
1002227,701857,5035,2022-02-23,Successful,775.87
1002228,704144,5036,2022-10-11,Successful,478.15
1002229,705111,5021,2022-05-13,Successful,1244.5
1002230,702424,5028,2021-07-16,Successful,293.48
1002231,703353,5008,2022-02-19,Successful,1665.63
1002232,705356,5032,2023-07-10,Successful,906.48
1002233,704144,5002,2024-01-25,Successful,1201.64
1002234,704441,5009,2022-04-10,Successful,291.89
1002235,701893,5034,2021-12-02,Successful,1882.54
1002236,703703,5009,2025-03-10,Successful,2156.57
1002237,703990,5009,2023-09-11,Successful,995.24
1002238,702061,5027,2022-03-26,Successful,3634.28
1002239,701740,5037,2023-10-10,Successful,605.72
1002240,705427,5020,2021-08-13,Successful,1719.09
1002241,703888,5012,2024-03-10,Successful,1872.63
1002242,701772,5002,2022-10-16,Successful,1314.57
1002243,705638,5011,2024-07-14,Successful,912.37
1002244,705267,5004,2023-05-20,Successful,548.18
1002245,705211,5028,2023-04-15,Successful,858.05
1002246,705317,5020,2024-12-25,Successful,1380.52
1002247,703271,5027,2023-03-02,Successful,794.56
1002248,703532,5002,2022-05-27,Successful,980.59
1002249,701403,5025,2021-06-08,Successful,2650.15
1002250,701408,5006,2025-01-03,Successful,4683.38
1002251,700723,5028,2023-05-21,Successful,2591.87
1002252,702063,5039,2023-06-02,Successful,1242.28
1002253,705908,5026,2022-01-13,Successful,1729.81
1002254,701110,5003,2024-06-06,Successful,1340.75
1002255,702877,5032,2025-05-27,Successful,3554.12
1002256,700899,5036,2024-12-09,Successful,748.82
1002257,702012,5008,2022-02-03,Successful,847.85
1002258,701860,5027,2021-11-27,Successful,294.61
1002259,705619,5010,2021-02-22,Successful,1322.5
1002260,701381,5025,2021-04-21,Successful,2758.91
1002261,700807,5006,2022-05-08,Successful,780.77
1002262,701806,5038,2022-08-18,Successful,847.74
1002263,704336,5005,2022-10-22,Successful,458.32
1002264,703425,5028,2022-07-04,Successful,983.32
1002265,700381,5003,2025-04-18,Successful,1477.06
1002266,705134,5034,2022-02-08,Cancelled,571.58
1002267,702329,5027,2024-01-05,Successful,554.17
1002268,703716,5010,2024-12-19,Successful,3409.72
1002269,701863,5034,2021-10-14,Successful,365.07
1002270,704942,5036,2024-09-04,Successful,1550.22
1002271,706361,5009,2021-10-21,Successful,546.8
1002272,703900,5010,2025-06-03,Successful,1293.63
1002273,700996,5004,2021-10-10,Successful,527.16
1002274,705968,5039,2022-09-04,Successful,349.68
1002275,702609,5027,2025-08-02,Successful,738.38
1002276,704037,5034,2023-05-04,Successful,1717.32
1002277,705291,5032,2023-05-18,Successful,1199.25
1002278,702943,5035,2023-12-14,Successful,816.07
1002279,700408,5027,2024-05-04,Successful,695.72
1002280,703486,5032,2023-04-02,Cancelled,1896.35
1002281,700473,5017,2023-07-25,Successful,2615.0
1002282,705129,5031,2021-11-06,Complication,674.08
1002283,701638,5011,2025-04-24,Successful,2144.41
1002284,706258,5012,2022-03-12,Successful,497.53
1002285,701906,5033,2025-01-05,Successful,8688.59
1002286,705890,5005,2023-03-04,Successful,340.92
1002287,706420,5010,2022-12-04,Successful,704.39
1002288,701647,5020,2023-01-18,Successful,833.29
1002289,701527,5024,2021-12-22,Successful,3441.63
1002290,700586,5006,2021-01-05,Successful,1099.36
1002291,705757,5012,2021-06-22,Successful,262.76
1002292,700092,5025,2022-08-23,Successful,540.76
1002293,701955,5025,2023-11-30,Successful,2022.4
1002294,700483,5026,2025-02-03,Successful,1942.55
1002295,705549,5040,2023-08-07,Successful,1526.26
1002296,701331,5007,2023-04-28,Successful,865.86
1002297,702886,5003,2023-01-02,Successful,1438.97
1002298,701884,5020,2023-03-19,Successful,1370.49
1002299,702618,5006,2023-12-12,Successful,541.63
1002300,703825,5019,2021-02-21,Successful,229.47
1002301,706324,5039,2022-02-27,Successful,1205.75
1002302,705127,5021,2023-03-08,Successful,1255.03
1002303,706177,5001,2024-07-18,Successful,1384.25
1002304,706463,5013,2021-01-30,Successful,1382.86
1002305,701770,5031,2023-11-26,Successful,571.1
1002306,705991,5034,2023-09-27,Successful,1386.64
1002307,704064,5008,2025-03-15,Successful,1585.81
1002308,704467,5037,2023-12-22,Successful,1906.78
1002309,705724,5010,2023-01-02,Successful,767.97
1002310,703746,5021,2021-03-07,Successful,1449.82
1002311,701040,5024,2023-09-19,Successful,1799.99
1002312,706097,5014,2024-02-05,Successful,1782.76
1002313,700097,5017,2022-02-28,Successful,620.09
1002314,700047,5016,2021-06-12,Complication,351.26
1002315,701373,5020,2024-12-08,Successful,1132.69
1002316,705267,5006,2024-10-04,Successful,1247.19
1002317,701230,5039,2021-08-24,Successful,1680.59
1002318,702983,5034,2023-12-13,Successful,3824.0
1002319,705855,5010,2022-01-23,Successful,985.82
1002320,705851,5036,2023-04-19,Successful,4124.9
1002321,700736,5035,2023-02-15,Complication,430.3
1002322,703689,5029,2021-01-21,Successful,905.55
1002323,706249,5012,2022-05-02,Successful,1829.54
1002324,704790,5039,2024-02-01,Successful,1949.91
1002325,704082,5034,2024-06-15,Successful,459.9
1002326,704637,5029,2025-08-05,Successful,1904.15
1002327,701854,5020,2023-02-18,Successful,621.55
1002328,703301,5025,2022-11-11,Successful,2415.67
1002329,702629,5035,2021-08-18,Successful,1734.13
1002330,701670,5038,2023-05-15,Successful,284.03
1002331,701207,5016,2022-12-06,Successful,1676.87
1002332,701346,5012,2021-01-08,Successful,542.11
1002333,704900,5024,2021-11-20,Successful,82.8
1002334,704871,5032,2021-09-17,Cancelled,595.63
1002335,704114,5013,2021-04-16,Successful,4478.15
1002336,701175,5002,2023-02-25,Successful,1601.73
1002337,706172,5005,2022-04-08,Successful,1500.52
1002338,701670,5017,2025-04-19,Successful,332.58
1002339,703450,5016,2025-04-20,Successful,1416.67
1002340,702761,5020,2022-02-19,Successful,443.81
1002341,706306,5034,2024-04-27,Successful,1222.87
1002342,705412,5028,2021-12-07,Successful,824.09
1002343,703882,5039,2022-01-13,Successful,2701.07
1002344,706193,5023,2023-10-28,Successful,393.06
1002345,705140,5025,2023-09-16,Complication,660.93
1002346,700065,5007,2024-12-27,Successful,2258.29
1002347,702286,5019,2022-09-20,Successful,1683.23
1002348,703855,5006,2025-05-26,Successful,547.51
1002349,704857,5010,2023-05-27,Successful,1339.16
1002350,703455,5040,2021-01-31,Successful,3433.4
1002351,706257,5028,2025-02-19,Successful,588.05
1002352,705287,5040,2022-09-10,Successful,2044.54
1002353,700115,5035,2024-09-29,Successful,1736.63
1002354,703181,5019,2024-11-25,Successful,306.88
1002355,703370,5003,2021-01-04,Successful,906.7
1002356,704609,5026,2025-04-28,Complication,2979.11
1002357,700072,5024,2021-12-05,Successful,693.36
1002358,703973,5002,2023-11-11,Successful,1578.4
1002359,704709,5009,2021-03-27,Successful,541.74
1002360,701029,5037,2024-11-16,Successful,361.05
1002361,701737,5021,2021-09-11,Complication,809.91
1002362,703220,5023,2023-05-21,Successful,673.94
1002363,706347,5005,2022-06-23,Successful,2993.25
1002364,700695,5012,2024-06-07,Successful,1147.6
1002365,704220,5001,2022-02-02,Complication,2005.45
1002366,700568,5037,2025-02-07,Successful,1172.56
1002367,704298,5011,2022-09-06,Successful,974.89
1002368,705976,5025,2025-11-18,Successful,562.22
1002369,700124,5014,2025-11-22,Successful,4201.45
1002370,701821,5037,2022-09-11,Successful,2064.64
1002371,702143,5039,2025-04-26,Successful,771.93
1002372,702166,5008,2025-08-22,Successful,845.5
1002373,706164,5005,2022-08-08,Successful,3658.54
1002374,701650,5018,2024-07-06,Successful,459.84
1002375,700182,5033,2023-04-25,Successful,836.29
1002376,704772,5034,2021-07-19,Successful,990.08
1002377,705458,5017,2022-08-09,Successful,431.04
1002378,701297,5001,2025-08-10,Successful,791.69
1002379,700006,5026,2025-12-26,Successful,1555.3
1002380,701078,5025,2023-12-02,Successful,3030.07
1002381,702275,5022,2024-07-06,Successful,603.23
1002382,705690,5020,2024-06-20,Successful,687.0
1002383,705136,5025,2025-09-30,Complication,1102.16
1002384,700638,5040,2023-11-23,Successful,1074.94
1002385,700714,5038,2024-08-15,Successful,482.89
1002386,705644,5007,2022-06-20,Successful,769.68
1002387,700643,5003,2025-01-12,Successful,2034.97
1002388,703210,5008,2023-02-12,Successful,2165.33
1002389,702416,5035,2025-08-24,Successful,966.17
1002390,702055,5028,2024-05-14,Successful,1297.41
1002391,705520,5005,2022-06-22,Successful,456.06
1002392,704490,5040,2023-10-20,Successful,2097.42
1002393,705558,5002,2021-02-11,Successful,687.79
1002394,704015,5009,2021-07-19,Successful,1021.35
1002395,706004,5021,2024-06-10,Cancelled,798.81
1002396,700792,5033,2022-03-31,Successful,436.18
1002397,704978,5003,2025-01-26,Successful,338.39
1002398,703814,5038,2022-09-25,Successful,871.99
1002399,701022,5014,2021-11-09,Successful,362.46
1002400,706125,5006,2021-06-30,Successful,5626.32
1002401,700480,5009,2023-10-08,Successful,584.24
1002402,704826,5024,2025-07-26,Successful,879.49
1002403,703600,5015,2021-06-05,Complication,682.58
1002404,702770,5022,2022-04-29,Successful,19262.29
1002405,700976,5013,2023-07-05,Successful,1291.77
1002406,706449,5013,2022-08-06,Successful,1132.58
1002407,702659,5024,2022-09-14,Successful,326.06
1002408,703246,5024,2023-10-30,Successful,843.86
1002409,702731,5035,2025-09-08,Successful,561.63
1002410,704968,5032,2025-05-25,Cancelled,861.32
1002411,701886,5014,2023-12-24,Successful,348.59
1002412,706411,5016,2022-05-09,Successful,3903.42
1002413,700648,5016,2024-05-04,Successful,673.16
1002414,700592,5014,2023-06-17,Successful,2325.42
1002415,700752,5035,2025-11-18,Successful,2719.38
1002416,704331,5032,2021-06-10,Successful,484.2
1002417,701255,5027,2021-08-31,Successful,595.77
1002418,700183,5026,2021-05-27,Successful,546.09
1002419,700765,5003,2025-10-14,Successful,1162.79
1002420,703149,5039,2022-03-10,Successful,1934.1
1002421,702152,5034,2022-09-23,Successful,562.6
1002422,703062,5030,2024-06-16,Successful,4713.79
1002423,705346,5006,2022-11-06,Successful,662.36
1002424,700588,5018,2024-12-09,Successful,3042.42
1002425,701903,5022,2021-01-30,Successful,394.7
1002426,700161,5024,2021-02-27,Successful,954.09
1002427,704839,5014,2025-11-26,Successful,814.43
1002428,701263,5025,2024-10-03,Successful,1612.09
1002429,700329,5039,2022-12-02,Successful,1507.59
1002430,700686,5036,2025-04-29,Successful,1750.97
1002431,705510,5016,2024-09-21,Successful,465.26
1002432,701939,5014,2024-05-13,Successful,497.21
1002433,704534,5007,2023-04-29,Successful,1021.04
1002434,701130,5032,2022-04-21,Successful,1573.91
1002435,705427,5031,2024-04-01,Successful,233.15
1002436,702744,5010,2024-08-10,Successful,445.67
1002437,706384,5031,2024-04-05,Successful,1427.37
1002438,700769,5033,2025-09-01,Successful,1235.89
1002439,705435,5033,2023-07-05,Complication,2157.48
1002440,700979,5024,2025-09-16,Successful,5307.68
1002441,701136,5004,2023-03-15,Successful,1733.55
1002442,706409,5028,2025-04-20,Successful,1210.11
1002443,702001,5002,2025-02-19,Successful,2986.91
1002444,702738,5035,2021-12-30,Successful,1927.5
1002445,701898,5024,2021-09-21,Successful,2440.99
1002446,701090,5035,2021-04-24,Successful,938.18
1002447,704751,5038,2025-09-06,Successful,703.99
1002448,703247,5028,2023-10-13,Successful,5646.27
1002449,705373,5007,2024-12-07,Successful,1175.26
1002450,706344,5009,2024-02-19,Successful,2616.28
1002451,702871,5008,2021-10-31,Successful,738.43
1002452,702889,5009,2023-10-15,Successful,379.02
1002453,700347,5015,2023-10-17,Successful,346.38
1002454,704188,5005,2021-03-23,Successful,443.82
1002455,700177,5016,2021-01-15,Successful,565.6
1002456,701496,5019,2025-01-20,Successful,691.51
1002457,702820,5025,2025-07-17,Successful,877.82
1002458,703606,5009,2021-02-26,Complication,151.79
1002459,705361,5026,2024-05-10,Successful,1682.92
1002460,701790,5024,2023-08-20,Successful,1018.14
1002461,700573,5035,2021-06-23,Successful,1070.02
1002462,705154,5040,2023-10-25,Successful,1013.44
1002463,700780,5039,2024-04-19,Successful,1402.12
1002464,705520,5040,2022-06-08,Successful,287.46
1002465,700421,5026,2022-06-16,Successful,1899.8
1002466,700955,5009,2023-01-18,Successful,718.09
1002467,705762,5012,2024-03-07,Successful,1003.08
1002468,703991,5018,2022-08-29,Successful,1653.4
1002469,706485,5003,2021-08-19,Successful,767.3
1002470,700205,5015,2021-03-19,Successful,436.19
1002471,704000,5008,2025-05-15,Successful,1082.34
1002472,700261,5009,2024-06-11,Complication,2059.34
1002473,700753,5001,2021-08-01,Successful,619.53
1002474,704578,5028,2021-02-01,Complication,6565.53
1002475,705073,5005,2024-02-10,Successful,2043.94
1002476,701099,5039,2023-11-08,Successful,1521.9
1002477,701274,5023,2024-11-16,Successful,565.76
1002478,703995,5008,2025-07-10,Successful,390.3
1002479,704418,5022,2024-02-18,Complication,922.79
1002480,703441,5034,2021-10-27,Successful,1284.38
1002481,703784,5007,2021-06-20,Successful,2040.83
1002482,705538,5012,2025-01-19,Successful,216.31
1002483,704416,5029,2023-10-10,Successful,614.26
1002484,704048,5021,2022-03-28,Successful,1770.34
1002485,702638,5031,2021-02-18,Successful,1482.61
1002486,702980,5027,2022-11-07,Successful,574.04
1002487,703582,5017,2023-02-05,Successful,332.63
1002488,703996,5002,2022-10-01,Successful,2588.75
1002489,704546,5004,2024-07-18,Complication,716.54
1002490,701773,5003,2025-11-11,Successful,1436.12
1002491,704022,5024,2023-02-27,Successful,2293.88
1002492,705716,5040,2024-12-10,Successful,1949.89
1002493,701700,5039,2021-06-18,Successful,706.84
1002494,702191,5012,2022-09-21,Successful,250.64
1002495,700752,5038,2023-09-26,Successful,935.76
1002496,706477,5015,2024-04-17,Successful,2961.1
1002497,702264,5027,2021-02-18,Successful,616.99
1002498,704065,5036,2024-07-12,Successful,195.28
1002499,701227,5039,2024-01-09,Complication,1357.55
1002500,702129,5030,2024-07-06,Successful,2229.67
1002501,701074,5009,2024-10-24,Successful,2295.0
1002502,702806,5036,2023-10-17,Successful,2852.29
1002503,702285,5020,2024-03-25,Successful,1253.85
1002504,703033,5037,2023-12-14,Successful,947.18
1002505,700342,5025,2022-10-15,Successful,1012.45
1002506,701347,5023,2025-02-13,Successful,2471.33
1002507,701787,5003,2021-01-21,Successful,2895.95
1002508,701447,5022,2022-06-14,Successful,2066.96
1002509,704211,5001,2021-12-23,Successful,968.96
1002510,703343,5011,2025-10-31,Successful,5208.15
1002511,705934,5021,2024-12-22,Successful,697.62
1002512,703160,5032,2025-08-20,Successful,1043.5
1002513,704575,5014,2025-12-10,Successful,474.1
1002514,702775,5027,2021-10-16,Successful,2382.38
1002515,703228,5018,2021-10-25,Successful,1998.7
1002516,702188,5039,2022-11-12,Successful,2403.87
1002517,706313,5017,2024-11-01,Successful,820.86
1002518,705220,5038,2023-04-14,Successful,2231.01
1002519,703072,5002,2022-09-01,Complication,1930.51
1002520,705316,5037,2022-11-22,Successful,10249.32
1002521,706462,5008,2023-04-06,Successful,657.95
1002522,702260,5013,2022-03-21,Successful,1102.87
1002523,702622,5017,2025-02-15,Successful,741.59
1002524,702298,5019,2023-07-24,Successful,1494.51
1002525,704690,5037,2023-12-21,Successful,3113.99
1002526,701950,5016,2024-12-13,Successful,670.86
1002527,703581,5022,2024-05-29,Successful,405.8
1002528,705660,5023,2025-10-05,Successful,1891.37
1002529,700313,5022,2022-08-27,Successful,343.65
1002530,702551,5001,2025-03-18,Successful,1425.07
1002531,700529,5031,2024-12-18,Successful,561.02
1002532,706133,5024,2025-07-12,Successful,2094.17
1002533,701765,5039,2021-10-09,Successful,1272.15
1002534,700214,5018,2023-11-11,Successful,457.34
1002535,705758,5029,2022-04-17,Successful,970.74
1002536,704264,5024,2024-02-18,Successful,781.04
1002537,701931,5026,2021-07-08,Successful,227.85
1002538,702923,5023,2024-04-11,Successful,210.42
1002539,706014,5007,2023-12-14,Successful,566.79
1002540,706344,5012,2024-07-13,Successful,1138.97
1002541,705622,5021,2025-09-09,Successful,1688.1
1002542,702556,5021,2022-10-15,Successful,1944.92
1002543,704073,5038,2022-06-19,Successful,776.58
1002544,705154,5039,2021-11-17,Successful,1204.78
1002545,703283,5016,2023-07-13,Successful,1623.66
1002546,700935,5016,2025-10-05,Successful,2088.67
1002547,703341,5038,2024-03-16,Successful,778.75
1002548,703434,5035,2023-05-02,Successful,2345.5
1002549,703617,5026,2021-12-02,Complication,1090.09
1002550,702150,5014,2022-11-11,Complication,943.96
1002551,702113,5002,2022-12-31,Successful,3191.07
1002552,704815,5018,2022-05-23,Successful,1312.21
1002553,703729,5024,2024-04-15,Successful,647.0
1002554,700324,5015,2023-01-19,Successful,536.25
1002555,703948,5001,2024-04-17,Successful,284.28
1002556,703109,5029,2022-10-03,Successful,785.53
1002557,702978,5032,2021-01-13,Successful,554.07
1002558,705554,5007,2023-01-14,Complication,1519.96
1002559,700282,5022,2024-07-10,Successful,1175.23
1002560,705317,5001,2021-04-08,Successful,841.39
1002561,701360,5003,2024-09-13,Successful,389.38
1002562,701042,5017,2023-01-18,Successful,876.91
1002563,703011,5040,2024-10-18,Successful,1206.78
1002564,705570,5031,2025-07-14,Successful,1425.26
1002565,706346,5003,2023-07-07,Successful,625.2
1002566,700945,5028,2022-07-25,Successful,562.23
1002567,703983,5026,2021-12-25,Successful,878.49
1002568,706163,5005,2023-06-15,Successful,417.41
1002569,702356,5036,2025-02-13,Successful,976.74
1002570,701995,5018,2024-08-28,Successful,966.16
1002571,703821,5038,2024-10-11,Successful,1630.63
1002572,705046,5038,2024-08-06,Successful,2762.33
1002573,704874,5025,2024-09-28,Successful,2258.11
1002574,703799,5003,2024-07-10,Successful,2701.07
1002575,701083,5025,2023-08-09,Successful,2364.36
1002576,701223,5039,2024-04-16,Cancelled,1051.99
1002577,705348,5012,2021-07-23,Successful,5016.33
1002578,702526,5021,2023-06-06,Successful,617.04
1002579,703159,5032,2021-04-06,Successful,2798.66
1002580,700853,5009,2022-08-29,Successful,2030.68
1002581,702924,5020,2025-07-02,Successful,2186.94
1002582,703082,5015,2022-05-30,Successful,660.78
1002583,704842,5034,2022-10-23,Successful,3376.29
1002584,702312,5012,2024-03-11,Successful,532.45
1002585,700316,5037,2024-09-24,Complication,905.31
1002586,701841,5031,2024-12-26,Successful,2649.06
1002587,700346,5032,2024-05-24,Successful,3392.94
1002588,703140,5038,2022-02-18,Successful,594.33
1002589,700178,5004,2024-01-17,Successful,3757.75
1002590,701435,5033,2024-11-19,Successful,269.87
1002591,703479,5019,2024-04-30,Successful,1354.52
1002592,701442,5007,2024-12-28,Successful,5777.21
1002593,706455,5039,2024-01-09,Successful,835.88
1002594,700655,5001,2023-08-13,Successful,1927.29
1002595,700223,5001,2025-06-08,Successful,213.6
1002596,700609,5039,2021-08-02,Successful,807.02
1002597,703296,5011,2023-11-22,Successful,2437.12
1002598,704083,5031,2022-02-09,Complication,2117.32
1002599,704327,5007,2024-01-18,Successful,457.81
1002600,700805,5011,2022-02-11,Successful,1262.37
1002601,701418,5032,2023-12-20,Successful,3957.13
1002602,702641,5034,2021-10-08,Successful,1858.39
1002603,704801,5009,2022-05-15,Successful,822.64
1002604,705246,5018,2023-01-15,Successful,1818.16
1002605,701996,5019,2024-03-15,Cancelled,1702.26
1002606,704387,5020,2023-08-30,Successful,1770.51
1002607,703818,5032,2025-01-24,Cancelled,1149.76
1002608,701558,5007,2024-01-13,Successful,1480.49
1002609,705600,5032,2024-03-24,Successful,692.78
1002610,700212,5017,2022-09-27,Successful,3036.85
1002611,700279,5020,2022-09-06,Successful,2619.65
1002612,705303,5009,2024-03-13,Successful,3201.91
1002613,700558,5001,2021-01-14,Successful,326.67
1002614,700837,5005,2025-08-21,Complication,371.12
1002615,706061,5010,2022-05-21,Successful,1163.68
1002616,705917,5036,2022-10-28,Successful,5559.84
1002617,701830,5003,2021-01-14,Successful,1062.83
1002618,701135,5001,2022-09-23,Successful,2763.2
1002619,700121,5027,2024-06-13,Successful,320.27
1002620,701035,5034,2024-07-06,Successful,11504.81
1002621,704827,5019,2024-08-19,Complication,586.89
1002622,705565,5007,2021-03-05,Successful,327.17
1002623,705101,5003,2022-10-06,Successful,3847.15
1002624,704772,5012,2025-01-03,Successful,773.44
1002625,706092,5009,2025-09-19,Successful,206.47
1002626,702676,5001,2021-08-31,Cancelled,762.63
1002627,702377,5019,2022-02-20,Successful,1437.75
1002628,706250,5036,2023-07-25,Successful,385.79
1002629,703761,5014,2023-12-06,Successful,464.65
1002630,705541,5014,2025-03-21,Successful,4101.79
1002631,701251,5024,2022-08-26,Successful,516.23
1002632,702520,5015,2023-02-27,Successful,1026.66
1002633,704974,5013,2023-03-20,Successful,629.82
1002634,705057,5015,2023-01-27,Successful,1107.48
1002635,702048,5003,2021-01-22,Complication,2552.5
1002636,704880,5011,2023-08-17,Complication,1070.33
1002637,704287,5003,2022-07-05,Complication,1666.48
1002638,703880,5020,2021-02-28,Successful,331.51
1002639,703667,5021,2024-06-15,Successful,627.69
1002640,706364,5015,2025-11-16,Successful,812.93
1002641,705102,5022,2024-05-23,Successful,1210.32
1002642,702061,5014,2021-05-04,Successful,1306.39
1002643,701987,5008,2024-01-17,Successful,1944.34
1002644,702520,5015,2022-09-18,Successful,2159.56
1002645,705947,5001,2023-04-29,Successful,723.72
1002646,706340,5002,2024-02-24,Successful,1188.92
1002647,701868,5029,2021-10-18,Successful,3169.86
1002648,702164,5016,2021-10-05,Successful,1201.8
1002649,703950,5020,2024-08-06,Successful,646.46
1002650,706024,5012,2025-09-27,Successful,2005.25
1002651,705563,5034,2023-08-21,Successful,228.01
1002652,701811,5030,2021-07-25,Successful,585.98
1002653,703112,5029,2022-07-27,Successful,230.52
1002654,705499,5034,2022-07-02,Successful,1411.26
1002655,702675,5029,2025-04-24,Successful,292.31
1002656,703952,5033,2021-09-04,Successful,4765.26
1002657,701447,5022,2022-01-19,Successful,1694.05
1002658,700640,5017,2021-02-20,Successful,922.04
1002659,703225,5017,2021-09-24,Successful,652.29
1002660,703330,5037,2025-03-21,Successful,694.0
1002661,702930,5026,2022-03-13,Successful,939.15
1002662,703037,5012,2025-06-06,Successful,2595.5
1002663,704410,5004,2021-05-01,Complication,2043.78
1002664,703610,5023,2025-02-14,Successful,266.46
1002665,700104,5023,2023-02-16,Successful,365.63
1002666,702379,5007,2022-03-18,Successful,627.03
1002667,705076,5038,2025-04-21,Successful,1730.81
1002668,700235,5031,2023-02-13,Complication,1909.01
1002669,700170,5020,2022-03-08,Successful,3286.73
1002670,703224,5011,2023-04-16,Complication,897.56
1002671,701794,5032,2024-01-04,Successful,1654.05
1002672,706390,5010,2021-12-13,Cancelled,2670.52
1002673,701054,5004,2023-09-21,Successful,277.46
1002674,706091,5029,2025-12-04,Cancelled,1541.29
1002675,702353,5036,2023-01-06,Successful,986.13
1002676,702821,5031,2023-07-21,Successful,2518.42
1002677,703846,5013,2023-05-31,Successful,288.73
1002678,704731,5025,2021-05-30,Successful,455.48
1002679,704677,5036,2023-05-10,Complication,2743.64
1002680,703268,5014,2022-02-17,Successful,440.84
1002681,700994,5008,2025-09-02,Successful,307.91
1002682,704687,5013,2024-07-26,Successful,787.28
1002683,702213,5018,2022-04-01,Successful,873.84
1002684,700896,5033,2024-01-06,Successful,171.81
1002685,701597,5016,2024-08-15,Successful,2094.16
1002686,703698,5006,2022-12-02,Successful,1747.21
1002687,705388,5008,2023-02-27,Successful,503.6
1002688,701691,5021,2021-02-22,Successful,1608.35
1002689,704433,5040,2023-12-15,Successful,1216.27
1002690,705399,5006,2024-06-28,Successful,2041.62
1002691,703507,5010,2021-11-07,Successful,766.61
1002692,702662,5027,2021-03-31,Cancelled,417.46
1002693,702290,5023,2022-03-26,Complication,1236.82
1002694,701595,5004,2024-08-07,Complication,1500.35
1002695,705590,5011,2025-01-08,Successful,1445.12
1002696,700034,5026,2023-12-25,Complication,862.23
1002697,703710,5020,2023-05-05,Complication,2060.64
1002698,703956,5006,2022-11-01,Successful,1057.42
1002699,702495,5038,2021-09-13,Successful,1653.32
1002700,703693,5038,2023-08-03,Complication,732.25
1002701,700560,5022,2022-02-27,Successful,231.47
1002702,702760,5029,2023-03-17,Successful,1834.43
1002703,701107,5026,2021-05-09,Successful,796.98
1002704,701437,5017,2024-05-24,Complication,1249.28
1002705,702139,5027,2022-07-26,Successful,506.35
1002706,703895,5037,2024-09-03,Successful,1543.56
1002707,703993,5038,2023-06-26,Complication,5132.37
1002708,700789,5020,2024-07-20,Successful,547.09
1002709,703994,5037,2023-01-14,Successful,1444.02
1002710,704153,5030,2021-08-11,Successful,2019.19
1002711,705717,5018,2025-06-08,Complication,2058.52
1002712,705146,5038,2024-02-20,Successful,603.08
1002713,701472,5005,2023-10-03,Complication,2430.99
1002714,703990,5015,2025-08-19,Successful,1037.01
1002715,705156,5038,2023-02-09,Successful,1249.65
1002716,701997,5031,2024-06-10,Complication,1751.18
1002717,703485,5040,2021-10-14,Successful,466.11
1002718,704894,5017,2023-04-04,Successful,835.56
1002719,704111,5015,2022-03-16,Successful,1544.48
1002720,706064,5014,2025-06-11,Successful,1228.17
1002721,701604,5020,2024-11-12,Successful,471.73
1002722,703773,5037,2024-10-18,Successful,1080.72
1002723,706343,5001,2024-10-18,Successful,2299.49
1002724,704749,5013,2023-06-27,Successful,4249.27
1002725,702037,5029,2023-04-03,Successful,2845.49
1002726,705368,5001,2025-07-05,Complication,1036.14
1002727,702147,5016,2021-04-16,Successful,1932.53
1002728,703904,5014,2025-05-08,Successful,3473.35
1002729,703429,5010,2024-07-13,Successful,1230.67
1002730,700011,5022,2022-06-06,Successful,1296.45
1002731,700864,5008,2022-04-20,Successful,589.48
1002732,703525,5037,2022-12-23,Successful,2330.4
1002733,704205,5029,2022-10-23,Successful,936.67
1002734,703750,5020,2023-08-28,Successful,494.07
1002735,700115,5007,2023-02-24,Successful,632.8
1002736,701414,5014,2022-02-07,Successful,929.28
1002737,701572,5033,2025-04-19,Cancelled,1379.03
1002738,704488,5034,2021-02-24,Successful,421.97
1002739,701688,5033,2023-08-28,Successful,3258.78
1002740,702508,5018,2021-04-19,Successful,3169.27
1002741,705109,5018,2024-04-17,Successful,398.8
1002742,704266,5012,2023-10-22,Successful,908.92
1002743,701244,5037,2024-07-22,Successful,3046.61
1002744,703698,5014,2023-02-19,Successful,933.44
1002745,704498,5016,2022-09-05,Successful,1218.86
1002746,706334,5025,2023-01-03,Successful,680.05
1002747,706266,5037,2023-01-29,Successful,493.85
1002748,702139,5001,2024-12-25,Successful,833.87
1002749,701333,5015,2024-04-15,Successful,1109.73
1002750,704442,5025,2024-07-30,Successful,1963.65
1002751,700191,5028,2025-08-07,Successful,2621.48
1002752,700770,5024,2022-01-02,Successful,2407.5
1002753,706237,5027,2023-03-02,Successful,778.84
1002754,706336,5026,2021-03-06,Successful,1062.58
1002755,700056,5027,2021-09-06,Successful,599.25
1002756,704370,5021,2023-01-04,Successful,414.76
1002757,700635,5032,2023-08-08,Complication,290.87
1002758,704538,5024,2024-08-17,Successful,1518.48
1002759,703124,5001,2025-02-24,Complication,3284.78
1002760,704517,5040,2021-12-03,Successful,2073.07
1002761,703643,5014,2023-10-22,Successful,827.61
1002762,702485,5004,2023-12-23,Successful,388.21
1002763,700483,5004,2023-09-11,Cancelled,1243.33
1002764,704979,5016,2023-11-09,Successful,867.44
1002765,705392,5020,2021-02-04,Successful,457.54
1002766,706054,5032,2023-07-24,Successful,7580.59
1002767,700830,5038,2025-04-21,Complication,3201.16
1002768,702733,5033,2021-08-09,Successful,722.13
1002769,701154,5013,2023-12-21,Successful,634.18
1002770,700920,5017,2024-03-24,Successful,1079.08
1002771,703816,5028,2023-08-25,Complication,1092.88
1002772,701910,5027,2021-09-04,Successful,1286.04
1002773,701752,5017,2024-10-30,Successful,775.1
1002774,703275,5009,2024-04-09,Successful,985.46
1002775,705650,5029,2023-08-05,Successful,621.5
1002776,703480,5002,2023-04-29,Successful,1946.74
1002777,701828,5027,2025-04-10,Successful,1937.6
1002778,706238,5031,2023-07-25,Successful,1108.01
1002779,704875,5026,2022-12-22,Successful,238.46
1002780,700237,5011,2022-12-17,Successful,528.99
1002781,701603,5010,2024-09-30,Successful,476.78
1002782,704974,5039,2022-03-17,Successful,391.2
1002783,706259,5011,2025-12-16,Complication,404.69
1002784,700123,5027,2022-02-20,Complication,4909.09
1002785,703163,5019,2022-07-24,Successful,671.02
1002786,702022,5016,2021-11-09,Complication,530.22
1002787,704114,5025,2024-10-29,Successful,1139.04
1002788,701375,5028,2023-07-01,Successful,830.2
1002789,704189,5037,2022-01-08,Successful,224.0
1002790,700435,5021,2023-12-16,Successful,1036.26
1002791,700553,5039,2022-09-09,Successful,892.77
1002792,702787,5031,2021-11-17,Complication,1754.75
1002793,703131,5012,2022-08-09,Successful,865.54
1002794,704739,5019,2024-04-16,Successful,1703.05
1002795,706476,5014,2023-01-29,Cancelled,2856.83
1002796,702982,5030,2023-02-15,Successful,617.55
1002797,700599,5033,2022-02-12,Successful,750.81
1002798,705124,5033,2022-12-05,Successful,1212.05
1002799,703536,5025,2024-11-01,Successful,1325.56
1002800,704927,5029,2023-01-11,Successful,3457.32
1002801,703985,5023,2023-12-27,Cancelled,707.36
1002802,704158,5038,2024-04-07,Successful,1578.43
1002803,706430,5007,2024-12-22,Successful,554.35
1002804,700016,5014,2025-05-27,Successful,4448.69
1002805,704024,5021,2024-05-01,Successful,2214.2
1002806,704402,5031,2021-09-24,Successful,571.37
1002807,705978,5003,2021-03-09,Successful,1483.81
1002808,703294,5039,2022-09-21,Successful,725.87
1002809,704438,5018,2023-12-31,Successful,1476.71
1002810,703684,5016,2021-10-31,Complication,1338.74
1002811,703909,5015,2025-04-27,Successful,4009.84
1002812,701290,5002,2022-02-02,Cancelled,2326.65
1002813,705136,5027,2025-08-21,Successful,563.66
1002814,703798,5025,2021-08-03,Complication,1790.52
1002815,702867,5026,2025-06-24,Successful,295.18
1002816,700786,5005,2021-07-25,Successful,5457.32
1002817,704186,5036,2025-11-26,Successful,1107.88
1002818,700384,5039,2023-01-02,Successful,586.7
1002819,701050,5036,2022-11-29,Successful,322.77
1002820,704375,5033,2025-02-22,Successful,607.61
1002821,706332,5014,2022-07-10,Complication,655.12
1002822,703779,5030,2024-08-30,Successful,1852.24
1002823,703524,5005,2021-12-13,Successful,556.7
1002824,704252,5034,2023-11-22,Successful,1263.81
1002825,700551,5004,2025-11-25,Successful,951.02
1002826,700740,5027,2022-05-28,Successful,1457.28
1002827,702451,5016,2024-12-02,Successful,1068.98
1002828,700684,5012,2023-10-08,Successful,486.09
1002829,704705,5028,2025-03-28,Successful,1129.08
1002830,703221,5012,2022-10-24,Successful,443.39
1002831,701060,5012,2021-07-23,Successful,1112.65
1002832,706411,5029,2024-07-17,Successful,797.05
1002833,701519,5036,2024-11-16,Successful,660.14
1002834,705983,5033,2022-10-25,Successful,2266.47
1002835,701873,5036,2021-11-05,Cancelled,1823.13
1002836,703374,5005,2023-06-05,Successful,1880.45
1002837,703574,5003,2023-02-15,Complication,1994.06
1002838,703859,5003,2022-09-09,Complication,184.75
1002839,704688,5024,2025-03-22,Successful,616.82
1002840,704738,5026,2025-05-09,Successful,1207.68
1002841,700264,5032,2021-11-18,Successful,1835.23
1002842,701837,5020,2023-01-28,Successful,412.5
1002843,701508,5026,2023-10-28,Successful,2164.81
1002844,701621,5035,2025-04-04,Cancelled,748.57
1002845,702638,5013,2025-03-27,Successful,925.17
1002846,703644,5005,2022-04-25,Successful,1312.28
1002847,700573,5020,2022-05-06,Successful,1276.62
1002848,704748,5020,2025-04-25,Successful,1811.7
1002849,700760,5007,2021-05-05,Successful,637.75
1002850,700092,5039,2021-11-22,Successful,4177.91
1002851,703968,5007,2021-05-07,Successful,3903.67
1002852,705910,5007,2023-11-20,Successful,1100.35
1002853,701166,5015,2021-07-27,Complication,721.91
1002854,703358,5008,2022-08-30,Successful,651.94
1002855,705067,5021,2021-03-01,Successful,2256.46
1002856,702452,5006,2023-12-12,Successful,2090.65
1002857,704614,5009,2022-11-11,Successful,1811.5
1002858,701518,5010,2022-05-23,Successful,614.94
1002859,700625,5032,2024-09-09,Successful,437.13
1002860,700770,5029,2024-01-16,Successful,434.9
1002861,700874,5032,2023-02-02,Successful,650.95
1002862,706217,5009,2023-11-15,Successful,376.47
1002863,704178,5040,2024-02-17,Successful,412.8
1002864,701277,5016,2024-04-04,Successful,542.28
1002865,704743,5030,2024-09-04,Successful,478.56
1002866,704710,5033,2024-09-27,Cancelled,903.4
1002867,705144,5035,2023-08-30,Successful,853.98
1002868,702000,5008,2021-11-06,Successful,1410.3
1002869,706078,5007,2021-06-25,Successful,1887.94
1002870,703663,5010,2024-10-10,Successful,629.1
1002871,702116,5020,2022-02-16,Successful,585.11
1002872,705820,5006,2024-01-10,Successful,1163.06
1002873,702910,5022,2022-01-18,Successful,1522.67
1002874,703670,5011,2024-06-16,Successful,2572.4
1002875,705381,5022,2025-07-25,Successful,1031.44
1002876,704361,5008,2023-06-17,Successful,762.97
1002877,701913,5029,2023-02-08,Successful,2122.18
1002878,705816,5039,2025-07-27,Successful,4799.14
1002879,702031,5018,2022-01-22,Successful,651.98
1002880,704248,5037,2024-07-01,Successful,684.44
1002881,705603,5035,2021-04-21,Successful,1766.8
1002882,703896,5025,2024-05-13,Successful,1058.06
1002883,701962,5037,2021-05-27,Successful,780.98
1002884,700485,5037,2025-08-08,Successful,688.01
1002885,705733,5013,2023-08-15,Successful,501.35
1002886,700773,5032,2021-11-10,Successful,576.17
1002887,703037,5036,2022-03-18,Successful,647.26
1002888,704059,5012,2021-04-08,Successful,661.15
1002889,703220,5004,2024-10-31,Successful,558.18
1002890,703267,5012,2022-09-12,Successful,477.71
1002891,700832,5019,2023-10-18,Cancelled,1529.29
1002892,701475,5020,2025-08-09,Successful,678.67
1002893,703622,5030,2023-10-15,Successful,804.9
1002894,703881,5030,2024-11-24,Cancelled,524.83
1002895,702245,5014,2021-05-27,Successful,698.4
1002896,706114,5008,2024-11-05,Complication,652.24
1002897,701862,5027,2022-01-16,Successful,2034.68
1002898,705021,5013,2023-07-06,Successful,3247.13
1002899,705370,5020,2024-05-31,Successful,4240.61
1002900,700493,5039,2025-02-04,Successful,679.99
1002901,702579,5013,2024-11-18,Cancelled,950.04
1002902,702479,5001,2024-09-01,Successful,1522.82
1002903,705563,5014,2023-12-28,Successful,1144.68
1002904,704098,5013,2024-04-28,Successful,2135.09
1002905,706467,5034,2021-01-24,Successful,459.39
1002906,703425,5038,2025-10-18,Successful,1214.82
1002907,703536,5012,2021-01-13,Successful,479.7
1002908,700761,5016,2023-10-19,Successful,977.51
1002909,702782,5008,2022-11-02,Cancelled,1211.59
1002910,702535,5004,2025-05-06,Successful,240.26
1002911,703580,5002,2021-07-01,Successful,533.56
1002912,705608,5007,2025-08-13,Successful,4395.94
1002913,706196,5030,2023-06-06,Successful,462.41
1002914,700992,5008,2021-06-21,Successful,4197.12
1002915,701755,5013,2025-07-07,Successful,1612.95
1002916,705612,5029,2021-10-23,Successful,1701.03
1002917,702830,5001,2022-07-15,Successful,7090.35
1002918,703384,5040,2024-12-06,Successful,1966.69
1002919,700311,5038,2025-05-30,Cancelled,3528.24
1002920,704625,5003,2024-05-04,Successful,625.27
1002921,703288,5025,2025-04-27,Successful,2341.81
1002922,703170,5018,2025-11-23,Successful,949.84
1002923,700014,5007,2022-09-06,Successful,1075.89
1002924,700635,5015,2023-09-09,Successful,1081.83
1002925,706020,5029,2021-04-26,Successful,546.61
1002926,700879,5030,2023-06-06,Successful,1030.95
1002927,703870,5017,2023-03-24,Complication,943.59
1002928,704000,5018,2022-02-22,Successful,2531.28
1002929,705096,5037,2023-01-06,Successful,1527.38
1002930,703002,5017,2023-01-08,Successful,1501.7
1002931,704853,5008,2022-12-10,Successful,1838.84
1002932,701587,5006,2024-03-20,Complication,4219.41
1002933,705096,5023,2025-08-06,Successful,1151.37
1002934,701080,5039,2023-02-05,Successful,949.83
1002935,702697,5024,2025-12-24,Successful,980.55
1002936,702848,5018,2022-07-02,Successful,978.4
1002937,702523,5023,2021-04-29,Successful,1057.62
1002938,700439,5033,2021-01-23,Successful,1177.68
1002939,703799,5006,2022-01-30,Successful,642.32
1002940,701424,5031,2022-11-10,Successful,368.75
1002941,702887,5016,2023-12-02,Successful,1276.32
1002942,706032,5033,2023-09-08,Successful,1537.08
1002943,705263,5031,2022-01-10,Successful,976.28
1002944,701355,5032,2025-12-05,Successful,1357.51
1002945,702354,5031,2023-03-03,Successful,1584.59
1002946,703271,5040,2025-02-05,Complication,1589.58
1002947,703499,5030,2022-07-21,Successful,1378.63
1002948,702241,5039,2023-08-01,Successful,1535.85
1002949,702727,5034,2022-10-11,Successful,2366.4
1002950,706174,5034,2021-03-03,Successful,853.3
1002951,705966,5021,2023-05-10,Successful,936.5
1002952,705307,5009,2023-11-21,Successful,520.23
1002953,702035,5022,2024-08-31,Successful,774.75
1002954,700456,5025,2021-12-17,Successful,788.07
1002955,705062,5015,2023-03-07,Successful,1114.1
1002956,705067,5034,2025-07-21,Successful,927.55
1002957,701850,5013,2022-06-19,Successful,1149.97
1002958,705306,5038,2024-07-22,Successful,1904.72
1002959,704231,5033,2025-08-10,Successful,2251.26
1002960,705595,5039,2025-08-18,Successful,244.8
1002961,703342,5025,2024-01-28,Successful,464.18
1002962,703385,5012,2023-08-31,Successful,1116.18
1002963,700316,5037,2023-07-01,Successful,2320.83
1002964,700681,5007,2023-03-28,Successful,968.76
1002965,704810,5035,2025-10-15,Successful,279.84
1002966,704707,5010,2022-09-26,Successful,2434.84
1002967,701999,5030,2021-05-03,Successful,2855.31
1002968,702716,5035,2024-08-27,Successful,985.18
1002969,705112,5027,2025-09-25,Successful,585.48
1002970,702776,5030,2022-12-03,Successful,1056.82
1002971,703758,5033,2022-02-02,Successful,2007.87
1002972,703712,5024,2023-08-30,Successful,1225.59
1002973,703801,5006,2024-12-01,Cancelled,513.35
1002974,705182,5005,2025-08-16,Successful,1487.41
1002975,704464,5007,2021-08-23,Cancelled,1721.92
1002976,704378,5013,2023-11-03,Successful,1604.9
1002977,700263,5026,2022-07-28,Successful,978.77
1002978,701251,5028,2024-12-13,Successful,985.45
1002979,701453,5014,2022-11-05,Complication,643.89
1002980,705866,5036,2021-02-11,Successful,1132.36
1002981,702971,5012,2023-08-11,Successful,182.07
1002982,701934,5040,2022-10-27,Successful,1319.63
1002983,705106,5020,2025-09-25,Successful,742.86
1002984,706478,5019,2025-10-04,Complication,683.21
1002985,700282,5026,2022-05-30,Successful,2287.72
1002986,703256,5026,2024-05-03,Successful,612.0
1002987,703499,5035,2025-11-15,Cancelled,1742.83
1002988,704708,5025,2023-11-10,Successful,570.66
1002989,700640,5034,2024-08-01,Successful,1283.49
1002990,705244,5037,2024-11-23,Successful,516.84
1002991,700045,5027,2022-11-28,Successful,5141.48
1002992,705690,5006,2025-05-12,Cancelled,2764.81
1002993,703338,5030,2025-08-19,Successful,2199.78
1002994,700898,5011,2024-06-13,Successful,307.92
1002995,701203,5004,2022-05-12,Complication,1867.84
1002996,703992,5031,2023-11-12,Successful,796.68
1002997,703282,5028,2021-01-25,Successful,439.17
1002998,701037,5024,2023-11-19,Successful,3147.85
1002999,702085,5006,2024-03-25,Successful,2624.45
1003000,700978,5025,2025-05-22,Successful,1046.52
1003001,703617,5018,2023-06-15,Successful,2096.1
1003002,704196,5018,2021-06-05,Successful,7310.98
1003003,700217,5008,2022-07-28,Successful,3855.31
1003004,703326,5034,2023-04-14,Complication,1291.61
1003005,706178,5012,2024-10-31,Cancelled,1383.36
1003006,701096,5029,2021-02-02,Successful,296.74
1003007,703405,5021,2022-03-25,Successful,635.04
1003008,701978,5004,2021-04-17,Successful,1210.68
1003009,702020,5012,2021-05-18,Successful,941.09
1003010,702831,5012,2021-10-29,Successful,454.61
1003011,703402,5004,2024-06-27,Successful,2138.06
1003012,705025,5019,2023-08-29,Successful,3617.5
1003013,701649,5039,2022-07-03,Successful,1151.56
1003014,704916,5016,2021-06-08,Successful,610.04
1003015,705981,5030,2021-07-03,Successful,336.95
1003016,704245,5021,2024-06-08,Successful,2658.52
1003017,706256,5026,2022-05-26,Successful,1649.64
1003018,701043,5022,2024-02-27,Successful,1144.43
1003019,705439,5025,2022-03-09,Successful,1388.51
1003020,701634,5031,2024-08-03,Successful,452.27
1003021,705355,5038,2023-04-26,Complication,563.38
1003022,705997,5040,2024-03-31,Successful,1777.24
1003023,705178,5014,2022-08-08,Successful,3583.83
1003024,703941,5018,2022-09-11,Successful,1100.29
1003025,706093,5018,2022-06-05,Successful,4505.06
1003026,701168,5002,2022-04-05,Successful,1425.37
1003027,706267,5020,2021-04-29,Successful,637.26
1003028,700695,5006,2024-12-23,Successful,525.82
1003029,702638,5001,2025-10-11,Successful,1205.99
1003030,702001,5006,2023-08-20,Successful,1340.41
1003031,701820,5019,2022-08-20,Successful,845.45
1003032,704569,5006,2022-10-23,Successful,330.16
1003033,705459,5010,2024-02-21,Successful,1500.32
1003034,705569,5014,2024-12-30,Successful,1040.05
1003035,702997,5036,2023-09-24,Successful,1160.43
1003036,705581,5026,2022-12-11,Successful,555.09
1003037,702248,5039,2021-04-22,Successful,1157.79
1003038,706430,5005,2025-01-10,Successful,1576.41
1003039,704398,5001,2024-12-24,Successful,1228.59
1003040,700009,5017,2021-03-18,Successful,1271.56
1003041,702045,5015,2021-11-29,Complication,1729.28
1003042,703888,5001,2024-12-01,Successful,1927.45
1003043,706038,5027,2024-07-31,Successful,832.71
1003044,703069,5030,2023-08-05,Successful,491.24
1003045,701017,5039,2021-01-11,Successful,649.79
1003046,706191,5002,2025-01-01,Successful,1647.72
1003047,702415,5023,2021-10-27,Successful,894.27
1003048,704574,5024,2024-09-07,Successful,1101.9
1003049,702051,5019,2025-07-22,Complication,477.18
1003050,700183,5019,2025-05-19,Successful,4495.02
1003051,700652,5010,2023-12-31,Successful,1560.52
1003052,703134,5037,2021-09-28,Successful,1517.25
1003053,703325,5006,2022-11-19,Complication,1033.83
1003054,705011,5002,2025-03-17,Successful,1859.78
1003055,702540,5034,2025-03-05,Successful,1608.91
1003056,701021,5027,2021-01-03,Successful,814.19
1003057,704871,5027,2022-01-09,Successful,798.61
1003058,701568,5019,2022-03-12,Successful,466.56
1003059,702287,5017,2023-12-27,Successful,1383.79
1003060,700785,5034,2024-04-15,Successful,923.18
1003061,701423,5032,2024-06-21,Successful,313.46
1003062,700555,5035,2021-12-10,Cancelled,4620.99
1003063,705702,5010,2023-07-04,Successful,2141.23
1003064,700093,5016,2025-01-18,Successful,1246.0
1003065,702773,5005,2021-10-07,Successful,1611.95
1003066,703559,5011,2022-01-27,Successful,1111.08
1003067,703062,5022,2021-03-18,Successful,924.38
1003068,703387,5020,2023-12-09,Successful,1464.33
1003069,706134,5004,2022-12-04,Successful,1220.32
1003070,704787,5035,2022-08-10,Successful,1035.8
1003071,704347,5004,2025-02-10,Cancelled,1150.11
1003072,703377,5012,2022-01-08,Successful,1187.56
1003073,702094,5027,2025-08-31,Successful,391.35
1003074,703694,5032,2024-07-17,Successful,534.98
1003075,704645,5040,2025-03-10,Successful,735.54
1003076,705409,5021,2021-11-02,Successful,1396.77
1003077,703568,5032,2023-07-06,Successful,2977.88
1003078,700569,5022,2025-10-21,Successful,291.26
1003079,706084,5014,2022-03-01,Successful,6163.46
1003080,703276,5018,2022-04-09,Complication,603.12
1003081,703021,5002,2022-05-08,Complication,601.73
1003082,704391,5034,2024-11-02,Successful,2650.69
1003083,705359,5007,2023-06-22,Successful,5988.39
1003084,704052,5002,2025-11-28,Cancelled,1154.92
1003085,701018,5003,2022-06-17,Complication,1242.2
1003086,706290,5015,2021-12-09,Complication,1718.14
1003087,700312,5015,2024-12-06,Complication,1654.09
1003088,703410,5037,2023-05-07,Successful,632.85
1003089,703982,5014,2022-11-22,Successful,1148.97
1003090,701809,5032,2023-09-19,Successful,5013.37
1003091,702069,5029,2022-05-19,Successful,581.15
1003092,704541,5019,2025-05-27,Successful,2288.63
1003093,700538,5001,2023-10-23,Successful,904.27
1003094,702340,5009,2024-11-16,Successful,1226.48
1003095,705555,5015,2023-09-28,Successful,596.81
1003096,705430,5006,2022-12-28,Successful,3581.1
1003097,700700,5035,2021-09-21,Successful,162.3
1003098,702364,5008,2025-06-04,Successful,1499.76
1003099,702266,5024,2025-03-02,Successful,751.17
1003100,700092,5005,2021-12-12,Successful,2328.54
1003101,700034,5022,2025-07-18,Successful,506.93
1003102,701177,5001,2022-11-05,Successful,1267.34
1003103,704465,5003,2025-03-11,Successful,2380.63
1003104,700712,5019,2022-01-08,Complication,594.09
1003105,700581,5029,2023-04-02,Complication,454.74
1003106,704252,5003,2024-06-08,Successful,256.69
1003107,704258,5013,2022-06-06,Successful,1919.87
1003108,702714,5026,2023-01-19,Complication,1017.82
1003109,705788,5026,2024-09-10,Successful,1604.66
1003110,705348,5012,2025-06-08,Successful,943.08
1003111,705113,5006,2021-11-24,Complication,780.74
1003112,704827,5032,2022-09-09,Complication,6810.5
1003113,705457,5025,2023-12-16,Successful,418.45
1003114,704603,5031,2021-07-18,Successful,2582.43
1003115,702900,5003,2024-09-14,Successful,2320.89
1003116,703444,5025,2025-01-05,Successful,1782.75
1003117,704110,5007,2021-09-11,Successful,868.87
1003118,701365,5034,2021-06-05,Successful,865.22
1003119,703839,5013,2021-06-26,Successful,896.92
1003120,703351,5019,2024-02-20,Successful,3229.77
1003121,703813,5016,2023-11-22,Successful,277.68
1003122,705799,5036,2023-07-11,Successful,1590.97
1003123,701096,5015,2022-05-19,Successful,1080.53
1003124,705843,5020,2023-06-12,Successful,3820.74
1003125,704061,5032,2024-08-18,Successful,1767.79
1003126,700709,5036,2023-11-22,Successful,2781.81
1003127,701393,5020,2022-09-04,Successful,1212.85
1003128,702912,5002,2025-12-03,Successful,301.26
1003129,705460,5009,2025-06-23,Successful,794.42
1003130,701299,5021,2025-09-15,Complication,3616.13
1003131,701880,5031,2021-06-18,Successful,2998.66
1003132,700665,5002,2025-12-17,Successful,1012.51
1003133,706107,5003,2021-07-06,Successful,5927.91
1003134,700268,5002,2023-05-04,Cancelled,1996.63
1003135,701595,5025,2021-06-04,Successful,540.2
1003136,700203,5040,2022-10-22,Successful,519.99
1003137,705453,5007,2023-08-14,Successful,2739.5
1003138,700653,5020,2021-12-10,Successful,545.39
1003139,702389,5013,2022-03-27,Successful,1148.02
1003140,706008,5017,2022-11-26,Successful,2423.15
1003141,705111,5032,2025-06-04,Successful,2296.16
1003142,702974,5001,2024-02-28,Successful,507.03
1003143,701344,5004,2025-08-29,Successful,762.17
1003144,700563,5007,2023-07-07,Successful,2577.7
1003145,701648,5040,2023-05-13,Successful,1905.47
1003146,703485,5038,2021-04-28,Successful,1509.89
1003147,704711,5013,2022-10-05,Successful,4954.03
1003148,700541,5040,2021-12-23,Successful,386.11
1003149,701770,5026,2024-05-15,Successful,589.93
1003150,706413,5008,2022-07-16,Successful,536.1
1003151,702717,5027,2021-10-10,Successful,520.02
1003152,700299,5015,2024-04-09,Successful,1230.74
1003153,701327,5008,2021-06-25,Successful,1525.12
1003154,703020,5004,2024-06-14,Successful,
1003155,700795,5016,2023-06-03,Successful,1374.71
1003156,700561,5031,2023-05-17,Successful,1398.35
1003157,704221,5036,2022-12-29,Successful,1289.63
1003158,704339,5034,2022-11-20,Successful,1297.79
1003159,702423,5010,2023-01-05,Successful,828.13
1003160,705792,5033,2024-06-24,Successful,895.73
1003161,702592,5012,2023-11-29,Complication,620.08
1003162,703891,5002,2021-06-01,Successful,465.31
1003163,703518,5012,2024-06-13,Successful,714.65
1003164,703826,5022,2021-12-04,Cancelled,982.74
1003165,703527,5011,2025-07-28,Successful,1524.1
1003166,705154,5005,2021-09-12,Complication,1591.48
1003167,701902,5001,2024-01-16,Successful,1418.32
1003168,700977,5008,2022-02-20,Successful,578.64
1003169,704947,5037,2023-03-14,Successful,1671.65
1003170,706456,5008,2023-01-11,Cancelled,360.98
1003171,701423,5007,2024-12-15,Successful,1717.41
1003172,701206,5037,2024-04-14,Successful,1274.35
1003173,704257,5006,2022-11-13,Successful,615.82
1003174,701473,5007,2024-04-04,Cancelled,633.68
1003175,704130,5036,2021-06-03,Successful,2433.63
1003176,701859,5007,2024-06-03,Successful,940.4
1003177,700774,5012,2022-11-15,Successful,914.49
1003178,701141,5022,2025-02-25,Complication,1658.46
1003179,704087,5010,2021-07-22,Successful,1421.17
1003180,700533,5012,2021-01-30,Successful,1163.95
1003181,705659,5019,2024-11-10,Successful,1507.97
1003182,700968,5018,2023-01-17,Successful,668.22
1003183,706479,5016,2025-10-01,Successful,2940.99
1003184,703082,5029,2024-11-03,Successful,1386.13
1003185,706269,5024,2023-08-03,Successful,3290.5
1003186,700957,5036,2024-06-21,Cancelled,1031.9
1003187,704590,5005,2021-03-11,Cancelled,1198.34
1003188,700111,5023,2022-05-04,Successful,1903.76
1003189,701938,5012,2025-12-24,Successful,3216.76
1003190,703854,5015,2025-01-16,Successful,1567.02
1003191,704657,5036,2023-01-22,Successful,2137.19
1003192,702472,5033,2024-05-13,Complication,2249.41
1003193,700317,5028,2024-02-04,Cancelled,807.36
1003194,706215,5016,2022-07-23,Successful,807.54
1003195,702887,5015,2021-05-31,Successful,541.66
1003196,704436,5012,2024-09-21,Successful,488.9
1003197,705398,5005,2022-02-10,Successful,1810.75
1003198,700603,5026,2023-09-16,Successful,848.08
1003199,702797,5034,2023-05-22,Successful,1155.08
1003200,706339,5021,2022-12-27,Successful,915.3
1003201,702417,5009,2025-05-09,Successful,906.93
1003202,704905,5028,2025-08-29,Successful,759.78
1003203,702679,5019,2024-08-31,Cancelled,2270.05
1003204,700412,5028,2024-01-18,Successful,1010.51
1003205,701760,5010,2021-07-08,Successful,2673.36
1003206,704741,5026,2025-01-06,Successful,627.75
1003207,701210,5015,2022-10-14,Successful,395.74
1003208,705324,5015,2025-07-28,Successful,384.65
1003209,702939,5008,2021-01-30,Successful,1988.51
1003210,700670,5040,2025-04-19,Cancelled,1112.96
1003211,704098,5038,2022-07-08,Successful,788.6
1003212,701351,5008,2023-07-15,Successful,3130.49
1003213,700479,5013,2021-03-25,Successful,2034.28
1003214,705445,5026,2024-03-18,Successful,1651.68
1003215,705785,5017,2022-01-04,Complication,430.9
1003216,701646,5011,2024-03-14,Successful,483.81
1003217,700593,5021,2021-06-11,Successful,1840.49
1003218,704958,5023,2022-07-17,Successful,1990.63
1003219,706427,5017,2023-10-15,Successful,250.16
1003220,703895,5036,2023-09-25,Successful,963.1
1003221,700427,5024,2023-12-08,Complication,669.02
1003222,703869,5028,2024-11-08,Successful,398.91
1003223,704630,5030,2025-08-17,Complication,4622.19
1003224,703247,5009,2024-03-20,Successful,1409.59
1003225,700480,5032,2021-01-21,Successful,5561.53
1003226,701655,5021,2022-09-14,Successful,724.91
1003227,701532,5028,2024-07-24,Complication,662.08
1003228,701514,5017,2022-01-26,Successful,390.64
1003229,704044,5012,2024-01-22,Successful,1631.68
1003230,702977,5024,2024-09-21,Successful,2626.44
1003231,701235,5032,2021-07-31,Successful,2750.45
1003232,702594,5018,2022-08-03,Complication,3431.36
1003233,704785,5011,2024-09-29,Successful,954.57
1003234,702588,5027,2025-01-22,Successful,730.27
1003235,706243,5017,2024-12-09,Successful,1251.63
1003236,704806,5008,2023-08-28,Successful,871.9
1003237,703567,5033,2025-11-23,Successful,2445.24
1003238,701813,5022,2024-09-28,Successful,1003.45
1003239,705936,5007,2021-05-28,Complication,1931.85
1003240,702593,5027,2024-03-06,Successful,5916.77
1003241,700454,5025,2021-06-09,Successful,1961.84
1003242,701047,5023,2021-03-23,Successful,1747.58
1003243,706465,5010,2021-08-10,Successful,736.33
1003244,701694,5040,2023-07-14,Successful,1095.56
1003245,703348,5040,2023-10-31,Successful,989.64
1003246,700839,5018,2021-04-30,Successful,1345.24
1003247,703454,5024,2025-08-12,Successful,462.64
1003248,705069,5032,2022-04-11,Complication,575.39
1003249,702497,5013,2024-03-07,Successful,799.71
1003250,702878,5039,2025-09-27,Successful,1678.38
1003251,703316,5010,2021-07-27,Successful,296.18
1003252,702861,5004,2023-12-05,Successful,985.33
1003253,704855,5001,2024-03-02,Successful,1297.57
1003254,705122,5020,2024-04-13,Successful,478.05
1003255,703282,5002,2024-07-30,Successful,1171.71
1003256,703807,5030,2021-05-28,Successful,516.15
1003257,701596,5035,2021-12-17,Successful,439.8
1003258,705496,5023,2023-09-28,Cancelled,1500.58
1003259,700466,5006,2025-10-06,Successful,406.27
1003260,701784,5001,2024-10-09,Successful,2215.31
1003261,703825,5026,2022-10-01,Cancelled,347.71
1003262,700245,5013,2023-03-16,Successful,636.1
1003263,702263,5034,2021-10-05,Successful,1090.63
1003264,705450,5033,2024-06-14,Successful,343.63
1003265,700272,5033,2022-01-22,Successful,330.18
1003266,706408,5037,2022-06-19,Complication,1527.2
1003267,704439,5005,2023-05-26,Successful,1603.08
1003268,700513,5024,2025-01-30,Successful,555.17
1003269,705210,5006,2025-02-09,Successful,608.57
1003270,701023,5001,2022-11-30,Successful,2114.36
1003271,705682,5018,2023-07-13,Successful,2662.2
1003272,704593,5021,2021-08-11,Successful,1602.1
1003273,700313,5025,2024-03-27,Successful,704.73
1003274,706462,5036,2021-11-18,Successful,1569.24
1003275,704516,5010,2022-06-06,Complication,2466.21
1003276,701265,5019,2024-05-15,Successful,1155.01
1003277,704944,5030,2023-03-30,Successful,2542.45
1003278,701799,5024,2024-09-09,Successful,997.09
1003279,704877,5010,2024-06-27,Complication,739.82
1003280,704629,5023,2022-09-29,Successful,614.22
1003281,703468,5021,2023-11-27,Successful,969.74
1003282,703547,5015,2024-04-16,Successful,1440.94
1003283,704914,5036,2022-01-06,Successful,1254.34
1003284,702448,5006,2021-05-25,Successful,684.79
1003285,704743,5016,2025-07-05,Successful,781.93
1003286,705907,5029,2022-10-27,Successful,961.35
1003287,702681,5010,2023-01-24,Cancelled,833.25
1003288,701197,5020,2022-09-14,Successful,1535.68
1003289,701890,5007,2023-05-24,Successful,2380.74
1003290,702195,5003,2022-09-01,Successful,979.81
1003291,705363,5024,2022-04-28,Successful,866.64
1003292,705826,5021,2022-06-25,Successful,258.55
1003293,703648,5020,2024-07-31,Complication,1717.61
1003294,700225,5002,2023-06-09,Complication,213.76
1003295,702900,5029,2021-09-06,Successful,1528.9
1003296,703646,5016,2025-05-10,Cancelled,340.99
1003297,703754,5030,2024-04-16,Successful,811.66
1003298,702216,5030,2024-12-25,Successful,662.98
1003299,700056,5008,2025-02-08,Successful,2607.15
1003300,705242,5036,2023-09-26,Complication,633.02
1003301,703101,5014,2025-04-19,Complication,617.0
1003302,702802,5025,2021-04-22,Successful,1068.95
1003303,704442,5026,2024-03-11,Successful,433.11
1003304,704866,5013,2021-09-16,Successful,1939.11
1003305,705786,5022,2023-07-23,Complication,1565.84
1003306,700960,5023,2024-11-07,Successful,2561.99
1003307,702682,5003,2024-09-09,Successful,436.15
1003308,703185,5006,2021-07-16,Successful,1446.37
1003309,702022,5008,2025-06-21,Successful,874.27
1003310,705650,5005,2025-02-03,Successful,386.65
1003311,700287,5021,2021-08-28,Successful,448.19
1003312,700474,5026,2024-06-01,Successful,736.95
1003313,703423,5023,2022-04-17,Successful,3106.13
1003314,705260,5018,2021-03-02,Successful,2861.21
1003315,705121,5027,2021-11-01,Complication,1439.78
1003316,705443,5039,2023-09-16,Complication,282.72
1003317,700139,5018,2025-04-07,Successful,1094.39
1003318,700221,5011,2022-11-19,Complication,1806.52
1003319,702564,5038,2024-05-11,Successful,1387.16
1003320,701256,5022,2023-07-31,Successful,2763.88
1003321,702372,5032,2022-09-25,Successful,317.49
1003322,702072,5039,2021-04-28,Successful,1873.28
1003323,706383,5012,2025-12-08,Successful,258.78
1003324,701971,5009,2022-06-18,Successful,2079.1
1003325,701535,5001,2024-01-02,Successful,3119.73
1003326,704906,5030,2021-11-22,Successful,226.03
1003327,700983,5029,2024-05-20,Successful,1163.1
1003328,700393,5036,2025-08-15,Complication,1483.9
1003329,701480,5003,2024-01-24,Successful,272.24
1003330,703578,5004,2025-01-07,Complication,1402.26
1003331,702011,5009,2024-04-13,Successful,708.7
1003332,704970,5028,2024-07-04,Successful,1395.98
1003333,705438,5022,2025-03-30,Successful,1387.02
1003334,700364,5007,2024-09-10,Successful,2029.35
1003335,701929,5026,2021-04-16,Successful,3496.63
1003336,702272,5031,2024-11-02,Successful,2490.11
1003337,706406,5016,2022-05-13,Successful,562.96
1003338,701202,5029,2025-05-12,Successful,859.95
1003339,705097,5025,2024-03-29,Complication,3322.98
1003340,701559,5032,2021-09-24,Successful,584.54
1003341,700443,5034,2022-02-08,Successful,827.65
1003342,705252,5007,2024-02-16,Successful,537.42
1003343,700146,5006,2021-04-06,Successful,629.18
1003344,701242,5003,2023-12-23,Successful,545.93
1003345,701509,5008,2023-02-12,Successful,3071.11
1003346,705009,5038,2021-08-07,Successful,1189.5
1003347,700470,5026,2023-07-19,Successful,327.94
1003348,704673,5026,2022-01-13,Successful,1353.52
1003349,706453,5019,2022-09-07,Cancelled,4657.33
1003350,706417,5015,2025-09-13,Successful,696.79
1003351,700727,5012,2022-08-18,Successful,548.52
1003352,704230,5002,2022-08-26,Successful,907.46
1003353,702224,5026,2024-02-09,Successful,2264.13
1003354,705711,5031,2025-12-22,Successful,1457.1
1003355,701003,5004,2024-08-23,Successful,769.3
1003356,706376,5005,2025-10-31,Successful,536.15
1003357,702922,5002,2022-02-04,Successful,2720.04
1003358,701250,5031,2025-12-25,Successful,845.59
1003359,703364,5031,2022-03-23,Successful,2432.97
1003360,701742,5016,2025-10-16,Complication,1560.44
1003361,700797,5010,2025-03-21,Successful,375.25
1003362,701757,5025,2022-10-10,Successful,1741.61
1003363,703321,5040,2025-05-04,Successful,1050.22
1003364,700669,5035,2023-03-02,Successful,1307.05
1003365,700738,5005,2021-07-08,Successful,1057.45
1003366,702396,5008,2021-11-08,Successful,1902.19
1003367,702968,5029,2022-11-11,Successful,2025.98
1003368,703021,5013,2021-05-14,Successful,1071.41
1003369,705165,5005,2022-11-05,Successful,1338.25
1003370,700060,5014,2023-08-23,Successful,1023.64
1003371,701299,5022,2025-04-30,Cancelled,2376.13
1003372,700184,5036,2021-12-27,Successful,2936.44
1003373,702983,5014,2023-07-04,Successful,1842.95
1003374,703109,5024,2021-02-26,Cancelled,3013.69
1003375,702414,5019,2021-10-11,Successful,714.23
1003376,704421,5029,2022-09-20,Successful,1007.5
1003377,700248,5009,2021-10-08,Successful,1006.85
1003378,703660,5025,2025-01-20,Cancelled,1259.41
1003379,704807,5008,2025-09-13,Successful,483.0
1003380,703479,5037,2024-08-15,Successful,1035.32
1003381,705687,5036,2022-10-06,Successful,2449.67
1003382,700801,5013,2021-04-04,Successful,2052.53
1003383,703295,5009,2022-09-13,Successful,1617.2
1003384,704263,5019,2021-12-03,Successful,939.53
1003385,703524,5028,2023-03-01,Successful,616.07
1003386,702050,5009,2022-10-12,Complication,3612.85
1003387,706229,5016,2022-03-26,Successful,1436.23
1003388,700531,5020,2022-02-11,Successful,938.62
1003389,704481,5033,2022-05-04,Successful,786.66
1003390,701772,5040,2025-10-02,Successful,179.39
1003391,701176,5031,2025-10-12,Successful,409.36
1003392,701019,5022,2021-06-14,Successful,1432.25
1003393,703387,5001,2024-11-27,Successful,1827.84
1003394,703803,5016,2025-08-22,Successful,2540.01
1003395,706253,5033,2021-11-04,Successful,532.81
1003396,700259,5025,2022-05-12,Successful,454.46
1003397,705209,5023,2021-04-15,Successful,1052.02
1003398,703827,5022,2023-01-15,Successful,1889.7
1003399,702673,5037,2022-07-17,Successful,1526.06
1003400,703846,5036,2023-07-04,Successful,519.98
1003401,701058,5022,2023-11-18,Successful,1131.01
1003402,706274,5013,2024-11-14,Successful,627.6
1003403,703694,5003,2022-10-13,Successful,2243.1
1003404,704954,5001,2021-01-30,Successful,985.67
1003405,700436,5008,2025-01-29,Successful,856.19
1003406,703801,5034,2021-06-12,Complication,1030.86
1003407,705800,5008,2025-04-01,Successful,766.77
1003408,700567,5029,2025-04-13,Successful,1012.7
1003409,700836,5003,2023-12-20,Successful,2214.57
1003410,705070,5003,2023-01-15,Successful,1040.29
1003411,700515,5027,2025-04-15,Successful,281.87
1003412,700953,5031,2023-06-22,Successful,1125.59
1003413,703367,5018,2022-10-13,Cancelled,1344.17
1003414,703564,5016,2022-08-13,Successful,696.41
1003415,701989,5030,2025-11-27,Successful,1210.08
1003416,703138,5012,2025-03-15,Successful,985.55
1003417,705827,5006,2021-01-20,Successful,1315.05
1003418,705522,5029,2025-12-11,Successful,1147.17
1003419,705187,5030,2024-03-15,Cancelled,645.59
1003420,701388,5025,2021-09-03,Successful,2765.63
1003421,705273,5036,2023-06-22,Successful,2468.15
1003422,702875,5025,2021-11-15,Successful,
1003423,703272,5022,2025-01-22,Successful,247.75
1003424,702534,5027,2023-04-02,Complication,1340.61
1003425,702684,5020,2025-04-20,Successful,1648.18
1003426,703552,5012,2021-10-21,Successful,733.15
1003427,701243,5020,2022-10-15,Successful,1446.85
1003428,701542,5032,2024-01-16,Successful,919.31
1003429,703611,5029,2025-02-16,Successful,1620.5
1003430,700388,5012,2023-06-09,Successful,929.1
1003431,705514,5040,2025-06-08,Successful,5238.66
1003432,702321,5019,2024-12-12,Successful,1031.25
1003433,701869,5014,2023-10-24,Successful,1030.87
1003434,702376,5015,2025-07-25,Successful,4072.22
1003435,703197,5036,2023-10-17,Successful,1328.32
1003436,704966,5036,2022-07-13,Successful,1221.25
1003437,702299,5037,2024-10-11,Successful,503.25
1003438,702619,5028,2025-05-15,Successful,378.69
1003439,702030,5003,2024-01-03,Successful,646.14
1003440,703239,5036,2024-03-15,Successful,638.2
1003441,701965,5007,2024-06-27,Successful,1676.63
1003442,701215,5004,2024-05-28,Successful,2031.43
1003443,701902,5011,2024-05-19,Successful,1905.63
1003444,706409,5014,2025-10-04,Successful,979.72
1003445,702195,5024,2025-10-04,Successful,956.06
1003446,705704,5037,2025-09-01,Successful,324.19
1003447,705485,5024,2022-09-23,Successful,718.77
1003448,700784,5026,2023-08-07,Successful,3003.72
1003449,703477,5016,2021-10-07,Successful,1080.92
1003450,702974,5006,2022-10-26,Successful,4744.6
1003451,702938,5036,2024-05-29,Successful,748.62
1003452,702101,5026,2021-11-04,Successful,1337.97
1003453,703869,5040,2023-10-27,Successful,730.64
1003454,700927,5010,2025-07-13,Successful,374.28
1003455,702795,5019,2023-05-07,Successful,326.37
1003456,706114,5017,2022-11-25,Cancelled,1203.07
1003457,701146,5025,2022-10-28,Successful,597.28
1003458,705663,5022,2023-12-20,Successful,482.95
1003459,701199,5015,2024-10-02,Successful,733.54
1003460,701770,5003,2021-06-26,Successful,716.68
1003461,701235,5040,2022-07-31,Successful,1831.01
1003462,702317,5003,2025-06-07,Successful,1998.78
1003463,700381,5025,2023-11-12,Successful,676.25
1003464,703184,5038,2025-06-02,Cancelled,2047.86
1003465,703550,5007,2025-03-26,Successful,956.16
1003466,704579,5030,2024-07-28,Successful,472.79
1003467,704877,5020,2021-06-20,Successful,1489.95
1003468,701920,5024,2025-08-06,Successful,1154.36
1003469,704983,5029,2021-03-13,Successful,633.64
1003470,702691,5027,2021-03-22,Successful,1570.87
1003471,704520,5033,2022-02-03,Successful,629.69
1003472,701385,5017,2022-09-23,Successful,729.69
1003473,702917,5031,2025-08-08,Successful,1540.3
1003474,704800,5039,2022-07-29,Successful,686.54
1003475,703752,5033,2023-05-30,Cancelled,504.7
1003476,703595,5007,2022-03-31,Complication,352.25
1003477,700117,5031,2022-09-08,Complication,3225.39
1003478,704048,5026,2025-03-12,Complication,1990.11
1003479,704181,5003,2025-01-30,Successful,2150.01
1003480,702487,5001,2023-01-31,Successful,414.67
1003481,701522,5017,2022-01-12,Complication,549.75
1003482,704125,5011,2021-11-21,Complication,1266.37
1003483,702083,5030,2024-06-27,Successful,673.45
1003484,703658,5012,2023-09-19,Successful,880.7
1003485,700111,5008,2024-02-12,Successful,1080.4
1003486,705436,5032,2025-05-25,Successful,186.04
1003487,702274,5014,2023-09-09,Successful,2003.3
1003488,701161,5032,2025-05-06,Successful,294.69
1003489,703759,5033,2022-06-04,Successful,435.28
1003490,700554,5013,2025-02-06,Complication,1218.76
1003491,701557,5017,2025-06-05,Successful,474.77
1003492,700258,5017,2023-07-29,Successful,478.76
1003493,706418,5035,2022-11-01,Successful,2139.96
1003494,700432,5026,2025-12-19,Complication,1033.03
1003495,702075,5024,2023-05-06,Complication,583.75
1003496,701841,5003,2022-12-03,Cancelled,1216.39
1003497,705142,5011,2024-05-25,Successful,676.21
1003498,705262,5032,2023-12-24,Complication,882.9
1003499,702539,5006,2021-07-07,Successful,3118.14
1003500,701873,5021,2023-01-09,Successful,1852.98
1003501,701753,5016,2022-05-30,Successful,184.31
1003502,701909,5030,2021-07-02,Successful,789.11
1003503,703969,5007,2024-09-21,Successful,842.76
1003504,706175,5040,2025-10-21,Successful,4628.62
1003505,700663,5038,2023-06-27,Successful,1742.13
1003506,702303,5013,2024-01-30,Successful,485.97
1003507,706170,5030,2023-05-03,Successful,1907.02
1003508,702332,5020,2024-08-12,Successful,1012.09
1003509,700336,5016,2024-03-12,Successful,714.95
1003510,703480,5015,2021-02-23,Successful,1741.44
1003511,705095,5032,2025-07-15,Successful,1103.93
1003512,703119,5023,2023-02-22,Successful,2046.95
1003513,702790,5018,2021-12-31,Successful,1956.18
1003514,704106,5033,2022-06-04,Complication,578.95
1003515,700367,5037,2024-02-03,Successful,1330.2
1003516,701100,5021,2025-09-04,Successful,3724.51
1003517,700912,5023,2022-03-30,Successful,2793.83
1003518,705779,5021,2023-04-06,Successful,4498.7
1003519,701150,5007,2022-08-30,Successful,1660.77
1003520,705321,5027,2025-12-18,Successful,1871.21
1003521,702542,5040,2023-02-11,Successful,1521.31
1003522,703387,5020,2023-10-17,Successful,2255.73
1003523,701346,5008,2022-09-01,Successful,1050.24
1003524,705643,5013,2022-06-16,Successful,699.17
1003525,704293,5007,2024-09-20,Successful,13424.78
1003526,704976,5037,2021-01-03,Successful,747.81
1003527,702502,5027,2025-11-16,Successful,1131.19
1003528,702018,5027,2021-04-26,Successful,1955.83
1003529,701110,5004,2025-07-25,Successful,2649.8
1003530,702880,5005,2021-07-20,Cancelled,1468.6
1003531,704065,5039,2023-03-05,Successful,1510.5
1003532,700090,5039,2021-07-29,Successful,1169.26
1003533,702770,5033,2022-03-01,Successful,331.98
1003534,705656,5027,2022-06-07,Successful,687.33
1003535,703851,5014,2023-10-13,Successful,438.89
1003536,706064,5029,2025-10-29,Successful,3838.27
1003537,704221,5004,2025-03-08,Successful,314.84
1003538,702384,5003,2025-02-22,Successful,1627.31
1003539,700427,5015,2022-06-08,Successful,441.39
1003540,701556,5023,2024-01-11,Successful,514.93
1003541,703011,5023,2022-06-19,Successful,866.59
1003542,704075,5029,2023-01-01,Successful,1061.26
1003543,705215,5009,2022-11-24,Successful,323.39
1003544,705219,5028,2021-11-17,Successful,1564.46
1003545,700933,5027,2022-08-20,Successful,871.35
1003546,705857,5015,2025-06-11,Successful,1248.32
1003547,705103,5016,2021-07-08,Successful,1424.54
1003548,702955,5029,2024-08-14,Complication,737.74
1003549,701253,5016,2023-05-26,Successful,1905.31
1003550,701864,5023,2023-07-21,Successful,1018.5
1003551,705833,5007,2025-05-17,Successful,1505.81
1003552,705925,5011,2025-06-06,Successful,770.85
1003553,705217,5025,2024-04-09,Successful,1539.06
1003554,705390,5005,2025-10-25,Complication,1028.21
1003555,704020,5021,2023-09-23,Complication,435.07
1003556,704213,5012,2021-03-14,Successful,227.24
1003557,703181,5010,2021-09-29,Successful,175.84
1003558,702074,5019,2024-09-08,Complication,1602.03
1003559,705865,5002,2022-03-28,Successful,730.94
1003560,700265,5032,2025-08-12,Successful,870.36
1003561,702780,5019,2024-01-13,Successful,1548.51
1003562,705316,5036,2021-11-27,Successful,7113.49
1003563,701964,5001,2022-01-07,Successful,604.3
1003564,703424,5021,2025-07-25,Successful,1726.32
1003565,702111,5021,2023-11-04,Successful,459.76
1003566,705556,5006,2021-06-11,Successful,4376.78
1003567,703627,5014,2023-04-11,Successful,4399.03
1003568,702540,5006,2024-12-07,Successful,1072.1
1003569,701753,5010,2024-04-16,Successful,895.54
1003570,702530,5016,2024-04-14,Successful,3222.49
1003571,704252,5021,2022-05-12,Successful,2236.38
1003572,703312,5021,2025-12-25,Successful,1238.39
1003573,704364,5006,2024-12-20,Successful,2930.33
1003574,701754,5031,2022-12-20,Successful,2090.09
1003575,702866,5032,2025-12-08,Successful,1424.67
1003576,700849,5029,2021-07-31,Successful,592.34
1003577,701703,5008,2023-05-27,Complication,1268.7
1003578,705917,5027,2021-07-24,Successful,908.2
1003579,704769,5007,2024-09-25,Successful,236.44
1003580,702871,5028,2025-11-06,Successful,778.46
1003581,704102,5001,2025-08-09,Successful,1669.21
1003582,705482,5013,2023-12-29,Successful,1031.27
1003583,701002,5031,2025-05-25,Successful,2705.3
1003584,700282,5019,2024-12-07,Complication,509.12
1003585,700826,5020,2024-04-20,Successful,2058.81
1003586,702042,5017,2024-10-29,Successful,1051.01
1003587,705421,5002,2022-11-22,Successful,477.01
1003588,700392,5014,2022-10-20,Successful,4754.19
1003589,701708,5016,2024-05-24,Successful,542.15
1003590,702799,5039,2022-12-25,Successful,327.21
1003591,705862,5005,2024-05-18,Successful,2399.46
1003592,701123,5038,2024-01-18,Successful,2184.22
1003593,700865,5033,2024-11-18,Successful,736.77
1003594,703261,5025,2023-03-08,Successful,1415.98
1003595,705566,5031,2022-02-19,Successful,726.2
1003596,706163,5021,2023-02-05,Successful,7400.43
1003597,700435,5003,2021-06-26,Complication,
1003598,703644,5037,2021-10-07,Successful,564.87
1003599,701119,5014,2024-01-20,Successful,1786.4
1003600,705633,5001,2024-12-24,Successful,529.93
1003601,700171,5034,2022-09-12,Successful,3488.3
1003602,700677,5038,2024-06-24,Successful,1738.97
1003603,701255,5035,2023-07-14,Successful,2332.02
1003604,704663,5004,2023-06-21,Successful,2420.49
1003605,702505,5010,2022-03-26,Successful,1263.92
1003606,703346,5004,2025-01-05,Successful,1020.62
1003607,705057,5002,2025-02-28,Successful,401.27
1003608,700614,5010,2023-02-01,Successful,1424.23
1003609,702198,5035,2022-03-25,Complication,1419.29
1003610,702484,5038,2025-07-23,Successful,1138.34
1003611,704549,5010,2023-05-25,Successful,735.99
1003612,702394,5030,2022-06-17,Successful,896.21
1003613,706196,5010,2025-07-12,Successful,1213.16
1003614,702496,5033,2023-07-12,Successful,869.79
1003615,703873,5030,2021-08-26,Successful,437.43
1003616,704781,5002,2024-08-27,Successful,665.89
1003617,703167,5016,2023-09-22,Successful,2061.35
1003618,706495,5008,2021-03-30,Successful,3837.1
1003619,701842,5013,2023-07-12,Successful,583.4
1003620,704647,5029,2022-12-08,Successful,606.69
1003621,701263,5003,2022-03-03,Successful,2943.75
1003622,706156,5010,2023-03-02,Successful,498.67
1003623,703366,5029,2024-03-27,Successful,1048.85
1003624,702347,5019,2025-05-06,Successful,1545.17
1003625,703173,5027,2025-11-14,Successful,3299.27
1003626,701913,5006,2021-05-22,Successful,1815.41
1003627,705420,5006,2022-05-18,Successful,380.93
1003628,706330,5036,2024-04-12,Successful,1234.55
1003629,702032,5032,2022-01-05,Successful,723.75
1003630,705810,5001,2022-02-25,Complication,400.57
1003631,703078,5026,2022-12-24,Successful,1454.0
1003632,704951,5029,2025-06-26,Successful,1240.14
1003633,700279,5026,2024-02-24,Successful,1048.1
1003634,700217,5034,2023-01-25,Successful,516.77
1003635,703108,5024,2024-05-13,Successful,1223.38
1003636,700808,5035,2023-04-15,Successful,1233.46
1003637,705444,5001,2023-01-01,Successful,466.17
1003638,706167,5014,2023-07-05,Cancelled,3223.0
1003639,702899,5023,2025-02-06,Successful,1250.42
1003640,701266,5015,2021-12-11,Successful,584.18
1003641,702300,5016,2025-11-18,Successful,833.23
1003642,700738,5040,2023-10-30,Successful,196.0
1003643,705136,5012,2021-10-15,Cancelled,876.32
1003644,704544,5018,2024-04-07,Successful,2828.77
1003645,700245,5005,2024-04-01,Successful,3152.81
1003646,701673,5013,2025-10-17,Successful,3855.08
1003647,702242,5003,2023-02-10,Complication,1473.17
1003648,700633,5039,2024-10-17,Successful,813.25
1003649,705763,5039,2021-06-01,Successful,1500.37
1003650,702161,5039,2021-03-21,Complication,1508.98
1003651,701163,5014,2022-12-14,Successful,1342.76
1003652,705529,5009,2025-05-07,Successful,1774.43
1003653,704559,5034,2022-04-26,Successful,652.43
1003654,704407,5021,2022-03-02,Complication,488.89
1003655,706061,5033,2021-09-19,Successful,1277.04
1003656,703851,5004,2021-11-15,Successful,512.93
1003657,704790,5031,2023-11-01,Successful,1547.63
1003658,703945,5035,2022-12-09,Successful,1544.09
1003659,700358,5017,2022-02-23,Successful,772.24
1003660,702022,5019,2021-01-06,Cancelled,449.13
1003661,701517,5029,2022-11-02,Successful,4670.75
1003662,701384,5033,2021-02-25,Successful,6372.01
1003663,705834,5039,2022-06-08,Successful,9483.53
1003664,702524,5034,2021-09-10,Successful,614.92
1003665,701096,5003,2023-07-30,Successful,5007.53
1003666,705655,5023,2021-06-03,Successful,1033.22
1003667,701247,5001,2022-08-09,Complication,1084.05
1003668,704285,5020,2025-03-19,Successful,1720.5
1003669,701308,5029,2025-09-14,Successful,1729.4
1003670,702868,5020,2025-06-01,Successful,671.95
1003671,701987,5009,2023-02-08,Successful,2161.01
1003672,700552,5006,2024-04-08,Complication,720.55
1003673,703081,5016,2024-01-25,Successful,2171.47
1003674,702731,5026,2021-10-04,Successful,1394.98
1003675,702051,5006,2021-04-21,Successful,1407.31
1003676,700067,5020,2022-12-05,Successful,1640.71
1003677,703671,5010,2021-04-09,Successful,415.77
1003678,703440,5015,2021-10-18,Successful,415.78
1003679,705733,5035,2024-09-19,Successful,686.44
1003680,703556,5012,2025-08-25,Successful,890.16
1003681,706020,5010,2021-03-13,Successful,131.05
1003682,705788,5016,2025-11-02,Successful,1132.14
1003683,704614,5031,2023-07-26,Successful,803.21
1003684,701640,5021,2024-11-12,Successful,2840.79
1003685,705763,5015,2023-10-26,Successful,1105.73
1003686,705756,5029,2022-08-21,Successful,1901.45
1003687,705928,5011,2025-11-23,Successful,2381.06
1003688,702337,5008,2023-11-30,Successful,2135.09
1003689,701689,5003,2021-03-02,Successful,3840.0
1003690,705532,5018,2024-04-25,Successful,1486.73
1003691,703648,5027,2021-10-02,Successful,404.1
1003692,704427,5007,2024-06-19,Successful,835.86
1003693,704483,5001,2024-06-08,Successful,2577.12
1003694,704096,5005,2024-10-19,Successful,1324.47
1003695,706131,5039,2024-02-26,Successful,732.51
1003696,701429,5018,2025-03-27,Successful,1674.45
1003697,703535,5016,2024-10-28,Complication,413.32
1003698,704228,5024,2021-09-01,Successful,676.24
1003699,704061,5012,2025-08-25,Successful,1104.93
1003700,701727,5027,2021-11-04,Successful,498.0
1003701,706086,5016,2021-01-26,Successful,914.79
1003702,706296,5030,2022-01-12,Complication,729.51
1003703,706172,5017,2024-08-04,Successful,1056.5
1003704,700209,5002,2024-01-18,Successful,563.31
1003705,701313,5039,2021-02-23,Successful,2204.18
1003706,704779,5004,2021-09-23,Successful,938.02
1003707,704229,5028,2021-03-30,Successful,904.56
1003708,703540,5037,2021-01-15,Successful,2086.05
1003709,700098,5002,2025-09-07,Successful,2082.72
1003710,703154,5003,2024-12-30,Successful,328.95
1003711,700636,5003,2023-01-04,Successful,971.81
1003712,703706,5005,2023-07-17,Successful,3706.45
1003713,705487,5039,2025-02-02,Successful,823.06
1003714,702342,5012,2025-08-26,Successful,2769.67
1003715,701339,5014,2021-04-04,Successful,4932.46
1003716,701025,5003,2023-11-15,Complication,477.92
1003717,705231,5030,2023-10-03,Successful,2085.21
1003718,704798,5020,2024-07-17,Successful,1689.15
1003719,704883,5019,2023-10-23,Successful,3252.62
1003720,701041,5028,2024-10-30,Successful,1879.93
1003721,703415,5004,2024-09-16,Successful,818.99
1003722,705470,5030,2021-03-08,Successful,327.18
1003723,705269,5018,2022-12-11,Successful,1023.0
1003724,706181,5032,2022-07-18,Successful,2098.32
1003725,702615,5002,2021-06-10,Successful,652.99
1003726,706285,5020,2025-08-25,Successful,3269.13
1003727,704901,5013,2025-09-15,Successful,1132.08
1003728,701434,5033,2021-08-03,Successful,1702.68
1003729,705890,5032,2022-08-29,Successful,1035.32
1003730,703699,5021,2022-03-27,Successful,2178.7
1003731,706079,5040,2022-04-28,Successful,613.51
1003732,704055,5016,2025-03-14,Successful,1935.97
1003733,706091,5024,2022-03-15,Successful,692.61
1003734,701798,5031,2022-03-27,Successful,1743.58
1003735,706202,5022,2021-07-08,Successful,960.81
1003736,701840,5025,2021-05-29,Cancelled,681.11
1003737,706346,5003,2025-09-12,Successful,2271.25
1003738,700182,5037,2024-09-02,Successful,459.28
1003739,700191,5036,2021-03-11,Successful,1501.18
1003740,700378,5004,2025-10-05,Successful,2477.35
1003741,704869,5019,2024-02-11,Successful,249.29
1003742,705718,5001,2024-05-05,Successful,3440.32
1003743,704574,5028,2025-07-16,Successful,915.56
1003744,704484,5037,2023-11-18,Successful,1006.7
1003745,703914,5021,2021-12-10,Successful,2392.4
1003746,706379,5023,2022-02-03,Successful,866.9
1003747,705322,5027,2024-11-02,Successful,879.08
1003748,700640,5033,2023-07-26,Successful,4013.49
1003749,700251,5025,2025-06-30,Successful,834.12
1003750,706050,5028,2023-11-25,Complication,1460.01
1003751,704968,5014,2025-02-25,Successful,442.36
1003752,705393,5011,2021-09-07,Successful,1116.93
1003753,702909,5019,2023-04-22,Successful,1344.05
1003754,702650,5030,2025-10-11,Successful,481.56
1003755,704481,5020,2022-01-01,Successful,549.44
1003756,705157,5025,2023-04-21,Successful,571.62
1003757,702952,5040,2022-08-15,Successful,2411.38
1003758,706478,5034,2021-04-28,Successful,588.41
1003759,703374,5011,2025-03-09,Successful,203.24
1003760,700889,5001,2021-02-11,Successful,1035.57
1003761,703791,5013,2022-05-19,Successful,863.8
1003762,705750,5017,2021-11-14,Complication,567.19
1003763,702131,5018,2023-12-24,Successful,888.95
1003764,702537,5012,2021-10-05,Successful,3362.67
1003765,704575,5032,2023-06-27,Complication,2027.6
1003766,702828,5012,2024-05-18,Successful,2041.07
1003767,705438,5013,2021-12-05,Successful,590.87
1003768,701941,5019,2021-05-20,Successful,1807.13
1003769,705453,5013,2024-10-25,Successful,3148.52
1003770,704543,5003,2025-08-27,Successful,1322.45
1003771,703688,5012,2025-11-14,Successful,2170.49
1003772,703359,5003,2024-05-13,Successful,822.36
1003773,705704,5014,2025-07-02,Successful,967.51
1003774,704663,5016,2023-03-30,Successful,1084.22
1003775,703568,5025,2023-02-01,Successful,1475.6
1003776,702513,5039,2023-08-27,Successful,417.36
1003777,700538,5011,2025-09-06,Successful,2205.57
1003778,704343,5008,2023-05-18,Complication,809.23
1003779,705643,5030,2025-08-24,Successful,1500.33
1003780,700042,5032,2025-10-29,Complication,1075.92
1003781,701288,5021,2021-08-26,Complication,790.79
1003782,704319,5014,2025-10-24,Successful,335.76
1003783,706005,5026,2021-12-27,Successful,663.73
1003784,700380,5040,2023-06-14,Successful,1105.21
1003785,702924,5026,2025-12-14,Successful,3441.68
1003786,701540,5023,2025-10-28,Successful,2751.12
1003787,701012,5028,2021-03-18,Successful,1963.01
1003788,704160,5023,2025-01-01,Successful,1661.88
1003789,704088,5011,2022-09-14,Successful,1451.85
1003790,703833,5040,2023-05-11,Successful,214.47
1003791,700215,5011,2022-06-16,Successful,1589.08
1003792,700583,5032,2024-10-24,Successful,1850.58
1003793,705505,5005,2024-08-13,Successful,295.62
1003794,702565,5015,2025-03-07,Successful,1102.91
1003795,704078,5017,2021-01-03,Successful,4163.69
1003796,703543,5014,2024-04-20,Successful,1205.09
1003797,705488,5009,2023-05-23,Successful,19468.88
1003798,701991,5014,2022-04-11,Successful,406.25
1003799,701270,5015,2022-07-22,Successful,1420.06
1003800,701835,5016,2021-09-15,Successful,511.58
1003801,701122,5012,2025-08-22,Successful,1874.14
1003802,704871,5016,2022-02-12,Successful,1708.38
1003803,702936,5022,2021-04-28,Successful,1576.24
1003804,705445,5038,2021-02-21,Successful,3894.41
1003805,705774,5011,2021-05-26,Complication,478.58
1003806,703140,5032,2023-04-09,Successful,1475.95
1003807,705825,5008,2023-10-26,Successful,1017.11
1003808,700946,5032,2021-01-12,Complication,836.8
1003809,704422,5034,2024-12-17,Complication,964.58
1003810,703213,5039,2021-02-03,Complication,1599.86
1003811,703852,5028,2022-09-15,Successful,2625.57
1003812,703688,5015,2025-07-13,Successful,652.81
1003813,700876,5033,2023-01-28,Successful,2153.84
1003814,701315,5012,2023-09-01,Successful,751.26
1003815,700962,5029,2025-07-22,Successful,1269.3
1003816,700423,5018,2021-05-31,Successful,4503.53
1003817,701593,5038,2023-03-11,Cancelled,2427.38
1003818,704136,5026,2024-12-11,Complication,859.64
1003819,704857,5032,2025-10-05,Successful,1531.21
1003820,701213,5036,2025-01-29,Successful,862.95
1003821,703014,5025,2024-03-11,Successful,753.27
1003822,705893,5014,2024-12-14,Complication,1348.47
1003823,702941,5017,2022-04-21,Successful,3481.99
1003824,703240,5033,2023-09-10,Successful,881.94
1003825,704807,5002,2025-08-13,Successful,1502.47
1003826,704253,5007,2025-09-06,Successful,3043.39
1003827,702408,5024,2023-10-02,Successful,1476.63
1003828,704656,5039,2024-09-04,Successful,874.55
1003829,704933,5028,2025-02-10,Cancelled,581.48
1003830,701636,5038,2021-06-27,Successful,215.92
1003831,700775,5004,2021-01-16,Successful,4743.61
1003832,704770,5009,2023-05-06,Successful,531.59
1003833,700069,5021,2025-07-21,Successful,332.77
1003834,700661,5039,2022-04-20,Successful,721.94
1003835,702667,5026,2025-07-25,Successful,1659.57
1003836,705113,5009,2021-05-26,Successful,254.79
1003837,702004,5029,2024-12-31,Complication,1830.3
1003838,700740,5033,2024-11-21,Successful,825.13
1003839,700705,5040,2024-10-11,Successful,2108.36
1003840,702905,5026,2024-12-29,Successful,526.32
1003841,700392,5018,2022-01-28,Successful,416.38
1003842,704334,5019,2023-12-22,Successful,597.14
1003843,703469,5031,2024-05-20,Successful,3914.42
1003844,705046,5004,2025-08-25,Successful,873.3
1003845,704715,5016,2022-06-29,Successful,559.17
1003846,704069,5025,2024-08-11,Successful,381.9
1003847,702972,5025,2023-03-03,Successful,1857.91
1003848,701133,5033,2024-10-12,Successful,1239.27
1003849,700757,5040,2022-04-07,Successful,1615.12
1003850,701690,5031,2024-12-21,Successful,774.1
1003851,701185,5006,2025-03-30,Successful,3665.19
1003852,704428,5025,2024-02-19,Successful,562.98
1003853,702376,5010,2023-05-27,Successful,2650.94
1003854,703143,5014,2024-07-08,Successful,1469.89
1003855,701249,5036,2025-03-30,Successful,1342.24
1003856,701702,5029,2022-04-22,Cancelled,5960.6
1003857,703193,5028,2024-03-08,Successful,1091.06
1003858,702979,5018,2022-03-29,Successful,4731.1
1003859,701449,5001,2021-01-05,Successful,434.92
1003860,702515,5039,2022-02-03,Successful,859.89
1003861,700148,5003,2023-02-17,Successful,1365.01
1003862,705529,5012,2025-12-27,Successful,464.1
1003863,701815,5036,2022-03-16,Successful,2116.15
1003864,703082,5010,2023-05-14,Complication,724.27
1003865,701744,5019,2022-11-15,Successful,687.92
1003866,700124,5003,2022-07-25,Successful,1491.31
1003867,703423,5029,2022-12-26,Successful,680.18
1003868,703814,5007,2024-02-04,Successful,746.62
1003869,702885,5035,2024-12-21,Successful,585.56
1003870,700664,5025,2025-11-26,Successful,1232.11
1003871,700484,5020,2021-07-14,Cancelled,2086.24
1003872,701856,5033,2022-03-17,Successful,1528.66
1003873,705498,5027,2024-08-26,Successful,1537.69
1003874,703528,5037,2022-04-02,Successful,985.75
1003875,704107,5001,2024-07-18,Successful,1421.67
1003876,703549,5005,2023-03-07,Successful,4199.79
1003877,704028,5024,2021-09-15,Successful,858.24
1003878,702169,5031,2024-02-08,Complication,1328.12
1003879,701129,5033,2021-08-31,Successful,360.43
1003880,701238,5018,2021-04-29,Successful,547.68
1003881,704638,5002,2022-08-25,Successful,766.21
1003882,701364,5017,2025-04-17,Successful,1489.88
1003883,704046,5037,2023-11-03,Successful,665.63
1003884,703509,5039,2022-12-11,Successful,191.78
1003885,704122,5005,2022-01-30,Cancelled,669.67
1003886,703202,5014,2023-03-25,Complication,338.32
1003887,700171,5019,2024-02-05,Successful,462.68
1003888,705537,5015,2023-12-13,Complication,2154.58
1003889,702354,5005,2024-05-05,Successful,2127.14
1003890,702012,5031,2023-07-29,Complication,609.87
1003891,706470,5023,2022-12-07,Successful,1009.18
1003892,700355,5034,2023-10-01,Complication,2381.56
1003893,703987,5028,2024-07-27,Successful,691.72
1003894,704169,5030,2025-04-15,Successful,486.99
1003895,700612,5008,2021-08-24,Successful,682.8
1003896,704809,5019,2022-12-03,Successful,2036.74
1003897,704752,5035,2024-08-21,Successful,530.69
1003898,704965,5011,2023-10-08,Successful,253.32
1003899,702868,5039,2022-03-08,Complication,1363.15
1003900,704037,5034,2024-11-24,Complication,2353.89
1003901,706348,5024,2025-03-11,Successful,611.1
1003902,700368,5011,2021-05-09,Successful,2582.49
1003903,703306,5007,2022-02-25,Successful,2530.93
1003904,704953,5012,2025-05-24,Successful,729.36
1003905,705680,5014,2022-04-01,Successful,556.85
1003906,700333,5020,2024-12-09,Successful,1797.16
1003907,700101,5032,2023-10-31,Successful,5147.75
1003908,700879,5034,2024-02-28,Successful,2461.01
1003909,706451,5024,2024-03-21,Successful,2689.41
1003910,700962,5037,2023-11-08,Successful,2037.79
1003911,704546,5029,2025-01-06,Successful,1761.52
1003912,700802,5025,2022-08-18,Successful,1758.16
1003913,702858,5021,2024-04-19,Successful,1578.87
1003914,705573,5026,2023-02-18,Successful,191.36
1003915,703114,5036,2025-08-30,Successful,4412.45
1003916,702489,5030,2024-12-14,Successful,704.18
1003917,701674,5010,2021-11-01,Successful,1658.51
1003918,706470,5018,2025-01-14,Successful,2224.73
1003919,701715,5039,2025-06-16,Successful,427.32
1003920,703897,5024,2023-01-22,Complication,2212.14
1003921,705744,5019,2025-03-18,Successful,406.71
1003922,702840,5023,2024-06-08,Successful,1943.68
1003923,704502,5004,2023-04-06,Successful,993.98
1003924,704454,5009,2023-10-08,Successful,1140.08
1003925,703549,5016,2021-08-14,Successful,1279.81
1003926,703636,5019,2024-01-29,Successful,776.19
1003927,704920,5005,2023-04-20,Successful,2043.89
1003928,705376,5038,2023-08-20,Successful,1220.8
1003929,705724,5021,2025-07-10,Successful,946.09
1003930,702924,5026,2021-04-15,Cancelled,2248.64
1003931,704948,5025,2021-10-16,Successful,1178.09
1003932,701664,5023,2024-04-30,Successful,968.13
1003933,700510,5023,2024-09-17,Successful,1844.36
1003934,700424,5040,2023-12-02,Successful,525.11
1003935,700350,5037,2025-10-09,Successful,1607.62
1003936,700952,5037,2022-11-11,Successful,2165.93
1003937,701250,5019,2025-08-22,Complication,920.13
1003938,702845,5034,2021-06-10,Successful,457.23
1003939,702218,5033,2024-09-21,Successful,870.65
1003940,705322,5036,2024-09-22,Successful,645.83
1003941,704190,5006,2023-06-17,Successful,1344.61
1003942,702342,5005,2025-08-29,Successful,1378.9
1003943,706021,5031,2022-01-31,Successful,2090.49
1003944,701611,5024,2022-02-20,Successful,1415.26
1003945,700842,5004,2021-01-10,Successful,1444.64
1003946,702842,5035,2024-08-23,Successful,765.24
1003947,705609,5026,2021-02-28,Successful,174.7
1003948,706048,5026,2025-03-14,Successful,993.8
1003949,700421,5029,2024-06-23,Successful,325.65
1003950,701693,5022,2022-10-16,Successful,1294.46
1003951,703524,5018,2022-12-11,Complication,4147.54
1003952,703769,5037,2025-03-31,Cancelled,549.42
1003953,706315,5012,2021-05-24,Successful,1520.45
1003954,701768,5039,2024-11-10,Complication,2377.62
1003955,704386,5008,2021-09-02,Successful,888.68
1003956,703954,5028,2021-10-19,Successful,4340.46
1003957,700350,5040,2024-07-19,Successful,4123.59
1003958,705459,5003,2025-05-16,Successful,673.8
1003959,705973,5023,2023-01-24,Successful,752.83
1003960,702520,5019,2023-04-16,Complication,2968.66
1003961,704494,5038,2024-09-20,Complication,378.94
1003962,703210,5016,2024-07-09,Successful,389.15
1003963,704657,5013,2023-03-29,Successful,346.67
1003964,701294,5026,2024-11-18,Successful,1080.58
1003965,701219,5027,2023-01-03,Successful,2168.9
1003966,706234,5020,2023-03-14,Successful,347.99
1003967,701254,5009,2025-11-25,Successful,862.96
1003968,706313,5019,2023-06-08,Successful,2331.08
1003969,700616,5027,2024-03-12,Complication,2502.58
1003970,703020,5019,2023-04-07,Successful,356.17
1003971,705810,5012,2024-10-21,Successful,3023.14
1003972,704872,5020,2021-06-07,Successful,179.87
1003973,701932,5030,2023-05-04,Successful,1801.52
1003974,701443,5030,2025-04-29,Successful,763.84
1003975,704379,5008,2021-03-09,Successful,1405.52
1003976,704626,5009,2025-10-13,Successful,1879.58
1003977,704746,5006,2025-11-21,Successful,2704.85
1003978,701971,5012,2022-02-11,Successful,238.6
1003979,703795,5003,2023-08-21,Successful,1602.55
1003980,700627,5011,2022-07-14,Successful,1463.62
1003981,704447,5007,2024-08-05,Successful,1644.88
1003982,703574,5040,2025-04-24,Successful,681.81
1003983,702815,5014,2024-06-06,Successful,1353.55
1003984,705070,5033,2022-01-03,Successful,468.91
1003985,701731,5025,2025-07-06,Successful,1047.13
1003986,700877,5026,2025-10-02,Successful,1361.32
1003987,706256,5034,2025-02-04,Complication,802.29
1003988,706292,5038,2022-08-11,Successful,938.78
1003989,701836,5017,2023-09-08,Successful,
1003990,704533,5007,2022-09-07,Successful,1014.34
1003991,701314,5016,2024-07-31,Successful,316.52
1003992,704416,5008,2022-11-13,Cancelled,1233.3
1003993,704221,5014,2023-07-12,Successful,413.05
1003994,703200,5033,2025-07-30,Successful,467.85
1003995,702184,5004,2022-12-12,Complication,3084.58
1003996,704610,5018,2022-09-16,Cancelled,527.22
1003997,700154,5040,2021-02-15,Successful,897.18
1003998,700519,5023,2022-10-04,Successful,1097.69
1003999,703222,5008,2021-04-20,Successful,1891.91
1004000,701528,5038,2025-04-19,Successful,436.73
1004001,701312,5012,2021-01-17,Successful,3183.37
1004002,701977,5039,2022-05-26,Successful,500.87
1004003,701634,5004,2021-05-10,Successful,1203.45
1004004,703554,5039,2024-05-06,Successful,296.45
1004005,704777,5032,2022-05-28,Successful,483.16
1004006,701906,5034,2024-04-13,Successful,1093.09
1004007,701523,5011,2024-02-08,Successful,514.24
1004008,706103,5020,2023-02-09,Successful,1040.78
1004009,702968,5036,2025-11-02,Successful,67.89
1004010,702746,5019,2023-08-23,Successful,939.24
1004011,703705,5002,2024-11-28,Successful,2156.56
1004012,701359,5028,2023-05-12,Successful,1354.37
1004013,703867,5019,2022-12-26,Successful,6136.96
1004014,701178,5012,2022-05-21,Successful,617.49
1004015,700930,5009,2021-11-24,Successful,761.26
1004016,704618,5001,2022-06-08,Successful,1023.05
1004017,706094,5022,2021-12-27,Successful,430.28
1004018,702630,5013,2023-09-20,Complication,2922.18
1004019,706369,5007,2021-12-31,Successful,215.58
1004020,705567,5015,2023-01-08,Successful,620.04
1004021,705701,5030,2024-08-25,Successful,2173.21
1004022,704204,5025,2024-11-04,Complication,1889.64
1004023,706430,5020,2023-10-29,Complication,976.95
1004024,701541,5039,2025-10-25,Successful,860.34
1004025,701800,5003,2024-12-05,Successful,1276.09
1004026,704823,5022,2025-04-16,Successful,533.86
1004027,701798,5029,2021-06-10,Successful,1725.17
1004028,701060,5036,2022-08-29,Complication,875.85
1004029,705147,5037,2023-12-15,Complication,470.79
1004030,701566,5016,2025-10-07,Successful,872.07
1004031,702061,5033,2024-05-29,Cancelled,1167.32
1004032,706012,5014,2021-09-27,Successful,1286.98
1004033,701417,5005,2022-06-08,Successful,1423.38
1004034,700937,5011,2024-08-12,Complication,363.98
1004035,701202,5007,2025-01-14,Cancelled,833.11
1004036,704166,5017,2021-07-28,Successful,1928.08
1004037,705811,5011,2023-02-15,Successful,1417.5
1004038,703324,5036,2025-12-17,Successful,797.06
1004039,703920,5024,2022-03-14,Successful,5044.94
1004040,705478,5020,2023-03-31,Complication,541.89
1004041,706494,5014,2023-07-25,Complication,2219.11
1004042,705203,5004,2024-12-22,Successful,902.83
1004043,705581,5037,2022-12-09,Successful,822.25
1004044,701741,5007,2023-07-16,Successful,555.89
1004045,703414,5008,2024-04-07,Cancelled,805.69
1004046,705437,5008,2023-04-02,Successful,362.6
1004047,702393,5006,2025-05-19,Complication,289.87
1004048,702547,5016,2024-12-11,Successful,1931.29
1004049,702171,5032,2022-08-11,Successful,6317.16
1004050,704143,5024,2021-06-29,Complication,1039.78
1004051,703366,5021,2025-01-31,Successful,2458.6
1004052,703051,5026,2022-04-29,Successful,1814.85
1004053,704273,5021,2024-01-02,Successful,809.16
1004054,706037,5022,2022-01-18,Successful,1348.92
1004055,705038,5017,2025-05-10,Successful,1283.42
1004056,702128,5014,2021-01-19,Successful,1389.98
1004057,700465,5011,2023-05-08,Successful,411.44
1004058,701004,5008,2024-06-13,Successful,2354.64
1004059,705195,5029,2025-07-25,Complication,1243.04
1004060,704005,5005,2024-10-08,Successful,1213.01
1004061,705876,5019,2025-09-11,Successful,741.9
1004062,702214,5001,2023-11-01,Successful,2245.29
1004063,705075,5002,2021-10-23,Successful,778.78
1004064,700378,5017,2023-10-28,Successful,841.76
1004065,700836,5020,2022-01-21,Complication,948.08
1004066,700867,5033,2022-11-08,Successful,734.83
1004067,704192,5038,2024-08-10,Successful,280.66
1004068,703443,5031,2022-03-12,Successful,1377.07
1004069,704002,5011,2025-12-13,Cancelled,1430.5
1004070,702031,5014,2025-01-20,Successful,5553.72
1004071,700945,5030,2021-01-18,Successful,637.56
1004072,700495,5011,2025-03-25,Successful,868.17
1004073,704475,5027,2022-07-20,Successful,1433.22
1004074,703649,5004,2022-11-05,Successful,573.83
1004075,702806,5016,2023-04-04,Successful,295.64
1004076,705184,5022,2025-12-27,Successful,1148.23
1004077,703792,5005,2021-06-16,Successful,317.82
1004078,701079,5040,2022-05-23,Successful,1327.83
1004079,700814,5029,2021-03-06,Successful,1315.58
1004080,702223,5012,2025-09-01,Successful,1080.81
1004081,704519,5037,2023-01-30,Successful,1066.63
1004082,702399,5009,2023-09-05,Successful,3866.41
1004083,704465,5007,2024-03-24,Successful,946.32
1004084,704709,5001,2021-02-17,Complication,1030.98
1004085,706294,5027,2022-05-01,Successful,2471.68
1004086,703522,5033,2021-04-17,Successful,7111.33
1004087,706248,5010,2021-06-11,Successful,909.42
1004088,705274,5009,2023-10-27,Complication,453.58
1004089,701530,5029,2022-05-08,Successful,1610.53
1004090,705598,5013,2021-02-06,Successful,932.05
1004091,705151,5005,2023-03-09,Successful,970.48
1004092,705725,5031,2025-07-15,Successful,285.12
1004093,701814,5035,2025-05-08,Successful,164.82
1004094,704256,5008,2023-12-29,Successful,1036.86
1004095,702994,5004,2021-12-17,Successful,126.32
1004096,704402,5038,2023-02-27,Successful,992.25
1004097,704291,5014,2022-12-16,Successful,462.71
1004098,702662,5011,2023-01-05,Successful,831.54
1004099,703678,5034,2025-05-15,Complication,885.75
1004100,706069,5009,2021-04-03,Successful,704.65
1004101,701927,5011,2021-05-24,Successful,2001.17
1004102,702301,5026,2023-08-29,Successful,2078.56
1004103,706246,5002,2023-08-08,Successful,2146.03
1004104,702096,5003,2021-03-08,Successful,426.86
1004105,703999,5017,2021-10-22,Successful,2944.4
1004106,701249,5005,2021-04-16,Complication,1690.04
1004107,701080,5035,2023-01-26,Complication,1238.18
1004108,700172,5015,2025-10-02,Successful,1902.98
1004109,700569,5035,2024-07-25,Cancelled,863.71
1004110,702692,5014,2022-09-23,Successful,1349.1
1004111,700555,5018,2022-11-01,Complication,419.25
1004112,701716,5018,2021-05-13,Successful,1051.05
1004113,700232,5012,2022-02-24,Successful,1630.41
1004114,700319,5025,2025-09-27,Successful,1415.59
1004115,706213,5032,2022-11-03,Successful,1275.19
1004116,702623,5020,2021-03-01,Successful,737.07
1004117,700363,5025,2025-04-20,Successful,412.97
1004118,702991,5012,2025-01-19,Successful,598.02
1004119,702045,5011,2023-08-24,Cancelled,2902.58
1004120,703276,5003,2025-07-31,Successful,189.4
1004121,702228,5028,2021-05-22,Successful,521.75
1004122,700803,5021,2023-04-15,Successful,634.02
1004123,701556,5026,2025-08-24,Successful,240.14
1004124,702238,5029,2021-07-06,Successful,578.03
1004125,701181,5002,2022-11-06,Successful,935.51
1004126,704688,5021,2025-02-12,Successful,763.96
1004127,700615,5005,2023-09-28,Successful,575.89
1004128,705265,5001,2021-10-16,Successful,373.79
1004129,704491,5026,2021-09-09,Successful,2563.38
1004130,704539,5012,2022-05-14,Cancelled,4180.73
1004131,704295,5030,2023-10-06,Successful,1361.3
1004132,706479,5026,2021-01-25,Successful,592.1
1004133,702058,5024,2022-03-15,Successful,2683.72
1004134,702000,5006,2024-04-29,Successful,568.16
1004135,701131,5023,2023-12-14,Successful,680.79
1004136,702015,5002,2025-12-17,Successful,659.72
1004137,702087,5022,2025-05-28,Successful,406.95
1004138,701103,5004,2025-06-27,Successful,1338.21
1004139,701342,5001,2021-11-14,Successful,803.07
1004140,702827,5022,2022-08-24,Successful,1665.95
1004141,701229,5005,2023-06-11,Successful,1507.0
1004142,706242,5021,2022-01-14,Successful,1515.88
1004143,701128,5029,2024-09-16,Successful,1946.61
1004144,704484,5029,2021-06-24,Successful,2257.6
1004145,700609,5002,2021-03-14,Successful,718.92
1004146,705959,5031,2022-12-21,Complication,4006.64
1004147,701834,5034,2023-09-20,Successful,241.46
1004148,703353,5035,2024-05-11,Successful,1115.07
1004149,702093,5029,2022-02-21,Successful,913.31
1004150,701728,5019,2023-12-03,Complication,1068.22
1004151,702691,5005,2021-10-11,Successful,1169.9
1004152,705610,5035,2021-12-31,Successful,1214.72
1004153,704753,5013,2021-11-03,Successful,2138.62
1004154,703794,5022,2021-06-29,Successful,1677.35
1004155,703498,5037,2021-11-21,Complication,201.91
1004156,704786,5040,2025-05-29,Successful,2079.59
1004157,704085,5012,2025-05-28,Successful,1183.6
1004158,706038,5015,2023-06-24,Complication,399.68
1004159,702951,5029,2024-09-17,Successful,108.93
1004160,705917,5023,2022-01-12,Successful,1472.91
1004161,705672,5001,2023-04-02,Successful,1344.68
1004162,702282,5037,2025-02-17,Successful,3609.24
1004163,700134,5001,2022-04-10,Successful,2852.97
1004164,702210,5038,2021-02-09,Successful,591.69
1004165,702029,5028,2025-01-06,Successful,2026.63
1004166,700966,5011,2021-01-30,Successful,5300.86
1004167,704003,5016,2023-08-19,Successful,3920.32
1004168,705014,5023,2021-11-23,Successful,1261.07
1004169,700063,5027,2025-07-22,Successful,865.09
1004170,702276,5012,2025-12-13,Successful,332.16
1004171,700761,5039,2022-07-29,Successful,944.02
1004172,700512,5033,2021-11-25,Successful,1966.36
1004173,703767,5011,2024-12-26,Successful,6458.54
1004174,704310,5030,2023-05-28,Successful,865.39
1004175,700244,5038,2024-06-18,Successful,657.74
1004176,703268,5016,2025-11-20,Successful,359.91
1004177,705821,5028,2021-10-16,Successful,271.16
1004178,701865,5029,2021-07-19,Complication,1428.46
1004179,705623,5039,2022-12-28,Successful,1386.18
1004180,705419,5033,2025-07-03,Successful,701.26
1004181,703849,5029,2021-03-13,Successful,527.9
1004182,705191,5005,2024-10-01,Successful,371.06
1004183,702433,5025,2022-05-21,Successful,318.45
1004184,703461,5022,2024-03-12,Successful,579.76
1004185,702418,5033,2022-01-26,Successful,2715.44
1004186,705290,5022,2024-05-29,Successful,2387.2
1004187,704824,5035,2024-10-09,Complication,1132.25
1004188,705839,5040,2024-05-05,Cancelled,559.04
1004189,703648,5035,2023-10-19,Successful,1083.74
1004190,703714,5040,2024-08-09,Successful,71.44
1004191,702862,5007,2025-02-24,Successful,534.81
1004192,704313,5025,2022-05-27,Cancelled,203.06
1004193,705116,5005,2024-03-12,Successful,723.37
1004194,700266,5034,2025-09-28,Successful,748.05
1004195,703025,5029,2024-05-31,Successful,795.68
1004196,704164,5028,2025-03-28,Successful,1362.5
1004197,702540,5025,2024-09-24,Cancelled,500.18
1004198,701473,5014,2025-11-20,Successful,1133.26
1004199,701034,5005,2022-02-22,Successful,2043.85
1004200,704458,5018,2025-12-15,Successful,994.79
1004201,702768,5035,2025-12-29,Successful,1799.98
1004202,701059,5012,2022-07-12,Successful,1984.89
1004203,702211,5018,2022-09-30,Successful,3418.05
1004204,701461,5030,2025-12-30,Successful,62.18
1004205,705148,5038,2024-03-19,Complication,754.33
1004206,702020,5025,2021-09-29,Successful,1250.34
1004207,701122,5024,2023-04-23,Successful,1092.26
1004208,701038,5037,2022-09-12,Successful,1112.06
1004209,704614,5023,2024-11-23,Successful,919.63
1004210,700544,5007,2021-10-31,Cancelled,1317.18
1004211,703985,5015,2023-03-03,Successful,4083.06
1004212,700784,5017,2023-08-16,Successful,2896.85
1004213,706317,5020,2024-02-27,Successful,710.25
1004214,704989,5040,2025-12-23,Successful,2073.79
1004215,700494,5037,2023-01-21,Successful,666.47
1004216,701443,5039,2025-09-19,Successful,1052.67
1004217,706059,5030,2021-08-15,Successful,703.63
1004218,702044,5034,2022-02-27,Successful,1114.71
1004219,700618,5040,2021-11-26,Successful,1180.27
1004220,700192,5026,2021-10-31,Successful,960.65
1004221,701519,5005,2025-10-22,Successful,1814.55
1004222,701612,5031,2024-05-14,Successful,1683.13
1004223,702442,5019,2023-12-18,Successful,2691.22
1004224,705769,5003,2021-06-20,Successful,190.62
1004225,700238,5008,2022-10-18,Successful,1065.75
1004226,701920,5016,2022-02-17,Successful,867.53
1004227,704393,5017,2024-03-05,Successful,961.06
1004228,705725,5038,2023-06-12,Successful,1053.78
1004229,701948,5017,2022-11-30,Successful,972.82
1004230,703128,5004,2022-10-31,Successful,1384.98
1004231,701209,5030,2024-07-15,Successful,1612.73
1004232,700614,5034,2022-03-25,Complication,831.8
1004233,701058,5008,2021-11-29,Successful,460.36
1004234,706425,5025,2024-02-14,Successful,1948.96
1004235,704427,5034,2023-02-18,Successful,853.48
1004236,705411,5009,2022-11-26,Successful,837.8
1004237,703492,5013,2022-04-29,Successful,807.66
1004238,700618,5012,2023-03-08,Successful,2354.86
1004239,703493,5010,2023-12-11,Successful,812.46
1004240,700466,5037,2025-11-24,Successful,354.36
1004241,700524,5031,2022-05-11,Successful,1146.06
1004242,705098,5021,2022-04-07,Successful,2767.53
1004243,701945,5014,2024-12-08,Successful,973.24
1004244,700671,5011,2021-02-06,Successful,1204.68
1004245,706264,5039,2024-08-03,Successful,1252.24
1004246,702905,5025,2022-12-15,Successful,416.08
1004247,700131,5002,2021-11-28,Successful,172.51
1004248,702274,5007,2024-10-24,Successful,2153.54
1004249,702490,5031,2021-03-20,Successful,2225.48
1004250,704538,5029,2023-05-26,Successful,875.36
1004251,705435,5027,2025-12-29,Successful,1125.78
1004252,700573,5038,2024-08-13,Successful,909.61
1004253,701209,5036,2022-02-23,Successful,3459.66
1004254,702508,5033,2021-10-30,Successful,610.72
1004255,703953,5017,2022-06-29,Successful,785.89
1004256,706105,5008,2023-07-22,Complication,1375.34
1004257,704329,5010,2022-07-11,Complication,330.15
1004258,702638,5009,2022-04-19,Successful,2903.25
1004259,703476,5022,2022-11-07,Successful,1747.35
1004260,705915,5018,2022-09-02,Successful,1371.23
1004261,702342,5016,2021-12-24,Complication,385.79
1004262,700100,5021,2021-06-04,Successful,557.73
1004263,702676,5013,2022-06-29,Successful,644.34
1004264,701451,5032,2021-08-30,Successful,894.35
1004265,700802,5013,2025-02-13,Successful,1152.08
1004266,704541,5025,2022-03-18,Successful,921.75
1004267,704844,5028,2025-05-17,Successful,724.9
1004268,701569,5010,2023-09-27,Successful,2045.16
1004269,702979,5006,2023-12-13,Cancelled,1084.63
1004270,706237,5012,2022-12-28,Complication,1054.24
1004271,700320,5018,2023-03-17,Successful,856.82
1004272,703399,5007,2023-06-28,Successful,1633.79
1004273,701550,5018,2021-04-20,Successful,518.12
1004274,703366,5022,2025-03-06,Successful,2806.18
1004275,704272,5039,2025-12-13,Successful,1721.05
1004276,701093,5019,2022-05-06,Complication,824.61
1004277,704578,5013,2025-11-23,Successful,1312.52
1004278,705310,5011,2025-02-18,Successful,732.06
1004279,704617,5025,2022-01-13,Complication,1693.01
1004280,702172,5011,2025-09-28,Successful,1357.56
1004281,703971,5029,2022-08-09,Successful,1150.46
1004282,702134,5004,2021-08-05,Successful,388.81
1004283,704098,5002,2021-12-03,Successful,2628.27
1004284,703800,5013,2024-04-29,Successful,420.23
1004285,702041,5022,2025-05-30,Cancelled,1109.7
1004286,702053,5014,2024-02-23,Complication,760.48
1004287,700879,5017,2023-05-12,Successful,3261.93
1004288,704994,5015,2022-05-13,Successful,1790.62
1004289,701080,5039,2023-10-21,Successful,646.07
1004290,702672,5003,2023-06-05,Cancelled,188.98
1004291,704694,5018,2021-11-22,Successful,205.65
1004292,700724,5021,2021-10-25,Successful,586.13
1004293,706496,5020,2022-09-07,Successful,955.73
1004294,702273,5021,2023-06-14,Successful,1670.59
1004295,700543,5002,2025-06-25,Successful,6158.13
1004296,704086,5038,2025-01-27,Successful,572.98
1004297,705386,5017,2021-06-11,Complication,3937.54
1004298,705402,5003,2025-12-24,Successful,866.36
1004299,703435,5008,2022-12-11,Successful,879.78
1004300,700617,5005,2021-06-06,Successful,698.96
1004301,705758,5004,2022-10-04,Successful,945.28
1004302,705155,5004,2024-11-20,Successful,584.48
1004303,700191,5007,2022-10-08,Successful,678.77
1004304,703276,5040,2025-07-18,Successful,2700.79
1004305,703849,5020,2022-04-28,Successful,259.58
1004306,705539,5026,2023-01-25,Successful,338.3
1004307,702484,5018,2023-05-17,Successful,522.58
1004308,704502,5034,2024-07-16,Successful,2842.05
1004309,700157,5020,2024-12-18,Successful,652.86
1004310,706148,5032,2024-07-19,Successful,1218.06
1004311,700578,5003,2022-12-30,Successful,1446.98
1004312,700326,5019,2025-04-05,Successful,1700.83
1004313,706202,5001,2024-01-10,Successful,462.5
1004314,701916,5021,2024-08-09,Successful,687.0
1004315,705301,5031,2022-06-21,Successful,1189.61
1004316,704340,5003,2022-04-03,Successful,2789.8
1004317,706008,5038,2024-09-25,Successful,1616.01
1004318,700546,5039,2025-02-01,Successful,2772.45
1004319,703644,5002,2025-12-14,Successful,624.35
1004320,705315,5029,2025-06-27,Successful,2210.23
1004321,702800,5023,2022-08-18,Complication,1178.31
1004322,703957,5015,2024-11-20,Successful,2941.32
1004323,705853,5035,2022-09-22,Successful,904.87
1004324,702203,5019,2022-01-22,Successful,1129.12
1004325,700297,5023,2025-06-29,Successful,2506.26
1004326,701366,5038,2021-10-27,Successful,309.33
1004327,704638,5018,2024-01-23,Complication,242.02
1004328,705313,5017,2022-10-21,Successful,273.27
1004329,702724,5028,2024-10-25,Successful,783.24
1004330,700924,5010,2023-03-13,Successful,
1004331,703147,5025,2024-10-12,Complication,1401.28
1004332,700209,5023,2025-07-30,Successful,694.02
1004333,704140,5034,2025-07-23,Successful,3241.03
1004334,706436,5015,2021-09-12,Cancelled,685.5
1004335,703072,5024,2025-10-01,Cancelled,2906.92
1004336,700697,5016,2022-04-04,Complication,2029.03
1004337,700896,5019,2022-01-01,Successful,782.86
1004338,705835,5011,2022-08-17,Successful,2817.45
1004339,701089,5006,2022-02-20,Successful,168.2
1004340,704409,5040,2023-02-04,Successful,450.5
1004341,700063,5030,2025-07-31,Successful,1547.68
1004342,705554,5032,2021-11-27,Successful,2398.11
1004343,703136,5012,2022-11-04,Successful,154.22
1004344,703055,5036,2023-09-17,Successful,455.7
1004345,706336,5033,2023-10-05,Successful,1718.49
1004346,702039,5040,2022-07-08,Successful,510.55
1004347,701204,5021,2023-10-04,Successful,1225.31
1004348,702385,5025,2023-07-05,Cancelled,708.83
1004349,701592,5025,2023-11-27,Successful,1860.07
1004350,704407,5029,2024-01-12,Successful,1864.83
1004351,700732,5011,2022-07-06,Successful,926.53
1004352,703985,5030,2021-12-04,Complication,409.96
1004353,706463,5010,2024-08-26,Successful,674.7
1004354,700720,5034,2024-05-29,Complication,1816.28
1004355,705225,5011,2021-04-27,Successful,1934.92
1004356,701493,5017,2024-04-06,Cancelled,1834.03
1004357,704112,5018,2025-07-16,Successful,2182.04
1004358,702747,5027,2022-09-13,Successful,1645.68
1004359,705409,5020,2022-10-18,Successful,938.8
1004360,706030,5020,2022-03-13,Successful,2071.51
1004361,700233,5036,2023-11-08,Successful,1360.6
1004362,705592,5036,2024-06-29,Complication,1903.04
1004363,705329,5018,2023-12-03,Successful,3213.38
1004364,705235,5014,2022-07-15,Successful,1296.08
1004365,703423,5021,2023-12-15,Successful,2038.94
1004366,700107,5013,2023-11-27,Successful,1329.45
1004367,703114,5010,2024-12-30,Successful,922.03
1004368,700135,5012,2022-06-18,Successful,1000.06
1004369,700499,5025,2024-08-12,Successful,2608.25
1004370,704260,5035,2022-09-08,Successful,3105.14
1004371,702140,5009,2024-11-07,Successful,922.77
1004372,705748,5030,2024-03-07,Successful,730.03
1004373,700017,5016,2023-09-16,Successful,355.84
1004374,703661,5021,2022-12-04,Successful,586.64
1004375,705912,5024,2023-07-02,Successful,286.8
1004376,702007,5038,2023-07-11,Successful,3363.12
1004377,700995,5011,2025-02-04,Successful,743.02
1004378,702203,5012,2024-02-06,Successful,359.71
1004379,705705,5027,2021-04-05,Successful,4559.6
1004380,705570,5034,2021-07-14,Successful,424.77
1004381,700020,5002,2023-04-02,Successful,2086.03
1004382,706017,5008,2024-02-06,Successful,548.77
1004383,706137,5026,2025-11-26,Complication,2264.3
1004384,705514,5004,2025-08-21,Successful,1494.5
1004385,701736,5040,2021-11-10,Successful,473.69
1004386,705860,5021,2021-11-04,Successful,965.91
1004387,700801,5020,2022-05-25,Complication,1978.15
1004388,703647,5008,2022-03-09,Successful,4354.74
1004389,703280,5025,2022-07-20,Successful,529.02
1004390,703632,5029,2024-01-23,Successful,508.16
1004391,702541,5036,2022-08-06,Complication,2050.29
1004392,702840,5029,2021-05-30,Successful,973.71
1004393,702719,5017,2022-10-07,Complication,4177.08
1004394,703207,5015,2025-05-01,Successful,941.51
1004395,705391,5030,2024-04-05,Successful,1789.82
1004396,703841,5040,2024-11-28,Successful,2296.86
1004397,702057,5017,2025-09-28,Successful,948.96
1004398,702286,5030,2025-12-01,Successful,1092.07
1004399,704034,5040,2024-01-23,Successful,2543.11
1004400,701246,5021,2022-05-04,Successful,1682.37
1004401,701851,5002,2024-09-19,Successful,3300.46
1004402,702262,5014,2023-12-19,Successful,766.54
1004403,703030,5001,2023-01-08,Successful,1041.32
1004404,706458,5013,2025-11-22,Successful,1004.84
1004405,702888,5038,2021-07-20,Successful,620.61
1004406,706093,5030,2022-10-19,Successful,1815.14
1004407,700348,5034,2022-11-27,Successful,771.02
1004408,703756,5023,2023-02-24,Complication,1346.53
1004409,706493,5024,2025-04-17,Successful,1741.1
1004410,702103,5002,2025-03-22,Successful,2257.15
1004411,700339,5028,2022-04-02,Successful,613.18
1004412,705397,5021,2021-08-15,Complication,2483.59
1004413,702415,5027,2024-10-28,Successful,1454.97
1004414,705222,5040,2025-11-05,Successful,1016.67
1004415,703812,5037,2022-10-24,Successful,3355.84
1004416,705033,5010,2022-11-09,Successful,665.92
1004417,705287,5016,2024-06-09,Successful,754.13
1004418,705209,5037,2022-01-28,Successful,1062.69
1004419,706415,5019,2023-07-22,Successful,1458.16
1004420,700156,5029,2022-04-11,Successful,474.04
1004421,704862,5015,2025-10-10,Successful,2092.62
1004422,702892,5018,2022-03-18,Successful,1743.35
1004423,704768,5018,2023-07-12,Successful,1892.89
1004424,706020,5030,2023-05-24,Successful,5719.69
1004425,700438,5007,2021-04-15,Successful,443.91
1004426,705004,5002,2022-09-08,Complication,1226.39
1004427,704486,5032,2024-12-24,Successful,2119.52
1004428,702969,5021,2022-09-01,Successful,150.22
1004429,701888,5012,2024-10-13,Successful,1013.93
1004430,701964,5026,2024-03-23,Successful,1580.01
1004431,701850,5028,2023-06-02,Successful,551.55
1004432,705872,5039,2023-07-21,Successful,2481.35
1004433,706368,5010,2022-04-05,Complication,240.37
1004434,700056,5010,2023-05-16,Successful,2270.64
1004435,706125,5037,2023-05-11,Successful,1297.58
1004436,706374,5016,2022-08-04,Successful,6948.43
1004437,705698,5034,2025-12-15,Successful,363.18
1004438,703822,5007,2025-07-27,Successful,417.33
1004439,700942,5006,2025-07-08,Successful,4263.42
1004440,705750,5025,2023-04-18,Successful,980.65
1004441,706203,5027,2025-10-15,Successful,481.69
1004442,701030,5036,2022-11-22,Complication,1844.68
1004443,702335,5013,2021-12-15,Successful,3084.04
1004444,700039,5022,2024-02-25,Successful,1679.42
1004445,705093,5028,2022-06-28,Successful,2682.64
1004446,706096,5007,2024-08-14,Successful,250.37
1004447,706491,5039,2025-12-30,Successful,879.78
1004448,702001,5018,2022-01-26,Successful,3902.87
1004449,703642,5027,2021-05-05,Successful,1203.01
1004450,700454,5021,2024-11-20,Successful,1030.47
1004451,701656,5023,2022-09-13,Successful,582.02
1004452,703957,5010,2022-12-26,Successful,5991.88
1004453,703809,5033,2021-10-08,Successful,837.32
1004454,704039,5038,2023-09-01,Successful,2208.13
1004455,702406,5030,2022-11-24,Successful,1057.66
1004456,706134,5001,2025-12-18,Successful,332.29
1004457,702855,5029,2022-11-02,Complication,1113.74
1004458,705339,5005,2023-11-15,Successful,727.66
1004459,706136,5037,2024-11-08,Successful,1300.8
1004460,704020,5034,2022-10-13,Successful,1524.56
1004461,704631,5035,2024-05-26,Successful,874.48
1004462,700426,5008,2025-11-13,Successful,724.05
1004463,700467,5032,2025-09-10,Successful,1826.94
1004464,702763,5021,2025-02-14,Complication,6572.11
1004465,701993,5002,2024-04-06,Successful,612.47
1004466,705618,5039,2022-03-01,Successful,970.15
1004467,704504,5040,2022-05-20,Successful,661.43
1004468,705800,5022,2024-04-11,Successful,738.46
1004469,702440,5017,2021-10-24,Successful,1424.39
1004470,703637,5036,2021-11-04,Successful,2464.87
1004471,706408,5032,2023-04-16,Successful,805.58
1004472,706389,5037,2024-12-24,Complication,1719.61
1004473,703172,5025,2025-01-26,Successful,4558.91
1004474,704217,5020,2023-05-03,Successful,1142.79
1004475,704557,5027,2024-08-21,Successful,1823.11
1004476,700641,5029,2025-03-03,Complication,2079.11
1004477,703182,5004,2022-07-06,Successful,1215.65
1004478,701448,5017,2021-11-30,Complication,440.99
1004479,702247,5023,2021-11-11,Successful,1788.0
1004480,703573,5032,2023-08-07,Successful,1088.33
1004481,703822,5024,2022-02-13,Successful,981.43
1004482,702886,5015,2022-04-02,Successful,510.88
1004483,701005,5007,2021-05-02,Successful,3305.82
1004484,701745,5037,2021-09-16,Successful,1534.73
1004485,704905,5034,2024-03-15,Successful,1629.45
1004486,702445,5026,2023-07-06,Successful,3729.2
1004487,700178,5002,2025-07-28,Successful,569.3
1004488,703098,5032,2023-11-05,Successful,2516.65
1004489,705022,5035,2025-07-18,Successful,952.94
1004490,702144,5034,2025-10-23,Successful,691.82
1004491,703054,5019,2024-12-10,Successful,901.26
1004492,703284,5028,2023-12-05,Successful,1584.24
1004493,703855,5026,2024-04-03,Complication,754.37
1004494,702365,5006,2025-10-13,Successful,1227.41
1004495,706499,5019,2021-02-03,Successful,1284.78
1004496,704816,5007,2023-08-27,Successful,1508.7
1004497,702350,5012,2023-12-14,Cancelled,339.58
1004498,702530,5029,2024-06-15,Successful,1785.39
1004499,706121,5016,2021-02-14,Successful,854.61
1004500,702235,5013,2021-10-23,Successful,1883.64
1004501,704085,5008,2025-09-25,Successful,587.09
1004502,705095,5040,2021-07-11,Successful,411.17
1004503,705812,5022,2025-09-19,Successful,887.77
1004504,705757,5032,2021-05-31,Successful,7085.88
1004505,700046,5019,2021-01-31,Successful,741.61
1004506,700713,5036,2022-01-30,Successful,510.42
1004507,700409,5007,2025-04-06,Successful,1036.38
1004508,706273,5008,2025-04-28,Complication,1034.72
1004509,701229,5009,2021-01-29,Successful,806.22
1004510,700267,5008,2023-10-03,Successful,5102.64
1004511,703375,5007,2021-08-06,Successful,464.55
1004512,700396,5014,2021-05-03,Successful,760.13
1004513,700504,5004,2023-08-30,Successful,1010.29
1004514,701815,5021,2022-11-21,Successful,678.13
1004515,700227,5003,2023-11-05,Complication,620.2
1004516,702391,5024,2023-10-16,Successful,1395.01
1004517,700143,5036,2023-06-04,Successful,1381.18
1004518,703589,5018,2023-12-08,Successful,997.78
1004519,702566,5011,2025-02-20,Cancelled,2234.34
1004520,705374,5039,2022-10-09,Successful,2413.0
1004521,705646,5018,2023-01-19,Complication,846.2
1004522,703404,5033,2023-04-15,Successful,3552.21
1004523,705947,5015,2021-10-30,Successful,904.12
1004524,702001,5007,2023-11-12,Successful,1036.84
1004525,703567,5029,2024-11-09,Successful,1873.25
1004526,704906,5035,2025-04-11,Successful,846.94
1004527,703527,5019,2023-04-04,Complication,996.56
1004528,705205,5023,2022-06-19,Successful,1980.75
1004529,704973,5040,2023-09-09,Successful,4502.1
1004530,702016,5007,2025-03-11,Successful,230.6
1004531,703081,5034,2021-10-04,Successful,4588.93
1004532,700063,5026,2024-07-26,Complication,319.37
1004533,705770,5017,2023-12-13,Successful,808.41
1004534,706001,5027,2025-06-08,Successful,1416.01
1004535,705266,5039,2025-11-19,Successful,342.11
1004536,704700,5015,2025-05-16,Successful,1424.68
1004537,703456,5025,2023-05-08,Successful,1612.35
1004538,702388,5040,2025-12-10,Successful,1305.46
1004539,700684,5006,2025-12-27,Successful,301.36
1004540,703062,5022,2021-01-21,Successful,169.45
1004541,700285,5039,2023-12-06,Successful,602.12
1004542,702510,5037,2021-06-07,Successful,488.46
1004543,702719,5027,2025-01-15,Successful,1051.14
1004544,700868,5003,2022-08-12,Successful,961.95
1004545,701840,5011,2025-03-23,Successful,826.11
1004546,700156,5003,2023-11-17,Successful,847.39
1004547,701244,5013,2025-03-14,Successful,247.19
1004548,702820,5004,2024-06-04,Successful,1452.34
1004549,704491,5027,2023-12-04,Successful,427.66
1004550,701203,5014,2025-02-19,Complication,1013.25
1004551,702767,5004,2023-05-14,Successful,577.11
1004552,702895,5032,2021-12-25,Successful,1940.91
1004553,704797,5019,2022-07-02,Successful,641.23
1004554,702062,5034,2025-09-24,Successful,741.13
1004555,705441,5008,2021-12-25,Successful,571.2
1004556,705689,5004,2024-01-05,Cancelled,775.12
1004557,702498,5034,2024-11-16,Successful,
1004558,706465,5024,2024-07-27,Successful,1081.0
1004559,705241,5004,2023-01-13,Successful,723.48
1004560,703421,5032,2021-12-08,Successful,194.06
1004561,703585,5004,2021-06-03,Successful,410.81
1004562,704841,5032,2021-01-11,Successful,567.51
1004563,700398,5020,2024-09-04,Successful,2037.87
1004564,701059,5004,2024-04-27,Successful,3201.31
1004565,701411,5023,2025-09-08,Successful,870.57
1004566,705557,5026,2025-11-01,Successful,1139.36
1004567,702783,5038,2022-11-09,Complication,1095.83
1004568,704198,5023,2021-11-24,Cancelled,558.37
1004569,705406,5024,2021-05-19,Successful,436.24
1004570,702870,5025,2021-12-12,Successful,723.61
1004571,705593,5005,2025-08-12,Successful,1700.86
1004572,703007,5016,2022-08-16,Successful,711.64
1004573,705174,5005,2024-05-11,Successful,1932.66
1004574,703207,5030,2022-02-06,Successful,1175.59
1004575,702276,5023,2024-10-28,Successful,1039.42
1004576,704585,5012,2023-12-07,Complication,1839.95
1004577,703236,5005,2025-10-07,Successful,1349.54
1004578,705794,5014,2025-07-26,Successful,3059.48
1004579,701296,5025,2022-05-03,Successful,269.12
1004580,703082,5001,2021-11-19,Successful,211.99
1004581,705289,5020,2025-01-14,Successful,806.02
1004582,703634,5027,2021-06-14,Successful,1210.6
1004583,703376,5028,2022-11-07,Successful,1742.07
1004584,700455,5017,2025-01-08,Successful,1850.71
1004585,703158,5036,2022-03-13,Successful,2235.06
1004586,705503,5012,2022-09-02,Successful,1198.62
1004587,704333,5038,2025-07-31,Successful,579.85
1004588,700883,5040,2025-02-07,Successful,813.39
1004589,706259,5018,2022-06-21,Successful,843.79
1004590,700664,5036,2021-05-16,Successful,885.24
1004591,705634,5008,2024-09-15,Successful,1396.1
1004592,700587,5023,2021-12-29,Successful,1269.58
1004593,705188,5003,2023-06-30,Successful,1043.63
1004594,706268,5033,2023-09-11,Successful,1171.45
1004595,704203,5019,2022-01-21,Successful,1529.63
1004596,703359,5016,2024-02-15,Successful,945.63
1004597,701818,5002,2025-10-12,Successful,389.7
1004598,702059,5016,2024-07-14,Successful,3183.65
1004599,704927,5029,2024-09-16,Successful,2756.9
1004600,701080,5023,2024-05-08,Cancelled,1879.4
1004601,705151,5015,2021-10-14,Successful,1418.98
1004602,704562,5009,2024-03-10,Successful,1304.3
1004603,705485,5004,2025-12-12,Successful,1311.84
1004604,705288,5005,2021-12-11,Successful,496.09
1004605,704310,5025,2021-06-30,Successful,785.61
1004606,701425,5024,2023-06-04,Successful,597.71
1004607,704611,5011,2021-09-24,Successful,9321.5
1004608,701836,5040,2023-12-02,Successful,1820.02
1004609,706490,5038,2024-06-14,Successful,484.41
1004610,705744,5022,2022-05-30,Complication,2008.9
1004611,706492,5001,2022-03-08,Successful,1020.76
1004612,701611,5035,2025-08-24,Successful,653.61
1004613,702554,5006,2025-05-09,Successful,513.21
1004614,702669,5040,2022-12-03,Successful,829.22
1004615,705568,5026,2024-06-15,Successful,413.7
1004616,702931,5040,2024-02-24,Successful,827.41
1004617,703379,5016,2022-09-25,Successful,262.94
1004618,700076,5007,2025-10-28,Successful,186.52
1004619,704305,5007,2022-12-04,Successful,503.17
1004620,706036,5002,2021-12-25,Successful,3607.85
1004621,703932,5025,2022-05-27,Complication,2851.57
1004622,702157,5007,2025-06-04,Successful,3659.5
1004623,700913,5009,2022-12-12,Successful,391.83
1004624,704271,5024,2023-04-15,Successful,588.58
1004625,701868,5026,2025-11-30,Successful,2431.74
1004626,704437,5008,2025-11-01,Successful,2306.54
1004627,702803,5027,2025-03-27,Cancelled,1436.08
1004628,700007,5020,2024-11-30,Successful,282.51
1004629,702088,5001,2023-03-16,Successful,2826.44
1004630,706275,5001,2024-06-18,Successful,3398.36
1004631,704532,5004,2025-10-30,Successful,940.69
1004632,706331,5013,2025-07-07,Complication,519.58
1004633,706063,5006,2021-01-05,Successful,729.18
1004634,701847,5037,2021-01-10,Successful,2544.19
1004635,700627,5020,2022-02-17,Successful,2257.79
1004636,704144,5029,2023-07-18,Successful,734.7
1004637,705107,5010,2025-07-25,Successful,929.59
1004638,704489,5036,2023-08-09,Successful,1983.06
1004639,705805,5019,2023-10-09,Successful,1146.78
1004640,701343,5009,2021-02-09,Successful,1053.22
1004641,701684,5030,2023-07-18,Successful,435.43
1004642,705286,5023,2023-10-26,Complication,255.36
1004643,703177,5027,2025-03-06,Successful,2569.66
1004644,700378,5029,2025-09-17,Successful,880.67
1004645,702244,5005,2025-11-07,Successful,1510.62
1004646,703861,5026,2024-10-26,Complication,914.68
1004647,703062,5011,2023-09-24,Complication,1937.77
1004648,703916,5008,2023-07-06,Successful,677.59
1004649,703916,5027,2025-05-19,Successful,515.18
1004650,705711,5014,2022-07-12,Successful,734.94
1004651,701551,5006,2021-07-15,Successful,1942.25
1004652,700726,5025,2024-01-19,Successful,824.07
1004653,703991,5030,2022-01-06,Successful,988.92
1004654,702872,5020,2023-12-02,Successful,1554.47
1004655,700735,5036,2021-04-07,Successful,789.72
1004656,702298,5006,2025-08-12,Successful,366.26
1004657,706401,5007,2021-07-04,Successful,2178.67
1004658,703830,5030,2022-11-14,Successful,7609.59
1004659,703843,5032,2025-05-31,Successful,525.58
1004660,704846,5009,2025-03-30,Successful,846.01
1004661,701582,5011,2025-03-06,Complication,773.94
1004662,704559,5011,2021-07-16,Successful,4676.04
1004663,706024,5015,2022-10-18,Successful,2351.63
1004664,703621,5008,2021-04-29,Successful,1579.76
1004665,706238,5027,2024-03-10,Successful,1072.57
1004666,703245,5025,2021-12-06,Successful,2762.0
1004667,701076,5007,2024-05-16,Successful,934.62
1004668,702536,5020,2024-12-26,Successful,1719.76
1004669,702276,5016,2022-05-15,Successful,338.51
1004670,706343,5022,2024-09-08,Successful,1847.73
1004671,700740,5037,2025-11-08,Successful,3336.23
1004672,705538,5008,2021-08-15,Cancelled,2053.87
1004673,702826,5032,2023-07-13,Complication,254.5
1004674,700592,5017,2022-09-15,Successful,657.63
1004675,702106,5039,2023-12-27,Successful,2543.2
1004676,704027,5017,2024-03-28,Successful,465.95
1004677,703259,5032,2022-08-09,Successful,578.4
1004678,703234,5037,2021-06-22,Successful,164.94
1004679,703834,5027,2025-04-02,Successful,1653.36
1004680,704128,5032,2024-02-12,Successful,1538.49
1004681,701869,5008,2022-06-07,Cancelled,284.25
1004682,702361,5002,2025-03-05,Successful,1720.93
1004683,702146,5014,2022-04-13,Successful,1571.23
1004684,701095,5020,2023-01-03,Successful,6473.25
1004685,706042,5018,2024-01-27,Successful,428.99
1004686,703228,5007,2022-03-07,Successful,1704.88
1004687,703554,5018,2025-10-30,Successful,979.34
1004688,702933,5024,2022-01-09,Successful,926.43
1004689,702185,5025,2024-04-30,Successful,3834.32
1004690,703881,5034,2021-11-18,Successful,
1004691,704367,5020,2023-10-10,Successful,1938.35
1004692,702485,5040,2025-03-25,Cancelled,4244.37
1004693,706089,5012,2025-03-02,Successful,759.93
1004694,704999,5030,2024-12-21,Successful,1237.77
1004695,703043,5015,2022-03-31,Successful,726.06
1004696,705553,5023,2021-04-17,Successful,459.96
1004697,703242,5005,2021-12-31,Successful,517.12
1004698,703157,5015,2021-09-28,Successful,1651.85
1004699,704137,5027,2023-10-25,Complication,1240.07
1004700,706001,5011,2025-10-17,Successful,2632.69
1004701,705610,5040,2024-01-27,Successful,1065.37
1004702,700987,5005,2023-05-12,Successful,1059.97
1004703,706388,5036,2023-02-21,Successful,1459.44
1004704,706367,5011,2022-08-24,Successful,1678.76
1004705,703046,5023,2023-08-02,Complication,933.4
1004706,703041,5039,2024-12-29,Successful,741.24
1004707,700397,5034,2025-07-05,Complication,2418.42
1004708,703473,5037,2023-06-12,Successful,1715.25
1004709,705833,5028,2023-11-26,Successful,1699.91
1004710,704009,5014,2024-01-30,Successful,1906.24
1004711,705026,5001,2022-07-06,Successful,1009.19
1004712,705161,5029,2023-05-18,Successful,522.97
1004713,704964,5001,2025-05-11,Successful,633.57
1004714,701651,5005,2022-03-28,Complication,562.0
1004715,702025,5014,2024-06-25,Successful,430.98
1004716,700703,5014,2024-06-09,Successful,590.29
1004717,700857,5016,2023-10-22,Successful,4972.55
1004718,701897,5033,2022-02-20,Complication,374.93
1004719,705954,5040,2021-04-12,Successful,1117.49
1004720,700240,5038,2023-05-04,Successful,1206.56
1004721,700454,5005,2024-03-29,Successful,2058.35
1004722,701969,5025,2025-11-26,Successful,479.63
1004723,700363,5003,2022-05-04,Successful,7131.33
1004724,704305,5028,2025-05-21,Complication,1787.77
1004725,701385,5006,2025-09-18,Successful,1542.82
1004726,700035,5039,2021-12-10,Successful,965.21
1004727,704725,5005,2023-10-10,Successful,1205.68
1004728,704448,5006,2021-08-25,Successful,538.76
1004729,704607,5008,2023-08-08,Successful,1169.55
1004730,700232,5032,2024-06-22,Successful,459.75
1004731,704660,5001,2021-01-04,Successful,259.14
1004732,705324,5031,2021-11-25,Successful,2928.37
1004733,701049,5016,2022-04-02,Successful,308.28
1004734,703687,5040,2024-03-29,Successful,823.22
1004735,700544,5038,2025-07-15,Successful,1006.41
1004736,702573,5001,2024-10-23,Successful,1261.41
1004737,700770,5004,2022-05-24,Successful,1413.56
1004738,703901,5024,2021-02-05,Successful,2375.62
1004739,702857,5023,2024-07-10,Cancelled,622.55
1004740,704466,5025,2025-08-19,Successful,6610.25
1004741,706469,5039,2024-09-07,Complication,664.41
1004742,700921,5028,2023-06-07,Successful,378.56
1004743,701596,5010,2022-05-21,Successful,709.81
1004744,704079,5005,2022-01-19,Successful,485.02
1004745,704174,5005,2022-12-15,Successful,241.5
1004746,704986,5038,2024-03-05,Successful,563.39
1004747,704022,5029,2023-04-05,Successful,422.93
1004748,700182,5007,2023-03-27,Successful,1239.92
1004749,702495,5033,2025-01-02,Successful,640.18
1004750,702272,5027,2024-01-05,Cancelled,981.34
1004751,705082,5011,2022-08-29,Successful,920.3
1004752,702373,5039,2025-05-06,Successful,2041.05
1004753,704864,5007,2023-08-30,Successful,977.3
1004754,700046,5005,2024-11-09,Successful,895.15
1004755,703557,5028,2023-07-07,Successful,904.04
1004756,700901,5037,2021-05-18,Complication,713.09
1004757,704685,5031,2025-02-26,Successful,762.62
1004758,705403,5029,2024-10-25,Successful,565.02
1004759,705267,5036,2021-03-01,Successful,1050.27
1004760,703130,5031,2023-04-15,Successful,3248.83
1004761,704618,5009,2025-09-13,Successful,1549.03
1004762,702788,5004,2025-05-29,Successful,1716.82
1004763,700908,5002,2024-06-20,Successful,680.98
1004764,701296,5035,2022-12-21,Successful,893.48
1004765,702419,5017,2025-10-04,Successful,1729.3
1004766,700260,5001,2022-10-09,Successful,3632.09
1004767,701819,5020,2024-07-24,Successful,2169.57
1004768,705573,5009,2022-01-10,Successful,1025.62
1004769,703212,5038,2025-10-20,Successful,14074.28
1004770,702173,5020,2023-01-05,Successful,672.38
1004771,705027,5036,2025-02-22,Successful,1015.88
1004772,702416,5011,2024-11-22,Successful,1321.58
1004773,702040,5040,2021-12-23,Successful,2394.29
1004774,700777,5018,2022-05-31,Successful,1601.25
1004775,705720,5020,2023-12-15,Successful,695.41
1004776,703424,5012,2023-07-16,Complication,2504.86
1004777,704205,5021,2024-11-15,Complication,733.73
1004778,701305,5019,2022-05-04,Successful,461.71
1004779,704295,5036,2022-06-20,Successful,2217.25
1004780,705120,5040,2021-11-14,Successful,4068.34
1004781,705445,5026,2023-03-06,Successful,1915.63
1004782,703757,5016,2023-07-03,Successful,366.95
1004783,704466,5024,2023-12-08,Successful,865.72
1004784,702148,5011,2021-06-28,Successful,435.62
1004785,703007,5005,2023-01-13,Successful,373.78
1004786,700983,5033,2022-05-09,Successful,1852.9
1004787,700182,5002,2024-04-26,Successful,574.48
1004788,703374,5015,2021-04-24,Successful,784.69
1004789,705660,5033,2022-07-09,Successful,1502.83
1004790,702684,5036,2021-02-03,Successful,834.13
1004791,702155,5027,2023-05-16,Successful,999.77
1004792,703799,5039,2022-01-15,Successful,435.95
1004793,700005,5020,2022-04-19,Successful,563.8
1004794,701902,5037,2022-10-07,Complication,3380.69
1004795,705591,5035,2025-11-05,Successful,2258.12
1004796,704468,5033,2023-07-06,Successful,773.96
1004797,706061,5001,2022-03-22,Successful,861.63
1004798,704367,5032,2025-05-27,Successful,2777.54
1004799,705687,5022,2025-03-25,Successful,131.2
1004800,701880,5027,2023-11-07,Successful,1926.38
1004801,704015,5022,2023-08-31,Successful,1267.16
1004802,701474,5038,2021-09-05,Successful,453.69
1004803,704134,5009,2024-02-13,Successful,417.79
1004804,702982,5010,2021-08-18,Successful,997.42
1004805,705112,5024,2024-07-10,Successful,677.17
1004806,705829,5023,2021-04-05,Successful,2133.05
1004807,705729,5038,2024-10-03,Successful,769.04
1004808,704572,5034,2022-04-13,Successful,1414.48
1004809,704827,5018,2022-03-23,Successful,1627.8
1004810,701575,5016,2024-10-28,Successful,673.67
1004811,701347,5035,2022-09-03,Complication,828.41
1004812,700441,5015,2021-07-11,Successful,1849.78
1004813,705263,5028,2025-08-14,Successful,1204.1
1004814,701457,5031,2022-07-14,Successful,443.74
1004815,706312,5010,2022-01-03,Successful,3106.14
1004816,702937,5003,2025-11-28,Cancelled,1120.43
1004817,700094,5015,2024-03-10,Successful,362.14
1004818,703494,5021,2023-12-18,Successful,2223.64
1004819,704847,5039,2025-01-11,Successful,2098.68
1004820,701584,5003,2021-11-29,Successful,1616.35
1004821,706330,5029,2023-06-24,Successful,386.94
1004822,703806,5033,2024-03-06,Successful,519.99
1004823,704822,5038,2022-07-12,Successful,1749.0
1004824,705200,5034,2021-03-24,Successful,312.13
1004825,703892,5028,2024-09-18,Successful,1325.83
1004826,705231,5029,2025-05-27,Successful,368.93
1004827,703039,5040,2021-10-07,Complication,2034.07
1004828,701331,5008,2025-04-04,Successful,1767.49
1004829,700453,5008,2023-07-06,Successful,1354.26
1004830,701530,5032,2025-10-21,Successful,297.83
1004831,702287,5008,2022-06-12,Successful,1439.15
1004832,704517,5040,2022-10-08,Successful,5785.52
1004833,704121,5031,2022-05-26,Successful,719.78
1004834,701991,5036,2021-04-13,Successful,408.37
1004835,701405,5019,2022-03-08,Successful,318.36
1004836,704117,5023,2025-10-11,Successful,1608.86
1004837,700586,5028,2021-11-26,Complication,1918.68
1004838,701050,5001,2023-12-31,Successful,3679.67
1004839,703828,5006,2023-01-21,Successful,877.15
1004840,701390,5034,2023-05-17,Successful,814.37
1004841,701157,5015,2025-06-28,Successful,825.64
1004842,703127,5031,2025-04-17,Successful,2200.38
1004843,705060,5037,2023-11-26,Successful,2965.8
1004844,704045,5015,2024-05-04,Successful,1441.56
1004845,700893,5009,2022-07-19,Successful,1145.77
1004846,700485,5038,2024-07-18,Successful,833.08
1004847,703107,5002,2023-03-10,Successful,1092.23
1004848,706245,5010,2025-10-29,Successful,1160.85
1004849,701188,5037,2022-01-26,Successful,2452.04
1004850,700423,5027,2021-06-02,Successful,3445.22
1004851,702422,5029,2021-10-19,Successful,773.1
1004852,700717,5034,2025-09-10,Complication,1073.71
1004853,701363,5012,2023-09-28,Successful,3143.23
1004854,703402,5032,2025-09-05,Successful,461.8
1004855,701741,5026,2024-05-05,Successful,1372.92
1004856,706063,5010,2023-01-26,Successful,877.53
1004857,703651,5012,2025-07-05,Successful,1157.93
1004858,704755,5039,2024-11-09,Successful,513.01
1004859,700225,5001,2025-09-29,Successful,846.14
1004860,702662,5008,2024-06-10,Successful,560.63
1004861,702708,5037,2022-04-19,Successful,1291.28
1004862,704763,5013,2024-05-06,Successful,1324.56
1004863,702401,5012,2022-07-21,Successful,407.17
1004864,701225,5015,2024-01-06,Successful,1037.07
1004865,705538,5030,2022-08-24,Successful,1075.72
1004866,701242,5003,2023-05-29,Successful,1996.13
1004867,704724,5036,2021-07-18,Successful,1412.36
1004868,706138,5033,2022-10-22,Successful,720.13
1004869,704827,5020,2021-02-14,Successful,855.07
1004870,700867,5008,2025-08-09,Successful,2124.41
1004871,702286,5031,2024-11-24,Successful,861.48
1004872,706254,5022,2021-08-31,Successful,1922.51
1004873,702511,5014,2022-03-28,Successful,2651.7
1004874,700304,5022,2022-09-11,Successful,2330.37
1004875,703382,5040,2021-07-07,Successful,433.44
1004876,706141,5039,2021-09-11,Successful,665.89
1004877,703122,5031,2022-05-09,Successful,2729.41
1004878,704360,5010,2025-07-21,Successful,986.51
1004879,701473,5003,2024-09-07,Successful,713.04
1004880,700362,5036,2022-11-22,Successful,800.97
1004881,704539,5036,2024-11-21,Successful,2673.41
1004882,702396,5005,2021-01-13,Successful,1315.54
1004883,704936,5006,2021-04-02,Successful,1099.84
1004884,701133,5036,2025-08-15,Successful,446.24
1004885,701312,5011,2025-07-18,Successful,1884.93
1004886,702950,5004,2021-10-28,Successful,879.44
1004887,703629,5040,2025-04-04,Successful,2267.69
1004888,701682,5037,2022-05-02,Successful,1666.48
1004889,701564,5035,2023-06-22,Successful,1021.25
1004890,705647,5020,2021-05-27,Successful,2508.55
1004891,706432,5037,2025-11-28,Successful,1039.03
1004892,704130,5035,2022-05-31,Successful,855.67
1004893,702897,5010,2022-06-27,Successful,1530.11
1004894,700402,5008,2022-06-19,Successful,4829.28
1004895,705492,5013,2025-10-15,Successful,3012.71
1004896,703305,5036,2024-10-22,Successful,2006.94
1004897,705099,5030,2024-10-15,Successful,1586.05
1004898,702992,5033,2025-02-09,Successful,840.48
1004899,702200,5025,2022-01-01,Successful,
1004900,706393,5016,2023-09-06,Successful,479.06
1004901,700686,5004,2021-10-28,Successful,2745.53
1004902,705147,5036,2024-09-21,Complication,809.27
1004903,701371,5015,2022-04-27,Complication,1010.2
1004904,702032,5035,2024-09-27,Successful,1163.94
1004905,702305,5004,2021-11-29,Successful,629.29
1004906,706006,5030,2022-06-08,Cancelled,1451.4
1004907,704792,5005,2024-04-06,Successful,1118.2
1004908,700266,5024,2021-05-12,Successful,896.01
1004909,705165,5009,2022-06-29,Successful,751.96
1004910,705404,5007,2023-06-29,Successful,1287.31
1004911,705901,5015,2021-02-06,Successful,2662.72
1004912,704268,5027,2022-04-16,Complication,6227.65
1004913,703067,5033,2022-03-19,Successful,545.59
1004914,700692,5033,2022-12-23,Successful,652.08
1004915,703494,5032,2025-03-10,Successful,348.08
1004916,702946,5005,2025-01-27,Successful,2194.57
1004917,706309,5011,2022-11-21,Successful,727.28
1004918,705076,5032,2023-03-24,Successful,2714.16
1004919,706054,5007,2021-12-08,Successful,1522.42
1004920,702238,5023,2025-05-05,Successful,299.26
1004921,702315,5033,2023-07-01,Successful,1068.17
1004922,705785,5021,2023-10-30,Successful,710.79
1004923,702623,5012,2022-04-15,Successful,2332.89
1004924,702690,5020,2021-07-28,Successful,160.77
1004925,702890,5031,2021-10-17,Complication,397.37
1004926,704221,5033,2025-09-04,Successful,1486.08
1004927,700523,5028,2022-07-09,Successful,702.53
1004928,702003,5006,2024-06-20,Complication,488.75
1004929,702151,5008,2022-12-31,Successful,406.95
1004930,705794,5003,2022-04-25,Successful,1134.24
1004931,704182,5025,2023-04-18,Successful,910.69
1004932,702997,5028,2021-05-27,Successful,749.74
1004933,704323,5015,2022-07-13,Successful,3083.52
1004934,705668,5039,2022-06-04,Complication,758.4
1004935,700559,5009,2024-01-15,Successful,1166.26
1004936,700478,5034,2024-02-25,Successful,578.2
1004937,702951,5031,2021-12-09,Successful,752.81
1004938,700431,5038,2023-04-01,Successful,483.16
1004939,704266,5032,2021-10-19,Successful,286.28
1004940,703922,5014,2021-04-22,Successful,1206.06
1004941,706466,5038,2022-04-23,Successful,1040.51
1004942,704624,5016,2025-12-03,Successful,736.33
1004943,706357,5010,2022-10-26,Successful,717.57
1004944,703459,5018,2022-04-12,Successful,316.89
1004945,704568,5027,2022-08-22,Successful,515.51
1004946,700215,5011,2021-06-18,Successful,487.21
1004947,700249,5033,2025-07-08,Successful,190.21
1004948,701110,5037,2025-06-28,Successful,2980.95
1004949,704203,5020,2024-07-01,Complication,619.73
1004950,705227,5003,2021-05-20,Successful,617.19
1004951,700456,5021,2025-06-17,Successful,1851.91
1004952,704731,5012,2025-09-16,Complication,733.78
1004953,700802,5008,2023-07-28,Successful,1342.96
1004954,701053,5037,2025-04-02,Successful,1625.02
1004955,702244,5032,2023-04-10,Cancelled,1418.38
1004956,701600,5008,2025-05-10,Successful,1015.99
1004957,703730,5015,2024-10-29,Successful,495.01
1004958,705423,5003,2023-08-23,Successful,837.72
1004959,706416,5023,2021-04-05,Successful,1275.0
1004960,702177,5011,2021-02-14,Successful,341.11
1004961,701535,5022,2022-07-15,Successful,3334.46
1004962,703812,5007,2024-09-22,Cancelled,1226.82
1004963,700469,5004,2021-11-06,Successful,1056.45
1004964,702009,5018,2022-11-25,Successful,594.01
1004965,700899,5028,2025-12-26,Successful,1424.92
1004966,704047,5032,2022-11-06,Successful,845.07
1004967,704711,5014,2021-07-03,Successful,295.47
1004968,703347,5005,2023-02-13,Successful,816.06
1004969,701553,5040,2021-05-15,Complication,1140.87
1004970,702355,5018,2022-10-17,Successful,514.33
1004971,706379,5029,2023-04-23,Complication,4038.72
1004972,701710,5017,2025-07-27,Successful,7040.27
1004973,703120,5021,2025-02-05,Successful,1254.15
1004974,705974,5034,2021-08-26,Successful,386.45
1004975,702142,5021,2023-12-14,Successful,739.56
1004976,703179,5034,2021-08-29,Successful,1353.01
1004977,700231,5007,2021-06-09,Successful,1575.78
1004978,704037,5018,2025-12-30,Successful,2222.96
1004979,703058,5018,2024-02-03,Successful,4670.58
1004980,702241,5013,2025-07-17,Successful,1880.33
1004981,705909,5039,2024-09-05,Successful,314.46
1004982,705957,5029,2025-06-17,Successful,410.91
1004983,700968,5039,2025-08-17,Successful,787.49
1004984,705915,5025,2024-11-16,Successful,3637.93
1004985,703700,5018,2023-03-26,Successful,4258.91
1004986,702534,5040,2025-04-28,Successful,1917.31
1004987,700436,5006,2021-02-17,Successful,714.78
1004988,705607,5009,2024-01-20,Successful,634.85
1004989,702934,5012,2025-01-28,Successful,425.28
1004990,704440,5011,2022-05-14,Successful,956.8
1004991,705252,5021,2021-08-13,Successful,1324.6
1004992,705486,5007,2024-01-22,Successful,604.68
1004993,700254,5015,2023-10-30,Successful,885.65
1004994,705131,5020,2023-09-29,Successful,1187.87
1004995,703666,5031,2023-07-23,Successful,2264.03
1004996,703004,5022,2022-02-01,Successful,400.97
1004997,705368,5022,2023-06-11,Successful,420.53
1004998,700945,5009,2022-05-02,Successful,1019.76
1004999,700469,5030,2023-06-03,Successful,713.34
1005000,704187,5026,2024-10-03,Successful,1817.06
1005001,705266,5019,2023-11-25,Successful,6664.22
1005002,702458,5018,2024-11-02,Successful,675.65
1005003,700243,5022,2024-10-23,Successful,4428.31
1005004,703987,5013,2021-08-21,Successful,1339.11
1005005,703796,5010,2022-02-09,Complication,1220.52
1005006,702603,5009,2023-02-26,Complication,1781.32
1005007,700990,5004,2022-05-26,Successful,494.14
1005008,700052,5026,2023-03-06,Successful,1749.12
1005009,700160,5017,2022-03-20,Cancelled,2288.7
1005010,702467,5014,2022-05-07,Successful,1455.74
1005011,705871,5023,2022-03-15,Successful,1379.22
1005012,705275,5021,2023-03-09,Successful,964.34
1005013,705224,5038,2023-06-27,Successful,571.88
1005014,701322,5004,2021-11-02,Successful,1197.61
1005015,704070,5028,2022-11-28,Complication,701.36
1005016,701055,5025,2024-12-25,Successful,5808.12
1005017,706147,5003,2022-05-06,Complication,3322.9
1005018,703926,5008,2021-06-18,Successful,957.69
1005019,706296,5026,2025-05-25,Successful,1094.43
1005020,700357,5035,2021-04-28,Successful,1051.08
1005021,700204,5013,2025-04-04,Successful,834.3
1005022,704886,5008,2025-03-26,Successful,304.79
1005023,705571,5012,2023-05-13,Successful,13676.24
1005024,704370,5001,2021-11-30,Successful,1973.49
1005025,706096,5001,2021-08-05,Successful,1177.47
1005026,704068,5039,2024-12-10,Successful,2496.86
1005027,705379,5027,2021-02-19,Complication,1396.56
1005028,704338,5029,2021-04-26,Complication,2311.47
1005029,704636,5021,2023-12-03,Cancelled,3351.86
1005030,704966,5040,2025-04-09,Successful,1307.22
1005031,701266,5013,2022-01-14,Successful,440.37
1005032,702067,5015,2021-10-17,Successful,543.38
1005033,702634,5009,2024-02-10,Successful,820.02
1005034,700941,5024,2023-10-16,Successful,511.41
1005035,706271,5038,2025-12-14,Successful,2115.04
1005036,705991,5012,2025-05-04,Successful,816.54
1005037,701807,5021,2021-08-22,Successful,1616.47
1005038,701373,5031,2021-02-12,Successful,1164.43
1005039,701162,5020,2025-12-22,Successful,1019.95
1005040,705427,5023,2022-06-08,Successful,712.8
1005041,702655,5018,2024-02-04,Successful,827.73
1005042,700653,5020,2024-04-25,Complication,1170.54
1005043,701567,5019,2025-08-26,Successful,1146.35
1005044,701026,5007,2021-06-09,Successful,2841.12
1005045,703037,5022,2023-06-11,Complication,1395.92
1005046,705564,5037,2024-12-23,Successful,1237.75
1005047,700115,5017,2023-09-05,Successful,4535.96
1005048,700970,5011,2025-07-10,Successful,772.56
1005049,703777,5009,2024-03-23,Successful,470.06
1005050,704042,5034,2023-08-06,Successful,3821.33
1005051,705221,5016,2023-10-19,Successful,951.67
1005052,701107,5040,2024-03-25,Successful,3308.4
1005053,706144,5029,2021-10-17,Complication,612.14
1005054,705226,5024,2024-10-22,Successful,231.29
1005055,703214,5014,2021-09-05,Complication,1425.68
1005056,706030,5019,2021-04-22,Successful,479.39
1005057,704864,5030,2022-08-08,Successful,705.67
1005058,702000,5032,2023-10-27,Successful,750.49
1005059,703128,5026,2023-07-21,Successful,472.08
1005060,704986,5040,2021-04-04,Complication,482.83
1005061,704368,5032,2022-10-06,Successful,1234.35
1005062,700225,5004,2024-04-05,Successful,1681.84
1005063,702726,5020,2022-05-15,Successful,1426.0
1005064,700771,5027,2025-09-24,Successful,525.22
1005065,705184,5013,2022-07-24,Successful,1307.87
1005066,700188,5035,2024-12-31,Successful,823.52
1005067,700631,5017,2021-12-27,Successful,752.43
1005068,706493,5012,2025-11-04,Successful,787.17
1005069,704678,5026,2021-10-30,Cancelled,2688.96
1005070,706122,5034,2024-12-03,Successful,1192.04
1005071,701330,5017,2024-09-21,Successful,1127.25
1005072,701077,5025,2023-06-07,Complication,889.45
1005073,700803,5016,2022-03-01,Successful,807.17
1005074,703812,5005,2025-07-16,Successful,426.75
1005075,704995,5034,2025-08-19,Successful,1251.59
1005076,700304,5012,2021-10-25,Successful,1391.72
1005077,701853,5033,2023-03-27,Complication,1338.52
1005078,703243,5020,2024-08-11,Successful,1554.12
1005079,703374,5032,2023-07-30,Successful,948.89
1005080,702962,5017,2025-10-04,Successful,181.5
1005081,706375,5036,2022-10-15,Successful,1183.27
1005082,705442,5039,2022-01-19,Cancelled,800.49
1005083,704773,5036,2021-03-30,Successful,845.65
1005084,704505,5012,2025-01-23,Successful,1763.22
1005085,702560,5005,2025-03-26,Successful,987.25
1005086,702034,5001,2025-06-27,Successful,3772.07
1005087,703580,5002,2023-08-19,Successful,615.71
1005088,705334,5007,2025-09-01,Successful,1308.52
1005089,702588,5025,2025-08-17,Successful,3723.35
1005090,703719,5033,2021-08-09,Successful,1283.4
1005091,703203,5011,2021-05-22,Successful,1231.27
1005092,706095,5005,2023-02-12,Successful,1224.66
1005093,703581,5030,2022-12-15,Successful,2419.28
1005094,705299,5025,2025-12-15,Successful,1242.71
1005095,704181,5013,2025-05-27,Successful,738.03
1005096,700222,5037,2021-03-10,Successful,1452.11
1005097,704987,5034,2024-03-02,Successful,2804.5
1005098,702856,5016,2024-04-04,Successful,1253.24
1005099,702846,5004,2023-01-26,Complication,4443.46
1005100,703718,5030,2022-07-03,Successful,985.95
1005101,705026,5013,2021-03-25,Successful,1163.43
1005102,701147,5023,2022-03-20,Successful,1820.39
1005103,700838,5032,2023-05-20,Complication,4530.64
1005104,704971,5034,2024-10-05,Successful,488.73
1005105,700725,5024,2021-07-06,Successful,3759.31
1005106,702807,5023,2025-09-13,Successful,2874.33
1005107,706386,5021,2022-11-24,Cancelled,3037.03
1005108,704233,5020,2021-04-13,Successful,773.31
1005109,706461,5011,2024-05-16,Successful,540.18
1005110,704087,5032,2025-10-04,Successful,446.66
1005111,703778,5040,2022-11-08,Cancelled,1478.99
1005112,703127,5027,2023-01-13,Successful,4821.06
1005113,705549,5037,2021-11-22,Successful,949.78
1005114,703421,5028,2025-04-12,Successful,502.65
1005115,706491,5029,2023-06-25,Successful,544.34
1005116,702040,5027,2021-06-04,Successful,985.64
1005117,704373,5014,2025-07-17,Complication,3469.34
1005118,703934,5031,2021-10-18,Successful,1275.52
1005119,704385,5001,2021-05-18,Successful,1517.49
1005120,701236,5017,2023-06-02,Successful,913.97
1005121,705534,5039,2025-06-27,Successful,1796.94
1005122,705376,5019,2021-10-04,Successful,1806.07
1005123,703989,5021,2021-01-23,Successful,760.18
1005124,700524,5012,2023-10-26,Successful,3132.28
1005125,702465,5038,2025-01-30,Successful,565.6
1005126,703539,5034,2024-09-06,Cancelled,804.86
1005127,701565,5027,2021-10-20,Complication,751.31
1005128,703557,5019,2021-07-13,Successful,1018.76
1005129,700701,5014,2021-08-25,Successful,1466.97
1005130,703906,5028,2025-03-02,Successful,1066.99
1005131,705150,5002,2025-08-05,Successful,1153.47
1005132,702483,5038,2023-08-27,Successful,548.08
1005133,706153,5039,2022-11-06,Successful,1074.18
1005134,704065,5014,2021-05-04,Successful,2769.42
1005135,705347,5040,2021-03-24,Successful,1064.71
1005136,701599,5019,2023-09-04,Successful,1408.53
1005137,704730,5003,2021-06-23,Complication,681.28
1005138,705526,5022,2025-03-07,Successful,1228.29
1005139,704873,5010,2025-07-02,Successful,1038.88
1005140,704630,5017,2025-11-28,Complication,1416.01
1005141,705868,5004,2022-04-23,Successful,2177.3
1005142,701033,5033,2022-08-31,Successful,2125.3
1005143,703166,5030,2025-06-07,Successful,1546.51
1005144,700135,5033,2025-02-04,Successful,1691.54
1005145,703738,5032,2025-08-22,Successful,786.71
1005146,704013,5033,2021-02-15,Successful,1954.33
1005147,705810,5040,2024-09-03,Successful,3719.13
1005148,706424,5035,2024-01-18,Successful,942.21
1005149,704779,5025,2025-07-08,Successful,467.31
1005150,703618,5025,2024-07-10,Successful,542.54
1005151,701473,5020,2025-06-26,Successful,1651.78
1005152,701746,5016,2024-03-16,Successful,166.17
1005153,703943,5015,2025-03-31,Successful,1260.38
1005154,701954,5037,2025-04-22,Complication,734.31
1005155,704397,5022,2023-11-24,Cancelled,2562.52
1005156,701161,5023,2024-03-04,Complication,1193.29
1005157,704472,5003,2021-01-05,Successful,1076.68
1005158,702956,5010,2021-03-30,Complication,645.39
1005159,701219,5031,2025-08-19,Successful,960.21
1005160,701222,5025,2021-05-04,Successful,224.95
1005161,703554,5021,2022-02-07,Successful,3714.78
1005162,705858,5033,2024-03-05,Cancelled,1859.54
1005163,703974,5011,2023-08-24,Successful,2150.04
1005164,701378,5007,2021-09-13,Complication,3746.33
1005165,704557,5022,2024-07-11,Successful,2894.24
1005166,706126,5009,2023-06-27,Successful,2917.03
1005167,700031,5004,2023-01-14,Successful,1639.8
1005168,701741,5005,2025-12-21,Successful,1088.75
1005169,706149,5018,2021-12-20,Successful,1269.27
1005170,704076,5001,2025-03-19,Successful,1059.0
1005171,705197,5020,2024-01-19,Successful,550.96
1005172,701092,5010,2021-11-03,Successful,5030.86
1005173,704615,5030,2023-01-25,Successful,587.92
1005174,701376,5004,2024-10-16,Successful,1309.3
1005175,701536,5029,2023-09-19,Successful,897.06
1005176,700703,5011,2023-09-24,Successful,575.29
1005177,704448,5033,2024-01-16,Successful,1737.87
1005178,703890,5038,2023-02-14,Complication,1442.9
1005179,706378,5035,2025-06-03,Successful,708.24
1005180,705584,5039,2021-09-14,Successful,419.63
1005181,705233,5011,2025-01-02,Successful,3166.53
1005182,703008,5020,2025-02-18,Successful,621.25
1005183,700846,5024,2024-04-21,Successful,1370.45
1005184,704179,5028,2021-03-28,Successful,1229.58
1005185,704101,5005,2024-07-28,Successful,547.38
1005186,705712,5010,2021-01-22,Successful,775.96
1005187,706211,5034,2024-02-08,Successful,648.63
1005188,701600,5009,2021-10-19,Successful,1403.14
1005189,702586,5019,2024-03-07,Successful,630.88
1005190,700023,5013,2024-10-02,Successful,611.49
1005191,706218,5010,2024-02-26,Successful,1323.21
1005192,702742,5012,2021-03-14,Successful,328.21
1005193,704524,5018,2025-07-28,Successful,1608.9
1005194,701779,5014,2024-10-17,Successful,1620.05
1005195,704959,5035,2021-08-25,Successful,324.16
1005196,701963,5015,2021-07-15,Successful,961.18
1005197,704894,5038,2025-06-13,Complication,2301.18
1005198,704862,5002,2023-02-06,Successful,1465.76
1005199,703129,5025,2025-02-20,Successful,1039.26
1005200,703317,5033,2025-03-13,Successful,175.92
1005201,701509,5024,2021-07-16,Successful,1821.62
1005202,703546,5020,2021-07-02,Successful,2878.48
1005203,702739,5040,2021-04-06,Successful,1497.62
1005204,700166,5020,2025-04-20,Successful,2020.06
1005205,705119,5004,2025-11-20,Successful,1515.33
1005206,700930,5018,2022-05-26,Successful,1482.62
1005207,702961,5039,2024-05-16,Successful,660.78
1005208,701175,5038,2023-02-14,Successful,1392.07
1005209,703373,5020,2022-10-28,Cancelled,630.77
1005210,704191,5012,2021-11-21,Successful,725.96
1005211,701271,5013,2025-11-21,Successful,831.71
1005212,702357,5008,2022-09-13,Successful,1034.89
1005213,701126,5010,2025-07-28,Successful,1064.03
1005214,704295,5022,2025-02-03,Successful,2729.58
1005215,700308,5001,2021-08-29,Successful,904.9
1005216,705001,5003,2022-07-20,Successful,864.0
1005217,704704,5036,2023-07-05,Successful,996.5
1005218,700315,5029,2022-05-12,Successful,690.78
1005219,704536,5013,2021-03-13,Successful,1109.77
1005220,702469,5034,2023-01-03,Successful,4540.54
1005221,701188,5008,2022-02-07,Successful,658.84
1005222,705591,5007,2023-10-17,Successful,674.97
1005223,704272,5027,2024-04-27,Successful,1641.45
1005224,701389,5008,2021-11-03,Successful,756.23
1005225,704580,5003,2021-05-17,Successful,909.15
1005226,701759,5039,2025-08-24,Successful,682.56
1005227,705164,5023,2021-05-04,Successful,673.11
1005228,705129,5032,2024-12-25,Cancelled,2872.28
1005229,701729,5038,2022-04-18,Successful,783.36
1005230,703166,5006,2022-08-29,Successful,1661.68
1005231,704894,5040,2022-05-21,Successful,3104.44
1005232,706065,5034,2024-03-12,Successful,4800.25
1005233,705255,5018,2021-02-22,Complication,2195.47
1005234,705202,5031,2024-09-27,Successful,3309.27
1005235,700185,5025,2021-08-13,Successful,1183.87
1005236,701205,5016,2025-07-09,Successful,1018.81
1005237,706038,5025,2021-07-09,Successful,507.41
1005238,702772,5028,2025-09-22,Successful,708.56
1005239,706395,5020,2021-12-30,Successful,1630.98
1005240,702986,5011,2025-12-24,Successful,1302.31
1005241,701385,5008,2024-11-10,Successful,1385.76
1005242,701880,5001,2025-08-09,Successful,591.6
1005243,704717,5031,2023-11-01,Successful,443.78
1005244,704168,5023,2023-10-04,Successful,3829.43
1005245,701907,5017,2024-08-26,Successful,2510.87
1005246,700923,5020,2023-07-02,Successful,2251.11
1005247,705426,5012,2023-09-09,Successful,1238.93
1005248,700748,5021,2023-03-10,Successful,645.01
1005249,705910,5019,2024-04-01,Complication,1026.94
1005250,702523,5025,2021-12-26,Successful,587.26
1005251,705115,5011,2021-06-06,Successful,759.69
1005252,703950,5013,2023-03-18,Successful,1165.93
1005253,702194,5003,2022-09-20,Successful,1029.0
1005254,706176,5007,2022-06-16,Successful,572.39
1005255,705590,5002,2023-01-22,Complication,1889.5
1005256,704521,5033,2022-10-02,Successful,823.76
1005257,705945,5021,2022-01-29,Successful,515.03
1005258,700499,5030,2021-06-18,Cancelled,731.7
1005259,706252,5034,2025-03-08,Successful,609.14
1005260,701760,5003,2022-09-17,Successful,
1005261,705192,5025,2022-06-20,Successful,849.45
1005262,705584,5036,2024-11-29,Successful,734.45
1005263,704335,5024,2025-09-03,Successful,1081.92
1005264,704399,5025,2024-02-27,Successful,674.66
1005265,705509,5005,2022-01-22,Successful,2576.95
1005266,704107,5022,2025-01-07,Successful,688.32
1005267,705467,5039,2022-10-25,Successful,756.8
1005268,703332,5029,2021-01-09,Successful,364.06
1005269,704866,5035,2024-09-06,Successful,436.32
1005270,702866,5036,2024-11-13,Complication,2279.28
1005271,704420,5027,2023-03-30,Successful,1283.45
1005272,703647,5009,2022-03-24,Successful,3513.02
1005273,706410,5018,2023-12-28,Successful,859.26
1005274,704702,5036,2022-06-13,Successful,1376.17
1005275,705266,5006,2021-01-29,Successful,1114.77
1005276,704619,5017,2023-02-02,Successful,420.12
1005277,703552,5005,2025-12-21,Successful,930.15
1005278,701703,5011,2021-08-23,Successful,545.02
1005279,704746,5030,2025-02-18,Successful,422.4
1005280,705631,5013,2023-04-05,Successful,3650.38
1005281,702416,5004,2023-08-23,Successful,1513.57
1005282,702413,5015,2023-12-12,Successful,755.53
1005283,704383,5001,2025-09-15,Successful,841.46
1005284,700797,5035,2023-12-20,Successful,4961.42
1005285,702911,5035,2022-05-01,Successful,1032.61
1005286,704199,5038,2023-09-16,Successful,779.21
1005287,701555,5038,2023-08-03,Successful,5241.85
1005288,704937,5032,2022-12-06,Successful,886.84
1005289,705508,5017,2025-08-09,Successful,1883.0
1005290,705853,5037,2024-01-11,Successful,1712.5
1005291,700691,5021,2025-07-11,Cancelled,529.98
1005292,702055,5015,2024-12-14,Successful,1677.36
1005293,701468,5021,2024-10-05,Successful,341.19
1005294,701167,5017,2024-12-22,Successful,3793.44
1005295,705706,5015,2022-01-16,Successful,807.21
1005296,706058,5030,2024-02-27,Successful,1356.1
1005297,703413,5040,2022-06-02,Complication,1055.97
1005298,701280,5039,2025-11-01,Complication,1578.36
1005299,704094,5029,2024-09-01,Successful,2587.12
1005300,700886,5026,2025-01-02,Successful,1630.06
1005301,703262,5011,2023-05-14,Successful,832.09
1005302,702943,5007,2021-12-02,Successful,2347.0
1005303,700798,5030,2024-07-19,Successful,1611.05
1005304,705052,5032,2023-12-12,Complication,2387.97
1005305,701792,5036,2021-10-02,Successful,4033.83
1005306,704619,5004,2023-03-06,Successful,6192.25
1005307,704514,5006,2021-07-04,Successful,1601.77
1005308,705097,5007,2025-08-06,Successful,839.54
1005309,704499,5031,2024-10-26,Successful,2718.16
1005310,702261,5030,2021-08-07,Successful,631.03
1005311,703228,5012,2024-06-20,Successful,1396.4
1005312,705659,5036,2025-10-03,Successful,646.42
1005313,703654,5005,2022-07-10,Successful,981.94
1005314,705142,5017,2022-10-29,Successful,1969.15
1005315,700778,5033,2024-06-14,Successful,1202.83
1005316,705612,5020,2025-01-23,Successful,1215.94
1005317,705725,5039,2022-06-16,Successful,1309.25
1005318,702197,5029,2024-11-22,Successful,671.79
1005319,705450,5008,2023-04-13,Successful,441.7
1005320,704718,5006,2023-08-14,Successful,588.66
1005321,705967,5017,2022-11-06,Successful,1299.94
1005322,703372,5038,2025-09-20,Successful,341.09
1005323,700264,5014,2022-11-19,Successful,414.58
1005324,700767,5040,2021-01-24,Successful,1975.97
1005325,705758,5027,2023-02-13,Successful,191.84
1005326,703214,5028,2025-06-22,Successful,792.3
1005327,706293,5006,2025-06-23,Successful,454.01
1005328,700569,5006,2022-03-19,Successful,1641.46
1005329,702813,5024,2025-11-24,Successful,2408.82
1005330,704270,5007,2023-07-22,Successful,2132.1
1005331,704413,5003,2022-08-20,Successful,517.34
1005332,700272,5001,2025-10-01,Successful,1352.34
1005333,704988,5009,2021-06-23,Successful,1053.55
1005334,705289,5004,2024-02-15,Successful,396.22
1005335,705806,5030,2022-08-10,Successful,1877.93
1005336,702896,5014,2021-04-17,Successful,1004.28
1005337,702949,5015,2021-08-22,Successful,363.79
1005338,700010,5022,2023-02-13,Successful,810.94
1005339,704411,5039,2022-07-10,Complication,1386.66
1005340,705841,5033,2022-07-07,Successful,1883.95
1005341,700694,5014,2024-06-22,Successful,917.19
1005342,703825,5024,2021-11-11,Cancelled,215.42
1005343,703181,5022,2021-04-15,Successful,1064.06
1005344,705564,5038,2023-10-08,Successful,1879.74
1005345,700131,5040,2021-12-06,Successful,275.56
1005346,701252,5036,2021-09-08,Successful,258.68
1005347,704172,5022,2021-04-15,Complication,961.04
1005348,705836,5016,2024-11-20,Successful,2992.93
1005349,703092,5027,2025-02-23,Successful,1068.07
1005350,703884,5038,2025-01-10,Successful,2381.06
1005351,701128,5026,2023-11-02,Successful,1044.97
1005352,700333,5020,2024-04-01,Successful,1039.92
1005353,701429,5019,2024-06-10,Successful,524.53
1005354,703160,5010,2021-12-10,Successful,974.26
1005355,705289,5009,2023-11-04,Successful,925.54
1005356,706280,5026,2023-08-13,Successful,824.07
1005357,704037,5025,2024-07-06,Successful,629.9
1005358,702092,5033,2021-09-24,Complication,659.32
1005359,705940,5029,2024-01-10,Complication,2982.47
1005360,703340,5036,2025-10-14,Successful,616.26
1005361,700496,5030,2025-08-27,Successful,1698.34
1005362,703765,5034,2023-09-06,Successful,1612.72
1005363,702766,5031,2021-05-03,Successful,1182.01
1005364,703500,5005,2024-04-23,Successful,758.17
1005365,702630,5003,2024-03-08,Complication,2264.74
1005366,703369,5039,2023-05-26,Successful,3046.9
1005367,702971,5007,2023-03-30,Successful,589.96
1005368,706290,5016,2025-05-16,Successful,1062.69
1005369,701186,5033,2024-02-06,Successful,784.95
1005370,705930,5009,2022-12-08,Complication,2026.64
1005371,703270,5028,2021-09-13,Successful,794.31
1005372,700891,5004,2024-03-23,Successful,1491.45
1005373,703103,5009,2024-10-30,Successful,936.42
1005374,704863,5003,2025-06-03,Successful,771.61
1005375,701279,5009,2025-03-31,Successful,1994.61
1005376,701527,5021,2023-12-15,Successful,990.06
1005377,705431,5039,2022-08-05,Complication,709.0
1005378,700311,5034,2021-07-05,Successful,3859.7
1005379,700718,5006,2022-02-12,Complication,891.73
1005380,703991,5001,2022-05-05,Successful,3014.84
1005381,705437,5024,2025-11-14,Successful,1624.11
1005382,702582,5031,2022-08-04,Successful,1332.75
1005383,704164,5006,2021-08-27,Complication,1175.55
1005384,706094,5013,2022-10-21,Successful,929.89
1005385,700701,5009,2023-11-12,Successful,638.31
1005386,700587,5039,2024-12-24,Successful,677.08
1005387,700341,5004,2021-12-12,Complication,610.35
1005388,703499,5015,2024-07-22,Cancelled,2891.8
1005389,704201,5027,2023-05-06,Successful,1971.07
1005390,705399,5013,2023-01-30,Successful,987.78
1005391,704395,5040,2025-09-25,Successful,212.9
1005392,700897,5034,2022-08-07,Successful,1613.75
1005393,701077,5038,2025-01-02,Cancelled,887.78
1005394,705244,5024,2025-12-21,Complication,1334.64
1005395,705719,5005,2023-12-18,Successful,2820.16
1005396,705175,5015,2023-01-18,Successful,1495.18
1005397,706251,5032,2021-06-07,Successful,1850.16
1005398,704145,5021,2022-04-27,Complication,871.18
1005399,702942,5038,2024-04-24,Successful,564.3
1005400,705988,5040,2021-04-09,Successful,1268.68
1005401,702472,5005,2021-07-25,Successful,1825.93
1005402,704944,5040,2021-04-16,Successful,2324.77
1005403,706065,5002,2021-09-16,Successful,384.13
1005404,700703,5022,2021-06-10,Successful,572.62
1005405,705338,5022,2021-08-20,Complication,999.65
1005406,703683,5040,2021-09-29,Successful,788.91
1005407,701638,5029,2023-01-05,Successful,1225.67
1005408,701151,5027,2022-10-08,Successful,325.1
1005409,706199,5029,2024-08-27,Complication,2695.15
1005410,703683,5026,2021-07-10,Successful,414.78
1005411,702162,5029,2025-04-24,Complication,529.33
1005412,703969,5005,2025-05-07,Successful,1042.58
1005413,702186,5031,2022-01-25,Successful,465.0
1005414,705854,5027,2021-01-25,Successful,2286.88
1005415,702309,5002,2021-10-31,Successful,1145.99
1005416,703933,5039,2024-07-03,Successful,1280.35
1005417,704685,5039,2021-06-26,Successful,366.19
1005418,702383,5010,2022-05-02,Successful,1288.71
1005419,701888,5023,2024-09-17,Successful,811.79
1005420,704684,5014,2022-08-16,Successful,424.16
1005421,705161,5007,2022-11-05,Successful,995.36
1005422,706324,5008,2025-02-22,Successful,4720.53
1005423,701689,5023,2022-06-24,Successful,368.99
1005424,704708,5012,2025-09-03,Successful,4601.42
1005425,700707,5033,2021-03-23,Successful,3250.05
1005426,704460,5009,2024-07-19,Successful,401.56
1005427,704325,5036,2022-05-13,Complication,2192.35
1005428,705461,5023,2022-01-13,Successful,1551.65
1005429,705954,5020,2023-12-09,Successful,2527.24
1005430,704382,5030,2023-10-05,Successful,1401.06
1005431,700635,5021,2025-07-11,Successful,374.23
1005432,703583,5004,2022-01-01,Successful,986.13
1005433,701064,5040,2023-09-28,Complication,970.37
1005434,703837,5033,2022-11-12,Successful,1605.74
1005435,701930,5019,2021-11-14,Successful,1379.67
1005436,700959,5021,2022-10-22,Successful,613.48
1005437,700158,5010,2021-08-15,Successful,1759.51
1005438,703676,5004,2022-05-26,Complication,159.09
1005439,702468,5025,2023-07-29,Successful,713.2
1005440,702187,5010,2025-07-17,Successful,932.67
1005441,702753,5013,2021-01-29,Successful,1418.96
1005442,701621,5007,2023-12-26,Successful,1901.2
1005443,706298,5029,2022-07-21,Successful,488.63
1005444,701740,5024,2021-01-09,Successful,1895.6
1005445,706416,5015,2023-08-13,Successful,726.29
1005446,706292,5012,2022-03-21,Successful,1858.65
1005447,701383,5039,2022-10-16,Successful,501.77
1005448,701657,5032,2024-05-07,Successful,2444.64
1005449,705645,5027,2024-05-11,Successful,2584.14
1005450,703932,5001,2024-07-24,Successful,1829.09
1005451,705045,5032,2025-12-07,Successful,2022.65
1005452,703156,5033,2023-05-11,Successful,566.92
1005453,706477,5035,2022-01-26,Successful,499.44
1005454,704931,5032,2024-11-04,Successful,834.99
1005455,700256,5029,2023-10-20,Successful,1427.52
1005456,702886,5038,2023-04-27,Successful,512.67
1005457,701096,5032,2022-01-11,Successful,2474.87
1005458,704151,5022,2022-11-22,Successful,835.93
1005459,703901,5007,2021-12-25,Successful,1578.22
1005460,702675,5032,2023-12-11,Complication,5251.27
1005461,704807,5025,2025-06-03,Successful,1730.06
1005462,703213,5006,2022-04-25,Cancelled,1343.1
1005463,702796,5001,2023-03-03,Successful,1079.66
1005464,706072,5005,2022-05-06,Successful,2542.01
1005465,704660,5037,2022-11-03,Successful,981.66
1005466,705368,5034,2023-09-12,Successful,287.29
1005467,704768,5001,2023-11-07,Successful,474.18
1005468,706359,5014,2021-09-20,Successful,672.62
1005469,705829,5018,2022-09-26,Successful,1743.68
1005470,702027,5010,2022-12-20,Successful,652.35
1005471,705340,5023,2025-08-15,Successful,909.92
1005472,704972,5002,2025-06-24,Successful,1729.58
1005473,706294,5022,2021-07-05,Successful,2253.63
1005474,705685,5026,2023-09-18,Successful,1004.7
1005475,703645,5023,2024-02-26,Successful,636.43
1005476,703536,5020,2024-11-02,Successful,1201.95
1005477,704472,5031,2022-07-05,Successful,5710.85
1005478,701655,5015,2023-11-24,Successful,602.66
1005479,700225,5035,2025-06-09,Complication,2189.19
1005480,700889,5007,2021-01-11,Successful,1136.74
1005481,700039,5028,2025-01-05,Successful,1505.29
1005482,700995,5028,2021-06-06,Successful,776.98
1005483,705099,5023,2023-05-20,Successful,1816.93
1005484,701317,5019,2022-04-05,Successful,358.41
1005485,700911,5009,2023-09-20,Successful,3629.41
1005486,701284,5004,2024-11-10,Successful,678.52
1005487,705055,5007,2024-08-13,Cancelled,675.15
1005488,702183,5023,2025-09-07,Successful,1605.27
1005489,700543,5039,2021-10-27,Successful,876.71
1005490,703803,5004,2025-02-09,Complication,201.8
1005491,702768,5007,2023-01-23,Successful,846.05
1005492,703293,5010,2022-12-25,Cancelled,1790.3
1005493,702623,5001,2021-09-16,Complication,229.11
1005494,703209,5013,2022-08-11,Successful,659.07
1005495,703376,5004,2023-05-05,Successful,3019.07
1005496,704986,5034,2023-08-29,Successful,1132.43
1005497,701922,5005,2023-08-21,Successful,863.43
1005498,704117,5007,2022-11-09,Complication,658.53
1005499,702409,5015,2024-12-18,Successful,3766.78
1005500,701090,5016,2021-10-11,Cancelled,1521.65
1005501,701321,5030,2022-11-08,Successful,807.1
1005502,702064,5029,2024-06-16,Successful,588.88
1005503,705292,5031,2023-09-11,Successful,2005.95
1005504,706112,5007,2023-05-12,Successful,1567.58
1005505,702397,5006,2025-12-08,Successful,687.95
1005506,700307,5022,2022-10-16,Complication,382.57
1005507,704383,5005,2022-10-09,Successful,1357.83
1005508,704493,5015,2022-08-13,Successful,434.66
1005509,703726,5013,2021-03-07,Successful,1021.73
1005510,700866,5005,2023-03-05,Successful,505.19
1005511,705022,5022,2023-06-24,Successful,2031.96
1005512,704388,5034,2024-07-06,Successful,343.32
1005513,703735,5009,2021-11-20,Successful,3606.92
1005514,701546,5015,2022-04-06,Successful,1218.49
1005515,703322,5006,2022-04-11,Successful,333.45
1005516,701099,5007,2022-05-09,Successful,1713.1
1005517,701916,5006,2025-03-31,Complication,521.41
1005518,700245,5013,2023-10-18,Successful,1412.5
1005519,701909,5037,2025-11-20,Successful,2030.09
1005520,703118,5036,2023-04-22,Complication,1418.01
1005521,702088,5010,2022-10-23,Successful,1932.5
1005522,700459,5004,2023-02-08,Successful,724.2
1005523,701938,5038,2022-02-27,Successful,1249.54
1005524,701958,5028,2025-08-20,Complication,934.53
1005525,704404,5023,2025-06-26,Successful,404.66
1005526,704164,5018,2022-12-02,Successful,757.44
1005527,703937,5032,2024-09-20,Successful,581.73
1005528,702192,5035,2021-01-17,Successful,1629.94
1005529,703963,5024,2022-08-26,Successful,452.68
1005530,705086,5031,2022-01-06,Successful,758.45
1005531,701087,5003,2024-06-04,Successful,533.86
1005532,704962,5021,2022-03-27,Successful,754.26
1005533,703969,5021,2022-02-28,Successful,3675.56
1005534,706251,5015,2022-01-06,Successful,1221.66
1005535,702958,5007,2024-12-05,Successful,1187.42
1005536,705723,5027,2025-07-02,Successful,781.4
1005537,701117,5012,2022-05-13,Successful,791.32
1005538,703273,5004,2025-09-24,Successful,660.9
1005539,702519,5025,2022-11-29,Successful,368.94
1005540,704659,5032,2023-03-29,Successful,1195.77
1005541,700476,5011,2023-01-03,Successful,398.66
1005542,702778,5033,2025-07-01,Successful,435.61
1005543,703854,5038,2025-03-02,Cancelled,899.37
1005544,700825,5038,2021-12-15,Successful,1202.18
1005545,704177,5003,2024-06-28,Successful,2920.96
1005546,706054,5006,2023-12-10,Successful,1883.71
1005547,701602,5033,2021-11-04,Successful,1569.86
1005548,704741,5001,2022-07-27,Successful,1345.24
1005549,705735,5038,2023-06-11,Successful,1602.14
1005550,701230,5033,2021-11-29,Successful,935.32
1005551,705988,5022,2023-07-16,Complication,472.02
1005552,705416,5008,2021-12-31,Successful,971.85
1005553,703948,5008,2022-02-15,Successful,863.08
1005554,703273,5002,2025-10-11,Successful,2264.84
1005555,702724,5014,2021-08-17,Successful,1757.29
1005556,703937,5005,2022-03-25,Successful,638.97
1005557,703099,5014,2023-01-04,Successful,1710.5
1005558,705327,5024,2021-02-05,Successful,780.86
1005559,703001,5008,2023-03-03,Complication,2072.0
1005560,701243,5008,2022-01-26,Successful,1284.53
1005561,705235,5039,2021-12-26,Successful,811.81
1005562,703977,5040,2025-03-13,Successful,1148.54
1005563,700228,5025,2025-04-27,Successful,250.8
1005564,703244,5008,2024-03-25,Successful,964.67
1005565,700888,5037,2024-11-05,Cancelled,877.57
1005566,705442,5012,2022-07-15,Successful,1000.1
1005567,702321,5011,2023-10-08,Complication,2831.36
1005568,701299,5001,2021-05-26,Successful,2338.12
1005569,700571,5019,2021-08-10,Successful,154.7
1005570,705559,5018,2025-02-27,Successful,745.32
1005571,705816,5002,2022-06-07,Successful,577.19
1005572,706147,5017,2024-06-10,Successful,2264.51
1005573,703639,5002,2021-01-18,Successful,318.41
1005574,704782,5018,2025-03-02,Successful,2349.85
1005575,700191,5039,2024-11-03,Successful,954.41
1005576,701821,5011,2022-08-30,Successful,849.64
1005577,704883,5013,2022-07-13,Successful,1167.02
1005578,702581,5013,2022-03-03,Successful,347.72
1005579,700519,5028,2021-11-23,Successful,1133.39
1005580,703376,5016,2023-09-11,Successful,458.22
1005581,700282,5026,2024-05-20,Successful,3344.5
1005582,703399,5003,2021-07-02,Successful,764.65
1005583,706422,5010,2021-09-04,Successful,2401.05
1005584,705657,5017,2023-09-13,Successful,1086.4
1005585,703553,5003,2021-06-30,Successful,188.9
1005586,701403,5006,2022-05-12,Successful,5854.11
1005587,703357,5019,2024-10-21,Successful,1821.94
1005588,703220,5030,2022-09-26,Successful,775.11
1005589,703425,5015,2023-04-30,Successful,295.44
1005590,706350,5025,2023-02-04,Successful,415.18
1005591,701450,5011,2023-01-13,Cancelled,1340.17
1005592,705431,5026,2021-07-08,Successful,460.23
1005593,704181,5022,2022-10-13,Successful,603.94
1005594,706269,5033,2025-01-02,Successful,2033.72
1005595,703922,5015,2025-05-19,Complication,2568.78
1005596,702053,5035,2021-01-03,Successful,892.95
1005597,705369,5025,2025-11-10,Successful,1061.81
1005598,701259,5022,2023-02-02,Successful,1262.52
1005599,700902,5010,2021-02-01,Cancelled,3416.99
1005600,705880,5016,2021-01-30,Successful,2748.48
1005601,702750,5025,2021-12-14,Successful,4151.02
1005602,705717,5009,2024-10-24,Successful,1845.41
1005603,702460,5022,2023-07-06,Successful,873.4
1005604,702587,5014,2025-04-18,Successful,1386.99
1005605,705926,5036,2021-05-09,Successful,2737.39
1005606,702312,5002,2025-10-13,Successful,720.09
1005607,703333,5022,2022-03-26,Successful,842.78
1005608,705875,5021,2021-07-06,Successful,1180.05
1005609,703533,5007,2021-09-23,Successful,2102.91
1005610,703686,5033,2022-04-15,Successful,544.2
1005611,700745,5035,2021-08-25,Successful,574.21
1005612,703018,5026,2025-05-21,Successful,400.4
1005613,705682,5006,2023-10-20,Successful,385.16
1005614,702504,5015,2022-02-10,Successful,1481.93
1005615,704238,5034,2023-08-30,Successful,1231.63
1005616,702794,5001,2023-03-14,Successful,1562.49
1005617,702550,5039,2021-03-23,Successful,1032.97
1005618,702293,5028,2023-01-30,Successful,1295.69
1005619,700861,5017,2024-07-22,Successful,370.11
1005620,702176,5031,2022-11-11,Cancelled,2011.85
1005621,704274,5018,2022-10-31,Successful,1341.88
1005622,703426,5016,2024-04-12,Successful,1340.93
1005623,701348,5015,2025-09-11,Successful,656.94
1005624,701299,5009,2021-08-30,Successful,1574.41
1005625,704888,5033,2023-08-18,Successful,661.14
1005626,705620,5033,2024-08-15,Successful,3984.47
1005627,700591,5040,2022-10-08,Successful,1037.24
1005628,705582,5008,2021-10-28,Successful,933.81
1005629,705247,5013,2022-11-28,Successful,1367.9
1005630,704677,5016,2023-10-22,Successful,376.62
1005631,705370,5012,2025-04-24,Successful,329.03
1005632,702669,5029,2021-11-24,Complication,1162.83
1005633,705615,5022,2023-07-07,Successful,4018.26
1005634,703840,5026,2022-05-08,Successful,653.79
1005635,702051,5028,2022-06-19,Successful,1464.08
1005636,705889,5027,2025-09-15,Successful,1183.01
1005637,704206,5012,2025-08-16,Complication,3033.41
1005638,704441,5023,2022-05-12,Successful,862.27
1005639,705952,5002,2022-07-19,Cancelled,1642.72
1005640,704911,5015,2021-07-17,Successful,1977.45
1005641,701309,5004,2023-12-17,Successful,327.07
1005642,703990,5010,2024-08-21,Successful,3230.86
1005643,704349,5027,2025-11-01,Successful,1098.9
1005644,705750,5019,2022-09-29,Successful,865.65
1005645,702960,5029,2022-11-02,Successful,372.26
1005646,703264,5007,2022-10-15,Successful,386.43
1005647,702885,5036,2021-11-26,Successful,424.98
1005648,701704,5040,2021-01-30,Successful,1127.15
1005649,704589,5004,2022-10-17,Successful,10905.24
1005650,701779,5023,2025-08-20,Successful,1315.6
1005651,702031,5014,2024-04-28,Successful,2179.98
1005652,700735,5021,2025-08-06,Complication,144.98
1005653,703437,5005,2021-05-23,Successful,1576.37
1005654,701091,5007,2021-06-14,Cancelled,1453.68
1005655,704174,5015,2025-07-18,Successful,461.18
1005656,700404,5037,2025-05-27,Successful,548.19
1005657,702672,5002,2024-01-17,Successful,2312.92
1005658,704250,5036,2022-05-22,Successful,6233.28
1005659,706442,5024,2022-05-01,Successful,1340.22
1005660,702913,5034,2021-04-30,Successful,1413.52
1005661,706151,5036,2024-10-14,Successful,3013.44
1005662,705155,5030,2024-11-15,Cancelled,322.25
1005663,702431,5015,2025-11-22,Successful,633.09
1005664,701283,5014,2024-11-23,Successful,1530.6
1005665,702854,5003,2025-12-15,Successful,451.46
1005666,706230,5012,2022-06-24,Successful,2708.59
1005667,702315,5012,2022-01-15,Cancelled,1208.08
1005668,704279,5014,2024-11-23,Successful,479.28
1005669,705645,5036,2025-08-08,Successful,3181.84
1005670,705419,5026,2021-12-06,Successful,532.66
1005671,704231,5002,2024-02-04,Complication,1150.7
1005672,703328,5028,2024-01-21,Successful,1472.72
1005673,700255,5005,2025-10-21,Successful,656.51
1005674,705933,5024,2025-07-18,Successful,1552.31
1005675,704521,5027,2024-11-14,Successful,1418.36
1005676,703851,5032,2022-11-06,Successful,471.91
1005677,705437,5019,2023-10-04,Cancelled,647.44
1005678,704691,5037,2025-04-25,Successful,2344.34
1005679,704168,5022,2024-08-14,Successful,740.85
1005680,706170,5029,2022-10-12,Successful,913.42
1005681,704553,5008,2021-03-27,Successful,4481.92
1005682,702544,5012,2024-02-16,Successful,2355.69
1005683,705205,5029,2024-08-16,Cancelled,1270.62
1005684,705269,5009,2021-12-07,Successful,707.43
1005685,701842,5013,2023-04-07,Successful,1311.62
1005686,704555,5028,2024-12-04,Successful,655.42
1005687,702292,5007,2021-04-29,Successful,412.43
1005688,705339,5021,2022-09-26,Cancelled,686.01
1005689,701449,5024,2021-01-12,Successful,846.38
1005690,704736,5015,2021-10-30,Complication,912.71
1005691,704216,5029,2021-02-02,Complication,1215.9
1005692,701699,5029,2022-04-24,Successful,353.26
1005693,705247,5031,2022-05-25,Complication,1059.7
1005694,703762,5037,2023-02-05,Successful,2064.88
1005695,702956,5010,2022-08-03,Successful,10709.17
1005696,701082,5008,2024-02-01,Cancelled,1393.58
1005697,704696,5009,2022-06-01,Successful,821.79
1005698,704095,5005,2022-02-12,Successful,535.39
1005699,700711,5019,2025-01-02,Successful,641.22
1005700,703808,5008,2025-08-24,Successful,424.08
1005701,705689,5024,2022-11-12,Successful,1478.81
1005702,701759,5001,2023-12-18,Successful,1685.01
1005703,701705,5014,2021-08-24,Successful,750.98
1005704,701432,5022,2021-10-27,Cancelled,
1005705,701040,5006,2025-05-02,Successful,2364.32
1005706,701528,5025,2022-08-19,Successful,949.94
1005707,702612,5034,2024-05-09,Successful,2183.96
1005708,701978,5004,2021-06-09,Successful,796.12
1005709,705273,5018,2021-10-10,Successful,1423.48
1005710,700875,5004,2025-01-21,Successful,2433.28
1005711,706410,5017,2021-06-11,Successful,801.68
1005712,700224,5029,2023-07-13,Successful,1405.46
1005713,701620,5026,2023-12-21,Successful,456.29
1005714,705919,5006,2021-01-25,Successful,283.17
1005715,705273,5028,2022-11-28,Successful,357.78
1005716,701629,5035,2025-02-07,Successful,863.82
1005717,700476,5021,2021-04-23,Successful,1928.0
1005718,704058,5003,2021-08-23,Complication,1076.22
1005719,700030,5034,2024-08-14,Successful,769.57
1005720,703869,5032,2021-12-16,Complication,5497.2
1005721,703553,5010,2023-11-23,Successful,1814.13
1005722,701667,5028,2025-08-01,Successful,1070.14
1005723,704310,5001,2025-03-18,Successful,1756.14
1005724,700807,5012,2021-12-18,Successful,1784.38
1005725,703778,5026,2024-11-29,Successful,1528.6
1005726,704201,5002,2022-02-09,Successful,190.05
1005727,704982,5021,2025-11-12,Successful,419.57
1005728,705499,5007,2022-03-10,Successful,1649.31
1005729,700421,5032,2021-05-19,Successful,923.26
1005730,705244,5022,2025-06-16,Successful,3818.0
1005731,702118,5009,2021-08-07,Successful,2289.15
1005732,702380,5026,2024-06-03,Complication,629.36
1005733,701939,5006,2021-04-02,Successful,1113.69
1005734,705231,5040,2023-12-16,Successful,2228.98
1005735,701303,5025,2021-10-04,Successful,3190.85
1005736,703772,5020,2025-04-27,Successful,3239.96
1005737,700092,5006,2021-12-19,Successful,1713.73
1005738,703860,5027,2024-01-16,Successful,1846.26
1005739,703818,5006,2024-08-20,Successful,405.35
1005740,704441,5013,2022-03-26,Successful,1386.96
1005741,703250,5030,2025-06-01,Successful,1172.26
1005742,705309,5029,2024-05-11,Successful,1728.95
1005743,700067,5039,2025-05-25,Successful,423.74
1005744,700768,5002,2024-05-23,Successful,1118.45
1005745,703770,5009,2023-11-29,Successful,718.85
1005746,703350,5007,2021-07-02,Successful,535.89
1005747,704963,5032,2022-06-27,Successful,3228.7
1005748,704584,5033,2025-10-26,Successful,2553.1
1005749,701189,5025,2021-06-03,Successful,934.85
1005750,701102,5039,2022-10-27,Successful,286.62
1005751,706125,5024,2024-05-12,Successful,2139.58
1005752,704765,5022,2021-09-04,Successful,806.1
1005753,700735,5037,2025-11-04,Successful,633.38
1005754,705010,5005,2025-10-22,Complication,1228.63
1005755,705714,5019,2025-01-28,Successful,1035.92
1005756,700987,5015,2024-02-03,Successful,1060.98
1005757,705298,5027,2021-03-11,Successful,273.81
1005758,705355,5017,2024-11-29,Successful,3233.24
1005759,702750,5001,2024-08-08,Successful,1033.59
1005760,706473,5034,2023-10-26,Successful,807.0
1005761,702589,5031,2024-12-21,Successful,1858.37
1005762,705844,5020,2022-10-11,Complication,1575.64
1005763,701147,5018,2023-06-16,Successful,1756.91
1005764,706350,5032,2024-08-31,Successful,1056.48
1005765,701718,5017,2025-04-11,Successful,801.31
1005766,705175,5037,2024-07-03,Cancelled,787.97
1005767,704676,5008,2024-12-23,Successful,3801.73
1005768,704750,5035,2023-04-27,Cancelled,1314.32
1005769,702790,5028,2021-03-14,Successful,972.69
1005770,700130,5019,2023-05-11,Successful,1274.42
1005771,701957,5020,2023-07-07,Cancelled,1805.06
1005772,702831,5033,2025-05-13,Successful,1974.28
1005773,706184,5008,2023-02-07,Successful,865.56
1005774,700710,5032,2021-07-27,Successful,1389.44
1005775,701946,5035,2021-07-20,Successful,4212.76
1005776,702428,5022,2022-07-03,Successful,86.57
1005777,700570,5036,2023-09-01,Complication,2621.75
1005778,701457,5038,2021-11-24,Cancelled,805.57
1005779,703865,5024,2024-12-30,Successful,814.34
1005780,704101,5034,2023-09-01,Successful,499.1
1005781,706058,5034,2023-01-27,Successful,949.72
1005782,705681,5008,2022-03-15,Successful,1880.75
1005783,704280,5025,2025-12-03,Successful,4202.72
1005784,700151,5017,2022-04-19,Successful,453.23
1005785,706292,5039,2023-06-29,Successful,760.9
1005786,700812,5027,2022-07-14,Successful,2338.44
1005787,701253,5031,2022-11-17,Complication,4742.99
1005788,701191,5022,2021-03-31,Complication,360.55
1005789,703281,5003,2024-11-13,Successful,1473.47
1005790,704715,5004,2025-02-01,Successful,3537.12
1005791,701429,5024,2024-08-28,Successful,971.18
1005792,705872,5018,2021-07-21,Successful,2328.62
1005793,705235,5036,2024-09-30,Successful,1773.87
1005794,701917,5035,2025-03-16,Successful,2536.57
1005795,704207,5016,2023-10-06,Successful,3088.36
1005796,704387,5020,2025-08-13,Successful,721.71
1005797,700991,5010,2024-02-11,Successful,795.86
1005798,704884,5003,2023-07-03,Complication,3288.04
1005799,704800,5011,2023-10-08,Cancelled,462.88
1005800,700217,5028,2024-03-01,Successful,784.03
1005801,705592,5029,2025-11-26,Successful,459.21
1005802,704634,5011,2022-05-13,Successful,2816.78
1005803,703847,5017,2025-06-18,Successful,611.68
1005804,700429,5016,2023-02-08,Successful,694.15
1005805,703387,5013,2024-03-01,Successful,882.8
1005806,701953,5011,2022-05-02,Complication,525.89
1005807,704674,5037,2022-06-14,Complication,520.17
1005808,704465,5028,2023-07-14,Successful,1744.83
1005809,700902,5013,2021-04-27,Successful,366.19
1005810,700945,5012,2025-05-10,Successful,1215.34
1005811,701002,5021,2024-06-20,Complication,1307.01
1005812,705643,5005,2024-08-06,Successful,2416.89
1005813,703071,5031,2021-06-24,Successful,918.49
1005814,702096,5014,2022-09-04,Successful,1640.43
1005815,704860,5007,2021-07-04,Successful,3394.93
1005816,704058,5014,2023-06-27,Successful,801.99
1005817,702678,5014,2021-02-07,Successful,530.28
1005818,701076,5039,2025-04-14,Successful,698.44
1005819,701459,5029,2025-03-30,Successful,811.9
1005820,703679,5017,2025-07-06,Successful,867.67
1005821,701149,5040,2021-09-21,Successful,506.65
1005822,701521,5002,2021-02-24,Successful,607.6
1005823,702994,5014,2023-12-19,Successful,503.4
1005824,700842,5002,2024-08-06,Successful,162.12
1005825,705132,5006,2024-12-07,Successful,2296.95
1005826,703988,5028,2021-05-03,Successful,278.7
1005827,706145,5011,2025-06-14,Successful,2280.61
1005828,704819,5026,2023-08-31,Successful,
1005829,700534,5003,2022-04-22,Successful,881.97
1005830,701061,5007,2023-10-06,Successful,1259.01
1005831,706196,5034,2025-03-24,Successful,596.55
1005832,706445,5034,2023-04-17,Complication,1532.48
1005833,701823,5017,2024-03-14,Cancelled,1100.04
1005834,703957,5004,2022-11-23,Successful,2896.58
1005835,705061,5006,2025-03-02,Successful,1810.51
1005836,700430,5037,2025-07-15,Complication,2791.5
1005837,703395,5039,2024-04-04,Successful,1005.99
1005838,703240,5033,2022-01-15,Successful,1050.59
1005839,704029,5006,2022-08-31,Successful,548.43
1005840,702964,5013,2025-12-23,Successful,1435.72
1005841,701763,5005,2023-12-13,Successful,3349.78
1005842,700552,5017,2023-08-26,Successful,487.92
1005843,704689,5014,2021-10-01,Successful,839.64
1005844,701361,5023,2025-07-11,Complication,725.91
1005845,705163,5037,2023-06-13,Complication,2971.78
1005846,701092,5033,2025-10-08,Successful,405.96
1005847,702982,5009,2025-04-14,Successful,1435.02
1005848,703764,5034,2022-10-20,Successful,2389.2
1005849,705319,5033,2025-10-01,Successful,
1005850,701743,5007,2023-02-12,Successful,439.49
1005851,700755,5017,2024-09-21,Successful,426.78
1005852,703330,5037,2021-05-29,Successful,731.64
1005853,702903,5039,2024-02-25,Successful,753.34
1005854,705509,5003,2024-08-27,Successful,942.99
1005855,700876,5008,2022-11-03,Successful,2817.39
1005856,702588,5001,2025-10-21,Successful,1466.08
1005857,702972,5003,2024-12-14,Successful,751.7
1005858,704794,5008,2025-10-14,Successful,661.92
1005859,703084,5004,2024-01-14,Successful,384.55
1005860,701015,5037,2021-03-25,Successful,1034.46
1005861,701643,5009,2023-06-28,Successful,626.94
1005862,701046,5003,2025-08-06,Complication,474.95
1005863,706204,5022,2025-01-14,Successful,2217.51
1005864,704807,5008,2023-12-17,Successful,3426.46
1005865,705841,5037,2022-09-13,Successful,1735.28
1005866,704489,5014,2025-08-05,Successful,1917.39
1005867,705535,5006,2021-08-10,Complication,2281.26
1005868,703189,5020,2023-06-13,Successful,608.55
1005869,700711,5021,2024-01-21,Successful,1157.52
1005870,704273,5018,2024-03-02,Successful,1295.43
1005871,700482,5030,2021-10-28,Complication,214.46
1005872,701355,5004,2025-04-29,Successful,1422.21
1005873,706118,5001,2022-03-24,Successful,422.73
1005874,702489,5031,2022-09-07,Successful,2455.98
1005875,704555,5029,2021-08-28,Successful,1134.32
1005876,702841,5011,2023-12-31,Cancelled,3221.0
1005877,705597,5031,2025-06-15,Successful,659.49
1005878,705408,5011,2021-11-20,Successful,1453.62
1005879,703946,5022,2024-09-27,Successful,253.6
1005880,700693,5001,2022-03-02,Successful,3168.13
1005881,700034,5006,2025-11-10,Successful,1685.75
1005882,701494,5032,2022-06-25,Successful,1355.94
1005883,705938,5017,2024-09-18,Successful,2068.3
1005884,701847,5033,2021-10-31,Successful,777.7
1005885,703471,5016,2024-06-29,Successful,1742.99
1005886,700961,5007,2024-03-19,Complication,1952.24
1005887,702926,5029,2021-12-18,Successful,850.52
1005888,705574,5020,2021-02-01,Successful,518.54
1005889,705710,5008,2024-11-26,Successful,1733.45
1005890,701262,5036,2021-10-09,Successful,603.6
1005891,705067,5031,2024-02-19,Successful,908.38
1005892,705226,5029,2023-03-30,Successful,379.49
1005893,705456,5026,2022-05-02,Successful,2445.72
1005894,700190,5023,2025-07-03,Successful,1022.46
1005895,701767,5019,2024-02-01,Successful,831.1
1005896,700781,5015,2024-08-11,Successful,1198.85
1005897,706247,5007,2021-12-06,Successful,1458.62
1005898,704149,5032,2023-01-07,Successful,889.46
1005899,705209,5033,2023-09-22,Successful,1079.58
1005900,702868,5009,2023-08-10,Successful,999.19
1005901,702525,5040,2025-07-12,Complication,727.09
1005902,703284,5005,2021-07-26,Successful,1034.71
1005903,706154,5021,2023-09-08,Successful,1853.26
1005904,702759,5020,2023-07-01,Successful,983.71
1005905,700741,5033,2021-01-09,Successful,770.22
1005906,704361,5021,2023-01-09,Cancelled,311.17
1005907,700745,5026,2025-09-03,Complication,1825.66
1005908,703979,5031,2022-09-06,Successful,1224.97
1005909,701437,5025,2025-01-08,Successful,1080.43
1005910,704471,5008,2024-10-18,Successful,959.26
1005911,703419,5002,2022-06-11,Successful,323.19
1005912,704750,5029,2023-05-26,Successful,1299.54
1005913,701092,5037,2022-11-21,Successful,1450.49
1005914,700775,5019,2021-05-04,Successful,4360.59
1005915,703923,5009,2025-07-02,Successful,945.18
1005916,704482,5027,2022-01-01,Complication,1623.17
1005917,704361,5036,2021-01-05,Cancelled,1373.88
1005918,700813,5031,2025-05-12,Successful,1018.3
1005919,702004,5004,2024-07-19,Successful,620.11
1005920,706330,5022,2021-12-09,Successful,648.85
1005921,706121,5015,2022-09-27,Successful,642.06
1005922,700676,5016,2025-05-20,Successful,5044.27
1005923,700001,5016,2023-01-29,Successful,3331.91
1005924,704511,5028,2022-05-17,Successful,2219.45
1005925,701997,5017,2022-03-17,Complication,1416.01
1005926,700366,5018,2023-05-20,Successful,778.14
1005927,706236,5003,2022-10-09,Successful,595.78
1005928,704012,5038,2022-08-26,Successful,690.44
1005929,702734,5008,2023-01-05,Successful,78.09
1005930,703607,5024,2021-04-18,Successful,1265.69
1005931,704761,5002,2025-04-07,Complication,1840.59
1005932,705133,5019,2025-07-14,Successful,600.59
1005933,706298,5028,2021-04-28,Successful,1675.07
1005934,702844,5023,2021-07-01,Successful,565.13
1005935,700034,5023,2023-05-17,Successful,1287.25
1005936,702380,5004,2025-11-17,Successful,409.82
1005937,706024,5037,2024-11-24,Successful,1659.53
1005938,702438,5036,2021-03-03,Successful,647.1
1005939,701898,5012,2022-05-09,Successful,2746.69
1005940,704938,5010,2023-10-03,Successful,471.99
1005941,703075,5032,2025-06-07,Successful,3561.29
1005942,701857,5035,2022-05-16,Successful,
1005943,702421,5038,2021-10-12,Complication,2495.61
1005944,700953,5018,2021-05-28,Successful,3755.56
1005945,706188,5037,2023-01-24,Successful,1084.86
1005946,701959,5002,2023-01-05,Successful,1112.24
1005947,702582,5015,2021-04-29,Successful,1523.32
1005948,702671,5011,2021-12-25,Successful,2302.97
1005949,701630,5016,2024-02-27,Successful,4287.83
1005950,704158,5033,2024-10-24,Complication,827.94
1005951,700450,5035,2025-07-12,Complication,8010.17
1005952,704157,5014,2022-09-12,Successful,2248.05
1005953,702199,5030,2021-10-01,Successful,2040.63
1005954,704139,5020,2024-08-29,Successful,760.21
1005955,705269,5014,2023-01-29,Successful,423.77
1005956,700407,5018,2024-06-02,Successful,856.24
1005957,706058,5035,2021-11-28,Successful,1030.22
1005958,702371,5022,2023-09-04,Successful,5515.72
1005959,705502,5035,2021-08-26,Successful,403.76
1005960,704874,5015,2025-10-29,Successful,614.49
1005961,702721,5029,2024-09-02,Successful,3117.92
1005962,701144,5030,2024-12-23,Successful,2363.16
1005963,700431,5021,2022-05-27,Successful,553.23
1005964,705456,5036,2021-06-03,Successful,4282.67
1005965,700742,5011,2024-06-16,Successful,668.42
1005966,706357,5021,2021-09-14,Complication,785.94
1005967,706013,5040,2023-02-04,Successful,2994.51
1005968,706365,5029,2025-02-21,Successful,1063.76
1005969,700444,5005,2025-03-03,Successful,442.12
1005970,703187,5020,2021-07-19,Successful,933.45
1005971,705287,5011,2021-09-28,Successful,607.5
1005972,700760,5022,2022-06-23,Successful,2129.03
1005973,706309,5025,2023-08-29,Successful,4134.54
1005974,702135,5005,2021-02-10,Successful,1462.6
1005975,701403,5031,2024-07-12,Successful,1134.33
1005976,706030,5026,2025-08-08,Successful,1077.67
1005977,703751,5019,2023-12-16,Successful,1996.08
1005978,702902,5014,2022-03-03,Successful,599.39
1005979,700477,5025,2025-07-27,Successful,844.91
1005980,701367,5004,2021-06-26,Successful,6179.35
1005981,704860,5006,2024-07-23,Complication,1874.8
1005982,703051,5001,2024-03-04,Successful,967.19
1005983,705598,5016,2023-02-06,Successful,557.61
1005984,702423,5024,2023-05-06,Successful,1023.15
1005985,702247,5040,2022-08-21,Complication,387.69
1005986,701283,5038,2021-04-23,Successful,2622.64
1005987,706340,5011,2025-08-12,Successful,522.36
1005988,704324,5020,2023-08-28,Successful,1119.12
1005989,702206,5006,2022-02-10,Successful,1349.36
1005990,702732,5024,2022-05-12,Complication,825.83
1005991,704148,5027,2025-06-10,Successful,396.51
1005992,701996,5005,2024-04-18,Successful,5652.03
1005993,700487,5037,2025-12-27,Complication,825.72
1005994,704681,5021,2024-08-12,Successful,2196.24
1005995,703425,5008,2022-01-12,Successful,1218.95
1005996,702556,5018,2023-12-30,Successful,941.01
1005997,701197,5018,2023-06-27,Successful,474.58
1005998,705497,5025,2025-07-11,Successful,1596.92
1005999,703153,5036,2024-05-23,Successful,429.39
1006000,700898,5025,2023-11-17,Successful,476.52
1006001,706199,5006,2022-08-10,Successful,1968.98
1006002,705465,5030,2021-04-19,Successful,1744.51
1006003,703140,5014,2024-01-03,Successful,1251.1
1006004,705522,5023,2022-06-27,Successful,1415.2
1006005,700897,5017,2022-02-07,Successful,837.48
1006006,705533,5012,2021-10-24,Successful,1101.03
1006007,706174,5008,2021-06-22,Cancelled,732.72
1006008,701578,5016,2025-12-13,Successful,2667.56
1006009,705717,5004,2023-06-17,Complication,443.29
1006010,701728,5001,2021-12-21,Successful,2096.47
1006011,706379,5016,2023-03-31,Successful,1366.95
1006012,703543,5034,2024-10-23,Successful,308.29
1006013,703555,5004,2021-10-17,Successful,2465.09
1006014,700632,5004,2021-05-30,Successful,6331.32
1006015,703674,5019,2024-04-30,Successful,696.58
1006016,700193,5020,2022-09-07,Successful,1602.96
1006017,705136,5029,2022-12-27,Successful,800.88
1006018,705204,5018,2025-01-15,Successful,796.09
1006019,702920,5017,2023-07-29,Successful,948.71
1006020,701374,5027,2022-01-09,Successful,415.32
1006021,702197,5038,2021-05-06,Successful,1052.27
1006022,702668,5023,2024-12-07,Successful,2525.46
1006023,701293,5008,2024-09-03,Successful,1022.68
1006024,701994,5003,2025-04-22,Successful,939.8
1006025,700778,5027,2021-02-26,Successful,1929.04
1006026,701669,5021,2021-07-10,Complication,511.81
1006027,701749,5026,2021-06-12,Successful,1766.11
1006028,704123,5037,2024-12-24,Successful,742.03
1006029,702622,5038,2023-02-06,Successful,1490.52
1006030,706288,5024,2023-09-06,Successful,1219.62
1006031,705477,5026,2023-09-13,Successful,569.2
1006032,700685,5019,2021-10-07,Successful,868.94
1006033,701407,5016,2023-09-06,Successful,1273.28
1006034,704806,5006,2023-03-02,Successful,841.1
1006035,700576,5034,2024-10-14,Successful,666.22
1006036,703843,5013,2023-08-08,Successful,1324.58
1006037,704301,5040,2023-05-07,Complication,713.53
1006038,703915,5013,2023-01-02,Successful,673.43
1006039,700141,5035,2024-04-05,Successful,1354.7
1006040,702208,5029,2023-01-21,Successful,3345.75
1006041,702403,5040,2021-02-09,Successful,1572.92
1006042,706448,5004,2024-01-26,Complication,846.48
1006043,703978,5034,2021-08-29,Successful,738.99
1006044,702884,5039,2021-08-31,Successful,1048.06
1006045,701006,5003,2022-01-14,Successful,1971.23
1006046,704114,5028,2022-01-07,Successful,2599.87
1006047,705509,5003,2021-12-19,Successful,9575.6
1006048,702024,5025,2025-10-29,Successful,3497.95
1006049,701755,5037,2025-05-10,Successful,3182.14
1006050,701362,5002,2021-12-06,Successful,2422.9
1006051,704045,5005,2023-09-29,Successful,1516.61
1006052,706364,5003,2023-04-15,Successful,8238.19
1006053,703604,5002,2025-07-29,Successful,387.83
1006054,702450,5025,2024-11-06,Successful,328.92
1006055,703558,5027,2023-07-16,Successful,697.5
1006056,701806,5001,2021-08-07,Successful,1441.62
1006057,700617,5031,2022-09-09,Successful,1952.98
1006058,703172,5038,2025-08-06,Successful,1192.96
1006059,702474,5017,2023-06-11,Successful,1136.08
1006060,703687,5008,2023-12-06,Successful,359.9
1006061,705855,5021,2022-07-11,Complication,1579.18
1006062,706303,5039,2023-05-21,Complication,503.45
1006063,701088,5018,2022-07-11,Successful,446.35
1006064,703766,5026,2021-12-26,Successful,3042.6
1006065,705674,5014,2025-09-04,Cancelled,557.38
1006066,705266,5023,2021-04-18,Successful,164.39
1006067,703031,5027,2024-10-27,Successful,1408.96
1006068,704569,5023,2021-06-04,Successful,585.31
1006069,705433,5018,2024-01-21,Successful,743.29
1006070,701059,5036,2022-05-22,Successful,1646.55
1006071,704664,5001,2025-05-01,Successful,1879.18
1006072,703468,5035,2024-10-09,Successful,926.82
1006073,701092,5037,2023-07-23,Successful,231.12
1006074,705782,5007,2025-05-25,Complication,1215.47
1006075,700435,5029,2024-04-13,Complication,1444.32
1006076,700842,5015,2025-09-20,Successful,1385.48
1006077,706484,5003,2025-02-07,Complication,2365.38
1006078,702807,5029,2022-04-29,Complication,892.03
1006079,700405,5035,2025-03-13,Successful,1823.04
1006080,700474,5038,2025-03-16,Complication,218.7
1006081,703933,5037,2022-02-22,Successful,878.33
1006082,700528,5001,2022-08-26,Cancelled,6845.11
1006083,705628,5032,2024-08-26,Successful,3987.97
1006084,702174,5029,2023-01-06,Successful,269.6
1006085,702795,5004,2021-10-29,Successful,468.0
1006086,702686,5040,2021-08-16,Successful,3378.89
1006087,704167,5018,2024-05-12,Successful,2054.8
1006088,700048,5020,2023-02-15,Successful,3598.26
1006089,701930,5038,2024-01-10,Complication,1364.3
1006090,700778,5004,2021-10-26,Successful,431.33
1006091,704685,5029,2023-10-04,Successful,1057.91
1006092,706185,5015,2025-03-12,Complication,806.54
1006093,706268,5016,2024-05-07,Successful,1120.18
1006094,706420,5021,2024-04-02,Successful,959.79
1006095,700903,5031,2023-05-13,Successful,810.64
1006096,701789,5033,2024-08-01,Complication,770.9
1006097,703842,5019,2022-07-24,Successful,1499.06
1006098,706135,5018,2025-03-03,Successful,3647.01
1006099,701588,5005,2025-02-27,Successful,883.11
1006100,704734,5017,2024-01-29,Successful,473.57
1006101,704792,5040,2024-12-16,Successful,458.01
1006102,701288,5015,2024-09-17,Successful,1561.92
1006103,705243,5011,2021-10-17,Successful,1344.85
1006104,702414,5016,2024-08-07,Successful,459.75
1006105,702174,5035,2022-10-25,Successful,808.64
1006106,700279,5014,2021-04-20,Successful,2418.65
1006107,703069,5010,2025-02-15,Successful,1800.46
1006108,700008,5001,2023-09-26,Successful,1224.3
1006109,704842,5038,2024-12-12,Successful,2174.8
1006110,700209,5030,2024-02-25,Successful,3859.28
1006111,703743,5015,2025-08-04,Successful,2453.2
1006112,702098,5014,2021-05-24,Successful,889.83
1006113,704816,5017,2022-05-17,Successful,1553.99
1006114,701396,5012,2022-05-18,Complication,783.94
1006115,705138,5011,2024-08-30,Successful,1939.33
1006116,703109,5023,2023-12-23,Successful,828.5
1006117,705240,5009,2021-07-27,Successful,1312.2
1006118,703618,5031,2024-03-24,Successful,345.46
1006119,704197,5011,2022-12-24,Successful,956.46
1006120,701847,5010,2022-06-11,Successful,787.51
1006121,701023,5007,2025-04-10,Cancelled,674.23
1006122,702828,5034,2024-05-01,Successful,1017.31
1006123,700645,5006,2022-12-31,Successful,2285.92
1006124,702098,5032,2024-09-22,Successful,1371.56
1006125,701303,5028,2021-07-06,Successful,1724.23
1006126,705547,5026,2023-07-25,Complication,448.47
1006127,702033,5009,2021-07-04,Successful,527.21
1006128,705406,5034,2023-06-23,Successful,1517.57
1006129,701765,5015,2022-02-22,Successful,1456.42
1006130,701694,5011,2023-11-01,Successful,2108.26
1006131,700977,5003,2025-11-14,Successful,812.29
1006132,700997,5028,2022-03-22,Successful,934.77
1006133,705104,5018,2025-11-29,Complication,749.07
1006134,706471,5015,2022-10-08,Successful,373.68
1006135,703073,5012,2024-02-15,Successful,1852.55
1006136,703236,5014,2021-05-05,Successful,376.59
1006137,706347,5001,2024-10-18,Successful,2171.54
1006138,703447,5018,2021-05-29,Successful,885.38
1006139,705978,5039,2024-02-15,Successful,1024.58
1006140,704743,5009,2024-06-27,Successful,705.14
1006141,700265,5016,2023-11-09,Successful,840.28
1006142,705422,5025,2021-12-05,Successful,2852.63
1006143,705445,5014,2023-03-24,Successful,1034.19
1006144,706035,5024,2024-11-02,Successful,1359.61
1006145,702475,5009,2021-08-02,Successful,869.05
1006146,702063,5034,2022-04-15,Successful,358.66
1006147,701201,5038,2023-05-27,Successful,861.21
1006148,703479,5014,2024-01-09,Successful,1145.5
1006149,701887,5019,2024-01-17,Complication,2244.96
1006150,705811,5026,2024-10-21,Successful,490.17
1006151,704330,5005,2024-06-20,Successful,970.17
1006152,700872,5013,2025-12-13,Successful,870.09
1006153,705495,5016,2023-04-13,Cancelled,2194.76
1006154,700916,5019,2024-05-23,Successful,1851.89
1006155,701041,5027,2025-04-18,Successful,3177.38
1006156,703095,5026,2021-11-01,Successful,2131.85
1006157,700842,5036,2022-07-12,Complication,560.78
1006158,701141,5013,2023-08-31,Successful,4950.46
1006159,701086,5026,2021-06-28,Successful,1365.54
1006160,702775,5036,2023-08-02,Successful,956.99
1006161,703876,5027,2021-10-25,Successful,1126.31
1006162,700469,5013,2024-04-02,Successful,347.0
1006163,705186,5040,2021-07-13,Successful,2075.7
1006164,705307,5023,2024-08-30,Successful,561.64
1006165,706315,5035,2025-11-14,Successful,8157.62
1006166,701470,5030,2024-12-17,Successful,1004.03
1006167,706250,5026,2022-05-14,Successful,2445.75
1006168,700453,5005,2021-09-16,Successful,321.14
1006169,703177,5017,2022-06-23,Successful,1322.17
1006170,702572,5020,2024-02-22,Successful,629.53
1006171,701105,5021,2025-12-12,Successful,796.85
1006172,705756,5008,2021-06-17,Successful,2245.87
1006173,704909,5018,2024-11-21,Complication,345.1
1006174,705852,5003,2022-02-11,Successful,2259.94
1006175,705930,5015,2023-05-07,Successful,1622.93
1006176,700522,5021,2023-11-20,Successful,2040.2
1006177,703017,5010,2024-01-05,Successful,713.55
1006178,701722,5018,2021-11-08,Successful,770.37
1006179,706406,5006,2021-02-20,Complication,2396.96
1006180,705070,5002,2023-03-15,Successful,7732.24
1006181,703081,5009,2025-04-22,Successful,893.92
1006182,705624,5032,2022-06-27,Successful,6029.85
1006183,705062,5004,2022-01-15,Successful,1504.93
1006184,704896,5026,2024-12-10,Successful,4798.86
1006185,706124,5035,2023-12-24,Successful,1731.91
1006186,706028,5020,2025-10-17,Successful,546.68
1006187,701294,5009,2021-02-18,Successful,877.03
1006188,701448,5033,2021-08-11,Cancelled,2848.41
1006189,702255,5014,2022-06-18,Successful,558.87
1006190,703146,5035,2023-01-11,Successful,3375.36
1006191,705756,5010,2022-01-25,Successful,2920.4
1006192,702074,5012,2025-07-07,Successful,1975.73
1006193,700820,5011,2022-03-31,Successful,337.82
1006194,705686,5020,2024-05-29,Successful,1464.87
1006195,703796,5012,2022-10-30,Successful,2754.17
1006196,703728,5036,2022-10-06,Successful,2301.02
1006197,704687,5030,2023-11-07,Successful,790.87
1006198,700162,5019,2024-07-04,Successful,556.73
1006199,700258,5026,2021-09-08,Successful,
1006200,702151,5029,2024-03-08,Successful,2407.69
1006201,702348,5011,2021-05-11,Successful,141.98
1006202,702100,5015,2024-06-08,Successful,922.84
1006203,701147,5031,2021-10-18,Complication,1036.99
1006204,701930,5014,2022-08-24,Successful,711.63
1006205,703103,5019,2021-04-21,Successful,858.86
1006206,702990,5026,2021-11-02,Successful,291.54
1006207,704622,5025,2025-10-21,Cancelled,1201.69
1006208,703518,5028,2021-04-19,Successful,1593.38
1006209,705341,5005,2024-10-18,Successful,859.18
1006210,704933,5024,2025-11-07,Successful,193.92
1006211,706113,5032,2023-07-10,Cancelled,3202.66
1006212,702637,5026,2021-05-25,Successful,1001.96
1006213,705618,5020,2025-05-18,Successful,3035.22
1006214,704681,5009,2022-03-19,Successful,1209.55
1006215,700478,5007,2021-03-03,Successful,929.56
1006216,703789,5004,2021-09-12,Successful,916.43
1006217,704021,5007,2022-10-19,Complication,344.11
1006218,706213,5028,2025-04-20,Successful,637.62
1006219,702841,5020,2021-07-10,Successful,1434.22
1006220,705741,5031,2021-08-19,Successful,2170.0
1006221,700188,5002,2024-06-26,Successful,1383.55
1006222,703171,5010,2022-03-30,Successful,829.35
1006223,701337,5037,2022-08-31,Successful,1089.19
1006224,702077,5003,2023-01-20,Successful,739.75
1006225,703392,5036,2024-08-21,Cancelled,7318.34
1006226,704792,5029,2025-04-08,Successful,5742.62
1006227,702301,5024,2022-09-08,Successful,492.93
1006228,706413,5020,2021-07-17,Successful,1375.95
1006229,703131,5002,2022-08-09,Complication,945.08
1006230,706254,5022,2021-06-16,Complication,826.53
1006231,705034,5039,2021-09-19,Successful,3120.27
1006232,702779,5022,2022-06-16,Successful,1503.2
1006233,705803,5012,2021-08-16,Successful,373.23
1006234,704015,5001,2022-09-24,Successful,1640.75
1006235,703286,5015,2024-07-21,Successful,831.56
1006236,704276,5037,2023-12-10,Successful,784.52
1006237,704684,5027,2021-03-28,Successful,749.39
1006238,703522,5033,2023-11-19,Successful,628.62
1006239,704686,5009,2022-07-22,Successful,1431.75
1006240,700907,5024,2021-08-12,Successful,2277.76
1006241,702076,5031,2023-05-30,Successful,170.1
1006242,702253,5022,2024-08-26,Successful,524.66
1006243,704203,5031,2023-05-24,Complication,2150.01
1006244,700058,5023,2025-12-19,Successful,1444.32
1006245,703596,5005,2022-08-07,Successful,653.65
1006246,702493,5026,2025-06-18,Successful,237.31
1006247,703662,5013,2022-04-04,Successful,698.58
1006248,703302,5034,2024-09-16,Successful,987.32
1006249,702839,5032,2023-06-06,Successful,1496.51
1006250,705614,5021,2021-07-10,Successful,2100.94
1006251,700611,5015,2022-11-28,Successful,582.6
1006252,705436,5018,2025-10-12,Successful,993.2
1006253,701237,5026,2021-11-21,Successful,1971.35
1006254,700747,5038,2025-02-25,Successful,1481.86
1006255,700093,5023,2022-06-27,Successful,1924.39
1006256,704262,5030,2025-03-09,Successful,288.12
1006257,700159,5012,2025-07-30,Successful,3155.44
1006258,704426,5006,2021-01-27,Successful,590.22
1006259,702558,5036,2022-02-11,Successful,3139.67
1006260,702222,5001,2024-04-03,Cancelled,671.02
1006261,701068,5005,2023-06-03,Successful,883.24
1006262,704591,5033,2023-11-15,Successful,1468.03
1006263,706248,5036,2024-08-06,Complication,2281.99
1006264,705876,5013,2021-07-19,Successful,253.25
1006265,702286,5019,2024-06-25,Successful,223.63
1006266,700491,5013,2023-11-30,Successful,549.77
1006267,700432,5002,2025-05-15,Successful,1540.71
1006268,705821,5032,2021-10-19,Cancelled,653.08
1006269,705959,5034,2021-08-07,Complication,1701.67
1006270,705762,5035,2021-11-26,Successful,1740.13
1006271,702431,5022,2022-12-26,Successful,868.48
1006272,704840,5004,2025-10-20,Successful,1276.47
1006273,705685,5012,2024-05-16,Successful,2406.83
1006274,700222,5009,2024-12-07,Successful,1171.6
1006275,701276,5028,2021-07-26,Successful,1051.54
1006276,706183,5027,2021-08-02,Successful,
1006277,704095,5004,2021-10-30,Successful,951.75
1006278,702873,5015,2022-12-30,Successful,2581.55
1006279,703249,5005,2021-06-08,Successful,998.16
1006280,706425,5003,2022-07-27,Successful,1239.52
1006281,702217,5016,2021-07-23,Successful,692.01
1006282,706150,5017,2024-08-04,Successful,964.32
1006283,702720,5020,2021-03-21,Successful,883.64
1006284,700358,5017,2022-11-07,Successful,900.67
1006285,704043,5011,2025-03-18,Successful,395.23
1006286,700937,5018,2025-08-12,Successful,1207.82
1006287,704904,5007,2024-01-05,Successful,1615.72
1006288,705533,5013,2022-06-07,Successful,1666.18
1006289,701840,5040,2024-02-10,Successful,1804.94
1006290,701057,5002,2025-01-24,Successful,2937.61
1006291,701986,5002,2025-08-09,Successful,2824.39
1006292,701293,5032,2022-12-05,Successful,2173.7
1006293,704328,5027,2021-03-13,Successful,662.13
1006294,703014,5021,2024-06-29,Successful,1265.98
1006295,704820,5038,2023-08-16,Successful,1379.35
1006296,704323,5030,2022-09-11,Successful,1188.48
1006297,705545,5011,2023-12-25,Complication,627.41
1006298,703723,5019,2021-12-19,Successful,1007.67
1006299,704364,5010,2021-01-29,Successful,431.81
1006300,702856,5012,2025-01-29,Successful,577.8
1006301,701674,5004,2022-10-24,Successful,1657.59
1006302,701804,5016,2021-02-11,Successful,3081.89
1006303,700910,5005,2021-05-22,Successful,704.18
1006304,704285,5005,2021-08-27,Successful,2061.27
1006305,704317,5032,2025-09-24,Successful,1229.63
1006306,706281,5003,2021-03-20,Successful,5594.12
1006307,705621,5028,2023-06-25,Complication,4411.84
1006308,705050,5013,2022-08-11,Successful,1045.31
1006309,700131,5032,2024-01-29,Complication,747.18
1006310,702404,5010,2024-09-19,Successful,978.99
1006311,701727,5014,2025-04-18,Successful,1282.03
1006312,701500,5008,2024-04-05,Successful,659.75
1006313,703694,5017,2021-02-28,Successful,562.16
1006314,706096,5001,2023-09-27,Successful,1189.27
1006315,705555,5035,2023-01-04,Successful,2553.94
1006316,704906,5001,2022-10-24,Successful,355.34
1006317,704908,5004,2022-04-14,Successful,1118.73
1006318,701093,5036,2025-11-18,Successful,1267.66
1006319,703808,5040,2022-04-26,Successful,2701.27
1006320,700277,5029,2024-09-19,Successful,880.66
1006321,702691,5019,2025-09-10,Successful,3373.12
1006322,702305,5011,2024-10-24,Complication,162.96
1006323,703068,5020,2025-03-17,Successful,1141.67
1006324,700599,5028,2021-08-06,Successful,1670.81
1006325,706209,5034,2024-01-22,Complication,1781.63
1006326,701588,5029,2023-02-14,Successful,1093.89
1006327,702604,5012,2023-04-25,Successful,508.13
1006328,700430,5016,2024-07-16,Successful,265.05
1006329,705921,5029,2022-07-18,Successful,558.92
1006330,703917,5015,2024-01-05,Successful,192.08
1006331,704739,5011,2021-02-21,Cancelled,1265.51
1006332,705491,5011,2022-11-30,Successful,1551.96
1006333,702679,5023,2023-04-12,Successful,3798.52
1006334,705475,5031,2025-01-14,Successful,1073.87
1006335,705384,5035,2024-09-26,Cancelled,866.77
1006336,703231,5037,2025-02-16,Successful,1267.38
1006337,706444,5029,2023-01-02,Successful,2172.41
1006338,701442,5017,2025-07-30,Successful,953.93
1006339,705500,5040,2022-01-28,Successful,1797.51
1006340,703575,5034,2025-07-14,Complication,779.79
1006341,701174,5026,2023-03-31,Successful,1499.3
1006342,703343,5034,2023-02-18,Successful,1547.07
1006343,705412,5011,2025-11-01,Successful,3754.32
1006344,705145,5026,2021-05-21,Successful,260.89
1006345,703611,5027,2021-11-27,Successful,2347.66
1006346,701368,5001,2025-09-23,Successful,372.34
1006347,704482,5034,2022-09-20,Complication,1161.31
1006348,702744,5032,2021-09-21,Successful,1618.39
1006349,703712,5007,2022-04-13,Complication,852.43
1006350,704283,5001,2025-02-05,Successful,1849.98
1006351,704323,5036,2021-09-05,Successful,1295.67
1006352,706163,5011,2023-02-20,Successful,1354.97
1006353,700012,5001,2025-01-24,Successful,1129.44
1006354,705437,5010,2024-12-21,Successful,672.96
1006355,700620,5035,2023-10-29,Successful,1707.64
1006356,701507,5036,2024-11-10,Successful,2059.2
1006357,702894,5013,2025-01-24,Successful,405.58
1006358,703903,5007,2021-09-05,Successful,1149.07
1006359,706007,5015,2021-05-17,Successful,1218.99
1006360,702063,5032,2021-07-16,Complication,386.55
1006361,704907,5012,2023-12-07,Successful,727.58
1006362,705348,5025,2023-02-26,Complication,515.71
1006363,703697,5013,2022-09-23,Successful,2747.11
1006364,701655,5003,2023-12-02,Complication,5267.54
1006365,700725,5009,2023-10-16,Successful,1779.16
1006366,703605,5029,2023-12-04,Successful,3190.98
1006367,700476,5016,2022-01-07,Successful,1421.94
1006368,702003,5037,2021-11-24,Successful,1897.79
1006369,706184,5005,2022-11-25,Complication,4210.26
1006370,703121,5010,2021-03-31,Successful,1398.66
1006371,702078,5005,2024-06-12,Successful,1910.47
1006372,704473,5013,2024-08-09,Successful,1574.2
1006373,702516,5036,2021-01-30,Successful,857.71
1006374,704377,5026,2024-02-01,Successful,1374.4
1006375,700898,5034,2021-04-10,Successful,428.39
1006376,704262,5040,2023-03-13,Successful,1684.72
1006377,703216,5032,2025-08-29,Successful,1761.62
1006378,700808,5014,2021-06-05,Successful,2774.19
1006379,703344,5026,2024-01-02,Complication,1611.68
1006380,703295,5026,2023-01-20,Successful,1794.81
1006381,701928,5003,2021-05-12,Successful,791.68
1006382,701156,5038,2023-01-05,Successful,1408.67
1006383,705062,5006,2021-11-27,Successful,982.58
1006384,705047,5004,2025-03-12,Successful,1753.56
1006385,701884,5037,2023-05-04,Successful,1218.56
1006386,704243,5036,2024-02-11,Successful,1302.93
1006387,700108,5015,2024-11-13,Complication,707.14
1006388,703144,5004,2024-10-15,Successful,1604.01
1006389,702640,5020,2025-06-25,Successful,608.39
1006390,702403,5001,2025-09-05,Successful,1119.8
1006391,703746,5003,2021-07-08,Successful,1839.18
1006392,701807,5005,2023-12-06,Successful,2242.68
1006393,702743,5008,2024-12-03,Complication,1061.31
1006394,701938,5015,2025-11-11,Successful,984.06
1006395,705518,5031,2023-05-20,Successful,853.87
1006396,701660,5012,2023-10-03,Successful,1391.76
1006397,702437,5008,2021-06-03,Successful,596.87
1006398,704858,5026,2022-12-08,Successful,382.38
1006399,700688,5026,2024-06-27,Cancelled,761.35
1006400,703272,5004,2021-11-16,Successful,2295.09
1006401,702622,5002,2023-05-16,Successful,287.39
1006402,702020,5008,2021-02-05,Successful,402.75
1006403,705790,5006,2024-08-22,Successful,613.7
1006404,703517,5030,2023-05-13,Successful,3035.13
1006405,701128,5019,2024-05-15,Successful,421.63
1006406,701684,5006,2024-11-16,Successful,2402.67
1006407,703036,5025,2023-10-28,Successful,527.9
1006408,700990,5011,2025-06-08,Successful,1463.88
1006409,703484,5022,2021-05-20,Successful,1803.1
1006410,704561,5010,2023-08-20,Successful,2573.63
1006411,706466,5025,2024-11-19,Cancelled,2026.1
1006412,702737,5028,2023-08-22,Successful,1209.41
1006413,703899,5020,2023-01-04,Successful,980.93
1006414,705072,5030,2025-01-30,Successful,3027.01
1006415,703784,5029,2024-03-30,Successful,889.38
1006416,701620,5019,2024-11-09,Successful,2684.63
1006417,705979,5025,2022-09-11,Successful,600.78
1006418,702555,5022,2024-02-26,Successful,572.58
1006419,701161,5019,2025-07-09,Successful,868.02
1006420,705974,5005,2024-07-13,Complication,4436.94
1006421,702263,5015,2023-09-03,Successful,598.71
1006422,702413,5032,2023-07-26,Successful,1115.75
1006423,703970,5004,2022-10-12,Successful,1612.2
1006424,701251,5007,2022-12-19,Successful,3177.7
1006425,704511,5038,2024-02-29,Successful,766.37
1006426,705334,5024,2022-10-01,Successful,412.97
1006427,705474,5030,2022-01-10,Successful,981.15
1006428,701232,5036,2021-02-21,Successful,1096.56
1006429,705580,5029,2021-05-24,Complication,255.59
1006430,700036,5021,2024-10-08,Successful,581.24
1006431,705980,5005,2022-08-14,Complication,997.04
1006432,701544,5027,2022-01-31,Successful,8844.62
1006433,706262,5008,2022-10-19,Successful,806.31
1006434,703875,5011,2025-11-30,Successful,5415.24
1006435,701238,5027,2022-08-17,Complication,926.83
1006436,704437,5009,2025-12-11,Successful,695.46
1006437,703554,5009,2025-12-15,Successful,1028.69
1006438,704893,5017,2021-08-09,Successful,1423.83
1006439,702869,5025,2025-05-26,Successful,339.39
1006440,703809,5013,2023-05-22,Successful,534.31
1006441,706113,5036,2021-04-07,Successful,858.03
1006442,705184,5019,2024-04-07,Successful,1249.14
1006443,703473,5032,2025-05-26,Successful,1321.97
1006444,701847,5017,2023-01-26,Successful,640.03
1006445,702538,5014,2025-12-16,Successful,753.27
1006446,700159,5038,2021-07-22,Successful,2928.49
1006447,705189,5004,2025-12-14,Successful,1827.1
1006448,704488,5022,2023-09-08,Successful,942.39
1006449,701626,5001,2023-03-18,Complication,2583.49
1006450,702814,5005,2021-05-21,Complication,561.35
1006451,705119,5005,2022-11-21,Successful,3107.64
1006452,702111,5038,2023-09-23,Complication,1687.91
1006453,700439,5002,2021-02-26,Successful,2320.7
1006454,701689,5010,2021-12-22,Successful,2157.12
1006455,703128,5025,2022-05-03,Successful,1801.52
1006456,702591,5040,2024-06-02,Successful,421.26
1006457,705963,5034,2021-07-25,Successful,2134.01
1006458,702625,5031,2025-01-14,Successful,888.92
1006459,704781,5027,2022-10-25,Complication,938.61
1006460,702896,5034,2023-12-05,Successful,1456.27
1006461,703134,5004,2025-07-22,Successful,3382.16
1006462,700515,5019,2025-02-07,Successful,1214.22
1006463,706418,5019,2024-10-09,Successful,663.91
1006464,700856,5016,2024-09-06,Successful,999.14
1006465,700472,5017,2022-09-14,Successful,5575.27
1006466,703231,5007,2023-12-25,Successful,1598.28
1006467,700309,5022,2021-04-29,Successful,909.67
1006468,702823,5008,2022-08-12,Successful,591.85
1006469,705337,5003,2023-07-20,Successful,720.61
1006470,701668,5033,2024-09-14,Successful,666.52
1006471,705200,5040,2023-11-23,Successful,838.28
1006472,700123,5023,2023-02-21,Successful,954.29
1006473,704683,5016,2022-10-11,Successful,669.08
1006474,705018,5011,2024-10-13,Successful,760.17
1006475,703376,5026,2021-10-01,Cancelled,1021.33
1006476,704529,5034,2025-04-12,Successful,3995.07
1006477,700244,5013,2023-09-19,Successful,586.47
1006478,703316,5002,2024-06-21,Complication,713.7
1006479,700935,5005,2025-11-19,Successful,2220.68
1006480,705359,5029,2021-01-21,Complication,3511.67
1006481,705171,5004,2022-01-02,Successful,1297.82
1006482,703882,5015,2025-08-01,Successful,396.68
1006483,701525,5034,2024-06-10,Successful,4930.52
1006484,702871,5013,2024-02-04,Complication,1020.76
1006485,702789,5016,2022-08-14,Successful,2950.15
1006486,701025,5012,2021-03-29,Successful,408.94
1006487,704627,5034,2023-12-31,Successful,884.38
1006488,703158,5004,2022-07-15,Successful,447.46
1006489,703822,5009,2024-10-01,Successful,238.33
1006490,701398,5030,2025-12-25,Complication,2055.17
1006491,705012,5016,2021-09-30,Successful,3585.78
1006492,700476,5036,2022-01-01,Successful,572.42
1006493,705502,5037,2025-01-28,Successful,1952.14
1006494,705791,5002,2024-09-23,Successful,2656.46
1006495,701808,5033,2025-02-27,Successful,4199.2
1006496,705020,5003,2021-12-16,Successful,1035.56
1006497,703479,5016,2021-12-29,Successful,978.49
1006498,702110,5011,2025-12-15,Successful,784.14
1006499,700046,5013,2021-08-12,Successful,1426.76
1006500,705230,5019,2021-04-26,Successful,580.72
1006501,702571,5018,2024-10-19,Successful,151.22
1006502,705308,5036,2021-05-06,Successful,604.18
1006503,703843,5031,2023-10-20,Successful,857.88
1006504,704484,5026,2023-04-17,Successful,3275.67
1006505,702156,5027,2023-07-12,Successful,1242.98
1006506,702299,5015,2022-02-05,Complication,1022.79
1006507,705251,5008,2021-03-03,Successful,1496.7
1006508,700987,5020,2024-03-17,Successful,1891.74
1006509,705600,5021,2025-10-14,Successful,1568.67
1006510,701635,5016,2024-08-16,Successful,354.8
1006511,704189,5021,2022-12-09,Cancelled,2785.42
1006512,705288,5007,2021-07-05,Successful,1257.67
1006513,704415,5036,2024-03-19,Successful,1120.48
1006514,705441,5020,2024-03-18,Successful,1651.26
1006515,702795,5031,2021-06-07,Successful,3535.39
1006516,705506,5031,2021-04-24,Successful,523.52
1006517,701883,5013,2024-06-13,Successful,1204.0
1006518,704649,5006,2024-10-26,Successful,999.95
1006519,703276,5031,2021-08-08,Successful,1041.34
1006520,705025,5012,2024-11-16,Successful,766.52
1006521,704268,5038,2025-03-23,Successful,1052.81
1006522,706177,5031,2021-02-22,Successful,526.92
1006523,701541,5030,2024-11-14,Successful,1485.3
1006524,706029,5037,2021-04-11,Successful,985.73
1006525,700458,5031,2023-09-06,Successful,1393.56
1006526,701877,5027,2025-08-18,Successful,1915.49
1006527,703483,5036,2025-10-16,Successful,1691.88
1006528,705120,5015,2024-05-16,Successful,632.47
1006529,701464,5011,2025-12-06,Successful,1086.57
1006530,704802,5022,2024-12-18,Successful,1279.61
1006531,700132,5014,2025-09-25,Successful,930.67
1006532,703961,5040,2025-09-14,Complication,975.34
1006533,705366,5018,2025-05-08,Successful,708.22
1006534,702511,5008,2025-05-18,Successful,1931.37
1006535,702276,5030,2021-03-29,Successful,649.0
1006536,704196,5035,2021-05-26,Successful,1856.17
1006537,706155,5024,2024-07-23,Successful,1611.78
1006538,706436,5029,2022-09-12,Successful,2327.41
1006539,705845,5016,2022-02-24,Successful,668.04
1006540,701845,5021,2021-12-07,Complication,550.5
1006541,702421,5031,2025-04-08,Successful,945.26
1006542,704937,5016,2022-09-25,Successful,621.4
1006543,702927,5007,2024-03-28,Complication,1820.25
1006544,701509,5004,2022-08-16,Successful,986.83
1006545,706211,5023,2022-03-15,Successful,1239.44
1006546,701608,5030,2021-09-13,Successful,3028.56
1006547,701063,5029,2025-03-12,Successful,3817.63
1006548,701524,5022,2023-11-09,Successful,408.76
1006549,702223,5037,2024-12-07,Successful,1036.48
1006550,701807,5036,2023-04-08,Cancelled,1047.54
1006551,702397,5013,2021-01-16,Complication,482.09
1006552,702864,5030,2023-09-26,Successful,236.17
1006553,704797,5037,2022-05-24,Successful,473.01
1006554,704158,5003,2024-10-31,Successful,968.71
1006555,705557,5003,2023-02-08,Complication,1621.08
1006556,702273,5021,2023-03-04,Successful,175.7
1006557,705610,5033,2021-03-25,Successful,224.62
1006558,701573,5033,2021-08-05,Successful,1476.19
1006559,702357,5008,2023-11-07,Successful,2824.74
1006560,701705,5014,2024-02-09,Cancelled,1717.36
1006561,704310,5002,2022-02-10,Successful,2751.63
1006562,702893,5035,2021-09-16,Successful,3067.04
1006563,704661,5023,2025-10-24,Successful,359.04
1006564,701613,5009,2022-03-25,Successful,366.65
1006565,700054,5011,2022-12-19,Successful,2319.95
1006566,700338,5007,2024-02-04,Successful,1743.4
1006567,700892,5029,2023-07-13,Successful,942.91
1006568,700732,5015,2023-02-10,Successful,1530.29
1006569,706200,5036,2022-11-18,Successful,439.24
1006570,703351,5027,2025-05-14,Successful,2690.03
1006571,701403,5031,2025-07-25,Complication,1075.66
1006572,701281,5032,2023-08-03,Successful,891.89
1006573,700756,5012,2022-03-13,Successful,1576.41
1006574,706383,5010,2022-04-04,Successful,356.16
1006575,704269,5032,2022-11-03,Successful,492.61
1006576,704109,5027,2022-08-09,Successful,210.99
1006577,702722,5024,2022-02-21,Successful,2899.84
1006578,702066,5038,2025-12-15,Successful,533.97
1006579,703784,5034,2024-02-08,Complication,396.4
1006580,706489,5017,2023-06-29,Successful,1205.5
1006581,702101,5024,2022-09-21,Successful,991.98
1006582,700231,5005,2025-07-04,Successful,412.6
1006583,700702,5016,2023-10-01,Successful,754.48
1006584,706305,5028,2021-01-22,Successful,1715.88
1006585,705050,5016,2024-01-10,Successful,1538.95
1006586,705454,5029,2024-01-22,Successful,1170.79
1006587,701629,5006,2023-09-25,Successful,821.15
1006588,701153,5018,2022-05-13,Successful,280.39
1006589,705535,5019,2022-12-13,Successful,1739.21
1006590,703330,5035,2021-06-24,Successful,4931.3
1006591,705104,5005,2023-06-12,Successful,712.91
1006592,702125,5021,2025-05-01,Successful,1416.63
1006593,706108,5017,2022-08-24,Successful,1505.66
1006594,703203,5011,2023-03-19,Successful,448.1
1006595,705566,5039,2024-03-30,Successful,3584.23
1006596,702113,5028,2022-12-09,Complication,2534.15
1006597,705100,5009,2022-03-26,Successful,4759.12
1006598,702791,5005,2025-08-06,Successful,314.22
1006599,702503,5018,2025-07-05,Complication,706.15
1006600,702833,5024,2025-06-27,Cancelled,571.73
1006601,701717,5014,2023-07-11,Cancelled,2011.82
1006602,703867,5006,2021-07-29,Successful,275.14
1006603,704842,5008,2023-08-15,Successful,488.96
1006604,703770,5014,2025-11-07,Complication,902.73
1006605,705649,5038,2023-07-21,Successful,683.26
1006606,700315,5028,2024-09-24,Successful,1829.72
1006607,706035,5018,2023-11-01,Complication,1076.5
1006608,706342,5024,2022-12-10,Successful,1579.74
1006609,703718,5030,2024-03-26,Successful,4042.28
1006610,705447,5002,2025-06-13,Successful,1038.21
1006611,703340,5038,2022-05-19,Successful,1403.16
1006612,701938,5017,2021-02-17,Successful,4129.57
1006613,701893,5025,2025-07-23,Successful,2079.48
1006614,704472,5014,2023-01-10,Successful,773.5
1006615,700267,5020,2025-02-27,Successful,1037.42
1006616,701554,5016,2023-07-23,Successful,1105.58
1006617,700982,5019,2022-08-25,Successful,728.27
1006618,700798,5013,2022-05-07,Successful,9108.45
1006619,702524,5008,2025-08-11,Successful,503.97
1006620,704071,5014,2021-02-09,Successful,5304.83
1006621,701546,5011,2022-12-01,Successful,2468.93
1006622,705465,5031,2025-09-28,Successful,955.34
1006623,703706,5002,2025-01-18,Successful,982.21
1006624,704075,5018,2022-04-30,Successful,1866.89
1006625,701346,5001,2025-09-05,Successful,2948.6
1006626,700114,5029,2025-07-09,Successful,162.55
1006627,704008,5002,2021-03-20,Successful,1430.78
1006628,700419,5038,2022-08-07,Complication,1489.17
1006629,706444,5003,2025-08-23,Successful,323.66
1006630,702839,5026,2021-03-07,Successful,1603.11
1006631,702728,5009,2023-08-11,Successful,720.44
1006632,701386,5001,2021-08-14,Successful,1068.25
1006633,703893,5033,2021-09-08,Successful,157.42
1006634,706256,5030,2025-12-11,Successful,2391.45
1006635,700238,5040,2022-08-08,Successful,726.18
1006636,701932,5028,2023-03-28,Successful,3601.52
1006637,703613,5012,2025-12-14,Successful,559.33
1006638,704618,5037,2025-09-16,Successful,1466.25
1006639,703746,5031,2022-09-12,Complication,1515.0
1006640,701066,5033,2023-05-22,Successful,473.0
1006641,701134,5017,2025-07-08,Successful,1547.19
1006642,704944,5030,2023-03-28,Successful,945.9
1006643,705083,5006,2024-02-29,Successful,2108.79
1006644,705215,5037,2022-02-05,Successful,863.16
1006645,700198,5020,2023-09-27,Successful,3517.01
1006646,703816,5024,2022-02-02,Successful,649.69
1006647,705010,5008,2021-08-20,Successful,2077.93
1006648,700819,5016,2024-12-07,Successful,294.81
1006649,701761,5023,2021-09-19,Successful,293.79
1006650,700619,5007,2023-09-06,Successful,197.83
1006651,701629,5023,2024-05-05,Successful,868.39
1006652,704969,5029,2024-10-16,Successful,1052.14
1006653,704266,5029,2024-11-27,Successful,2654.87
1006654,703710,5012,2022-06-29,Successful,413.17
1006655,706309,5033,2023-12-24,Successful,232.46
1006656,701972,5021,2024-03-27,Successful,495.64
1006657,703255,5035,2022-10-29,Successful,1156.64
1006658,702368,5008,2023-09-23,Successful,410.2
1006659,703357,5034,2021-11-16,Successful,307.98
1006660,706150,5039,2021-11-22,Successful,750.47
1006661,701012,5029,2023-02-10,Successful,1098.95
1006662,704588,5028,2023-11-01,Successful,2157.31
1006663,702380,5023,2021-10-28,Successful,567.07
1006664,700566,5036,2022-08-20,Successful,1437.29
1006665,703723,5003,2024-04-04,Successful,446.25
1006666,704289,5012,2025-07-11,Successful,391.52
1006667,706297,5025,2025-02-12,Successful,937.78
1006668,705089,5039,2025-02-11,Successful,1237.84
1006669,703108,5021,2025-01-10,Successful,309.31
1006670,703327,5012,2021-08-27,Successful,714.67
1006671,704874,5011,2021-08-15,Successful,670.29
1006672,703843,5035,2021-09-03,Successful,651.96
1006673,704844,5036,2021-05-30,Complication,643.22
1006674,706188,5028,2023-08-30,Successful,588.76
1006675,700991,5011,2025-10-13,Successful,1995.13
1006676,701553,5003,2021-06-29,Successful,692.86
1006677,704084,5021,2025-11-18,Successful,512.22
1006678,700884,5009,2021-04-26,Complication,1460.98
1006679,703052,5006,2025-06-24,Successful,2921.22
1006680,706328,5029,2024-09-16,Successful,1595.09
1006681,702425,5017,2024-05-08,Successful,969.51
1006682,703193,5021,2023-11-20,Successful,2449.75
1006683,703572,5008,2025-10-16,Successful,770.25
1006684,704873,5011,2023-03-03,Successful,2233.59
1006685,700020,5021,2024-04-18,Successful,2819.61
1006686,706269,5018,2025-03-22,Successful,1501.98
1006687,706026,5002,2021-04-05,Successful,1324.22
1006688,705680,5029,2023-08-28,Cancelled,826.12
1006689,701788,5022,2024-11-16,Successful,1118.47
1006690,701234,5006,2021-01-30,Successful,1066.25
1006691,704076,5006,2024-01-14,Successful,347.37
1006692,704384,5003,2025-12-30,Successful,6319.54
1006693,705361,5032,2022-01-21,Successful,1009.91
1006694,700290,5029,2025-04-16,Successful,359.93
1006695,705903,5013,2022-12-06,Successful,1133.55
1006696,701164,5015,2025-09-26,Successful,121.39
1006697,702104,5029,2024-05-23,Successful,331.4
1006698,705503,5013,2025-08-06,Successful,4205.01
1006699,705167,5023,2024-06-10,Successful,912.15
1006700,701805,5006,2023-12-03,Successful,3515.44
1006701,702749,5037,2024-10-31,Successful,710.79
1006702,700080,5037,2022-05-09,Successful,1123.28
1006703,705118,5030,2024-09-06,Successful,513.45
1006704,700997,5023,2025-08-22,Successful,4249.32
1006705,700882,5013,2021-01-22,Successful,1147.41
1006706,705554,5024,2023-09-29,Successful,1675.06
1006707,702436,5034,2023-02-22,Successful,1105.4
1006708,702866,5016,2022-01-03,Successful,1274.77
1006709,705775,5011,2025-09-17,Successful,352.32
1006710,705140,5038,2025-08-08,Successful,3235.17
1006711,705126,5028,2023-10-31,Successful,1386.14
1006712,701517,5038,2023-03-05,Successful,1564.1
1006713,706307,5004,2022-07-12,Successful,1303.8
1006714,704686,5015,2024-06-08,Successful,5156.93
1006715,705087,5008,2022-08-25,Successful,2453.95
1006716,705794,5039,2022-07-23,Successful,904.4
1006717,705169,5015,2024-06-05,Successful,420.52
1006718,702279,5033,2023-09-12,Complication,515.25
1006719,706329,5038,2023-05-22,Successful,2194.31
1006720,701051,5012,2024-06-06,Successful,594.0
1006721,705112,5006,2022-02-16,Successful,2318.33
1006722,705555,5022,2025-08-06,Successful,216.48
1006723,704170,5020,2025-03-06,Successful,1733.5
1006724,703760,5028,2021-02-04,Successful,1894.22
1006725,702382,5033,2021-11-11,Successful,2405.15
1006726,700264,5039,2021-01-30,Successful,1366.5
1006727,700273,5022,2022-12-07,Successful,525.82
1006728,703039,5015,2021-04-05,Successful,215.44
1006729,704529,5009,2022-03-31,Successful,1441.71
1006730,704358,5035,2025-03-20,Successful,623.93
1006731,702860,5034,2024-04-15,Successful,281.81
1006732,705538,5011,2023-09-01,Successful,3894.47
1006733,703598,5030,2023-04-30,Cancelled,1354.92
1006734,704078,5021,2023-02-23,Successful,925.73
1006735,704024,5011,2024-07-22,Successful,1218.01
1006736,703705,5014,2021-08-25,Successful,251.88
1006737,701749,5014,2025-03-27,Successful,1215.71
1006738,704904,5037,2025-10-07,Successful,1021.37
1006739,702453,5018,2024-05-06,Successful,897.96
1006740,703176,5028,2022-12-28,Successful,963.99
1006741,703316,5031,2022-12-31,Successful,1264.82
1006742,704327,5040,2025-01-09,Successful,686.77
1006743,702787,5012,2022-06-15,Successful,798.47
1006744,705287,5035,2022-10-27,Successful,1181.08
1006745,700814,5037,2021-01-24,Successful,842.98
1006746,704247,5009,2023-10-14,Successful,8913.2
1006747,705044,5013,2023-12-22,Successful,685.1
1006748,705348,5037,2023-05-04,Successful,1219.66
1006749,701926,5022,2025-02-14,Successful,588.57
1006750,700583,5034,2024-08-23,Complication,990.39
1006751,705287,5029,2023-12-18,Successful,1170.65
1006752,702923,5039,2024-02-21,Cancelled,590.97
1006753,705609,5007,2021-06-17,Successful,545.54
1006754,705370,5012,2025-01-12,Successful,607.86
1006755,701398,5023,2024-12-12,Successful,1437.71
1006756,704094,5039,2025-03-05,Complication,720.55
1006757,702809,5015,2025-07-03,Complication,1228.36
1006758,701956,5017,2024-07-22,Successful,978.55
1006759,704611,5027,2022-08-21,Cancelled,511.47
1006760,703855,5017,2025-01-28,Complication,433.74
1006761,706433,5037,2025-02-28,Successful,1437.9
1006762,702119,5006,2022-11-17,Successful,3245.68
1006763,703006,5016,2024-12-01,Successful,728.09
1006764,705631,5025,2021-05-03,Successful,624.79
1006765,704814,5029,2025-03-13,Successful,1846.84
1006766,705929,5009,2021-10-01,Successful,544.66
1006767,702603,5030,2021-01-24,Successful,546.21
1006768,704371,5016,2023-10-08,Successful,1748.07
1006769,705527,5031,2021-06-14,Successful,536.78
1006770,706302,5015,2024-06-25,Successful,1776.85
1006771,702530,5012,2023-04-26,Successful,2787.88
1006772,704541,5006,2025-09-02,Successful,971.61
1006773,700503,5025,2024-12-28,Successful,890.06
1006774,706150,5035,2021-09-20,Successful,677.1
1006775,704900,5011,2023-12-22,Successful,997.0
1006776,704182,5011,2024-07-18,Successful,1042.92
1006777,700058,5020,2021-10-30,Complication,664.66
1006778,702616,5017,2023-01-23,Successful,593.58
1006779,705483,5012,2025-07-30,Successful,478.96
1006780,706312,5001,2023-09-05,Successful,855.81
1006781,705924,5011,2024-01-19,Successful,2243.68
1006782,704504,5008,2025-03-30,Successful,787.72
1006783,700382,5028,2022-03-18,Successful,1934.01
1006784,703631,5034,2024-05-04,Successful,2348.29
1006785,701265,5023,2021-03-28,Successful,836.59
1006786,704533,5021,2025-05-23,Successful,1127.75
1006787,703041,5012,2025-03-11,Successful,1675.93
1006788,705273,5016,2023-08-09,Successful,465.5
1006789,700368,5014,2024-07-16,Successful,1285.82
1006790,705243,5007,2021-03-12,Successful,658.44
1006791,703141,5029,2024-07-23,Successful,904.39
1006792,701585,5011,2025-03-26,Successful,1397.25
1006793,704677,5016,2023-08-07,Successful,723.96
1006794,705653,5008,2025-10-31,Successful,666.45
1006795,704096,5036,2023-05-16,Successful,1553.42
1006796,702175,5034,2022-12-27,Successful,1103.5
1006797,700651,5003,2021-08-26,Successful,1367.67
1006798,704984,5005,2025-07-18,Successful,
1006799,702246,5009,2024-04-11,Successful,2873.44
1006800,706172,5031,2022-07-11,Successful,538.47
1006801,703362,5035,2023-12-09,Successful,493.51
1006802,706108,5032,2023-12-16,Cancelled,611.43
1006803,702534,5016,2024-07-28,Successful,1017.81
1006804,702977,5015,2022-07-13,Complication,870.58
1006805,700433,5005,2024-08-20,Successful,890.25
1006806,706361,5006,2025-12-17,Successful,2917.27
1006807,706401,5020,2023-07-22,Successful,3231.14
1006808,705451,5009,2021-05-13,Complication,783.82
1006809,700917,5030,2023-01-05,Successful,1909.28
1006810,700369,5020,2024-07-02,Successful,1385.2
1006811,700423,5011,2021-02-01,Successful,268.95
1006812,702513,5035,2021-12-22,Successful,1336.22
1006813,700385,5036,2021-12-02,Successful,980.3
1006814,705114,5003,2023-02-17,Successful,720.45
1006815,702198,5036,2025-12-20,Successful,859.95
1006816,705715,5017,2021-07-31,Successful,1234.15
1006817,703109,5039,2025-10-10,Successful,2885.86
1006818,701343,5033,2025-12-15,Successful,597.42
1006819,704049,5021,2022-08-30,Successful,2464.45
1006820,704774,5040,2025-09-21,Successful,843.75
1006821,705576,5009,2023-11-15,Successful,2806.48
1006822,701442,5021,2021-12-05,Successful,1700.9
1006823,705028,5030,2025-12-14,Successful,1944.21
1006824,706199,5027,2021-09-05,Successful,1180.79
1006825,700596,5008,2021-09-09,Successful,536.91
1006826,704303,5021,2023-12-27,Successful,335.13
1006827,703582,5007,2021-01-31,Successful,382.77
1006828,705121,5002,2024-01-20,Successful,2314.41
1006829,704496,5008,2023-08-10,Successful,1612.3
1006830,703726,5009,2022-01-22,Complication,2328.69
1006831,703221,5029,2021-05-08,Successful,4426.73
1006832,705247,5006,2022-09-22,Complication,598.96
1006833,703161,5008,2023-09-15,Successful,572.29
1006834,706212,5007,2022-09-26,Successful,571.61
1006835,702895,5034,2024-07-05,Successful,813.37
1006836,706235,5034,2021-03-23,Successful,1261.39
1006837,704354,5024,2024-04-09,Successful,539.09
1006838,702230,5033,2022-10-22,Successful,1320.1
1006839,701501,5013,2024-03-25,Successful,487.61
1006840,700684,5030,2022-09-18,Successful,311.8
1006841,704012,5013,2025-09-03,Successful,701.38
1006842,704467,5033,2023-04-08,Successful,1717.95
1006843,705348,5026,2023-04-17,Successful,462.23
1006844,703632,5016,2025-06-30,Successful,961.34
1006845,706163,5015,2022-01-30,Successful,925.4
1006846,701107,5017,2022-08-30,Successful,1554.43
1006847,702875,5038,2023-06-22,Successful,570.38
1006848,703878,5032,2022-09-21,Successful,4796.64
1006849,703670,5013,2021-10-05,Complication,1385.31
1006850,700110,5034,2023-11-23,Successful,1205.38
1006851,700333,5040,2024-03-26,Successful,673.93
1006852,703445,5017,2025-02-16,Successful,998.02
1006853,702023,5015,2021-02-09,Successful,526.82
1006854,704480,5029,2024-01-05,Successful,1329.14
1006855,705087,5034,2022-07-07,Successful,1819.79
1006856,702409,5009,2023-02-24,Successful,1064.47
1006857,701722,5034,2021-01-01,Successful,1559.42
1006858,705754,5040,2022-01-01,Successful,579.31
1006859,700385,5028,2021-09-07,Successful,1097.0
1006860,703437,5013,2021-08-01,Successful,1714.21
1006861,701558,5021,2025-12-17,Cancelled,1033.52
1006862,701208,5038,2023-11-22,Successful,811.99
1006863,703617,5012,2022-07-17,Successful,409.13
1006864,705201,5036,2025-03-19,Successful,604.12
1006865,702320,5038,2023-02-10,Successful,2787.55
1006866,701065,5014,2025-04-24,Successful,866.45
1006867,702333,5020,2025-08-31,Successful,6641.15
1006868,702485,5030,2023-09-12,Successful,2343.68
1006869,706190,5006,2023-01-27,Complication,716.04
1006870,703712,5011,2025-07-27,Successful,178.71
1006871,704572,5031,2025-12-05,Successful,780.37
1006872,706464,5010,2021-10-01,Successful,516.91
1006873,706070,5027,2024-04-05,Successful,537.49
1006874,705545,5024,2025-08-03,Successful,652.96
1006875,701394,5031,2022-10-29,Successful,507.96
1006876,705429,5020,2023-04-07,Successful,337.03
1006877,703629,5027,2021-09-13,Successful,1864.06
1006878,701238,5008,2021-10-03,Successful,454.39
1006879,705572,5019,2021-04-08,Successful,1636.53
1006880,701905,5039,2023-05-27,Successful,2354.93
1006881,702669,5021,2023-07-17,Successful,687.19
1006882,706458,5001,2022-05-21,Successful,1930.53
1006883,702439,5008,2022-09-11,Successful,616.49
1006884,704821,5035,2022-08-04,Successful,784.57
1006885,704635,5025,2021-05-26,Successful,513.97
1006886,702010,5035,2024-12-13,Successful,629.3
1006887,702717,5012,2025-09-03,Successful,2128.58
1006888,700160,5006,2024-07-11,Complication,997.16
1006889,700731,5020,2022-08-09,Successful,910.59
1006890,705007,5020,2022-08-13,Successful,1396.34
1006891,700492,5035,2025-12-16,Successful,4297.92
1006892,705281,5001,2021-10-07,Successful,376.28
1006893,703293,5032,2021-10-04,Successful,3155.68
1006894,705268,5039,2022-04-30,Cancelled,841.58
1006895,700436,5037,2025-03-30,Cancelled,1059.46
1006896,704600,5025,2023-09-17,Successful,2127.95
1006897,702101,5006,2025-04-20,Complication,2573.89
1006898,702478,5035,2025-03-06,Successful,2373.33
1006899,700775,5010,2023-01-17,Successful,876.63
1006900,702728,5037,2022-10-30,Successful,1859.22
1006901,704008,5008,2023-05-05,Successful,2584.06
1006902,704153,5008,2023-07-15,Successful,1928.47
1006903,703890,5005,2025-01-14,Successful,1998.16
1006904,704799,5038,2025-01-01,Successful,2945.51
1006905,701573,5037,2024-12-13,Successful,516.23
1006906,704979,5040,2023-02-22,Successful,893.9
1006907,702638,5022,2023-08-02,Successful,344.08
1006908,706085,5028,2022-11-12,Cancelled,2267.92
1006909,703204,5032,2023-02-11,Complication,648.64
1006910,703676,5027,2023-09-19,Successful,1272.44
1006911,703874,5031,2022-05-16,Successful,2693.41
1006912,706297,5012,2021-12-11,Successful,1370.73
1006913,704112,5001,2021-08-26,Successful,596.13
1006914,703805,5007,2022-11-10,Successful,2562.1
1006915,704491,5035,2024-05-09,Complication,2369.35
1006916,701109,5020,2024-10-11,Successful,2567.77
1006917,704095,5025,2021-02-21,Successful,1749.47
1006918,700811,5039,2025-03-24,Cancelled,1033.65
1006919,700524,5022,2025-04-04,Successful,365.8
1006920,706220,5008,2023-08-06,Successful,222.41
1006921,701196,5009,2024-03-14,Successful,674.86
1006922,703839,5027,2024-03-13,Successful,1003.4
1006923,700384,5019,2023-02-06,Successful,652.51
1006924,700642,5014,2022-04-30,Successful,733.77
1006925,705850,5030,2022-05-10,Complication,2103.61
1006926,705276,5027,2025-10-10,Successful,4746.58
1006927,703102,5030,2021-02-07,Complication,882.85
1006928,704000,5018,2025-02-11,Successful,3807.98
1006929,704514,5038,2025-01-25,Successful,1307.08
1006930,701941,5026,2021-11-05,Successful,1616.42
1006931,705057,5038,2024-12-01,Successful,352.07
1006932,702325,5037,2023-06-28,Successful,832.28
1006933,705209,5035,2024-05-03,Successful,1276.95
1006934,704112,5002,2024-05-16,Cancelled,653.1
1006935,700300,5028,2025-11-04,Successful,725.55
1006936,700674,5002,2025-08-22,Successful,820.31
1006937,705863,5010,2025-06-24,Successful,1848.97
1006938,701434,5037,2025-08-07,Successful,2849.42
1006939,705978,5006,2023-08-31,Successful,2220.15
1006940,702454,5026,2025-08-28,Successful,286.9
1006941,700309,5026,2022-09-05,Successful,857.35
1006942,700537,5004,2022-07-27,Successful,797.56
1006943,701270,5031,2025-08-10,Successful,712.13
1006944,700403,5040,2025-10-12,Successful,953.15
1006945,703386,5009,2022-05-26,Successful,1110.44
1006946,703788,5018,2021-06-18,Complication,662.28
1006947,701466,5039,2022-05-24,Successful,304.87
1006948,703408,5033,2022-07-13,Successful,2709.39
1006949,702983,5013,2023-05-14,Successful,1642.55
1006950,702723,5040,2023-03-01,Successful,249.05
1006951,704496,5025,2022-05-07,Successful,1338.06
1006952,702050,5027,2022-07-03,Successful,220.9
1006953,704015,5036,2025-09-04,Successful,2965.64
1006954,700105,5027,2022-12-03,Successful,908.18
1006955,700089,5010,2021-02-13,Successful,1804.38
1006956,704336,5034,2023-12-21,Successful,315.71
1006957,703808,5008,2024-06-07,Successful,818.87
1006958,703525,5008,2023-07-01,Successful,896.13
1006959,702431,5008,2025-10-17,Successful,2208.05
1006960,700126,5033,2024-06-20,Successful,1558.44
1006961,704070,5038,2021-05-10,Successful,947.65
1006962,706375,5019,2024-06-22,Successful,1035.91
1006963,701049,5033,2022-11-01,Successful,5006.47
1006964,704223,5040,2021-06-13,Successful,1045.92
1006965,703121,5001,2021-02-05,Successful,646.91
1006966,705036,5028,2024-03-25,Successful,1127.53
1006967,701112,5006,2023-12-24,Successful,1714.23
1006968,706498,5039,2024-05-29,Successful,1787.37
1006969,706334,5021,2024-12-16,Successful,3102.0
1006970,701832,5015,2021-11-03,Successful,1451.47
1006971,705895,5019,2025-01-05,Successful,3874.85
1006972,703652,5026,2023-11-27,Successful,671.26
1006973,700820,5018,2024-07-21,Successful,1733.18
1006974,705620,5011,2022-12-04,Successful,1093.19
1006975,703289,5037,2022-02-04,Successful,396.83
1006976,703705,5027,2022-04-14,Successful,1089.7
1006977,701336,5012,2023-06-28,Successful,1074.02
1006978,702785,5019,2024-10-31,Successful,489.08
1006979,704678,5002,2021-11-08,Successful,766.29
1006980,703486,5001,2025-07-20,Successful,3704.07
1006981,700156,5007,2024-06-07,Successful,783.45
1006982,704555,5016,2024-01-02,Successful,574.59
1006983,700091,5014,2022-06-24,Successful,438.18
1006984,705762,5008,2022-07-23,Successful,218.85
1006985,704774,5033,2022-09-12,Successful,607.09
1006986,704574,5021,2023-10-15,Cancelled,989.66
1006987,704274,5025,2025-11-01,Successful,1262.7
1006988,700722,5032,2022-01-07,Successful,997.15
1006989,705637,5003,2024-11-05,Successful,2339.03
1006990,701956,5007,2021-02-11,Successful,2033.43
1006991,706091,5017,2025-02-01,Successful,1979.99
1006992,700537,5029,2021-04-27,Successful,1553.57
1006993,703471,5005,2023-12-25,Successful,4740.46
1006994,703086,5028,2022-08-25,Successful,2779.6
1006995,701760,5034,2021-06-15,Complication,1652.54
1006996,706052,5005,2023-06-09,Successful,522.33
1006997,700788,5023,2022-04-25,Successful,2241.76
1006998,700418,5011,2025-04-14,Successful,1978.51
1006999,705598,5012,2021-12-14,Successful,1209.97
1007000,706462,5028,2023-07-18,Successful,570.76
1007001,704141,5006,2023-01-02,Successful,3721.33
1007002,703382,5009,2025-06-14,Successful,548.44
1007003,705473,5011,2025-05-18,Successful,2097.8
1007004,703962,5012,2021-04-13,Successful,1471.29
1007005,702244,5029,2024-09-03,Successful,613.15
1007006,705128,5035,2024-05-22,Successful,742.58
1007007,703656,5014,2021-03-05,Successful,3093.64
1007008,706247,5037,2024-04-17,Successful,1694.5
1007009,705504,5034,2023-06-03,Successful,425.76
1007010,700883,5004,2022-06-10,Successful,841.74
1007011,704965,5010,2024-04-16,Successful,778.64
1007012,706442,5012,2023-01-24,Successful,2669.59
1007013,703077,5024,2024-12-26,Successful,1136.55
1007014,706190,5001,2025-09-14,Successful,1904.84
1007015,703975,5029,2025-03-22,Successful,1246.52
1007016,702439,5040,2025-11-15,Successful,492.96
1007017,701954,5039,2021-05-31,Successful,683.61
1007018,701400,5009,2025-11-05,Successful,1135.92
1007019,700514,5016,2024-04-02,Successful,2031.28
1007020,704226,5004,2024-10-27,Successful,2383.53
1007021,705765,5022,2024-01-18,Successful,550.44
1007022,700988,5014,2024-09-07,Successful,1709.16
1007023,705177,5038,2024-07-01,Successful,1623.17
1007024,702981,5027,2024-12-05,Successful,4207.69
1007025,706489,5021,2024-09-15,Successful,1467.16
1007026,705274,5026,2022-01-26,Successful,688.55
1007027,704265,5014,2025-10-11,Successful,639.22
1007028,704859,5006,2021-10-02,Complication,1033.24
1007029,702572,5036,2023-10-30,Successful,501.89
1007030,700118,5020,2023-05-01,Successful,1767.98
1007031,702071,5036,2025-07-12,Successful,1008.4
1007032,706468,5016,2025-06-15,Successful,1545.49
1007033,705322,5013,2024-09-14,Successful,688.08
1007034,702376,5022,2021-03-27,Successful,8429.54
1007035,701569,5035,2022-07-02,Successful,2776.87
1007036,702897,5030,2024-12-01,Successful,1166.53
1007037,700688,5012,2023-10-16,Complication,2698.92
1007038,703172,5013,2022-02-03,Successful,884.28
1007039,704986,5005,2021-07-17,Complication,1600.52
1007040,705520,5010,2024-05-26,Successful,822.55
1007041,705649,5028,2023-01-11,Complication,404.77
1007042,701529,5029,2021-09-06,Complication,1755.28
1007043,701256,5031,2025-03-14,Successful,388.01
1007044,701176,5035,2024-01-01,Successful,1023.06
1007045,701551,5004,2024-07-11,Successful,1260.2
1007046,702895,5012,2023-06-07,Successful,2538.92
1007047,705133,5009,2024-09-26,Successful,868.32
1007048,705369,5007,2025-03-19,Successful,1976.22
1007049,704260,5004,2024-10-18,Successful,1900.47
1007050,702121,5020,2025-09-14,Successful,1335.76
1007051,702286,5026,2025-01-11,Successful,532.8
1007052,705505,5011,2021-10-03,Successful,293.11
1007053,701358,5004,2025-12-11,Successful,1299.23
1007054,704908,5004,2022-02-24,Successful,5513.16
1007055,705409,5002,2021-02-26,Successful,3819.16
1007056,705803,5006,2023-04-07,Successful,1243.91
1007057,706331,5004,2023-09-27,Complication,1097.26
1007058,706476,5008,2023-05-17,Successful,1253.98
1007059,702748,5012,2023-07-30,Successful,4595.93
1007060,700809,5008,2021-03-20,Successful,726.69
1007061,701207,5018,2024-02-13,Successful,5531.74
1007062,703266,5020,2024-01-31,Successful,1170.82
1007063,704479,5036,2021-12-13,Successful,829.96
1007064,701493,5035,2021-01-16,Successful,143.55
1007065,705237,5031,2021-09-28,Successful,1404.0
1007066,703371,5036,2025-08-31,Successful,1883.31
1007067,705381,5011,2021-04-15,Successful,709.34
1007068,704286,5027,2022-11-17,Successful,1501.02
1007069,705232,5040,2024-06-28,Successful,967.5
1007070,705416,5001,2023-08-24,Complication,1303.68
1007071,706136,5010,2022-07-10,Successful,616.02
1007072,703782,5009,2024-07-31,Successful,1719.61
1007073,701180,5009,2024-10-25,Complication,582.23
1007074,703939,5002,2025-05-30,Successful,499.53
1007075,700091,5008,2025-02-08,Successful,1822.74
1007076,702228,5003,2024-09-11,Successful,345.41
1007077,703514,5022,2022-02-14,Successful,319.16
1007078,701109,5009,2021-12-06,Successful,439.73
1007079,702324,5026,2025-07-07,Successful,595.08
1007080,704832,5018,2021-05-11,Successful,2889.6
1007081,706409,5006,2024-02-04,Successful,2333.7
1007082,703850,5007,2024-11-22,Successful,1417.19
1007083,705909,5019,2025-04-23,Successful,975.75
1007084,701225,5004,2023-05-18,Successful,2141.41
1007085,705669,5006,2022-04-04,Successful,2739.43
1007086,704214,5010,2024-09-25,Successful,2308.95
1007087,705135,5040,2021-04-08,Successful,715.4
1007088,701994,5039,2022-06-17,Successful,2966.87
1007089,702299,5017,2025-11-11,Successful,3341.73
1007090,703012,5027,2023-10-31,Successful,880.76
1007091,700479,5023,2021-12-14,Successful,490.29
1007092,702281,5010,2021-06-03,Successful,1418.8
1007093,703166,5038,2024-01-08,Successful,740.36
1007094,701644,5010,2025-01-20,Complication,500.03
1007095,704375,5014,2025-05-19,Successful,1863.52
1007096,705608,5015,2025-12-21,Successful,193.43
1007097,702063,5035,2021-07-26,Successful,165.91
1007098,701030,5017,2024-10-26,Successful,1265.22
1007099,702891,5024,2024-05-31,Successful,95.93
1007100,704493,5005,2021-05-28,Successful,1977.57
1007101,701676,5010,2023-02-07,Successful,2487.88
1007102,700880,5017,2025-03-25,Successful,1108.0
1007103,703798,5028,2022-04-22,Cancelled,2179.05
1007104,701379,5040,2022-03-15,Successful,2273.53
1007105,705200,5028,2025-09-14,Successful,929.01
1007106,700317,5040,2022-07-17,Complication,495.61
1007107,704454,5031,2025-12-08,Successful,1713.25
1007108,701656,5001,2023-05-29,Successful,652.04
1007109,700957,5018,2023-04-10,Successful,2302.81
1007110,700821,5022,2024-05-14,Cancelled,2420.87
1007111,702646,5015,2025-04-23,Successful,259.9
1007112,704952,5030,2021-05-03,Successful,1235.99
1007113,704817,5040,2021-11-14,Successful,1423.74
1007114,705251,5019,2021-11-28,Successful,1338.16
1007115,706397,5032,2021-10-29,Successful,822.66
1007116,705105,5034,2024-05-24,Successful,455.49
1007117,700879,5030,2021-05-08,Successful,1559.78
1007118,702693,5024,2023-09-30,Successful,870.36
1007119,701737,5028,2024-04-01,Successful,1632.69
1007120,706316,5007,2021-12-29,Successful,256.32
1007121,702531,5026,2022-05-18,Successful,5492.69
1007122,702741,5032,2023-01-16,Successful,1453.14
1007123,702762,5031,2024-10-12,Successful,3015.24
1007124,705766,5034,2025-04-20,Complication,2215.65
1007125,700690,5022,2025-09-24,Successful,806.4
1007126,701440,5023,2023-01-24,Successful,168.02
1007127,704601,5037,2023-07-07,Successful,759.46
1007128,705774,5001,2022-11-30,Complication,202.84
1007129,701478,5021,2025-03-24,Successful,1263.64
1007130,701416,5016,2023-07-13,Successful,3706.33
1007131,700974,5023,2024-05-13,Successful,6501.57
1007132,700926,5023,2023-04-30,Successful,756.56
1007133,706171,5027,2021-01-05,Successful,2619.26
1007134,704429,5030,2021-05-12,Successful,817.15
1007135,700356,5037,2023-12-23,Successful,787.93
1007136,704820,5018,2023-07-05,Successful,649.3
1007137,700832,5005,2022-09-16,Successful,701.2
1007138,703726,5007,2021-04-15,Successful,1744.39
1007139,704853,5015,2024-10-16,Successful,1752.29
1007140,701694,5039,2023-03-19,Successful,724.57
1007141,701373,5030,2023-07-20,Successful,640.7
1007142,701813,5039,2025-09-25,Successful,1237.34
1007143,702152,5007,2025-10-13,Successful,1734.02
1007144,701560,5016,2022-04-14,Successful,2832.05
1007145,704544,5006,2021-05-24,Successful,288.46
1007146,702690,5012,2025-08-10,Successful,2456.5
1007147,702906,5007,2025-05-30,Successful,599.87
1007148,701030,5038,2021-11-26,Cancelled,612.17
1007149,705924,5001,2022-04-24,Successful,861.85
1007150,704448,5003,2025-07-10,Successful,525.5
1007151,701740,5009,2025-10-12,Successful,1388.94
1007152,701651,5014,2022-06-28,Successful,835.05
1007153,700484,5012,2025-03-30,Cancelled,1709.68
1007154,704137,5006,2025-05-10,Successful,1012.55
1007155,702473,5014,2024-10-19,Cancelled,3594.44
1007156,706124,5008,2025-05-19,Successful,823.03
1007157,705417,5033,2022-03-22,Successful,2594.61
1007158,703423,5013,2023-12-31,Successful,1268.39
1007159,705040,5031,2025-09-01,Successful,1006.44
1007160,703277,5001,2023-02-19,Successful,831.89
1007161,704129,5011,2023-04-24,Successful,485.85
1007162,702281,5039,2025-10-16,Cancelled,1180.02
1007163,702673,5031,2023-12-26,Successful,1068.66
1007164,701452,5036,2023-09-25,Successful,3167.38
1007165,700391,5022,2022-03-03,Successful,466.75
1007166,701552,5016,2021-03-07,Successful,2127.56
1007167,700848,5012,2021-08-26,Successful,1011.8
1007168,705861,5040,2024-12-03,Cancelled,2931.01
1007169,705805,5035,2024-11-23,Successful,224.11
1007170,706070,5003,2022-09-05,Successful,544.9
1007171,700511,5007,2024-06-15,Successful,870.83
1007172,702551,5032,2022-06-02,Successful,5265.02
1007173,700007,5010,2022-10-30,Successful,707.58
1007174,700233,5013,2025-01-11,Successful,380.63
1007175,700061,5015,2023-12-07,Successful,536.31
1007176,700924,5024,2024-08-10,Successful,1253.29
1007177,700434,5024,2022-01-14,Successful,3733.88
1007178,704082,5007,2023-09-26,Successful,1038.6
1007179,702854,5020,2022-02-24,Successful,2390.17
1007180,703335,5011,2024-08-17,Successful,1572.32
1007181,705045,5018,2022-10-17,Successful,7538.89
1007182,700626,5019,2025-11-28,Successful,1871.02
1007183,700912,5022,2024-02-14,Successful,1278.77
1007184,703450,5021,2025-12-11,Successful,1585.41
1007185,702164,5015,2025-07-13,Successful,757.28
1007186,701158,5020,2024-03-28,Successful,2124.4
1007187,703491,5002,2024-01-27,Successful,3987.73
1007188,700466,5030,2024-10-20,Cancelled,4939.37
1007189,705560,5026,2024-04-03,Successful,475.7
1007190,702388,5007,2021-12-30,Successful,1451.3
1007191,701818,5018,2021-09-30,Successful,2010.06
1007192,705817,5012,2022-07-08,Successful,1443.6
1007193,705383,5002,2021-09-09,Cancelled,1286.25
1007194,706139,5031,2022-01-25,Successful,408.39
1007195,703664,5034,2022-09-14,Successful,1199.18
1007196,705679,5014,2022-09-20,Successful,1071.81
1007197,704448,5021,2022-03-02,Successful,870.58
1007198,705394,5017,2022-05-12,Successful,588.42
1007199,701128,5009,2023-07-20,Cancelled,551.41
1007200,700601,5022,2022-09-16,Successful,1531.18
1007201,703478,5021,2021-01-28,Successful,559.43
1007202,700823,5011,2025-09-09,Successful,1741.16
1007203,700993,5033,2022-03-20,Successful,1084.1
1007204,702674,5023,2021-02-16,Successful,1457.69
1007205,703960,5023,2021-05-09,Successful,1592.75
1007206,706415,5035,2024-02-12,Successful,1558.29
1007207,705961,5027,2025-02-17,Successful,644.68
1007208,705708,5005,2024-12-14,Complication,2373.15
1007209,700699,5020,2024-08-30,Successful,1152.85
1007210,704092,5023,2021-06-09,Successful,542.84
1007211,702943,5005,2025-10-10,Successful,1617.28
1007212,703194,5024,2025-02-01,Successful,721.32
1007213,703308,5036,2024-10-24,Successful,920.15
1007214,702061,5029,2022-11-18,Complication,1842.88
1007215,705076,5016,2024-10-08,Successful,830.75
1007216,706451,5003,2025-09-30,Successful,1325.79
1007217,700193,5024,2023-07-30,Successful,1731.98
1007218,700490,5010,2024-02-06,Successful,336.73
1007219,705935,5022,2022-04-29,Successful,1151.75
1007220,701744,5016,2023-06-14,Successful,958.7
1007221,700946,5003,2025-05-02,Successful,716.14
1007222,700450,5006,2023-08-31,Successful,1007.53
1007223,705732,5036,2021-03-06,Successful,1921.81
1007224,701395,5032,2021-02-05,Successful,587.44
1007225,701251,5012,2024-04-13,Successful,689.1
1007226,705248,5038,2022-05-04,Successful,809.66
1007227,703702,5007,2025-09-22,Successful,2094.9
1007228,701961,5004,2025-01-03,Successful,564.27
1007229,704947,5014,2023-07-28,Successful,1841.49
1007230,702409,5003,2025-04-20,Successful,2088.68
1007231,701662,5018,2024-11-06,Successful,418.4
1007232,702690,5007,2024-02-18,Successful,1728.15
1007233,703584,5004,2025-07-05,Successful,1007.73
1007234,705824,5018,2025-04-29,Successful,4233.19
1007235,701427,5006,2021-11-05,Successful,1419.43
1007236,702756,5018,2022-05-18,Successful,699.72
1007237,703340,5025,2022-10-05,Successful,1422.2
1007238,705245,5015,2021-09-02,Successful,1110.35
1007239,705867,5011,2022-07-29,Successful,2916.83
1007240,705990,5023,2025-06-30,Successful,836.65
1007241,705599,5012,2022-05-29,Successful,1292.15
1007242,701342,5032,2023-03-07,Successful,236.67
1007243,704164,5037,2023-10-04,Successful,1573.73
1007244,704159,5014,2021-11-17,Complication,656.29
1007245,700998,5029,2023-03-28,Successful,2092.81
1007246,700513,5027,2024-03-15,Successful,1918.16
1007247,702450,5039,2022-09-08,Successful,2686.4
1007248,702912,5010,2023-10-03,Successful,2386.72
1007249,704668,5016,2024-05-10,Successful,878.01
1007250,701962,5002,2023-02-11,Successful,1244.92
1007251,706172,5012,2024-12-16,Successful,2004.1
1007252,705872,5002,2024-07-10,Successful,527.45
1007253,705678,5005,2023-08-17,Successful,663.03
1007254,702610,5036,2021-10-23,Successful,817.34
1007255,702499,5038,2021-05-05,Successful,1259.24
1007256,705844,5036,2021-12-15,Successful,1395.73
1007257,704173,5022,2025-10-02,Successful,526.88
1007258,702862,5029,2025-04-08,Successful,1253.95
1007259,704086,5021,2025-02-07,Successful,549.02
1007260,702965,5007,2025-08-24,Successful,2894.82
1007261,702517,5023,2025-12-01,Successful,702.97
1007262,702026,5016,2022-09-26,Successful,2576.58
1007263,702614,5023,2024-03-05,Successful,987.09
1007264,705313,5014,2025-11-27,Successful,1620.71
1007265,702009,5024,2021-11-04,Complication,2968.94
1007266,705351,5030,2024-05-07,Successful,5907.81
1007267,702223,5023,2022-11-10,Cancelled,643.38
1007268,704504,5033,2025-09-12,Successful,243.6
1007269,702163,5014,2023-08-14,Successful,4012.03
1007270,706224,5021,2022-10-29,Successful,1368.84
1007271,700314,5007,2023-12-08,Successful,1388.28
1007272,702578,5008,2023-11-15,Successful,1058.59
1007273,701621,5029,2023-11-03,Successful,4838.02
1007274,700593,5001,2022-01-17,Successful,3235.75
1007275,702522,5037,2025-02-23,Successful,442.6
1007276,704217,5014,2021-10-16,Successful,1781.37
1007277,703643,5028,2023-05-05,Successful,1867.05
1007278,705197,5032,2025-12-30,Successful,271.65
1007279,705953,5031,2023-10-02,Successful,2589.36
1007280,700041,5002,2024-12-14,Successful,1651.06
1007281,700185,5003,2021-08-25,Successful,2911.22
1007282,705722,5013,2022-02-17,Successful,550.55
1007283,700942,5008,2022-01-07,Successful,1095.66
1007284,701040,5031,2025-06-14,Successful,1872.43
1007285,705874,5011,2025-12-01,Successful,1040.84
1007286,700919,5038,2025-12-12,Successful,1839.72
1007287,705896,5024,2023-12-15,Successful,1772.19
1007288,705118,5013,2021-03-16,Cancelled,3901.55
1007289,704399,5010,2024-06-12,Successful,328.44
1007290,700756,5040,2024-04-14,Successful,196.04
1007291,700019,5026,2021-08-12,Successful,1158.86
1007292,702343,5026,2025-04-12,Complication,768.64
1007293,706358,5033,2023-01-06,Successful,1286.0
1007294,701073,5015,2021-02-10,Successful,334.31
1007295,705308,5024,2025-07-30,Successful,712.78
1007296,701030,5015,2024-11-04,Successful,291.06
1007297,701637,5033,2023-02-07,Successful,917.57
1007298,701944,5007,2023-12-18,Successful,1707.89
1007299,700477,5029,2022-04-06,Successful,1778.78
1007300,704568,5038,2021-01-31,Successful,1246.22
1007301,701193,5019,2024-09-20,Cancelled,871.02
1007302,702003,5019,2024-08-08,Successful,1795.03
1007303,700688,5029,2022-10-08,Successful,349.64
1007304,702151,5033,2022-08-29,Complication,2293.61
1007305,701596,5019,2023-01-03,Successful,230.56
1007306,702888,5013,2022-11-27,Successful,1010.92
1007307,700864,5019,2025-01-14,Successful,1131.16
1007308,702158,5037,2025-03-12,Successful,516.7
1007309,700709,5002,2025-06-30,Successful,583.92
1007310,701607,5031,2021-01-29,Successful,2540.87
1007311,704242,5037,2023-04-18,Complication,961.85
1007312,703507,5009,2022-07-01,Successful,741.41
1007313,701321,5014,2023-08-24,Successful,909.74
1007314,701631,5017,2023-03-15,Successful,435.05
1007315,706235,5002,2022-07-26,Successful,350.99
1007316,704025,5026,2025-04-17,Successful,6006.93
1007317,701412,5020,2024-10-26,Successful,7816.57
1007318,706126,5005,2023-07-01,Complication,956.78
1007319,704344,5036,2021-04-05,Successful,2205.96
1007320,702352,5006,2023-04-18,Complication,2697.94
1007321,702874,5017,2023-02-16,Successful,2241.48
1007322,706414,5020,2021-01-06,Successful,913.96
1007323,706186,5037,2025-06-03,Successful,2538.7
1007324,705191,5027,2022-04-18,Successful,1171.09
1007325,704771,5032,2025-01-10,Successful,1424.09
1007326,703602,5010,2024-10-24,Successful,479.49
1007327,703244,5020,2022-02-08,Successful,1122.96
1007328,702682,5001,2025-07-29,Successful,1892.79
1007329,703501,5001,2024-11-26,Successful,1479.74
1007330,702044,5007,2024-03-20,Cancelled,79.08
1007331,702150,5030,2023-02-08,Successful,906.0
1007332,705779,5024,2024-11-17,Successful,2950.3
1007333,700012,5040,2022-09-20,Successful,3092.77
1007334,706426,5019,2022-05-25,Successful,3711.22
1007335,704613,5033,2024-05-26,Successful,719.96
1007336,702513,5015,2023-05-08,Complication,2431.29
1007337,701660,5014,2025-07-24,Successful,410.99
1007338,702828,5025,2023-09-02,Successful,943.17
1007339,705717,5023,2023-12-15,Successful,687.9
1007340,704112,5025,2025-01-27,Successful,1920.64
1007341,700139,5037,2021-07-22,Successful,2020.05
1007342,703415,5008,2025-11-05,Successful,513.29
1007343,702045,5029,2022-11-23,Cancelled,1281.96
1007344,706155,5027,2023-04-09,Successful,3654.89
1007345,701016,5007,2022-01-07,Successful,418.83
1007346,703790,5037,2022-01-16,Successful,1053.02
1007347,705088,5010,2023-02-06,Successful,4263.87
1007348,705900,5016,2023-01-01,Successful,352.07
1007349,705676,5014,2021-12-21,Successful,1373.77
1007350,701379,5038,2021-04-13,Complication,498.64
1007351,705419,5021,2023-01-12,Complication,1097.04
1007352,704285,5031,2023-04-11,Successful,1039.14
1007353,704642,5005,2023-01-16,Successful,1763.53
1007354,704035,5010,2023-01-18,Successful,1387.15
1007355,703194,5034,2022-04-08,Successful,199.9
1007356,701583,5011,2021-05-21,Successful,803.01
1007357,701959,5014,2023-05-07,Successful,3029.16
1007358,705906,5029,2022-05-29,Complication,523.82
1007359,701557,5008,2025-10-20,Successful,499.55
1007360,703482,5011,2024-02-22,Successful,1517.0
1007361,705713,5012,2021-11-22,Successful,2975.41
1007362,702010,5001,2021-04-14,Successful,1182.05
1007363,702116,5025,2021-11-06,Successful,1216.75
1007364,706073,5006,2025-06-21,Successful,1046.17
1007365,705859,5013,2022-01-08,Successful,1931.25
1007366,703791,5026,2025-11-02,Successful,445.68
1007367,703191,5029,2023-11-27,Successful,496.41
1007368,706307,5027,2021-10-11,Successful,668.62
1007369,704377,5018,2021-12-18,Complication,3491.03
1007370,700776,5028,2022-03-10,Successful,991.54
1007371,703783,5019,2025-08-06,Successful,435.81
1007372,706172,5028,2024-09-25,Successful,757.88
1007373,703412,5003,2025-09-24,Successful,313.11
1007374,702930,5004,2021-01-28,Complication,368.46
1007375,704567,5023,2022-09-21,Cancelled,474.61
1007376,704196,5017,2023-08-06,Successful,883.93
1007377,703690,5037,2021-12-10,Successful,270.18
1007378,702633,5025,2023-03-22,Successful,956.11
1007379,705410,5037,2022-07-03,Successful,2281.87
1007380,701567,5004,2022-01-02,Successful,1205.72
1007381,700142,5008,2023-03-23,Complication,1658.91
1007382,700974,5010,2025-08-07,Successful,878.24
1007383,701077,5021,2024-07-28,Complication,608.85
1007384,704981,5023,2024-12-16,Successful,2763.94
1007385,705289,5033,2023-05-30,Successful,2632.48
1007386,702449,5026,2024-07-24,Complication,1140.54
1007387,702274,5011,2024-11-05,Successful,424.28
1007388,701582,5034,2021-01-16,Successful,566.4
1007389,703215,5012,2022-09-07,Successful,4300.07
1007390,700789,5029,2021-10-07,Successful,278.35
1007391,700876,5018,2024-01-03,Successful,1014.22
1007392,706400,5003,2024-04-02,Successful,921.43
1007393,705258,5027,2023-01-03,Successful,3628.69
1007394,702004,5003,2024-05-21,Successful,349.99
1007395,701994,5031,2023-01-20,Successful,1448.91
1007396,705004,5019,2022-07-07,Cancelled,1254.84
1007397,702204,5008,2022-07-05,Successful,810.49
1007398,702664,5026,2022-05-27,Successful,634.09
1007399,706245,5014,2025-09-23,Successful,453.86
1007400,704934,5025,2023-04-17,Successful,868.44
1007401,702361,5038,2024-03-24,Successful,525.35
1007402,704576,5003,2023-03-30,Successful,2185.9
1007403,700125,5005,2023-11-06,Complication,1217.86
1007404,703966,5015,2025-11-30,Successful,1051.78
1007405,702908,5001,2025-04-16,Successful,360.24
1007406,703812,5037,2021-08-12,Successful,2688.23
1007407,703731,5008,2021-07-31,Successful,695.02
1007408,703384,5034,2023-08-22,Successful,1168.42
1007409,701549,5025,2022-10-25,Successful,688.84
1007410,704676,5022,2021-07-21,Complication,334.71
1007411,702683,5033,2024-06-18,Successful,749.94
1007412,703756,5020,2024-09-26,Complication,2304.16
1007413,705888,5018,2022-06-14,Successful,1229.69
1007414,704262,5004,2025-01-09,Successful,866.62
1007415,704598,5037,2021-12-02,Successful,1599.99
1007416,705746,5033,2021-12-11,Successful,541.67
1007417,706401,5029,2021-11-13,Successful,230.15
1007418,702181,5030,2021-03-16,Successful,1211.41
1007419,701173,5026,2024-10-02,Successful,
1007420,701777,5004,2025-07-18,Successful,1710.13
1007421,705169,5037,2022-12-28,Successful,1363.84
1007422,704553,5030,2025-04-20,Successful,1929.16
1007423,706096,5036,2024-11-28,Successful,202.35
1007424,702120,5004,2023-08-20,Successful,884.65
1007425,705991,5036,2022-06-17,Complication,2963.62
1007426,705674,5024,2022-03-25,Successful,2632.4
1007427,704518,5037,2024-11-27,Cancelled,1278.62
1007428,705143,5020,2024-10-23,Successful,2309.4
1007429,702214,5021,2023-07-20,Successful,3053.22
1007430,703694,5008,2023-04-28,Successful,2200.2
1007431,704397,5029,2022-05-11,Successful,2227.34
1007432,704735,5014,2025-03-05,Successful,1905.89
1007433,701819,5027,2022-01-01,Successful,1106.43
1007434,701901,5017,2023-08-14,Successful,303.41
1007435,703699,5016,2024-06-02,Successful,1938.73
1007436,704015,5035,2021-05-03,Successful,376.58
1007437,701684,5030,2023-07-12,Successful,740.58
1007438,705729,5004,2021-11-18,Successful,167.04
1007439,702591,5029,2024-10-19,Successful,739.74
1007440,703532,5038,2023-02-22,Complication,2301.95
1007441,705013,5001,2024-06-18,Successful,2653.33
1007442,700753,5005,2022-03-25,Successful,688.38
1007443,703658,5027,2021-04-01,Successful,515.36
1007444,701472,5014,2023-10-17,Successful,2426.19
1007445,706301,5005,2024-07-06,Complication,1404.08
1007446,703196,5025,2023-10-07,Successful,467.62
1007447,702270,5007,2021-01-15,Successful,1740.01
1007448,705249,5013,2025-06-23,Complication,2982.96
1007449,702142,5015,2023-03-18,Successful,2404.84
1007450,704372,5012,2021-05-10,Successful,459.49
1007451,702816,5007,2023-01-12,Successful,417.81
1007452,703890,5035,2021-02-17,Successful,1818.7
1007453,700512,5039,2023-03-24,Complication,1229.82
1007454,702559,5016,2021-10-27,Successful,512.4
1007455,703222,5040,2021-03-04,Successful,624.82
1007456,702555,5014,2021-03-21,Cancelled,558.21
1007457,700821,5011,2021-03-08,Successful,329.56
1007458,700488,5006,2021-08-16,Successful,315.59
1007459,704385,5001,2021-03-08,Successful,1663.86
1007460,702507,5029,2024-08-27,Successful,1080.02
1007461,706167,5016,2023-11-04,Complication,971.11
1007462,703641,5026,2025-05-07,Successful,755.43
1007463,702873,5037,2025-01-07,Successful,759.48
1007464,704805,5005,2023-11-01,Complication,1421.07
1007465,703191,5019,2024-05-04,Successful,1657.91
1007466,702997,5033,2023-09-12,Successful,3421.04
1007467,704237,5008,2024-09-04,Successful,764.87
1007468,703849,5017,2021-02-11,Successful,1958.84
1007469,703435,5007,2025-11-23,Successful,1651.8
1007470,703622,5028,2023-01-02,Successful,1090.58
1007471,702873,5005,2025-05-23,Successful,3528.0
1007472,700888,5004,2024-03-06,Successful,2437.95
1007473,705760,5008,2021-12-16,Successful,1100.4
1007474,700085,5007,2025-06-05,Successful,1056.71
1007475,702347,5038,2025-08-02,Successful,2654.21
1007476,706475,5036,2022-04-10,Successful,378.3
1007477,701946,5029,2025-09-18,Successful,986.93
1007478,700056,5010,2022-01-04,Successful,1609.35
1007479,702751,5003,2025-06-03,Successful,736.55
1007480,703391,5040,2022-11-17,Successful,534.1
1007481,702755,5018,2023-06-30,Successful,624.53
1007482,702547,5003,2021-11-13,Successful,225.94
1007483,706168,5029,2023-03-17,Successful,299.1
1007484,704743,5039,2023-03-19,Successful,1020.34
1007485,700439,5003,2021-11-13,Successful,302.8
1007486,702260,5005,2021-04-12,Successful,1141.24
1007487,703157,5022,2021-01-17,Successful,375.88
1007488,705216,5019,2025-01-31,Successful,1160.76
1007489,705789,5023,2021-04-18,Successful,1331.69
1007490,700820,5020,2023-05-16,Successful,1087.77
1007491,703497,5009,2025-07-18,Successful,1470.28
1007492,705894,5037,2025-02-24,Successful,268.01
1007493,702976,5013,2023-09-08,Successful,2002.83
1007494,702450,5016,2025-10-31,Successful,708.71
1007495,705117,5031,2025-10-06,Successful,581.44
1007496,701573,5016,2021-10-10,Successful,1124.29
1007497,702763,5031,2025-10-11,Successful,362.91
1007498,705673,5015,2024-03-13,Successful,633.65
1007499,704292,5013,2023-11-23,Complication,880.87
1007500,705336,5020,2025-06-20,Successful,2785.14
1007501,700504,5034,2022-02-27,Successful,1369.79
1007502,704090,5038,2023-02-15,Complication,1088.04
1007503,704776,5004,2025-06-27,Successful,426.84
1007504,700630,5026,2022-07-03,Successful,2822.95
1007505,705453,5036,2023-05-21,Successful,1799.25
1007506,706391,5025,2025-07-18,Successful,2678.94
1007507,704614,5035,2024-08-17,Complication,2529.45
1007508,704561,5021,2021-09-16,Successful,1130.33
1007509,705787,5030,2025-11-12,Successful,1093.28
1007510,706473,5033,2023-06-07,Successful,316.77
1007511,704085,5021,2025-07-15,Successful,1163.19
1007512,701720,5038,2024-08-27,Successful,622.89
1007513,701570,5023,2022-01-11,Successful,1836.7
1007514,705591,5017,2022-03-20,Successful,1412.6
1007515,700822,5038,2023-03-14,Successful,385.29
1007516,702315,5028,2023-11-02,Successful,461.81
1007517,702485,5032,2025-04-13,Successful,1836.39
1007518,700608,5028,2025-12-10,Successful,485.57
1007519,704287,5031,2023-03-13,Successful,2378.25
1007520,700046,5027,2021-12-24,Successful,1125.01
1007521,702825,5033,2021-11-09,Successful,219.96
1007522,702517,5037,2023-10-31,Successful,1081.49
1007523,700078,5009,2021-04-07,Successful,3796.71
1007524,701299,5018,2021-05-29,Cancelled,396.19
1007525,705731,5022,2025-04-23,Successful,1078.65
1007526,705365,5012,2024-12-15,Successful,1974.88
1007527,702717,5015,2024-08-08,Successful,1591.91
1007528,700128,5005,2023-11-24,Successful,4328.06
1007529,701494,5008,2021-09-14,Successful,2582.75
1007530,703418,5008,2022-06-13,Successful,1741.34
1007531,705643,5035,2022-01-11,Successful,689.97
1007532,704682,5008,2021-10-03,Successful,2292.3
1007533,704087,5024,2023-10-01,Successful,466.47
1007534,704471,5013,2025-01-10,Successful,589.02
1007535,703667,5023,2022-01-30,Successful,522.09
1007536,700539,5021,2022-05-04,Successful,1215.46
1007537,701900,5035,2021-11-02,Successful,621.84
1007538,705376,5035,2021-07-11,Successful,1916.55
1007539,705990,5036,2023-05-20,Successful,686.46
1007540,705789,5011,2024-06-25,Successful,408.64
1007541,703646,5030,2021-11-03,Successful,1418.27
1007542,704198,5002,2025-11-20,Complication,314.19
1007543,705339,5003,2021-08-25,Successful,1180.04
1007544,705279,5039,2023-07-17,Successful,2405.96
1007545,701376,5006,2022-08-01,Successful,966.15
1007546,702451,5005,2025-02-07,Successful,742.17
1007547,702064,5031,2022-08-11,Successful,245.51
1007548,705292,5019,2024-02-29,Successful,1112.65
1007549,700066,5017,2024-05-17,Successful,331.26
1007550,702529,5029,2025-03-21,Successful,721.58
1007551,702428,5034,2024-04-17,Cancelled,783.92
1007552,705034,5025,2025-01-25,Successful,603.54
1007553,705131,5004,2021-07-28,Successful,1330.11
1007554,702267,5032,2021-03-07,Successful,636.33
1007555,704669,5032,2025-05-01,Complication,1355.4
1007556,701844,5029,2023-10-25,Successful,1428.69
1007557,701252,5021,2021-10-21,Successful,1664.47
1007558,700465,5034,2023-06-05,Successful,629.47
1007559,700815,5011,2023-03-03,Successful,562.48
1007560,701108,5009,2023-10-15,Successful,841.97
1007561,704522,5019,2025-10-26,Successful,2798.28
1007562,704225,5003,2025-07-09,Successful,1015.5
1007563,701298,5036,2023-10-21,Successful,656.89
1007564,700154,5019,2022-11-24,Successful,1747.13
1007565,701314,5029,2025-03-20,Successful,644.75
1007566,703921,5038,2024-11-19,Successful,4731.85
1007567,705509,5024,2024-05-01,Successful,1597.62
1007568,705515,5035,2022-09-07,Successful,480.16
1007569,700447,5038,2022-08-05,Successful,1062.79
1007570,706271,5035,2023-03-26,Successful,352.84
1007571,701424,5013,2025-01-28,Successful,1315.19
1007572,700591,5035,2022-05-08,Successful,582.48
1007573,705857,5027,2021-04-06,Successful,1531.74
1007574,705591,5011,2025-04-24,Complication,1273.58
1007575,703716,5025,2021-09-28,Complication,1453.53
1007576,704583,5026,2025-05-20,Complication,1460.65
1007577,705428,5015,2025-08-28,Successful,1231.88
1007578,701267,5014,2024-10-04,Successful,367.45
1007579,704830,5031,2025-01-14,Successful,1425.51
1007580,700154,5025,2025-03-09,Successful,2118.15
1007581,703022,5032,2021-08-22,Successful,922.53
1007582,706259,5012,2025-12-08,Successful,1387.18
1007583,705629,5009,2022-01-07,Complication,5004.11
1007584,700098,5003,2021-01-06,Successful,327.61
1007585,703597,5012,2023-05-01,Successful,256.0
1007586,704215,5021,2022-02-16,Successful,824.6
1007587,702110,5030,2025-07-16,Successful,1534.43
1007588,700753,5034,2024-03-14,Successful,616.67
1007589,701378,5002,2022-11-10,Successful,957.58
1007590,703424,5007,2023-04-06,Successful,764.69
1007591,704108,5038,2023-01-07,Successful,1264.57
1007592,704374,5035,2022-10-21,Complication,851.44
1007593,702898,5015,2021-08-24,Successful,970.26
1007594,702919,5018,2025-08-15,Successful,1289.49
1007595,701199,5003,2022-11-29,Successful,1977.01
1007596,702206,5037,2025-08-18,Successful,2231.49
1007597,700696,5001,2025-03-12,Successful,2959.91
1007598,705394,5031,2022-02-18,Successful,1580.57
1007599,704310,5002,2021-05-11,Successful,659.17
1007600,701090,5008,2025-05-11,Complication,933.49
1007601,706034,5010,2024-08-14,Cancelled,915.57
1007602,704449,5020,2023-05-11,Successful,3447.85
1007603,703013,5014,2025-09-24,Successful,792.74
1007604,700657,5029,2022-03-05,Successful,1682.06
1007605,700973,5018,2022-11-30,Successful,1428.76
1007606,706400,5040,2022-12-23,Complication,402.5
1007607,704970,5013,2023-12-20,Successful,164.21
1007608,705211,5038,2022-06-27,Successful,940.74
1007609,705837,5039,2023-11-10,Successful,496.16
1007610,700981,5029,2021-05-09,Successful,303.9
1007611,703165,5012,2024-03-04,Successful,1894.0
1007612,703778,5019,2025-05-05,Successful,1933.61
1007613,703856,5016,2022-08-27,Successful,2679.0
1007614,702180,5001,2024-02-22,Successful,2218.98
1007615,702573,5007,2023-03-26,Successful,739.76
1007616,706059,5031,2023-07-31,Complication,642.46
1007617,701262,5032,2024-01-23,Successful,248.41
1007618,701033,5016,2021-03-11,Successful,1949.01
1007619,702815,5018,2021-10-18,Successful,251.07
1007620,703555,5039,2024-09-26,Successful,713.85
1007621,705528,5040,2021-09-05,Successful,829.0
1007622,705969,5013,2023-01-01,Successful,514.94
1007623,700361,5012,2024-04-23,Complication,2640.0
1007624,703046,5040,2021-08-10,Successful,804.12
1007625,702478,5004,2021-02-04,Successful,1030.12
1007626,702742,5037,2021-12-30,Successful,1171.96
1007627,705876,5017,2024-02-23,Successful,3477.12
1007628,705273,5025,2024-01-20,Successful,2222.92
1007629,706332,5033,2021-04-13,Successful,260.35
1007630,706206,5011,2023-11-11,Successful,856.55
1007631,701382,5038,2021-06-06,Successful,703.63
1007632,701077,5031,2021-08-15,Complication,1351.7
1007633,700888,5007,2025-03-29,Successful,430.55
1007634,702144,5025,2023-12-10,Complication,222.27
1007635,706018,5025,2023-02-13,Successful,1268.71
1007636,700304,5007,2023-07-12,Successful,1410.94
1007637,703008,5009,2024-04-21,Successful,2602.73
1007638,702008,5035,2025-08-06,Successful,1855.05
1007639,705330,5039,2022-08-21,Successful,1080.91
1007640,703756,5010,2025-07-02,Cancelled,1229.03
1007641,700686,5002,2022-03-21,Successful,6674.8
1007642,704051,5028,2022-03-16,Successful,318.89
1007643,700110,5031,2022-08-16,Successful,1550.45
1007644,701117,5012,2025-08-19,Successful,2653.04
1007645,700764,5040,2025-04-29,Successful,1836.99
1007646,701300,5018,2022-02-06,Successful,763.85
1007647,700123,5038,2021-03-16,Complication,887.27
1007648,700464,5003,2023-09-27,Successful,464.51
1007649,702891,5028,2024-03-06,Successful,319.61
1007650,701246,5028,2025-09-27,Successful,3462.49
1007651,704273,5019,2021-04-30,Successful,5068.9
1007652,701987,5032,2023-08-01,Successful,1281.02
1007653,700684,5004,2022-09-30,Successful,290.47
1007654,706335,5022,2025-05-13,Successful,380.51
1007655,701624,5027,2021-09-15,Successful,387.79
1007656,701569,5033,2025-12-06,Successful,715.31
1007657,706362,5021,2023-11-23,Successful,2595.74
1007658,706071,5003,2021-10-22,Successful,1861.84
1007659,705222,5027,2025-07-06,Successful,1637.87
1007660,702459,5032,2022-01-27,Complication,1927.21
1007661,701389,5004,2022-03-31,Successful,7864.51
1007662,704486,5034,2021-06-06,Successful,436.37
1007663,701771,5005,2022-02-17,Successful,614.26
1007664,704224,5007,2024-04-05,Successful,648.67
1007665,706499,5025,2025-06-14,Successful,1730.13
1007666,701514,5040,2024-11-17,Successful,1412.21
1007667,703858,5030,2023-04-14,Successful,1316.47
1007668,705491,5033,2022-05-23,Successful,264.63
1007669,704315,5037,2023-03-09,Cancelled,1569.43
1007670,703578,5011,2021-12-19,Successful,600.12
1007671,706068,5008,2021-12-20,Successful,1900.11
1007672,704491,5012,2023-10-04,Complication,2636.5
1007673,705802,5016,2025-07-11,Cancelled,1111.51
1007674,706288,5001,2024-12-24,Successful,889.74
1007675,701769,5037,2021-09-08,Successful,887.24
1007676,703451,5036,2025-07-21,Successful,1311.19
1007677,700437,5031,2021-03-07,Successful,346.42
1007678,701056,5025,2024-10-25,Complication,1448.61
1007679,705936,5003,2023-02-17,Successful,1599.14
1007680,703465,5037,2022-01-15,Successful,564.13
1007681,704343,5032,2023-12-03,Complication,1197.31
1007682,702613,5029,2022-05-19,Successful,524.24
1007683,706296,5018,2024-07-27,Successful,285.25
1007684,704698,5036,2025-07-30,Complication,1049.15
1007685,704415,5025,2025-01-21,Successful,1050.76
1007686,702526,5012,2025-05-14,Successful,7108.22
1007687,703590,5026,2025-05-09,Cancelled,312.91
1007688,704809,5007,2024-06-13,Successful,1004.1
1007689,704618,5033,2024-07-08,Successful,882.32
1007690,700404,5022,2023-11-14,Successful,731.21
1007691,705182,5026,2025-08-30,Successful,3958.87
1007692,700234,5004,2021-03-30,Successful,2275.54
1007693,701353,5021,2023-03-28,Successful,743.86
1007694,704022,5032,2021-12-11,Successful,2373.45
1007695,701068,5036,2021-12-20,Complication,1664.07
1007696,701681,5010,2021-06-16,Successful,1060.16
1007697,700703,5016,2021-11-04,Cancelled,867.35
1007698,705356,5003,2025-02-22,Successful,2517.47
1007699,704161,5009,2024-09-15,Successful,3173.53
1007700,703272,5008,2021-10-20,Successful,401.07
1007701,701185,5020,2025-02-21,Successful,131.5
1007702,704280,5015,2021-05-13,Successful,495.93
1007703,706117,5016,2021-03-31,Successful,580.63
1007704,704493,5037,2022-10-28,Successful,1419.56
1007705,700412,5029,2024-08-12,Successful,420.2
1007706,703253,5026,2025-03-09,Complication,543.03
1007707,702849,5037,2023-12-18,Successful,999.92
1007708,706283,5036,2024-11-10,Successful,264.84
1007709,705842,5018,2025-03-20,Successful,1574.29
1007710,701025,5040,2024-04-23,Successful,1636.76
1007711,703696,5023,2021-05-01,Successful,749.66
1007712,700655,5005,2021-02-07,Complication,4279.91
1007713,704251,5038,2024-05-26,Successful,2173.42
1007714,704417,5030,2021-06-11,Successful,2165.26
1007715,706175,5009,2025-11-26,Successful,1754.45
1007716,704478,5022,2025-07-23,Successful,2102.84
1007717,700634,5027,2021-06-11,Successful,1850.29
1007718,701014,5030,2023-03-05,Successful,1402.25
1007719,703103,5033,2021-04-14,Cancelled,1583.12
1007720,706253,5009,2025-04-27,Successful,1009.51
1007721,702483,5007,2021-12-25,Successful,4388.28
1007722,706058,5029,2024-01-23,Successful,524.69
1007723,704052,5026,2021-03-16,Successful,1170.58
1007724,706177,5021,2021-02-12,Successful,1525.11
1007725,701538,5012,2023-02-08,Successful,2778.09
1007726,703091,5034,2025-10-08,Successful,1385.84
1007727,704464,5037,2022-05-13,Successful,991.65
1007728,704569,5021,2025-07-27,Successful,2669.15
1007729,701920,5001,2022-05-28,Successful,795.94
1007730,703887,5025,2024-10-03,Cancelled,1454.72
1007731,706087,5016,2025-07-01,Successful,1813.03
1007732,706432,5018,2021-09-29,Successful,5217.4
1007733,705496,5040,2023-11-12,Successful,638.05
1007734,705139,5009,2022-03-11,Successful,728.56
1007735,704806,5005,2024-07-13,Successful,1874.31
1007736,703302,5022,2025-04-20,Complication,1147.62
1007737,703160,5037,2022-02-13,Successful,1189.8
1007738,701720,5012,2025-10-30,Successful,610.39
1007739,702954,5032,2021-12-16,Successful,595.7
1007740,700846,5002,2025-04-15,Successful,1302.0
1007741,703080,5005,2023-04-18,Successful,895.98
1007742,705142,5026,2024-09-11,Successful,766.73
1007743,704035,5016,2021-09-28,Successful,7465.91
1007744,702167,5030,2022-10-14,Successful,1152.32
1007745,702113,5024,2022-05-27,Successful,534.93
1007746,700729,5016,2022-09-14,Complication,867.04
1007747,700189,5040,2025-01-17,Successful,889.04
1007748,700003,5023,2024-04-28,Successful,1560.72
1007749,704282,5020,2022-10-09,Successful,825.55
1007750,701190,5010,2022-05-10,Successful,2877.74
1007751,700210,5026,2023-08-29,Successful,1102.74
1007752,701722,5031,2022-03-16,Successful,859.82
1007753,706036,5024,2024-10-29,Successful,4141.42
1007754,704419,5029,2025-10-10,Successful,1593.36
1007755,702055,5025,2022-11-03,Complication,675.51
1007756,705869,5025,2025-03-30,Successful,607.51
1007757,701739,5020,2025-10-12,Successful,935.45
1007758,700111,5035,2022-07-21,Successful,1532.42
1007759,701340,5010,2022-01-29,Successful,2754.07
1007760,702374,5034,2022-02-04,Successful,1195.63
1007761,702031,5032,2022-01-21,Successful,1266.04
1007762,701634,5016,2021-05-09,Successful,2525.9
1007763,700193,5024,2024-03-11,Successful,2112.94
1007764,705743,5002,2023-06-10,Successful,554.34
1007765,703182,5010,2023-10-22,Successful,174.81
1007766,702991,5037,2023-07-08,Successful,1120.27
1007767,703791,5002,2025-08-17,Successful,1175.92
1007768,702161,5033,2025-11-02,Successful,5141.66
1007769,704952,5028,2024-02-13,Successful,821.92
1007770,702867,5013,2023-07-18,Successful,457.16
1007771,705974,5030,2021-07-24,Cancelled,648.35
1007772,704163,5025,2022-07-22,Cancelled,3633.37
1007773,704494,5016,2022-02-02,Successful,2561.61
1007774,705790,5009,2021-03-16,Cancelled,3791.87
1007775,703040,5038,2025-08-22,Successful,956.36
1007776,701840,5034,2024-01-25,Successful,1564.07
1007777,701166,5032,2021-11-02,Successful,1190.06
1007778,704962,5008,2025-03-27,Cancelled,770.92
1007779,702296,5039,2024-07-26,Successful,1274.95
1007780,701057,5021,2022-05-22,Successful,1688.06
1007781,704301,5037,2024-12-05,Successful,855.41
1007782,703976,5008,2022-07-22,Successful,1251.52
1007783,702004,5006,2021-07-06,Successful,220.58
1007784,701402,5022,2025-10-20,Complication,267.74
1007785,700705,5037,2025-04-13,Successful,784.46
1007786,705657,5006,2021-09-21,Successful,779.93
1007787,702026,5013,2024-03-21,Successful,1027.91
1007788,704961,5002,2023-06-07,Successful,2222.9
1007789,705440,5008,2024-11-18,Successful,1911.41
1007790,703380,5025,2023-10-06,Successful,1789.0
1007791,706039,5008,2021-02-12,Successful,1782.04
1007792,702966,5034,2021-11-07,Successful,1064.5
1007793,704682,5012,2022-12-27,Successful,1299.23
1007794,704770,5033,2023-05-11,Successful,1030.72
1007795,700476,5021,2024-10-21,Successful,1690.02
1007796,703658,5011,2021-12-10,Successful,2928.69
1007797,701762,5008,2024-05-22,Successful,444.99
1007798,706119,5006,2025-08-31,Successful,1239.1
1007799,700892,5010,2023-12-03,Complication,648.14
1007800,700406,5037,2024-04-08,Successful,2457.66
1007801,701174,5015,2023-03-18,Successful,263.5
1007802,703935,5022,2023-02-15,Successful,698.87
1007803,704181,5030,2025-03-09,Successful,3533.18
1007804,704361,5022,2024-06-13,Successful,1299.13
1007805,702589,5027,2022-01-09,Successful,3410.01
1007806,703008,5035,2025-01-14,Successful,737.18
1007807,701283,5033,2022-08-01,Successful,680.11
1007808,706014,5027,2024-11-29,Successful,2211.86
1007809,700608,5031,2024-01-23,Complication,745.01
1007810,703187,5019,2022-01-05,Successful,2841.87
1007811,700283,5031,2025-06-15,Successful,751.29
1007812,703786,5020,2023-12-27,Successful,2139.01
1007813,701089,5026,2021-06-23,Successful,876.39
1007814,701959,5036,2022-04-12,Complication,1963.57
1007815,705407,5010,2021-02-27,Successful,619.66
1007816,705565,5003,2023-11-09,Successful,1103.34
1007817,703596,5025,2022-10-06,Complication,580.14
1007818,703830,5018,2025-01-03,Complication,3152.56
1007819,700410,5022,2021-01-26,Successful,423.88
1007820,701874,5039,2023-06-23,Successful,1421.14
1007821,701811,5023,2022-02-26,Successful,550.2
1007822,702882,5038,2024-02-13,Successful,859.29
1007823,703228,5035,2024-02-19,Successful,3180.15
1007824,701684,5008,2023-07-19,Successful,459.86
1007825,701665,5016,2024-08-14,Successful,1135.15
1007826,705418,5025,2022-06-06,Successful,1176.93
1007827,704673,5018,2021-09-21,Successful,6736.33
1007828,702101,5026,2021-05-29,Successful,556.86
1007829,705257,5030,2024-02-29,Successful,1005.52
1007830,706000,5008,2025-03-19,Successful,1373.3
1007831,703976,5006,2023-03-30,Successful,1785.11
1007832,701049,5012,2021-06-21,Successful,925.36
1007833,700268,5007,2021-11-23,Successful,5297.01
1007834,701407,5017,2022-05-28,Successful,4177.36
1007835,701272,5039,2024-12-14,Successful,564.64
1007836,705691,5029,2023-08-19,Successful,882.43
1007837,703718,5008,2025-07-01,Successful,1131.06
1007838,701521,5023,2021-08-19,Successful,1897.11
1007839,704957,5034,2023-08-13,Complication,489.59
1007840,700223,5037,2023-02-10,Complication,7492.65
1007841,705515,5002,2024-05-14,Successful,2192.08
1007842,704915,5023,2025-12-06,Successful,615.85
1007843,702990,5037,2021-12-05,Successful,1017.6
1007844,703802,5015,2023-09-28,Successful,815.85
1007845,703986,5033,2022-03-30,Successful,635.27
1007846,700545,5036,2023-04-01,Successful,1646.19
1007847,704642,5040,2021-01-30,Successful,1541.14
1007848,706123,5030,2021-01-26,Successful,1060.98
1007849,704333,5008,2025-07-16,Successful,4073.31
1007850,701064,5032,2022-07-07,Successful,1853.18
1007851,703760,5001,2021-11-26,Successful,1332.06
1007852,706163,5031,2025-11-22,Successful,1342.64
1007853,706082,5001,2023-06-09,Successful,762.55
1007854,703958,5040,2022-11-28,Complication,2172.82
1007855,705557,5007,2025-02-13,Successful,2795.47
1007856,703563,5026,2021-04-15,Successful,816.02
1007857,705641,5019,2025-05-15,Complication,755.78
1007858,706289,5003,2024-06-07,Successful,3024.84
1007859,704455,5007,2023-08-04,Successful,4575.44
1007860,705074,5014,2024-01-02,Successful,522.68
1007861,704428,5034,2022-08-27,Successful,2665.55
1007862,705746,5023,2025-04-30,Successful,1740.74
1007863,702855,5034,2025-02-25,Successful,3546.36
1007864,705862,5010,2024-05-01,Successful,591.54
1007865,700584,5024,2021-09-11,Successful,4708.9
1007866,700185,5017,2023-02-14,Complication,1269.79
1007867,703536,5037,2022-07-04,Successful,520.95
1007868,702893,5018,2023-10-16,Successful,685.27
1007869,703943,5016,2023-11-26,Successful,1690.2
1007870,705867,5031,2021-06-09,Successful,2584.02
1007871,701672,5028,2025-03-14,Successful,165.73
1007872,704473,5023,2023-05-29,Successful,937.59
1007873,705040,5024,2024-05-11,Successful,506.11
1007874,700415,5007,2023-06-11,Successful,2638.62
1007875,703749,5009,2022-02-14,Successful,4112.53
1007876,700358,5020,2024-10-21,Complication,2535.64
1007877,703901,5003,2023-03-13,Successful,1762.71
1007878,700555,5007,2022-09-28,Successful,323.16
1007879,703593,5009,2022-12-01,Successful,143.07
1007880,703948,5030,2023-08-10,Successful,865.45
1007881,700229,5027,2025-02-02,Successful,1942.82
1007882,702535,5039,2023-05-05,Successful,1797.48
1007883,705038,5037,2025-12-09,Successful,247.43
1007884,700281,5017,2024-01-21,Successful,401.34
1007885,702497,5033,2021-08-18,Successful,1316.85
1007886,705679,5014,2025-04-11,Successful,1312.28
1007887,701603,5006,2022-11-30,Complication,1813.54
1007888,703659,5010,2021-11-03,Successful,1637.83
1007889,702443,5032,2023-04-12,Successful,918.45
1007890,702777,5026,2024-01-04,Cancelled,814.3
1007891,705179,5040,2025-02-27,Successful,782.91
1007892,701765,5040,2023-08-13,Successful,722.12
1007893,704785,5020,2022-02-06,Successful,243.32
1007894,705206,5013,2022-12-06,Successful,1402.64
1007895,700889,5029,2025-05-20,Successful,891.26
1007896,705296,5034,2021-01-24,Successful,1024.87
1007897,704189,5036,2022-04-24,Successful,2967.93
1007898,700179,5003,2025-09-19,Complication,494.24
1007899,705822,5040,2021-07-19,Successful,3578.67
1007900,705338,5036,2021-11-04,Successful,824.21
1007901,700731,5027,2025-04-21,Successful,1091.98
1007902,704301,5040,2025-04-14,Cancelled,652.76
1007903,706485,5035,2025-01-14,Successful,1000.38
1007904,705681,5033,2025-02-09,Complication,1081.88
1007905,702612,5022,2024-08-08,Successful,1849.99
1007906,704033,5007,2025-12-21,Successful,795.03
1007907,701291,5015,2024-01-20,Successful,587.77
1007908,705730,5024,2024-01-05,Successful,2679.37
1007909,701159,5010,2022-02-19,Successful,3153.25
1007910,703138,5017,2022-01-21,Successful,969.03
1007911,703080,5026,2022-11-05,Successful,540.51
1007912,700477,5009,2023-08-09,Cancelled,354.16
1007913,705057,5020,2023-04-01,Successful,3029.03
1007914,705731,5033,2023-06-15,Successful,1333.06
1007915,702824,5032,2025-07-06,Successful,3324.82
1007916,700158,5036,2025-11-20,Successful,1468.7
1007917,701684,5005,2023-02-13,Complication,900.72
1007918,703696,5033,2021-12-02,Successful,4586.24
1007919,700900,5005,2022-07-01,Complication,1126.13
1007920,701691,5027,2025-03-08,Complication,447.95
1007921,704327,5013,2023-07-01,Successful,4207.97
1007922,705248,5025,2021-12-08,Complication,503.68
1007923,700009,5007,2024-05-02,Successful,466.64
1007924,700632,5037,2022-02-13,Successful,1040.72
1007925,706271,5010,2021-02-09,Successful,520.26
1007926,701689,5009,2024-05-01,Successful,1002.61
1007927,704314,5021,2022-05-01,Successful,1263.79
1007928,703335,5038,2024-02-26,Successful,809.16
1007929,704128,5038,2024-06-07,Successful,1560.34
1007930,700789,5014,2022-11-04,Successful,858.24
1007931,703165,5034,2025-08-18,Successful,571.22
1007932,706377,5017,2023-11-05,Successful,521.67
1007933,702891,5023,2023-03-08,Successful,3988.52
1007934,706390,5018,2021-09-21,Successful,690.77
1007935,703071,5004,2023-01-14,Successful,717.35
1007936,703143,5035,2025-07-05,Successful,2521.38
1007937,706320,5028,2023-04-03,Successful,2823.51
1007938,702617,5005,2023-08-15,Successful,572.16
1007939,703490,5009,2022-06-20,Successful,1704.85
1007940,705402,5018,2024-04-03,Successful,835.87
1007941,702041,5039,2022-12-31,Successful,3344.74
1007942,704553,5029,2022-05-05,Successful,425.4
1007943,704517,5011,2023-05-15,Successful,476.24
1007944,700437,5012,2022-05-13,Successful,382.28
1007945,705806,5031,2025-07-30,Complication,541.26
1007946,700456,5027,2021-05-22,Successful,2275.1
1007947,701880,5031,2022-06-18,Successful,1946.79
1007948,706253,5014,2024-12-13,Successful,1578.06
1007949,702980,5005,2024-04-13,Cancelled,415.48
1007950,703263,5015,2024-09-25,Successful,2830.96
1007951,703625,5006,2021-11-05,Successful,1454.31
1007952,700754,5037,2024-10-18,Successful,1420.98
1007953,702520,5025,2024-11-07,Successful,3141.36
1007954,705965,5031,2024-04-23,Successful,1142.59
1007955,704276,5022,2021-03-03,Successful,455.69
1007956,705352,5018,2023-01-27,Cancelled,936.85
1007957,701754,5012,2021-09-18,Successful,371.44
1007958,702430,5037,2025-09-22,Successful,1574.48
1007959,703120,5014,2025-09-05,Successful,267.6
1007960,703531,5029,2023-12-22,Successful,2905.03
1007961,706245,5004,2022-05-16,Successful,1069.68
1007962,705301,5018,2025-03-23,Successful,1033.27
1007963,700613,5028,2023-09-09,Successful,1674.71
1007964,705727,5023,2021-03-04,Successful,1594.98
1007965,703957,5024,2025-03-22,Successful,1231.25
1007966,704469,5032,2024-08-29,Successful,1355.62
1007967,701121,5014,2021-12-19,Successful,824.49
1007968,703663,5026,2023-05-09,Successful,521.31
1007969,701934,5009,2022-09-15,Complication,1516.12
1007970,703528,5039,2024-02-22,Successful,2050.29
1007971,702220,5030,2023-03-15,Successful,1866.11
1007972,700747,5031,2022-02-04,Successful,645.05
1007973,704480,5027,2024-05-23,Successful,150.67
1007974,705960,5033,2022-02-02,Successful,601.06
1007975,701992,5040,2025-04-09,Successful,335.78
1007976,704090,5001,2021-02-20,Complication,825.76
1007977,701000,5012,2023-12-26,Successful,1803.15
1007978,703074,5020,2023-01-29,Successful,422.63
1007979,704321,5015,2025-10-19,Cancelled,1710.73
1007980,703056,5023,2023-09-13,Successful,6721.58
1007981,703876,5022,2025-04-14,Successful,1199.45
1007982,701893,5009,2025-07-08,Successful,884.22
1007983,703903,5021,2023-05-31,Successful,1912.26
1007984,704835,5037,2022-01-06,Successful,580.82
1007985,700169,5036,2021-08-10,Successful,1223.83
1007986,704319,5026,2021-01-22,Successful,1887.49
1007987,706260,5022,2024-09-27,Successful,953.08
1007988,702421,5006,2024-01-23,Successful,1542.88
1007989,701524,5013,2021-09-22,Successful,392.03
1007990,701271,5008,2023-07-12,Complication,934.63
1007991,701774,5012,2022-01-09,Successful,868.3
1007992,704384,5024,2024-02-21,Complication,343.05
1007993,703255,5020,2022-06-14,Successful,1325.04
1007994,704003,5023,2024-09-20,Successful,653.27
1007995,703567,5022,2021-07-28,Successful,957.08
1007996,701214,5040,2024-05-23,Successful,1287.94
1007997,704604,5023,2024-04-03,Complication,5741.7
1007998,702697,5027,2022-04-11,Complication,2378.93
1007999,702801,5027,2022-04-27,Successful,1580.31
1008000,703171,5033,2024-09-02,Successful,601.12
1008001,700771,5008,2025-12-28,Successful,777.88
1008002,700151,5021,2021-07-16,Successful,2579.43
1008003,700686,5035,2022-06-28,Successful,437.96
1008004,704677,5021,2025-12-20,Successful,1860.87
1008005,700016,5010,2021-12-29,Successful,2081.78
1008006,700196,5004,2021-12-03,Successful,1012.08
1008007,700614,5034,2025-09-10,Successful,415.59
1008008,705858,5017,2025-04-18,Successful,1039.65
1008009,702898,5032,2023-06-05,Successful,515.85
1008010,702009,5002,2025-04-07,Successful,890.58
1008011,706061,5001,2021-02-27,Successful,2982.63
1008012,705628,5030,2022-04-07,Successful,1904.34
1008013,704530,5025,2022-10-25,Successful,756.93
1008014,704936,5036,2024-03-25,Successful,606.51
1008015,701295,5007,2023-06-15,Successful,811.49
1008016,700608,5014,2024-08-04,Successful,1333.31
1008017,705072,5003,2021-10-17,Successful,755.46
1008018,705365,5023,2022-09-11,Complication,3244.63
1008019,703977,5016,2023-06-02,Successful,494.94
1008020,704640,5033,2023-07-19,Successful,501.9
1008021,701463,5012,2021-06-20,Successful,262.43
1008022,703914,5005,2023-05-20,Successful,410.4
1008023,702519,5032,2024-06-20,Successful,1615.68
1008024,700623,5018,2023-03-29,Successful,4081.82
1008025,704780,5028,2022-10-14,Successful,1039.1
1008026,700004,5001,2024-10-05,Successful,1371.97
1008027,703544,5011,2025-01-22,Successful,1910.58
1008028,701085,5035,2025-11-01,Complication,5775.37
1008029,703267,5040,2025-11-05,Successful,886.73
1008030,705582,5036,2022-07-14,Successful,3847.33
1008031,700942,5032,2023-05-28,Successful,2356.27
1008032,704572,5035,2023-10-11,Successful,492.84
1008033,700002,5018,2023-03-10,Complication,1142.11
1008034,706248,5011,2022-11-07,Successful,1886.24
1008035,706467,5025,2025-11-29,Successful,1438.71
1008036,705982,5012,2021-02-18,Successful,711.65
1008037,703215,5006,2025-12-11,Cancelled,548.37
1008038,700963,5030,2022-07-06,Successful,399.25
1008039,706066,5007,2022-05-20,Successful,2520.64
1008040,702094,5033,2025-06-07,Successful,1894.03
1008041,702071,5022,2025-07-30,Successful,3795.5
1008042,705693,5014,2023-02-03,Successful,860.3
1008043,703344,5033,2021-07-27,Successful,1373.87
1008044,702057,5031,2021-03-29,Successful,271.22
1008045,705689,5015,2021-09-30,Successful,420.73
1008046,706128,5022,2022-12-31,Cancelled,1499.86
1008047,705579,5017,2022-04-02,Successful,472.77
1008048,704237,5039,2022-03-27,Complication,790.89
1008049,701605,5024,2021-11-24,Successful,1414.29
1008050,704440,5010,2021-04-20,Successful,371.94
1008051,702110,5025,2022-03-25,Successful,1876.48
1008052,703617,5031,2023-10-14,Successful,1588.58
1008053,702750,5003,2022-12-08,Cancelled,1258.15
1008054,702490,5029,2021-01-01,Successful,836.03
1008055,704814,5017,2021-11-07,Successful,795.15
1008056,700173,5029,2022-11-27,Successful,639.12
1008057,702541,5009,2022-06-25,Successful,354.83
1008058,701927,5028,2022-07-06,Complication,1411.75
1008059,702429,5018,2025-09-24,Successful,1290.65
1008060,703279,5011,2021-12-18,Successful,1228.96
1008061,700150,5013,2023-02-26,Successful,1949.53
1008062,703129,5026,2024-04-16,Successful,742.44
1008063,703086,5008,2022-07-02,Successful,2131.4
1008064,701176,5016,2021-10-14,Successful,527.72
1008065,701205,5006,2023-07-02,Successful,1358.18
1008066,705713,5020,2022-03-17,Successful,667.51
1008067,704820,5040,2021-11-21,Successful,3841.57
1008068,703765,5005,2021-06-12,Successful,1007.7
1008069,701749,5009,2024-04-18,Successful,664.0
1008070,706442,5015,2022-01-12,Successful,4360.7
1008071,704020,5008,2024-05-02,Successful,2724.02
1008072,701858,5006,2022-03-27,Successful,2055.49
1008073,700746,5002,2024-02-05,Successful,4339.06
1008074,705738,5024,2022-07-09,Successful,2774.19
1008075,704633,5031,2024-12-23,Complication,1491.35
1008076,702970,5008,2024-01-27,Successful,733.73
1008077,703687,5026,2025-08-27,Successful,1552.92
1008078,706115,5023,2022-07-22,Successful,518.01
1008079,700708,5025,2021-06-29,Successful,1195.37
1008080,701303,5030,2025-02-25,Complication,1686.98
1008081,704797,5003,2025-03-13,Successful,301.34
1008082,705499,5010,2025-06-02,Successful,1079.26
1008083,703775,5009,2021-10-17,Successful,2196.19
1008084,704020,5003,2021-06-01,Successful,2823.78
1008085,705432,5031,2022-04-18,Successful,502.85
1008086,702079,5029,2025-11-27,Successful,583.77
1008087,702249,5008,2024-03-13,Complication,1477.92
1008088,701127,5038,2024-07-27,Successful,729.02
1008089,703337,5014,2025-09-02,Successful,1407.11
1008090,702969,5003,2021-07-04,Successful,1079.16
1008091,706101,5035,2022-06-09,Successful,2168.78
1008092,700768,5011,2024-07-10,Successful,114.95
1008093,704369,5013,2021-03-29,Successful,681.64
1008094,701323,5022,2023-10-22,Complication,1750.09
1008095,704626,5027,2024-12-10,Successful,1548.76
1008096,702008,5035,2024-11-27,Successful,595.05
1008097,703878,5001,2024-12-21,Successful,770.37
1008098,704096,5028,2022-06-26,Successful,926.17
1008099,700459,5018,2022-03-03,Successful,215.99
1008100,701287,5008,2022-03-29,Successful,332.97
1008101,701016,5033,2023-01-29,Complication,4131.59
1008102,701166,5004,2025-10-05,Successful,1632.76
1008103,700548,5016,2021-10-08,Successful,7556.78
1008104,706099,5016,2023-05-14,Successful,2334.39
1008105,704974,5023,2025-03-02,Successful,2039.57
1008106,703040,5008,2022-06-27,Successful,1944.44
1008107,700711,5006,2021-05-22,Successful,931.28
1008108,703576,5037,2025-12-22,Successful,999.43
1008109,703547,5011,2021-02-22,Successful,1665.83
1008110,705669,5004,2025-12-02,Successful,884.48
1008111,700599,5039,2022-01-03,Successful,1282.17
1008112,706454,5029,2023-06-29,Successful,911.13
1008113,704268,5002,2025-07-15,Successful,1164.21
1008114,700611,5020,2023-08-30,Successful,342.22
1008115,702288,5030,2022-05-04,Complication,1851.65
1008116,703622,5001,2021-10-22,Successful,1487.02
1008117,701211,5026,2024-08-05,Successful,339.91
1008118,703609,5017,2022-01-31,Successful,2441.5
1008119,701221,5022,2022-12-17,Successful,1796.17
1008120,704945,5032,2024-11-03,Successful,911.04
1008121,703837,5022,2023-02-05,Successful,4901.11
1008122,704888,5022,2021-07-04,Successful,1376.31
1008123,700879,5030,2022-12-04,Successful,83.38
1008124,704633,5034,2022-12-27,Complication,2722.44
1008125,701037,5026,2023-10-17,Successful,688.38
1008126,705216,5029,2023-07-11,Successful,2269.26
1008127,703371,5040,2022-06-10,Successful,1701.76
1008128,706139,5001,2024-06-28,Complication,1826.29
1008129,700446,5016,2024-03-27,Complication,1204.0
1008130,704695,5022,2024-02-06,Successful,1022.14
1008131,703786,5017,2024-06-01,Successful,3382.34
1008132,701289,5025,2025-11-10,Successful,1018.8
1008133,705859,5004,2021-05-24,Successful,337.51
1008134,700145,5028,2023-03-15,Cancelled,658.61
1008135,700345,5013,2021-08-24,Successful,367.09
1008136,705284,5035,2022-01-13,Successful,2910.57
1008137,700769,5022,2022-01-29,Successful,2468.65
1008138,701023,5040,2022-06-25,Successful,1101.97
1008139,700346,5039,2025-03-18,Successful,925.87
1008140,703158,5039,2021-11-10,Successful,2228.35
1008141,702534,5026,2023-07-21,Successful,1017.56
1008142,703322,5037,2021-06-17,Successful,372.56
1008143,703628,5018,2024-02-01,Successful,1055.84
1008144,702300,5027,2025-10-13,Successful,1053.93
1008145,703788,5039,2022-11-09,Successful,619.67
1008146,701834,5008,2025-06-10,Successful,1525.99
1008147,706068,5021,2022-08-07,Successful,671.22
1008148,702147,5011,2022-04-17,Successful,1122.62
1008149,700685,5018,2021-01-08,Successful,2846.75
1008150,704573,5032,2025-07-29,Successful,2902.81
1008151,700397,5039,2022-09-23,Successful,1549.39
1008152,702050,5037,2021-05-27,Complication,967.38
1008153,704374,5030,2022-08-28,Cancelled,2050.78
1008154,701087,5011,2025-06-11,Successful,1964.17
1008155,704226,5005,2024-05-15,Successful,720.86
1008156,704547,5018,2025-09-19,Successful,914.24
1008157,700669,5029,2021-12-19,Successful,898.66
1008158,705073,5034,2022-09-28,Successful,1176.24
1008159,704813,5007,2023-12-29,Successful,1567.92
1008160,700791,5040,2025-03-10,Successful,1467.47
1008161,702370,5011,2022-09-17,Successful,624.73
1008162,702841,5010,2022-05-11,Successful,1037.86
1008163,703998,5030,2023-11-23,Successful,1743.38
1008164,704551,5033,2024-09-13,Successful,1563.43
1008165,700389,5007,2022-04-03,Successful,168.54
1008166,704518,5002,2024-04-23,Successful,915.47
1008167,703289,5008,2022-03-12,Successful,646.77
1008168,705122,5014,2023-11-04,Successful,1841.22
1008169,705835,5040,2025-12-05,Successful,1486.3
1008170,706336,5013,2024-01-05,Complication,1199.71
1008171,705557,5034,2022-10-19,Successful,242.36
1008172,703056,5018,2023-05-25,Successful,5059.97
1008173,706339,5017,2022-10-12,Successful,1900.09
1008174,702189,5014,2022-03-16,Successful,4324.92
1008175,701684,5025,2023-09-11,Successful,323.31
1008176,705481,5003,2022-06-26,Successful,2847.96
1008177,702648,5008,2025-08-27,Successful,1660.7
1008178,706338,5004,2023-10-04,Successful,1615.42
1008179,701147,5018,2021-12-28,Successful,983.86
1008180,705083,5011,2022-02-10,Successful,595.19
1008181,701306,5022,2024-10-15,Successful,507.75
1008182,700867,5025,2021-02-10,Successful,2391.21
1008183,702072,5010,2021-01-01,Successful,872.15
1008184,705741,5012,2022-09-11,Successful,3790.37
1008185,702319,5036,2025-09-01,Successful,1183.81
1008186,700335,5006,2023-04-27,Successful,1039.16
1008187,700664,5036,2025-02-23,Cancelled,2883.56
1008188,705931,5013,2023-12-20,Successful,2892.63
1008189,702049,5012,2022-06-23,Successful,733.62
1008190,700529,5035,2025-10-29,Successful,2661.29
1008191,701585,5006,2025-01-17,Successful,2446.75
1008192,705655,5039,2021-02-15,Successful,988.13
1008193,703684,5015,2022-01-15,Complication,532.92
1008194,704716,5021,2024-02-09,Successful,1117.11
1008195,702387,5008,2021-03-09,Successful,638.49
1008196,702419,5014,2021-03-10,Successful,3532.21
1008197,706174,5010,2022-03-02,Successful,2073.73
1008198,701319,5037,2024-03-18,Successful,
1008199,704879,5023,2021-06-23,Successful,855.57
1008200,702057,5025,2023-10-04,Cancelled,735.18
1008201,704076,5023,2025-10-20,Successful,422.0
1008202,700146,5004,2021-02-03,Successful,1876.78
1008203,702773,5003,2022-11-25,Successful,1883.03
1008204,703612,5016,2023-05-27,Successful,1577.82
1008205,703057,5007,2021-12-16,Successful,1145.42
1008206,703905,5007,2022-05-24,Complication,658.04
1008207,701102,5022,2022-02-19,Successful,2228.58
1008208,704615,5026,2023-01-18,Successful,974.82
1008209,705457,5038,2025-06-06,Successful,1054.71
1008210,703210,5017,2021-04-06,Successful,312.11
1008211,704976,5008,2025-06-25,Successful,1341.64
1008212,701647,5015,2025-12-01,Complication,310.95
1008213,704557,5014,2021-09-29,Cancelled,555.49
1008214,702706,5020,2023-09-24,Successful,1640.32
1008215,700900,5025,2024-12-09,Successful,2028.4
1008216,701552,5026,2025-01-04,Cancelled,4648.25
1008217,700823,5001,2021-02-01,Successful,1614.76
1008218,700433,5015,2024-05-24,Successful,566.31
1008219,706374,5022,2021-09-30,Successful,578.03
1008220,705118,5023,2024-05-10,Successful,501.47
1008221,703445,5007,2022-01-24,Successful,851.57
1008222,704040,5005,2023-05-25,Cancelled,1080.71
1008223,703836,5011,2024-05-07,Cancelled,3554.46
1008224,702093,5037,2022-12-21,Successful,537.45
1008225,706011,5013,2023-04-13,Complication,339.59
1008226,700140,5035,2024-12-18,Successful,2070.92
1008227,705439,5006,2023-07-07,Successful,354.13
1008228,700291,5010,2023-04-17,Successful,5769.46
1008229,702843,5035,2024-02-19,Successful,676.81
1008230,705248,5015,2022-11-10,Successful,487.55
1008231,705376,5038,2021-03-06,Successful,1657.58
1008232,700446,5023,2021-12-10,Successful,1893.32
1008233,700574,5029,2025-06-18,Complication,2692.31
1008234,705403,5019,2023-11-16,Successful,596.73
1008235,703762,5033,2022-09-20,Successful,1191.15
1008236,703651,5006,2025-11-08,Successful,1641.02
1008237,703809,5020,2025-04-16,Complication,426.56
1008238,703281,5018,2024-08-07,Cancelled,773.91
1008239,703807,5038,2021-11-21,Successful,1090.15
1008240,702739,5035,2024-12-15,Cancelled,1990.6
1008241,704512,5020,2023-06-16,Successful,1584.63
1008242,700913,5016,2025-03-22,Successful,262.15
1008243,705770,5014,2021-06-21,Successful,1024.94
1008244,702767,5014,2022-08-15,Cancelled,3109.94
1008245,703590,5034,2025-12-21,Cancelled,1156.53
1008246,701992,5007,2025-01-17,Successful,2743.83
1008247,700636,5009,2021-06-23,Successful,1144.25
1008248,703358,5040,2024-10-30,Successful,5023.78
1008249,700844,5011,2021-01-08,Complication,2496.43
1008250,706495,5021,2022-08-25,Successful,1580.58
1008251,704189,5013,2025-02-25,Successful,1516.84
1008252,704857,5019,2025-02-03,Successful,2075.74
1008253,705930,5009,2023-01-20,Cancelled,600.38
1008254,704068,5006,2021-06-02,Successful,429.38
1008255,702556,5015,2021-06-29,Successful,557.63
1008256,703215,5040,2025-08-05,Successful,5692.05
1008257,701979,5016,2021-10-07,Successful,1834.6
1008258,701162,5008,2023-06-15,Successful,904.53
1008259,700383,5013,2025-04-08,Successful,366.98
1008260,702696,5040,2021-07-28,Successful,621.81
1008261,702738,5024,2024-03-22,Successful,970.73
1008262,704176,5034,2021-07-18,Successful,1623.66
1008263,705995,5030,2024-07-03,Complication,6052.24
1008264,706146,5011,2025-03-06,Complication,447.3
1008265,705031,5001,2025-09-14,Successful,570.53
1008266,700363,5012,2024-06-25,Successful,973.45
1008267,705276,5026,2025-08-04,Successful,873.61
1008268,705452,5035,2024-01-13,Successful,1854.5
1008269,702546,5040,2025-11-29,Successful,807.2
1008270,703181,5011,2024-07-11,Successful,498.07
1008271,704901,5004,2024-05-02,Successful,3218.34
1008272,701131,5023,2025-04-09,Successful,1409.54
1008273,701936,5040,2024-05-02,Successful,679.56
1008274,706012,5016,2021-01-11,Successful,198.36
1008275,700519,5003,2025-11-27,Complication,661.65
1008276,701658,5020,2025-03-20,Successful,3077.52
1008277,704402,5028,2025-01-16,Cancelled,458.92
1008278,702978,5001,2024-04-05,Successful,969.87
1008279,701511,5019,2022-09-10,Successful,2490.07
1008280,701175,5004,2025-03-02,Successful,1894.3
1008281,703054,5018,2021-07-06,Successful,966.63
1008282,703280,5033,2024-12-18,Successful,1985.79
1008283,700778,5008,2021-11-03,Successful,768.32
1008284,701317,5016,2025-03-27,Complication,145.59
1008285,702821,5003,2025-11-04,Successful,651.37
1008286,702051,5020,2025-07-08,Successful,1816.1
1008287,703969,5006,2023-05-03,Successful,696.02
1008288,703494,5038,2024-10-04,Successful,651.13
1008289,705619,5014,2024-04-22,Successful,1285.76
1008290,704104,5037,2021-09-20,Successful,2106.43
1008291,700575,5012,2021-12-05,Complication,1022.67
1008292,702958,5013,2024-02-24,Cancelled,325.0
1008293,702218,5025,2025-08-21,Successful,1372.28
1008294,705134,5029,2025-06-17,Successful,1802.06
1008295,702661,5004,2023-05-22,Cancelled,1397.16
1008296,703649,5040,2024-10-16,Successful,4114.13
1008297,703811,5022,2022-02-07,Successful,822.65
1008298,700299,5028,2023-04-04,Successful,760.35
1008299,705896,5014,2023-07-15,Cancelled,1438.91
1008300,703976,5009,2022-02-01,Successful,600.64
1008301,705620,5005,2024-01-04,Successful,415.11
1008302,701949,5005,2022-11-27,Successful,354.92
1008303,704552,5028,2021-11-26,Complication,4733.66
1008304,702882,5018,2022-04-29,Complication,3382.84
1008305,701255,5030,2024-06-20,Successful,1132.98
1008306,706084,5008,2025-12-27,Successful,643.91
1008307,703242,5010,2025-09-26,Successful,1253.85
1008308,704278,5021,2025-04-20,Successful,1367.24
1008309,700446,5009,2021-06-26,Successful,2244.26
1008310,702662,5034,2025-03-31,Successful,565.65
1008311,705789,5025,2025-08-02,Successful,1781.28
1008312,702038,5011,2025-01-14,Successful,979.54
1008313,702304,5035,2023-02-19,Successful,756.56
1008314,700149,5038,2021-05-29,Successful,2017.88
1008315,704324,5014,2024-05-12,Successful,2855.78
1008316,704521,5007,2023-06-27,Successful,237.15
1008317,703612,5031,2021-08-18,Successful,896.46
1008318,705189,5032,2024-10-28,Successful,420.18
1008319,700059,5005,2025-12-10,Successful,984.53
1008320,701002,5026,2023-02-20,Successful,275.32
1008321,701722,5039,2021-05-31,Successful,815.81
1008322,702548,5037,2025-03-29,Successful,5396.22
1008323,700306,5004,2023-07-03,Successful,2147.75
1008324,701544,5008,2023-08-30,Successful,5550.67
1008325,700870,5013,2025-01-02,Successful,2336.53
1008326,702371,5003,2024-03-25,Successful,280.76
1008327,703187,5009,2025-08-07,Successful,7466.16
1008328,700659,5039,2025-05-01,Successful,250.66
1008329,705475,5019,2022-12-13,Successful,1414.04
1008330,706150,5010,2022-08-17,Successful,2957.81
1008331,701548,5038,2022-03-02,Successful,795.64
1008332,700375,5038,2022-10-21,Successful,1767.44
1008333,701205,5016,2021-05-08,Successful,1163.36
1008334,706230,5008,2025-10-10,Complication,2858.95
1008335,701381,5026,2023-02-27,Successful,931.56
1008336,704493,5031,2025-02-27,Successful,674.39
1008337,700977,5026,2025-08-07,Successful,4486.95
1008338,700700,5004,2024-06-10,Successful,300.26
1008339,702681,5019,2025-10-04,Successful,1144.64
1008340,702144,5031,2021-01-06,Successful,1448.64
1008341,705568,5036,2023-12-08,Successful,806.9
1008342,702622,5018,2021-08-04,Successful,261.77
1008343,706410,5007,2021-04-10,Successful,7672.12
1008344,706253,5013,2023-01-14,Successful,620.77
1008345,702833,5029,2025-02-09,Successful,1121.2
1008346,706313,5019,2025-02-18,Successful,745.62
1008347,704305,5034,2022-09-09,Successful,1213.5
1008348,704891,5030,2022-06-10,Successful,926.41
1008349,703088,5013,2021-03-23,Successful,1848.97
1008350,704920,5006,2023-12-18,Successful,2484.01
1008351,701478,5040,2025-07-27,Successful,541.39
1008352,700457,5018,2024-10-20,Successful,685.62
1008353,700170,5003,2023-03-06,Successful,
1008354,701498,5007,2022-05-11,Successful,1640.3
1008355,702530,5023,2021-02-21,Successful,1193.05
1008356,705487,5009,2022-03-13,Complication,1769.31
1008357,702520,5034,2021-04-03,Successful,1382.27
1008358,700714,5022,2021-02-10,Successful,2989.34
1008359,701284,5026,2021-01-24,Successful,1432.36
1008360,705175,5006,2025-06-14,Successful,2109.12
1008361,703739,5009,2024-04-19,Successful,11278.27
1008362,706332,5015,2023-02-13,Successful,1383.01
1008363,705958,5005,2025-09-26,Successful,1086.43
1008364,705930,5026,2025-11-27,Successful,769.9
1008365,705672,5014,2023-06-28,Successful,1646.99
1008366,700724,5035,2024-06-09,Successful,1340.93
1008367,703199,5018,2023-01-25,Successful,1685.79
1008368,703081,5005,2022-01-06,Successful,1153.94
1008369,704845,5032,2023-06-27,Complication,2389.67
1008370,705330,5013,2024-12-20,Successful,1196.38
1008371,703688,5031,2021-02-11,Successful,1115.3
1008372,703539,5013,2021-12-13,Successful,1559.96
1008373,704145,5002,2021-02-27,Complication,555.19
1008374,700202,5021,2025-07-29,Successful,453.9
1008375,700160,5026,2025-12-26,Successful,1208.31
1008376,702589,5011,2023-12-15,Successful,1352.77
1008377,706231,5033,2024-03-20,Cancelled,2540.92
1008378,700136,5018,2021-02-09,Successful,4664.96
1008379,705447,5007,2022-09-08,Successful,1654.54
1008380,704005,5001,2024-05-05,Successful,1200.51
1008381,701255,5008,2022-03-09,Successful,1199.4
1008382,706043,5014,2024-05-09,Successful,635.53
1008383,703805,5028,2024-03-10,Successful,3117.24
1008384,700689,5014,2021-03-15,Successful,2424.11
1008385,700901,5034,2022-04-25,Successful,902.04
1008386,701314,5013,2023-11-05,Successful,403.54
1008387,703888,5001,2022-03-21,Successful,375.32
1008388,701848,5003,2024-01-12,Successful,636.28
1008389,703020,5034,2021-01-05,Successful,4477.78
1008390,700538,5015,2025-03-14,Successful,1229.09
1008391,704434,5025,2021-08-31,Successful,966.28
1008392,702141,5006,2023-11-14,Successful,1350.32
1008393,705955,5023,2022-03-07,Successful,2781.02
1008394,701953,5006,2024-01-13,Successful,1641.15
1008395,703519,5040,2023-03-12,Successful,2816.28
1008396,704604,5004,2023-09-22,Successful,500.84
1008397,702915,5010,2025-05-30,Successful,368.67
1008398,701126,5038,2025-07-08,Successful,1337.21
1008399,706194,5022,2021-12-01,Successful,743.84
1008400,703702,5039,2023-04-25,Successful,2683.64
1008401,702236,5025,2021-06-17,Successful,943.06
1008402,706103,5039,2024-11-20,Cancelled,255.49
1008403,704026,5007,2024-05-22,Complication,1896.48
1008404,704068,5028,2021-01-14,Successful,1756.94
1008405,700024,5003,2024-01-28,Successful,270.15
1008406,705563,5022,2025-10-14,Successful,1207.59
1008407,706117,5002,2024-11-05,Successful,497.78
1008408,706452,5002,2024-01-28,Successful,486.48
1008409,702840,5038,2022-02-05,Successful,2391.42
1008410,701556,5005,2024-03-26,Successful,1309.68
1008411,701410,5005,2025-06-02,Successful,834.3
1008412,702224,5035,2024-08-14,Successful,484.97
1008413,701847,5021,2022-03-26,Successful,714.98
1008414,704552,5025,2022-02-15,Successful,723.9
1008415,702548,5028,2022-10-11,Successful,1274.53
1008416,700854,5014,2024-05-07,Complication,820.62
1008417,705390,5016,2022-01-12,Successful,850.13
1008418,706016,5028,2024-04-17,Successful,2445.19
1008419,704761,5029,2023-01-22,Successful,1349.59
1008420,700339,5036,2025-05-26,Successful,1003.71
1008421,705834,5023,2024-11-13,Successful,143.48
1008422,700043,5010,2023-12-08,Successful,4643.69
1008423,700355,5028,2021-07-21,Successful,1097.91
1008424,701543,5001,2024-03-21,Successful,1326.71
1008425,705273,5039,2025-07-17,Successful,1238.98
1008426,706307,5006,2025-02-26,Successful,1813.58
1008427,704843,5011,2025-04-24,Successful,589.99
1008428,701202,5039,2022-11-07,Successful,2391.49
1008429,705032,5005,2021-05-26,Cancelled,679.03
1008430,702946,5023,2024-06-12,Successful,541.59
1008431,702513,5023,2025-10-01,Successful,1535.96
1008432,700166,5013,2025-06-09,Successful,1308.93
1008433,700518,5028,2025-10-25,Successful,1609.12
1008434,704665,5039,2024-10-19,Successful,1313.74
1008435,705392,5006,2024-09-29,Successful,1045.58
1008436,702805,5026,2024-07-30,Successful,1927.57
1008437,702573,5006,2025-01-29,Complication,547.76
1008438,703558,5032,2025-06-12,Complication,1187.97
1008439,703193,5011,2021-08-30,Successful,563.09
1008440,706080,5040,2024-06-09,Successful,458.56
1008441,705535,5004,2025-02-07,Successful,1675.95
1008442,705842,5020,2022-05-09,Successful,3462.12
1008443,704451,5027,2024-05-07,Complication,665.53
1008444,705077,5017,2022-06-18,Successful,528.87
1008445,705456,5037,2025-04-06,Successful,757.91
1008446,703339,5032,2024-07-13,Successful,1244.98
1008447,705550,5001,2025-11-09,Successful,2553.49
1008448,700370,5024,2022-05-11,Successful,2867.29
1008449,706066,5012,2025-10-27,Successful,612.64
1008450,701951,5011,2023-08-28,Successful,1672.19
1008451,701923,5013,2021-01-21,Successful,4025.68
1008452,700208,5033,2022-10-15,Successful,571.29
1008453,700404,5014,2024-03-22,Successful,1465.42
1008454,704065,5035,2022-05-22,Successful,168.49
1008455,705096,5018,2023-07-25,Complication,1077.32
1008456,701526,5011,2021-02-16,Successful,1066.26
1008457,701027,5010,2024-06-03,Successful,4333.18
1008458,704408,5018,2022-08-14,Successful,1083.99
1008459,702742,5016,2021-08-24,Successful,401.72
1008460,703103,5030,2021-01-02,Successful,688.19
1008461,705577,5007,2023-05-18,Successful,1002.19
1008462,700045,5037,2023-11-27,Successful,4518.94
1008463,706264,5010,2024-11-21,Complication,2604.93
1008464,700170,5038,2024-10-17,Complication,1509.81
1008465,703321,5030,2024-07-28,Successful,1132.46
1008466,702775,5008,2022-09-24,Successful,5522.96
1008467,703691,5018,2023-05-29,Successful,3309.88
1008468,700678,5002,2023-11-11,Successful,1701.93
1008469,706091,5026,2022-12-22,Successful,467.13
1008470,706302,5036,2021-06-24,Successful,2729.74
1008471,703336,5035,2024-12-16,Successful,918.12
1008472,700478,5025,2024-01-17,Successful,667.43
1008473,701508,5015,2022-03-31,Successful,537.86
1008474,702856,5025,2024-03-16,Successful,1977.72
1008475,706460,5036,2021-05-19,Successful,600.94
1008476,700124,5002,2022-06-17,Successful,699.51
1008477,703402,5036,2025-03-21,Complication,934.97
1008478,702375,5010,2021-01-16,Successful,2699.54
1008479,703174,5021,2025-04-24,Successful,292.31
1008480,700010,5040,2023-12-14,Successful,5624.9
1008481,701639,5007,2021-03-05,Successful,
1008482,700345,5002,2025-06-10,Successful,4653.67
1008483,701288,5034,2024-08-20,Successful,1421.66
1008484,705172,5014,2023-01-25,Successful,1387.6
1008485,704241,5024,2022-03-13,Successful,763.47
1008486,706173,5028,2024-10-18,Successful,376.08
1008487,703531,5026,2024-02-09,Successful,359.06
1008488,701403,5002,2023-10-19,Cancelled,2801.34
1008489,705666,5032,2024-05-31,Successful,1077.02
1008490,705879,5029,2021-05-24,Successful,1743.31
1008491,702405,5020,2021-12-28,Complication,1649.0
1008492,704236,5007,2024-04-07,Successful,449.74
1008493,702262,5039,2024-11-23,Successful,2257.53
1008494,705652,5001,2021-12-16,Successful,1242.0
1008495,703732,5003,2025-07-30,Successful,2941.52
1008496,706281,5014,2021-10-21,Successful,1202.75
1008497,705311,5009,2023-01-11,Successful,1073.76
1008498,702496,5001,2024-03-19,Successful,939.98
1008499,704761,5035,2024-01-07,Successful,1710.76
1008500,703719,5030,2024-04-29,Successful,1567.09
